"id";"pesid";"data_inversa";"dia_semana";"horario";"uf";"br";"km";"municipio";"causa_principal";"causa_acidente";"ordem_tipo_acidente";"tipo_acidente";"classificacao_acidente";"fase_dia";"sentido_via";"condicao_metereologica";"tipo_pista";"tracado_via";"uso_solo";"id_veiculo";"tipo_veiculo";"marca";"ano_fabricacao_veiculo";"tipo_envolvido";"estado_fisico";"idade";"sexo";"ilesos";"feridos_leves";"feridos_graves";"mortos";"latitude";"longitude";"regional";"delegacia";"uop"
742379;1662517;2025-12-29;"segunda-feira";"14:38:00";"ES";101;262;"SERRA";"Sim";"Condutor desrespeitou a ilumina��o vermelha do sem�foro";1;"Colis�o transversal";"Com V�timas Feridas";"Pleno dia";"Crescente";"C�u Claro";"Dupla";"Retorno Regulamentado;Reta";"N�o";1325653;"Motocicleta";"HONDA/CG 125 FAN KS/CG 125 FAN KS";2010;"Condutor";"Les�es Leves";34;"Masculino";0;1;0;0;-20,159438;-40,276222;"SPRF-ES";"DEL02-ES";"UOP01-DEL02-ES"
742380;1662506;2025-12-29;"segunda-feira";"14:30:00";"PR";376;4,7;"MANDAGUARI";"Sim";"Condutor deixou de manter dist�ncia do ve�culo da frente";3;"Queda de ocupante de ve�culo";"Com V�timas Feridas";"Pleno dia";"Decrescente";"C�u Claro";"Simples";"Interse��o de Vias";"Sim";1325643;"Motocicleta";"HONDA/NXR150 BROS ES/NXR150 BROS ES";2006;"Condutor";"Les�es Leves";69;"Masculino";0;1;0;0;-23,52137308;-51,67956797;"SPRF-PR";"DEL09-PR";"UOP01-DEL09-PR"
742380;1662546;2025-12-29;"segunda-feira";"14:30:00";"PR";376;4,7;"MANDAGUARI";"Sim";"Condutor deixou de manter dist�ncia do ve�culo da frente";3;"Queda de ocupante de ve�culo";"Com V�timas Feridas";"Pleno dia";"Decrescente";"C�u Claro";"Simples";"Interse��o de Vias";"Sim";1325640;"Autom�vel";"FIAT/PALIO/PALIO";0;"Condutor";"N�o Informado";NA;"N�o Informado";0;0;0;0;-23,52137308;-51,67956797;"SPRF-PR";"DEL09-PR";"UOP01-DEL09-PR"
742380;1662506;2025-12-29;"segunda-feira";"14:30:00";"PR";376;4,7;"MANDAGUARI";"Sim";"Condutor deixou de manter dist�ncia do ve�culo da frente";2;"Tombamento";"Com V�timas Feridas";"Pleno dia";"Decrescente";"C�u Claro";"Simples";"Interse��o de Vias";"Sim";1325643;"Motocicleta";"HONDA/NXR150 BROS ES/NXR150 BROS ES";2006;"Condutor";"Les�es Leves";69;"Masculino";0;1;0;0;-23,52137308;-51,67956797;"SPRF-PR";"DEL09-PR";"UOP01-DEL09-PR"
742380;1662546;2025-12-29;"segunda-feira";"14:30:00";"PR";376;4,7;"MANDAGUARI";"Sim";"Condutor deixou de manter dist�ncia do ve�culo da frente";2;"Tombamento";"Com V�timas Feridas";"Pleno dia";"Decrescente";"C�u Claro";"Simples";"Interse��o de Vias";"Sim";1325640;"Autom�vel";"FIAT/PALIO/PALIO";0;"Condutor";"N�o Informado";NA;"N�o Informado";0;0;0;0;-23,52137308;-51,67956797;"SPRF-PR";"DEL09-PR";"UOP01-DEL09-PR"
742380;1662506;2025-12-29;"segunda-feira";"14:30:00";"PR";376;4,7;"MANDAGUARI";"Sim";"Condutor deixou de manter dist�ncia do ve�culo da frente";1;"Colis�o traseira";"Com V�timas Feridas";"Pleno dia";"Decrescente";"C�u Claro";"Simples";"Interse��o de Vias";"Sim";1325643;"Motocicleta";"HONDA/NXR150 BROS ES/NXR150 BROS ES";2006;"Condutor";"Les�es Leves";69;"Masculino";0;1;0;0;-23,52137308;-51,67956797;"SPRF-PR";"DEL09-PR";"UOP01-DEL09-PR"
742380;1662546;2025-12-29;"segunda-feira";"14:30:00";"PR";376;4,7;"MANDAGUARI";"Sim";"Condutor deixou de manter dist�ncia do ve�culo da frente";1;"Colis�o traseira";"Com V�timas Feridas";"Pleno dia";"Decrescente";"C�u Claro";"Simples";"Interse��o de Vias";"Sim";1325640;"Autom�vel";"FIAT/PALIO/PALIO";0;"Condutor";"N�o Informado";NA;"N�o Informado";0;0;0;0;-23,52137308;-51,67956797;"SPRF-PR";"DEL09-PR";"UOP01-DEL09-PR"
742381;1662460;2025-12-29;"segunda-feira";"14:30:00";"DF";20;15;"BRASILIA";"Sim";"Condutor deixou de manter dist�ncia do ve�culo da frente";1;"Sa�da de leito carro��vel";"Com V�timas Feridas";"Pleno dia";"Crescente";"Chuva";"Dupla";"Declive;Em Obras;Reta";"Sim";1325618;"Autom�vel";"VW/GOL 1.0 GIV/GOL 1.0 GIV";2010;"Condutor";"Ileso";47;"Masculino";1;0;0;0;-15,62344087;-47,72046357;"SPRF-DF";"DEL02-DF";"UOP01-DEL02-DF"
742381;1662464;2025-12-29;"segunda-feira";"14:30:00";"DF";20;15;"BRASILIA";"Sim";"Condutor deixou de manter dist�ncia do ve�culo da frente";1;"Sa�da de leito carro��vel";"Com V�timas Feridas";"Pleno dia";"Crescente";"Chuva";"Dupla";"Declive;Em Obras;Reta";"Sim";1325618;"Autom�vel";"VW/GOL 1.0 GIV/GOL 1.0 GIV";2010;"Passageiro";"Les�es Leves";47;"Feminino";0;1;0;0;-15,62344087;-47,72046357;"SPRF-DF";"DEL02-DF";"UOP01-DEL02-DF"
742381;1662462;2025-12-29;"segunda-feira";"14:30:00";"DF";20;15;"BRASILIA";"Sim";"Condutor deixou de manter dist�ncia do ve�culo da frente";1;"Sa�da de leito carro��vel";"Com V�timas Feridas";"Pleno dia";"Crescente";"Chuva";"Dupla";"Declive;Em Obras;Reta";"Sim";1325618;"Autom�vel";"VW/GOL 1.0 GIV/GOL 1.0 GIV";2010;"Passageiro";"Les�es Leves";57;"Feminino";0;1;0;0;-15,62344087;-47,72046357;"SPRF-DF";"DEL02-DF";"UOP01-DEL02-DF"
742382;1662504;2025-12-29;"segunda-feira";"14:15:00";"DF";20;18,5;"BRASILIA";"Sim";"Velocidade Incompat�vel";1;"Sa�da de leito carro��vel";"Sem V�timas";"Pleno dia";"Crescente";"Chuva";"Dupla";"Reta;Declive";"Sim";1325641;"Caminh�o-trator";"SCANIA/R 440 A6X4/R 440 A6X4";2015;"Condutor";"Ileso";53;"Masculino";1;0;0;0;-15,58182992;-47,53574887;"SPRF-DF";"DEL02-DF";"UOP01-DEL02-DF"
742382;NA;2025-12-29;"segunda-feira";"14:15:00";"DF";20;18,5;"BRASILIA";"Sim";"Velocidade Incompat�vel";1;"Sa�da de leito carro��vel";"Sem V�timas";"Pleno dia";"Crescente";"Chuva";"Dupla";"Reta;Declive";"Sim";1325644;"Semireboque";"SR/GUERRA CHARGER GR/GUERRA CHARGER GR";2004;NA;NA;NA;NA;NA;NA;NA;NA;-15,58182992;-47,53574887;"SPRF-DF";"DEL02-DF";"UOP01-DEL02-DF"
742382;NA;2025-12-29;"segunda-feira";"14:15:00";"DF";20;18,5;"BRASILIA";"Sim";"Velocidade Incompat�vel";1;"Sa�da de leito carro��vel";"Sem V�timas";"Pleno dia";"Crescente";"Chuva";"Dupla";"Reta;Declive";"Sim";1325642;"Semireboque";"SR/GUERRA CHARGER GR/GUERRA CHARGER GR";2004;NA;NA;NA;NA;NA;NA;NA;NA;-15,58182992;-47,53574887;"SPRF-DF";"DEL02-DF";"UOP01-DEL02-DF"
742383;1662404;2025-12-29;"segunda-feira";"14:30:00";"SC";470;149,8;"AGRONOMICA";"Sim";"Retorno proibido";1;"Colis�o transversal";"Com V�timas Feridas";"Pleno dia";"Crescente";"Nublado";"Simples";"Reta";"N�o";1325590;"Camioneta";"FORD/ECOSPORT FSL1.6FLEX/ECOSPORT FSL1.6FLEX";2010;"Condutor";"Ileso";77;"Masculino";1;0;0;0;-27,2566;-49,71186;"SPRF-SC";"DEL04-SC";"UOP02-DEL04-SC"
742383;1662500;2025-12-29;"segunda-feira";"14:30:00";"SC";470;149,8;"AGRONOMICA";"Sim";"Retorno proibido";1;"Colis�o transversal";"Com V�timas Feridas";"Pleno dia";"Crescente";"Nublado";"Simples";"Reta";"N�o";1325588;"Autom�vel";"VW/FOX CONNECT MB/FOX CONNECT MB";2019;"Passageiro";"Ileso";4;"Feminino";1;0;0;0;-27,2566;-49,71186;"SPRF-SC";"DEL04-SC";"UOP02-DEL04-SC"
742383;1662407;2025-12-29;"segunda-feira";"14:30:00";"SC";470;149,8;"AGRONOMICA";"Sim";"Retorno proibido";1;"Colis�o transversal";"Com V�timas Feridas";"Pleno dia";"Crescente";"Nublado";"Simples";"Reta";"N�o";1325588;"Autom�vel";"VW/FOX CONNECT MB/FOX CONNECT MB";2019;"Passageiro";"Les�es Leves";0;"Feminino";0;1;0;0;-27,2566;-49,71186;"SPRF-SC";"DEL04-SC";"UOP02-DEL04-SC"
742383;1662406;2025-12-29;"segunda-feira";"14:30:00";"SC";470;149,8;"AGRONOMICA";"Sim";"Retorno proibido";1;"Colis�o transversal";"Com V�timas Feridas";"Pleno dia";"Crescente";"Nublado";"Simples";"Reta";"N�o";1325588;"Autom�vel";"VW/FOX CONNECT MB/FOX CONNECT MB";2019;"Passageiro";"Ileso";31;"Feminino";1;0;0;0;-27,2566;-49,71186;"SPRF-SC";"DEL04-SC";"UOP02-DEL04-SC"
742383;1662403;2025-12-29;"segunda-feira";"14:30:00";"SC";470;149,8;"AGRONOMICA";"Sim";"Retorno proibido";1;"Colis�o transversal";"Com V�timas Feridas";"Pleno dia";"Crescente";"Nublado";"Simples";"Reta";"N�o";1325588;"Autom�vel";"VW/FOX CONNECT MB/FOX CONNECT MB";2019;"Condutor";"Ileso";31;"Masculino";1;0;0;0;-27,2566;-49,71186;"SPRF-SC";"DEL04-SC";"UOP02-DEL04-SC"
742384;1662656;2025-12-29;"segunda-feira";"13:30:00";"GO";70;2;"AGUAS LINDAS DE GOIAS";"N�o";"Afundamento ou ondula��o no pavimento";2;"Queda de ocupante de ve�culo";"Com V�timas Feridas";"Pleno dia";"Decrescente";"Garoa/Chuvisco";"Dupla";"Reta";"Sim";1325733;"Motocicleta";"YAMAHA/YBR150 FACTOR ED/YBR150 FACTOR ED";2024;"Condutor";"Les�es Leves";48;"Masculino";0;1;0;0;-15,770013;-48,230217;"SPRF-DF";"DEL03-DF";"UOP02-DEL03-DF"
742384;1662656;2025-12-29;"segunda-feira";"13:30:00";"GO";70;2;"AGUAS LINDAS DE GOIAS";"N�o";"Afundamento ou ondula��o no pavimento";1;"Tombamento";"Com V�timas Feridas";"Pleno dia";"Decrescente";"Garoa/Chuvisco";"Dupla";"Reta";"Sim";1325733;"Motocicleta";"YAMAHA/YBR150 FACTOR ED/YBR150 FACTOR ED";2024;"Condutor";"Les�es Leves";48;"Masculino";0;1;0;0;-15,770013;-48,230217;"SPRF-DF";"DEL03-DF";"UOP02-DEL03-DF"
742384;1662656;2025-12-29;"segunda-feira";"13:30:00";"GO";70;2;"AGUAS LINDAS DE GOIAS";"N�o";"Acumulo de �leo sobre o pavimento";2;"Queda de ocupante de ve�culo";"Com V�timas Feridas";"Pleno dia";"Decrescente";"Garoa/Chuvisco";"Dupla";"Reta";"Sim";1325733;"Motocicleta";"YAMAHA/YBR150 FACTOR ED/YBR150 FACTOR ED";2024;"Condutor";"Les�es Leves";48;"Masculino";0;1;0;0;-15,770013;-48,230217;"SPRF-DF";"DEL03-DF";"UOP02-DEL03-DF"
742384;1662656;2025-12-29;"segunda-feira";"13:30:00";"GO";70;2;"AGUAS LINDAS DE GOIAS";"N�o";"Acumulo de �leo sobre o pavimento";1;"Tombamento";"Com V�timas Feridas";"Pleno dia";"Decrescente";"Garoa/Chuvisco";"Dupla";"Reta";"Sim";1325733;"Motocicleta";"YAMAHA/YBR150 FACTOR ED/YBR150 FACTOR ED";2024;"Condutor";"Les�es Leves";48;"Masculino";0;1;0;0;-15,770013;-48,230217;"SPRF-DF";"DEL03-DF";"UOP02-DEL03-DF"
742384;1662656;2025-12-29;"segunda-feira";"13:30:00";"GO";70;2;"AGUAS LINDAS DE GOIAS";"Sim";"Chuva";2;"Queda de ocupante de ve�culo";"Com V�timas Feridas";"Pleno dia";"Decrescente";"Garoa/Chuvisco";"Dupla";"Reta";"Sim";1325733;"Motocicleta";"YAMAHA/YBR150 FACTOR ED/YBR150 FACTOR ED";2024;"Condutor";"Les�es Leves";48;"Masculino";0;1;0;0;-15,770013;-48,230217;"SPRF-DF";"DEL03-DF";"UOP02-DEL03-DF"
742384;1662656;2025-12-29;"segunda-feira";"13:30:00";"GO";70;2;"AGUAS LINDAS DE GOIAS";"Sim";"Chuva";1;"Tombamento";"Com V�timas Feridas";"Pleno dia";"Decrescente";"Garoa/Chuvisco";"Dupla";"Reta";"Sim";1325733;"Motocicleta";"YAMAHA/YBR150 FACTOR ED/YBR150 FACTOR ED";2024;"Condutor";"Les�es Leves";48;"Masculino";0;1;0;0;-15,770013;-48,230217;"SPRF-DF";"DEL03-DF";"UOP02-DEL03-DF"
742385;1662413;2025-12-29;"segunda-feira";"14:42:00";"SC";280;11,7;"SAO FRANCISCO DO SUL";"Sim";"Mal s�bito do condutor";1;"Colis�o frontal";"Com V�timas Feridas";"Pleno dia";"Decrescente";"Nublado";"Simples";"Reta";"N�o";1325599;"Autom�vel";"HONDA/CIVIC LXS AT/CIVIC LXS AT";2014;"Condutor";"Les�es Leves";55;"Masculino";0;1;0;0;-26,310318;-48,643195;"SPRF-SC";"DEL03-SC";"UOP03-DEL03-SC"
742385;1662414;2025-12-29;"segunda-feira";"14:42:00";"SC";280;11,7;"SAO FRANCISCO DO SUL";"Sim";"Mal s�bito do condutor";1;"Colis�o frontal";"Com V�timas Feridas";"Pleno dia";"Decrescente";"Nublado";"Simples";"Reta";"N�o";1325595;"Caminh�o-trator";"VOLVO/FH 540 6X4T SUSP/FH 540 6X4T SUSP";2024;"Condutor";"Ileso";60;"Masculino";1;0;0;0;-26,310318;-48,643195;"SPRF-SC";"DEL03-SC";"UOP03-DEL03-SC"
742385;NA;2025-12-29;"segunda-feira";"14:42:00";"SC";280;11,7;"SAO FRANCISCO DO SUL";"Sim";"Mal s�bito do condutor";1;"Colis�o frontal";"Com V�timas Feridas";"Pleno dia";"Decrescente";"Nublado";"Simples";"Reta";"N�o";1325597;"Semireboque";"SR/RANDON SRBO CA/RANDON SRBO CA";2017;NA;NA;NA;NA;NA;NA;NA;NA;-26,310318;-48,643195;"SPRF-SC";"DEL03-SC";"UOP03-DEL03-SC"
742386;1662561;2025-12-29;"segunda-feira";"12:00:00";"PI";343;440;"SAO PEDRO DO PIAUI";"Sim";"Rea��o tardia ou ineficiente do condutor";2;"Capotamento";"Com V�timas Feridas";"Pleno dia";"Decrescente";"C�u Claro";"Simples";"Reta;Interse��o de Vias";"N�o";1325666;"Autom�vel";"HYUNDAI/HB20S 10M VISION/HB20S 10M VISION";2019;"Passageiro";"Ileso";18;"Feminino";1;0;0;0;-5,95892106;-42,72689017;"SPRF-PI";"DEL01-PI";"UOP02-DEL01-PI"
742386;1662558;2025-12-29;"segunda-feira";"12:00:00";"PI";343;440;"SAO PEDRO DO PIAUI";"Sim";"Rea��o tardia ou ineficiente do condutor";2;"Capotamento";"Com V�timas Feridas";"Pleno dia";"Decrescente";"C�u Claro";"Simples";"Reta;Interse��o de Vias";"N�o";1325666;"Autom�vel";"HYUNDAI/HB20S 10M VISION/HB20S 10M VISION";2019;"Passageiro";"Les�es Leves";11;"Masculino";0;1;0;0;-5,95892106;-42,72689017;"SPRF-PI";"DEL01-PI";"UOP02-DEL01-PI"
742386;1662557;2025-12-29;"segunda-feira";"12:00:00";"PI";343;440;"SAO PEDRO DO PIAUI";"Sim";"Rea��o tardia ou ineficiente do condutor";2;"Capotamento";"Com V�timas Feridas";"Pleno dia";"Decrescente";"C�u Claro";"Simples";"Reta;Interse��o de Vias";"N�o";1325666;"Autom�vel";"HYUNDAI/HB20S 10M VISION/HB20S 10M VISION";2019;"Condutor";"Les�es Leves";49;"Masculino";0;1;0;0;-5,95892106;-42,72689017;"SPRF-PI";"DEL01-PI";"UOP02-DEL01-PI"
742386;1662559;2025-12-29;"segunda-feira";"12:00:00";"PI";343;440;"SAO PEDRO DO PIAUI";"Sim";"Rea��o tardia ou ineficiente do condutor";2;"Capotamento";"Com V�timas Feridas";"Pleno dia";"Decrescente";"C�u Claro";"Simples";"Reta;Interse��o de Vias";"N�o";1325666;"Autom�vel";"HYUNDAI/HB20S 10M VISION/HB20S 10M VISION";2019;"Passageiro";"Les�es Leves";42;"Feminino";0;1;0;0;-5,95892106;-42,72689017;"SPRF-PI";"DEL01-PI";"UOP02-DEL01-PI"
742386;1662561;2025-12-29;"segunda-feira";"12:00:00";"PI";343;440;"SAO PEDRO DO PIAUI";"Sim";"Rea��o tardia ou ineficiente do condutor";1;"Sa�da de leito carro��vel";"Com V�timas Feridas";"Pleno dia";"Decrescente";"C�u Claro";"Simples";"Reta;Interse��o de Vias";"N�o";1325666;"Autom�vel";"HYUNDAI/HB20S 10M VISION/HB20S 10M VISION";2019;"Passageiro";"Ileso";18;"Feminino";1;0;0;0;-5,95892106;-42,72689017;"SPRF-PI";"DEL01-PI";"UOP02-DEL01-PI"
742386;1662558;2025-12-29;"segunda-feira";"12:00:00";"PI";343;440;"SAO PEDRO DO PIAUI";"Sim";"Rea��o tardia ou ineficiente do condutor";1;"Sa�da de leito carro��vel";"Com V�timas Feridas";"Pleno dia";"Decrescente";"C�u Claro";"Simples";"Reta;Interse��o de Vias";"N�o";1325666;"Autom�vel";"HYUNDAI/HB20S 10M VISION/HB20S 10M VISION";2019;"Passageiro";"Les�es Leves";11;"Masculino";0;1;0;0;-5,95892106;-42,72689017;"SPRF-PI";"DEL01-PI";"UOP02-DEL01-PI"
742386;1662557;2025-12-29;"segunda-feira";"12:00:00";"PI";343;440;"SAO PEDRO DO PIAUI";"Sim";"Rea��o tardia ou ineficiente do condutor";1;"Sa�da de leito carro��vel";"Com V�timas Feridas";"Pleno dia";"Decrescente";"C�u Claro";"Simples";"Reta;Interse��o de Vias";"N�o";1325666;"Autom�vel";"HYUNDAI/HB20S 10M VISION/HB20S 10M VISION";2019;"Condutor";"Les�es Leves";49;"Masculino";0;1;0;0;-5,95892106;-42,72689017;"SPRF-PI";"DEL01-PI";"UOP02-DEL01-PI"
742386;1662559;2025-12-29;"segunda-feira";"12:00:00";"PI";343;440;"SAO PEDRO DO PIAUI";"Sim";"Rea��o tardia ou ineficiente do condutor";1;"Sa�da de leito carro��vel";"Com V�timas Feridas";"Pleno dia";"Decrescente";"C�u Claro";"Simples";"Reta;Interse��o de Vias";"N�o";1325666;"Autom�vel";"HYUNDAI/HB20S 10M VISION/HB20S 10M VISION";2019;"Passageiro";"Les�es Leves";42;"Feminino";0;1;0;0;-5,95892106;-42,72689017;"SPRF-PI";"DEL01-PI";"UOP02-DEL01-PI"
742387;1662434;2025-12-29;"segunda-feira";"15:20:00";"PR";277;357;"GUARAPUAVA";"N�o";"Velocidade Incompat�vel";1;"Colis�o transversal";"Com V�timas Feridas";"Pleno dia";"Crescente";"C�u Claro";"Simples";"Reta";"N�o";1325608;"Autom�vel";"I/VW GOLF HIGHLINE AA/VW GOLF HIGHLINE AA";2013;"Passageiro";"Ileso";55;"Masculino";1;0;0;0;-25,399595;-51,538539;"SPRF-PR";"DEL08-PR";"UOP01-DEL08-PR"
742387;1662433;2025-12-29;"segunda-feira";"15:20:00";"PR";277;357;"GUARAPUAVA";"N�o";"Velocidade Incompat�vel";1;"Colis�o transversal";"Com V�timas Feridas";"Pleno dia";"Crescente";"C�u Claro";"Simples";"Reta";"N�o";1325608;"Autom�vel";"I/VW GOLF HIGHLINE AA/VW GOLF HIGHLINE AA";2013;"Condutor";"Ileso";43;"Masculino";1;0;0;0;-25,399595;-51,538539;"SPRF-PR";"DEL08-PR";"UOP01-DEL08-PR"
742387;1662438;2025-12-29;"segunda-feira";"15:20:00";"PR";277;357;"GUARAPUAVA";"N�o";"Velocidade Incompat�vel";1;"Colis�o transversal";"Com V�timas Feridas";"Pleno dia";"Crescente";"C�u Claro";"Simples";"Reta";"N�o";1325609;"Autom�vel";"VW/GOL 1.0/GOL 1.0";2006;"Passageiro";"Ileso";14;"Feminino";1;0;0;0;-25,399595;-51,538539;"SPRF-PR";"DEL08-PR";"UOP01-DEL08-PR"
742387;1662441;2025-12-29;"segunda-feira";"15:20:00";"PR";277;357;"GUARAPUAVA";"N�o";"Velocidade Incompat�vel";1;"Colis�o transversal";"Com V�timas Feridas";"Pleno dia";"Crescente";"C�u Claro";"Simples";"Reta";"N�o";1325609;"Autom�vel";"VW/GOL 1.0/GOL 1.0";2006;"Passageiro";"Les�es Leves";48;"Feminino";0;1;0;0;-25,399595;-51,538539;"SPRF-PR";"DEL08-PR";"UOP01-DEL08-PR"
742387;1662440;2025-12-29;"segunda-feira";"15:20:00";"PR";277;357;"GUARAPUAVA";"N�o";"Velocidade Incompat�vel";1;"Colis�o transversal";"Com V�timas Feridas";"Pleno dia";"Crescente";"C�u Claro";"Simples";"Reta";"N�o";1325609;"Autom�vel";"VW/GOL 1.0/GOL 1.0";2006;"Passageiro";"Ileso";13;"Feminino";1;0;0;0;-25,399595;-51,538539;"SPRF-PR";"DEL08-PR";"UOP01-DEL08-PR"
742387;1662439;2025-12-29;"segunda-feira";"15:20:00";"PR";277;357;"GUARAPUAVA";"N�o";"Velocidade Incompat�vel";1;"Colis�o transversal";"Com V�timas Feridas";"Pleno dia";"Crescente";"C�u Claro";"Simples";"Reta";"N�o";1325609;"Autom�vel";"VW/GOL 1.0/GOL 1.0";2006;"Passageiro";"Les�es Leves";75;"Masculino";0;1;0;0;-25,399595;-51,538539;"SPRF-PR";"DEL08-PR";"UOP01-DEL08-PR"
742387;1662436;2025-12-29;"segunda-feira";"15:20:00";"PR";277;357;"GUARAPUAVA";"N�o";"Velocidade Incompat�vel";1;"Colis�o transversal";"Com V�timas Feridas";"Pleno dia";"Crescente";"C�u Claro";"Simples";"Reta";"N�o";1325609;"Autom�vel";"VW/GOL 1.0/GOL 1.0";2006;"Condutor";"Ileso";24;"Masculino";1;0;0;0;-25,399595;-51,538539;"SPRF-PR";"DEL08-PR";"UOP01-DEL08-PR"
742387;1662434;2025-12-29;"segunda-feira";"15:20:00";"PR";277;357;"GUARAPUAVA";"N�o";"Demais falhas mec�nicas ou el�tricas";1;"Colis�o transversal";"Com V�timas Feridas";"Pleno dia";"Crescente";"C�u Claro";"Simples";"Reta";"N�o";1325608;"Autom�vel";"I/VW GOLF HIGHLINE AA/VW GOLF HIGHLINE AA";2013;"Passageiro";"Ileso";55;"Masculino";1;0;0;0;-25,399595;-51,538539;"SPRF-PR";"DEL08-PR";"UOP01-DEL08-PR"
742387;1662433;2025-12-29;"segunda-feira";"15:20:00";"PR";277;357;"GUARAPUAVA";"N�o";"Demais falhas mec�nicas ou el�tricas";1;"Colis�o transversal";"Com V�timas Feridas";"Pleno dia";"Crescente";"C�u Claro";"Simples";"Reta";"N�o";1325608;"Autom�vel";"I/VW GOLF HIGHLINE AA/VW GOLF HIGHLINE AA";2013;"Condutor";"Ileso";43;"Masculino";1;0;0;0;-25,399595;-51,538539;"SPRF-PR";"DEL08-PR";"UOP01-DEL08-PR"
742387;1662438;2025-12-29;"segunda-feira";"15:20:00";"PR";277;357;"GUARAPUAVA";"N�o";"Demais falhas mec�nicas ou el�tricas";1;"Colis�o transversal";"Com V�timas Feridas";"Pleno dia";"Crescente";"C�u Claro";"Simples";"Reta";"N�o";1325609;"Autom�vel";"VW/GOL 1.0/GOL 1.0";2006;"Passageiro";"Ileso";14;"Feminino";1;0;0;0;-25,399595;-51,538539;"SPRF-PR";"DEL08-PR";"UOP01-DEL08-PR"
742387;1662441;2025-12-29;"segunda-feira";"15:20:00";"PR";277;357;"GUARAPUAVA";"N�o";"Demais falhas mec�nicas ou el�tricas";1;"Colis�o transversal";"Com V�timas Feridas";"Pleno dia";"Crescente";"C�u Claro";"Simples";"Reta";"N�o";1325609;"Autom�vel";"VW/GOL 1.0/GOL 1.0";2006;"Passageiro";"Les�es Leves";48;"Feminino";0;1;0;0;-25,399595;-51,538539;"SPRF-PR";"DEL08-PR";"UOP01-DEL08-PR"
742387;1662440;2025-12-29;"segunda-feira";"15:20:00";"PR";277;357;"GUARAPUAVA";"N�o";"Demais falhas mec�nicas ou el�tricas";1;"Colis�o transversal";"Com V�timas Feridas";"Pleno dia";"Crescente";"C�u Claro";"Simples";"Reta";"N�o";1325609;"Autom�vel";"VW/GOL 1.0/GOL 1.0";2006;"Passageiro";"Ileso";13;"Feminino";1;0;0;0;-25,399595;-51,538539;"SPRF-PR";"DEL08-PR";"UOP01-DEL08-PR"
742387;1662439;2025-12-29;"segunda-feira";"15:20:00";"PR";277;357;"GUARAPUAVA";"N�o";"Demais falhas mec�nicas ou el�tricas";1;"Colis�o transversal";"Com V�timas Feridas";"Pleno dia";"Crescente";"C�u Claro";"Simples";"Reta";"N�o";1325609;"Autom�vel";"VW/GOL 1.0/GOL 1.0";2006;"Passageiro";"Les�es Leves";75;"Masculino";0;1;0;0;-25,399595;-51,538539;"SPRF-PR";"DEL08-PR";"UOP01-DEL08-PR"
742387;1662436;2025-12-29;"segunda-feira";"15:20:00";"PR";277;357;"GUARAPUAVA";"N�o";"Demais falhas mec�nicas ou el�tricas";1;"Colis�o transversal";"Com V�timas Feridas";"Pleno dia";"Crescente";"C�u Claro";"Simples";"Reta";"N�o";1325609;"Autom�vel";"VW/GOL 1.0/GOL 1.0";2006;"Condutor";"Ileso";24;"Masculino";1;0;0;0;-25,399595;-51,538539;"SPRF-PR";"DEL08-PR";"UOP01-DEL08-PR"
742387;1662434;2025-12-29;"segunda-feira";"15:20:00";"PR";277;357;"GUARAPUAVA";"N�o";"Aus�ncia de rea��o do condutor";1;"Colis�o transversal";"Com V�timas Feridas";"Pleno dia";"Crescente";"C�u Claro";"Simples";"Reta";"N�o";1325608;"Autom�vel";"I/VW GOLF HIGHLINE AA/VW GOLF HIGHLINE AA";2013;"Passageiro";"Ileso";55;"Masculino";1;0;0;0;-25,399595;-51,538539;"SPRF-PR";"DEL08-PR";"UOP01-DEL08-PR"
742387;1662433;2025-12-29;"segunda-feira";"15:20:00";"PR";277;357;"GUARAPUAVA";"N�o";"Aus�ncia de rea��o do condutor";1;"Colis�o transversal";"Com V�timas Feridas";"Pleno dia";"Crescente";"C�u Claro";"Simples";"Reta";"N�o";1325608;"Autom�vel";"I/VW GOLF HIGHLINE AA/VW GOLF HIGHLINE AA";2013;"Condutor";"Ileso";43;"Masculino";1;0;0;0;-25,399595;-51,538539;"SPRF-PR";"DEL08-PR";"UOP01-DEL08-PR"
742387;1662438;2025-12-29;"segunda-feira";"15:20:00";"PR";277;357;"GUARAPUAVA";"N�o";"Aus�ncia de rea��o do condutor";1;"Colis�o transversal";"Com V�timas Feridas";"Pleno dia";"Crescente";"C�u Claro";"Simples";"Reta";"N�o";1325609;"Autom�vel";"VW/GOL 1.0/GOL 1.0";2006;"Passageiro";"Ileso";14;"Feminino";1;0;0;0;-25,399595;-51,538539;"SPRF-PR";"DEL08-PR";"UOP01-DEL08-PR"
742387;1662441;2025-12-29;"segunda-feira";"15:20:00";"PR";277;357;"GUARAPUAVA";"N�o";"Aus�ncia de rea��o do condutor";1;"Colis�o transversal";"Com V�timas Feridas";"Pleno dia";"Crescente";"C�u Claro";"Simples";"Reta";"N�o";1325609;"Autom�vel";"VW/GOL 1.0/GOL 1.0";2006;"Passageiro";"Les�es Leves";48;"Feminino";0;1;0;0;-25,399595;-51,538539;"SPRF-PR";"DEL08-PR";"UOP01-DEL08-PR"