"id";"pesid";"data_inversa";"dia_semana";"horario";"uf";"br";"km";"municipio";"causa_principal";"causa_acidente";"ordem_tipo_acidente";"tipo_acidente";"classificacao_acidente";"fase_dia";"sentido_via";"condicao_metereologica";"tipo_pista";"tracado_via";"uso_solo";"id_veiculo";"tipo_veiculo";"marca";"ano_fabricacao_veiculo";"tipo_envolvido";"estado_fisico";"idade";"sexo";"ilesos";"feridos_leves";"feridos_graves";"mortos";"latitude";"longitude";"regional";"delegacia";"uop"
742387;1662440;2025-12-29;"segunda-feira";"15:20:00";"PR";277;357;"GUARAPUAVA";"N�o";"Aus�ncia de rea��o do condutor";1;"Colis�o transversal";"Com V�timas Feridas";"Pleno dia";"Crescente";"C�u Claro";"Simples";"Reta";"N�o";1325609;"Autom�vel";"VW/GOL 1.0/GOL 1.0";2006;"Passageiro";"Ileso";13;"Feminino";1;0;0;0;-25,399595;-51,538539;"SPRF-PR";"DEL08-PR";"UOP01-DEL08-PR"
742387;1662439;2025-12-29;"segunda-feira";"15:20:00";"PR";277;357;"GUARAPUAVA";"N�o";"Aus�ncia de rea��o do condutor";1;"Colis�o transversal";"Com V�timas Feridas";"Pleno dia";"Crescente";"C�u Claro";"Simples";"Reta";"N�o";1325609;"Autom�vel";"VW/GOL 1.0/GOL 1.0";2006;"Passageiro";"Les�es Leves";75;"Masculino";0;1;0;0;-25,399595;-51,538539;"SPRF-PR";"DEL08-PR";"UOP01-DEL08-PR"
742387;1662436;2025-12-29;"segunda-feira";"15:20:00";"PR";277;357;"GUARAPUAVA";"N�o";"Aus�ncia de rea��o do condutor";1;"Colis�o transversal";"Com V�timas Feridas";"Pleno dia";"Crescente";"C�u Claro";"Simples";"Reta";"N�o";1325609;"Autom�vel";"VW/GOL 1.0/GOL 1.0";2006;"Condutor";"Ileso";24;"Masculino";1;0;0;0;-25,399595;-51,538539;"SPRF-PR";"DEL08-PR";"UOP01-DEL08-PR"
742387;1662434;2025-12-29;"segunda-feira";"15:20:00";"PR";277;357;"GUARAPUAVA";"Sim";"Acessar a via sem observar a presen�a dos outros ve�culos";1;"Colis�o transversal";"Com V�timas Feridas";"Pleno dia";"Crescente";"C�u Claro";"Simples";"Reta";"N�o";1325608;"Autom�vel";"I/VW GOLF HIGHLINE AA/VW GOLF HIGHLINE AA";2013;"Passageiro";"Ileso";55;"Masculino";1;0;0;0;-25,399595;-51,538539;"SPRF-PR";"DEL08-PR";"UOP01-DEL08-PR"
742387;1662433;2025-12-29;"segunda-feira";"15:20:00";"PR";277;357;"GUARAPUAVA";"Sim";"Acessar a via sem observar a presen�a dos outros ve�culos";1;"Colis�o transversal";"Com V�timas Feridas";"Pleno dia";"Crescente";"C�u Claro";"Simples";"Reta";"N�o";1325608;"Autom�vel";"I/VW GOLF HIGHLINE AA/VW GOLF HIGHLINE AA";2013;"Condutor";"Ileso";43;"Masculino";1;0;0;0;-25,399595;-51,538539;"SPRF-PR";"DEL08-PR";"UOP01-DEL08-PR"
742387;1662438;2025-12-29;"segunda-feira";"15:20:00";"PR";277;357;"GUARAPUAVA";"Sim";"Acessar a via sem observar a presen�a dos outros ve�culos";1;"Colis�o transversal";"Com V�timas Feridas";"Pleno dia";"Crescente";"C�u Claro";"Simples";"Reta";"N�o";1325609;"Autom�vel";"VW/GOL 1.0/GOL 1.0";2006;"Passageiro";"Ileso";14;"Feminino";1;0;0;0;-25,399595;-51,538539;"SPRF-PR";"DEL08-PR";"UOP01-DEL08-PR"
742387;1662441;2025-12-29;"segunda-feira";"15:20:00";"PR";277;357;"GUARAPUAVA";"Sim";"Acessar a via sem observar a presen�a dos outros ve�culos";1;"Colis�o transversal";"Com V�timas Feridas";"Pleno dia";"Crescente";"C�u Claro";"Simples";"Reta";"N�o";1325609;"Autom�vel";"VW/GOL 1.0/GOL 1.0";2006;"Passageiro";"Les�es Leves";48;"Feminino";0;1;0;0;-25,399595;-51,538539;"SPRF-PR";"DEL08-PR";"UOP01-DEL08-PR"
742387;1662440;2025-12-29;"segunda-feira";"15:20:00";"PR";277;357;"GUARAPUAVA";"Sim";"Acessar a via sem observar a presen�a dos outros ve�culos";1;"Colis�o transversal";"Com V�timas Feridas";"Pleno dia";"Crescente";"C�u Claro";"Simples";"Reta";"N�o";1325609;"Autom�vel";"VW/GOL 1.0/GOL 1.0";2006;"Passageiro";"Ileso";13;"Feminino";1;0;0;0;-25,399595;-51,538539;"SPRF-PR";"DEL08-PR";"UOP01-DEL08-PR"
742387;1662439;2025-12-29;"segunda-feira";"15:20:00";"PR";277;357;"GUARAPUAVA";"Sim";"Acessar a via sem observar a presen�a dos outros ve�culos";1;"Colis�o transversal";"Com V�timas Feridas";"Pleno dia";"Crescente";"C�u Claro";"Simples";"Reta";"N�o";1325609;"Autom�vel";"VW/GOL 1.0/GOL 1.0";2006;"Passageiro";"Les�es Leves";75;"Masculino";0;1;0;0;-25,399595;-51,538539;"SPRF-PR";"DEL08-PR";"UOP01-DEL08-PR"
742387;1662436;2025-12-29;"segunda-feira";"15:20:00";"PR";277;357;"GUARAPUAVA";"Sim";"Acessar a via sem observar a presen�a dos outros ve�culos";1;"Colis�o transversal";"Com V�timas Feridas";"Pleno dia";"Crescente";"C�u Claro";"Simples";"Reta";"N�o";1325609;"Autom�vel";"VW/GOL 1.0/GOL 1.0";2006;"Condutor";"Ileso";24;"Masculino";1;0;0;0;-25,399595;-51,538539;"SPRF-PR";"DEL08-PR";"UOP01-DEL08-PR"
742388;1662590;2025-12-29;"segunda-feira";"15:15:00";"CE";230;57,8;"LAVRAS DA MANGABEIRA";"Sim";"Acessar a via sem observar a presen�a dos outros ve�culos";1;"Colis�o transversal";"Com V�timas Feridas";"Pleno dia";"Decrescente";"C�u Claro";"Simples";"Interse��o de Vias";"Sim";1325685;"Motocicleta";"HONDA/CG 125 FAN KS/CG 125 FAN KS";2012;"Condutor";"Les�es Graves";69;"Masculino";0;0;1;0;-6,75824646;-39,12031889;"SPRF-CE";"DEL05-CE";"UOP01-DEL05-CE"
742388;1662587;2025-12-29;"segunda-feira";"15:15:00";"CE";230;57,8;"LAVRAS DA MANGABEIRA";"Sim";"Acessar a via sem observar a presen�a dos outros ve�culos";1;"Colis�o transversal";"Com V�timas Feridas";"Pleno dia";"Decrescente";"C�u Claro";"Simples";"Interse��o de Vias";"Sim";1325683;"Autom�vel";"I/BYD KING GS DM/BYD KING GS DM";2024;"Passageiro";"Ileso";27;"Feminino";1;0;0;0;-6,75824646;-39,12031889;"SPRF-CE";"DEL05-CE";"UOP01-DEL05-CE"
742388;1662585;2025-12-29;"segunda-feira";"15:15:00";"CE";230;57,8;"LAVRAS DA MANGABEIRA";"Sim";"Acessar a via sem observar a presen�a dos outros ve�culos";1;"Colis�o transversal";"Com V�timas Feridas";"Pleno dia";"Decrescente";"C�u Claro";"Simples";"Interse��o de Vias";"Sim";1325683;"Autom�vel";"I/BYD KING GS DM/BYD KING GS DM";2024;"Condutor";"Ileso";27;"Masculino";1;0;0;0;-6,75824646;-39,12031889;"SPRF-CE";"DEL05-CE";"UOP01-DEL05-CE"
742389;1662381;2025-12-29;"segunda-feira";"14:35:00";"BA";324;561;"SAO SEBASTIAO DO PASSE";"Sim";"Aus�ncia de rea��o do condutor";2;"Tombamento";"Com V�timas Feridas";"Pleno dia";"Decrescente";"C�u Claro";"Dupla";"Reta";"N�o";1325563;"Caminhonete";"HYUNDAI/HR HDB/HR HDB";2009;"Condutor";"Les�es Leves";59;"Masculino";0;1;0;0;-12,5044983;-38,6366867;"SPRF-BA";"DEL01-BA";"UOP01-DEL01-BA"
742389;1662381;2025-12-29;"segunda-feira";"14:35:00";"BA";324;561;"SAO SEBASTIAO DO PASSE";"Sim";"Aus�ncia de rea��o do condutor";1;"Sa�da de leito carro��vel";"Com V�timas Feridas";"Pleno dia";"Decrescente";"C�u Claro";"Dupla";"Reta";"N�o";1325563;"Caminhonete";"HYUNDAI/HR HDB/HR HDB";2009;"Condutor";"Les�es Leves";59;"Masculino";0;1;0;0;-12,5044983;-38,6366867;"SPRF-BA";"DEL01-BA";"UOP01-DEL01-BA"
742390;1662378;2025-12-29;"segunda-feira";"12:40:00";"MG";381;161,5;"GOVERNADOR VALADARES";"Sim";"Aus�ncia de rea��o do condutor";2;"Tombamento";"Com V�timas Feridas";"Pleno dia";"Decrescente";"C�u Claro";"Simples";"Reta";"N�o";1325564;"Motocicleta";"HONDA/XRE 190/XRE 190";2019;"Condutor";"Les�es Graves";20;"Masculino";0;0;1;0;-18,92778496;-42,04072774;"SPRF-MG";"DEL06-MG";"UOP01-DEL06-MG"
742390;1662379;2025-12-29;"segunda-feira";"12:40:00";"MG";381;161,5;"GOVERNADOR VALADARES";"Sim";"Aus�ncia de rea��o do condutor";2;"Tombamento";"Com V�timas Feridas";"Pleno dia";"Decrescente";"C�u Claro";"Simples";"Reta";"N�o";NA;NA;"NA/NA/NA";NA;"Pedestre";"Les�es Graves";30;"Masculino";0;0;1;0;-18,92778496;-42,04072774;"SPRF-MG";"DEL06-MG";"UOP01-DEL06-MG"
742390;1662378;2025-12-29;"segunda-feira";"12:40:00";"MG";381;161,5;"GOVERNADOR VALADARES";"Sim";"Aus�ncia de rea��o do condutor";1;"Atropelamento de Pedestre";"Com V�timas Feridas";"Pleno dia";"Decrescente";"C�u Claro";"Simples";"Reta";"N�o";1325564;"Motocicleta";"HONDA/XRE 190/XRE 190";2019;"Condutor";"Les�es Graves";20;"Masculino";0;0;1;0;-18,92778496;-42,04072774;"SPRF-MG";"DEL06-MG";"UOP01-DEL06-MG"
742390;1662379;2025-12-29;"segunda-feira";"12:40:00";"MG";381;161,5;"GOVERNADOR VALADARES";"Sim";"Aus�ncia de rea��o do condutor";1;"Atropelamento de Pedestre";"Com V�timas Feridas";"Pleno dia";"Decrescente";"C�u Claro";"Simples";"Reta";"N�o";NA;NA;"NA/NA/NA";NA;"Pedestre";"Les�es Graves";30;"Masculino";0;0;1;0;-18,92778496;-42,04072774;"SPRF-MG";"DEL06-MG";"UOP01-DEL06-MG"
742392;1662536;2025-12-29;"segunda-feira";"15:45:00";"PR";376;178;"MARINGA";"N�o";"Aus�ncia de rea��o do condutor";2;"Queda de ocupante de ve�culo";"Com V�timas Feridas";"Pleno dia";"Crescente";"C�u Claro";"M�ltipla";"Reta";"Sim";1325659;"Motocicleta";"HONDA/CG150 TITAN MIX ES/CG150 TITAN MIX ES";2009;"Passageiro";"Les�es Leves";25;"Feminino";0;1;0;0;-23,41794;-51,91749;"SPRF-PR";"DEL09-PR";"UOP01-DEL09-PR"
742392;1662535;2025-12-29;"segunda-feira";"15:45:00";"PR";376;178;"MARINGA";"N�o";"Aus�ncia de rea��o do condutor";2;"Queda de ocupante de ve�culo";"Com V�timas Feridas";"Pleno dia";"Crescente";"C�u Claro";"M�ltipla";"Reta";"Sim";1325659;"Motocicleta";"HONDA/CG150 TITAN MIX ES/CG150 TITAN MIX ES";2009;"Condutor";"Les�es Graves";28;"Masculino";0;0;1;0;-23,41794;-51,91749;"SPRF-PR";"DEL09-PR";"UOP01-DEL09-PR"
742392;1662538;2025-12-29;"segunda-feira";"15:45:00";"PR";376;178;"MARINGA";"N�o";"Aus�ncia de rea��o do condutor";2;"Queda de ocupante de ve�culo";"Com V�timas Feridas";"Pleno dia";"Crescente";"C�u Claro";"M�ltipla";"Reta";"Sim";1325660;"Autom�vel";"GM/CELTA 2P LIFE/CELTA 2P LIFE";2010;"Condutor";"Ileso";22;"Masculino";1;0;0;0;-23,41794;-51,91749;"SPRF-PR";"DEL09-PR";"UOP01-DEL09-PR"
742392;1662536;2025-12-29;"segunda-feira";"15:45:00";"PR";376;178;"MARINGA";"N�o";"Aus�ncia de rea��o do condutor";1;"Colis�o traseira";"Com V�timas Feridas";"Pleno dia";"Crescente";"C�u Claro";"M�ltipla";"Reta";"Sim";1325659;"Motocicleta";"HONDA/CG150 TITAN MIX ES/CG150 TITAN MIX ES";2009;"Passageiro";"Les�es Leves";25;"Feminino";0;1;0;0;-23,41794;-51,91749;"SPRF-PR";"DEL09-PR";"UOP01-DEL09-PR"
742392;1662535;2025-12-29;"segunda-feira";"15:45:00";"PR";376;178;"MARINGA";"N�o";"Aus�ncia de rea��o do condutor";1;"Colis�o traseira";"Com V�timas Feridas";"Pleno dia";"Crescente";"C�u Claro";"M�ltipla";"Reta";"Sim";1325659;"Motocicleta";"HONDA/CG150 TITAN MIX ES/CG150 TITAN MIX ES";2009;"Condutor";"Les�es Graves";28;"Masculino";0;0;1;0;-23,41794;-51,91749;"SPRF-PR";"DEL09-PR";"UOP01-DEL09-PR"
742392;1662538;2025-12-29;"segunda-feira";"15:45:00";"PR";376;178;"MARINGA";"N�o";"Aus�ncia de rea��o do condutor";1;"Colis�o traseira";"Com V�timas Feridas";"Pleno dia";"Crescente";"C�u Claro";"M�ltipla";"Reta";"Sim";1325660;"Autom�vel";"GM/CELTA 2P LIFE/CELTA 2P LIFE";2010;"Condutor";"Ileso";22;"Masculino";1;0;0;0;-23,41794;-51,91749;"SPRF-PR";"DEL09-PR";"UOP01-DEL09-PR"
742392;1662536;2025-12-29;"segunda-feira";"15:45:00";"PR";376;178;"MARINGA";"Sim";"Condutor deixou de manter dist�ncia do ve�culo da frente";2;"Queda de ocupante de ve�culo";"Com V�timas Feridas";"Pleno dia";"Crescente";"C�u Claro";"M�ltipla";"Reta";"Sim";1325659;"Motocicleta";"HONDA/CG150 TITAN MIX ES/CG150 TITAN MIX ES";2009;"Passageiro";"Les�es Leves";25;"Feminino";0;1;0;0;-23,41794;-51,91749;"SPRF-PR";"DEL09-PR";"UOP01-DEL09-PR"
742392;1662535;2025-12-29;"segunda-feira";"15:45:00";"PR";376;178;"MARINGA";"Sim";"Condutor deixou de manter dist�ncia do ve�culo da frente";2;"Queda de ocupante de ve�culo";"Com V�timas Feridas";"Pleno dia";"Crescente";"C�u Claro";"M�ltipla";"Reta";"Sim";1325659;"Motocicleta";"HONDA/CG150 TITAN MIX ES/CG150 TITAN MIX ES";2009;"Condutor";"Les�es Graves";28;"Masculino";0;0;1;0;-23,41794;-51,91749;"SPRF-PR";"DEL09-PR";"UOP01-DEL09-PR"
742392;1662538;2025-12-29;"segunda-feira";"15:45:00";"PR";376;178;"MARINGA";"Sim";"Condutor deixou de manter dist�ncia do ve�culo da frente";2;"Queda de ocupante de ve�culo";"Com V�timas Feridas";"Pleno dia";"Crescente";"C�u Claro";"M�ltipla";"Reta";"Sim";1325660;"Autom�vel";"GM/CELTA 2P LIFE/CELTA 2P LIFE";2010;"Condutor";"Ileso";22;"Masculino";1;0;0;0;-23,41794;-51,91749;"SPRF-PR";"DEL09-PR";"UOP01-DEL09-PR"
742392;1662536;2025-12-29;"segunda-feira";"15:45:00";"PR";376;178;"MARINGA";"Sim";"Condutor deixou de manter dist�ncia do ve�culo da frente";1;"Colis�o traseira";"Com V�timas Feridas";"Pleno dia";"Crescente";"C�u Claro";"M�ltipla";"Reta";"Sim";1325659;"Motocicleta";"HONDA/CG150 TITAN MIX ES/CG150 TITAN MIX ES";2009;"Passageiro";"Les�es Leves";25;"Feminino";0;1;0;0;-23,41794;-51,91749;"SPRF-PR";"DEL09-PR";"UOP01-DEL09-PR"
742392;1662535;2025-12-29;"segunda-feira";"15:45:00";"PR";376;178;"MARINGA";"Sim";"Condutor deixou de manter dist�ncia do ve�culo da frente";1;"Colis�o traseira";"Com V�timas Feridas";"Pleno dia";"Crescente";"C�u Claro";"M�ltipla";"Reta";"Sim";1325659;"Motocicleta";"HONDA/CG150 TITAN MIX ES/CG150 TITAN MIX ES";2009;"Condutor";"Les�es Graves";28;"Masculino";0;0;1;0;-23,41794;-51,91749;"SPRF-PR";"DEL09-PR";"UOP01-DEL09-PR"
742392;1662538;2025-12-29;"segunda-feira";"15:45:00";"PR";376;178;"MARINGA";"Sim";"Condutor deixou de manter dist�ncia do ve�culo da frente";1;"Colis�o traseira";"Com V�timas Feridas";"Pleno dia";"Crescente";"C�u Claro";"M�ltipla";"Reta";"Sim";1325660;"Autom�vel";"GM/CELTA 2P LIFE/CELTA 2P LIFE";2010;"Condutor";"Ileso";22;"Masculino";1;0;0;0;-23,41794;-51,91749;"SPRF-PR";"DEL09-PR";"UOP01-DEL09-PR"
742393;1662400;2025-12-29;"segunda-feira";"15:00:00";"BA";324;456;"AMELIA RODRIGUES";"Sim";"Manobra de mudan�a de faixa";2;"Queda de ocupante de ve�culo";"Com V�timas Feridas";"Pleno dia";"Decrescente";"Sol";"Dupla";"Reta;Aclive";"N�o";1325586;"Motocicleta";"HONDA/XRE 300/XRE 300";2017;"Condutor";"Ileso";36;"Masculino";1;0;0;0;-12,44212737;-38,72047797;"SPRF-BA";"DEL04-BA";"UOP02-DEL04-BA"
742393;1662447;2025-12-29;"segunda-feira";"15:00:00";"BA";324;456;"AMELIA RODRIGUES";"Sim";"Manobra de mudan�a de faixa";2;"Queda de ocupante de ve�culo";"Com V�timas Feridas";"Pleno dia";"Decrescente";"Sol";"Dupla";"Reta;Aclive";"N�o";1325585;"Motocicleta";"YAMAHA/FZ25 FAZER/FZ25 FAZER";2022;"Passageiro";"Les�es Leves";48;"Feminino";0;1;0;0;-12,44212737;-38,72047797;"SPRF-BA";"DEL04-BA";"UOP02-DEL04-BA"
742393;1662399;2025-12-29;"segunda-feira";"15:00:00";"BA";324;456;"AMELIA RODRIGUES";"Sim";"Manobra de mudan�a de faixa";2;"Queda de ocupante de ve�culo";"Com V�timas Feridas";"Pleno dia";"Decrescente";"Sol";"Dupla";"Reta;Aclive";"N�o";1325585;"Motocicleta";"YAMAHA/FZ25 FAZER/FZ25 FAZER";2022;"Condutor";"Les�es Leves";38;"Masculino";0;1;0;0;-12,44212737;-38,72047797;"SPRF-BA";"DEL04-BA";"UOP02-DEL04-BA"
742393;1662400;2025-12-29;"segunda-feira";"15:00:00";"BA";324;456;"AMELIA RODRIGUES";"Sim";"Manobra de mudan�a de faixa";1;"Colis�o lateral mesmo sentido";"Com V�timas Feridas";"Pleno dia";"Decrescente";"Sol";"Dupla";"Reta;Aclive";"N�o";1325586;"Motocicleta";"HONDA/XRE 300/XRE 300";2017;"Condutor";"Ileso";36;"Masculino";1;0;0;0;-12,44212737;-38,72047797;"SPRF-BA";"DEL04-BA";"UOP02-DEL04-BA"
742393;1662447;2025-12-29;"segunda-feira";"15:00:00";"BA";324;456;"AMELIA RODRIGUES";"Sim";"Manobra de mudan�a de faixa";1;"Colis�o lateral mesmo sentido";"Com V�timas Feridas";"Pleno dia";"Decrescente";"Sol";"Dupla";"Reta;Aclive";"N�o";1325585;"Motocicleta";"YAMAHA/FZ25 FAZER/FZ25 FAZER";2022;"Passageiro";"Les�es Leves";48;"Feminino";0;1;0;0;-12,44212737;-38,72047797;"SPRF-BA";"DEL04-BA";"UOP02-DEL04-BA"
742393;1662399;2025-12-29;"segunda-feira";"15:00:00";"BA";324;456;"AMELIA RODRIGUES";"Sim";"Manobra de mudan�a de faixa";1;"Colis�o lateral mesmo sentido";"Com V�timas Feridas";"Pleno dia";"Decrescente";"Sol";"Dupla";"Reta;Aclive";"N�o";1325585;"Motocicleta";"YAMAHA/FZ25 FAZER/FZ25 FAZER";2022;"Condutor";"Les�es Leves";38;"Masculino";0;1;0;0;-12,44212737;-38,72047797;"SPRF-BA";"DEL04-BA";"UOP02-DEL04-BA"
742394;1664220;2025-12-29;"segunda-feira";"14:05:00";"SC";101;134,7;"BALNEARIO CAMBORIU";"Sim";"Aus�ncia de rea��o do condutor";1;"Colis�o traseira";"Com V�timas Feridas";"Pleno dia";"Crescente";"C�u Claro";"M�ltipla";"Reta";"Sim";1325893;"Autom�vel";"NISSAN/KICKS EXCLUSI CVT/KICKS EXCLUSI CVT";2021;"Passageiro";"Les�es Leves";30;"Masculino";0;1;0;0;-27,00418108;-48,62962458;"SPRF-SC";"DEL04-SC";"UOP03-DEL04-SC"
742394;1664218;2025-12-29;"segunda-feira";"14:05:00";"SC";101;134,7;"BALNEARIO CAMBORIU";"Sim";"Aus�ncia de rea��o do condutor";1;"Colis�o traseira";"Com V�timas Feridas";"Pleno dia";"Crescente";"C�u Claro";"M�ltipla";"Reta";"Sim";1325893;"Autom�vel";"NISSAN/KICKS EXCLUSI CVT/KICKS EXCLUSI CVT";2021;"Condutor";"Ileso";35;"Masculino";1;0;0;0;-27,00418108;-48,62962458;"SPRF-SC";"DEL04-SC";"UOP03-DEL04-SC"
742394;1662824;2025-12-29;"segunda-feira";"14:05:00";"SC";101;134,7;"BALNEARIO CAMBORIU";"Sim";"Aus�ncia de rea��o do condutor";1;"Colis�o traseira";"Com V�timas Feridas";"Pleno dia";"Crescente";"C�u Claro";"M�ltipla";"Reta";"Sim";1325851;"Autom�vel";"I/JEEP WRANGLER RUBICON/JEEP WRANGLER RUBICON";2021;"Condutor";"Ileso";41;"Masculino";1;0;0;0;-27,00418108;-48,62962458;"SPRF-SC";"DEL04-SC";"UOP03-DEL04-SC"
742395;1662508;2025-12-29;"segunda-feira";"14:50:00";"RJ";40;22;"TRES RIOS";"Sim";"Demais falhas mec�nicas ou el�tricas";2;"Colis�o com objeto";"Com V�timas Feridas";"Pleno dia";"Crescente";"C�u Claro";"Dupla";"Reta";"Sim";1325646;"Motocicleta";"HONDA/CG 160 FAN/CG 160 FAN";2022;"Condutor";"Les�es Graves";28;"Masculino";0;0;1;0;-22,1358956;-43,15944672;"SPRF-RJ";"DEL05-RJ";"UOP02-DEL05-RJ"
742395;1662510;2025-12-29;"segunda-feira";"14:50:00";"RJ";40;22;"TRES RIOS";"Sim";"Demais falhas mec�nicas ou el�tricas";2;"Colis�o com objeto";"Com V�timas Feridas";"Pleno dia";"Crescente";"C�u Claro";"Dupla";"Reta";"Sim";1325646;"Motocicleta";"HONDA/CG 160 FAN/CG 160 FAN";2022;"Passageiro";"Les�es Leves";25;"Feminino";0;1;0;0;-22,1358956;-43,15944672;"SPRF-RJ";"DEL05-RJ";"UOP02-DEL05-RJ"
742395;1662508;2025-12-29;"segunda-feira";"14:50:00";"RJ";40;22;"TRES RIOS";"Sim";"Demais falhas mec�nicas ou el�tricas";1;"Tombamento";"Com V�timas Feridas";"Pleno dia";"Crescente";"C�u Claro";"Dupla";"Reta";"Sim";1325646;"Motocicleta";"HONDA/CG 160 FAN/CG 160 FAN";2022;"Condutor";"Les�es Graves";28;"Masculino";0;0;1;0;-22,1358956;-43,15944672;"SPRF-RJ";"DEL05-RJ";"UOP02-DEL05-RJ"
742395;1662510;2025-12-29;"segunda-feira";"14:50:00";"RJ";40;22;"TRES RIOS";"Sim";"Demais falhas mec�nicas ou el�tricas";1;"Tombamento";"Com V�timas Feridas";"Pleno dia";"Crescente";"C�u Claro";"Dupla";"Reta";"Sim";1325646;"Motocicleta";"HONDA/CG 160 FAN/CG 160 FAN";2022;"Passageiro";"Les�es Leves";25;"Feminino";0;1;0;0;-22,1358956;-43,15944672;"SPRF-RJ";"DEL05-RJ";"UOP02-DEL05-RJ"
742396;1662449;2025-12-29;"segunda-feira";"14:45:00";"MS";267;1,7;"BATAGUASSU";"Sim";"Rea��o tardia ou ineficiente do condutor";3;"Tombamento";"Com V�timas Feridas";"Pleno dia";"Decrescente";"C�u Claro";"Simples";"Reta;Ponte";"N�o";1325611;"Motocicleta";"HONDA/XRE 300 SAHARA ADV/XRE 300 SAHARA ADV";2025;"Condutor";"Les�es Leves";21;"Masculino";0;1;0;0;-21,767193;-52,167138;"SPRF-MS";"DEL02-MS";"UOP04-DEL02-MS"
742396;1662451;2025-12-29;"segunda-feira";"14:45:00";"MS";267;1,7;"BATAGUASSU";"Sim";"Rea��o tardia ou ineficiente do condutor";3;"Tombamento";"Com V�timas Feridas";"Pleno dia";"Decrescente";"C�u Claro";"Simples";"Reta;Ponte";"N�o";1325611;"Motocicleta";"HONDA/XRE 300 SAHARA ADV/XRE 300 SAHARA ADV";2025;"Passageiro";"Les�es Leves";17;"Feminino";0;1;0;0;-21,767193;-52,167138;"SPRF-MS";"DEL02-MS";"UOP04-DEL02-MS"
742396;1662445;2025-12-29;"segunda-feira";"14:45:00";"MS";267;1,7;"BATAGUASSU";"Sim";"Rea��o tardia ou ineficiente do condutor";3;"Tombamento";"Com V�timas Feridas";"Pleno dia";"Decrescente";"C�u Claro";"Simples";"Reta;Ponte";"N�o";1325610;"Autom�vel";"VW/FOX 1.0/FOX 1.0";2009;"Passageiro";"Ileso";49;"Feminino";1;0;0;0;-21,767193;-52,167138;"SPRF-MS";"DEL02-MS";"UOP04-DEL02-MS"
742396;1662446;2025-12-29;"segunda-feira";"14:45:00";"MS";267;1,7;"BATAGUASSU";"Sim";"Rea��o tardia ou ineficiente do condutor";3;"Tombamento";"Com V�timas Feridas";"Pleno dia";"Decrescente";"C�u Claro";"Simples";"Reta;Ponte";"N�o";1325610;"Autom�vel";"VW/FOX 1.0/FOX 1.0";2009;"Passageiro";"Ileso";13;"Masculino";1;0;0;0;-21,767193;-52,167138;"SPRF-MS";"DEL02-MS";"UOP04-DEL02-MS"
742396;1662443;2025-12-29;"segunda-feira";"14:45:00";"MS";267;1,7;"BATAGUASSU";"Sim";"Rea��o tardia ou ineficiente do condutor";3;"Tombamento";"Com V�timas Feridas";"Pleno dia";"Decrescente";"C�u Claro";"Simples";"Reta;Ponte";"N�o";1325610;"Autom�vel";"VW/FOX 1.0/FOX 1.0";2009;"Condutor";"Ileso";61;"Masculino";1;0;0;0;-21,767193;-52,167138;"SPRF-MS";"DEL02-MS";"UOP04-DEL02-MS"
742396;1662449;2025-12-29;"segunda-feira";"14:45:00";"MS";267;1,7;"BATAGUASSU";"Sim";"Rea��o tardia ou ineficiente do condutor";2;"Queda de ocupante de ve�culo";"Com V�timas Feridas";"Pleno dia";"Decrescente";"C�u Claro";"Simples";"Reta;Ponte";"N�o";1325611;"Motocicleta";"HONDA/XRE 300 SAHARA ADV/XRE 300 SAHARA ADV";2025;"Condutor";"Les�es Leves";21;"Masculino";0;1;0;0;-21,767193;-52,167138;"SPRF-MS";"DEL02-MS";"UOP04-DEL02-MS"
742396;1662451;2025-12-29;"segunda-feira";"14:45:00";"MS";267;1,7;"BATAGUASSU";"Sim";"Rea��o tardia ou ineficiente do condutor";2;"Queda de ocupante de ve�culo";"Com V�timas Feridas";"Pleno dia";"Decrescente";"C�u Claro";"Simples";"Reta;Ponte";"N�o";1325611;"Motocicleta";"HONDA/XRE 300 SAHARA ADV/XRE 300 SAHARA ADV";2025;"Passageiro";"Les�es Leves";17;"Feminino";0;1;0;0;-21,767193;-52,167138;"SPRF-MS";"DEL02-MS";"UOP04-DEL02-MS"
742396;1662445;2025-12-29;"segunda-feira";"14:45:00";"MS";267;1,7;"BATAGUASSU";"Sim";"Rea��o tardia ou ineficiente do condutor";2;"Queda de ocupante de ve�culo";"Com V�timas Feridas";"Pleno dia";"Decrescente";"C�u Claro";"Simples";"Reta;Ponte";"N�o";1325610;"Autom�vel";"VW/FOX 1.0/FOX 1.0";2009;"Passageiro";"Ileso";49;"Feminino";1;0;0;0;-21,767193;-52,167138;"SPRF-MS";"DEL02-MS";"UOP04-DEL02-MS"
742396;1662446;2025-12-29;"segunda-feira";"14:45:00";"MS";267;1,7;"BATAGUASSU";"Sim";"Rea��o tardia ou ineficiente do condutor";2;"Queda de ocupante de ve�culo";"Com V�timas Feridas";"Pleno dia";"Decrescente";"C�u Claro";"Simples";"Reta;Ponte";"N�o";1325610;"Autom�vel";"VW/FOX 1.0/FOX 1.0";2009;"Passageiro";"Ileso";13;"Masculino";1;0;0;0;-21,767193;-52,167138;"SPRF-MS";"DEL02-MS";"UOP04-DEL02-MS"