"id";"pesid";"data_inversa";"dia_semana";"horario";"uf";"br";"km";"municipio";"causa_principal";"causa_acidente";"ordem_tipo_acidente";"tipo_acidente";"classificacao_acidente";"fase_dia";"sentido_via";"condicao_metereologica";"tipo_pista";"tracado_via";"uso_solo";"id_veiculo";"tipo_veiculo";"marca";"ano_fabricacao_veiculo";"tipo_envolvido";"estado_fisico";"idade";"sexo";"ilesos";"feridos_leves";"feridos_graves";"mortos";"latitude";"longitude";"regional";"delegacia";"uop"
742396;1662443;2025-12-29;"segunda-feira";"14:45:00";"MS";267;1,7;"BATAGUASSU";"Sim";"Rea��o tardia ou ineficiente do condutor";2;"Queda de ocupante de ve�culo";"Com V�timas Feridas";"Pleno dia";"Decrescente";"C�u Claro";"Simples";"Reta;Ponte";"N�o";1325610;"Autom�vel";"VW/FOX 1.0/FOX 1.0";2009;"Condutor";"Ileso";61;"Masculino";1;0;0;0;-21,767193;-52,167138;"SPRF-MS";"DEL02-MS";"UOP04-DEL02-MS"
742396;1662449;2025-12-29;"segunda-feira";"14:45:00";"MS";267;1,7;"BATAGUASSU";"Sim";"Rea��o tardia ou ineficiente do condutor";1;"Colis�o traseira";"Com V�timas Feridas";"Pleno dia";"Decrescente";"C�u Claro";"Simples";"Reta;Ponte";"N�o";1325611;"Motocicleta";"HONDA/XRE 300 SAHARA ADV/XRE 300 SAHARA ADV";2025;"Condutor";"Les�es Leves";21;"Masculino";0;1;0;0;-21,767193;-52,167138;"SPRF-MS";"DEL02-MS";"UOP04-DEL02-MS"
742396;1662451;2025-12-29;"segunda-feira";"14:45:00";"MS";267;1,7;"BATAGUASSU";"Sim";"Rea��o tardia ou ineficiente do condutor";1;"Colis�o traseira";"Com V�timas Feridas";"Pleno dia";"Decrescente";"C�u Claro";"Simples";"Reta;Ponte";"N�o";1325611;"Motocicleta";"HONDA/XRE 300 SAHARA ADV/XRE 300 SAHARA ADV";2025;"Passageiro";"Les�es Leves";17;"Feminino";0;1;0;0;-21,767193;-52,167138;"SPRF-MS";"DEL02-MS";"UOP04-DEL02-MS"
742396;1662445;2025-12-29;"segunda-feira";"14:45:00";"MS";267;1,7;"BATAGUASSU";"Sim";"Rea��o tardia ou ineficiente do condutor";1;"Colis�o traseira";"Com V�timas Feridas";"Pleno dia";"Decrescente";"C�u Claro";"Simples";"Reta;Ponte";"N�o";1325610;"Autom�vel";"VW/FOX 1.0/FOX 1.0";2009;"Passageiro";"Ileso";49;"Feminino";1;0;0;0;-21,767193;-52,167138;"SPRF-MS";"DEL02-MS";"UOP04-DEL02-MS"
742396;1662446;2025-12-29;"segunda-feira";"14:45:00";"MS";267;1,7;"BATAGUASSU";"Sim";"Rea��o tardia ou ineficiente do condutor";1;"Colis�o traseira";"Com V�timas Feridas";"Pleno dia";"Decrescente";"C�u Claro";"Simples";"Reta;Ponte";"N�o";1325610;"Autom�vel";"VW/FOX 1.0/FOX 1.0";2009;"Passageiro";"Ileso";13;"Masculino";1;0;0;0;-21,767193;-52,167138;"SPRF-MS";"DEL02-MS";"UOP04-DEL02-MS"
742396;1662443;2025-12-29;"segunda-feira";"14:45:00";"MS";267;1,7;"BATAGUASSU";"Sim";"Rea��o tardia ou ineficiente do condutor";1;"Colis�o traseira";"Com V�timas Feridas";"Pleno dia";"Decrescente";"C�u Claro";"Simples";"Reta;Ponte";"N�o";1325610;"Autom�vel";"VW/FOX 1.0/FOX 1.0";2009;"Condutor";"Ileso";61;"Masculino";1;0;0;0;-21,767193;-52,167138;"SPRF-MS";"DEL02-MS";"UOP04-DEL02-MS"
742397;1662387;2025-12-06;"s�bado";"23:00:00";"PB";230;226,5;"SOLEDADE";"Sim";"Rea��o tardia ou ineficiente do condutor";3;"Sa�da de leito carro��vel";"Com V�timas Feridas";"Plena Noite";"Decrescente";"Ignorado";"Simples";"Reta";"N�o";1325573;"Caminh�o";"M.BENZ/710/710";2008;"Condutor";"Ileso";53;"Masculino";1;0;0;0;-7,0368;-36,462;"SPRF-PB";"DEL02-PB";"UOP02-DEL02-PB"
742397;1662386;2025-12-06;"s�bado";"23:00:00";"PB";230;226,5;"SOLEDADE";"Sim";"Rea��o tardia ou ineficiente do condutor";3;"Sa�da de leito carro��vel";"Com V�timas Feridas";"Plena Noite";"Decrescente";"Ignorado";"Simples";"Reta";"N�o";1325572;"�nibus";"MBENZ/MPOLO PARADISO DD/MPOLO PARADISO DD";2023;"Condutor";"Ileso";60;"Masculino";1;0;0;0;-7,0368;-36,462;"SPRF-PB";"DEL02-PB";"UOP02-DEL02-PB"
742397;1662385;2025-12-06;"s�bado";"23:00:00";"PB";230;226,5;"SOLEDADE";"Sim";"Rea��o tardia ou ineficiente do condutor";3;"Sa�da de leito carro��vel";"Com V�timas Feridas";"Plena Noite";"Decrescente";"Ignorado";"Simples";"Reta";"N�o";1325571;"Camioneta";"FORD/ECOSPORT XL 1.6FLEX/ECOSPORT XL 1.6FLEX";2007;"Condutor";"Les�es Graves";30;"Masculino";0;0;1;0;-7,0368;-36,462;"SPRF-PB";"DEL02-PB";"UOP02-DEL02-PB"
742397;1662387;2025-12-06;"s�bado";"23:00:00";"PB";230;226,5;"SOLEDADE";"Sim";"Rea��o tardia ou ineficiente do condutor";2;"Colis�o frontal";"Com V�timas Feridas";"Plena Noite";"Decrescente";"Ignorado";"Simples";"Reta";"N�o";1325573;"Caminh�o";"M.BENZ/710/710";2008;"Condutor";"Ileso";53;"Masculino";1;0;0;0;-7,0368;-36,462;"SPRF-PB";"DEL02-PB";"UOP02-DEL02-PB"
742397;1662386;2025-12-06;"s�bado";"23:00:00";"PB";230;226,5;"SOLEDADE";"Sim";"Rea��o tardia ou ineficiente do condutor";2;"Colis�o frontal";"Com V�timas Feridas";"Plena Noite";"Decrescente";"Ignorado";"Simples";"Reta";"N�o";1325572;"�nibus";"MBENZ/MPOLO PARADISO DD/MPOLO PARADISO DD";2023;"Condutor";"Ileso";60;"Masculino";1;0;0;0;-7,0368;-36,462;"SPRF-PB";"DEL02-PB";"UOP02-DEL02-PB"
742397;1662385;2025-12-06;"s�bado";"23:00:00";"PB";230;226,5;"SOLEDADE";"Sim";"Rea��o tardia ou ineficiente do condutor";2;"Colis�o frontal";"Com V�timas Feridas";"Plena Noite";"Decrescente";"Ignorado";"Simples";"Reta";"N�o";1325571;"Camioneta";"FORD/ECOSPORT XL 1.6FLEX/ECOSPORT XL 1.6FLEX";2007;"Condutor";"Les�es Graves";30;"Masculino";0;0;1;0;-7,0368;-36,462;"SPRF-PB";"DEL02-PB";"UOP02-DEL02-PB"
742397;1662387;2025-12-06;"s�bado";"23:00:00";"PB";230;226,5;"SOLEDADE";"Sim";"Rea��o tardia ou ineficiente do condutor";1;"Colis�o lateral mesmo sentido";"Com V�timas Feridas";"Plena Noite";"Decrescente";"Ignorado";"Simples";"Reta";"N�o";1325573;"Caminh�o";"M.BENZ/710/710";2008;"Condutor";"Ileso";53;"Masculino";1;0;0;0;-7,0368;-36,462;"SPRF-PB";"DEL02-PB";"UOP02-DEL02-PB"
742397;1662386;2025-12-06;"s�bado";"23:00:00";"PB";230;226,5;"SOLEDADE";"Sim";"Rea��o tardia ou ineficiente do condutor";1;"Colis�o lateral mesmo sentido";"Com V�timas Feridas";"Plena Noite";"Decrescente";"Ignorado";"Simples";"Reta";"N�o";1325572;"�nibus";"MBENZ/MPOLO PARADISO DD/MPOLO PARADISO DD";2023;"Condutor";"Ileso";60;"Masculino";1;0;0;0;-7,0368;-36,462;"SPRF-PB";"DEL02-PB";"UOP02-DEL02-PB"
742397;1662385;2025-12-06;"s�bado";"23:00:00";"PB";230;226,5;"SOLEDADE";"Sim";"Rea��o tardia ou ineficiente do condutor";1;"Colis�o lateral mesmo sentido";"Com V�timas Feridas";"Plena Noite";"Decrescente";"Ignorado";"Simples";"Reta";"N�o";1325571;"Camioneta";"FORD/ECOSPORT XL 1.6FLEX/ECOSPORT XL 1.6FLEX";2007;"Condutor";"Les�es Graves";30;"Masculino";0;0;1;0;-7,0368;-36,462;"SPRF-PB";"DEL02-PB";"UOP02-DEL02-PB"
742397;1662387;2025-12-06;"s�bado";"23:00:00";"PB";230;226,5;"SOLEDADE";"N�o";"Ingest�o de �lcool pelo condutor";3;"Sa�da de leito carro��vel";"Com V�timas Feridas";"Plena Noite";"Decrescente";"Ignorado";"Simples";"Reta";"N�o";1325573;"Caminh�o";"M.BENZ/710/710";2008;"Condutor";"Ileso";53;"Masculino";1;0;0;0;-7,0368;-36,462;"SPRF-PB";"DEL02-PB";"UOP02-DEL02-PB"
742397;1662386;2025-12-06;"s�bado";"23:00:00";"PB";230;226,5;"SOLEDADE";"N�o";"Ingest�o de �lcool pelo condutor";3;"Sa�da de leito carro��vel";"Com V�timas Feridas";"Plena Noite";"Decrescente";"Ignorado";"Simples";"Reta";"N�o";1325572;"�nibus";"MBENZ/MPOLO PARADISO DD/MPOLO PARADISO DD";2023;"Condutor";"Ileso";60;"Masculino";1;0;0;0;-7,0368;-36,462;"SPRF-PB";"DEL02-PB";"UOP02-DEL02-PB"
742397;1662385;2025-12-06;"s�bado";"23:00:00";"PB";230;226,5;"SOLEDADE";"N�o";"Ingest�o de �lcool pelo condutor";3;"Sa�da de leito carro��vel";"Com V�timas Feridas";"Plena Noite";"Decrescente";"Ignorado";"Simples";"Reta";"N�o";1325571;"Camioneta";"FORD/ECOSPORT XL 1.6FLEX/ECOSPORT XL 1.6FLEX";2007;"Condutor";"Les�es Graves";30;"Masculino";0;0;1;0;-7,0368;-36,462;"SPRF-PB";"DEL02-PB";"UOP02-DEL02-PB"
742397;1662387;2025-12-06;"s�bado";"23:00:00";"PB";230;226,5;"SOLEDADE";"N�o";"Ingest�o de �lcool pelo condutor";2;"Colis�o frontal";"Com V�timas Feridas";"Plena Noite";"Decrescente";"Ignorado";"Simples";"Reta";"N�o";1325573;"Caminh�o";"M.BENZ/710/710";2008;"Condutor";"Ileso";53;"Masculino";1;0;0;0;-7,0368;-36,462;"SPRF-PB";"DEL02-PB";"UOP02-DEL02-PB"
742397;1662386;2025-12-06;"s�bado";"23:00:00";"PB";230;226,5;"SOLEDADE";"N�o";"Ingest�o de �lcool pelo condutor";2;"Colis�o frontal";"Com V�timas Feridas";"Plena Noite";"Decrescente";"Ignorado";"Simples";"Reta";"N�o";1325572;"�nibus";"MBENZ/MPOLO PARADISO DD/MPOLO PARADISO DD";2023;"Condutor";"Ileso";60;"Masculino";1;0;0;0;-7,0368;-36,462;"SPRF-PB";"DEL02-PB";"UOP02-DEL02-PB"
742397;1662385;2025-12-06;"s�bado";"23:00:00";"PB";230;226,5;"SOLEDADE";"N�o";"Ingest�o de �lcool pelo condutor";2;"Colis�o frontal";"Com V�timas Feridas";"Plena Noite";"Decrescente";"Ignorado";"Simples";"Reta";"N�o";1325571;"Camioneta";"FORD/ECOSPORT XL 1.6FLEX/ECOSPORT XL 1.6FLEX";2007;"Condutor";"Les�es Graves";30;"Masculino";0;0;1;0;-7,0368;-36,462;"SPRF-PB";"DEL02-PB";"UOP02-DEL02-PB"
742397;1662387;2025-12-06;"s�bado";"23:00:00";"PB";230;226,5;"SOLEDADE";"N�o";"Ingest�o de �lcool pelo condutor";1;"Colis�o lateral mesmo sentido";"Com V�timas Feridas";"Plena Noite";"Decrescente";"Ignorado";"Simples";"Reta";"N�o";1325573;"Caminh�o";"M.BENZ/710/710";2008;"Condutor";"Ileso";53;"Masculino";1;0;0;0;-7,0368;-36,462;"SPRF-PB";"DEL02-PB";"UOP02-DEL02-PB"
742397;1662386;2025-12-06;"s�bado";"23:00:00";"PB";230;226,5;"SOLEDADE";"N�o";"Ingest�o de �lcool pelo condutor";1;"Colis�o lateral mesmo sentido";"Com V�timas Feridas";"Plena Noite";"Decrescente";"Ignorado";"Simples";"Reta";"N�o";1325572;"�nibus";"MBENZ/MPOLO PARADISO DD/MPOLO PARADISO DD";2023;"Condutor";"Ileso";60;"Masculino";1;0;0;0;-7,0368;-36,462;"SPRF-PB";"DEL02-PB";"UOP02-DEL02-PB"
742397;1662385;2025-12-06;"s�bado";"23:00:00";"PB";230;226,5;"SOLEDADE";"N�o";"Ingest�o de �lcool pelo condutor";1;"Colis�o lateral mesmo sentido";"Com V�timas Feridas";"Plena Noite";"Decrescente";"Ignorado";"Simples";"Reta";"N�o";1325571;"Camioneta";"FORD/ECOSPORT XL 1.6FLEX/ECOSPORT XL 1.6FLEX";2007;"Condutor";"Les�es Graves";30;"Masculino";0;0;1;0;-7,0368;-36,462;"SPRF-PB";"DEL02-PB";"UOP02-DEL02-PB"
742398;1662410;2025-12-06;"s�bado";"04:00:00";"SC";163;98;"SAO JOSE DO CEDRO";"Sim";"Condutor Dormindo";1;"Sa�da de leito carro��vel";"Com V�timas Feridas";"Plena Noite";"Decrescente";"C�u Claro";"Simples";"Declive;Reta";"N�o";1325593;"Outros";"N�o Informado/N�o Informado/N�o Informado";0;"Condutor";"Les�es Graves";21;"Masculino";0;0;1;0;-26,50266092;-53,50897372;"SPRF-SC";"DEL07-SC";"UOP03-DEL07-SC"
742399;1662405;2025-12-29;"segunda-feira";"15:30:00";"SC";280;209,9;"TRES BARRAS";"Sim";"Acessar a via sem observar a presen�a dos outros ve�culos";1;"Colis�o transversal";"Com V�timas Feridas";"Pleno dia";"Decrescente";"Garoa/Chuvisco";"Simples";"Reta";"N�o";1325582;"Autom�vel";"HYUNDAI/HB20 1.0M UNIQUE/HB20 1.0M UNIQUE";2018;"Passageiro";"Les�es Leves";17;"Feminino";0;1;0;0;-26,1739469;-50,1668691;"SPRF-SC";"DEL06-SC";"UOP04-DEL06-SC"
742399;1662397;2025-12-29;"segunda-feira";"15:30:00";"SC";280;209,9;"TRES BARRAS";"Sim";"Acessar a via sem observar a presen�a dos outros ve�culos";1;"Colis�o transversal";"Com V�timas Feridas";"Pleno dia";"Decrescente";"Garoa/Chuvisco";"Simples";"Reta";"N�o";1325582;"Autom�vel";"HYUNDAI/HB20 1.0M UNIQUE/HB20 1.0M UNIQUE";2018;"Condutor";"Les�es Leves";43;"Feminino";0;1;0;0;-26,1739469;-50,1668691;"SPRF-SC";"DEL06-SC";"UOP04-DEL06-SC"
742399;1662398;2025-12-29;"segunda-feira";"15:30:00";"SC";280;209,9;"TRES BARRAS";"Sim";"Acessar a via sem observar a presen�a dos outros ve�culos";1;"Colis�o transversal";"Com V�timas Feridas";"Pleno dia";"Decrescente";"Garoa/Chuvisco";"Simples";"Reta";"N�o";1325581;"Autom�vel";"FIAT/UNO VIVACE 1.0/UNO VIVACE 1.0";2014;"Condutor";"Les�es Leves";57;"Masculino";0;1;0;0;-26,1739469;-50,1668691;"SPRF-SC";"DEL06-SC";"UOP04-DEL06-SC"
742401;1662401;2025-12-29;"segunda-feira";"15:45:00";"MG";365;413;"PATOS DE MINAS";"Sim";"Aus�ncia de rea��o do condutor";1;"Colis�o traseira";"Com V�timas Feridas";"Pleno dia";"Decrescente";"C�u Claro";"M�ltipla";"Reta";"N�o";1325584;"Caminh�o-trator";"M.BENZ/AXOR 2544 S/AXOR 2544 S";2021;"Condutor";"Ileso";37;"Masculino";1;0;0;0;-18,68258443;-46,57348752;"SPRF-MG";"DEL10-MG";"UOP01-DEL10-MG"
742401;1662402;2025-12-29;"segunda-feira";"15:45:00";"MG";365;413;"PATOS DE MINAS";"Sim";"Aus�ncia de rea��o do condutor";1;"Colis�o traseira";"Com V�timas Feridas";"Pleno dia";"Decrescente";"C�u Claro";"M�ltipla";"Reta";"N�o";1325583;"Autom�vel";"GM/CORSA WIND/CORSA WIND";1998;"Condutor";"Les�es Leves";79;"Masculino";0;1;0;0;-18,68258443;-46,57348752;"SPRF-MG";"DEL10-MG";"UOP01-DEL10-MG"
742401;NA;2025-12-29;"segunda-feira";"15:45:00";"MG";365;413;"PATOS DE MINAS";"Sim";"Aus�ncia de rea��o do condutor";1;"Colis�o traseira";"Com V�timas Feridas";"Pleno dia";"Decrescente";"C�u Claro";"M�ltipla";"Reta";"N�o";1325587;"Semireboque";"SR/BIASI BSTA 3EDI/BIASI BSTA 3EDI";2013;NA;NA;NA;NA;NA;NA;NA;NA;-18,68258443;-46,57348752;"SPRF-MG";"DEL10-MG";"UOP01-DEL10-MG"
742402;1662444;2025-12-29;"segunda-feira";"16:10:00";"MG";40;454;"CAETANOPOLIS";"N�o";"Rea��o tardia ou ineficiente do condutor";2;"Colis�o com objeto";"Com V�timas Feridas";"Pleno dia";"Crescente";"Chuva";"Dupla";"Reta";"Sim";1325612;"Caminh�o";"FORD/CARGO 815/CARGO 815";2004;"Passageiro";"Les�es Leves";61;"Masculino";0;1;0;0;-19,3531309;-44,350384;"SPRF-MG";"DEL02-MG";"UOP01-DEL02-MG"
742402;1662442;2025-12-29;"segunda-feira";"16:10:00";"MG";40;454;"CAETANOPOLIS";"N�o";"Rea��o tardia ou ineficiente do condutor";2;"Colis�o com objeto";"Com V�timas Feridas";"Pleno dia";"Crescente";"Chuva";"Dupla";"Reta";"Sim";1325612;"Caminh�o";"FORD/CARGO 815/CARGO 815";2004;"Condutor";"Les�es Graves";63;"Masculino";0;0;1;0;-19,3531309;-44,350384;"SPRF-MG";"DEL02-MG";"UOP01-DEL02-MG"
742402;1662444;2025-12-29;"segunda-feira";"16:10:00";"MG";40;454;"CAETANOPOLIS";"N�o";"Rea��o tardia ou ineficiente do condutor";1;"Sa�da de leito carro��vel";"Com V�timas Feridas";"Pleno dia";"Crescente";"Chuva";"Dupla";"Reta";"Sim";1325612;"Caminh�o";"FORD/CARGO 815/CARGO 815";2004;"Passageiro";"Les�es Leves";61;"Masculino";0;1;0;0;-19,3531309;-44,350384;"SPRF-MG";"DEL02-MG";"UOP01-DEL02-MG"
742402;1662442;2025-12-29;"segunda-feira";"16:10:00";"MG";40;454;"CAETANOPOLIS";"N�o";"Rea��o tardia ou ineficiente do condutor";1;"Sa�da de leito carro��vel";"Com V�timas Feridas";"Pleno dia";"Crescente";"Chuva";"Dupla";"Reta";"Sim";1325612;"Caminh�o";"FORD/CARGO 815/CARGO 815";2004;"Condutor";"Les�es Graves";63;"Masculino";0;0;1;0;-19,3531309;-44,350384;"SPRF-MG";"DEL02-MG";"UOP01-DEL02-MG"
742402;1662444;2025-12-29;"segunda-feira";"16:10:00";"MG";40;454;"CAETANOPOLIS";"Sim";"Velocidade Incompat�vel";2;"Colis�o com objeto";"Com V�timas Feridas";"Pleno dia";"Crescente";"Chuva";"Dupla";"Reta";"Sim";1325612;"Caminh�o";"FORD/CARGO 815/CARGO 815";2004;"Passageiro";"Les�es Leves";61;"Masculino";0;1;0;0;-19,3531309;-44,350384;"SPRF-MG";"DEL02-MG";"UOP01-DEL02-MG"
742402;1662442;2025-12-29;"segunda-feira";"16:10:00";"MG";40;454;"CAETANOPOLIS";"Sim";"Velocidade Incompat�vel";2;"Colis�o com objeto";"Com V�timas Feridas";"Pleno dia";"Crescente";"Chuva";"Dupla";"Reta";"Sim";1325612;"Caminh�o";"FORD/CARGO 815/CARGO 815";2004;"Condutor";"Les�es Graves";63;"Masculino";0;0;1;0;-19,3531309;-44,350384;"SPRF-MG";"DEL02-MG";"UOP01-DEL02-MG"
742402;1662444;2025-12-29;"segunda-feira";"16:10:00";"MG";40;454;"CAETANOPOLIS";"Sim";"Velocidade Incompat�vel";1;"Sa�da de leito carro��vel";"Com V�timas Feridas";"Pleno dia";"Crescente";"Chuva";"Dupla";"Reta";"Sim";1325612;"Caminh�o";"FORD/CARGO 815/CARGO 815";2004;"Passageiro";"Les�es Leves";61;"Masculino";0;1;0;0;-19,3531309;-44,350384;"SPRF-MG";"DEL02-MG";"UOP01-DEL02-MG"
742402;1662442;2025-12-29;"segunda-feira";"16:10:00";"MG";40;454;"CAETANOPOLIS";"Sim";"Velocidade Incompat�vel";1;"Sa�da de leito carro��vel";"Com V�timas Feridas";"Pleno dia";"Crescente";"Chuva";"Dupla";"Reta";"Sim";1325612;"Caminh�o";"FORD/CARGO 815/CARGO 815";2004;"Condutor";"Les�es Graves";63;"Masculino";0;0;1;0;-19,3531309;-44,350384;"SPRF-MG";"DEL02-MG";"UOP01-DEL02-MG"
742403;1662417;2025-12-29;"segunda-feira";"12:10:00";"PR";277;432,2;"VIRMOND";"N�o";"Chuva";2;"Colis�o com objeto";"Com V�timas Feridas";"Pleno dia";"Decrescente";"Chuva";"Simples";"Curva";"N�o";1325589;"Autom�vel";"FORD/KA FLEX/KA FLEX";2010;"Passageiro";"Les�es Leves";75;"Feminino";0;1;0;0;-25,38289;-52,17954;"SPRF-PR";"DEL04-PR";"UOP02-DEL04-PR"
742403;1662416;2025-12-29;"segunda-feira";"12:10:00";"PR";277;432,2;"VIRMOND";"N�o";"Chuva";2;"Colis�o com objeto";"Com V�timas Feridas";"Pleno dia";"Decrescente";"Chuva";"Simples";"Curva";"N�o";1325589;"Autom�vel";"FORD/KA FLEX/KA FLEX";2010;"Condutor";"Les�es Leves";78;"Masculino";0;1;0;0;-25,38289;-52,17954;"SPRF-PR";"DEL04-PR";"UOP02-DEL04-PR"
742403;1662417;2025-12-29;"segunda-feira";"12:10:00";"PR";277;432,2;"VIRMOND";"N�o";"Chuva";1;"Sa�da de leito carro��vel";"Com V�timas Feridas";"Pleno dia";"Decrescente";"Chuva";"Simples";"Curva";"N�o";1325589;"Autom�vel";"FORD/KA FLEX/KA FLEX";2010;"Passageiro";"Les�es Leves";75;"Feminino";0;1;0;0;-25,38289;-52,17954;"SPRF-PR";"DEL04-PR";"UOP02-DEL04-PR"
742403;1662416;2025-12-29;"segunda-feira";"12:10:00";"PR";277;432,2;"VIRMOND";"N�o";"Chuva";1;"Sa�da de leito carro��vel";"Com V�timas Feridas";"Pleno dia";"Decrescente";"Chuva";"Simples";"Curva";"N�o";1325589;"Autom�vel";"FORD/KA FLEX/KA FLEX";2010;"Condutor";"Les�es Leves";78;"Masculino";0;1;0;0;-25,38289;-52,17954;"SPRF-PR";"DEL04-PR";"UOP02-DEL04-PR"
742403;1662417;2025-12-29;"segunda-feira";"12:10:00";"PR";277;432,2;"VIRMOND";"Sim";"Aus�ncia de rea��o do condutor";2;"Colis�o com objeto";"Com V�timas Feridas";"Pleno dia";"Decrescente";"Chuva";"Simples";"Curva";"N�o";1325589;"Autom�vel";"FORD/KA FLEX/KA FLEX";2010;"Passageiro";"Les�es Leves";75;"Feminino";0;1;0;0;-25,38289;-52,17954;"SPRF-PR";"DEL04-PR";"UOP02-DEL04-PR"
742403;1662416;2025-12-29;"segunda-feira";"12:10:00";"PR";277;432,2;"VIRMOND";"Sim";"Aus�ncia de rea��o do condutor";2;"Colis�o com objeto";"Com V�timas Feridas";"Pleno dia";"Decrescente";"Chuva";"Simples";"Curva";"N�o";1325589;"Autom�vel";"FORD/KA FLEX/KA FLEX";2010;"Condutor";"Les�es Leves";78;"Masculino";0;1;0;0;-25,38289;-52,17954;"SPRF-PR";"DEL04-PR";"UOP02-DEL04-PR"
742403;1662417;2025-12-29;"segunda-feira";"12:10:00";"PR";277;432,2;"VIRMOND";"Sim";"Aus�ncia de rea��o do condutor";1;"Sa�da de leito carro��vel";"Com V�timas Feridas";"Pleno dia";"Decrescente";"Chuva";"Simples";"Curva";"N�o";1325589;"Autom�vel";"FORD/KA FLEX/KA FLEX";2010;"Passageiro";"Les�es Leves";75;"Feminino";0;1;0;0;-25,38289;-52,17954;"SPRF-PR";"DEL04-PR";"UOP02-DEL04-PR"
742403;1662416;2025-12-29;"segunda-feira";"12:10:00";"PR";277;432,2;"VIRMOND";"Sim";"Aus�ncia de rea��o do condutor";1;"Sa�da de leito carro��vel";"Com V�timas Feridas";"Pleno dia";"Decrescente";"Chuva";"Simples";"Curva";"N�o";1325589;"Autom�vel";"FORD/KA FLEX/KA FLEX";2010;"Condutor";"Les�es Leves";78;"Masculino";0;1;0;0;-25,38289;-52,17954;"SPRF-PR";"DEL04-PR";"UOP02-DEL04-PR"
742404;1662641;2025-12-29;"segunda-feira";"16:20:00";"PB";230;64;"SAO MIGUEL DE TAIPU";"N�o";"Retorno proibido";2;"Tombamento";"Com V�timas Feridas";"Pleno dia";"Crescente";"C�u Claro";"Dupla";"Reta";"N�o";1325724;"Motocicleta";"N�o Informado/N�o Informado/N�o Informado";0;"Condutor";"N�o Informado";NA;"N�o Informado";0;0;0;0;-7,194127;-35,17573;"SPRF-PB";"DEL01-PB";"UOP02-DEL01-PB"
742404;1662622;2025-12-29;"segunda-feira";"16:20:00";"PB";230;64;"SAO MIGUEL DE TAIPU";"N�o";"Retorno proibido";2;"Tombamento";"Com V�timas Feridas";"Pleno dia";"Crescente";"C�u Claro";"Dupla";"Reta";"N�o";1325713;"Motocicleta";"N�o Informado/N�o Informado/N�o Informado";0;"Condutor";"Les�es Leves";52;"Masculino";0;1;0;0;-7,194127;-35,17573;"SPRF-PB";"DEL01-PB";"UOP02-DEL01-PB"
742404;1662641;2025-12-29;"segunda-feira";"16:20:00";"PB";230;64;"SAO MIGUEL DE TAIPU";"N�o";"Retorno proibido";1;"Queda de ocupante de ve�culo";"Com V�timas Feridas";"Pleno dia";"Crescente";"C�u Claro";"Dupla";"Reta";"N�o";1325724;"Motocicleta";"N�o Informado/N�o Informado/N�o Informado";0;"Condutor";"N�o Informado";NA;"N�o Informado";0;0;0;0;-7,194127;-35,17573;"SPRF-PB";"DEL01-PB";"UOP02-DEL01-PB"
742404;1662622;2025-12-29;"segunda-feira";"16:20:00";"PB";230;64;"SAO MIGUEL DE TAIPU";"N�o";"Retorno proibido";1;"Queda de ocupante de ve�culo";"Com V�timas Feridas";"Pleno dia";"Crescente";"C�u Claro";"Dupla";"Reta";"N�o";1325713;"Motocicleta";"N�o Informado/N�o Informado/N�o Informado";0;"Condutor";"Les�es Leves";52;"Masculino";0;1;0;0;-7,194127;-35,17573;"SPRF-PB";"DEL01-PB";"UOP02-DEL01-PB"
742404;1662641;2025-12-29;"segunda-feira";"16:20:00";"PB";230;64;"SAO MIGUEL DE TAIPU";"N�o";"Acesso irregular";2;"Tombamento";"Com V�timas Feridas";"Pleno dia";"Crescente";"C�u Claro";"Dupla";"Reta";"N�o";1325724;"Motocicleta";"N�o Informado/N�o Informado/N�o Informado";0;"Condutor";"N�o Informado";NA;"N�o Informado";0;0;0;0;-7,194127;-35,17573;"SPRF-PB";"DEL01-PB";"UOP02-DEL01-PB"
742404;1662622;2025-12-29;"segunda-feira";"16:20:00";"PB";230;64;"SAO MIGUEL DE TAIPU";"N�o";"Acesso irregular";2;"Tombamento";"Com V�timas Feridas";"Pleno dia";"Crescente";"C�u Claro";"Dupla";"Reta";"N�o";1325713;"Motocicleta";"N�o Informado/N�o Informado/N�o Informado";0;"Condutor";"Les�es Leves";52;"Masculino";0;1;0;0;-7,194127;-35,17573;"SPRF-PB";"DEL01-PB";"UOP02-DEL01-PB"
742404;1662641;2025-12-29;"segunda-feira";"16:20:00";"PB";230;64;"SAO MIGUEL DE TAIPU";"N�o";"Acesso irregular";1;"Queda de ocupante de ve�culo";"Com V�timas Feridas";"Pleno dia";"Crescente";"C�u Claro";"Dupla";"Reta";"N�o";1325724;"Motocicleta";"N�o Informado/N�o Informado/N�o Informado";0;"Condutor";"N�o Informado";NA;"N�o Informado";0;0;0;0;-7,194127;-35,17573;"SPRF-PB";"DEL01-PB";"UOP02-DEL01-PB"