"id";"pesid";"data_inversa";"dia_semana";"horario";"uf";"br";"km";"municipio";"causa_principal";"causa_acidente";"ordem_tipo_acidente";"tipo_acidente";"classificacao_acidente";"fase_dia";"sentido_via";"condicao_metereologica";"tipo_pista";"tracado_via";"uso_solo";"id_veiculo";"tipo_veiculo";"marca";"ano_fabricacao_veiculo";"tipo_envolvido";"estado_fisico";"idade";"sexo";"ilesos";"feridos_leves";"feridos_graves";"mortos";"latitude";"longitude";"regional";"delegacia";"uop"
742404;1662622;2025-12-29;"segunda-feira";"16:20:00";"PB";230;64;"SAO MIGUEL DE TAIPU";"N�o";"Acesso irregular";1;"Queda de ocupante de ve�culo";"Com V�timas Feridas";"Pleno dia";"Crescente";"C�u Claro";"Dupla";"Reta";"N�o";1325713;"Motocicleta";"N�o Informado/N�o Informado/N�o Informado";0;"Condutor";"Les�es Leves";52;"Masculino";0;1;0;0;-7,194127;-35,17573;"SPRF-PB";"DEL01-PB";"UOP02-DEL01-PB"
742404;1662641;2025-12-29;"segunda-feira";"16:20:00";"PB";230;64;"SAO MIGUEL DE TAIPU";"Sim";"Acessar a via sem observar a presen�a dos outros ve�culos";2;"Tombamento";"Com V�timas Feridas";"Pleno dia";"Crescente";"C�u Claro";"Dupla";"Reta";"N�o";1325724;"Motocicleta";"N�o Informado/N�o Informado/N�o Informado";0;"Condutor";"N�o Informado";NA;"N�o Informado";0;0;0;0;-7,194127;-35,17573;"SPRF-PB";"DEL01-PB";"UOP02-DEL01-PB"
742404;1662622;2025-12-29;"segunda-feira";"16:20:00";"PB";230;64;"SAO MIGUEL DE TAIPU";"Sim";"Acessar a via sem observar a presen�a dos outros ve�culos";2;"Tombamento";"Com V�timas Feridas";"Pleno dia";"Crescente";"C�u Claro";"Dupla";"Reta";"N�o";1325713;"Motocicleta";"N�o Informado/N�o Informado/N�o Informado";0;"Condutor";"Les�es Leves";52;"Masculino";0;1;0;0;-7,194127;-35,17573;"SPRF-PB";"DEL01-PB";"UOP02-DEL01-PB"
742404;1662641;2025-12-29;"segunda-feira";"16:20:00";"PB";230;64;"SAO MIGUEL DE TAIPU";"Sim";"Acessar a via sem observar a presen�a dos outros ve�culos";1;"Queda de ocupante de ve�culo";"Com V�timas Feridas";"Pleno dia";"Crescente";"C�u Claro";"Dupla";"Reta";"N�o";1325724;"Motocicleta";"N�o Informado/N�o Informado/N�o Informado";0;"Condutor";"N�o Informado";NA;"N�o Informado";0;0;0;0;-7,194127;-35,17573;"SPRF-PB";"DEL01-PB";"UOP02-DEL01-PB"
742404;1662622;2025-12-29;"segunda-feira";"16:20:00";"PB";230;64;"SAO MIGUEL DE TAIPU";"Sim";"Acessar a via sem observar a presen�a dos outros ve�culos";1;"Queda de ocupante de ve�culo";"Com V�timas Feridas";"Pleno dia";"Crescente";"C�u Claro";"Dupla";"Reta";"N�o";1325713;"Motocicleta";"N�o Informado/N�o Informado/N�o Informado";0;"Condutor";"Les�es Leves";52;"Masculino";0;1;0;0;-7,194127;-35,17573;"SPRF-PB";"DEL01-PB";"UOP02-DEL01-PB"
742405;1662415;2025-12-29;"segunda-feira";"16:30:00";"ES";101;147,5;"LINHARES";"Sim";"Acessar a via sem observar a presen�a dos outros ve�culos";2;"Queda de ocupante de ve�culo";"Com V�timas Feridas";"Pleno dia";"Crescente";"C�u Claro";"Dupla";"Reta";"Sim";1325598;"Bicicleta";"N�o Informado/N�o Informado/N�o Informado";0;"Condutor";"Les�es Leves";50;"Feminino";0;1;0;0;-19,38399161;-40,06749916;"SPRF-ES";"DEL04-ES";"UOP01-DEL04-ES"
742405;1662412;2025-12-29;"segunda-feira";"16:30:00";"ES";101;147,5;"LINHARES";"Sim";"Acessar a via sem observar a presen�a dos outros ve�culos";2;"Queda de ocupante de ve�culo";"Com V�timas Feridas";"Pleno dia";"Crescente";"C�u Claro";"Dupla";"Reta";"Sim";1325596;"Caminhonete";"I/TOYOTA HILUX CHLSTM4FD/TOYOTA HILUX CHLSTM4FD";2025;"Condutor";"Ileso";29;"Masculino";1;0;0;0;-19,38399161;-40,06749916;"SPRF-ES";"DEL04-ES";"UOP01-DEL04-ES"
742405;1662415;2025-12-29;"segunda-feira";"16:30:00";"ES";101;147,5;"LINHARES";"Sim";"Acessar a via sem observar a presen�a dos outros ve�culos";1;"Colis�o traseira";"Com V�timas Feridas";"Pleno dia";"Crescente";"C�u Claro";"Dupla";"Reta";"Sim";1325598;"Bicicleta";"N�o Informado/N�o Informado/N�o Informado";0;"Condutor";"Les�es Leves";50;"Feminino";0;1;0;0;-19,38399161;-40,06749916;"SPRF-ES";"DEL04-ES";"UOP01-DEL04-ES"
742405;1662412;2025-12-29;"segunda-feira";"16:30:00";"ES";101;147,5;"LINHARES";"Sim";"Acessar a via sem observar a presen�a dos outros ve�culos";1;"Colis�o traseira";"Com V�timas Feridas";"Pleno dia";"Crescente";"C�u Claro";"Dupla";"Reta";"Sim";1325596;"Caminhonete";"I/TOYOTA HILUX CHLSTM4FD/TOYOTA HILUX CHLSTM4FD";2025;"Condutor";"Ileso";29;"Masculino";1;0;0;0;-19,38399161;-40,06749916;"SPRF-ES";"DEL04-ES";"UOP01-DEL04-ES"
742406;1662420;2025-12-29;"segunda-feira";"16:55:00";"RS";290;110;"ELDORADO DO SUL";"Sim";"Aus�ncia de rea��o do condutor";2;"Capotamento";"Com V�timas Feridas";"Pleno dia";"Decrescente";"Nublado";"Dupla";"Reta";"N�o";1325601;"Caminhonete";"VW/KOMBI FURGAO/KOMBI FURGAO";2008;"Condutor";"Les�es Leves";28;"Masculino";0;1;0;0;-30,035492;-51,3098337;"SPRF-RS";"DEL02-RS";"UOP01-DEL02-RS"
742406;1662420;2025-12-29;"segunda-feira";"16:55:00";"RS";290;110;"ELDORADO DO SUL";"Sim";"Aus�ncia de rea��o do condutor";1;"Sa�da de leito carro��vel";"Com V�timas Feridas";"Pleno dia";"Decrescente";"Nublado";"Dupla";"Reta";"N�o";1325601;"Caminhonete";"VW/KOMBI FURGAO/KOMBI FURGAO";2008;"Condutor";"Les�es Leves";28;"Masculino";0;1;0;0;-30,035492;-51,3098337;"SPRF-RS";"DEL02-RS";"UOP01-DEL02-RS"
742407;1662499;2025-12-29;"segunda-feira";"16:20:00";"SP";116;106;"TAUBATE";"Sim";"Rea��o tardia ou ineficiente do condutor";3;"Queda de ocupante de ve�culo";"Com V�timas Feridas";"Pleno dia";"Crescente";"C�u Claro";"Dupla";"Reta";"Sim";1325635;"Autom�vel";"CHEVROLET/CLASSIC LS/CLASSIC LS";2012;"Condutor";"Ileso";24;"Masculino";1;0;0;0;-23,00966788;-45,51765025;"SPRF-SP";"DEL02-SP";"UOP02-DEL02-SP"
742407;1662496;2025-12-29;"segunda-feira";"16:20:00";"SP";116;106;"TAUBATE";"Sim";"Rea��o tardia ou ineficiente do condutor";3;"Queda de ocupante de ve�culo";"Com V�timas Feridas";"Pleno dia";"Crescente";"C�u Claro";"Dupla";"Reta";"Sim";1325634;"Motocicleta";"HONDA/XRE 300/XRE 300";2010;"Condutor";"Les�es Leves";23;"Masculino";0;1;0;0;-23,00966788;-45,51765025;"SPRF-SP";"DEL02-SP";"UOP02-DEL02-SP"
742407;1662499;2025-12-29;"segunda-feira";"16:20:00";"SP";116;106;"TAUBATE";"Sim";"Rea��o tardia ou ineficiente do condutor";2;"Tombamento";"Com V�timas Feridas";"Pleno dia";"Crescente";"C�u Claro";"Dupla";"Reta";"Sim";1325635;"Autom�vel";"CHEVROLET/CLASSIC LS/CLASSIC LS";2012;"Condutor";"Ileso";24;"Masculino";1;0;0;0;-23,00966788;-45,51765025;"SPRF-SP";"DEL02-SP";"UOP02-DEL02-SP"
742407;1662496;2025-12-29;"segunda-feira";"16:20:00";"SP";116;106;"TAUBATE";"Sim";"Rea��o tardia ou ineficiente do condutor";2;"Tombamento";"Com V�timas Feridas";"Pleno dia";"Crescente";"C�u Claro";"Dupla";"Reta";"Sim";1325634;"Motocicleta";"HONDA/XRE 300/XRE 300";2010;"Condutor";"Les�es Leves";23;"Masculino";0;1;0;0;-23,00966788;-45,51765025;"SPRF-SP";"DEL02-SP";"UOP02-DEL02-SP"
742407;1662499;2025-12-29;"segunda-feira";"16:20:00";"SP";116;106;"TAUBATE";"Sim";"Rea��o tardia ou ineficiente do condutor";1;"Colis�o lateral mesmo sentido";"Com V�timas Feridas";"Pleno dia";"Crescente";"C�u Claro";"Dupla";"Reta";"Sim";1325635;"Autom�vel";"CHEVROLET/CLASSIC LS/CLASSIC LS";2012;"Condutor";"Ileso";24;"Masculino";1;0;0;0;-23,00966788;-45,51765025;"SPRF-SP";"DEL02-SP";"UOP02-DEL02-SP"
742407;1662496;2025-12-29;"segunda-feira";"16:20:00";"SP";116;106;"TAUBATE";"Sim";"Rea��o tardia ou ineficiente do condutor";1;"Colis�o lateral mesmo sentido";"Com V�timas Feridas";"Pleno dia";"Crescente";"C�u Claro";"Dupla";"Reta";"Sim";1325634;"Motocicleta";"HONDA/XRE 300/XRE 300";2010;"Condutor";"Les�es Leves";23;"Masculino";0;1;0;0;-23,00966788;-45,51765025;"SPRF-SP";"DEL02-SP";"UOP02-DEL02-SP"
742408;1662514;2025-12-29;"segunda-feira";"13:30:00";"PR";376;513;"PONTA GROSSA";"Sim";"Condutor Dormindo";1;"Sa�da de leito carro��vel";"Com V�timas Feridas";"Pleno dia";"Crescente";"C�u Claro";"Dupla";"Reta";"N�o";1325639;"Autom�vel";"TOYOTA/YARIS SD XL 15 AT/YARIS SD XL 15 AT";2019;"Condutor";"Ileso";62;"Feminino";1;0;0;0;-25,25940295;-49,98203024;"SPRF-PR";"DEL03-PR";"UOP04-DEL03-PR"
742408;1662523;2025-12-29;"segunda-feira";"13:30:00";"PR";376;513;"PONTA GROSSA";"Sim";"Condutor Dormindo";1;"Sa�da de leito carro��vel";"Com V�timas Feridas";"Pleno dia";"Crescente";"C�u Claro";"Dupla";"Reta";"N�o";1325631;"Camioneta";"JEEP/RENEGADE SPORT AT/RENEGADE SPORT AT";2019;"Passageiro";"Ileso";63;"Masculino";1;0;0;0;-25,25940295;-49,98203024;"SPRF-PR";"DEL03-PR";"UOP04-DEL03-PR"
742408;1662521;2025-12-29;"segunda-feira";"13:30:00";"PR";376;513;"PONTA GROSSA";"Sim";"Condutor Dormindo";1;"Sa�da de leito carro��vel";"Com V�timas Feridas";"Pleno dia";"Crescente";"C�u Claro";"Dupla";"Reta";"N�o";1325631;"Camioneta";"JEEP/RENEGADE SPORT AT/RENEGADE SPORT AT";2019;"Passageiro";"Ileso";56;"Feminino";1;0;0;0;-25,25940295;-49,98203024;"SPRF-PR";"DEL03-PR";"UOP04-DEL03-PR"
742408;1662519;2025-12-29;"segunda-feira";"13:30:00";"PR";376;513;"PONTA GROSSA";"Sim";"Condutor Dormindo";1;"Sa�da de leito carro��vel";"Com V�timas Feridas";"Pleno dia";"Crescente";"C�u Claro";"Dupla";"Reta";"N�o";1325631;"Camioneta";"JEEP/RENEGADE SPORT AT/RENEGADE SPORT AT";2019;"Passageiro";"Ileso";25;"Feminino";1;0;0;0;-25,25940295;-49,98203024;"SPRF-PR";"DEL03-PR";"UOP04-DEL03-PR"
742408;1662512;2025-12-29;"segunda-feira";"13:30:00";"PR";376;513;"PONTA GROSSA";"Sim";"Condutor Dormindo";1;"Sa�da de leito carro��vel";"Com V�timas Feridas";"Pleno dia";"Crescente";"C�u Claro";"Dupla";"Reta";"N�o";1325631;"Camioneta";"JEEP/RENEGADE SPORT AT/RENEGADE SPORT AT";2019;"Condutor";"Ileso";30;"Masculino";1;0;0;0;-25,25940295;-49,98203024;"SPRF-PR";"DEL03-PR";"UOP04-DEL03-PR"
742408;1662534;2025-12-29;"segunda-feira";"13:30:00";"PR";376;513;"PONTA GROSSA";"Sim";"Condutor Dormindo";1;"Sa�da de leito carro��vel";"Com V�timas Feridas";"Pleno dia";"Crescente";"C�u Claro";"Dupla";"Reta";"N�o";1325627;"Camioneta";"FORD/ECOSPORT FSL1.6FLEX/ECOSPORT FSL1.6FLEX";2010;"Passageiro";"Les�es Leves";55;"Masculino";0;1;0;0;-25,25940295;-49,98203024;"SPRF-PR";"DEL03-PR";"UOP04-DEL03-PR"
742408;1662528;2025-12-29;"segunda-feira";"13:30:00";"PR";376;513;"PONTA GROSSA";"Sim";"Condutor Dormindo";1;"Sa�da de leito carro��vel";"Com V�timas Feridas";"Pleno dia";"Crescente";"C�u Claro";"Dupla";"Reta";"N�o";1325627;"Camioneta";"FORD/ECOSPORT FSL1.6FLEX/ECOSPORT FSL1.6FLEX";2010;"Passageiro";"Ileso";35;"Masculino";1;0;0;0;-25,25940295;-49,98203024;"SPRF-PR";"DEL03-PR";"UOP04-DEL03-PR"
742408;1662509;2025-12-29;"segunda-feira";"13:30:00";"PR";376;513;"PONTA GROSSA";"Sim";"Condutor Dormindo";1;"Sa�da de leito carro��vel";"Com V�timas Feridas";"Pleno dia";"Crescente";"C�u Claro";"Dupla";"Reta";"N�o";1325627;"Camioneta";"FORD/ECOSPORT FSL1.6FLEX/ECOSPORT FSL1.6FLEX";2010;"Condutor";"Ileso";45;"Masculino";1;0;0;0;-25,25940295;-49,98203024;"SPRF-PR";"DEL03-PR";"UOP04-DEL03-PR"
742409;1662423;2025-12-29;"segunda-feira";"16:00:00";"RJ";116;181;"NOVA IGUACU";"Sim";"Manobra de mudan�a de faixa";1;"Colis�o lateral mesmo sentido";"Com V�timas Feridas";"Pleno dia";"Decrescente";"C�u Claro";"Dupla";"Reta";"N�o";1325600;"Autom�vel";"N�o Informado/N�o Informado/N�o Informado";0;"Condutor";"N�o Informado";NA;"N�o Informado";0;0;0;0;-22,76211215;-43,42251174;"SPRF-RJ";"DEL06-RJ";"UOP01-DEL06-RJ"
742409;1662422;2025-12-29;"segunda-feira";"16:00:00";"RJ";116;181;"NOVA IGUACU";"Sim";"Manobra de mudan�a de faixa";1;"Colis�o lateral mesmo sentido";"Com V�timas Feridas";"Pleno dia";"Decrescente";"C�u Claro";"Dupla";"Reta";"N�o";1325602;"Motocicleta";"HONDA/CG 150 TITAN EX/CG 150 TITAN EX";2013;"Passageiro";"Les�es Leves";51;"Masculino";0;1;0;0;-22,76211215;-43,42251174;"SPRF-RJ";"DEL06-RJ";"UOP01-DEL06-RJ"
742409;1662421;2025-12-29;"segunda-feira";"16:00:00";"RJ";116;181;"NOVA IGUACU";"Sim";"Manobra de mudan�a de faixa";1;"Colis�o lateral mesmo sentido";"Com V�timas Feridas";"Pleno dia";"Decrescente";"C�u Claro";"Dupla";"Reta";"N�o";1325602;"Motocicleta";"HONDA/CG 150 TITAN EX/CG 150 TITAN EX";2013;"Condutor";"Les�es Leves";50;"Masculino";0;1;0;0;-22,76211215;-43,42251174;"SPRF-RJ";"DEL06-RJ";"UOP01-DEL06-RJ"
742410;1662426;2025-12-29;"segunda-feira";"13:10:00";"GO";60;297;"ACREUNA";"N�o";"Velocidade Incompat�vel";2;"Tombamento";"Com V�timas Feridas";"Pleno dia";"Decrescente";"Sol";"Dupla";"Reta";"N�o";1325604;"Caminhonete";"FIAT/STRADA TREK CE FLEX/STRADA TREK CE FLEX";2009;"Passageiro";"Ileso";51;"Masculino";1;0;0;0;-17,359837;-50,332625;"SPRF-GO";"DEL04-GO";"UOP02-DEL04-GO"
742410;1662425;2025-12-29;"segunda-feira";"13:10:00";"GO";60;297;"ACREUNA";"N�o";"Velocidade Incompat�vel";2;"Tombamento";"Com V�timas Feridas";"Pleno dia";"Decrescente";"Sol";"Dupla";"Reta";"N�o";1325604;"Caminhonete";"FIAT/STRADA TREK CE FLEX/STRADA TREK CE FLEX";2009;"Condutor";"Les�es Leves";57;"Feminino";0;1;0;0;-17,359837;-50,332625;"SPRF-GO";"DEL04-GO";"UOP02-DEL04-GO"
742410;1662426;2025-12-29;"segunda-feira";"13:10:00";"GO";60;297;"ACREUNA";"N�o";"Velocidade Incompat�vel";1;"Sa�da de leito carro��vel";"Com V�timas Feridas";"Pleno dia";"Decrescente";"Sol";"Dupla";"Reta";"N�o";1325604;"Caminhonete";"FIAT/STRADA TREK CE FLEX/STRADA TREK CE FLEX";2009;"Passageiro";"Ileso";51;"Masculino";1;0;0;0;-17,359837;-50,332625;"SPRF-GO";"DEL04-GO";"UOP02-DEL04-GO"
742410;1662425;2025-12-29;"segunda-feira";"13:10:00";"GO";60;297;"ACREUNA";"N�o";"Velocidade Incompat�vel";1;"Sa�da de leito carro��vel";"Com V�timas Feridas";"Pleno dia";"Decrescente";"Sol";"Dupla";"Reta";"N�o";1325604;"Caminhonete";"FIAT/STRADA TREK CE FLEX/STRADA TREK CE FLEX";2009;"Condutor";"Les�es Leves";57;"Feminino";0;1;0;0;-17,359837;-50,332625;"SPRF-GO";"DEL04-GO";"UOP02-DEL04-GO"
742410;1662426;2025-12-29;"segunda-feira";"13:10:00";"GO";60;297;"ACREUNA";"Sim";"Rea��o tardia ou ineficiente do condutor";2;"Tombamento";"Com V�timas Feridas";"Pleno dia";"Decrescente";"Sol";"Dupla";"Reta";"N�o";1325604;"Caminhonete";"FIAT/STRADA TREK CE FLEX/STRADA TREK CE FLEX";2009;"Passageiro";"Ileso";51;"Masculino";1;0;0;0;-17,359837;-50,332625;"SPRF-GO";"DEL04-GO";"UOP02-DEL04-GO"
742410;1662425;2025-12-29;"segunda-feira";"13:10:00";"GO";60;297;"ACREUNA";"Sim";"Rea��o tardia ou ineficiente do condutor";2;"Tombamento";"Com V�timas Feridas";"Pleno dia";"Decrescente";"Sol";"Dupla";"Reta";"N�o";1325604;"Caminhonete";"FIAT/STRADA TREK CE FLEX/STRADA TREK CE FLEX";2009;"Condutor";"Les�es Leves";57;"Feminino";0;1;0;0;-17,359837;-50,332625;"SPRF-GO";"DEL04-GO";"UOP02-DEL04-GO"
742410;1662426;2025-12-29;"segunda-feira";"13:10:00";"GO";60;297;"ACREUNA";"Sim";"Rea��o tardia ou ineficiente do condutor";1;"Sa�da de leito carro��vel";"Com V�timas Feridas";"Pleno dia";"Decrescente";"Sol";"Dupla";"Reta";"N�o";1325604;"Caminhonete";"FIAT/STRADA TREK CE FLEX/STRADA TREK CE FLEX";2009;"Passageiro";"Ileso";51;"Masculino";1;0;0;0;-17,359837;-50,332625;"SPRF-GO";"DEL04-GO";"UOP02-DEL04-GO"
742410;1662425;2025-12-29;"segunda-feira";"13:10:00";"GO";60;297;"ACREUNA";"Sim";"Rea��o tardia ou ineficiente do condutor";1;"Sa�da de leito carro��vel";"Com V�timas Feridas";"Pleno dia";"Decrescente";"Sol";"Dupla";"Reta";"N�o";1325604;"Caminhonete";"FIAT/STRADA TREK CE FLEX/STRADA TREK CE FLEX";2009;"Condutor";"Les�es Leves";57;"Feminino";0;1;0;0;-17,359837;-50,332625;"SPRF-GO";"DEL04-GO";"UOP02-DEL04-GO"
742411;1662505;2025-12-29;"segunda-feira";"17:00:00";"PR";277;722,2;"FOZ DO IGUACU";"N�o";"Velocidade Incompat�vel";2;"Sa�da de leito carro��vel";"Com V�timas Feridas";"Pleno dia";"Crescente";"Garoa/Chuvisco";"Dupla";"Retorno Regulamentado;Reta";"Sim";1325638;"Autom�vel";"CHEV/TRACKER T A LTZ/TRACKER T A LTZ";2020;"Passageiro";"Les�es Leves";58;"Feminino";0;1;0;0;-25,49154152;-54,51274395;"SPRF-PR";"DEL05-PR";"UOP03-DEL05-PR"
742411;1662503;2025-12-29;"segunda-feira";"17:00:00";"PR";277;722,2;"FOZ DO IGUACU";"N�o";"Velocidade Incompat�vel";2;"Sa�da de leito carro��vel";"Com V�timas Feridas";"Pleno dia";"Crescente";"Garoa/Chuvisco";"Dupla";"Retorno Regulamentado;Reta";"Sim";1325638;"Autom�vel";"CHEV/TRACKER T A LTZ/TRACKER T A LTZ";2020;"Condutor";"Les�es Leves";60;"Masculino";0;1;0;0;-25,49154152;-54,51274395;"SPRF-PR";"DEL05-PR";"UOP03-DEL05-PR"
742411;1662692;2025-12-29;"segunda-feira";"17:00:00";"PR";277;722,2;"FOZ DO IGUACU";"N�o";"Velocidade Incompat�vel";2;"Sa�da de leito carro��vel";"Com V�timas Feridas";"Pleno dia";"Crescente";"Garoa/Chuvisco";"Dupla";"Retorno Regulamentado;Reta";"Sim";1325757;"�nibus";"N�o Informado/N�o Informado/N�o Informado";0;"Condutor";"N�o Informado";NA;"N�o Informado";0;0;0;0;-25,49154152;-54,51274395;"SPRF-PR";"DEL05-PR";"UOP03-DEL05-PR"
742411;1662501;2025-12-29;"segunda-feira";"17:00:00";"PR";277;722,2;"FOZ DO IGUACU";"N�o";"Velocidade Incompat�vel";2;"Sa�da de leito carro��vel";"Com V�timas Feridas";"Pleno dia";"Crescente";"Garoa/Chuvisco";"Dupla";"Retorno Regulamentado;Reta";"Sim";1325637;"Caminhonete";"VW/SAVEIRO 1.6/SAVEIRO 1.6";2009;"Condutor";"Les�es Leves";40;"Masculino";0;1;0;0;-25,49154152;-54,51274395;"SPRF-PR";"DEL05-PR";"UOP03-DEL05-PR"
742411;1662505;2025-12-29;"segunda-feira";"17:00:00";"PR";277;722,2;"FOZ DO IGUACU";"N�o";"Velocidade Incompat�vel";1;"Colis�o frontal";"Com V�timas Feridas";"Pleno dia";"Crescente";"Garoa/Chuvisco";"Dupla";"Retorno Regulamentado;Reta";"Sim";1325638;"Autom�vel";"CHEV/TRACKER T A LTZ/TRACKER T A LTZ";2020;"Passageiro";"Les�es Leves";58;"Feminino";0;1;0;0;-25,49154152;-54,51274395;"SPRF-PR";"DEL05-PR";"UOP03-DEL05-PR"
742411;1662503;2025-12-29;"segunda-feira";"17:00:00";"PR";277;722,2;"FOZ DO IGUACU";"N�o";"Velocidade Incompat�vel";1;"Colis�o frontal";"Com V�timas Feridas";"Pleno dia";"Crescente";"Garoa/Chuvisco";"Dupla";"Retorno Regulamentado;Reta";"Sim";1325638;"Autom�vel";"CHEV/TRACKER T A LTZ/TRACKER T A LTZ";2020;"Condutor";"Les�es Leves";60;"Masculino";0;1;0;0;-25,49154152;-54,51274395;"SPRF-PR";"DEL05-PR";"UOP03-DEL05-PR"
742411;1662692;2025-12-29;"segunda-feira";"17:00:00";"PR";277;722,2;"FOZ DO IGUACU";"N�o";"Velocidade Incompat�vel";1;"Colis�o frontal";"Com V�timas Feridas";"Pleno dia";"Crescente";"Garoa/Chuvisco";"Dupla";"Retorno Regulamentado;Reta";"Sim";1325757;"�nibus";"N�o Informado/N�o Informado/N�o Informado";0;"Condutor";"N�o Informado";NA;"N�o Informado";0;0;0;0;-25,49154152;-54,51274395;"SPRF-PR";"DEL05-PR";"UOP03-DEL05-PR"
742411;1662501;2025-12-29;"segunda-feira";"17:00:00";"PR";277;722,2;"FOZ DO IGUACU";"N�o";"Velocidade Incompat�vel";1;"Colis�o frontal";"Com V�timas Feridas";"Pleno dia";"Crescente";"Garoa/Chuvisco";"Dupla";"Retorno Regulamentado;Reta";"Sim";1325637;"Caminhonete";"VW/SAVEIRO 1.6/SAVEIRO 1.6";2009;"Condutor";"Les�es Leves";40;"Masculino";0;1;0;0;-25,49154152;-54,51274395;"SPRF-PR";"DEL05-PR";"UOP03-DEL05-PR"
742411;1662505;2025-12-29;"segunda-feira";"17:00:00";"PR";277;722,2;"FOZ DO IGUACU";"Sim";"Acessar a via sem observar a presen�a dos outros ve�culos";2;"Sa�da de leito carro��vel";"Com V�timas Feridas";"Pleno dia";"Crescente";"Garoa/Chuvisco";"Dupla";"Retorno Regulamentado;Reta";"Sim";1325638;"Autom�vel";"CHEV/TRACKER T A LTZ/TRACKER T A LTZ";2020;"Passageiro";"Les�es Leves";58;"Feminino";0;1;0;0;-25,49154152;-54,51274395;"SPRF-PR";"DEL05-PR";"UOP03-DEL05-PR"
742411;1662503;2025-12-29;"segunda-feira";"17:00:00";"PR";277;722,2;"FOZ DO IGUACU";"Sim";"Acessar a via sem observar a presen�a dos outros ve�culos";2;"Sa�da de leito carro��vel";"Com V�timas Feridas";"Pleno dia";"Crescente";"Garoa/Chuvisco";"Dupla";"Retorno Regulamentado;Reta";"Sim";1325638;"Autom�vel";"CHEV/TRACKER T A LTZ/TRACKER T A LTZ";2020;"Condutor";"Les�es Leves";60;"Masculino";0;1;0;0;-25,49154152;-54,51274395;"SPRF-PR";"DEL05-PR";"UOP03-DEL05-PR"
742411;1662692;2025-12-29;"segunda-feira";"17:00:00";"PR";277;722,2;"FOZ DO IGUACU";"Sim";"Acessar a via sem observar a presen�a dos outros ve�culos";2;"Sa�da de leito carro��vel";"Com V�timas Feridas";"Pleno dia";"Crescente";"Garoa/Chuvisco";"Dupla";"Retorno Regulamentado;Reta";"Sim";1325757;"�nibus";"N�o Informado/N�o Informado/N�o Informado";0;"Condutor";"N�o Informado";NA;"N�o Informado";0;0;0;0;-25,49154152;-54,51274395;"SPRF-PR";"DEL05-PR";"UOP03-DEL05-PR"
742411;1662501;2025-12-29;"segunda-feira";"17:00:00";"PR";277;722,2;"FOZ DO IGUACU";"Sim";"Acessar a via sem observar a presen�a dos outros ve�culos";2;"Sa�da de leito carro��vel";"Com V�timas Feridas";"Pleno dia";"Crescente";"Garoa/Chuvisco";"Dupla";"Retorno Regulamentado;Reta";"Sim";1325637;"Caminhonete";"VW/SAVEIRO 1.6/SAVEIRO 1.6";2009;"Condutor";"Les�es Leves";40;"Masculino";0;1;0;0;-25,49154152;-54,51274395;"SPRF-PR";"DEL05-PR";"UOP03-DEL05-PR"
742411;1662505;2025-12-29;"segunda-feira";"17:00:00";"PR";277;722,2;"FOZ DO IGUACU";"Sim";"Acessar a via sem observar a presen�a dos outros ve�culos";1;"Colis�o frontal";"Com V�timas Feridas";"Pleno dia";"Crescente";"Garoa/Chuvisco";"Dupla";"Retorno Regulamentado;Reta";"Sim";1325638;"Autom�vel";"CHEV/TRACKER T A LTZ/TRACKER T A LTZ";2020;"Passageiro";"Les�es Leves";58;"Feminino";0;1;0;0;-25,49154152;-54,51274395;"SPRF-PR";"DEL05-PR";"UOP03-DEL05-PR"
742411;1662503;2025-12-29;"segunda-feira";"17:00:00";"PR";277;722,2;"FOZ DO IGUACU";"Sim";"Acessar a via sem observar a presen�a dos outros ve�culos";1;"Colis�o frontal";"Com V�timas Feridas";"Pleno dia";"Crescente";"Garoa/Chuvisco";"Dupla";"Retorno Regulamentado;Reta";"Sim";1325638;"Autom�vel";"CHEV/TRACKER T A LTZ/TRACKER T A LTZ";2020;"Condutor";"Les�es Leves";60;"Masculino";0;1;0;0;-25,49154152;-54,51274395;"SPRF-PR";"DEL05-PR";"UOP03-DEL05-PR"
742411;1662692;2025-12-29;"segunda-feira";"17:00:00";"PR";277;722,2;"FOZ DO IGUACU";"Sim";"Acessar a via sem observar a presen�a dos outros ve�culos";1;"Colis�o frontal";"Com V�timas Feridas";"Pleno dia";"Crescente";"Garoa/Chuvisco";"Dupla";"Retorno Regulamentado;Reta";"Sim";1325757;"�nibus";"N�o Informado/N�o Informado/N�o Informado";0;"Condutor";"N�o Informado";NA;"N�o Informado";0;0;0;0;-25,49154152;-54,51274395;"SPRF-PR";"DEL05-PR";"UOP03-DEL05-PR"
742411;1662501;2025-12-29;"segunda-feira";"17:00:00";"PR";277;722,2;"FOZ DO IGUACU";"Sim";"Acessar a via sem observar a presen�a dos outros ve�culos";1;"Colis�o frontal";"Com V�timas Feridas";"Pleno dia";"Crescente";"Garoa/Chuvisco";"Dupla";"Retorno Regulamentado;Reta";"Sim";1325637;"Caminhonete";"VW/SAVEIRO 1.6/SAVEIRO 1.6";2009;"Condutor";"Les�es Leves";40;"Masculino";0;1;0;0;-25,49154152;-54,51274395;"SPRF-PR";"DEL05-PR";"UOP03-DEL05-PR"