"id";"pesid";"data_inversa";"dia_semana";"horario";"uf";"br";"km";"municipio";"causa_principal";"causa_acidente";"ordem_tipo_acidente";"tipo_acidente";"classificacao_acidente";"fase_dia";"sentido_via";"condicao_metereologica";"tipo_pista";"tracado_via";"uso_solo";"id_veiculo";"tipo_veiculo";"marca";"ano_fabricacao_veiculo";"tipo_envolvido";"estado_fisico";"idade";"sexo";"ilesos";"feridos_leves";"feridos_graves";"mortos";"latitude";"longitude";"regional";"delegacia";"uop"
742411;1662505;2025-12-29;"segunda-feira";"17:00:00";"PR";277;722,2;"FOZ DO IGUACU";"N�o";"Avarias e/ou desgaste excessivo no pneu";2;"Sa�da de leito carro��vel";"Com V�timas Feridas";"Pleno dia";"Crescente";"Garoa/Chuvisco";"Dupla";"Retorno Regulamentado;Reta";"Sim";1325638;"Autom�vel";"CHEV/TRACKER T A LTZ/TRACKER T A LTZ";2020;"Passageiro";"Les�es Leves";58;"Feminino";0;1;0;0;-25,49154152;-54,51274395;"SPRF-PR";"DEL05-PR";"UOP03-DEL05-PR"
742411;1662503;2025-12-29;"segunda-feira";"17:00:00";"PR";277;722,2;"FOZ DO IGUACU";"N�o";"Avarias e/ou desgaste excessivo no pneu";2;"Sa�da de leito carro��vel";"Com V�timas Feridas";"Pleno dia";"Crescente";"Garoa/Chuvisco";"Dupla";"Retorno Regulamentado;Reta";"Sim";1325638;"Autom�vel";"CHEV/TRACKER T A LTZ/TRACKER T A LTZ";2020;"Condutor";"Les�es Leves";60;"Masculino";0;1;0;0;-25,49154152;-54,51274395;"SPRF-PR";"DEL05-PR";"UOP03-DEL05-PR"
742411;1662692;2025-12-29;"segunda-feira";"17:00:00";"PR";277;722,2;"FOZ DO IGUACU";"N�o";"Avarias e/ou desgaste excessivo no pneu";2;"Sa�da de leito carro��vel";"Com V�timas Feridas";"Pleno dia";"Crescente";"Garoa/Chuvisco";"Dupla";"Retorno Regulamentado;Reta";"Sim";1325757;"�nibus";"N�o Informado/N�o Informado/N�o Informado";0;"Condutor";"N�o Informado";NA;"N�o Informado";0;0;0;0;-25,49154152;-54,51274395;"SPRF-PR";"DEL05-PR";"UOP03-DEL05-PR"
742411;1662501;2025-12-29;"segunda-feira";"17:00:00";"PR";277;722,2;"FOZ DO IGUACU";"N�o";"Avarias e/ou desgaste excessivo no pneu";2;"Sa�da de leito carro��vel";"Com V�timas Feridas";"Pleno dia";"Crescente";"Garoa/Chuvisco";"Dupla";"Retorno Regulamentado;Reta";"Sim";1325637;"Caminhonete";"VW/SAVEIRO 1.6/SAVEIRO 1.6";2009;"Condutor";"Les�es Leves";40;"Masculino";0;1;0;0;-25,49154152;-54,51274395;"SPRF-PR";"DEL05-PR";"UOP03-DEL05-PR"
742411;1662505;2025-12-29;"segunda-feira";"17:00:00";"PR";277;722,2;"FOZ DO IGUACU";"N�o";"Avarias e/ou desgaste excessivo no pneu";1;"Colis�o frontal";"Com V�timas Feridas";"Pleno dia";"Crescente";"Garoa/Chuvisco";"Dupla";"Retorno Regulamentado;Reta";"Sim";1325638;"Autom�vel";"CHEV/TRACKER T A LTZ/TRACKER T A LTZ";2020;"Passageiro";"Les�es Leves";58;"Feminino";0;1;0;0;-25,49154152;-54,51274395;"SPRF-PR";"DEL05-PR";"UOP03-DEL05-PR"
742411;1662503;2025-12-29;"segunda-feira";"17:00:00";"PR";277;722,2;"FOZ DO IGUACU";"N�o";"Avarias e/ou desgaste excessivo no pneu";1;"Colis�o frontal";"Com V�timas Feridas";"Pleno dia";"Crescente";"Garoa/Chuvisco";"Dupla";"Retorno Regulamentado;Reta";"Sim";1325638;"Autom�vel";"CHEV/TRACKER T A LTZ/TRACKER T A LTZ";2020;"Condutor";"Les�es Leves";60;"Masculino";0;1;0;0;-25,49154152;-54,51274395;"SPRF-PR";"DEL05-PR";"UOP03-DEL05-PR"
742411;1662692;2025-12-29;"segunda-feira";"17:00:00";"PR";277;722,2;"FOZ DO IGUACU";"N�o";"Avarias e/ou desgaste excessivo no pneu";1;"Colis�o frontal";"Com V�timas Feridas";"Pleno dia";"Crescente";"Garoa/Chuvisco";"Dupla";"Retorno Regulamentado;Reta";"Sim";1325757;"�nibus";"N�o Informado/N�o Informado/N�o Informado";0;"Condutor";"N�o Informado";NA;"N�o Informado";0;0;0;0;-25,49154152;-54,51274395;"SPRF-PR";"DEL05-PR";"UOP03-DEL05-PR"
742411;1662501;2025-12-29;"segunda-feira";"17:00:00";"PR";277;722,2;"FOZ DO IGUACU";"N�o";"Avarias e/ou desgaste excessivo no pneu";1;"Colis�o frontal";"Com V�timas Feridas";"Pleno dia";"Crescente";"Garoa/Chuvisco";"Dupla";"Retorno Regulamentado;Reta";"Sim";1325637;"Caminhonete";"VW/SAVEIRO 1.6/SAVEIRO 1.6";2009;"Condutor";"Les�es Leves";40;"Masculino";0;1;0;0;-25,49154152;-54,51274395;"SPRF-PR";"DEL05-PR";"UOP03-DEL05-PR"
742412;1662543;2025-12-29;"segunda-feira";"16:00:00";"PR";153;513,1;"GENERAL CARNEIRO";"Sim";"Rea��o tardia ou ineficiente do condutor";2;"Capotamento";"Com V�timas Feridas";"Pleno dia";"Crescente";"Nublado";"Simples";"Reta";"N�o";1325656;"Autom�vel";"I/CHEV CRUZE LT HB AT/CHEV CRUZE LT HB AT";2019;"Passageiro";"Ileso";36;"Feminino";1;0;0;0;-26,59251826;-51,4548111;"SPRF-PR";"DEL02-PR";"UOP03-DEL02-PR"
742412;1662542;2025-12-29;"segunda-feira";"16:00:00";"PR";153;513,1;"GENERAL CARNEIRO";"Sim";"Rea��o tardia ou ineficiente do condutor";2;"Capotamento";"Com V�timas Feridas";"Pleno dia";"Crescente";"Nublado";"Simples";"Reta";"N�o";1325656;"Autom�vel";"I/CHEV CRUZE LT HB AT/CHEV CRUZE LT HB AT";2019;"Passageiro";"Ileso";11;"Masculino";1;0;0;0;-26,59251826;-51,4548111;"SPRF-PR";"DEL02-PR";"UOP03-DEL02-PR"
742412;1662540;2025-12-29;"segunda-feira";"16:00:00";"PR";153;513,1;"GENERAL CARNEIRO";"Sim";"Rea��o tardia ou ineficiente do condutor";2;"Capotamento";"Com V�timas Feridas";"Pleno dia";"Crescente";"Nublado";"Simples";"Reta";"N�o";1325656;"Autom�vel";"I/CHEV CRUZE LT HB AT/CHEV CRUZE LT HB AT";2019;"Passageiro";"Ileso";60;"Feminino";1;0;0;0;-26,59251826;-51,4548111;"SPRF-PR";"DEL02-PR";"UOP03-DEL02-PR"
742412;1662522;2025-12-29;"segunda-feira";"16:00:00";"PR";153;513,1;"GENERAL CARNEIRO";"Sim";"Rea��o tardia ou ineficiente do condutor";2;"Capotamento";"Com V�timas Feridas";"Pleno dia";"Crescente";"Nublado";"Simples";"Reta";"N�o";1325656;"Autom�vel";"I/CHEV CRUZE LT HB AT/CHEV CRUZE LT HB AT";2019;"Condutor";"Ileso";43;"Masculino";1;0;0;0;-26,59251826;-51,4548111;"SPRF-PR";"DEL02-PR";"UOP03-DEL02-PR"
742412;1662545;2025-12-29;"segunda-feira";"16:00:00";"PR";153;513,1;"GENERAL CARNEIRO";"Sim";"Rea��o tardia ou ineficiente do condutor";2;"Capotamento";"Com V�timas Feridas";"Pleno dia";"Crescente";"Nublado";"Simples";"Reta";"N�o";1325661;"Autom�vel";"TOYOTA/COROLLA XEI18FLEX/COROLLA XEI18FLEX";2007;"Passageiro";"Les�es Leves";50;"Feminino";0;1;0;0;-26,59251826;-51,4548111;"SPRF-PR";"DEL02-PR";"UOP03-DEL02-PR"
742412;1662544;2025-12-29;"segunda-feira";"16:00:00";"PR";153;513,1;"GENERAL CARNEIRO";"Sim";"Rea��o tardia ou ineficiente do condutor";2;"Capotamento";"Com V�timas Feridas";"Pleno dia";"Crescente";"Nublado";"Simples";"Reta";"N�o";1325661;"Autom�vel";"TOYOTA/COROLLA XEI18FLEX/COROLLA XEI18FLEX";2007;"Condutor";"Les�es Leves";50;"Masculino";0;1;0;0;-26,59251826;-51,4548111;"SPRF-PR";"DEL02-PR";"UOP03-DEL02-PR"
742412;1662543;2025-12-29;"segunda-feira";"16:00:00";"PR";153;513,1;"GENERAL CARNEIRO";"Sim";"Rea��o tardia ou ineficiente do condutor";1;"Colis�o lateral mesmo sentido";"Com V�timas Feridas";"Pleno dia";"Crescente";"Nublado";"Simples";"Reta";"N�o";1325656;"Autom�vel";"I/CHEV CRUZE LT HB AT/CHEV CRUZE LT HB AT";2019;"Passageiro";"Ileso";36;"Feminino";1;0;0;0;-26,59251826;-51,4548111;"SPRF-PR";"DEL02-PR";"UOP03-DEL02-PR"
742412;1662542;2025-12-29;"segunda-feira";"16:00:00";"PR";153;513,1;"GENERAL CARNEIRO";"Sim";"Rea��o tardia ou ineficiente do condutor";1;"Colis�o lateral mesmo sentido";"Com V�timas Feridas";"Pleno dia";"Crescente";"Nublado";"Simples";"Reta";"N�o";1325656;"Autom�vel";"I/CHEV CRUZE LT HB AT/CHEV CRUZE LT HB AT";2019;"Passageiro";"Ileso";11;"Masculino";1;0;0;0;-26,59251826;-51,4548111;"SPRF-PR";"DEL02-PR";"UOP03-DEL02-PR"
742412;1662540;2025-12-29;"segunda-feira";"16:00:00";"PR";153;513,1;"GENERAL CARNEIRO";"Sim";"Rea��o tardia ou ineficiente do condutor";1;"Colis�o lateral mesmo sentido";"Com V�timas Feridas";"Pleno dia";"Crescente";"Nublado";"Simples";"Reta";"N�o";1325656;"Autom�vel";"I/CHEV CRUZE LT HB AT/CHEV CRUZE LT HB AT";2019;"Passageiro";"Ileso";60;"Feminino";1;0;0;0;-26,59251826;-51,4548111;"SPRF-PR";"DEL02-PR";"UOP03-DEL02-PR"
742412;1662522;2025-12-29;"segunda-feira";"16:00:00";"PR";153;513,1;"GENERAL CARNEIRO";"Sim";"Rea��o tardia ou ineficiente do condutor";1;"Colis�o lateral mesmo sentido";"Com V�timas Feridas";"Pleno dia";"Crescente";"Nublado";"Simples";"Reta";"N�o";1325656;"Autom�vel";"I/CHEV CRUZE LT HB AT/CHEV CRUZE LT HB AT";2019;"Condutor";"Ileso";43;"Masculino";1;0;0;0;-26,59251826;-51,4548111;"SPRF-PR";"DEL02-PR";"UOP03-DEL02-PR"
742412;1662545;2025-12-29;"segunda-feira";"16:00:00";"PR";153;513,1;"GENERAL CARNEIRO";"Sim";"Rea��o tardia ou ineficiente do condutor";1;"Colis�o lateral mesmo sentido";"Com V�timas Feridas";"Pleno dia";"Crescente";"Nublado";"Simples";"Reta";"N�o";1325661;"Autom�vel";"TOYOTA/COROLLA XEI18FLEX/COROLLA XEI18FLEX";2007;"Passageiro";"Les�es Leves";50;"Feminino";0;1;0;0;-26,59251826;-51,4548111;"SPRF-PR";"DEL02-PR";"UOP03-DEL02-PR"
742412;1662544;2025-12-29;"segunda-feira";"16:00:00";"PR";153;513,1;"GENERAL CARNEIRO";"Sim";"Rea��o tardia ou ineficiente do condutor";1;"Colis�o lateral mesmo sentido";"Com V�timas Feridas";"Pleno dia";"Crescente";"Nublado";"Simples";"Reta";"N�o";1325661;"Autom�vel";"TOYOTA/COROLLA XEI18FLEX/COROLLA XEI18FLEX";2007;"Condutor";"Les�es Leves";50;"Masculino";0;1;0;0;-26,59251826;-51,4548111;"SPRF-PR";"DEL02-PR";"UOP03-DEL02-PR"
742413;1662573;2025-12-29;"segunda-feira";"17:40:00";"PE";423;93;"GARANHUNS";"Sim";"Acessar a via sem observar a presen�a dos outros ve�culos";3;"Queda de ocupante de ve�culo";"Com V�timas Feridas";"Anoitecer";"Crescente";"C�u Claro";"Simples";"Reta;Declive";"Sim";1325681;"Autom�vel";"CHEV/SPIN 18L AT PREMIER/SPIN 18L AT PREMIER";2025;"Condutor";"Ileso";43;"Masculino";1;0;0;0;-8,871832;-36,466482;"SPRF-PE";"DEL03-PE";"UOP01-DEL03-PE"
742413;1664305;2025-12-29;"segunda-feira";"17:40:00";"PE";423;93;"GARANHUNS";"Sim";"Acessar a via sem observar a presen�a dos outros ve�culos";3;"Queda de ocupante de ve�culo";"Com V�timas Feridas";"Anoitecer";"Crescente";"C�u Claro";"Simples";"Reta;Declive";"Sim";1325680;"Motocicleta";"HONDA/CG 160 FAN/CG 160 FAN";2017;"Passageiro";"Les�es Leves";36;"Feminino";0;1;0;0;-8,871832;-36,466482;"SPRF-PE";"DEL03-PE";"UOP01-DEL03-PE"
742413;1662572;2025-12-29;"segunda-feira";"17:40:00";"PE";423;93;"GARANHUNS";"Sim";"Acessar a via sem observar a presen�a dos outros ve�culos";3;"Queda de ocupante de ve�culo";"Com V�timas Feridas";"Anoitecer";"Crescente";"C�u Claro";"Simples";"Reta;Declive";"Sim";1325680;"Motocicleta";"HONDA/CG 160 FAN/CG 160 FAN";2017;"Condutor";"Les�es Leves";27;"Masculino";0;1;0;0;-8,871832;-36,466482;"SPRF-PE";"DEL03-PE";"UOP01-DEL03-PE"
742413;1662573;2025-12-29;"segunda-feira";"17:40:00";"PE";423;93;"GARANHUNS";"Sim";"Acessar a via sem observar a presen�a dos outros ve�culos";2;"Tombamento";"Com V�timas Feridas";"Anoitecer";"Crescente";"C�u Claro";"Simples";"Reta;Declive";"Sim";1325681;"Autom�vel";"CHEV/SPIN 18L AT PREMIER/SPIN 18L AT PREMIER";2025;"Condutor";"Ileso";43;"Masculino";1;0;0;0;-8,871832;-36,466482;"SPRF-PE";"DEL03-PE";"UOP01-DEL03-PE"
742413;1664305;2025-12-29;"segunda-feira";"17:40:00";"PE";423;93;"GARANHUNS";"Sim";"Acessar a via sem observar a presen�a dos outros ve�culos";2;"Tombamento";"Com V�timas Feridas";"Anoitecer";"Crescente";"C�u Claro";"Simples";"Reta;Declive";"Sim";1325680;"Motocicleta";"HONDA/CG 160 FAN/CG 160 FAN";2017;"Passageiro";"Les�es Leves";36;"Feminino";0;1;0;0;-8,871832;-36,466482;"SPRF-PE";"DEL03-PE";"UOP01-DEL03-PE"
742413;1662572;2025-12-29;"segunda-feira";"17:40:00";"PE";423;93;"GARANHUNS";"Sim";"Acessar a via sem observar a presen�a dos outros ve�culos";2;"Tombamento";"Com V�timas Feridas";"Anoitecer";"Crescente";"C�u Claro";"Simples";"Reta;Declive";"Sim";1325680;"Motocicleta";"HONDA/CG 160 FAN/CG 160 FAN";2017;"Condutor";"Les�es Leves";27;"Masculino";0;1;0;0;-8,871832;-36,466482;"SPRF-PE";"DEL03-PE";"UOP01-DEL03-PE"
742413;1662573;2025-12-29;"segunda-feira";"17:40:00";"PE";423;93;"GARANHUNS";"Sim";"Acessar a via sem observar a presen�a dos outros ve�culos";1;"Colis�o transversal";"Com V�timas Feridas";"Anoitecer";"Crescente";"C�u Claro";"Simples";"Reta;Declive";"Sim";1325681;"Autom�vel";"CHEV/SPIN 18L AT PREMIER/SPIN 18L AT PREMIER";2025;"Condutor";"Ileso";43;"Masculino";1;0;0;0;-8,871832;-36,466482;"SPRF-PE";"DEL03-PE";"UOP01-DEL03-PE"
742413;1664305;2025-12-29;"segunda-feira";"17:40:00";"PE";423;93;"GARANHUNS";"Sim";"Acessar a via sem observar a presen�a dos outros ve�culos";1;"Colis�o transversal";"Com V�timas Feridas";"Anoitecer";"Crescente";"C�u Claro";"Simples";"Reta;Declive";"Sim";1325680;"Motocicleta";"HONDA/CG 160 FAN/CG 160 FAN";2017;"Passageiro";"Les�es Leves";36;"Feminino";0;1;0;0;-8,871832;-36,466482;"SPRF-PE";"DEL03-PE";"UOP01-DEL03-PE"
742413;1662572;2025-12-29;"segunda-feira";"17:40:00";"PE";423;93;"GARANHUNS";"Sim";"Acessar a via sem observar a presen�a dos outros ve�culos";1;"Colis�o transversal";"Com V�timas Feridas";"Anoitecer";"Crescente";"C�u Claro";"Simples";"Reta;Declive";"Sim";1325680;"Motocicleta";"HONDA/CG 160 FAN/CG 160 FAN";2017;"Condutor";"Les�es Leves";27;"Masculino";0;1;0;0;-8,871832;-36,466482;"SPRF-PE";"DEL03-PE";"UOP01-DEL03-PE"
742414;1662589;2025-12-29;"segunda-feira";"16:00:00";"PR";376;370;"ORTIGUEIRA";"Sim";"Rea��o tardia ou ineficiente do condutor";2;"Sa�da de leito carro��vel";"Com V�timas Feridas";"Pleno dia";"Crescente";"Garoa/Chuvisco";"Simples";"Reta";"N�o";1325690;"Camioneta";"FORD/ECOSPORT FSL AT 1.5/ECOSPORT FSL AT 1.5";2019;"Condutor";"Ileso";24;"Feminino";1;0;0;0;-24,363384;-50,807198;"SPRF-PR";"DEL07-PR";"UOP02-DEL07-PR"
742414;1662588;2025-12-29;"segunda-feira";"16:00:00";"PR";376;370;"ORTIGUEIRA";"Sim";"Rea��o tardia ou ineficiente do condutor";2;"Sa�da de leito carro��vel";"Com V�timas Feridas";"Pleno dia";"Crescente";"Garoa/Chuvisco";"Simples";"Reta";"N�o";1325690;"Camioneta";"FORD/ECOSPORT FSL AT 1.5/ECOSPORT FSL AT 1.5";2019;"Passageiro";"Ileso";79;"Masculino";1;0;0;0;-24,363384;-50,807198;"SPRF-PR";"DEL07-PR";"UOP02-DEL07-PR"
742414;1662583;2025-12-29;"segunda-feira";"16:00:00";"PR";376;370;"ORTIGUEIRA";"Sim";"Rea��o tardia ou ineficiente do condutor";2;"Sa�da de leito carro��vel";"Com V�timas Feridas";"Pleno dia";"Crescente";"Garoa/Chuvisco";"Simples";"Reta";"N�o";1325690;"Camioneta";"FORD/ECOSPORT FSL AT 1.5/ECOSPORT FSL AT 1.5";2019;"Passageiro";"Ileso";56;"Feminino";1;0;0;0;-24,363384;-50,807198;"SPRF-PR";"DEL07-PR";"UOP02-DEL07-PR"
742414;1662580;2025-12-29;"segunda-feira";"16:00:00";"PR";376;370;"ORTIGUEIRA";"Sim";"Rea��o tardia ou ineficiente do condutor";2;"Sa�da de leito carro��vel";"Com V�timas Feridas";"Pleno dia";"Crescente";"Garoa/Chuvisco";"Simples";"Reta";"N�o";1325688;"Utilit�rio";"CHERY/TIGGO 2 1.5 LOOK/TIGGO 2 1.5 LOOK";2019;"Passageiro";"Les�es Graves";41;"Feminino";0;0;1;0;-24,363384;-50,807198;"SPRF-PR";"DEL07-PR";"UOP02-DEL07-PR"
742414;1662579;2025-12-29;"segunda-feira";"16:00:00";"PR";376;370;"ORTIGUEIRA";"Sim";"Rea��o tardia ou ineficiente do condutor";2;"Sa�da de leito carro��vel";"Com V�timas Feridas";"Pleno dia";"Crescente";"Garoa/Chuvisco";"Simples";"Reta";"N�o";1325688;"Utilit�rio";"CHERY/TIGGO 2 1.5 LOOK/TIGGO 2 1.5 LOOK";2019;"Condutor";"Ileso";44;"Masculino";1;0;0;0;-24,363384;-50,807198;"SPRF-PR";"DEL07-PR";"UOP02-DEL07-PR"
742414;1662589;2025-12-29;"segunda-feira";"16:00:00";"PR";376;370;"ORTIGUEIRA";"Sim";"Rea��o tardia ou ineficiente do condutor";1;"Colis�o frontal";"Com V�timas Feridas";"Pleno dia";"Crescente";"Garoa/Chuvisco";"Simples";"Reta";"N�o";1325690;"Camioneta";"FORD/ECOSPORT FSL AT 1.5/ECOSPORT FSL AT 1.5";2019;"Condutor";"Ileso";24;"Feminino";1;0;0;0;-24,363384;-50,807198;"SPRF-PR";"DEL07-PR";"UOP02-DEL07-PR"
742414;1662588;2025-12-29;"segunda-feira";"16:00:00";"PR";376;370;"ORTIGUEIRA";"Sim";"Rea��o tardia ou ineficiente do condutor";1;"Colis�o frontal";"Com V�timas Feridas";"Pleno dia";"Crescente";"Garoa/Chuvisco";"Simples";"Reta";"N�o";1325690;"Camioneta";"FORD/ECOSPORT FSL AT 1.5/ECOSPORT FSL AT 1.5";2019;"Passageiro";"Ileso";79;"Masculino";1;0;0;0;-24,363384;-50,807198;"SPRF-PR";"DEL07-PR";"UOP02-DEL07-PR"
742414;1662583;2025-12-29;"segunda-feira";"16:00:00";"PR";376;370;"ORTIGUEIRA";"Sim";"Rea��o tardia ou ineficiente do condutor";1;"Colis�o frontal";"Com V�timas Feridas";"Pleno dia";"Crescente";"Garoa/Chuvisco";"Simples";"Reta";"N�o";1325690;"Camioneta";"FORD/ECOSPORT FSL AT 1.5/ECOSPORT FSL AT 1.5";2019;"Passageiro";"Ileso";56;"Feminino";1;0;0;0;-24,363384;-50,807198;"SPRF-PR";"DEL07-PR";"UOP02-DEL07-PR"
742414;1662580;2025-12-29;"segunda-feira";"16:00:00";"PR";376;370;"ORTIGUEIRA";"Sim";"Rea��o tardia ou ineficiente do condutor";1;"Colis�o frontal";"Com V�timas Feridas";"Pleno dia";"Crescente";"Garoa/Chuvisco";"Simples";"Reta";"N�o";1325688;"Utilit�rio";"CHERY/TIGGO 2 1.5 LOOK/TIGGO 2 1.5 LOOK";2019;"Passageiro";"Les�es Graves";41;"Feminino";0;0;1;0;-24,363384;-50,807198;"SPRF-PR";"DEL07-PR";"UOP02-DEL07-PR"
742414;1662579;2025-12-29;"segunda-feira";"16:00:00";"PR";376;370;"ORTIGUEIRA";"Sim";"Rea��o tardia ou ineficiente do condutor";1;"Colis�o frontal";"Com V�timas Feridas";"Pleno dia";"Crescente";"Garoa/Chuvisco";"Simples";"Reta";"N�o";1325688;"Utilit�rio";"CHERY/TIGGO 2 1.5 LOOK/TIGGO 2 1.5 LOOK";2019;"Condutor";"Ileso";44;"Masculino";1;0;0;0;-24,363384;-50,807198;"SPRF-PR";"DEL07-PR";"UOP02-DEL07-PR"
742415;1662459;2025-12-29;"segunda-feira";"16:30:00";"MA";10;253;"IMPERATRIZ";"Sim";"Condutor deixou de manter dist�ncia do ve�culo da frente";3;"Queda de ocupante de ve�culo";"Com V�timas Feridas";"Pleno dia";"Crescente";"C�u Claro";"Simples";"Reta";"Sim";1325617;"Autom�vel";"CHEV/TRACKER 12T A PR/TRACKER 12T A PR";2025;"Condutor";"Ileso";61;"Masculino";1;0;0;0;-5,518513;-47,471577;"SPRF-MA";"DEL04-MA";"UOP01-DEL04-MA"
742415;1662461;2025-12-29;"segunda-feira";"16:30:00";"MA";10;253;"IMPERATRIZ";"Sim";"Condutor deixou de manter dist�ncia do ve�culo da frente";3;"Queda de ocupante de ve�culo";"Com V�timas Feridas";"Pleno dia";"Crescente";"C�u Claro";"Simples";"Reta";"Sim";1325617;"Autom�vel";"CHEV/TRACKER 12T A PR/TRACKER 12T A PR";2025;"Passageiro";"Ileso";50;"Feminino";1;0;0;0;-5,518513;-47,471577;"SPRF-MA";"DEL04-MA";"UOP01-DEL04-MA"
742415;1662467;2025-12-29;"segunda-feira";"16:30:00";"MA";10;253;"IMPERATRIZ";"Sim";"Condutor deixou de manter dist�ncia do ve�culo da frente";3;"Queda de ocupante de ve�culo";"Com V�timas Feridas";"Pleno dia";"Crescente";"C�u Claro";"Simples";"Reta";"Sim";1325621;"Motocicleta";"HONDA/CG 160 START/CG 160 START";2022;"Condutor";"Les�es Leves";31;"Masculino";0;1;0;0;-5,518513;-47,471577;"SPRF-MA";"DEL04-MA";"UOP01-DEL04-MA"
742415;1662459;2025-12-29;"segunda-feira";"16:30:00";"MA";10;253;"IMPERATRIZ";"Sim";"Condutor deixou de manter dist�ncia do ve�culo da frente";2;"Tombamento";"Com V�timas Feridas";"Pleno dia";"Crescente";"C�u Claro";"Simples";"Reta";"Sim";1325617;"Autom�vel";"CHEV/TRACKER 12T A PR/TRACKER 12T A PR";2025;"Condutor";"Ileso";61;"Masculino";1;0;0;0;-5,518513;-47,471577;"SPRF-MA";"DEL04-MA";"UOP01-DEL04-MA"
742415;1662461;2025-12-29;"segunda-feira";"16:30:00";"MA";10;253;"IMPERATRIZ";"Sim";"Condutor deixou de manter dist�ncia do ve�culo da frente";2;"Tombamento";"Com V�timas Feridas";"Pleno dia";"Crescente";"C�u Claro";"Simples";"Reta";"Sim";1325617;"Autom�vel";"CHEV/TRACKER 12T A PR/TRACKER 12T A PR";2025;"Passageiro";"Ileso";50;"Feminino";1;0;0;0;-5,518513;-47,471577;"SPRF-MA";"DEL04-MA";"UOP01-DEL04-MA"
742415;1662467;2025-12-29;"segunda-feira";"16:30:00";"MA";10;253;"IMPERATRIZ";"Sim";"Condutor deixou de manter dist�ncia do ve�culo da frente";2;"Tombamento";"Com V�timas Feridas";"Pleno dia";"Crescente";"C�u Claro";"Simples";"Reta";"Sim";1325621;"Motocicleta";"HONDA/CG 160 START/CG 160 START";2022;"Condutor";"Les�es Leves";31;"Masculino";0;1;0;0;-5,518513;-47,471577;"SPRF-MA";"DEL04-MA";"UOP01-DEL04-MA"
742415;1662459;2025-12-29;"segunda-feira";"16:30:00";"MA";10;253;"IMPERATRIZ";"Sim";"Condutor deixou de manter dist�ncia do ve�culo da frente";1;"Colis�o traseira";"Com V�timas Feridas";"Pleno dia";"Crescente";"C�u Claro";"Simples";"Reta";"Sim";1325617;"Autom�vel";"CHEV/TRACKER 12T A PR/TRACKER 12T A PR";2025;"Condutor";"Ileso";61;"Masculino";1;0;0;0;-5,518513;-47,471577;"SPRF-MA";"DEL04-MA";"UOP01-DEL04-MA"
742415;1662461;2025-12-29;"segunda-feira";"16:30:00";"MA";10;253;"IMPERATRIZ";"Sim";"Condutor deixou de manter dist�ncia do ve�culo da frente";1;"Colis�o traseira";"Com V�timas Feridas";"Pleno dia";"Crescente";"C�u Claro";"Simples";"Reta";"Sim";1325617;"Autom�vel";"CHEV/TRACKER 12T A PR/TRACKER 12T A PR";2025;"Passageiro";"Ileso";50;"Feminino";1;0;0;0;-5,518513;-47,471577;"SPRF-MA";"DEL04-MA";"UOP01-DEL04-MA"
742415;1662467;2025-12-29;"segunda-feira";"16:30:00";"MA";10;253;"IMPERATRIZ";"Sim";"Condutor deixou de manter dist�ncia do ve�culo da frente";1;"Colis�o traseira";"Com V�timas Feridas";"Pleno dia";"Crescente";"C�u Claro";"Simples";"Reta";"Sim";1325621;"Motocicleta";"HONDA/CG 160 START/CG 160 START";2022;"Condutor";"Les�es Leves";31;"Masculino";0;1;0;0;-5,518513;-47,471577;"SPRF-MA";"DEL04-MA";"UOP01-DEL04-MA"
742416;1662485;2025-12-29;"segunda-feira";"16:00:00";"RJ";101;415;"MANGARATIBA";"Sim";"Acessar a via sem observar a presen�a dos outros ve�culos";1;"Colis�o transversal";"Sem V�timas";"Pleno dia";"Crescente";"C�u Claro";"Simples";"Reta";"N�o";1325632;"Camioneta";"I/SUZUKI SX4 4WD/SUZUKI SX4 4WD";2011;"Condutor";"Ileso";66;"Masculino";1;0;0;0;-22,9408768;-43,9975936;"SPRF-RJ";"DEL03-RJ";"UOP01-DEL03-RJ"
742416;1662487;2025-12-29;"segunda-feira";"16:00:00";"RJ";101;415;"MANGARATIBA";"Sim";"Acessar a via sem observar a presen�a dos outros ve�culos";1;"Colis�o transversal";"Sem V�timas";"Pleno dia";"Crescente";"C�u Claro";"Simples";"Reta";"N�o";1325633;"Autom�vel";"GM/VECTRA GLS/VECTRA GLS";1999;"Condutor";"Ileso";51;"Masculino";1;0;0;0;-22,9408768;-43,9975936;"SPRF-RJ";"DEL03-RJ";"UOP01-DEL03-RJ"