"id";"pesid";"data_inversa";"dia_semana";"horario";"uf";"br";"km";"municipio";"causa_principal";"causa_acidente";"ordem_tipo_acidente";"tipo_acidente";"classificacao_acidente";"fase_dia";"sentido_via";"condicao_metereologica";"tipo_pista";"tracado_via";"uso_solo";"id_veiculo";"tipo_veiculo";"marca";"ano_fabricacao_veiculo";"tipo_envolvido";"estado_fisico";"idade";"sexo";"ilesos";"feridos_leves";"feridos_graves";"mortos";"latitude";"longitude";"regional";"delegacia";"uop"
742416;1662493;2025-12-29;"segunda-feira";"16:00:00";"RJ";101;415;"MANGARATIBA";"Sim";"Acessar a via sem observar a presen�a dos outros ve�culos";1;"Colis�o transversal";"Sem V�timas";"Pleno dia";"Crescente";"C�u Claro";"Simples";"Reta";"N�o";1325633;"Autom�vel";"GM/VECTRA GLS/VECTRA GLS";1999;"Passageiro";"Ileso";48;"Masculino";1;0;0;0;-22,9408768;-43,9975936;"SPRF-RJ";"DEL03-RJ";"UOP01-DEL03-RJ"
742416;1662491;2025-12-29;"segunda-feira";"16:00:00";"RJ";101;415;"MANGARATIBA";"Sim";"Acessar a via sem observar a presen�a dos outros ve�culos";1;"Colis�o transversal";"Sem V�timas";"Pleno dia";"Crescente";"C�u Claro";"Simples";"Reta";"N�o";1325633;"Autom�vel";"GM/VECTRA GLS/VECTRA GLS";1999;"Passageiro";"Ileso";69;"Feminino";1;0;0;0;-22,9408768;-43,9975936;"SPRF-RJ";"DEL03-RJ";"UOP01-DEL03-RJ"
742416;1662490;2025-12-29;"segunda-feira";"16:00:00";"RJ";101;415;"MANGARATIBA";"Sim";"Acessar a via sem observar a presen�a dos outros ve�culos";1;"Colis�o transversal";"Sem V�timas";"Pleno dia";"Crescente";"C�u Claro";"Simples";"Reta";"N�o";1325633;"Autom�vel";"GM/VECTRA GLS/VECTRA GLS";1999;"Passageiro";"Ileso";45;"Feminino";1;0;0;0;-22,9408768;-43,9975936;"SPRF-RJ";"DEL03-RJ";"UOP01-DEL03-RJ"
742416;1662489;2025-12-29;"segunda-feira";"16:00:00";"RJ";101;415;"MANGARATIBA";"Sim";"Acessar a via sem observar a presen�a dos outros ve�culos";1;"Colis�o transversal";"Sem V�timas";"Pleno dia";"Crescente";"C�u Claro";"Simples";"Reta";"N�o";1325633;"Autom�vel";"GM/VECTRA GLS/VECTRA GLS";1999;"Passageiro";"Ileso";16;"Feminino";1;0;0;0;-22,9408768;-43,9975936;"SPRF-RJ";"DEL03-RJ";"UOP01-DEL03-RJ"
742417;1662643;2025-12-29;"segunda-feira";"17:15:00";"RN";226;1,3;"NATAL";"Sim";"Convers�o proibida";3;"Queda de ocupante de ve�culo";"Com V�timas Feridas";"Anoitecer";"Decrescente";"C�u Claro";"Simples";"Reta";"Sim";1325727;"Autom�vel";"GM/CHEVETTE L/CHEVETTE L";1993;"Condutor";"Ileso";17;"Masculino";1;0;0;0;-5,809142;-35,243923;"SPRF-RN";"DEL01-RN";"UOP02-DEL01-RN"
742417;1662642;2025-12-29;"segunda-feira";"17:15:00";"RN";226;1,3;"NATAL";"Sim";"Convers�o proibida";3;"Queda de ocupante de ve�culo";"Com V�timas Feridas";"Anoitecer";"Decrescente";"C�u Claro";"Simples";"Reta";"Sim";1325726;"Motocicleta";"HONDA/NXR160 BROS ESDD/NXR160 BROS ESDD";2023;"Condutor";"Les�es Graves";37;"Masculino";0;0;1;0;-5,809142;-35,243923;"SPRF-RN";"DEL01-RN";"UOP02-DEL01-RN"
742417;1662643;2025-12-29;"segunda-feira";"17:15:00";"RN";226;1,3;"NATAL";"Sim";"Convers�o proibida";2;"Tombamento";"Com V�timas Feridas";"Anoitecer";"Decrescente";"C�u Claro";"Simples";"Reta";"Sim";1325727;"Autom�vel";"GM/CHEVETTE L/CHEVETTE L";1993;"Condutor";"Ileso";17;"Masculino";1;0;0;0;-5,809142;-35,243923;"SPRF-RN";"DEL01-RN";"UOP02-DEL01-RN"
742417;1662642;2025-12-29;"segunda-feira";"17:15:00";"RN";226;1,3;"NATAL";"Sim";"Convers�o proibida";2;"Tombamento";"Com V�timas Feridas";"Anoitecer";"Decrescente";"C�u Claro";"Simples";"Reta";"Sim";1325726;"Motocicleta";"HONDA/NXR160 BROS ESDD/NXR160 BROS ESDD";2023;"Condutor";"Les�es Graves";37;"Masculino";0;0;1;0;-5,809142;-35,243923;"SPRF-RN";"DEL01-RN";"UOP02-DEL01-RN"
742417;1662643;2025-12-29;"segunda-feira";"17:15:00";"RN";226;1,3;"NATAL";"Sim";"Convers�o proibida";1;"Colis�o lateral sentido oposto";"Com V�timas Feridas";"Anoitecer";"Decrescente";"C�u Claro";"Simples";"Reta";"Sim";1325727;"Autom�vel";"GM/CHEVETTE L/CHEVETTE L";1993;"Condutor";"Ileso";17;"Masculino";1;0;0;0;-5,809142;-35,243923;"SPRF-RN";"DEL01-RN";"UOP02-DEL01-RN"
742417;1662642;2025-12-29;"segunda-feira";"17:15:00";"RN";226;1,3;"NATAL";"Sim";"Convers�o proibida";1;"Colis�o lateral sentido oposto";"Com V�timas Feridas";"Anoitecer";"Decrescente";"C�u Claro";"Simples";"Reta";"Sim";1325726;"Motocicleta";"HONDA/NXR160 BROS ESDD/NXR160 BROS ESDD";2023;"Condutor";"Les�es Graves";37;"Masculino";0;0;1;0;-5,809142;-35,243923;"SPRF-RN";"DEL01-RN";"UOP02-DEL01-RN"
742418;1662541;2025-12-29;"segunda-feira";"16:30:00";"BA";101;104;"ALAGOINHAS";"Sim";"Demais falhas mec�nicas ou el�tricas";1;"Colis�o frontal";"Com V�timas Feridas";"Pleno dia";"Decrescente";"C�u Claro";"Simples";"Reta;Aclive";"N�o";1325649;"Caminh�o";"N�o Informado/N�o Informado/N�o Informado";0;"Condutor";"N�o Informado";NA;"N�o Informado";0;0;0;0;-12,11377894;-38,38939767;"SPRF-BA";"DEL01-BA";"UOP04-DEL01-BA"
742418;1662498;2025-12-29;"segunda-feira";"16:30:00";"BA";101;104;"ALAGOINHAS";"Sim";"Demais falhas mec�nicas ou el�tricas";1;"Colis�o frontal";"Com V�timas Feridas";"Pleno dia";"Decrescente";"C�u Claro";"Simples";"Reta;Aclive";"N�o";1325626;"Autom�vel";"HONDA/CIVIC LXS FLEX/CIVIC LXS FLEX";2009;"Passageiro";"Les�es Leves";43;"Feminino";0;1;0;0;-12,11377894;-38,38939767;"SPRF-BA";"DEL01-BA";"UOP04-DEL01-BA"
742418;1662497;2025-12-29;"segunda-feira";"16:30:00";"BA";101;104;"ALAGOINHAS";"Sim";"Demais falhas mec�nicas ou el�tricas";1;"Colis�o frontal";"Com V�timas Feridas";"Pleno dia";"Decrescente";"C�u Claro";"Simples";"Reta;Aclive";"N�o";1325626;"Autom�vel";"HONDA/CIVIC LXS FLEX/CIVIC LXS FLEX";2009;"Passageiro";"Ileso";7;"Feminino";1;0;0;0;-12,11377894;-38,38939767;"SPRF-BA";"DEL01-BA";"UOP04-DEL01-BA"
742418;1662474;2025-12-29;"segunda-feira";"16:30:00";"BA";101;104;"ALAGOINHAS";"Sim";"Demais falhas mec�nicas ou el�tricas";1;"Colis�o frontal";"Com V�timas Feridas";"Pleno dia";"Decrescente";"C�u Claro";"Simples";"Reta;Aclive";"N�o";1325626;"Autom�vel";"HONDA/CIVIC LXS FLEX/CIVIC LXS FLEX";2009;"Condutor";"Ileso";37;"Masculino";1;0;0;0;-12,11377894;-38,38939767;"SPRF-BA";"DEL01-BA";"UOP04-DEL01-BA"
742418;1662495;2025-12-29;"segunda-feira";"16:30:00";"BA";101;104;"ALAGOINHAS";"Sim";"Demais falhas mec�nicas ou el�tricas";1;"Colis�o frontal";"Com V�timas Feridas";"Pleno dia";"Decrescente";"C�u Claro";"Simples";"Reta;Aclive";"N�o";1325625;"Autom�vel";"FIAT/MOBI LIKE/MOBI LIKE";2025;"Passageiro";"Les�es Leves";52;"Masculino";0;1;0;0;-12,11377894;-38,38939767;"SPRF-BA";"DEL01-BA";"UOP04-DEL01-BA"
742418;1662494;2025-12-29;"segunda-feira";"16:30:00";"BA";101;104;"ALAGOINHAS";"Sim";"Demais falhas mec�nicas ou el�tricas";1;"Colis�o frontal";"Com V�timas Feridas";"Pleno dia";"Decrescente";"C�u Claro";"Simples";"Reta;Aclive";"N�o";1325625;"Autom�vel";"FIAT/MOBI LIKE/MOBI LIKE";2025;"Passageiro";"Les�es Leves";43;"Masculino";0;1;0;0;-12,11377894;-38,38939767;"SPRF-BA";"DEL01-BA";"UOP04-DEL01-BA"
742418;1662492;2025-12-29;"segunda-feira";"16:30:00";"BA";101;104;"ALAGOINHAS";"Sim";"Demais falhas mec�nicas ou el�tricas";1;"Colis�o frontal";"Com V�timas Feridas";"Pleno dia";"Decrescente";"C�u Claro";"Simples";"Reta;Aclive";"N�o";1325625;"Autom�vel";"FIAT/MOBI LIKE/MOBI LIKE";2025;"Passageiro";"Ileso";60;"Masculino";1;0;0;0;-12,11377894;-38,38939767;"SPRF-BA";"DEL01-BA";"UOP04-DEL01-BA"
742418;1662473;2025-12-29;"segunda-feira";"16:30:00";"BA";101;104;"ALAGOINHAS";"Sim";"Demais falhas mec�nicas ou el�tricas";1;"Colis�o frontal";"Com V�timas Feridas";"Pleno dia";"Decrescente";"C�u Claro";"Simples";"Reta;Aclive";"N�o";1325625;"Autom�vel";"FIAT/MOBI LIKE/MOBI LIKE";2025;"Condutor";"Les�es Leves";38;"Masculino";0;1;0;0;-12,11377894;-38,38939767;"SPRF-BA";"DEL01-BA";"UOP04-DEL01-BA"
742419;NA;2025-12-03;"quarta-feira";"09:30:00";"BA";101;725;"EUNAPOLIS";"Sim";"Rea��o tardia ou ineficiente do condutor";1;"Tombamento";"Com V�timas Feridas";"Pleno dia";"Decrescente";"C�u Claro";"Simples";"Declive;Curva";"N�o";1325630;"Semireboque";"SR/FACCHINI SRF TT/FACCHINI SRF TT";2010;NA;NA;NA;NA;NA;NA;NA;NA;-16,41550326;-39,58614349;"SPRF-BA";"DEL09-BA";"UOP01-DEL09-BA"
742419;NA;2025-12-03;"quarta-feira";"09:30:00";"BA";101;725;"EUNAPOLIS";"Sim";"Rea��o tardia ou ineficiente do condutor";1;"Tombamento";"Com V�timas Feridas";"Pleno dia";"Decrescente";"C�u Claro";"Simples";"Declive;Curva";"N�o";1325629;"Semireboque";"SR/FACCHINI SRF TT/FACCHINI SRF TT";2009;NA;NA;NA;NA;NA;NA;NA;NA;-16,41550326;-39,58614349;"SPRF-BA";"DEL09-BA";"UOP01-DEL09-BA"
742419;1662486;2025-12-03;"quarta-feira";"09:30:00";"BA";101;725;"EUNAPOLIS";"Sim";"Rea��o tardia ou ineficiente do condutor";1;"Tombamento";"Com V�timas Feridas";"Pleno dia";"Decrescente";"C�u Claro";"Simples";"Declive;Curva";"N�o";1325628;"Caminh�o-trator";"M.BENZ/ACTROS 2651LS6X4/ACTROS 2651LS6X4";2018;"Condutor";"Ileso";45;"Masculino";1;0;0;0;-16,41550326;-39,58614349;"SPRF-BA";"DEL09-BA";"UOP01-DEL09-BA"
742419;1662483;2025-12-03;"quarta-feira";"09:30:00";"BA";101;725;"EUNAPOLIS";"Sim";"Rea��o tardia ou ineficiente do condutor";1;"Tombamento";"Com V�timas Feridas";"Pleno dia";"Decrescente";"C�u Claro";"Simples";"Declive;Curva";"N�o";1325628;"Caminh�o-trator";"M.BENZ/ACTROS 2651LS6X4/ACTROS 2651LS6X4";2018;"Passageiro";"Ileso";30;"Masculino";1;0;0;0;-16,41550326;-39,58614349;"SPRF-BA";"DEL09-BA";"UOP01-DEL09-BA"
742419;1662476;2025-12-03;"quarta-feira";"09:30:00";"BA";101;725;"EUNAPOLIS";"Sim";"Rea��o tardia ou ineficiente do condutor";1;"Tombamento";"Com V�timas Feridas";"Pleno dia";"Decrescente";"C�u Claro";"Simples";"Declive;Curva";"N�o";1325628;"Caminh�o-trator";"M.BENZ/ACTROS 2651LS6X4/ACTROS 2651LS6X4";2018;"Passageiro";"Les�es Leves";28;"Feminino";0;1;0;0;-16,41550326;-39,58614349;"SPRF-BA";"DEL09-BA";"UOP01-DEL09-BA"
742419;NA;2025-12-03;"quarta-feira";"09:30:00";"BA";101;725;"EUNAPOLIS";"N�o";"Velocidade Incompat�vel";1;"Tombamento";"Com V�timas Feridas";"Pleno dia";"Decrescente";"C�u Claro";"Simples";"Declive;Curva";"N�o";1325630;"Semireboque";"SR/FACCHINI SRF TT/FACCHINI SRF TT";2010;NA;NA;NA;NA;NA;NA;NA;NA;-16,41550326;-39,58614349;"SPRF-BA";"DEL09-BA";"UOP01-DEL09-BA"
742419;NA;2025-12-03;"quarta-feira";"09:30:00";"BA";101;725;"EUNAPOLIS";"N�o";"Velocidade Incompat�vel";1;"Tombamento";"Com V�timas Feridas";"Pleno dia";"Decrescente";"C�u Claro";"Simples";"Declive;Curva";"N�o";1325629;"Semireboque";"SR/FACCHINI SRF TT/FACCHINI SRF TT";2009;NA;NA;NA;NA;NA;NA;NA;NA;-16,41550326;-39,58614349;"SPRF-BA";"DEL09-BA";"UOP01-DEL09-BA"
742419;1662486;2025-12-03;"quarta-feira";"09:30:00";"BA";101;725;"EUNAPOLIS";"N�o";"Velocidade Incompat�vel";1;"Tombamento";"Com V�timas Feridas";"Pleno dia";"Decrescente";"C�u Claro";"Simples";"Declive;Curva";"N�o";1325628;"Caminh�o-trator";"M.BENZ/ACTROS 2651LS6X4/ACTROS 2651LS6X4";2018;"Condutor";"Ileso";45;"Masculino";1;0;0;0;-16,41550326;-39,58614349;"SPRF-BA";"DEL09-BA";"UOP01-DEL09-BA"
742419;1662483;2025-12-03;"quarta-feira";"09:30:00";"BA";101;725;"EUNAPOLIS";"N�o";"Velocidade Incompat�vel";1;"Tombamento";"Com V�timas Feridas";"Pleno dia";"Decrescente";"C�u Claro";"Simples";"Declive;Curva";"N�o";1325628;"Caminh�o-trator";"M.BENZ/ACTROS 2651LS6X4/ACTROS 2651LS6X4";2018;"Passageiro";"Ileso";30;"Masculino";1;0;0;0;-16,41550326;-39,58614349;"SPRF-BA";"DEL09-BA";"UOP01-DEL09-BA"
742419;1662476;2025-12-03;"quarta-feira";"09:30:00";"BA";101;725;"EUNAPOLIS";"N�o";"Velocidade Incompat�vel";1;"Tombamento";"Com V�timas Feridas";"Pleno dia";"Decrescente";"C�u Claro";"Simples";"Declive;Curva";"N�o";1325628;"Caminh�o-trator";"M.BENZ/ACTROS 2651LS6X4/ACTROS 2651LS6X4";2018;"Passageiro";"Les�es Leves";28;"Feminino";0;1;0;0;-16,41550326;-39,58614349;"SPRF-BA";"DEL09-BA";"UOP01-DEL09-BA"
742421;1662488;2025-12-29;"segunda-feira";"18:10:00";"SC";280;57,5;"GUARAMIRIM";"Sim";"Chuva";1;"Colis�o com objeto";"Com V�timas Feridas";"Anoitecer";"Decrescente";"Chuva";"Dupla";"Rotat�ria";"N�o";1325636;"Autom�vel";"FORD/FIESTA HA 1.5L S/FIESTA HA 1.5L S";2015;"Condutor";"Les�es Leves";26;"Feminino";0;1;0;0;-26,474037;-49,020393;"SPRF-SC";"DEL03-SC";"UOP03-DEL03-SC"
742422;1662507;2025-12-29;"segunda-feira";"16:00:00";"PR";116;20;"CAMPINA GRANDE DO SUL";"Sim";"Rea��o tardia ou ineficiente do condutor";2;"Capotamento";"Com V�timas Feridas";"Pleno dia";"Crescente";"C�u Claro";"Dupla";"Curva";"N�o";1325645;"Autom�vel";"HYUNDAI/HB20 1.6A PREM/HB20 1.6A PREM";2013;"Condutor";"Les�es Leves";41;"Feminino";0;1;0;0;-25,1274692;-48,85745477;"SPRF-PR";"DEL01-PR";"UOP02-DEL01-PR"
742422;1662507;2025-12-29;"segunda-feira";"16:00:00";"PR";116;20;"CAMPINA GRANDE DO SUL";"Sim";"Rea��o tardia ou ineficiente do condutor";1;"Sa�da de leito carro��vel";"Com V�timas Feridas";"Pleno dia";"Crescente";"C�u Claro";"Dupla";"Curva";"N�o";1325645;"Autom�vel";"HYUNDAI/HB20 1.6A PREM/HB20 1.6A PREM";2013;"Condutor";"Les�es Leves";41;"Feminino";0;1;0;0;-25,1274692;-48,85745477;"SPRF-PR";"DEL01-PR";"UOP02-DEL01-PR"
742423;1662513;2025-12-29;"segunda-feira";"17:25:00";"RS";285;116,4;"VACARIA";"N�o";"Velocidade Incompat�vel";3;"Tombamento";"Com V�timas Feridas";"Pleno dia";"Crescente";"Chuva";"Simples";"Curva";"N�o";1325650;"Camioneta";"RENAULT/DUSTER 16 E 4X2/DUSTER 16 E 4X2";2013;"Condutor";"Les�es Leves";53;"Masculino";0;1;0;0;-28,51045227;-50,87902514;"SPRF-RS";"DEL05-RS";"UOP03-DEL05-RS"
742423;1662513;2025-12-29;"segunda-feira";"17:25:00";"RS";285;116,4;"VACARIA";"N�o";"Velocidade Incompat�vel";2;"Colis�o com objeto";"Com V�timas Feridas";"Pleno dia";"Crescente";"Chuva";"Simples";"Curva";"N�o";1325650;"Camioneta";"RENAULT/DUSTER 16 E 4X2/DUSTER 16 E 4X2";2013;"Condutor";"Les�es Leves";53;"Masculino";0;1;0;0;-28,51045227;-50,87902514;"SPRF-RS";"DEL05-RS";"UOP03-DEL05-RS"
742423;1662513;2025-12-29;"segunda-feira";"17:25:00";"RS";285;116,4;"VACARIA";"N�o";"Velocidade Incompat�vel";1;"Sa�da de leito carro��vel";"Com V�timas Feridas";"Pleno dia";"Crescente";"Chuva";"Simples";"Curva";"N�o";1325650;"Camioneta";"RENAULT/DUSTER 16 E 4X2/DUSTER 16 E 4X2";2013;"Condutor";"Les�es Leves";53;"Masculino";0;1;0;0;-28,51045227;-50,87902514;"SPRF-RS";"DEL05-RS";"UOP03-DEL05-RS"
742423;1662513;2025-12-29;"segunda-feira";"17:25:00";"RS";285;116,4;"VACARIA";"Sim";"Acumulo de �gua sobre o pavimento";3;"Tombamento";"Com V�timas Feridas";"Pleno dia";"Crescente";"Chuva";"Simples";"Curva";"N�o";1325650;"Camioneta";"RENAULT/DUSTER 16 E 4X2/DUSTER 16 E 4X2";2013;"Condutor";"Les�es Leves";53;"Masculino";0;1;0;0;-28,51045227;-50,87902514;"SPRF-RS";"DEL05-RS";"UOP03-DEL05-RS"
742423;1662513;2025-12-29;"segunda-feira";"17:25:00";"RS";285;116,4;"VACARIA";"Sim";"Acumulo de �gua sobre o pavimento";2;"Colis�o com objeto";"Com V�timas Feridas";"Pleno dia";"Crescente";"Chuva";"Simples";"Curva";"N�o";1325650;"Camioneta";"RENAULT/DUSTER 16 E 4X2/DUSTER 16 E 4X2";2013;"Condutor";"Les�es Leves";53;"Masculino";0;1;0;0;-28,51045227;-50,87902514;"SPRF-RS";"DEL05-RS";"UOP03-DEL05-RS"
742423;1662513;2025-12-29;"segunda-feira";"17:25:00";"RS";285;116,4;"VACARIA";"Sim";"Acumulo de �gua sobre o pavimento";1;"Sa�da de leito carro��vel";"Com V�timas Feridas";"Pleno dia";"Crescente";"Chuva";"Simples";"Curva";"N�o";1325650;"Camioneta";"RENAULT/DUSTER 16 E 4X2/DUSTER 16 E 4X2";2013;"Condutor";"Les�es Leves";53;"Masculino";0;1;0;0;-28,51045227;-50,87902514;"SPRF-RS";"DEL05-RS";"UOP03-DEL05-RS"
742424;1662652;2025-12-29;"segunda-feira";"16:00:00";"PR";116;29;"CAMPINA GRANDE DO SUL";"Sim";"Chuva";1;"Colis�o com objeto";"Com V�timas Feridas";"Pleno dia";"Decrescente";"Chuva";"Dupla";"Declive;Curva";"N�o";1325731;"Autom�vel";"TOYOTA/COROLLA XEI20FLEX/COROLLA XEI20FLEX";2010;"Passageiro";"Les�es Leves";52;"Feminino";0;1;0;0;-25,112188;-48,814941;"SPRF-PR";"DEL01-PR";"UOP02-DEL01-PR"
742424;1662653;2025-12-29;"segunda-feira";"16:00:00";"PR";116;29;"CAMPINA GRANDE DO SUL";"Sim";"Chuva";1;"Colis�o com objeto";"Com V�timas Feridas";"Pleno dia";"Decrescente";"Chuva";"Dupla";"Declive;Curva";"N�o";1325731;"Autom�vel";"TOYOTA/COROLLA XEI20FLEX/COROLLA XEI20FLEX";2010;"Passageiro";"Les�es Leves";17;"Feminino";0;1;0;0;-25,112188;-48,814941;"SPRF-PR";"DEL01-PR";"UOP02-DEL01-PR"
742424;1662650;2025-12-29;"segunda-feira";"16:00:00";"PR";116;29;"CAMPINA GRANDE DO SUL";"Sim";"Chuva";1;"Colis�o com objeto";"Com V�timas Feridas";"Pleno dia";"Decrescente";"Chuva";"Dupla";"Declive;Curva";"N�o";1325731;"Autom�vel";"TOYOTA/COROLLA XEI20FLEX/COROLLA XEI20FLEX";2010;"Condutor";"Les�es Leves";55;"Feminino";0;1;0;0;-25,112188;-48,814941;"SPRF-PR";"DEL01-PR";"UOP02-DEL01-PR"
742424;1662651;2025-12-29;"segunda-feira";"16:00:00";"PR";116;29;"CAMPINA GRANDE DO SUL";"Sim";"Chuva";1;"Colis�o com objeto";"Com V�timas Feridas";"Pleno dia";"Decrescente";"Chuva";"Dupla";"Declive;Curva";"N�o";1325731;"Autom�vel";"TOYOTA/COROLLA XEI20FLEX/COROLLA XEI20FLEX";2010;"Passageiro";"Les�es Leves";15;"Feminino";0;1;0;0;-25,112188;-48,814941;"SPRF-PR";"DEL01-PR";"UOP02-DEL01-PR"
742425;1662533;2025-12-29;"segunda-feira";"18:50:00";"ES";101;57;"SAO MATEUS";"Sim";"Condutor deixou de manter dist�ncia do ve�culo da frente";1;"Colis�o traseira";"Sem V�timas";"Anoitecer";"Decrescente";"C�u Claro";"Simples";"Reta";"N�o";1325657;"Autom�vel";"I/FIAT PALIO ATTRACT 1.0/FIAT PALIO ATTRACT 1.0";2014;"Passageiro";"Ileso";13;"Masculino";1;0;0;0;-18,64902496;-39,8734173;"SPRF-ES";"DEL04-ES";"UOP02-DEL04-ES"
742425;1662532;2025-12-29;"segunda-feira";"18:50:00";"ES";101;57;"SAO MATEUS";"Sim";"Condutor deixou de manter dist�ncia do ve�culo da frente";1;"Colis�o traseira";"Sem V�timas";"Anoitecer";"Decrescente";"C�u Claro";"Simples";"Reta";"N�o";1325657;"Autom�vel";"I/FIAT PALIO ATTRACT 1.0/FIAT PALIO ATTRACT 1.0";2014;"Passageiro";"Ileso";41;"Feminino";1;0;0;0;-18,64902496;-39,8734173;"SPRF-ES";"DEL04-ES";"UOP02-DEL04-ES"
742425;1662531;2025-12-29;"segunda-feira";"18:50:00";"ES";101;57;"SAO MATEUS";"Sim";"Condutor deixou de manter dist�ncia do ve�culo da frente";1;"Colis�o traseira";"Sem V�timas";"Anoitecer";"Decrescente";"C�u Claro";"Simples";"Reta";"N�o";1325657;"Autom�vel";"I/FIAT PALIO ATTRACT 1.0/FIAT PALIO ATTRACT 1.0";2014;"Condutor";"Ileso";46;"Masculino";1;0;0;0;-18,64902496;-39,8734173;"SPRF-ES";"DEL04-ES";"UOP02-DEL04-ES"
742425;1662530;2025-12-29;"segunda-feira";"18:50:00";"ES";101;57;"SAO MATEUS";"Sim";"Condutor deixou de manter dist�ncia do ve�culo da frente";1;"Colis�o traseira";"Sem V�timas";"Anoitecer";"Decrescente";"C�u Claro";"Simples";"Reta";"N�o";1325655;"Camioneta";"FIAT/PULSE ABARTH 270/PULSE ABARTH 270";2023;"Passageiro";"Ileso";6;"Feminino";1;0;0;0;-18,64902496;-39,8734173;"SPRF-ES";"DEL04-ES";"UOP02-DEL04-ES"
742425;1662529;2025-12-29;"segunda-feira";"18:50:00";"ES";101;57;"SAO MATEUS";"Sim";"Condutor deixou de manter dist�ncia do ve�culo da frente";1;"Colis�o traseira";"Sem V�timas";"Anoitecer";"Decrescente";"C�u Claro";"Simples";"Reta";"N�o";1325655;"Camioneta";"FIAT/PULSE ABARTH 270/PULSE ABARTH 270";2023;"Passageiro";"Ileso";27;"Feminino";1;0;0;0;-18,64902496;-39,8734173;"SPRF-ES";"DEL04-ES";"UOP02-DEL04-ES"
742425;1662527;2025-12-29;"segunda-feira";"18:50:00";"ES";101;57;"SAO MATEUS";"Sim";"Condutor deixou de manter dist�ncia do ve�culo da frente";1;"Colis�o traseira";"Sem V�timas";"Anoitecer";"Decrescente";"C�u Claro";"Simples";"Reta";"N�o";1325655;"Camioneta";"FIAT/PULSE ABARTH 270/PULSE ABARTH 270";2023;"Condutor";"Ileso";32;"Masculino";1;0;0;0;-18,64902496;-39,8734173;"SPRF-ES";"DEL04-ES";"UOP02-DEL04-ES"
742426;1662524;2025-12-29;"segunda-feira";"16:50:00";"RJ";40;15;"TRES RIOS";"N�o";"Velocidade Incompat�vel";1;"Tombamento";"Com V�timas Feridas";"Pleno dia";"Crescente";"Chuva";"Dupla";"Declive;Curva";"N�o";1325658;"Motocicleta";"HONDA/CB300F TWISTER CBS/CB300F TWISTER CBS";2025;"Condutor";"Les�es Graves";18;"Masculino";0;0;1;0;-22,07409181;-43,18298796;"SPRF-RJ";"DEL05-RJ";"UOP02-DEL05-RJ"
742426;1662524;2025-12-29;"segunda-feira";"16:50:00";"RJ";40;15;"TRES RIOS";"Sim";"Chuva";1;"Tombamento";"Com V�timas Feridas";"Pleno dia";"Crescente";"Chuva";"Dupla";"Declive;Curva";"N�o";1325658;"Motocicleta";"HONDA/CB300F TWISTER CBS/CB300F TWISTER CBS";2025;"Condutor";"Les�es Graves";18;"Masculino";0;0;1;0;-22,07409181;-43,18298796;"SPRF-RJ";"DEL05-RJ";"UOP02-DEL05-RJ"
742427;1662592;2025-12-29;"segunda-feira";"16:30:00";"SC";282;529,5;"CORDILHEIRA ALTA";"N�o";"Velocidade Incompat�vel";4;"Sa�da de leito carro��vel";"Com V�timas Feridas";"Pleno dia";"Crescente";"Chuva";"Simples";"Declive;Curva";"N�o";1325691;"Caminh�o";"VW/17.190 CRM 4X2 4P/17.190 CRM 4X2 4P";2019;"Passageiro";"Ileso";40;"Masculino";1;0;0;0;-26,983782;-52,603005;"SPRF-SC";"DEL07-SC";"UOP01-DEL07-SC"
742427;1662591;2025-12-29;"segunda-feira";"16:30:00";"SC";282;529,5;"CORDILHEIRA ALTA";"N�o";"Velocidade Incompat�vel";4;"Sa�da de leito carro��vel";"Com V�timas Feridas";"Pleno dia";"Crescente";"Chuva";"Simples";"Declive;Curva";"N�o";1325691;"Caminh�o";"VW/17.190 CRM 4X2 4P/17.190 CRM 4X2 4P";2019;"Passageiro";"Ileso";31;"Masculino";1;0;0;0;-26,983782;-52,603005;"SPRF-SC";"DEL07-SC";"UOP01-DEL07-SC"
742427;1662584;2025-12-29;"segunda-feira";"16:30:00";"SC";282;529,5;"CORDILHEIRA ALTA";"N�o";"Velocidade Incompat�vel";4;"Sa�da de leito carro��vel";"Com V�timas Feridas";"Pleno dia";"Crescente";"Chuva";"Simples";"Declive;Curva";"N�o";1325691;"Caminh�o";"VW/17.190 CRM 4X2 4P/17.190 CRM 4X2 4P";2019;"Condutor";"Les�es Leves";47;"Masculino";0;1;0;0;-26,983782;-52,603005;"SPRF-SC";"DEL07-SC";"UOP01-DEL07-SC"
742427;1664331;2025-12-29;"segunda-feira";"16:30:00";"SC";282;529,5;"CORDILHEIRA ALTA";"N�o";"Velocidade Incompat�vel";4;"Sa�da de leito carro��vel";"Com V�timas Feridas";"Pleno dia";"Crescente";"Chuva";"Simples";"Declive;Curva";"N�o";1325700;"Autom�vel";"TOYOTA/ETIOS HB CROSS/ETIOS HB CROSS";2014;"Passageiro";"Ileso";9;"Masculino";1;0;0;0;-26,983782;-52,603005;"SPRF-SC";"DEL07-SC";"UOP01-DEL07-SC"
742427;1662607;2025-12-29;"segunda-feira";"16:30:00";"SC";282;529,5;"CORDILHEIRA ALTA";"N�o";"Velocidade Incompat�vel";4;"Sa�da de leito carro��vel";"Com V�timas Feridas";"Pleno dia";"Crescente";"Chuva";"Simples";"Declive;Curva";"N�o";1325700;"Autom�vel";"TOYOTA/ETIOS HB CROSS/ETIOS HB CROSS";2014;"Passageiro";"Ileso";32;"Feminino";1;0;0;0;-26,983782;-52,603005;"SPRF-SC";"DEL07-SC";"UOP01-DEL07-SC"