"id";"pesid";"data_inversa";"dia_semana";"horario";"uf";"br";"km";"municipio";"causa_principal";"causa_acidente";"ordem_tipo_acidente";"tipo_acidente";"classificacao_acidente";"fase_dia";"sentido_via";"condicao_metereologica";"tipo_pista";"tracado_via";"uso_solo";"id_veiculo";"tipo_veiculo";"marca";"ano_fabricacao_veiculo";"tipo_envolvido";"estado_fisico";"idade";"sexo";"ilesos";"feridos_leves";"feridos_graves";"mortos";"latitude";"longitude";"regional";"delegacia";"uop"
742427;1662578;2025-12-29;"segunda-feira";"16:30:00";"SC";282;529,5;"CORDILHEIRA ALTA";"N�o";"Chuva";1;"Colis�o lateral sentido oposto";"Com V�timas Feridas";"Pleno dia";"Crescente";"Chuva";"Simples";"Declive;Curva";"N�o";1325686;"Caminh�o";"VW/24.280 CRM 6X2/24.280 CRM 6X2";2020;"Condutor";"Les�es Graves";48;"Masculino";0;0;1;0;-26,983782;-52,603005;"SPRF-SC";"DEL07-SC";"UOP01-DEL07-SC"
742427;1662592;2025-12-29;"segunda-feira";"16:30:00";"SC";282;529,5;"CORDILHEIRA ALTA";"N�o";"Chuva";3;"Colis�o traseira";"Com V�timas Feridas";"Pleno dia";"Crescente";"Chuva";"Simples";"Declive;Curva";"N�o";1325691;"Caminh�o";"VW/17.190 CRM 4X2 4P/17.190 CRM 4X2 4P";2019;"Passageiro";"Ileso";40;"Masculino";1;0;0;0;-26,983782;-52,603005;"SPRF-SC";"DEL07-SC";"UOP01-DEL07-SC"
742427;1662591;2025-12-29;"segunda-feira";"16:30:00";"SC";282;529,5;"CORDILHEIRA ALTA";"N�o";"Chuva";3;"Colis�o traseira";"Com V�timas Feridas";"Pleno dia";"Crescente";"Chuva";"Simples";"Declive;Curva";"N�o";1325691;"Caminh�o";"VW/17.190 CRM 4X2 4P/17.190 CRM 4X2 4P";2019;"Passageiro";"Ileso";31;"Masculino";1;0;0;0;-26,983782;-52,603005;"SPRF-SC";"DEL07-SC";"UOP01-DEL07-SC"
742427;1662584;2025-12-29;"segunda-feira";"16:30:00";"SC";282;529,5;"CORDILHEIRA ALTA";"N�o";"Chuva";3;"Colis�o traseira";"Com V�timas Feridas";"Pleno dia";"Crescente";"Chuva";"Simples";"Declive;Curva";"N�o";1325691;"Caminh�o";"VW/17.190 CRM 4X2 4P/17.190 CRM 4X2 4P";2019;"Condutor";"Les�es Leves";47;"Masculino";0;1;0;0;-26,983782;-52,603005;"SPRF-SC";"DEL07-SC";"UOP01-DEL07-SC"
742427;1664331;2025-12-29;"segunda-feira";"16:30:00";"SC";282;529,5;"CORDILHEIRA ALTA";"N�o";"Chuva";3;"Colis�o traseira";"Com V�timas Feridas";"Pleno dia";"Crescente";"Chuva";"Simples";"Declive;Curva";"N�o";1325700;"Autom�vel";"TOYOTA/ETIOS HB CROSS/ETIOS HB CROSS";2014;"Passageiro";"Ileso";9;"Masculino";1;0;0;0;-26,983782;-52,603005;"SPRF-SC";"DEL07-SC";"UOP01-DEL07-SC"
742427;1662607;2025-12-29;"segunda-feira";"16:30:00";"SC";282;529,5;"CORDILHEIRA ALTA";"N�o";"Chuva";3;"Colis�o traseira";"Com V�timas Feridas";"Pleno dia";"Crescente";"Chuva";"Simples";"Declive;Curva";"N�o";1325700;"Autom�vel";"TOYOTA/ETIOS HB CROSS/ETIOS HB CROSS";2014;"Passageiro";"Ileso";32;"Feminino";1;0;0;0;-26,983782;-52,603005;"SPRF-SC";"DEL07-SC";"UOP01-DEL07-SC"
742427;1662605;2025-12-29;"segunda-feira";"16:30:00";"SC";282;529,5;"CORDILHEIRA ALTA";"N�o";"Chuva";3;"Colis�o traseira";"Com V�timas Feridas";"Pleno dia";"Crescente";"Chuva";"Simples";"Declive;Curva";"N�o";1325700;"Autom�vel";"TOYOTA/ETIOS HB CROSS/ETIOS HB CROSS";2014;"Condutor";"Ileso";40;"Masculino";1;0;0;0;-26,983782;-52,603005;"SPRF-SC";"DEL07-SC";"UOP01-DEL07-SC"
742427;1662596;2025-12-29;"segunda-feira";"16:30:00";"SC";282;529,5;"CORDILHEIRA ALTA";"N�o";"Chuva";3;"Colis�o traseira";"Com V�timas Feridas";"Pleno dia";"Crescente";"Chuva";"Simples";"Declive;Curva";"N�o";1325695;"Autom�vel";"CHEV/ONIX JOY/ONIX JOY";2019;"Passageiro";"Les�es Leves";4;"Feminino";0;1;0;0;-26,983782;-52,603005;"SPRF-SC";"DEL07-SC";"UOP01-DEL07-SC"
742427;1662595;2025-12-29;"segunda-feira";"16:30:00";"SC";282;529,5;"CORDILHEIRA ALTA";"N�o";"Chuva";3;"Colis�o traseira";"Com V�timas Feridas";"Pleno dia";"Crescente";"Chuva";"Simples";"Declive;Curva";"N�o";1325695;"Autom�vel";"CHEV/ONIX JOY/ONIX JOY";2019;"Passageiro";"Les�es Graves";34;"Feminino";0;0;1;0;-26,983782;-52,603005;"SPRF-SC";"DEL07-SC";"UOP01-DEL07-SC"
742427;1662593;2025-12-29;"segunda-feira";"16:30:00";"SC";282;529,5;"CORDILHEIRA ALTA";"N�o";"Chuva";3;"Colis�o traseira";"Com V�timas Feridas";"Pleno dia";"Crescente";"Chuva";"Simples";"Declive;Curva";"N�o";1325695;"Autom�vel";"CHEV/ONIX JOY/ONIX JOY";2019;"Condutor";"Les�es Graves";31;"Feminino";0;0;1;0;-26,983782;-52,603005;"SPRF-SC";"DEL07-SC";"UOP01-DEL07-SC"
742427;1662578;2025-12-29;"segunda-feira";"16:30:00";"SC";282;529,5;"CORDILHEIRA ALTA";"N�o";"Chuva";3;"Colis�o traseira";"Com V�timas Feridas";"Pleno dia";"Crescente";"Chuva";"Simples";"Declive;Curva";"N�o";1325686;"Caminh�o";"VW/24.280 CRM 6X2/24.280 CRM 6X2";2020;"Condutor";"Les�es Graves";48;"Masculino";0;0;1;0;-26,983782;-52,603005;"SPRF-SC";"DEL07-SC";"UOP01-DEL07-SC"
742427;1662592;2025-12-29;"segunda-feira";"16:30:00";"SC";282;529,5;"CORDILHEIRA ALTA";"N�o";"Chuva";2;"Colis�o frontal";"Com V�timas Feridas";"Pleno dia";"Crescente";"Chuva";"Simples";"Declive;Curva";"N�o";1325691;"Caminh�o";"VW/17.190 CRM 4X2 4P/17.190 CRM 4X2 4P";2019;"Passageiro";"Ileso";40;"Masculino";1;0;0;0;-26,983782;-52,603005;"SPRF-SC";"DEL07-SC";"UOP01-DEL07-SC"
742427;1662591;2025-12-29;"segunda-feira";"16:30:00";"SC";282;529,5;"CORDILHEIRA ALTA";"N�o";"Chuva";2;"Colis�o frontal";"Com V�timas Feridas";"Pleno dia";"Crescente";"Chuva";"Simples";"Declive;Curva";"N�o";1325691;"Caminh�o";"VW/17.190 CRM 4X2 4P/17.190 CRM 4X2 4P";2019;"Passageiro";"Ileso";31;"Masculino";1;0;0;0;-26,983782;-52,603005;"SPRF-SC";"DEL07-SC";"UOP01-DEL07-SC"
742427;1662584;2025-12-29;"segunda-feira";"16:30:00";"SC";282;529,5;"CORDILHEIRA ALTA";"N�o";"Chuva";2;"Colis�o frontal";"Com V�timas Feridas";"Pleno dia";"Crescente";"Chuva";"Simples";"Declive;Curva";"N�o";1325691;"Caminh�o";"VW/17.190 CRM 4X2 4P/17.190 CRM 4X2 4P";2019;"Condutor";"Les�es Leves";47;"Masculino";0;1;0;0;-26,983782;-52,603005;"SPRF-SC";"DEL07-SC";"UOP01-DEL07-SC"
742427;1664331;2025-12-29;"segunda-feira";"16:30:00";"SC";282;529,5;"CORDILHEIRA ALTA";"N�o";"Chuva";2;"Colis�o frontal";"Com V�timas Feridas";"Pleno dia";"Crescente";"Chuva";"Simples";"Declive;Curva";"N�o";1325700;"Autom�vel";"TOYOTA/ETIOS HB CROSS/ETIOS HB CROSS";2014;"Passageiro";"Ileso";9;"Masculino";1;0;0;0;-26,983782;-52,603005;"SPRF-SC";"DEL07-SC";"UOP01-DEL07-SC"
742427;1662607;2025-12-29;"segunda-feira";"16:30:00";"SC";282;529,5;"CORDILHEIRA ALTA";"N�o";"Chuva";2;"Colis�o frontal";"Com V�timas Feridas";"Pleno dia";"Crescente";"Chuva";"Simples";"Declive;Curva";"N�o";1325700;"Autom�vel";"TOYOTA/ETIOS HB CROSS/ETIOS HB CROSS";2014;"Passageiro";"Ileso";32;"Feminino";1;0;0;0;-26,983782;-52,603005;"SPRF-SC";"DEL07-SC";"UOP01-DEL07-SC"
742427;1662605;2025-12-29;"segunda-feira";"16:30:00";"SC";282;529,5;"CORDILHEIRA ALTA";"N�o";"Chuva";2;"Colis�o frontal";"Com V�timas Feridas";"Pleno dia";"Crescente";"Chuva";"Simples";"Declive;Curva";"N�o";1325700;"Autom�vel";"TOYOTA/ETIOS HB CROSS/ETIOS HB CROSS";2014;"Condutor";"Ileso";40;"Masculino";1;0;0;0;-26,983782;-52,603005;"SPRF-SC";"DEL07-SC";"UOP01-DEL07-SC"
742427;1662596;2025-12-29;"segunda-feira";"16:30:00";"SC";282;529,5;"CORDILHEIRA ALTA";"N�o";"Chuva";2;"Colis�o frontal";"Com V�timas Feridas";"Pleno dia";"Crescente";"Chuva";"Simples";"Declive;Curva";"N�o";1325695;"Autom�vel";"CHEV/ONIX JOY/ONIX JOY";2019;"Passageiro";"Les�es Leves";4;"Feminino";0;1;0;0;-26,983782;-52,603005;"SPRF-SC";"DEL07-SC";"UOP01-DEL07-SC"
742427;1662595;2025-12-29;"segunda-feira";"16:30:00";"SC";282;529,5;"CORDILHEIRA ALTA";"N�o";"Chuva";2;"Colis�o frontal";"Com V�timas Feridas";"Pleno dia";"Crescente";"Chuva";"Simples";"Declive;Curva";"N�o";1325695;"Autom�vel";"CHEV/ONIX JOY/ONIX JOY";2019;"Passageiro";"Les�es Graves";34;"Feminino";0;0;1;0;-26,983782;-52,603005;"SPRF-SC";"DEL07-SC";"UOP01-DEL07-SC"
742427;1662593;2025-12-29;"segunda-feira";"16:30:00";"SC";282;529,5;"CORDILHEIRA ALTA";"N�o";"Chuva";2;"Colis�o frontal";"Com V�timas Feridas";"Pleno dia";"Crescente";"Chuva";"Simples";"Declive;Curva";"N�o";1325695;"Autom�vel";"CHEV/ONIX JOY/ONIX JOY";2019;"Condutor";"Les�es Graves";31;"Feminino";0;0;1;0;-26,983782;-52,603005;"SPRF-SC";"DEL07-SC";"UOP01-DEL07-SC"
742427;1662578;2025-12-29;"segunda-feira";"16:30:00";"SC";282;529,5;"CORDILHEIRA ALTA";"N�o";"Chuva";2;"Colis�o frontal";"Com V�timas Feridas";"Pleno dia";"Crescente";"Chuva";"Simples";"Declive;Curva";"N�o";1325686;"Caminh�o";"VW/24.280 CRM 6X2/24.280 CRM 6X2";2020;"Condutor";"Les�es Graves";48;"Masculino";0;0;1;0;-26,983782;-52,603005;"SPRF-SC";"DEL07-SC";"UOP01-DEL07-SC"
742427;1662592;2025-12-29;"segunda-feira";"16:30:00";"SC";282;529,5;"CORDILHEIRA ALTA";"Sim";"Acumulo de �leo sobre o pavimento";4;"Sa�da de leito carro��vel";"Com V�timas Feridas";"Pleno dia";"Crescente";"Chuva";"Simples";"Declive;Curva";"N�o";1325691;"Caminh�o";"VW/17.190 CRM 4X2 4P/17.190 CRM 4X2 4P";2019;"Passageiro";"Ileso";40;"Masculino";1;0;0;0;-26,983782;-52,603005;"SPRF-SC";"DEL07-SC";"UOP01-DEL07-SC"
742427;1662591;2025-12-29;"segunda-feira";"16:30:00";"SC";282;529,5;"CORDILHEIRA ALTA";"Sim";"Acumulo de �leo sobre o pavimento";4;"Sa�da de leito carro��vel";"Com V�timas Feridas";"Pleno dia";"Crescente";"Chuva";"Simples";"Declive;Curva";"N�o";1325691;"Caminh�o";"VW/17.190 CRM 4X2 4P/17.190 CRM 4X2 4P";2019;"Passageiro";"Ileso";31;"Masculino";1;0;0;0;-26,983782;-52,603005;"SPRF-SC";"DEL07-SC";"UOP01-DEL07-SC"
742427;1662584;2025-12-29;"segunda-feira";"16:30:00";"SC";282;529,5;"CORDILHEIRA ALTA";"Sim";"Acumulo de �leo sobre o pavimento";4;"Sa�da de leito carro��vel";"Com V�timas Feridas";"Pleno dia";"Crescente";"Chuva";"Simples";"Declive;Curva";"N�o";1325691;"Caminh�o";"VW/17.190 CRM 4X2 4P/17.190 CRM 4X2 4P";2019;"Condutor";"Les�es Leves";47;"Masculino";0;1;0;0;-26,983782;-52,603005;"SPRF-SC";"DEL07-SC";"UOP01-DEL07-SC"
742427;1664331;2025-12-29;"segunda-feira";"16:30:00";"SC";282;529,5;"CORDILHEIRA ALTA";"Sim";"Acumulo de �leo sobre o pavimento";4;"Sa�da de leito carro��vel";"Com V�timas Feridas";"Pleno dia";"Crescente";"Chuva";"Simples";"Declive;Curva";"N�o";1325700;"Autom�vel";"TOYOTA/ETIOS HB CROSS/ETIOS HB CROSS";2014;"Passageiro";"Ileso";9;"Masculino";1;0;0;0;-26,983782;-52,603005;"SPRF-SC";"DEL07-SC";"UOP01-DEL07-SC"
742427;1662607;2025-12-29;"segunda-feira";"16:30:00";"SC";282;529,5;"CORDILHEIRA ALTA";"Sim";"Acumulo de �leo sobre o pavimento";4;"Sa�da de leito carro��vel";"Com V�timas Feridas";"Pleno dia";"Crescente";"Chuva";"Simples";"Declive;Curva";"N�o";1325700;"Autom�vel";"TOYOTA/ETIOS HB CROSS/ETIOS HB CROSS";2014;"Passageiro";"Ileso";32;"Feminino";1;0;0;0;-26,983782;-52,603005;"SPRF-SC";"DEL07-SC";"UOP01-DEL07-SC"
742427;1662605;2025-12-29;"segunda-feira";"16:30:00";"SC";282;529,5;"CORDILHEIRA ALTA";"Sim";"Acumulo de �leo sobre o pavimento";4;"Sa�da de leito carro��vel";"Com V�timas Feridas";"Pleno dia";"Crescente";"Chuva";"Simples";"Declive;Curva";"N�o";1325700;"Autom�vel";"TOYOTA/ETIOS HB CROSS/ETIOS HB CROSS";2014;"Condutor";"Ileso";40;"Masculino";1;0;0;0;-26,983782;-52,603005;"SPRF-SC";"DEL07-SC";"UOP01-DEL07-SC"
742427;1662596;2025-12-29;"segunda-feira";"16:30:00";"SC";282;529,5;"CORDILHEIRA ALTA";"Sim";"Acumulo de �leo sobre o pavimento";4;"Sa�da de leito carro��vel";"Com V�timas Feridas";"Pleno dia";"Crescente";"Chuva";"Simples";"Declive;Curva";"N�o";1325695;"Autom�vel";"CHEV/ONIX JOY/ONIX JOY";2019;"Passageiro";"Les�es Leves";4;"Feminino";0;1;0;0;-26,983782;-52,603005;"SPRF-SC";"DEL07-SC";"UOP01-DEL07-SC"
742427;1662595;2025-12-29;"segunda-feira";"16:30:00";"SC";282;529,5;"CORDILHEIRA ALTA";"Sim";"Acumulo de �leo sobre o pavimento";4;"Sa�da de leito carro��vel";"Com V�timas Feridas";"Pleno dia";"Crescente";"Chuva";"Simples";"Declive;Curva";"N�o";1325695;"Autom�vel";"CHEV/ONIX JOY/ONIX JOY";2019;"Passageiro";"Les�es Graves";34;"Feminino";0;0;1;0;-26,983782;-52,603005;"SPRF-SC";"DEL07-SC";"UOP01-DEL07-SC"
742427;1662593;2025-12-29;"segunda-feira";"16:30:00";"SC";282;529,5;"CORDILHEIRA ALTA";"Sim";"Acumulo de �leo sobre o pavimento";4;"Sa�da de leito carro��vel";"Com V�timas Feridas";"Pleno dia";"Crescente";"Chuva";"Simples";"Declive;Curva";"N�o";1325695;"Autom�vel";"CHEV/ONIX JOY/ONIX JOY";2019;"Condutor";"Les�es Graves";31;"Feminino";0;0;1;0;-26,983782;-52,603005;"SPRF-SC";"DEL07-SC";"UOP01-DEL07-SC"
742427;1662578;2025-12-29;"segunda-feira";"16:30:00";"SC";282;529,5;"CORDILHEIRA ALTA";"Sim";"Acumulo de �leo sobre o pavimento";4;"Sa�da de leito carro��vel";"Com V�timas Feridas";"Pleno dia";"Crescente";"Chuva";"Simples";"Declive;Curva";"N�o";1325686;"Caminh�o";"VW/24.280 CRM 6X2/24.280 CRM 6X2";2020;"Condutor";"Les�es Graves";48;"Masculino";0;0;1;0;-26,983782;-52,603005;"SPRF-SC";"DEL07-SC";"UOP01-DEL07-SC"
742427;1662592;2025-12-29;"segunda-feira";"16:30:00";"SC";282;529,5;"CORDILHEIRA ALTA";"Sim";"Acumulo de �leo sobre o pavimento";1;"Colis�o lateral sentido oposto";"Com V�timas Feridas";"Pleno dia";"Crescente";"Chuva";"Simples";"Declive;Curva";"N�o";1325691;"Caminh�o";"VW/17.190 CRM 4X2 4P/17.190 CRM 4X2 4P";2019;"Passageiro";"Ileso";40;"Masculino";1;0;0;0;-26,983782;-52,603005;"SPRF-SC";"DEL07-SC";"UOP01-DEL07-SC"
742427;1662591;2025-12-29;"segunda-feira";"16:30:00";"SC";282;529,5;"CORDILHEIRA ALTA";"Sim";"Acumulo de �leo sobre o pavimento";1;"Colis�o lateral sentido oposto";"Com V�timas Feridas";"Pleno dia";"Crescente";"Chuva";"Simples";"Declive;Curva";"N�o";1325691;"Caminh�o";"VW/17.190 CRM 4X2 4P/17.190 CRM 4X2 4P";2019;"Passageiro";"Ileso";31;"Masculino";1;0;0;0;-26,983782;-52,603005;"SPRF-SC";"DEL07-SC";"UOP01-DEL07-SC"
742427;1662584;2025-12-29;"segunda-feira";"16:30:00";"SC";282;529,5;"CORDILHEIRA ALTA";"Sim";"Acumulo de �leo sobre o pavimento";1;"Colis�o lateral sentido oposto";"Com V�timas Feridas";"Pleno dia";"Crescente";"Chuva";"Simples";"Declive;Curva";"N�o";1325691;"Caminh�o";"VW/17.190 CRM 4X2 4P/17.190 CRM 4X2 4P";2019;"Condutor";"Les�es Leves";47;"Masculino";0;1;0;0;-26,983782;-52,603005;"SPRF-SC";"DEL07-SC";"UOP01-DEL07-SC"
742427;1664331;2025-12-29;"segunda-feira";"16:30:00";"SC";282;529,5;"CORDILHEIRA ALTA";"Sim";"Acumulo de �leo sobre o pavimento";1;"Colis�o lateral sentido oposto";"Com V�timas Feridas";"Pleno dia";"Crescente";"Chuva";"Simples";"Declive;Curva";"N�o";1325700;"Autom�vel";"TOYOTA/ETIOS HB CROSS/ETIOS HB CROSS";2014;"Passageiro";"Ileso";9;"Masculino";1;0;0;0;-26,983782;-52,603005;"SPRF-SC";"DEL07-SC";"UOP01-DEL07-SC"
742427;1662607;2025-12-29;"segunda-feira";"16:30:00";"SC";282;529,5;"CORDILHEIRA ALTA";"Sim";"Acumulo de �leo sobre o pavimento";1;"Colis�o lateral sentido oposto";"Com V�timas Feridas";"Pleno dia";"Crescente";"Chuva";"Simples";"Declive;Curva";"N�o";1325700;"Autom�vel";"TOYOTA/ETIOS HB CROSS/ETIOS HB CROSS";2014;"Passageiro";"Ileso";32;"Feminino";1;0;0;0;-26,983782;-52,603005;"SPRF-SC";"DEL07-SC";"UOP01-DEL07-SC"
742427;1662605;2025-12-29;"segunda-feira";"16:30:00";"SC";282;529,5;"CORDILHEIRA ALTA";"Sim";"Acumulo de �leo sobre o pavimento";1;"Colis�o lateral sentido oposto";"Com V�timas Feridas";"Pleno dia";"Crescente";"Chuva";"Simples";"Declive;Curva";"N�o";1325700;"Autom�vel";"TOYOTA/ETIOS HB CROSS/ETIOS HB CROSS";2014;"Condutor";"Ileso";40;"Masculino";1;0;0;0;-26,983782;-52,603005;"SPRF-SC";"DEL07-SC";"UOP01-DEL07-SC"
742427;1662596;2025-12-29;"segunda-feira";"16:30:00";"SC";282;529,5;"CORDILHEIRA ALTA";"Sim";"Acumulo de �leo sobre o pavimento";1;"Colis�o lateral sentido oposto";"Com V�timas Feridas";"Pleno dia";"Crescente";"Chuva";"Simples";"Declive;Curva";"N�o";1325695;"Autom�vel";"CHEV/ONIX JOY/ONIX JOY";2019;"Passageiro";"Les�es Leves";4;"Feminino";0;1;0;0;-26,983782;-52,603005;"SPRF-SC";"DEL07-SC";"UOP01-DEL07-SC"
742427;1662595;2025-12-29;"segunda-feira";"16:30:00";"SC";282;529,5;"CORDILHEIRA ALTA";"Sim";"Acumulo de �leo sobre o pavimento";1;"Colis�o lateral sentido oposto";"Com V�timas Feridas";"Pleno dia";"Crescente";"Chuva";"Simples";"Declive;Curva";"N�o";1325695;"Autom�vel";"CHEV/ONIX JOY/ONIX JOY";2019;"Passageiro";"Les�es Graves";34;"Feminino";0;0;1;0;-26,983782;-52,603005;"SPRF-SC";"DEL07-SC";"UOP01-DEL07-SC"
742427;1662593;2025-12-29;"segunda-feira";"16:30:00";"SC";282;529,5;"CORDILHEIRA ALTA";"Sim";"Acumulo de �leo sobre o pavimento";1;"Colis�o lateral sentido oposto";"Com V�timas Feridas";"Pleno dia";"Crescente";"Chuva";"Simples";"Declive;Curva";"N�o";1325695;"Autom�vel";"CHEV/ONIX JOY/ONIX JOY";2019;"Condutor";"Les�es Graves";31;"Feminino";0;0;1;0;-26,983782;-52,603005;"SPRF-SC";"DEL07-SC";"UOP01-DEL07-SC"
742427;1662578;2025-12-29;"segunda-feira";"16:30:00";"SC";282;529,5;"CORDILHEIRA ALTA";"Sim";"Acumulo de �leo sobre o pavimento";1;"Colis�o lateral sentido oposto";"Com V�timas Feridas";"Pleno dia";"Crescente";"Chuva";"Simples";"Declive;Curva";"N�o";1325686;"Caminh�o";"VW/24.280 CRM 6X2/24.280 CRM 6X2";2020;"Condutor";"Les�es Graves";48;"Masculino";0;0;1;0;-26,983782;-52,603005;"SPRF-SC";"DEL07-SC";"UOP01-DEL07-SC"
742427;1662592;2025-12-29;"segunda-feira";"16:30:00";"SC";282;529,5;"CORDILHEIRA ALTA";"Sim";"Acumulo de �leo sobre o pavimento";3;"Colis�o traseira";"Com V�timas Feridas";"Pleno dia";"Crescente";"Chuva";"Simples";"Declive;Curva";"N�o";1325691;"Caminh�o";"VW/17.190 CRM 4X2 4P/17.190 CRM 4X2 4P";2019;"Passageiro";"Ileso";40;"Masculino";1;0;0;0;-26,983782;-52,603005;"SPRF-SC";"DEL07-SC";"UOP01-DEL07-SC"
742427;1662591;2025-12-29;"segunda-feira";"16:30:00";"SC";282;529,5;"CORDILHEIRA ALTA";"Sim";"Acumulo de �leo sobre o pavimento";3;"Colis�o traseira";"Com V�timas Feridas";"Pleno dia";"Crescente";"Chuva";"Simples";"Declive;Curva";"N�o";1325691;"Caminh�o";"VW/17.190 CRM 4X2 4P/17.190 CRM 4X2 4P";2019;"Passageiro";"Ileso";31;"Masculino";1;0;0;0;-26,983782;-52,603005;"SPRF-SC";"DEL07-SC";"UOP01-DEL07-SC"
742427;1662584;2025-12-29;"segunda-feira";"16:30:00";"SC";282;529,5;"CORDILHEIRA ALTA";"Sim";"Acumulo de �leo sobre o pavimento";3;"Colis�o traseira";"Com V�timas Feridas";"Pleno dia";"Crescente";"Chuva";"Simples";"Declive;Curva";"N�o";1325691;"Caminh�o";"VW/17.190 CRM 4X2 4P/17.190 CRM 4X2 4P";2019;"Condutor";"Les�es Leves";47;"Masculino";0;1;0;0;-26,983782;-52,603005;"SPRF-SC";"DEL07-SC";"UOP01-DEL07-SC"
742427;1664331;2025-12-29;"segunda-feira";"16:30:00";"SC";282;529,5;"CORDILHEIRA ALTA";"Sim";"Acumulo de �leo sobre o pavimento";3;"Colis�o traseira";"Com V�timas Feridas";"Pleno dia";"Crescente";"Chuva";"Simples";"Declive;Curva";"N�o";1325700;"Autom�vel";"TOYOTA/ETIOS HB CROSS/ETIOS HB CROSS";2014;"Passageiro";"Ileso";9;"Masculino";1;0;0;0;-26,983782;-52,603005;"SPRF-SC";"DEL07-SC";"UOP01-DEL07-SC"
742427;1662607;2025-12-29;"segunda-feira";"16:30:00";"SC";282;529,5;"CORDILHEIRA ALTA";"Sim";"Acumulo de �leo sobre o pavimento";3;"Colis�o traseira";"Com V�timas Feridas";"Pleno dia";"Crescente";"Chuva";"Simples";"Declive;Curva";"N�o";1325700;"Autom�vel";"TOYOTA/ETIOS HB CROSS/ETIOS HB CROSS";2014;"Passageiro";"Ileso";32;"Feminino";1;0;0;0;-26,983782;-52,603005;"SPRF-SC";"DEL07-SC";"UOP01-DEL07-SC"
742427;1662605;2025-12-29;"segunda-feira";"16:30:00";"SC";282;529,5;"CORDILHEIRA ALTA";"Sim";"Acumulo de �leo sobre o pavimento";3;"Colis�o traseira";"Com V�timas Feridas";"Pleno dia";"Crescente";"Chuva";"Simples";"Declive;Curva";"N�o";1325700;"Autom�vel";"TOYOTA/ETIOS HB CROSS/ETIOS HB CROSS";2014;"Condutor";"Ileso";40;"Masculino";1;0;0;0;-26,983782;-52,603005;"SPRF-SC";"DEL07-SC";"UOP01-DEL07-SC"
742427;1662596;2025-12-29;"segunda-feira";"16:30:00";"SC";282;529,5;"CORDILHEIRA ALTA";"Sim";"Acumulo de �leo sobre o pavimento";3;"Colis�o traseira";"Com V�timas Feridas";"Pleno dia";"Crescente";"Chuva";"Simples";"Declive;Curva";"N�o";1325695;"Autom�vel";"CHEV/ONIX JOY/ONIX JOY";2019;"Passageiro";"Les�es Leves";4;"Feminino";0;1;0;0;-26,983782;-52,603005;"SPRF-SC";"DEL07-SC";"UOP01-DEL07-SC"
742427;1662595;2025-12-29;"segunda-feira";"16:30:00";"SC";282;529,5;"CORDILHEIRA ALTA";"Sim";"Acumulo de �leo sobre o pavimento";3;"Colis�o traseira";"Com V�timas Feridas";"Pleno dia";"Crescente";"Chuva";"Simples";"Declive;Curva";"N�o";1325695;"Autom�vel";"CHEV/ONIX JOY/ONIX JOY";2019;"Passageiro";"Les�es Graves";34;"Feminino";0;0;1;0;-26,983782;-52,603005;"SPRF-SC";"DEL07-SC";"UOP01-DEL07-SC"
742427;1662593;2025-12-29;"segunda-feira";"16:30:00";"SC";282;529,5;"CORDILHEIRA ALTA";"Sim";"Acumulo de �leo sobre o pavimento";3;"Colis�o traseira";"Com V�timas Feridas";"Pleno dia";"Crescente";"Chuva";"Simples";"Declive;Curva";"N�o";1325695;"Autom�vel";"CHEV/ONIX JOY/ONIX JOY";2019;"Condutor";"Les�es Graves";31;"Feminino";0;0;1;0;-26,983782;-52,603005;"SPRF-SC";"DEL07-SC";"UOP01-DEL07-SC"
742427;1662578;2025-12-29;"segunda-feira";"16:30:00";"SC";282;529,5;"CORDILHEIRA ALTA";"Sim";"Acumulo de �leo sobre o pavimento";3;"Colis�o traseira";"Com V�timas Feridas";"Pleno dia";"Crescente";"Chuva";"Simples";"Declive;Curva";"N�o";1325686;"Caminh�o";"VW/24.280 CRM 6X2/24.280 CRM 6X2";2020;"Condutor";"Les�es Graves";48;"Masculino";0;0;1;0;-26,983782;-52,603005;"SPRF-SC";"DEL07-SC";"UOP01-DEL07-SC"
742427;1662592;2025-12-29;"segunda-feira";"16:30:00";"SC";282;529,5;"CORDILHEIRA ALTA";"Sim";"Acumulo de �leo sobre o pavimento";2;"Colis�o frontal";"Com V�timas Feridas";"Pleno dia";"Crescente";"Chuva";"Simples";"Declive;Curva";"N�o";1325691;"Caminh�o";"VW/17.190 CRM 4X2 4P/17.190 CRM 4X2 4P";2019;"Passageiro";"Ileso";40;"Masculino";1;0;0;0;-26,983782;-52,603005;"SPRF-SC";"DEL07-SC";"UOP01-DEL07-SC"
742427;1662591;2025-12-29;"segunda-feira";"16:30:00";"SC";282;529,5;"CORDILHEIRA ALTA";"Sim";"Acumulo de �leo sobre o pavimento";2;"Colis�o frontal";"Com V�timas Feridas";"Pleno dia";"Crescente";"Chuva";"Simples";"Declive;Curva";"N�o";1325691;"Caminh�o";"VW/17.190 CRM 4X2 4P/17.190 CRM 4X2 4P";2019;"Passageiro";"Ileso";31;"Masculino";1;0;0;0;-26,983782;-52,603005;"SPRF-SC";"DEL07-SC";"UOP01-DEL07-SC"