"id";"pesid";"data_inversa";"dia_semana";"horario";"uf";"br";"km";"municipio";"causa_principal";"causa_acidente";"ordem_tipo_acidente";"tipo_acidente";"classificacao_acidente";"fase_dia";"sentido_via";"condicao_metereologica";"tipo_pista";"tracado_via";"uso_solo";"id_veiculo";"tipo_veiculo";"marca";"ano_fabricacao_veiculo";"tipo_envolvido";"estado_fisico";"idade";"sexo";"ilesos";"feridos_leves";"feridos_graves";"mortos";"latitude";"longitude";"regional";"delegacia";"uop"
742427;1662584;2025-12-29;"segunda-feira";"16:30:00";"SC";282;529,5;"CORDILHEIRA ALTA";"Sim";"Acumulo de �leo sobre o pavimento";2;"Colis�o frontal";"Com V�timas Feridas";"Pleno dia";"Crescente";"Chuva";"Simples";"Declive;Curva";"N�o";1325691;"Caminh�o";"VW/17.190 CRM 4X2 4P/17.190 CRM 4X2 4P";2019;"Condutor";"Les�es Leves";47;"Masculino";0;1;0;0;-26,983782;-52,603005;"SPRF-SC";"DEL07-SC";"UOP01-DEL07-SC"
742427;1664331;2025-12-29;"segunda-feira";"16:30:00";"SC";282;529,5;"CORDILHEIRA ALTA";"Sim";"Acumulo de �leo sobre o pavimento";2;"Colis�o frontal";"Com V�timas Feridas";"Pleno dia";"Crescente";"Chuva";"Simples";"Declive;Curva";"N�o";1325700;"Autom�vel";"TOYOTA/ETIOS HB CROSS/ETIOS HB CROSS";2014;"Passageiro";"Ileso";9;"Masculino";1;0;0;0;-26,983782;-52,603005;"SPRF-SC";"DEL07-SC";"UOP01-DEL07-SC"
742427;1662607;2025-12-29;"segunda-feira";"16:30:00";"SC";282;529,5;"CORDILHEIRA ALTA";"Sim";"Acumulo de �leo sobre o pavimento";2;"Colis�o frontal";"Com V�timas Feridas";"Pleno dia";"Crescente";"Chuva";"Simples";"Declive;Curva";"N�o";1325700;"Autom�vel";"TOYOTA/ETIOS HB CROSS/ETIOS HB CROSS";2014;"Passageiro";"Ileso";32;"Feminino";1;0;0;0;-26,983782;-52,603005;"SPRF-SC";"DEL07-SC";"UOP01-DEL07-SC"
742427;1662605;2025-12-29;"segunda-feira";"16:30:00";"SC";282;529,5;"CORDILHEIRA ALTA";"Sim";"Acumulo de �leo sobre o pavimento";2;"Colis�o frontal";"Com V�timas Feridas";"Pleno dia";"Crescente";"Chuva";"Simples";"Declive;Curva";"N�o";1325700;"Autom�vel";"TOYOTA/ETIOS HB CROSS/ETIOS HB CROSS";2014;"Condutor";"Ileso";40;"Masculino";1;0;0;0;-26,983782;-52,603005;"SPRF-SC";"DEL07-SC";"UOP01-DEL07-SC"
742427;1662596;2025-12-29;"segunda-feira";"16:30:00";"SC";282;529,5;"CORDILHEIRA ALTA";"Sim";"Acumulo de �leo sobre o pavimento";2;"Colis�o frontal";"Com V�timas Feridas";"Pleno dia";"Crescente";"Chuva";"Simples";"Declive;Curva";"N�o";1325695;"Autom�vel";"CHEV/ONIX JOY/ONIX JOY";2019;"Passageiro";"Les�es Leves";4;"Feminino";0;1;0;0;-26,983782;-52,603005;"SPRF-SC";"DEL07-SC";"UOP01-DEL07-SC"
742427;1662595;2025-12-29;"segunda-feira";"16:30:00";"SC";282;529,5;"CORDILHEIRA ALTA";"Sim";"Acumulo de �leo sobre o pavimento";2;"Colis�o frontal";"Com V�timas Feridas";"Pleno dia";"Crescente";"Chuva";"Simples";"Declive;Curva";"N�o";1325695;"Autom�vel";"CHEV/ONIX JOY/ONIX JOY";2019;"Passageiro";"Les�es Graves";34;"Feminino";0;0;1;0;-26,983782;-52,603005;"SPRF-SC";"DEL07-SC";"UOP01-DEL07-SC"
742427;1662593;2025-12-29;"segunda-feira";"16:30:00";"SC";282;529,5;"CORDILHEIRA ALTA";"Sim";"Acumulo de �leo sobre o pavimento";2;"Colis�o frontal";"Com V�timas Feridas";"Pleno dia";"Crescente";"Chuva";"Simples";"Declive;Curva";"N�o";1325695;"Autom�vel";"CHEV/ONIX JOY/ONIX JOY";2019;"Condutor";"Les�es Graves";31;"Feminino";0;0;1;0;-26,983782;-52,603005;"SPRF-SC";"DEL07-SC";"UOP01-DEL07-SC"
742427;1662578;2025-12-29;"segunda-feira";"16:30:00";"SC";282;529,5;"CORDILHEIRA ALTA";"Sim";"Acumulo de �leo sobre o pavimento";2;"Colis�o frontal";"Com V�timas Feridas";"Pleno dia";"Crescente";"Chuva";"Simples";"Declive;Curva";"N�o";1325686;"Caminh�o";"VW/24.280 CRM 6X2/24.280 CRM 6X2";2020;"Condutor";"Les�es Graves";48;"Masculino";0;0;1;0;-26,983782;-52,603005;"SPRF-SC";"DEL07-SC";"UOP01-DEL07-SC"
742428;1662659;2025-12-29;"segunda-feira";"16:00:00";"PR";116;22;"ANTONINA";"Sim";"Chuva";1;"Sa�da de leito carro��vel";"Com V�timas Feridas";"Pleno dia";"Crescente";"Chuva";"Dupla";"Declive;Curva";"N�o";1325735;"Autom�vel";"CHEVROLET/CRUZE LT HB/CRUZE LT HB";2015;"Passageiro";"Les�es Leves";47;"Feminino";0;1;0;0;-25,11112;-48,750844;"SPRF-PR";"DEL01-PR";"UOP02-DEL01-PR"
742428;1662658;2025-12-29;"segunda-feira";"16:00:00";"PR";116;22;"ANTONINA";"Sim";"Chuva";1;"Sa�da de leito carro��vel";"Com V�timas Feridas";"Pleno dia";"Crescente";"Chuva";"Dupla";"Declive;Curva";"N�o";1325735;"Autom�vel";"CHEVROLET/CRUZE LT HB/CRUZE LT HB";2015;"Condutor";"Les�es Leves";57;"Masculino";0;1;0;0;-25,11112;-48,750844;"SPRF-PR";"DEL01-PR";"UOP02-DEL01-PR"
742429;1662565;2025-12-29;"segunda-feira";"18:30:00";"CE";20;326,1;"CARIDADE";"N�o";"Desrespeitar a prefer�ncia no cruzamento";2;"Queda de ocupante de ve�culo";"Com V�timas Feridas";"Plena Noite";"Decrescente";"C�u Claro";"Simples";"Interse��o de Vias;Reta";"Sim";1325671;"Motocicleta";"HONDA/CG 160 FAN/CG 160 FAN";2024;"Condutor";"Les�es Leves";21;"Masculino";0;1;0;0;-4,228893;-39,19808;"SPRF-CE";"DEL02-CE";"UOP01-DEL02-CE"
742429;1662562;2025-12-29;"segunda-feira";"18:30:00";"CE";20;326,1;"CARIDADE";"N�o";"Desrespeitar a prefer�ncia no cruzamento";2;"Queda de ocupante de ve�culo";"Com V�timas Feridas";"Plena Noite";"Decrescente";"C�u Claro";"Simples";"Interse��o de Vias;Reta";"Sim";1325670;"�nibus";"MBENZ/MPOLO PARADISO R/MPOLO PARADISO R";2013;"Condutor";"Ileso";52;"Masculino";1;0;0;0;-4,228893;-39,19808;"SPRF-CE";"DEL02-CE";"UOP01-DEL02-CE"
742429;1662565;2025-12-29;"segunda-feira";"18:30:00";"CE";20;326,1;"CARIDADE";"N�o";"Desrespeitar a prefer�ncia no cruzamento";1;"Colis�o lateral mesmo sentido";"Com V�timas Feridas";"Plena Noite";"Decrescente";"C�u Claro";"Simples";"Interse��o de Vias;Reta";"Sim";1325671;"Motocicleta";"HONDA/CG 160 FAN/CG 160 FAN";2024;"Condutor";"Les�es Leves";21;"Masculino";0;1;0;0;-4,228893;-39,19808;"SPRF-CE";"DEL02-CE";"UOP01-DEL02-CE"
742429;1662562;2025-12-29;"segunda-feira";"18:30:00";"CE";20;326,1;"CARIDADE";"N�o";"Desrespeitar a prefer�ncia no cruzamento";1;"Colis�o lateral mesmo sentido";"Com V�timas Feridas";"Plena Noite";"Decrescente";"C�u Claro";"Simples";"Interse��o de Vias;Reta";"Sim";1325670;"�nibus";"MBENZ/MPOLO PARADISO R/MPOLO PARADISO R";2013;"Condutor";"Ileso";52;"Masculino";1;0;0;0;-4,228893;-39,19808;"SPRF-CE";"DEL02-CE";"UOP01-DEL02-CE"
742429;1662565;2025-12-29;"segunda-feira";"18:30:00";"CE";20;326,1;"CARIDADE";"Sim";"Acessar a via sem observar a presen�a dos outros ve�culos";2;"Queda de ocupante de ve�culo";"Com V�timas Feridas";"Plena Noite";"Decrescente";"C�u Claro";"Simples";"Interse��o de Vias;Reta";"Sim";1325671;"Motocicleta";"HONDA/CG 160 FAN/CG 160 FAN";2024;"Condutor";"Les�es Leves";21;"Masculino";0;1;0;0;-4,228893;-39,19808;"SPRF-CE";"DEL02-CE";"UOP01-DEL02-CE"
742429;1662562;2025-12-29;"segunda-feira";"18:30:00";"CE";20;326,1;"CARIDADE";"Sim";"Acessar a via sem observar a presen�a dos outros ve�culos";2;"Queda de ocupante de ve�culo";"Com V�timas Feridas";"Plena Noite";"Decrescente";"C�u Claro";"Simples";"Interse��o de Vias;Reta";"Sim";1325670;"�nibus";"MBENZ/MPOLO PARADISO R/MPOLO PARADISO R";2013;"Condutor";"Ileso";52;"Masculino";1;0;0;0;-4,228893;-39,19808;"SPRF-CE";"DEL02-CE";"UOP01-DEL02-CE"
742429;1662565;2025-12-29;"segunda-feira";"18:30:00";"CE";20;326,1;"CARIDADE";"Sim";"Acessar a via sem observar a presen�a dos outros ve�culos";1;"Colis�o lateral mesmo sentido";"Com V�timas Feridas";"Plena Noite";"Decrescente";"C�u Claro";"Simples";"Interse��o de Vias;Reta";"Sim";1325671;"Motocicleta";"HONDA/CG 160 FAN/CG 160 FAN";2024;"Condutor";"Les�es Leves";21;"Masculino";0;1;0;0;-4,228893;-39,19808;"SPRF-CE";"DEL02-CE";"UOP01-DEL02-CE"
742429;1662562;2025-12-29;"segunda-feira";"18:30:00";"CE";20;326,1;"CARIDADE";"Sim";"Acessar a via sem observar a presen�a dos outros ve�culos";1;"Colis�o lateral mesmo sentido";"Com V�timas Feridas";"Plena Noite";"Decrescente";"C�u Claro";"Simples";"Interse��o de Vias;Reta";"Sim";1325670;"�nibus";"MBENZ/MPOLO PARADISO R/MPOLO PARADISO R";2013;"Condutor";"Ileso";52;"Masculino";1;0;0;0;-4,228893;-39,19808;"SPRF-CE";"DEL02-CE";"UOP01-DEL02-CE"
742432;1662608;2025-12-29;"segunda-feira";"17:30:00";"MT";364;307;"JACIARA";"N�o";"Demais falhas na via";1;"Sa�da de leito carro��vel";"Com V�timas Feridas";"Pleno dia";"Decrescente";"Chuva";"Dupla";"Reta";"N�o";1325662;"Caminhonete";"CHEVROLET/S10 HC DD4A/S10 HC DD4A";2021;"Passageiro";"Ileso";25;"Feminino";1;0;0;0;-15,817752;-55,224352;"SPRF-MT";"DEL05-MT";"UOP02-DEL05-MT"
742432;1662606;2025-12-29;"segunda-feira";"17:30:00";"MT";364;307;"JACIARA";"N�o";"Demais falhas na via";1;"Sa�da de leito carro��vel";"Com V�timas Feridas";"Pleno dia";"Decrescente";"Chuva";"Dupla";"Reta";"N�o";1325662;"Caminhonete";"CHEVROLET/S10 HC DD4A/S10 HC DD4A";2021;"Passageiro";"Ileso";73;"Masculino";1;0;0;0;-15,817752;-55,224352;"SPRF-MT";"DEL05-MT";"UOP02-DEL05-MT"
742432;1662602;2025-12-29;"segunda-feira";"17:30:00";"MT";364;307;"JACIARA";"N�o";"Demais falhas na via";1;"Sa�da de leito carro��vel";"Com V�timas Feridas";"Pleno dia";"Decrescente";"Chuva";"Dupla";"Reta";"N�o";1325662;"Caminhonete";"CHEVROLET/S10 HC DD4A/S10 HC DD4A";2021;"Passageiro";"Ileso";13;"Masculino";1;0;0;0;-15,817752;-55,224352;"SPRF-MT";"DEL05-MT";"UOP02-DEL05-MT"
742432;1662601;2025-12-29;"segunda-feira";"17:30:00";"MT";364;307;"JACIARA";"N�o";"Demais falhas na via";1;"Sa�da de leito carro��vel";"Com V�timas Feridas";"Pleno dia";"Decrescente";"Chuva";"Dupla";"Reta";"N�o";1325662;"Caminhonete";"CHEVROLET/S10 HC DD4A/S10 HC DD4A";2021;"Passageiro";"Les�es Graves";70;"Feminino";0;0;1;0;-15,817752;-55,224352;"SPRF-MT";"DEL05-MT";"UOP02-DEL05-MT"
742432;1662547;2025-12-29;"segunda-feira";"17:30:00";"MT";364;307;"JACIARA";"N�o";"Demais falhas na via";1;"Sa�da de leito carro��vel";"Com V�timas Feridas";"Pleno dia";"Decrescente";"Chuva";"Dupla";"Reta";"N�o";1325662;"Caminhonete";"CHEVROLET/S10 HC DD4A/S10 HC DD4A";2021;"Condutor";"Ileso";46;"Feminino";1;0;0;0;-15,817752;-55,224352;"SPRF-MT";"DEL05-MT";"UOP02-DEL05-MT"
742432;1662608;2025-12-29;"segunda-feira";"17:30:00";"MT";364;307;"JACIARA";"Sim";"Chuva";1;"Sa�da de leito carro��vel";"Com V�timas Feridas";"Pleno dia";"Decrescente";"Chuva";"Dupla";"Reta";"N�o";1325662;"Caminhonete";"CHEVROLET/S10 HC DD4A/S10 HC DD4A";2021;"Passageiro";"Ileso";25;"Feminino";1;0;0;0;-15,817752;-55,224352;"SPRF-MT";"DEL05-MT";"UOP02-DEL05-MT"
742432;1662606;2025-12-29;"segunda-feira";"17:30:00";"MT";364;307;"JACIARA";"Sim";"Chuva";1;"Sa�da de leito carro��vel";"Com V�timas Feridas";"Pleno dia";"Decrescente";"Chuva";"Dupla";"Reta";"N�o";1325662;"Caminhonete";"CHEVROLET/S10 HC DD4A/S10 HC DD4A";2021;"Passageiro";"Ileso";73;"Masculino";1;0;0;0;-15,817752;-55,224352;"SPRF-MT";"DEL05-MT";"UOP02-DEL05-MT"
742432;1662602;2025-12-29;"segunda-feira";"17:30:00";"MT";364;307;"JACIARA";"Sim";"Chuva";1;"Sa�da de leito carro��vel";"Com V�timas Feridas";"Pleno dia";"Decrescente";"Chuva";"Dupla";"Reta";"N�o";1325662;"Caminhonete";"CHEVROLET/S10 HC DD4A/S10 HC DD4A";2021;"Passageiro";"Ileso";13;"Masculino";1;0;0;0;-15,817752;-55,224352;"SPRF-MT";"DEL05-MT";"UOP02-DEL05-MT"
742432;1662601;2025-12-29;"segunda-feira";"17:30:00";"MT";364;307;"JACIARA";"Sim";"Chuva";1;"Sa�da de leito carro��vel";"Com V�timas Feridas";"Pleno dia";"Decrescente";"Chuva";"Dupla";"Reta";"N�o";1325662;"Caminhonete";"CHEVROLET/S10 HC DD4A/S10 HC DD4A";2021;"Passageiro";"Les�es Graves";70;"Feminino";0;0;1;0;-15,817752;-55,224352;"SPRF-MT";"DEL05-MT";"UOP02-DEL05-MT"
742432;1662547;2025-12-29;"segunda-feira";"17:30:00";"MT";364;307;"JACIARA";"Sim";"Chuva";1;"Sa�da de leito carro��vel";"Com V�timas Feridas";"Pleno dia";"Decrescente";"Chuva";"Dupla";"Reta";"N�o";1325662;"Caminhonete";"CHEVROLET/S10 HC DD4A/S10 HC DD4A";2021;"Condutor";"Ileso";46;"Feminino";1;0;0;0;-15,817752;-55,224352;"SPRF-MT";"DEL05-MT";"UOP02-DEL05-MT"
742433;1662647;2025-12-29;"segunda-feira";"19:00:00";"SP";116;154;"SAO JOSE DOS CAMPOS";"Sim";"Rea��o tardia ou ineficiente do condutor";3;"Capotamento";"Com V�timas Feridas";"Plena Noite";"Decrescente";"C�u Claro";"M�ltipla";"Em Obras;Reta";"Sim";1325729;"Caminh�o";"VW/24.250 CLC 6X2/24.250 CLC 6X2";2011;"Condutor";"Les�es Leves";37;"Feminino";0;1;0;0;-23,23853705;-45,9203589;"SPRF-SP";"DEL02-SP";"UOP01-DEL02-SP"
742433;1662646;2025-12-29;"segunda-feira";"19:00:00";"SP";116;154;"SAO JOSE DOS CAMPOS";"Sim";"Rea��o tardia ou ineficiente do condutor";3;"Capotamento";"Com V�timas Feridas";"Plena Noite";"Decrescente";"C�u Claro";"M�ltipla";"Em Obras;Reta";"Sim";1325728;"Autom�vel";"RENAULT/SANDERO EXPR 10/SANDERO EXPR 10";2016;"Condutor";"Les�es Leves";54;"Masculino";0;1;0;0;-23,23853705;-45,9203589;"SPRF-SP";"DEL02-SP";"UOP01-DEL02-SP"
742433;1662647;2025-12-29;"segunda-feira";"19:00:00";"SP";116;154;"SAO JOSE DOS CAMPOS";"Sim";"Rea��o tardia ou ineficiente do condutor";2;"Colis�o com objeto";"Com V�timas Feridas";"Plena Noite";"Decrescente";"C�u Claro";"M�ltipla";"Em Obras;Reta";"Sim";1325729;"Caminh�o";"VW/24.250 CLC 6X2/24.250 CLC 6X2";2011;"Condutor";"Les�es Leves";37;"Feminino";0;1;0;0;-23,23853705;-45,9203589;"SPRF-SP";"DEL02-SP";"UOP01-DEL02-SP"
742433;1662646;2025-12-29;"segunda-feira";"19:00:00";"SP";116;154;"SAO JOSE DOS CAMPOS";"Sim";"Rea��o tardia ou ineficiente do condutor";2;"Colis�o com objeto";"Com V�timas Feridas";"Plena Noite";"Decrescente";"C�u Claro";"M�ltipla";"Em Obras;Reta";"Sim";1325728;"Autom�vel";"RENAULT/SANDERO EXPR 10/SANDERO EXPR 10";2016;"Condutor";"Les�es Leves";54;"Masculino";0;1;0;0;-23,23853705;-45,9203589;"SPRF-SP";"DEL02-SP";"UOP01-DEL02-SP"
742433;1662647;2025-12-29;"segunda-feira";"19:00:00";"SP";116;154;"SAO JOSE DOS CAMPOS";"Sim";"Rea��o tardia ou ineficiente do condutor";1;"Colis�o traseira";"Com V�timas Feridas";"Plena Noite";"Decrescente";"C�u Claro";"M�ltipla";"Em Obras;Reta";"Sim";1325729;"Caminh�o";"VW/24.250 CLC 6X2/24.250 CLC 6X2";2011;"Condutor";"Les�es Leves";37;"Feminino";0;1;0;0;-23,23853705;-45,9203589;"SPRF-SP";"DEL02-SP";"UOP01-DEL02-SP"
742433;1662646;2025-12-29;"segunda-feira";"19:00:00";"SP";116;154;"SAO JOSE DOS CAMPOS";"Sim";"Rea��o tardia ou ineficiente do condutor";1;"Colis�o traseira";"Com V�timas Feridas";"Plena Noite";"Decrescente";"C�u Claro";"M�ltipla";"Em Obras;Reta";"Sim";1325728;"Autom�vel";"RENAULT/SANDERO EXPR 10/SANDERO EXPR 10";2016;"Condutor";"Les�es Leves";54;"Masculino";0;1;0;0;-23,23853705;-45,9203589;"SPRF-SP";"DEL02-SP";"UOP01-DEL02-SP"
742434;1664649;2025-12-29;"segunda-feira";"19:40:00";"RN";101;104;"PARNAMIRIM";"Sim";"Manobra de mudan�a de faixa";1;"Queda de ocupante de ve�culo";"Com V�timas Feridas";"Plena Noite";"Crescente";"C�u Claro";"M�ltipla";"Aclive";"Sim";1327128;"Motocicleta";"HONDA/CG 125 FAN KS/CG 125 FAN KS";2010;"Condutor";"Les�es Leves";29;"Feminino";0;1;0;0;-5,89170082;-35,25602818;"SPRF-RN";"DEL01-RN";"UOP01-DEL01-RN"
742436;1662615;2025-12-29;"segunda-feira";"19:20:00";"SE";101;148,8;"ESTANCIA";"Sim";"Acessar a via sem observar a presen�a dos outros ve�culos";1;"Colis�o transversal";"Com V�timas Feridas";"Plena Noite";"Decrescente";"C�u Claro";"Simples";"Reta;Declive";"Sim";1325705;"Motocicleta";"HONDA/XRE 300/XRE 300";2015;"Condutor";"Les�es Leves";26;"Masculino";0;1;0;0;-11,24458688;-37,43328519;"SPRF-SE";"DEL02-SE";"UOP01-DEL02-SE"
742436;1662616;2025-12-29;"segunda-feira";"19:20:00";"SE";101;148,8;"ESTANCIA";"Sim";"Acessar a via sem observar a presen�a dos outros ve�culos";1;"Colis�o transversal";"Com V�timas Feridas";"Plena Noite";"Decrescente";"C�u Claro";"Simples";"Reta;Declive";"Sim";1325708;"Bicicleta";"N�o Informado/N�o Informado/N�o Informado";0;"Condutor";"Les�es Leves";55;"Feminino";0;1;0;0;-11,24458688;-37,43328519;"SPRF-SE";"DEL02-SE";"UOP01-DEL02-SE"
742438;1662567;2025-12-29;"segunda-feira";"19:00:00";"MA";222;337;"IGARAPE DO MEIO";"Sim";"Animais na Pista";1;"Atropelamento de Animal";"Com V�timas Feridas";"Plena Noite";"Crescente";"Garoa/Chuvisco";"Simples";"Reta";"N�o";1325667;"Caminhonete";"I/TOYOTA HILUX CDSR A4FD/TOYOTA HILUX CDSR A4FD";2024;"Passageiro";"Ileso";17;"Masculino";1;0;0;0;-3,648432;-45,200177;"SPRF-MA";"DEL02-MA";"UOP01-DEL02-MA"
742438;1662560;2025-12-29;"segunda-feira";"19:00:00";"MA";222;337;"IGARAPE DO MEIO";"Sim";"Animais na Pista";1;"Atropelamento de Animal";"Com V�timas Feridas";"Plena Noite";"Crescente";"Garoa/Chuvisco";"Simples";"Reta";"N�o";1325667;"Caminhonete";"I/TOYOTA HILUX CDSR A4FD/TOYOTA HILUX CDSR A4FD";2024;"Condutor";"Les�es Leves";40;"Masculino";0;1;0;0;-3,648432;-45,200177;"SPRF-MA";"DEL02-MA";"UOP01-DEL02-MA"
742439;1662632;2025-12-29;"segunda-feira";"19:30:00";"DF";20;12,6;"BRASILIA";"Sim";"Demais falhas mec�nicas ou el�tricas";2;"Tombamento";"Com V�timas Feridas";"Plena Noite";"Crescente";"C�u Claro";"Dupla";"Retorno Regulamentado;Reta";"Sim";1325717;"Motocicleta";"HONDA/CG 160 FAN/CG 160 FAN";2018;"Passageiro";"Les�es Leves";31;"Feminino";0;1;0;0;-15,64082428;-47,75364286;"SPRF-DF";"DEL02-DF";"UOP01-DEL02-DF"
742439;1662631;2025-12-29;"segunda-feira";"19:30:00";"DF";20;12,6;"BRASILIA";"Sim";"Demais falhas mec�nicas ou el�tricas";2;"Tombamento";"Com V�timas Feridas";"Plena Noite";"Crescente";"C�u Claro";"Dupla";"Retorno Regulamentado;Reta";"Sim";1325717;"Motocicleta";"HONDA/CG 160 FAN/CG 160 FAN";2018;"Condutor";"Les�es Leves";34;"Masculino";0;1;0;0;-15,64082428;-47,75364286;"SPRF-DF";"DEL02-DF";"UOP01-DEL02-DF"
742439;1662632;2025-12-29;"segunda-feira";"19:30:00";"DF";20;12,6;"BRASILIA";"Sim";"Demais falhas mec�nicas ou el�tricas";1;"Queda de ocupante de ve�culo";"Com V�timas Feridas";"Plena Noite";"Crescente";"C�u Claro";"Dupla";"Retorno Regulamentado;Reta";"Sim";1325717;"Motocicleta";"HONDA/CG 160 FAN/CG 160 FAN";2018;"Passageiro";"Les�es Leves";31;"Feminino";0;1;0;0;-15,64082428;-47,75364286;"SPRF-DF";"DEL02-DF";"UOP01-DEL02-DF"
742439;1662631;2025-12-29;"segunda-feira";"19:30:00";"DF";20;12,6;"BRASILIA";"Sim";"Demais falhas mec�nicas ou el�tricas";1;"Queda de ocupante de ve�culo";"Com V�timas Feridas";"Plena Noite";"Crescente";"C�u Claro";"Dupla";"Retorno Regulamentado;Reta";"Sim";1325717;"Motocicleta";"HONDA/CG 160 FAN/CG 160 FAN";2018;"Condutor";"Les�es Leves";34;"Masculino";0;1;0;0;-15,64082428;-47,75364286;"SPRF-DF";"DEL02-DF";"UOP01-DEL02-DF"
742440;NA;2025-12-12;"sexta-feira";"13:20:00";"PI";343;67;"BURITI DOS LOPES";"N�o";"Rea��o tardia ou ineficiente do condutor";2;"Sa�da de leito carro��vel";"Com V�timas Feridas";"Pleno dia";"Crescente";"C�u Claro";"Simples";"Reta";"N�o";1325669;"Autom�vel";"BRM/M8/M8";1986;NA;NA;NA;NA;NA;NA;NA;NA;-3,303618;-41,758275;"SPRF-PI";"DEL05-PI";"UOP01-DEL05-PI"
742440;1662556;2025-12-12;"sexta-feira";"13:20:00";"PI";343;67;"BURITI DOS LOPES";"N�o";"Rea��o tardia ou ineficiente do condutor";2;"Sa�da de leito carro��vel";"Com V�timas Feridas";"Pleno dia";"Crescente";"C�u Claro";"Simples";"Reta";"N�o";1325668;"Utilit�rio";"I/TOYOTA HILUX SWSRXA4FD/TOYOTA HILUX SWSRXA4FD";2020;"Passageiro";"Les�es Leves";64;"Masculino";0;1;0;0;-3,303618;-41,758275;"SPRF-PI";"DEL05-PI";"UOP01-DEL05-PI"
742440;1662555;2025-12-12;"sexta-feira";"13:20:00";"PI";343;67;"BURITI DOS LOPES";"N�o";"Rea��o tardia ou ineficiente do condutor";2;"Sa�da de leito carro��vel";"Com V�timas Feridas";"Pleno dia";"Crescente";"C�u Claro";"Simples";"Reta";"N�o";1325668;"Utilit�rio";"I/TOYOTA HILUX SWSRXA4FD/TOYOTA HILUX SWSRXA4FD";2020;"Passageiro";"Ileso";20;"Masculino";1;0;0;0;-3,303618;-41,758275;"SPRF-PI";"DEL05-PI";"UOP01-DEL05-PI"
742440;1662554;2025-12-12;"sexta-feira";"13:20:00";"PI";343;67;"BURITI DOS LOPES";"N�o";"Rea��o tardia ou ineficiente do condutor";2;"Sa�da de leito carro��vel";"Com V�timas Feridas";"Pleno dia";"Crescente";"C�u Claro";"Simples";"Reta";"N�o";1325668;"Utilit�rio";"I/TOYOTA HILUX SWSRXA4FD/TOYOTA HILUX SWSRXA4FD";2020;"Passageiro";"Les�es Leves";19;"Feminino";0;1;0;0;-3,303618;-41,758275;"SPRF-PI";"DEL05-PI";"UOP01-DEL05-PI"
742440;1662553;2025-12-12;"sexta-feira";"13:20:00";"PI";343;67;"BURITI DOS LOPES";"N�o";"Rea��o tardia ou ineficiente do condutor";2;"Sa�da de leito carro��vel";"Com V�timas Feridas";"Pleno dia";"Crescente";"C�u Claro";"Simples";"Reta";"N�o";1325668;"Utilit�rio";"I/TOYOTA HILUX SWSRXA4FD/TOYOTA HILUX SWSRXA4FD";2020;"Condutor";"Ileso";20;"Masculino";1;0;0;0;-3,303618;-41,758275;"SPRF-PI";"DEL05-PI";"UOP01-DEL05-PI"
742440;NA;2025-12-12;"sexta-feira";"13:20:00";"PI";343;67;"BURITI DOS LOPES";"N�o";"Rea��o tardia ou ineficiente do condutor";1;"Tombamento";"Com V�timas Feridas";"Pleno dia";"Crescente";"C�u Claro";"Simples";"Reta";"N�o";1325669;"Autom�vel";"BRM/M8/M8";1986;NA;NA;NA;NA;NA;NA;NA;NA;-3,303618;-41,758275;"SPRF-PI";"DEL05-PI";"UOP01-DEL05-PI"
742440;1662556;2025-12-12;"sexta-feira";"13:20:00";"PI";343;67;"BURITI DOS LOPES";"N�o";"Rea��o tardia ou ineficiente do condutor";1;"Tombamento";"Com V�timas Feridas";"Pleno dia";"Crescente";"C�u Claro";"Simples";"Reta";"N�o";1325668;"Utilit�rio";"I/TOYOTA HILUX SWSRXA4FD/TOYOTA HILUX SWSRXA4FD";2020;"Passageiro";"Les�es Leves";64;"Masculino";0;1;0;0;-3,303618;-41,758275;"SPRF-PI";"DEL05-PI";"UOP01-DEL05-PI"
742440;1662555;2025-12-12;"sexta-feira";"13:20:00";"PI";343;67;"BURITI DOS LOPES";"N�o";"Rea��o tardia ou ineficiente do condutor";1;"Tombamento";"Com V�timas Feridas";"Pleno dia";"Crescente";"C�u Claro";"Simples";"Reta";"N�o";1325668;"Utilit�rio";"I/TOYOTA HILUX SWSRXA4FD/TOYOTA HILUX SWSRXA4FD";2020;"Passageiro";"Ileso";20;"Masculino";1;0;0;0;-3,303618;-41,758275;"SPRF-PI";"DEL05-PI";"UOP01-DEL05-PI"
742440;1662554;2025-12-12;"sexta-feira";"13:20:00";"PI";343;67;"BURITI DOS LOPES";"N�o";"Rea��o tardia ou ineficiente do condutor";1;"Tombamento";"Com V�timas Feridas";"Pleno dia";"Crescente";"C�u Claro";"Simples";"Reta";"N�o";1325668;"Utilit�rio";"I/TOYOTA HILUX SWSRXA4FD/TOYOTA HILUX SWSRXA4FD";2020;"Passageiro";"Les�es Leves";19;"Feminino";0;1;0;0;-3,303618;-41,758275;"SPRF-PI";"DEL05-PI";"UOP01-DEL05-PI"
742440;1662553;2025-12-12;"sexta-feira";"13:20:00";"PI";343;67;"BURITI DOS LOPES";"N�o";"Rea��o tardia ou ineficiente do condutor";1;"Tombamento";"Com V�timas Feridas";"Pleno dia";"Crescente";"C�u Claro";"Simples";"Reta";"N�o";1325668;"Utilit�rio";"I/TOYOTA HILUX SWSRXA4FD/TOYOTA HILUX SWSRXA4FD";2020;"Condutor";"Ileso";20;"Masculino";1;0;0;0;-3,303618;-41,758275;"SPRF-PI";"DEL05-PI";"UOP01-DEL05-PI"