"id";"pesid";"data_inversa";"dia_semana";"horario";"uf";"br";"km";"municipio";"causa_principal";"causa_acidente";"ordem_tipo_acidente";"tipo_acidente";"classificacao_acidente";"fase_dia";"sentido_via";"condicao_metereologica";"tipo_pista";"tracado_via";"uso_solo";"id_veiculo";"tipo_veiculo";"marca";"ano_fabricacao_veiculo";"tipo_envolvido";"estado_fisico";"idade";"sexo";"ilesos";"feridos_leves";"feridos_graves";"mortos";"latitude";"longitude";"regional";"delegacia";"uop"
742440;NA;2025-12-12;"sexta-feira";"13:20:00";"PI";343;67;"BURITI DOS LOPES";"Sim";"Velocidade Incompat�vel";2;"Sa�da de leito carro��vel";"Com V�timas Feridas";"Pleno dia";"Crescente";"C�u Claro";"Simples";"Reta";"N�o";1325669;"Autom�vel";"BRM/M8/M8";1986;NA;NA;NA;NA;NA;NA;NA;NA;-3,303618;-41,758275;"SPRF-PI";"DEL05-PI";"UOP01-DEL05-PI"
742440;1662556;2025-12-12;"sexta-feira";"13:20:00";"PI";343;67;"BURITI DOS LOPES";"Sim";"Velocidade Incompat�vel";2;"Sa�da de leito carro��vel";"Com V�timas Feridas";"Pleno dia";"Crescente";"C�u Claro";"Simples";"Reta";"N�o";1325668;"Utilit�rio";"I/TOYOTA HILUX SWSRXA4FD/TOYOTA HILUX SWSRXA4FD";2020;"Passageiro";"Les�es Leves";64;"Masculino";0;1;0;0;-3,303618;-41,758275;"SPRF-PI";"DEL05-PI";"UOP01-DEL05-PI"
742440;1662555;2025-12-12;"sexta-feira";"13:20:00";"PI";343;67;"BURITI DOS LOPES";"Sim";"Velocidade Incompat�vel";2;"Sa�da de leito carro��vel";"Com V�timas Feridas";"Pleno dia";"Crescente";"C�u Claro";"Simples";"Reta";"N�o";1325668;"Utilit�rio";"I/TOYOTA HILUX SWSRXA4FD/TOYOTA HILUX SWSRXA4FD";2020;"Passageiro";"Ileso";20;"Masculino";1;0;0;0;-3,303618;-41,758275;"SPRF-PI";"DEL05-PI";"UOP01-DEL05-PI"
742440;1662554;2025-12-12;"sexta-feira";"13:20:00";"PI";343;67;"BURITI DOS LOPES";"Sim";"Velocidade Incompat�vel";2;"Sa�da de leito carro��vel";"Com V�timas Feridas";"Pleno dia";"Crescente";"C�u Claro";"Simples";"Reta";"N�o";1325668;"Utilit�rio";"I/TOYOTA HILUX SWSRXA4FD/TOYOTA HILUX SWSRXA4FD";2020;"Passageiro";"Les�es Leves";19;"Feminino";0;1;0;0;-3,303618;-41,758275;"SPRF-PI";"DEL05-PI";"UOP01-DEL05-PI"
742440;1662553;2025-12-12;"sexta-feira";"13:20:00";"PI";343;67;"BURITI DOS LOPES";"Sim";"Velocidade Incompat�vel";2;"Sa�da de leito carro��vel";"Com V�timas Feridas";"Pleno dia";"Crescente";"C�u Claro";"Simples";"Reta";"N�o";1325668;"Utilit�rio";"I/TOYOTA HILUX SWSRXA4FD/TOYOTA HILUX SWSRXA4FD";2020;"Condutor";"Ileso";20;"Masculino";1;0;0;0;-3,303618;-41,758275;"SPRF-PI";"DEL05-PI";"UOP01-DEL05-PI"
742440;NA;2025-12-12;"sexta-feira";"13:20:00";"PI";343;67;"BURITI DOS LOPES";"Sim";"Velocidade Incompat�vel";1;"Tombamento";"Com V�timas Feridas";"Pleno dia";"Crescente";"C�u Claro";"Simples";"Reta";"N�o";1325669;"Autom�vel";"BRM/M8/M8";1986;NA;NA;NA;NA;NA;NA;NA;NA;-3,303618;-41,758275;"SPRF-PI";"DEL05-PI";"UOP01-DEL05-PI"
742440;1662556;2025-12-12;"sexta-feira";"13:20:00";"PI";343;67;"BURITI DOS LOPES";"Sim";"Velocidade Incompat�vel";1;"Tombamento";"Com V�timas Feridas";"Pleno dia";"Crescente";"C�u Claro";"Simples";"Reta";"N�o";1325668;"Utilit�rio";"I/TOYOTA HILUX SWSRXA4FD/TOYOTA HILUX SWSRXA4FD";2020;"Passageiro";"Les�es Leves";64;"Masculino";0;1;0;0;-3,303618;-41,758275;"SPRF-PI";"DEL05-PI";"UOP01-DEL05-PI"
742440;1662555;2025-12-12;"sexta-feira";"13:20:00";"PI";343;67;"BURITI DOS LOPES";"Sim";"Velocidade Incompat�vel";1;"Tombamento";"Com V�timas Feridas";"Pleno dia";"Crescente";"C�u Claro";"Simples";"Reta";"N�o";1325668;"Utilit�rio";"I/TOYOTA HILUX SWSRXA4FD/TOYOTA HILUX SWSRXA4FD";2020;"Passageiro";"Ileso";20;"Masculino";1;0;0;0;-3,303618;-41,758275;"SPRF-PI";"DEL05-PI";"UOP01-DEL05-PI"
742440;1662554;2025-12-12;"sexta-feira";"13:20:00";"PI";343;67;"BURITI DOS LOPES";"Sim";"Velocidade Incompat�vel";1;"Tombamento";"Com V�timas Feridas";"Pleno dia";"Crescente";"C�u Claro";"Simples";"Reta";"N�o";1325668;"Utilit�rio";"I/TOYOTA HILUX SWSRXA4FD/TOYOTA HILUX SWSRXA4FD";2020;"Passageiro";"Les�es Leves";19;"Feminino";0;1;0;0;-3,303618;-41,758275;"SPRF-PI";"DEL05-PI";"UOP01-DEL05-PI"
742440;1662553;2025-12-12;"sexta-feira";"13:20:00";"PI";343;67;"BURITI DOS LOPES";"Sim";"Velocidade Incompat�vel";1;"Tombamento";"Com V�timas Feridas";"Pleno dia";"Crescente";"C�u Claro";"Simples";"Reta";"N�o";1325668;"Utilit�rio";"I/TOYOTA HILUX SWSRXA4FD/TOYOTA HILUX SWSRXA4FD";2020;"Condutor";"Ileso";20;"Masculino";1;0;0;0;-3,303618;-41,758275;"SPRF-PI";"DEL05-PI";"UOP01-DEL05-PI"
742441;1662816;2025-12-29;"segunda-feira";"17:30:00";"DF";70;2;"BRASILIA";"Sim";"Manobra de mudan�a de faixa";1;"Colis�o lateral mesmo sentido";"Com V�timas Feridas";"Anoitecer";"Decrescente";"C�u Claro";"Dupla";"Reta";"Sim";1325844;"Motocicleta";"HONDA/CG 160 FAN/CG 160 FAN";2020;"Condutor";"Ileso";24;"Masculino";1;0;0;0;-15,798644;-48,073944;"SPRF-DF";"DEL03-DF";"UOP02-DEL03-DF"
742441;1662814;2025-12-29;"segunda-feira";"17:30:00";"DF";70;2;"BRASILIA";"Sim";"Manobra de mudan�a de faixa";1;"Colis�o lateral mesmo sentido";"Com V�timas Feridas";"Anoitecer";"Decrescente";"C�u Claro";"Dupla";"Reta";"Sim";1325842;"Motocicleta";"TRIUMPH/TIGER 800 XCX/TIGER 800 XCX";2019;"Passageiro";"Les�es Leves";38;"Masculino";0;1;0;0;-15,798644;-48,073944;"SPRF-DF";"DEL03-DF";"UOP02-DEL03-DF"
742441;1662812;2025-12-29;"segunda-feira";"17:30:00";"DF";70;2;"BRASILIA";"Sim";"Manobra de mudan�a de faixa";1;"Colis�o lateral mesmo sentido";"Com V�timas Feridas";"Anoitecer";"Decrescente";"C�u Claro";"Dupla";"Reta";"Sim";1325842;"Motocicleta";"TRIUMPH/TIGER 800 XCX/TIGER 800 XCX";2019;"Condutor";"Ileso";29;"Masculino";1;0;0;0;-15,798644;-48,073944;"SPRF-DF";"DEL03-DF";"UOP02-DEL03-DF"
742442;1662603;2025-12-29;"segunda-feira";"19:00:00";"MS";163;486;"CAMPO GRANDE";"Sim";"Pedestre - Ingest�o de �lcool/ subst�ncias psicoativas";3;"Queda de ocupante de ve�culo";"Com V�timas Feridas";"Plena Noite";"Crescente";"C�u Claro";"Simples";"Reta;Declive";"Sim";1325702;"Motocicleta";"HONDA/CG 160 START/CG 160 START";2023;"Condutor";"Les�es Leves";38;"Masculino";0;1;0;0;-20,43286235;-54,54376571;"SPRF-MS";"DEL01-MS";"UOP02-DEL01-MS"
742442;1662604;2025-12-29;"segunda-feira";"19:00:00";"MS";163;486;"CAMPO GRANDE";"Sim";"Pedestre - Ingest�o de �lcool/ subst�ncias psicoativas";3;"Queda de ocupante de ve�culo";"Com V�timas Feridas";"Plena Noite";"Crescente";"C�u Claro";"Simples";"Reta;Declive";"Sim";NA;NA;"NA/NA/NA";NA;"Pedestre";"Les�es Graves";39;"Masculino";0;0;1;0;-20,43286235;-54,54376571;"SPRF-MS";"DEL01-MS";"UOP02-DEL01-MS"
742442;1662603;2025-12-29;"segunda-feira";"19:00:00";"MS";163;486;"CAMPO GRANDE";"Sim";"Pedestre - Ingest�o de �lcool/ subst�ncias psicoativas";2;"Tombamento";"Com V�timas Feridas";"Plena Noite";"Crescente";"C�u Claro";"Simples";"Reta;Declive";"Sim";1325702;"Motocicleta";"HONDA/CG 160 START/CG 160 START";2023;"Condutor";"Les�es Leves";38;"Masculino";0;1;0;0;-20,43286235;-54,54376571;"SPRF-MS";"DEL01-MS";"UOP02-DEL01-MS"
742442;1662604;2025-12-29;"segunda-feira";"19:00:00";"MS";163;486;"CAMPO GRANDE";"Sim";"Pedestre - Ingest�o de �lcool/ subst�ncias psicoativas";2;"Tombamento";"Com V�timas Feridas";"Plena Noite";"Crescente";"C�u Claro";"Simples";"Reta;Declive";"Sim";NA;NA;"NA/NA/NA";NA;"Pedestre";"Les�es Graves";39;"Masculino";0;0;1;0;-20,43286235;-54,54376571;"SPRF-MS";"DEL01-MS";"UOP02-DEL01-MS"
742442;1662603;2025-12-29;"segunda-feira";"19:00:00";"MS";163;486;"CAMPO GRANDE";"Sim";"Pedestre - Ingest�o de �lcool/ subst�ncias psicoativas";1;"Atropelamento de Pedestre";"Com V�timas Feridas";"Plena Noite";"Crescente";"C�u Claro";"Simples";"Reta;Declive";"Sim";1325702;"Motocicleta";"HONDA/CG 160 START/CG 160 START";2023;"Condutor";"Les�es Leves";38;"Masculino";0;1;0;0;-20,43286235;-54,54376571;"SPRF-MS";"DEL01-MS";"UOP02-DEL01-MS"
742442;1662604;2025-12-29;"segunda-feira";"19:00:00";"MS";163;486;"CAMPO GRANDE";"Sim";"Pedestre - Ingest�o de �lcool/ subst�ncias psicoativas";1;"Atropelamento de Pedestre";"Com V�timas Feridas";"Plena Noite";"Crescente";"C�u Claro";"Simples";"Reta;Declive";"Sim";NA;NA;"NA/NA/NA";NA;"Pedestre";"Les�es Graves";39;"Masculino";0;0;1;0;-20,43286235;-54,54376571;"SPRF-MS";"DEL01-MS";"UOP02-DEL01-MS"
742443;1662624;2025-12-21;"domingo";"19:30:00";"BA";324;426;"RIACHAO DO JACUIPE";"Sim";"Defici�ncia do Sistema de Ilumina��o/Sinaliza��o";1;"Colis�o traseira";"Com V�timas Feridas";"Plena Noite";"Decrescente";"C�u Claro";"Simples";"Reta";"N�o";1325676;"Autom�vel";"TOYOTA/COROLLA XEI20FLEX/COROLLA XEI20FLEX";0;"Condutor";"Ileso";50;"Masculino";1;0;0;0;-11,74066411;-39,48803187;"SPRF-BA";"DEL04-BA";"UOP02-DEL04-BA"
742443;1662625;2025-12-21;"domingo";"19:30:00";"BA";324;426;"RIACHAO DO JACUIPE";"Sim";"Defici�ncia do Sistema de Ilumina��o/Sinaliza��o";1;"Colis�o traseira";"Com V�timas Feridas";"Plena Noite";"Decrescente";"C�u Claro";"Simples";"Reta";"N�o";1325678;"Motocicleta";"N�o Informado/N�o Informado/N�o Informado";0;"Condutor";"Ileso";37;"Masculino";1;0;0;0;-11,74066411;-39,48803187;"SPRF-BA";"DEL04-BA";"UOP02-DEL04-BA"
742443;1662626;2025-12-21;"domingo";"19:30:00";"BA";324;426;"RIACHAO DO JACUIPE";"Sim";"Defici�ncia do Sistema de Ilumina��o/Sinaliza��o";1;"Colis�o traseira";"Com V�timas Feridas";"Plena Noite";"Decrescente";"C�u Claro";"Simples";"Reta";"N�o";1325678;"Motocicleta";"N�o Informado/N�o Informado/N�o Informado";0;"Passageiro";"Les�es Graves";38;"Feminino";0;0;1;0;-11,74066411;-39,48803187;"SPRF-BA";"DEL04-BA";"UOP02-DEL04-BA"
742443;NA;2025-12-21;"domingo";"19:30:00";"BA";324;426;"RIACHAO DO JACUIPE";"Sim";"Defici�ncia do Sistema de Ilumina��o/Sinaliza��o";1;"Colis�o traseira";"Com V�timas Feridas";"Plena Noite";"Decrescente";"C�u Claro";"Simples";"Reta";"N�o";1325679;"Reboque";"N�o Informado/N�o Informado/N�o Informado";0;NA;NA;NA;NA;NA;NA;NA;NA;-11,74066411;-39,48803187;"SPRF-BA";"DEL04-BA";"UOP02-DEL04-BA"
742444;1662723;2025-12-29;"segunda-feira";"19:10:00";"PR";158;519;"PATO BRANCO";"Sim";"Chuva";2;"Tombamento";"Com V�timas Feridas";"Plena Noite";"Decrescente";"Chuva";"Simples";"Reta";"N�o";1325776;"Autom�vel";"FIAT/MOBI LIKE/MOBI LIKE";2022;"Passageiro";"Les�es Leves";28;"Feminino";0;1;0;0;-26,10096;-52,64349444;"SPRF-PR";"DEL02-PR";"UOP01-DEL02-PR"
742444;1662721;2025-12-29;"segunda-feira";"19:10:00";"PR";158;519;"PATO BRANCO";"Sim";"Chuva";2;"Tombamento";"Com V�timas Feridas";"Plena Noite";"Decrescente";"Chuva";"Simples";"Reta";"N�o";1325776;"Autom�vel";"FIAT/MOBI LIKE/MOBI LIKE";2022;"Condutor";"Ileso";39;"Masculino";1;0;0;0;-26,10096;-52,64349444;"SPRF-PR";"DEL02-PR";"UOP01-DEL02-PR"
742444;1662723;2025-12-29;"segunda-feira";"19:10:00";"PR";158;519;"PATO BRANCO";"Sim";"Chuva";1;"Sa�da de leito carro��vel";"Com V�timas Feridas";"Plena Noite";"Decrescente";"Chuva";"Simples";"Reta";"N�o";1325776;"Autom�vel";"FIAT/MOBI LIKE/MOBI LIKE";2022;"Passageiro";"Les�es Leves";28;"Feminino";0;1;0;0;-26,10096;-52,64349444;"SPRF-PR";"DEL02-PR";"UOP01-DEL02-PR"
742444;1662721;2025-12-29;"segunda-feira";"19:10:00";"PR";158;519;"PATO BRANCO";"Sim";"Chuva";1;"Sa�da de leito carro��vel";"Com V�timas Feridas";"Plena Noite";"Decrescente";"Chuva";"Simples";"Reta";"N�o";1325776;"Autom�vel";"FIAT/MOBI LIKE/MOBI LIKE";2022;"Condutor";"Ileso";39;"Masculino";1;0;0;0;-26,10096;-52,64349444;"SPRF-PR";"DEL02-PR";"UOP01-DEL02-PR"
742445;1662674;2025-12-29;"segunda-feira";"19:45:00";"AL";316;233;"ATALAIA";"N�o";"Aus�ncia de rea��o do condutor";1;"Colis�o lateral sentido oposto";"Com V�timas Fatais";"Plena Noite";"Crescente";"C�u Claro";"Simples";"Reta";"N�o";1325745;"Autom�vel";"I/FIAT CRONOS DRIVE 1.3/FIAT CRONOS DRIVE 1.3";2018;"Condutor";"Ileso";61;"Masculino";1;0;0;0;-9,495167;-36,089495;"SPRF-AL";"DEL01-AL";"UOP01-DEL01-AL"
742445;1662673;2025-12-29;"segunda-feira";"19:45:00";"AL";316;233;"ATALAIA";"N�o";"Aus�ncia de rea��o do condutor";1;"Colis�o lateral sentido oposto";"Com V�timas Fatais";"Plena Noite";"Crescente";"C�u Claro";"Simples";"Reta";"N�o";1325743;"Caminh�o";"N�o Informado/N�o Informado/N�o Informado";0;"Condutor";"N�o Informado";NA;"N�o Informado";0;0;0;0;-9,495167;-36,089495;"SPRF-AL";"DEL01-AL";"UOP01-DEL01-AL"
742445;1662672;2025-12-29;"segunda-feira";"19:45:00";"AL";316;233;"ATALAIA";"N�o";"Aus�ncia de rea��o do condutor";1;"Colis�o lateral sentido oposto";"Com V�timas Fatais";"Plena Noite";"Crescente";"C�u Claro";"Simples";"Reta";"N�o";1325742;"Autom�vel";"VW/GOL 1.0 GIV/GOL 1.0 GIV";2009;"Condutor";"�bito";44;"Masculino";0;0;0;1;-9,495167;-36,089495;"SPRF-AL";"DEL01-AL";"UOP01-DEL01-AL"
742445;1662675;2025-12-29;"segunda-feira";"19:45:00";"AL";316;233;"ATALAIA";"N�o";"Aus�ncia de rea��o do condutor";1;"Colis�o lateral sentido oposto";"Com V�timas Fatais";"Plena Noite";"Crescente";"C�u Claro";"Simples";"Reta";"N�o";1325746;"Caminhonete";"FIAT/STRADA WORKING/STRADA WORKING";2014;"Condutor";"Ileso";44;"Masculino";1;0;0;0;-9,495167;-36,089495;"SPRF-AL";"DEL01-AL";"UOP01-DEL01-AL"
742445;1662674;2025-12-29;"segunda-feira";"19:45:00";"AL";316;233;"ATALAIA";"N�o";"Aus�ncia de rea��o do condutor";4;"Sa�da de leito carro��vel";"Com V�timas Fatais";"Plena Noite";"Crescente";"C�u Claro";"Simples";"Reta";"N�o";1325745;"Autom�vel";"I/FIAT CRONOS DRIVE 1.3/FIAT CRONOS DRIVE 1.3";2018;"Condutor";"Ileso";61;"Masculino";1;0;0;0;-9,495167;-36,089495;"SPRF-AL";"DEL01-AL";"UOP01-DEL01-AL"
742445;1662673;2025-12-29;"segunda-feira";"19:45:00";"AL";316;233;"ATALAIA";"N�o";"Aus�ncia de rea��o do condutor";4;"Sa�da de leito carro��vel";"Com V�timas Fatais";"Plena Noite";"Crescente";"C�u Claro";"Simples";"Reta";"N�o";1325743;"Caminh�o";"N�o Informado/N�o Informado/N�o Informado";0;"Condutor";"N�o Informado";NA;"N�o Informado";0;0;0;0;-9,495167;-36,089495;"SPRF-AL";"DEL01-AL";"UOP01-DEL01-AL"
742445;1662672;2025-12-29;"segunda-feira";"19:45:00";"AL";316;233;"ATALAIA";"N�o";"Aus�ncia de rea��o do condutor";4;"Sa�da de leito carro��vel";"Com V�timas Fatais";"Plena Noite";"Crescente";"C�u Claro";"Simples";"Reta";"N�o";1325742;"Autom�vel";"VW/GOL 1.0 GIV/GOL 1.0 GIV";2009;"Condutor";"�bito";44;"Masculino";0;0;0;1;-9,495167;-36,089495;"SPRF-AL";"DEL01-AL";"UOP01-DEL01-AL"
742445;1662675;2025-12-29;"segunda-feira";"19:45:00";"AL";316;233;"ATALAIA";"N�o";"Aus�ncia de rea��o do condutor";4;"Sa�da de leito carro��vel";"Com V�timas Fatais";"Plena Noite";"Crescente";"C�u Claro";"Simples";"Reta";"N�o";1325746;"Caminhonete";"FIAT/STRADA WORKING/STRADA WORKING";2014;"Condutor";"Ileso";44;"Masculino";1;0;0;0;-9,495167;-36,089495;"SPRF-AL";"DEL01-AL";"UOP01-DEL01-AL"
742445;1662674;2025-12-29;"segunda-feira";"19:45:00";"AL";316;233;"ATALAIA";"N�o";"Aus�ncia de rea��o do condutor";3;"Colis�o frontal";"Com V�timas Fatais";"Plena Noite";"Crescente";"C�u Claro";"Simples";"Reta";"N�o";1325745;"Autom�vel";"I/FIAT CRONOS DRIVE 1.3/FIAT CRONOS DRIVE 1.3";2018;"Condutor";"Ileso";61;"Masculino";1;0;0;0;-9,495167;-36,089495;"SPRF-AL";"DEL01-AL";"UOP01-DEL01-AL"
742445;1662673;2025-12-29;"segunda-feira";"19:45:00";"AL";316;233;"ATALAIA";"N�o";"Aus�ncia de rea��o do condutor";3;"Colis�o frontal";"Com V�timas Fatais";"Plena Noite";"Crescente";"C�u Claro";"Simples";"Reta";"N�o";1325743;"Caminh�o";"N�o Informado/N�o Informado/N�o Informado";0;"Condutor";"N�o Informado";NA;"N�o Informado";0;0;0;0;-9,495167;-36,089495;"SPRF-AL";"DEL01-AL";"UOP01-DEL01-AL"
742445;1662672;2025-12-29;"segunda-feira";"19:45:00";"AL";316;233;"ATALAIA";"N�o";"Aus�ncia de rea��o do condutor";3;"Colis�o frontal";"Com V�timas Fatais";"Plena Noite";"Crescente";"C�u Claro";"Simples";"Reta";"N�o";1325742;"Autom�vel";"VW/GOL 1.0 GIV/GOL 1.0 GIV";2009;"Condutor";"�bito";44;"Masculino";0;0;0;1;-9,495167;-36,089495;"SPRF-AL";"DEL01-AL";"UOP01-DEL01-AL"
742445;1662675;2025-12-29;"segunda-feira";"19:45:00";"AL";316;233;"ATALAIA";"N�o";"Aus�ncia de rea��o do condutor";3;"Colis�o frontal";"Com V�timas Fatais";"Plena Noite";"Crescente";"C�u Claro";"Simples";"Reta";"N�o";1325746;"Caminhonete";"FIAT/STRADA WORKING/STRADA WORKING";2014;"Condutor";"Ileso";44;"Masculino";1;0;0;0;-9,495167;-36,089495;"SPRF-AL";"DEL01-AL";"UOP01-DEL01-AL"
742445;1662674;2025-12-29;"segunda-feira";"19:45:00";"AL";316;233;"ATALAIA";"N�o";"Aus�ncia de rea��o do condutor";2;"Colis�o frontal";"Com V�timas Fatais";"Plena Noite";"Crescente";"C�u Claro";"Simples";"Reta";"N�o";1325745;"Autom�vel";"I/FIAT CRONOS DRIVE 1.3/FIAT CRONOS DRIVE 1.3";2018;"Condutor";"Ileso";61;"Masculino";1;0;0;0;-9,495167;-36,089495;"SPRF-AL";"DEL01-AL";"UOP01-DEL01-AL"
742445;1662673;2025-12-29;"segunda-feira";"19:45:00";"AL";316;233;"ATALAIA";"N�o";"Aus�ncia de rea��o do condutor";2;"Colis�o frontal";"Com V�timas Fatais";"Plena Noite";"Crescente";"C�u Claro";"Simples";"Reta";"N�o";1325743;"Caminh�o";"N�o Informado/N�o Informado/N�o Informado";0;"Condutor";"N�o Informado";NA;"N�o Informado";0;0;0;0;-9,495167;-36,089495;"SPRF-AL";"DEL01-AL";"UOP01-DEL01-AL"
742445;1662672;2025-12-29;"segunda-feira";"19:45:00";"AL";316;233;"ATALAIA";"N�o";"Aus�ncia de rea��o do condutor";2;"Colis�o frontal";"Com V�timas Fatais";"Plena Noite";"Crescente";"C�u Claro";"Simples";"Reta";"N�o";1325742;"Autom�vel";"VW/GOL 1.0 GIV/GOL 1.0 GIV";2009;"Condutor";"�bito";44;"Masculino";0;0;0;1;-9,495167;-36,089495;"SPRF-AL";"DEL01-AL";"UOP01-DEL01-AL"
742445;1662675;2025-12-29;"segunda-feira";"19:45:00";"AL";316;233;"ATALAIA";"N�o";"Aus�ncia de rea��o do condutor";2;"Colis�o frontal";"Com V�timas Fatais";"Plena Noite";"Crescente";"C�u Claro";"Simples";"Reta";"N�o";1325746;"Caminhonete";"FIAT/STRADA WORKING/STRADA WORKING";2014;"Condutor";"Ileso";44;"Masculino";1;0;0;0;-9,495167;-36,089495;"SPRF-AL";"DEL01-AL";"UOP01-DEL01-AL"
742445;1662674;2025-12-29;"segunda-feira";"19:45:00";"AL";316;233;"ATALAIA";"Sim";"Transitar na contram�o";1;"Colis�o lateral sentido oposto";"Com V�timas Fatais";"Plena Noite";"Crescente";"C�u Claro";"Simples";"Reta";"N�o";1325745;"Autom�vel";"I/FIAT CRONOS DRIVE 1.3/FIAT CRONOS DRIVE 1.3";2018;"Condutor";"Ileso";61;"Masculino";1;0;0;0;-9,495167;-36,089495;"SPRF-AL";"DEL01-AL";"UOP01-DEL01-AL"
742445;1662673;2025-12-29;"segunda-feira";"19:45:00";"AL";316;233;"ATALAIA";"Sim";"Transitar na contram�o";1;"Colis�o lateral sentido oposto";"Com V�timas Fatais";"Plena Noite";"Crescente";"C�u Claro";"Simples";"Reta";"N�o";1325743;"Caminh�o";"N�o Informado/N�o Informado/N�o Informado";0;"Condutor";"N�o Informado";NA;"N�o Informado";0;0;0;0;-9,495167;-36,089495;"SPRF-AL";"DEL01-AL";"UOP01-DEL01-AL"
742445;1662672;2025-12-29;"segunda-feira";"19:45:00";"AL";316;233;"ATALAIA";"Sim";"Transitar na contram�o";1;"Colis�o lateral sentido oposto";"Com V�timas Fatais";"Plena Noite";"Crescente";"C�u Claro";"Simples";"Reta";"N�o";1325742;"Autom�vel";"VW/GOL 1.0 GIV/GOL 1.0 GIV";2009;"Condutor";"�bito";44;"Masculino";0;0;0;1;-9,495167;-36,089495;"SPRF-AL";"DEL01-AL";"UOP01-DEL01-AL"
742445;1662675;2025-12-29;"segunda-feira";"19:45:00";"AL";316;233;"ATALAIA";"Sim";"Transitar na contram�o";1;"Colis�o lateral sentido oposto";"Com V�timas Fatais";"Plena Noite";"Crescente";"C�u Claro";"Simples";"Reta";"N�o";1325746;"Caminhonete";"FIAT/STRADA WORKING/STRADA WORKING";2014;"Condutor";"Ileso";44;"Masculino";1;0;0;0;-9,495167;-36,089495;"SPRF-AL";"DEL01-AL";"UOP01-DEL01-AL"
742445;1662674;2025-12-29;"segunda-feira";"19:45:00";"AL";316;233;"ATALAIA";"Sim";"Transitar na contram�o";4;"Sa�da de leito carro��vel";"Com V�timas Fatais";"Plena Noite";"Crescente";"C�u Claro";"Simples";"Reta";"N�o";1325745;"Autom�vel";"I/FIAT CRONOS DRIVE 1.3/FIAT CRONOS DRIVE 1.3";2018;"Condutor";"Ileso";61;"Masculino";1;0;0;0;-9,495167;-36,089495;"SPRF-AL";"DEL01-AL";"UOP01-DEL01-AL"
742445;1662673;2025-12-29;"segunda-feira";"19:45:00";"AL";316;233;"ATALAIA";"Sim";"Transitar na contram�o";4;"Sa�da de leito carro��vel";"Com V�timas Fatais";"Plena Noite";"Crescente";"C�u Claro";"Simples";"Reta";"N�o";1325743;"Caminh�o";"N�o Informado/N�o Informado/N�o Informado";0;"Condutor";"N�o Informado";NA;"N�o Informado";0;0;0;0;-9,495167;-36,089495;"SPRF-AL";"DEL01-AL";"UOP01-DEL01-AL"
742445;1662672;2025-12-29;"segunda-feira";"19:45:00";"AL";316;233;"ATALAIA";"Sim";"Transitar na contram�o";4;"Sa�da de leito carro��vel";"Com V�timas Fatais";"Plena Noite";"Crescente";"C�u Claro";"Simples";"Reta";"N�o";1325742;"Autom�vel";"VW/GOL 1.0 GIV/GOL 1.0 GIV";2009;"Condutor";"�bito";44;"Masculino";0;0;0;1;-9,495167;-36,089495;"SPRF-AL";"DEL01-AL";"UOP01-DEL01-AL"
742445;1662675;2025-12-29;"segunda-feira";"19:45:00";"AL";316;233;"ATALAIA";"Sim";"Transitar na contram�o";4;"Sa�da de leito carro��vel";"Com V�timas Fatais";"Plena Noite";"Crescente";"C�u Claro";"Simples";"Reta";"N�o";1325746;"Caminhonete";"FIAT/STRADA WORKING/STRADA WORKING";2014;"Condutor";"Ileso";44;"Masculino";1;0;0;0;-9,495167;-36,089495;"SPRF-AL";"DEL01-AL";"UOP01-DEL01-AL"
742445;1662674;2025-12-29;"segunda-feira";"19:45:00";"AL";316;233;"ATALAIA";"Sim";"Transitar na contram�o";3;"Colis�o frontal";"Com V�timas Fatais";"Plena Noite";"Crescente";"C�u Claro";"Simples";"Reta";"N�o";1325745;"Autom�vel";"I/FIAT CRONOS DRIVE 1.3/FIAT CRONOS DRIVE 1.3";2018;"Condutor";"Ileso";61;"Masculino";1;0;0;0;-9,495167;-36,089495;"SPRF-AL";"DEL01-AL";"UOP01-DEL01-AL"
742445;1662673;2025-12-29;"segunda-feira";"19:45:00";"AL";316;233;"ATALAIA";"Sim";"Transitar na contram�o";3;"Colis�o frontal";"Com V�timas Fatais";"Plena Noite";"Crescente";"C�u Claro";"Simples";"Reta";"N�o";1325743;"Caminh�o";"N�o Informado/N�o Informado/N�o Informado";0;"Condutor";"N�o Informado";NA;"N�o Informado";0;0;0;0;-9,495167;-36,089495;"SPRF-AL";"DEL01-AL";"UOP01-DEL01-AL"
742445;1662672;2025-12-29;"segunda-feira";"19:45:00";"AL";316;233;"ATALAIA";"Sim";"Transitar na contram�o";3;"Colis�o frontal";"Com V�timas Fatais";"Plena Noite";"Crescente";"C�u Claro";"Simples";"Reta";"N�o";1325742;"Autom�vel";"VW/GOL 1.0 GIV/GOL 1.0 GIV";2009;"Condutor";"�bito";44;"Masculino";0;0;0;1;-9,495167;-36,089495;"SPRF-AL";"DEL01-AL";"UOP01-DEL01-AL"