"id";"pesid";"data_inversa";"dia_semana";"horario";"uf";"br";"km";"municipio";"causa_principal";"causa_acidente";"ordem_tipo_acidente";"tipo_acidente";"classificacao_acidente";"fase_dia";"sentido_via";"condicao_metereologica";"tipo_pista";"tracado_via";"uso_solo";"id_veiculo";"tipo_veiculo";"marca";"ano_fabricacao_veiculo";"tipo_envolvido";"estado_fisico";"idade";"sexo";"ilesos";"feridos_leves";"feridos_graves";"mortos";"latitude";"longitude";"regional";"delegacia";"uop"
742445;1662675;2025-12-29;"segunda-feira";"19:45:00";"AL";316;233;"ATALAIA";"Sim";"Transitar na contram�o";3;"Colis�o frontal";"Com V�timas Fatais";"Plena Noite";"Crescente";"C�u Claro";"Simples";"Reta";"N�o";1325746;"Caminhonete";"FIAT/STRADA WORKING/STRADA WORKING";2014;"Condutor";"Ileso";44;"Masculino";1;0;0;0;-9,495167;-36,089495;"SPRF-AL";"DEL01-AL";"UOP01-DEL01-AL"
742445;1662674;2025-12-29;"segunda-feira";"19:45:00";"AL";316;233;"ATALAIA";"Sim";"Transitar na contram�o";2;"Colis�o frontal";"Com V�timas Fatais";"Plena Noite";"Crescente";"C�u Claro";"Simples";"Reta";"N�o";1325745;"Autom�vel";"I/FIAT CRONOS DRIVE 1.3/FIAT CRONOS DRIVE 1.3";2018;"Condutor";"Ileso";61;"Masculino";1;0;0;0;-9,495167;-36,089495;"SPRF-AL";"DEL01-AL";"UOP01-DEL01-AL"
742445;1662673;2025-12-29;"segunda-feira";"19:45:00";"AL";316;233;"ATALAIA";"Sim";"Transitar na contram�o";2;"Colis�o frontal";"Com V�timas Fatais";"Plena Noite";"Crescente";"C�u Claro";"Simples";"Reta";"N�o";1325743;"Caminh�o";"N�o Informado/N�o Informado/N�o Informado";0;"Condutor";"N�o Informado";NA;"N�o Informado";0;0;0;0;-9,495167;-36,089495;"SPRF-AL";"DEL01-AL";"UOP01-DEL01-AL"
742445;1662672;2025-12-29;"segunda-feira";"19:45:00";"AL";316;233;"ATALAIA";"Sim";"Transitar na contram�o";2;"Colis�o frontal";"Com V�timas Fatais";"Plena Noite";"Crescente";"C�u Claro";"Simples";"Reta";"N�o";1325742;"Autom�vel";"VW/GOL 1.0 GIV/GOL 1.0 GIV";2009;"Condutor";"�bito";44;"Masculino";0;0;0;1;-9,495167;-36,089495;"SPRF-AL";"DEL01-AL";"UOP01-DEL01-AL"
742445;1662675;2025-12-29;"segunda-feira";"19:45:00";"AL";316;233;"ATALAIA";"Sim";"Transitar na contram�o";2;"Colis�o frontal";"Com V�timas Fatais";"Plena Noite";"Crescente";"C�u Claro";"Simples";"Reta";"N�o";1325746;"Caminhonete";"FIAT/STRADA WORKING/STRADA WORKING";2014;"Condutor";"Ileso";44;"Masculino";1;0;0;0;-9,495167;-36,089495;"SPRF-AL";"DEL01-AL";"UOP01-DEL01-AL"
742446;1662645;2025-12-29;"segunda-feira";"20:15:00";"ES";101;298;"VIANA";"N�o";"Condutor deixou de manter dist�ncia do ve�culo da frente";3;"Queda de ocupante de ve�culo";"Com V�timas Feridas";"Plena Noite";"Decrescente";"C�u Claro";"Simples";"Reta";"Sim";1325725;"Camioneta";"FORD/ECOSPORT FSL1.6FLEX/ECOSPORT FSL1.6FLEX";2012;"Passageiro";"Ileso";16;"Masculino";1;0;0;0;-20,352752;-40,41464;"SPRF-ES";"DEL01-ES";"UOP01-DEL01-ES"
742446;1662644;2025-12-29;"segunda-feira";"20:15:00";"ES";101;298;"VIANA";"N�o";"Condutor deixou de manter dist�ncia do ve�culo da frente";3;"Queda de ocupante de ve�culo";"Com V�timas Feridas";"Plena Noite";"Decrescente";"C�u Claro";"Simples";"Reta";"Sim";1325725;"Camioneta";"FORD/ECOSPORT FSL1.6FLEX/ECOSPORT FSL1.6FLEX";2012;"Condutor";"Ileso";33;"Masculino";1;0;0;0;-20,352752;-40,41464;"SPRF-ES";"DEL01-ES";"UOP01-DEL01-ES"
742446;1662633;2025-12-29;"segunda-feira";"20:15:00";"ES";101;298;"VIANA";"N�o";"Condutor deixou de manter dist�ncia do ve�culo da frente";3;"Queda de ocupante de ve�culo";"Com V�timas Feridas";"Plena Noite";"Decrescente";"C�u Claro";"Simples";"Reta";"Sim";1325720;"Motocicleta";"HONDA/CG 125 FAN/CG 125 FAN";2007;"Condutor";"Les�es Leves";46;"Masculino";0;1;0;0;-20,352752;-40,41464;"SPRF-ES";"DEL01-ES";"UOP01-DEL01-ES"
742446;1662645;2025-12-29;"segunda-feira";"20:15:00";"ES";101;298;"VIANA";"N�o";"Condutor deixou de manter dist�ncia do ve�culo da frente";2;"Tombamento";"Com V�timas Feridas";"Plena Noite";"Decrescente";"C�u Claro";"Simples";"Reta";"Sim";1325725;"Camioneta";"FORD/ECOSPORT FSL1.6FLEX/ECOSPORT FSL1.6FLEX";2012;"Passageiro";"Ileso";16;"Masculino";1;0;0;0;-20,352752;-40,41464;"SPRF-ES";"DEL01-ES";"UOP01-DEL01-ES"
742446;1662644;2025-12-29;"segunda-feira";"20:15:00";"ES";101;298;"VIANA";"N�o";"Condutor deixou de manter dist�ncia do ve�culo da frente";2;"Tombamento";"Com V�timas Feridas";"Plena Noite";"Decrescente";"C�u Claro";"Simples";"Reta";"Sim";1325725;"Camioneta";"FORD/ECOSPORT FSL1.6FLEX/ECOSPORT FSL1.6FLEX";2012;"Condutor";"Ileso";33;"Masculino";1;0;0;0;-20,352752;-40,41464;"SPRF-ES";"DEL01-ES";"UOP01-DEL01-ES"
742446;1662633;2025-12-29;"segunda-feira";"20:15:00";"ES";101;298;"VIANA";"N�o";"Condutor deixou de manter dist�ncia do ve�culo da frente";2;"Tombamento";"Com V�timas Feridas";"Plena Noite";"Decrescente";"C�u Claro";"Simples";"Reta";"Sim";1325720;"Motocicleta";"HONDA/CG 125 FAN/CG 125 FAN";2007;"Condutor";"Les�es Leves";46;"Masculino";0;1;0;0;-20,352752;-40,41464;"SPRF-ES";"DEL01-ES";"UOP01-DEL01-ES"
742446;1662645;2025-12-29;"segunda-feira";"20:15:00";"ES";101;298;"VIANA";"N�o";"Condutor deixou de manter dist�ncia do ve�culo da frente";1;"Colis�o traseira";"Com V�timas Feridas";"Plena Noite";"Decrescente";"C�u Claro";"Simples";"Reta";"Sim";1325725;"Camioneta";"FORD/ECOSPORT FSL1.6FLEX/ECOSPORT FSL1.6FLEX";2012;"Passageiro";"Ileso";16;"Masculino";1;0;0;0;-20,352752;-40,41464;"SPRF-ES";"DEL01-ES";"UOP01-DEL01-ES"
742446;1662644;2025-12-29;"segunda-feira";"20:15:00";"ES";101;298;"VIANA";"N�o";"Condutor deixou de manter dist�ncia do ve�culo da frente";1;"Colis�o traseira";"Com V�timas Feridas";"Plena Noite";"Decrescente";"C�u Claro";"Simples";"Reta";"Sim";1325725;"Camioneta";"FORD/ECOSPORT FSL1.6FLEX/ECOSPORT FSL1.6FLEX";2012;"Condutor";"Ileso";33;"Masculino";1;0;0;0;-20,352752;-40,41464;"SPRF-ES";"DEL01-ES";"UOP01-DEL01-ES"
742446;1662633;2025-12-29;"segunda-feira";"20:15:00";"ES";101;298;"VIANA";"N�o";"Condutor deixou de manter dist�ncia do ve�culo da frente";1;"Colis�o traseira";"Com V�timas Feridas";"Plena Noite";"Decrescente";"C�u Claro";"Simples";"Reta";"Sim";1325720;"Motocicleta";"HONDA/CG 125 FAN/CG 125 FAN";2007;"Condutor";"Les�es Leves";46;"Masculino";0;1;0;0;-20,352752;-40,41464;"SPRF-ES";"DEL01-ES";"UOP01-DEL01-ES"
742446;1662645;2025-12-29;"segunda-feira";"20:15:00";"ES";101;298;"VIANA";"Sim";"Aus�ncia de rea��o do condutor";3;"Queda de ocupante de ve�culo";"Com V�timas Feridas";"Plena Noite";"Decrescente";"C�u Claro";"Simples";"Reta";"Sim";1325725;"Camioneta";"FORD/ECOSPORT FSL1.6FLEX/ECOSPORT FSL1.6FLEX";2012;"Passageiro";"Ileso";16;"Masculino";1;0;0;0;-20,352752;-40,41464;"SPRF-ES";"DEL01-ES";"UOP01-DEL01-ES"
742446;1662644;2025-12-29;"segunda-feira";"20:15:00";"ES";101;298;"VIANA";"Sim";"Aus�ncia de rea��o do condutor";3;"Queda de ocupante de ve�culo";"Com V�timas Feridas";"Plena Noite";"Decrescente";"C�u Claro";"Simples";"Reta";"Sim";1325725;"Camioneta";"FORD/ECOSPORT FSL1.6FLEX/ECOSPORT FSL1.6FLEX";2012;"Condutor";"Ileso";33;"Masculino";1;0;0;0;-20,352752;-40,41464;"SPRF-ES";"DEL01-ES";"UOP01-DEL01-ES"
742446;1662633;2025-12-29;"segunda-feira";"20:15:00";"ES";101;298;"VIANA";"Sim";"Aus�ncia de rea��o do condutor";3;"Queda de ocupante de ve�culo";"Com V�timas Feridas";"Plena Noite";"Decrescente";"C�u Claro";"Simples";"Reta";"Sim";1325720;"Motocicleta";"HONDA/CG 125 FAN/CG 125 FAN";2007;"Condutor";"Les�es Leves";46;"Masculino";0;1;0;0;-20,352752;-40,41464;"SPRF-ES";"DEL01-ES";"UOP01-DEL01-ES"
742446;1662645;2025-12-29;"segunda-feira";"20:15:00";"ES";101;298;"VIANA";"Sim";"Aus�ncia de rea��o do condutor";2;"Tombamento";"Com V�timas Feridas";"Plena Noite";"Decrescente";"C�u Claro";"Simples";"Reta";"Sim";1325725;"Camioneta";"FORD/ECOSPORT FSL1.6FLEX/ECOSPORT FSL1.6FLEX";2012;"Passageiro";"Ileso";16;"Masculino";1;0;0;0;-20,352752;-40,41464;"SPRF-ES";"DEL01-ES";"UOP01-DEL01-ES"
742446;1662644;2025-12-29;"segunda-feira";"20:15:00";"ES";101;298;"VIANA";"Sim";"Aus�ncia de rea��o do condutor";2;"Tombamento";"Com V�timas Feridas";"Plena Noite";"Decrescente";"C�u Claro";"Simples";"Reta";"Sim";1325725;"Camioneta";"FORD/ECOSPORT FSL1.6FLEX/ECOSPORT FSL1.6FLEX";2012;"Condutor";"Ileso";33;"Masculino";1;0;0;0;-20,352752;-40,41464;"SPRF-ES";"DEL01-ES";"UOP01-DEL01-ES"
742446;1662633;2025-12-29;"segunda-feira";"20:15:00";"ES";101;298;"VIANA";"Sim";"Aus�ncia de rea��o do condutor";2;"Tombamento";"Com V�timas Feridas";"Plena Noite";"Decrescente";"C�u Claro";"Simples";"Reta";"Sim";1325720;"Motocicleta";"HONDA/CG 125 FAN/CG 125 FAN";2007;"Condutor";"Les�es Leves";46;"Masculino";0;1;0;0;-20,352752;-40,41464;"SPRF-ES";"DEL01-ES";"UOP01-DEL01-ES"
742446;1662645;2025-12-29;"segunda-feira";"20:15:00";"ES";101;298;"VIANA";"Sim";"Aus�ncia de rea��o do condutor";1;"Colis�o traseira";"Com V�timas Feridas";"Plena Noite";"Decrescente";"C�u Claro";"Simples";"Reta";"Sim";1325725;"Camioneta";"FORD/ECOSPORT FSL1.6FLEX/ECOSPORT FSL1.6FLEX";2012;"Passageiro";"Ileso";16;"Masculino";1;0;0;0;-20,352752;-40,41464;"SPRF-ES";"DEL01-ES";"UOP01-DEL01-ES"
742446;1662644;2025-12-29;"segunda-feira";"20:15:00";"ES";101;298;"VIANA";"Sim";"Aus�ncia de rea��o do condutor";1;"Colis�o traseira";"Com V�timas Feridas";"Plena Noite";"Decrescente";"C�u Claro";"Simples";"Reta";"Sim";1325725;"Camioneta";"FORD/ECOSPORT FSL1.6FLEX/ECOSPORT FSL1.6FLEX";2012;"Condutor";"Ileso";33;"Masculino";1;0;0;0;-20,352752;-40,41464;"SPRF-ES";"DEL01-ES";"UOP01-DEL01-ES"
742446;1662633;2025-12-29;"segunda-feira";"20:15:00";"ES";101;298;"VIANA";"Sim";"Aus�ncia de rea��o do condutor";1;"Colis�o traseira";"Com V�timas Feridas";"Plena Noite";"Decrescente";"C�u Claro";"Simples";"Reta";"Sim";1325720;"Motocicleta";"HONDA/CG 125 FAN/CG 125 FAN";2007;"Condutor";"Les�es Leves";46;"Masculino";0;1;0;0;-20,352752;-40,41464;"SPRF-ES";"DEL01-ES";"UOP01-DEL01-ES"
742447;1662620;2025-12-29;"segunda-feira";"20:00:00";"MG";381;743,5;"TRES CORACOES";"Sim";"Aus�ncia de rea��o do condutor";1;"Sa�da de leito carro��vel";"Com V�timas Feridas";"Plena Noite";"Decrescente";"C�u Claro";"Dupla";"Reta";"N�o";1325712;"Autom�vel";"CHEV/ONIX JOY/ONIX JOY";2019;"Condutor";"Ileso";47;"Masculino";1;0;0;0;-21,6038;-45,23973;"SPRF-MG";"DEL16-MG";"UOP02-DEL16-MG"
742447;1662621;2025-12-29;"segunda-feira";"20:00:00";"MG";381;743,5;"TRES CORACOES";"Sim";"Aus�ncia de rea��o do condutor";1;"Sa�da de leito carro��vel";"Com V�timas Feridas";"Plena Noite";"Decrescente";"C�u Claro";"Dupla";"Reta";"N�o";1325712;"Autom�vel";"CHEV/ONIX JOY/ONIX JOY";2019;"Passageiro";"Les�es Leves";51;"Feminino";0;1;0;0;-21,6038;-45,23973;"SPRF-MG";"DEL16-MG";"UOP02-DEL16-MG"
742448;1662611;2025-12-29;"segunda-feira";"17:15:00";"MG";267;64,5;"BICAS";"Sim";"Rea��o tardia ou ineficiente do condutor";1;"Sa�da de leito carro��vel";"Com V�timas Feridas";"Pleno dia";"Decrescente";"Chuva";"Simples";"Curva";"N�o";1325706;"Micro-�nibus";"RENAULT/M REVESCAP L3H2/M REVESCAP L3H2";2018;"Condutor";"Les�es Leves";59;"Masculino";0;1;0;0;-21,741503;-43,106136;"SPRF-MG";"DEL05-MG";"UOP01-DEL05-MG"
742448;1663320;2025-12-29;"segunda-feira";"17:15:00";"MG";267;64,5;"BICAS";"Sim";"Rea��o tardia ou ineficiente do condutor";1;"Sa�da de leito carro��vel";"Com V�timas Feridas";"Pleno dia";"Decrescente";"Chuva";"Simples";"Curva";"N�o";1325706;"Micro-�nibus";"RENAULT/M REVESCAP L3H2/M REVESCAP L3H2";2018;"Passageiro";"Les�es Leves";61;"Masculino";0;1;0;0;-21,741503;-43,106136;"SPRF-MG";"DEL05-MG";"UOP01-DEL05-MG"
742448;1663316;2025-12-29;"segunda-feira";"17:15:00";"MG";267;64,5;"BICAS";"Sim";"Rea��o tardia ou ineficiente do condutor";1;"Sa�da de leito carro��vel";"Com V�timas Feridas";"Pleno dia";"Decrescente";"Chuva";"Simples";"Curva";"N�o";1325706;"Micro-�nibus";"RENAULT/M REVESCAP L3H2/M REVESCAP L3H2";2018;"Passageiro";"Les�es Leves";52;"Masculino";0;1;0;0;-21,741503;-43,106136;"SPRF-MG";"DEL05-MG";"UOP01-DEL05-MG"
742448;1663315;2025-12-29;"segunda-feira";"17:15:00";"MG";267;64,5;"BICAS";"Sim";"Rea��o tardia ou ineficiente do condutor";1;"Sa�da de leito carro��vel";"Com V�timas Feridas";"Pleno dia";"Decrescente";"Chuva";"Simples";"Curva";"N�o";1325706;"Micro-�nibus";"RENAULT/M REVESCAP L3H2/M REVESCAP L3H2";2018;"Passageiro";"Les�es Leves";56;"Masculino";0;1;0;0;-21,741503;-43,106136;"SPRF-MG";"DEL05-MG";"UOP01-DEL05-MG"
742448;1663313;2025-12-29;"segunda-feira";"17:15:00";"MG";267;64,5;"BICAS";"Sim";"Rea��o tardia ou ineficiente do condutor";1;"Sa�da de leito carro��vel";"Com V�timas Feridas";"Pleno dia";"Decrescente";"Chuva";"Simples";"Curva";"N�o";1325706;"Micro-�nibus";"RENAULT/M REVESCAP L3H2/M REVESCAP L3H2";2018;"Passageiro";"Les�es Leves";41;"Feminino";0;1;0;0;-21,741503;-43,106136;"SPRF-MG";"DEL05-MG";"UOP01-DEL05-MG"
742448;1663312;2025-12-29;"segunda-feira";"17:15:00";"MG";267;64,5;"BICAS";"Sim";"Rea��o tardia ou ineficiente do condutor";1;"Sa�da de leito carro��vel";"Com V�timas Feridas";"Pleno dia";"Decrescente";"Chuva";"Simples";"Curva";"N�o";1325706;"Micro-�nibus";"RENAULT/M REVESCAP L3H2/M REVESCAP L3H2";2018;"Passageiro";"Les�es Leves";62;"Masculino";0;1;0;0;-21,741503;-43,106136;"SPRF-MG";"DEL05-MG";"UOP01-DEL05-MG"
742448;1662612;2025-12-29;"segunda-feira";"17:15:00";"MG";267;64,5;"BICAS";"Sim";"Rea��o tardia ou ineficiente do condutor";1;"Sa�da de leito carro��vel";"Com V�timas Feridas";"Pleno dia";"Decrescente";"Chuva";"Simples";"Curva";"N�o";1325706;"Micro-�nibus";"RENAULT/M REVESCAP L3H2/M REVESCAP L3H2";2018;"Passageiro";"Les�es Leves";39;"Feminino";0;1;0;0;-21,741503;-43,106136;"SPRF-MG";"DEL05-MG";"UOP01-DEL05-MG"
742448;1662611;2025-12-29;"segunda-feira";"17:15:00";"MG";267;64,5;"BICAS";"Sim";"Rea��o tardia ou ineficiente do condutor";2;"Tombamento";"Com V�timas Feridas";"Pleno dia";"Decrescente";"Chuva";"Simples";"Curva";"N�o";1325706;"Micro-�nibus";"RENAULT/M REVESCAP L3H2/M REVESCAP L3H2";2018;"Condutor";"Les�es Leves";59;"Masculino";0;1;0;0;-21,741503;-43,106136;"SPRF-MG";"DEL05-MG";"UOP01-DEL05-MG"
742448;1663320;2025-12-29;"segunda-feira";"17:15:00";"MG";267;64,5;"BICAS";"Sim";"Rea��o tardia ou ineficiente do condutor";2;"Tombamento";"Com V�timas Feridas";"Pleno dia";"Decrescente";"Chuva";"Simples";"Curva";"N�o";1325706;"Micro-�nibus";"RENAULT/M REVESCAP L3H2/M REVESCAP L3H2";2018;"Passageiro";"Les�es Leves";61;"Masculino";0;1;0;0;-21,741503;-43,106136;"SPRF-MG";"DEL05-MG";"UOP01-DEL05-MG"
742448;1663316;2025-12-29;"segunda-feira";"17:15:00";"MG";267;64,5;"BICAS";"Sim";"Rea��o tardia ou ineficiente do condutor";2;"Tombamento";"Com V�timas Feridas";"Pleno dia";"Decrescente";"Chuva";"Simples";"Curva";"N�o";1325706;"Micro-�nibus";"RENAULT/M REVESCAP L3H2/M REVESCAP L3H2";2018;"Passageiro";"Les�es Leves";52;"Masculino";0;1;0;0;-21,741503;-43,106136;"SPRF-MG";"DEL05-MG";"UOP01-DEL05-MG"
742448;1663315;2025-12-29;"segunda-feira";"17:15:00";"MG";267;64,5;"BICAS";"Sim";"Rea��o tardia ou ineficiente do condutor";2;"Tombamento";"Com V�timas Feridas";"Pleno dia";"Decrescente";"Chuva";"Simples";"Curva";"N�o";1325706;"Micro-�nibus";"RENAULT/M REVESCAP L3H2/M REVESCAP L3H2";2018;"Passageiro";"Les�es Leves";56;"Masculino";0;1;0;0;-21,741503;-43,106136;"SPRF-MG";"DEL05-MG";"UOP01-DEL05-MG"
742448;1663313;2025-12-29;"segunda-feira";"17:15:00";"MG";267;64,5;"BICAS";"Sim";"Rea��o tardia ou ineficiente do condutor";2;"Tombamento";"Com V�timas Feridas";"Pleno dia";"Decrescente";"Chuva";"Simples";"Curva";"N�o";1325706;"Micro-�nibus";"RENAULT/M REVESCAP L3H2/M REVESCAP L3H2";2018;"Passageiro";"Les�es Leves";41;"Feminino";0;1;0;0;-21,741503;-43,106136;"SPRF-MG";"DEL05-MG";"UOP01-DEL05-MG"
742448;1663312;2025-12-29;"segunda-feira";"17:15:00";"MG";267;64,5;"BICAS";"Sim";"Rea��o tardia ou ineficiente do condutor";2;"Tombamento";"Com V�timas Feridas";"Pleno dia";"Decrescente";"Chuva";"Simples";"Curva";"N�o";1325706;"Micro-�nibus";"RENAULT/M REVESCAP L3H2/M REVESCAP L3H2";2018;"Passageiro";"Les�es Leves";62;"Masculino";0;1;0;0;-21,741503;-43,106136;"SPRF-MG";"DEL05-MG";"UOP01-DEL05-MG"
742448;1662612;2025-12-29;"segunda-feira";"17:15:00";"MG";267;64,5;"BICAS";"Sim";"Rea��o tardia ou ineficiente do condutor";2;"Tombamento";"Com V�timas Feridas";"Pleno dia";"Decrescente";"Chuva";"Simples";"Curva";"N�o";1325706;"Micro-�nibus";"RENAULT/M REVESCAP L3H2/M REVESCAP L3H2";2018;"Passageiro";"Les�es Leves";39;"Feminino";0;1;0;0;-21,741503;-43,106136;"SPRF-MG";"DEL05-MG";"UOP01-DEL05-MG"
742449;1662598;2025-12-29;"segunda-feira";"16:20:00";"BA";116;593;"IRAJUBA";"N�o";"Falta de acostamento";1;"Colis�o lateral sentido oposto";"Sem V�timas";"Pleno dia";"Crescente";"C�u Claro";"Simples";"Reta;Aclive";"N�o";1325694;"Caminhonete";"I/TOYOTA HILUX CDLOWM4FD/TOYOTA HILUX CDLOWM4FD";2024;"Condutor";"Ileso";33;"Masculino";1;0;0;0;-13,29875707;-40,02319336;"SPRF-BA";"DEL03-BA";"UOP02-DEL03-BA"
742449;NA;2025-12-29;"segunda-feira";"16:20:00";"BA";116;593;"IRAJUBA";"N�o";"Falta de acostamento";1;"Colis�o lateral sentido oposto";"Sem V�timas";"Pleno dia";"Crescente";"C�u Claro";"Simples";"Reta;Aclive";"N�o";1326948;"Semireboque";"SR/RODOFORTSA SRPL 2E/RODOFORTSA SRPL 2E";2021;NA;NA;NA;NA;NA;NA;NA;NA;-13,29875707;-40,02319336;"SPRF-BA";"DEL03-BA";"UOP02-DEL03-BA"
742449;NA;2025-12-29;"segunda-feira";"16:20:00";"BA";116;593;"IRAJUBA";"N�o";"Falta de acostamento";1;"Colis�o lateral sentido oposto";"Sem V�timas";"Pleno dia";"Crescente";"C�u Claro";"Simples";"Reta;Aclive";"N�o";1326944;"Semireboque";"SR/RODOFORT DOLLY 2E/RODOFORT DOLLY 2E";2021;NA;NA;NA;NA;NA;NA;NA;NA;-13,29875707;-40,02319336;"SPRF-BA";"DEL03-BA";"UOP02-DEL03-BA"
742449;NA;2025-12-29;"segunda-feira";"16:20:00";"BA";116;593;"IRAJUBA";"N�o";"Falta de acostamento";1;"Colis�o lateral sentido oposto";"Sem V�timas";"Pleno dia";"Crescente";"C�u Claro";"Simples";"Reta;Aclive";"N�o";1326943;"Semireboque";"SR/RODOFORTSA SRPL 2E/RODOFORTSA SRPL 2E";2021;NA;NA;NA;NA;NA;NA;NA;NA;-13,29875707;-40,02319336;"SPRF-BA";"DEL03-BA";"UOP02-DEL03-BA"
742449;1662586;2025-12-29;"segunda-feira";"16:20:00";"BA";116;593;"IRAJUBA";"N�o";"Falta de acostamento";1;"Colis�o lateral sentido oposto";"Sem V�timas";"Pleno dia";"Crescente";"C�u Claro";"Simples";"Reta;Aclive";"N�o";1325693;"Caminh�o-trator";"VW/29.530 MTM 6X4/29.530 MTM 6X4";2024;"Condutor";"Ileso";29;"Masculino";1;0;0;0;-13,29875707;-40,02319336;"SPRF-BA";"DEL03-BA";"UOP02-DEL03-BA"
742449;NA;2025-12-29;"segunda-feira";"16:20:00";"BA";116;593;"IRAJUBA";"N�o";"Falta de acostamento";1;"Colis�o lateral sentido oposto";"Sem V�timas";"Pleno dia";"Crescente";"C�u Claro";"Simples";"Reta;Aclive";"N�o";1326935;"Semireboque";"SR/RANDON SRFG CG/RANDON SRFG CG";2015;NA;NA;NA;NA;NA;NA;NA;NA;-13,29875707;-40,02319336;"SPRF-BA";"DEL03-BA";"UOP02-DEL03-BA"
742449;NA;2025-12-29;"segunda-feira";"16:20:00";"BA";116;593;"IRAJUBA";"N�o";"Falta de acostamento";1;"Colis�o lateral sentido oposto";"Sem V�timas";"Pleno dia";"Crescente";"C�u Claro";"Simples";"Reta;Aclive";"N�o";1326934;"Semireboque";"SR/RANDON SRFG CG/RANDON SRFG CG";2015;NA;NA;NA;NA;NA;NA;NA;NA;-13,29875707;-40,02319336;"SPRF-BA";"DEL03-BA";"UOP02-DEL03-BA"
742449;1662597;2025-12-29;"segunda-feira";"16:20:00";"BA";116;593;"IRAJUBA";"N�o";"Falta de acostamento";1;"Colis�o lateral sentido oposto";"Sem V�timas";"Pleno dia";"Crescente";"C�u Claro";"Simples";"Reta;Aclive";"N�o";1325692;"Caminh�o-trator";"VOLVO/FH 540 6X4T/FH 540 6X4T";2013;"Condutor";"Ileso";57;"Masculino";1;0;0;0;-13,29875707;-40,02319336;"SPRF-BA";"DEL03-BA";"UOP02-DEL03-BA"
742449;1662598;2025-12-29;"segunda-feira";"16:20:00";"BA";116;593;"IRAJUBA";"N�o";"Falta de acostamento";2;"Colis�o com objeto";"Sem V�timas";"Pleno dia";"Crescente";"C�u Claro";"Simples";"Reta;Aclive";"N�o";1325694;"Caminhonete";"I/TOYOTA HILUX CDLOWM4FD/TOYOTA HILUX CDLOWM4FD";2024;"Condutor";"Ileso";33;"Masculino";1;0;0;0;-13,29875707;-40,02319336;"SPRF-BA";"DEL03-BA";"UOP02-DEL03-BA"
742449;NA;2025-12-29;"segunda-feira";"16:20:00";"BA";116;593;"IRAJUBA";"N�o";"Falta de acostamento";2;"Colis�o com objeto";"Sem V�timas";"Pleno dia";"Crescente";"C�u Claro";"Simples";"Reta;Aclive";"N�o";1326948;"Semireboque";"SR/RODOFORTSA SRPL 2E/RODOFORTSA SRPL 2E";2021;NA;NA;NA;NA;NA;NA;NA;NA;-13,29875707;-40,02319336;"SPRF-BA";"DEL03-BA";"UOP02-DEL03-BA"
742449;NA;2025-12-29;"segunda-feira";"16:20:00";"BA";116;593;"IRAJUBA";"N�o";"Falta de acostamento";2;"Colis�o com objeto";"Sem V�timas";"Pleno dia";"Crescente";"C�u Claro";"Simples";"Reta;Aclive";"N�o";1326944;"Semireboque";"SR/RODOFORT DOLLY 2E/RODOFORT DOLLY 2E";2021;NA;NA;NA;NA;NA;NA;NA;NA;-13,29875707;-40,02319336;"SPRF-BA";"DEL03-BA";"UOP02-DEL03-BA"
742449;NA;2025-12-29;"segunda-feira";"16:20:00";"BA";116;593;"IRAJUBA";"N�o";"Falta de acostamento";2;"Colis�o com objeto";"Sem V�timas";"Pleno dia";"Crescente";"C�u Claro";"Simples";"Reta;Aclive";"N�o";1326943;"Semireboque";"SR/RODOFORTSA SRPL 2E/RODOFORTSA SRPL 2E";2021;NA;NA;NA;NA;NA;NA;NA;NA;-13,29875707;-40,02319336;"SPRF-BA";"DEL03-BA";"UOP02-DEL03-BA"
742449;1662586;2025-12-29;"segunda-feira";"16:20:00";"BA";116;593;"IRAJUBA";"N�o";"Falta de acostamento";2;"Colis�o com objeto";"Sem V�timas";"Pleno dia";"Crescente";"C�u Claro";"Simples";"Reta;Aclive";"N�o";1325693;"Caminh�o-trator";"VW/29.530 MTM 6X4/29.530 MTM 6X4";2024;"Condutor";"Ileso";29;"Masculino";1;0;0;0;-13,29875707;-40,02319336;"SPRF-BA";"DEL03-BA";"UOP02-DEL03-BA"
742449;NA;2025-12-29;"segunda-feira";"16:20:00";"BA";116;593;"IRAJUBA";"N�o";"Falta de acostamento";2;"Colis�o com objeto";"Sem V�timas";"Pleno dia";"Crescente";"C�u Claro";"Simples";"Reta;Aclive";"N�o";1326935;"Semireboque";"SR/RANDON SRFG CG/RANDON SRFG CG";2015;NA;NA;NA;NA;NA;NA;NA;NA;-13,29875707;-40,02319336;"SPRF-BA";"DEL03-BA";"UOP02-DEL03-BA"
742449;NA;2025-12-29;"segunda-feira";"16:20:00";"BA";116;593;"IRAJUBA";"N�o";"Falta de acostamento";2;"Colis�o com objeto";"Sem V�timas";"Pleno dia";"Crescente";"C�u Claro";"Simples";"Reta;Aclive";"N�o";1326934;"Semireboque";"SR/RANDON SRFG CG/RANDON SRFG CG";2015;NA;NA;NA;NA;NA;NA;NA;NA;-13,29875707;-40,02319336;"SPRF-BA";"DEL03-BA";"UOP02-DEL03-BA"