"id";"pesid";"data_inversa";"dia_semana";"horario";"uf";"br";"km";"municipio";"causa_principal";"causa_acidente";"ordem_tipo_acidente";"tipo_acidente";"classificacao_acidente";"fase_dia";"sentido_via";"condicao_metereologica";"tipo_pista";"tracado_via";"uso_solo";"id_veiculo";"tipo_veiculo";"marca";"ano_fabricacao_veiculo";"tipo_envolvido";"estado_fisico";"idade";"sexo";"ilesos";"feridos_leves";"feridos_graves";"mortos";"latitude";"longitude";"regional";"delegacia";"uop"
742449;1662597;2025-12-29;"segunda-feira";"16:20:00";"BA";116;593;"IRAJUBA";"N�o";"Falta de acostamento";2;"Colis�o com objeto";"Sem V�timas";"Pleno dia";"Crescente";"C�u Claro";"Simples";"Reta;Aclive";"N�o";1325692;"Caminh�o-trator";"VOLVO/FH 540 6X4T/FH 540 6X4T";2013;"Condutor";"Ileso";57;"Masculino";1;0;0;0;-13,29875707;-40,02319336;"SPRF-BA";"DEL03-BA";"UOP02-DEL03-BA"
742449;1662598;2025-12-29;"segunda-feira";"16:20:00";"BA";116;593;"IRAJUBA";"N�o";"Aus�ncia de rea��o do condutor";1;"Colis�o lateral sentido oposto";"Sem V�timas";"Pleno dia";"Crescente";"C�u Claro";"Simples";"Reta;Aclive";"N�o";1325694;"Caminhonete";"I/TOYOTA HILUX CDLOWM4FD/TOYOTA HILUX CDLOWM4FD";2024;"Condutor";"Ileso";33;"Masculino";1;0;0;0;-13,29875707;-40,02319336;"SPRF-BA";"DEL03-BA";"UOP02-DEL03-BA"
742449;NA;2025-12-29;"segunda-feira";"16:20:00";"BA";116;593;"IRAJUBA";"N�o";"Aus�ncia de rea��o do condutor";1;"Colis�o lateral sentido oposto";"Sem V�timas";"Pleno dia";"Crescente";"C�u Claro";"Simples";"Reta;Aclive";"N�o";1326948;"Semireboque";"SR/RODOFORTSA SRPL 2E/RODOFORTSA SRPL 2E";2021;NA;NA;NA;NA;NA;NA;NA;NA;-13,29875707;-40,02319336;"SPRF-BA";"DEL03-BA";"UOP02-DEL03-BA"
742449;NA;2025-12-29;"segunda-feira";"16:20:00";"BA";116;593;"IRAJUBA";"N�o";"Aus�ncia de rea��o do condutor";1;"Colis�o lateral sentido oposto";"Sem V�timas";"Pleno dia";"Crescente";"C�u Claro";"Simples";"Reta;Aclive";"N�o";1326944;"Semireboque";"SR/RODOFORT DOLLY 2E/RODOFORT DOLLY 2E";2021;NA;NA;NA;NA;NA;NA;NA;NA;-13,29875707;-40,02319336;"SPRF-BA";"DEL03-BA";"UOP02-DEL03-BA"
742449;NA;2025-12-29;"segunda-feira";"16:20:00";"BA";116;593;"IRAJUBA";"N�o";"Aus�ncia de rea��o do condutor";1;"Colis�o lateral sentido oposto";"Sem V�timas";"Pleno dia";"Crescente";"C�u Claro";"Simples";"Reta;Aclive";"N�o";1326943;"Semireboque";"SR/RODOFORTSA SRPL 2E/RODOFORTSA SRPL 2E";2021;NA;NA;NA;NA;NA;NA;NA;NA;-13,29875707;-40,02319336;"SPRF-BA";"DEL03-BA";"UOP02-DEL03-BA"
742449;1662586;2025-12-29;"segunda-feira";"16:20:00";"BA";116;593;"IRAJUBA";"N�o";"Aus�ncia de rea��o do condutor";1;"Colis�o lateral sentido oposto";"Sem V�timas";"Pleno dia";"Crescente";"C�u Claro";"Simples";"Reta;Aclive";"N�o";1325693;"Caminh�o-trator";"VW/29.530 MTM 6X4/29.530 MTM 6X4";2024;"Condutor";"Ileso";29;"Masculino";1;0;0;0;-13,29875707;-40,02319336;"SPRF-BA";"DEL03-BA";"UOP02-DEL03-BA"
742449;NA;2025-12-29;"segunda-feira";"16:20:00";"BA";116;593;"IRAJUBA";"N�o";"Aus�ncia de rea��o do condutor";1;"Colis�o lateral sentido oposto";"Sem V�timas";"Pleno dia";"Crescente";"C�u Claro";"Simples";"Reta;Aclive";"N�o";1326935;"Semireboque";"SR/RANDON SRFG CG/RANDON SRFG CG";2015;NA;NA;NA;NA;NA;NA;NA;NA;-13,29875707;-40,02319336;"SPRF-BA";"DEL03-BA";"UOP02-DEL03-BA"
742449;NA;2025-12-29;"segunda-feira";"16:20:00";"BA";116;593;"IRAJUBA";"N�o";"Aus�ncia de rea��o do condutor";1;"Colis�o lateral sentido oposto";"Sem V�timas";"Pleno dia";"Crescente";"C�u Claro";"Simples";"Reta;Aclive";"N�o";1326934;"Semireboque";"SR/RANDON SRFG CG/RANDON SRFG CG";2015;NA;NA;NA;NA;NA;NA;NA;NA;-13,29875707;-40,02319336;"SPRF-BA";"DEL03-BA";"UOP02-DEL03-BA"
742449;1662597;2025-12-29;"segunda-feira";"16:20:00";"BA";116;593;"IRAJUBA";"N�o";"Aus�ncia de rea��o do condutor";1;"Colis�o lateral sentido oposto";"Sem V�timas";"Pleno dia";"Crescente";"C�u Claro";"Simples";"Reta;Aclive";"N�o";1325692;"Caminh�o-trator";"VOLVO/FH 540 6X4T/FH 540 6X4T";2013;"Condutor";"Ileso";57;"Masculino";1;0;0;0;-13,29875707;-40,02319336;"SPRF-BA";"DEL03-BA";"UOP02-DEL03-BA"
742449;1662598;2025-12-29;"segunda-feira";"16:20:00";"BA";116;593;"IRAJUBA";"N�o";"Aus�ncia de rea��o do condutor";2;"Colis�o com objeto";"Sem V�timas";"Pleno dia";"Crescente";"C�u Claro";"Simples";"Reta;Aclive";"N�o";1325694;"Caminhonete";"I/TOYOTA HILUX CDLOWM4FD/TOYOTA HILUX CDLOWM4FD";2024;"Condutor";"Ileso";33;"Masculino";1;0;0;0;-13,29875707;-40,02319336;"SPRF-BA";"DEL03-BA";"UOP02-DEL03-BA"
742449;NA;2025-12-29;"segunda-feira";"16:20:00";"BA";116;593;"IRAJUBA";"N�o";"Aus�ncia de rea��o do condutor";2;"Colis�o com objeto";"Sem V�timas";"Pleno dia";"Crescente";"C�u Claro";"Simples";"Reta;Aclive";"N�o";1326948;"Semireboque";"SR/RODOFORTSA SRPL 2E/RODOFORTSA SRPL 2E";2021;NA;NA;NA;NA;NA;NA;NA;NA;-13,29875707;-40,02319336;"SPRF-BA";"DEL03-BA";"UOP02-DEL03-BA"
742449;NA;2025-12-29;"segunda-feira";"16:20:00";"BA";116;593;"IRAJUBA";"N�o";"Aus�ncia de rea��o do condutor";2;"Colis�o com objeto";"Sem V�timas";"Pleno dia";"Crescente";"C�u Claro";"Simples";"Reta;Aclive";"N�o";1326944;"Semireboque";"SR/RODOFORT DOLLY 2E/RODOFORT DOLLY 2E";2021;NA;NA;NA;NA;NA;NA;NA;NA;-13,29875707;-40,02319336;"SPRF-BA";"DEL03-BA";"UOP02-DEL03-BA"
742449;NA;2025-12-29;"segunda-feira";"16:20:00";"BA";116;593;"IRAJUBA";"N�o";"Aus�ncia de rea��o do condutor";2;"Colis�o com objeto";"Sem V�timas";"Pleno dia";"Crescente";"C�u Claro";"Simples";"Reta;Aclive";"N�o";1326943;"Semireboque";"SR/RODOFORTSA SRPL 2E/RODOFORTSA SRPL 2E";2021;NA;NA;NA;NA;NA;NA;NA;NA;-13,29875707;-40,02319336;"SPRF-BA";"DEL03-BA";"UOP02-DEL03-BA"
742449;1662586;2025-12-29;"segunda-feira";"16:20:00";"BA";116;593;"IRAJUBA";"N�o";"Aus�ncia de rea��o do condutor";2;"Colis�o com objeto";"Sem V�timas";"Pleno dia";"Crescente";"C�u Claro";"Simples";"Reta;Aclive";"N�o";1325693;"Caminh�o-trator";"VW/29.530 MTM 6X4/29.530 MTM 6X4";2024;"Condutor";"Ileso";29;"Masculino";1;0;0;0;-13,29875707;-40,02319336;"SPRF-BA";"DEL03-BA";"UOP02-DEL03-BA"
742449;NA;2025-12-29;"segunda-feira";"16:20:00";"BA";116;593;"IRAJUBA";"N�o";"Aus�ncia de rea��o do condutor";2;"Colis�o com objeto";"Sem V�timas";"Pleno dia";"Crescente";"C�u Claro";"Simples";"Reta;Aclive";"N�o";1326935;"Semireboque";"SR/RANDON SRFG CG/RANDON SRFG CG";2015;NA;NA;NA;NA;NA;NA;NA;NA;-13,29875707;-40,02319336;"SPRF-BA";"DEL03-BA";"UOP02-DEL03-BA"
742449;NA;2025-12-29;"segunda-feira";"16:20:00";"BA";116;593;"IRAJUBA";"N�o";"Aus�ncia de rea��o do condutor";2;"Colis�o com objeto";"Sem V�timas";"Pleno dia";"Crescente";"C�u Claro";"Simples";"Reta;Aclive";"N�o";1326934;"Semireboque";"SR/RANDON SRFG CG/RANDON SRFG CG";2015;NA;NA;NA;NA;NA;NA;NA;NA;-13,29875707;-40,02319336;"SPRF-BA";"DEL03-BA";"UOP02-DEL03-BA"
742449;1662597;2025-12-29;"segunda-feira";"16:20:00";"BA";116;593;"IRAJUBA";"N�o";"Aus�ncia de rea��o do condutor";2;"Colis�o com objeto";"Sem V�timas";"Pleno dia";"Crescente";"C�u Claro";"Simples";"Reta;Aclive";"N�o";1325692;"Caminh�o-trator";"VOLVO/FH 540 6X4T/FH 540 6X4T";2013;"Condutor";"Ileso";57;"Masculino";1;0;0;0;-13,29875707;-40,02319336;"SPRF-BA";"DEL03-BA";"UOP02-DEL03-BA"
742449;1662598;2025-12-29;"segunda-feira";"16:20:00";"BA";116;593;"IRAJUBA";"Sim";"Demais falhas mec�nicas ou el�tricas";1;"Colis�o lateral sentido oposto";"Sem V�timas";"Pleno dia";"Crescente";"C�u Claro";"Simples";"Reta;Aclive";"N�o";1325694;"Caminhonete";"I/TOYOTA HILUX CDLOWM4FD/TOYOTA HILUX CDLOWM4FD";2024;"Condutor";"Ileso";33;"Masculino";1;0;0;0;-13,29875707;-40,02319336;"SPRF-BA";"DEL03-BA";"UOP02-DEL03-BA"
742449;NA;2025-12-29;"segunda-feira";"16:20:00";"BA";116;593;"IRAJUBA";"Sim";"Demais falhas mec�nicas ou el�tricas";1;"Colis�o lateral sentido oposto";"Sem V�timas";"Pleno dia";"Crescente";"C�u Claro";"Simples";"Reta;Aclive";"N�o";1326948;"Semireboque";"SR/RODOFORTSA SRPL 2E/RODOFORTSA SRPL 2E";2021;NA;NA;NA;NA;NA;NA;NA;NA;-13,29875707;-40,02319336;"SPRF-BA";"DEL03-BA";"UOP02-DEL03-BA"
742449;NA;2025-12-29;"segunda-feira";"16:20:00";"BA";116;593;"IRAJUBA";"Sim";"Demais falhas mec�nicas ou el�tricas";1;"Colis�o lateral sentido oposto";"Sem V�timas";"Pleno dia";"Crescente";"C�u Claro";"Simples";"Reta;Aclive";"N�o";1326944;"Semireboque";"SR/RODOFORT DOLLY 2E/RODOFORT DOLLY 2E";2021;NA;NA;NA;NA;NA;NA;NA;NA;-13,29875707;-40,02319336;"SPRF-BA";"DEL03-BA";"UOP02-DEL03-BA"
742449;NA;2025-12-29;"segunda-feira";"16:20:00";"BA";116;593;"IRAJUBA";"Sim";"Demais falhas mec�nicas ou el�tricas";1;"Colis�o lateral sentido oposto";"Sem V�timas";"Pleno dia";"Crescente";"C�u Claro";"Simples";"Reta;Aclive";"N�o";1326943;"Semireboque";"SR/RODOFORTSA SRPL 2E/RODOFORTSA SRPL 2E";2021;NA;NA;NA;NA;NA;NA;NA;NA;-13,29875707;-40,02319336;"SPRF-BA";"DEL03-BA";"UOP02-DEL03-BA"
742449;1662586;2025-12-29;"segunda-feira";"16:20:00";"BA";116;593;"IRAJUBA";"Sim";"Demais falhas mec�nicas ou el�tricas";1;"Colis�o lateral sentido oposto";"Sem V�timas";"Pleno dia";"Crescente";"C�u Claro";"Simples";"Reta;Aclive";"N�o";1325693;"Caminh�o-trator";"VW/29.530 MTM 6X4/29.530 MTM 6X4";2024;"Condutor";"Ileso";29;"Masculino";1;0;0;0;-13,29875707;-40,02319336;"SPRF-BA";"DEL03-BA";"UOP02-DEL03-BA"
742449;NA;2025-12-29;"segunda-feira";"16:20:00";"BA";116;593;"IRAJUBA";"Sim";"Demais falhas mec�nicas ou el�tricas";1;"Colis�o lateral sentido oposto";"Sem V�timas";"Pleno dia";"Crescente";"C�u Claro";"Simples";"Reta;Aclive";"N�o";1326935;"Semireboque";"SR/RANDON SRFG CG/RANDON SRFG CG";2015;NA;NA;NA;NA;NA;NA;NA;NA;-13,29875707;-40,02319336;"SPRF-BA";"DEL03-BA";"UOP02-DEL03-BA"
742449;NA;2025-12-29;"segunda-feira";"16:20:00";"BA";116;593;"IRAJUBA";"Sim";"Demais falhas mec�nicas ou el�tricas";1;"Colis�o lateral sentido oposto";"Sem V�timas";"Pleno dia";"Crescente";"C�u Claro";"Simples";"Reta;Aclive";"N�o";1326934;"Semireboque";"SR/RANDON SRFG CG/RANDON SRFG CG";2015;NA;NA;NA;NA;NA;NA;NA;NA;-13,29875707;-40,02319336;"SPRF-BA";"DEL03-BA";"UOP02-DEL03-BA"
742449;1662597;2025-12-29;"segunda-feira";"16:20:00";"BA";116;593;"IRAJUBA";"Sim";"Demais falhas mec�nicas ou el�tricas";1;"Colis�o lateral sentido oposto";"Sem V�timas";"Pleno dia";"Crescente";"C�u Claro";"Simples";"Reta;Aclive";"N�o";1325692;"Caminh�o-trator";"VOLVO/FH 540 6X4T/FH 540 6X4T";2013;"Condutor";"Ileso";57;"Masculino";1;0;0;0;-13,29875707;-40,02319336;"SPRF-BA";"DEL03-BA";"UOP02-DEL03-BA"
742449;1662598;2025-12-29;"segunda-feira";"16:20:00";"BA";116;593;"IRAJUBA";"Sim";"Demais falhas mec�nicas ou el�tricas";2;"Colis�o com objeto";"Sem V�timas";"Pleno dia";"Crescente";"C�u Claro";"Simples";"Reta;Aclive";"N�o";1325694;"Caminhonete";"I/TOYOTA HILUX CDLOWM4FD/TOYOTA HILUX CDLOWM4FD";2024;"Condutor";"Ileso";33;"Masculino";1;0;0;0;-13,29875707;-40,02319336;"SPRF-BA";"DEL03-BA";"UOP02-DEL03-BA"
742449;NA;2025-12-29;"segunda-feira";"16:20:00";"BA";116;593;"IRAJUBA";"Sim";"Demais falhas mec�nicas ou el�tricas";2;"Colis�o com objeto";"Sem V�timas";"Pleno dia";"Crescente";"C�u Claro";"Simples";"Reta;Aclive";"N�o";1326948;"Semireboque";"SR/RODOFORTSA SRPL 2E/RODOFORTSA SRPL 2E";2021;NA;NA;NA;NA;NA;NA;NA;NA;-13,29875707;-40,02319336;"SPRF-BA";"DEL03-BA";"UOP02-DEL03-BA"
742449;NA;2025-12-29;"segunda-feira";"16:20:00";"BA";116;593;"IRAJUBA";"Sim";"Demais falhas mec�nicas ou el�tricas";2;"Colis�o com objeto";"Sem V�timas";"Pleno dia";"Crescente";"C�u Claro";"Simples";"Reta;Aclive";"N�o";1326944;"Semireboque";"SR/RODOFORT DOLLY 2E/RODOFORT DOLLY 2E";2021;NA;NA;NA;NA;NA;NA;NA;NA;-13,29875707;-40,02319336;"SPRF-BA";"DEL03-BA";"UOP02-DEL03-BA"
742449;NA;2025-12-29;"segunda-feira";"16:20:00";"BA";116;593;"IRAJUBA";"Sim";"Demais falhas mec�nicas ou el�tricas";2;"Colis�o com objeto";"Sem V�timas";"Pleno dia";"Crescente";"C�u Claro";"Simples";"Reta;Aclive";"N�o";1326943;"Semireboque";"SR/RODOFORTSA SRPL 2E/RODOFORTSA SRPL 2E";2021;NA;NA;NA;NA;NA;NA;NA;NA;-13,29875707;-40,02319336;"SPRF-BA";"DEL03-BA";"UOP02-DEL03-BA"
742449;1662586;2025-12-29;"segunda-feira";"16:20:00";"BA";116;593;"IRAJUBA";"Sim";"Demais falhas mec�nicas ou el�tricas";2;"Colis�o com objeto";"Sem V�timas";"Pleno dia";"Crescente";"C�u Claro";"Simples";"Reta;Aclive";"N�o";1325693;"Caminh�o-trator";"VW/29.530 MTM 6X4/29.530 MTM 6X4";2024;"Condutor";"Ileso";29;"Masculino";1;0;0;0;-13,29875707;-40,02319336;"SPRF-BA";"DEL03-BA";"UOP02-DEL03-BA"
742449;NA;2025-12-29;"segunda-feira";"16:20:00";"BA";116;593;"IRAJUBA";"Sim";"Demais falhas mec�nicas ou el�tricas";2;"Colis�o com objeto";"Sem V�timas";"Pleno dia";"Crescente";"C�u Claro";"Simples";"Reta;Aclive";"N�o";1326935;"Semireboque";"SR/RANDON SRFG CG/RANDON SRFG CG";2015;NA;NA;NA;NA;NA;NA;NA;NA;-13,29875707;-40,02319336;"SPRF-BA";"DEL03-BA";"UOP02-DEL03-BA"
742449;NA;2025-12-29;"segunda-feira";"16:20:00";"BA";116;593;"IRAJUBA";"Sim";"Demais falhas mec�nicas ou el�tricas";2;"Colis�o com objeto";"Sem V�timas";"Pleno dia";"Crescente";"C�u Claro";"Simples";"Reta;Aclive";"N�o";1326934;"Semireboque";"SR/RANDON SRFG CG/RANDON SRFG CG";2015;NA;NA;NA;NA;NA;NA;NA;NA;-13,29875707;-40,02319336;"SPRF-BA";"DEL03-BA";"UOP02-DEL03-BA"
742449;1662597;2025-12-29;"segunda-feira";"16:20:00";"BA";116;593;"IRAJUBA";"Sim";"Demais falhas mec�nicas ou el�tricas";2;"Colis�o com objeto";"Sem V�timas";"Pleno dia";"Crescente";"C�u Claro";"Simples";"Reta;Aclive";"N�o";1325692;"Caminh�o-trator";"VOLVO/FH 540 6X4T/FH 540 6X4T";2013;"Condutor";"Ileso";57;"Masculino";1;0;0;0;-13,29875707;-40,02319336;"SPRF-BA";"DEL03-BA";"UOP02-DEL03-BA"
742451;1662614;2025-12-29;"segunda-feira";"19:10:00";"RJ";101;327;"RIO DE JANEIRO";"Sim";"Aus�ncia de rea��o do condutor";2;"Queda de ocupante de ve�culo";"Com V�timas Feridas";"Plena Noite";"Decrescente";"C�u Claro";"Dupla";"Reta";"Sim";1325709;"Motocicleta";"HONDA/CG 160 START/CG 160 START";2017;"Condutor";"Les�es Graves";50;"Masculino";0;0;1;0;-22,87038935;-43,16577917;"SPRF-RJ";"DEL02-RJ";"UOP01-DEL02-RJ"
742451;1662613;2025-12-29;"segunda-feira";"19:10:00";"RJ";101;327;"RIO DE JANEIRO";"Sim";"Aus�ncia de rea��o do condutor";2;"Queda de ocupante de ve�culo";"Com V�timas Feridas";"Plena Noite";"Decrescente";"C�u Claro";"Dupla";"Reta";"Sim";1325707;"Autom�vel";"CHEV/PRISMA 1.4AT LT/PRISMA 1.4AT LT";2016;"Condutor";"Ileso";31;"Masculino";1;0;0;0;-22,87038935;-43,16577917;"SPRF-RJ";"DEL02-RJ";"UOP01-DEL02-RJ"
742451;1662614;2025-12-29;"segunda-feira";"19:10:00";"RJ";101;327;"RIO DE JANEIRO";"Sim";"Aus�ncia de rea��o do condutor";1;"Colis�o lateral mesmo sentido";"Com V�timas Feridas";"Plena Noite";"Decrescente";"C�u Claro";"Dupla";"Reta";"Sim";1325709;"Motocicleta";"HONDA/CG 160 START/CG 160 START";2017;"Condutor";"Les�es Graves";50;"Masculino";0;0;1;0;-22,87038935;-43,16577917;"SPRF-RJ";"DEL02-RJ";"UOP01-DEL02-RJ"
742451;1662613;2025-12-29;"segunda-feira";"19:10:00";"RJ";101;327;"RIO DE JANEIRO";"Sim";"Aus�ncia de rea��o do condutor";1;"Colis�o lateral mesmo sentido";"Com V�timas Feridas";"Plena Noite";"Decrescente";"C�u Claro";"Dupla";"Reta";"Sim";1325707;"Autom�vel";"CHEV/PRISMA 1.4AT LT/PRISMA 1.4AT LT";2016;"Condutor";"Ileso";31;"Masculino";1;0;0;0;-22,87038935;-43,16577917;"SPRF-RJ";"DEL02-RJ";"UOP01-DEL02-RJ"
742452;1662688;2025-12-29;"segunda-feira";"20:00:00";"CE";116;25,5;"AQUIRAZ";"Sim";"Pedestre - Ingest�o de �lcool/ subst�ncias psicoativas";1;"Atropelamento de Pedestre";"Com V�timas Feridas";"Plena Noite";"Decrescente";"C�u Claro";"Dupla";"Reta";"Sim";1325750;"Caminhonete";"I/TOYOTA HILUX CDLOWM4FD/TOYOTA HILUX CDLOWM4FD";2024;"Passageiro";"Ileso";30;"Feminino";1;0;0;0;-3,97424652;-38,51431489;"SPRF-CE";"DEL01-CE";"UOP02-DEL01-CE"
742452;1662687;2025-12-29;"segunda-feira";"20:00:00";"CE";116;25,5;"AQUIRAZ";"Sim";"Pedestre - Ingest�o de �lcool/ subst�ncias psicoativas";1;"Atropelamento de Pedestre";"Com V�timas Feridas";"Plena Noite";"Decrescente";"C�u Claro";"Dupla";"Reta";"Sim";1325750;"Caminhonete";"I/TOYOTA HILUX CDLOWM4FD/TOYOTA HILUX CDLOWM4FD";2024;"Passageiro";"Ileso";38;"Masculino";1;0;0;0;-3,97424652;-38,51431489;"SPRF-CE";"DEL01-CE";"UOP02-DEL01-CE"
742452;1662686;2025-12-29;"segunda-feira";"20:00:00";"CE";116;25,5;"AQUIRAZ";"Sim";"Pedestre - Ingest�o de �lcool/ subst�ncias psicoativas";1;"Atropelamento de Pedestre";"Com V�timas Feridas";"Plena Noite";"Decrescente";"C�u Claro";"Dupla";"Reta";"Sim";1325750;"Caminhonete";"I/TOYOTA HILUX CDLOWM4FD/TOYOTA HILUX CDLOWM4FD";2024;"Condutor";"Ileso";38;"Masculino";1;0;0;0;-3,97424652;-38,51431489;"SPRF-CE";"DEL01-CE";"UOP02-DEL01-CE"
742452;1665528;2025-12-29;"segunda-feira";"20:00:00";"CE";116;25,5;"AQUIRAZ";"Sim";"Pedestre - Ingest�o de �lcool/ subst�ncias psicoativas";1;"Atropelamento de Pedestre";"Com V�timas Feridas";"Plena Noite";"Decrescente";"C�u Claro";"Dupla";"Reta";"Sim";NA;NA;"NA/NA/NA";NA;"Pedestre";"Les�es Leves";33;"Feminino";0;1;0;0;-3,97424652;-38,51431489;"SPRF-CE";"DEL01-CE";"UOP02-DEL01-CE"
742453;NA;2025-12-29;"segunda-feira";"18:30:00";"PA";316;224;"VISEU";"N�o";"Condutor deixou de manter dist�ncia do ve�culo da frente";5;"Capotamento";"Com V�timas Fatais";"Plena Noite";"Decrescente";"C�u Claro";"Simples";"Reta;Declive";"N�o";1325877;"Semireboque";"SR/EQUIP NEXT  4E CF/EQUIP NEXT  4E CF";2022;NA;NA;NA;NA;NA;NA;NA;NA;-1,679132;-46,720712;"SPRF-PA";"DEL01-PA";"UOP04-DEL01-PA"
742453;1662908;2025-12-29;"segunda-feira";"18:30:00";"PA";316;224;"VISEU";"N�o";"Condutor deixou de manter dist�ncia do ve�culo da frente";5;"Capotamento";"Com V�timas Fatais";"Plena Noite";"Decrescente";"C�u Claro";"Simples";"Reta;Declive";"N�o";1325861;"Caminh�o-trator";"M.BENZ/AXOR 2544 LS/AXOR 2544 LS";2021;"Condutor";"Ileso";43;"Masculino";1;0;0;0;-1,679132;-46,720712;"SPRF-PA";"DEL01-PA";"UOP04-DEL01-PA"
742453;1662916;2025-12-29;"segunda-feira";"18:30:00";"PA";316;224;"VISEU";"N�o";"Condutor deixou de manter dist�ncia do ve�culo da frente";5;"Capotamento";"Com V�timas Fatais";"Plena Noite";"Decrescente";"C�u Claro";"Simples";"Reta;Declive";"N�o";1325806;"Autom�vel";"FIAT/SIENA EL FLEX/SIENA EL FLEX";2009;"Passageiro";"Les�es Graves";11;"Feminino";0;0;1;0;-1,679132;-46,720712;"SPRF-PA";"DEL01-PA";"UOP04-DEL01-PA"
742453;1662899;2025-12-29;"segunda-feira";"18:30:00";"PA";316;224;"VISEU";"N�o";"Condutor deixou de manter dist�ncia do ve�culo da frente";5;"Capotamento";"Com V�timas Fatais";"Plena Noite";"Decrescente";"C�u Claro";"Simples";"Reta;Declive";"N�o";1325806;"Autom�vel";"FIAT/SIENA EL FLEX/SIENA EL FLEX";2009;"Condutor";"�bito";51;"Masculino";0;0;0;1;-1,679132;-46,720712;"SPRF-PA";"DEL01-PA";"UOP04-DEL01-PA"
742453;1662891;2025-12-29;"segunda-feira";"18:30:00";"PA";316;224;"VISEU";"N�o";"Condutor deixou de manter dist�ncia do ve�culo da frente";5;"Capotamento";"Com V�timas Fatais";"Plena Noite";"Decrescente";"C�u Claro";"Simples";"Reta;Declive";"N�o";1325805;"Motocicleta";"HONDA/CG 125 TITAN KS/CG 125 TITAN KS";2000;"Condutor";"Les�es Leves";58;"Masculino";0;1;0;0;-1,679132;-46,720712;"SPRF-PA";"DEL01-PA";"UOP04-DEL01-PA"
742453;NA;2025-12-29;"segunda-feira";"18:30:00";"PA";316;224;"VISEU";"N�o";"Condutor deixou de manter dist�ncia do ve�culo da frente";4;"Colis�o frontal";"Com V�timas Fatais";"Plena Noite";"Decrescente";"C�u Claro";"Simples";"Reta;Declive";"N�o";1325877;"Semireboque";"SR/EQUIP NEXT  4E CF/EQUIP NEXT  4E CF";2022;NA;NA;NA;NA;NA;NA;NA;NA;-1,679132;-46,720712;"SPRF-PA";"DEL01-PA";"UOP04-DEL01-PA"
742453;1662908;2025-12-29;"segunda-feira";"18:30:00";"PA";316;224;"VISEU";"N�o";"Condutor deixou de manter dist�ncia do ve�culo da frente";4;"Colis�o frontal";"Com V�timas Fatais";"Plena Noite";"Decrescente";"C�u Claro";"Simples";"Reta;Declive";"N�o";1325861;"Caminh�o-trator";"M.BENZ/AXOR 2544 LS/AXOR 2544 LS";2021;"Condutor";"Ileso";43;"Masculino";1;0;0;0;-1,679132;-46,720712;"SPRF-PA";"DEL01-PA";"UOP04-DEL01-PA"
742453;1662916;2025-12-29;"segunda-feira";"18:30:00";"PA";316;224;"VISEU";"N�o";"Condutor deixou de manter dist�ncia do ve�culo da frente";4;"Colis�o frontal";"Com V�timas Fatais";"Plena Noite";"Decrescente";"C�u Claro";"Simples";"Reta;Declive";"N�o";1325806;"Autom�vel";"FIAT/SIENA EL FLEX/SIENA EL FLEX";2009;"Passageiro";"Les�es Graves";11;"Feminino";0;0;1;0;-1,679132;-46,720712;"SPRF-PA";"DEL01-PA";"UOP04-DEL01-PA"
742453;1662899;2025-12-29;"segunda-feira";"18:30:00";"PA";316;224;"VISEU";"N�o";"Condutor deixou de manter dist�ncia do ve�culo da frente";4;"Colis�o frontal";"Com V�timas Fatais";"Plena Noite";"Decrescente";"C�u Claro";"Simples";"Reta;Declive";"N�o";1325806;"Autom�vel";"FIAT/SIENA EL FLEX/SIENA EL FLEX";2009;"Condutor";"�bito";51;"Masculino";0;0;0;1;-1,679132;-46,720712;"SPRF-PA";"DEL01-PA";"UOP04-DEL01-PA"
742453;1662891;2025-12-29;"segunda-feira";"18:30:00";"PA";316;224;"VISEU";"N�o";"Condutor deixou de manter dist�ncia do ve�culo da frente";4;"Colis�o frontal";"Com V�timas Fatais";"Plena Noite";"Decrescente";"C�u Claro";"Simples";"Reta;Declive";"N�o";1325805;"Motocicleta";"HONDA/CG 125 TITAN KS/CG 125 TITAN KS";2000;"Condutor";"Les�es Leves";58;"Masculino";0;1;0;0;-1,679132;-46,720712;"SPRF-PA";"DEL01-PA";"UOP04-DEL01-PA"
742453;NA;2025-12-29;"segunda-feira";"18:30:00";"PA";316;224;"VISEU";"N�o";"Condutor deixou de manter dist�ncia do ve�culo da frente";3;"Queda de ocupante de ve�culo";"Com V�timas Fatais";"Plena Noite";"Decrescente";"C�u Claro";"Simples";"Reta;Declive";"N�o";1325877;"Semireboque";"SR/EQUIP NEXT  4E CF/EQUIP NEXT  4E CF";2022;NA;NA;NA;NA;NA;NA;NA;NA;-1,679132;-46,720712;"SPRF-PA";"DEL01-PA";"UOP04-DEL01-PA"
742453;1662908;2025-12-29;"segunda-feira";"18:30:00";"PA";316;224;"VISEU";"N�o";"Condutor deixou de manter dist�ncia do ve�culo da frente";3;"Queda de ocupante de ve�culo";"Com V�timas Fatais";"Plena Noite";"Decrescente";"C�u Claro";"Simples";"Reta;Declive";"N�o";1325861;"Caminh�o-trator";"M.BENZ/AXOR 2544 LS/AXOR 2544 LS";2021;"Condutor";"Ileso";43;"Masculino";1;0;0;0;-1,679132;-46,720712;"SPRF-PA";"DEL01-PA";"UOP04-DEL01-PA"