"id";"pesid";"data_inversa";"dia_semana";"horario";"uf";"br";"km";"municipio";"causa_principal";"causa_acidente";"ordem_tipo_acidente";"tipo_acidente";"classificacao_acidente";"fase_dia";"sentido_via";"condicao_metereologica";"tipo_pista";"tracado_via";"uso_solo";"id_veiculo";"tipo_veiculo";"marca";"ano_fabricacao_veiculo";"tipo_envolvido";"estado_fisico";"idade";"sexo";"ilesos";"feridos_leves";"feridos_graves";"mortos";"latitude";"longitude";"regional";"delegacia";"uop"
742453;1662916;2025-12-29;"segunda-feira";"18:30:00";"PA";316;224;"VISEU";"N�o";"Condutor deixou de manter dist�ncia do ve�culo da frente";3;"Queda de ocupante de ve�culo";"Com V�timas Fatais";"Plena Noite";"Decrescente";"C�u Claro";"Simples";"Reta;Declive";"N�o";1325806;"Autom�vel";"FIAT/SIENA EL FLEX/SIENA EL FLEX";2009;"Passageiro";"Les�es Graves";11;"Feminino";0;0;1;0;-1,679132;-46,720712;"SPRF-PA";"DEL01-PA";"UOP04-DEL01-PA"
742453;1662899;2025-12-29;"segunda-feira";"18:30:00";"PA";316;224;"VISEU";"N�o";"Condutor deixou de manter dist�ncia do ve�culo da frente";3;"Queda de ocupante de ve�culo";"Com V�timas Fatais";"Plena Noite";"Decrescente";"C�u Claro";"Simples";"Reta;Declive";"N�o";1325806;"Autom�vel";"FIAT/SIENA EL FLEX/SIENA EL FLEX";2009;"Condutor";"�bito";51;"Masculino";0;0;0;1;-1,679132;-46,720712;"SPRF-PA";"DEL01-PA";"UOP04-DEL01-PA"
742453;1662891;2025-12-29;"segunda-feira";"18:30:00";"PA";316;224;"VISEU";"N�o";"Condutor deixou de manter dist�ncia do ve�culo da frente";3;"Queda de ocupante de ve�culo";"Com V�timas Fatais";"Plena Noite";"Decrescente";"C�u Claro";"Simples";"Reta;Declive";"N�o";1325805;"Motocicleta";"HONDA/CG 125 TITAN KS/CG 125 TITAN KS";2000;"Condutor";"Les�es Leves";58;"Masculino";0;1;0;0;-1,679132;-46,720712;"SPRF-PA";"DEL01-PA";"UOP04-DEL01-PA"
742453;NA;2025-12-29;"segunda-feira";"18:30:00";"PA";316;224;"VISEU";"N�o";"Condutor deixou de manter dist�ncia do ve�culo da frente";2;"Tombamento";"Com V�timas Fatais";"Plena Noite";"Decrescente";"C�u Claro";"Simples";"Reta;Declive";"N�o";1325877;"Semireboque";"SR/EQUIP NEXT  4E CF/EQUIP NEXT  4E CF";2022;NA;NA;NA;NA;NA;NA;NA;NA;-1,679132;-46,720712;"SPRF-PA";"DEL01-PA";"UOP04-DEL01-PA"
742453;1662908;2025-12-29;"segunda-feira";"18:30:00";"PA";316;224;"VISEU";"N�o";"Condutor deixou de manter dist�ncia do ve�culo da frente";2;"Tombamento";"Com V�timas Fatais";"Plena Noite";"Decrescente";"C�u Claro";"Simples";"Reta;Declive";"N�o";1325861;"Caminh�o-trator";"M.BENZ/AXOR 2544 LS/AXOR 2544 LS";2021;"Condutor";"Ileso";43;"Masculino";1;0;0;0;-1,679132;-46,720712;"SPRF-PA";"DEL01-PA";"UOP04-DEL01-PA"
742453;1662916;2025-12-29;"segunda-feira";"18:30:00";"PA";316;224;"VISEU";"N�o";"Condutor deixou de manter dist�ncia do ve�culo da frente";2;"Tombamento";"Com V�timas Fatais";"Plena Noite";"Decrescente";"C�u Claro";"Simples";"Reta;Declive";"N�o";1325806;"Autom�vel";"FIAT/SIENA EL FLEX/SIENA EL FLEX";2009;"Passageiro";"Les�es Graves";11;"Feminino";0;0;1;0;-1,679132;-46,720712;"SPRF-PA";"DEL01-PA";"UOP04-DEL01-PA"
742453;1662899;2025-12-29;"segunda-feira";"18:30:00";"PA";316;224;"VISEU";"N�o";"Condutor deixou de manter dist�ncia do ve�culo da frente";2;"Tombamento";"Com V�timas Fatais";"Plena Noite";"Decrescente";"C�u Claro";"Simples";"Reta;Declive";"N�o";1325806;"Autom�vel";"FIAT/SIENA EL FLEX/SIENA EL FLEX";2009;"Condutor";"�bito";51;"Masculino";0;0;0;1;-1,679132;-46,720712;"SPRF-PA";"DEL01-PA";"UOP04-DEL01-PA"
742453;1662891;2025-12-29;"segunda-feira";"18:30:00";"PA";316;224;"VISEU";"N�o";"Condutor deixou de manter dist�ncia do ve�culo da frente";2;"Tombamento";"Com V�timas Fatais";"Plena Noite";"Decrescente";"C�u Claro";"Simples";"Reta;Declive";"N�o";1325805;"Motocicleta";"HONDA/CG 125 TITAN KS/CG 125 TITAN KS";2000;"Condutor";"Les�es Leves";58;"Masculino";0;1;0;0;-1,679132;-46,720712;"SPRF-PA";"DEL01-PA";"UOP04-DEL01-PA"
742453;NA;2025-12-29;"segunda-feira";"18:30:00";"PA";316;224;"VISEU";"N�o";"Condutor deixou de manter dist�ncia do ve�culo da frente";1;"Colis�o traseira";"Com V�timas Fatais";"Plena Noite";"Decrescente";"C�u Claro";"Simples";"Reta;Declive";"N�o";1325877;"Semireboque";"SR/EQUIP NEXT  4E CF/EQUIP NEXT  4E CF";2022;NA;NA;NA;NA;NA;NA;NA;NA;-1,679132;-46,720712;"SPRF-PA";"DEL01-PA";"UOP04-DEL01-PA"
742453;1662908;2025-12-29;"segunda-feira";"18:30:00";"PA";316;224;"VISEU";"N�o";"Condutor deixou de manter dist�ncia do ve�culo da frente";1;"Colis�o traseira";"Com V�timas Fatais";"Plena Noite";"Decrescente";"C�u Claro";"Simples";"Reta;Declive";"N�o";1325861;"Caminh�o-trator";"M.BENZ/AXOR 2544 LS/AXOR 2544 LS";2021;"Condutor";"Ileso";43;"Masculino";1;0;0;0;-1,679132;-46,720712;"SPRF-PA";"DEL01-PA";"UOP04-DEL01-PA"
742453;1662916;2025-12-29;"segunda-feira";"18:30:00";"PA";316;224;"VISEU";"N�o";"Condutor deixou de manter dist�ncia do ve�culo da frente";1;"Colis�o traseira";"Com V�timas Fatais";"Plena Noite";"Decrescente";"C�u Claro";"Simples";"Reta;Declive";"N�o";1325806;"Autom�vel";"FIAT/SIENA EL FLEX/SIENA EL FLEX";2009;"Passageiro";"Les�es Graves";11;"Feminino";0;0;1;0;-1,679132;-46,720712;"SPRF-PA";"DEL01-PA";"UOP04-DEL01-PA"
742453;1662899;2025-12-29;"segunda-feira";"18:30:00";"PA";316;224;"VISEU";"N�o";"Condutor deixou de manter dist�ncia do ve�culo da frente";1;"Colis�o traseira";"Com V�timas Fatais";"Plena Noite";"Decrescente";"C�u Claro";"Simples";"Reta;Declive";"N�o";1325806;"Autom�vel";"FIAT/SIENA EL FLEX/SIENA EL FLEX";2009;"Condutor";"�bito";51;"Masculino";0;0;0;1;-1,679132;-46,720712;"SPRF-PA";"DEL01-PA";"UOP04-DEL01-PA"
742453;1662891;2025-12-29;"segunda-feira";"18:30:00";"PA";316;224;"VISEU";"N�o";"Condutor deixou de manter dist�ncia do ve�culo da frente";1;"Colis�o traseira";"Com V�timas Fatais";"Plena Noite";"Decrescente";"C�u Claro";"Simples";"Reta;Declive";"N�o";1325805;"Motocicleta";"HONDA/CG 125 TITAN KS/CG 125 TITAN KS";2000;"Condutor";"Les�es Leves";58;"Masculino";0;1;0;0;-1,679132;-46,720712;"SPRF-PA";"DEL01-PA";"UOP04-DEL01-PA"
742453;NA;2025-12-29;"segunda-feira";"18:30:00";"PA";316;224;"VISEU";"N�o";"Velocidade Incompat�vel";5;"Capotamento";"Com V�timas Fatais";"Plena Noite";"Decrescente";"C�u Claro";"Simples";"Reta;Declive";"N�o";1325877;"Semireboque";"SR/EQUIP NEXT  4E CF/EQUIP NEXT  4E CF";2022;NA;NA;NA;NA;NA;NA;NA;NA;-1,679132;-46,720712;"SPRF-PA";"DEL01-PA";"UOP04-DEL01-PA"
742453;1662908;2025-12-29;"segunda-feira";"18:30:00";"PA";316;224;"VISEU";"N�o";"Velocidade Incompat�vel";5;"Capotamento";"Com V�timas Fatais";"Plena Noite";"Decrescente";"C�u Claro";"Simples";"Reta;Declive";"N�o";1325861;"Caminh�o-trator";"M.BENZ/AXOR 2544 LS/AXOR 2544 LS";2021;"Condutor";"Ileso";43;"Masculino";1;0;0;0;-1,679132;-46,720712;"SPRF-PA";"DEL01-PA";"UOP04-DEL01-PA"
742453;1662916;2025-12-29;"segunda-feira";"18:30:00";"PA";316;224;"VISEU";"N�o";"Velocidade Incompat�vel";5;"Capotamento";"Com V�timas Fatais";"Plena Noite";"Decrescente";"C�u Claro";"Simples";"Reta;Declive";"N�o";1325806;"Autom�vel";"FIAT/SIENA EL FLEX/SIENA EL FLEX";2009;"Passageiro";"Les�es Graves";11;"Feminino";0;0;1;0;-1,679132;-46,720712;"SPRF-PA";"DEL01-PA";"UOP04-DEL01-PA"
742453;1662899;2025-12-29;"segunda-feira";"18:30:00";"PA";316;224;"VISEU";"N�o";"Velocidade Incompat�vel";5;"Capotamento";"Com V�timas Fatais";"Plena Noite";"Decrescente";"C�u Claro";"Simples";"Reta;Declive";"N�o";1325806;"Autom�vel";"FIAT/SIENA EL FLEX/SIENA EL FLEX";2009;"Condutor";"�bito";51;"Masculino";0;0;0;1;-1,679132;-46,720712;"SPRF-PA";"DEL01-PA";"UOP04-DEL01-PA"
742453;1662891;2025-12-29;"segunda-feira";"18:30:00";"PA";316;224;"VISEU";"N�o";"Velocidade Incompat�vel";5;"Capotamento";"Com V�timas Fatais";"Plena Noite";"Decrescente";"C�u Claro";"Simples";"Reta;Declive";"N�o";1325805;"Motocicleta";"HONDA/CG 125 TITAN KS/CG 125 TITAN KS";2000;"Condutor";"Les�es Leves";58;"Masculino";0;1;0;0;-1,679132;-46,720712;"SPRF-PA";"DEL01-PA";"UOP04-DEL01-PA"
742453;NA;2025-12-29;"segunda-feira";"18:30:00";"PA";316;224;"VISEU";"N�o";"Velocidade Incompat�vel";4;"Colis�o frontal";"Com V�timas Fatais";"Plena Noite";"Decrescente";"C�u Claro";"Simples";"Reta;Declive";"N�o";1325877;"Semireboque";"SR/EQUIP NEXT  4E CF/EQUIP NEXT  4E CF";2022;NA;NA;NA;NA;NA;NA;NA;NA;-1,679132;-46,720712;"SPRF-PA";"DEL01-PA";"UOP04-DEL01-PA"
742453;1662908;2025-12-29;"segunda-feira";"18:30:00";"PA";316;224;"VISEU";"N�o";"Velocidade Incompat�vel";4;"Colis�o frontal";"Com V�timas Fatais";"Plena Noite";"Decrescente";"C�u Claro";"Simples";"Reta;Declive";"N�o";1325861;"Caminh�o-trator";"M.BENZ/AXOR 2544 LS/AXOR 2544 LS";2021;"Condutor";"Ileso";43;"Masculino";1;0;0;0;-1,679132;-46,720712;"SPRF-PA";"DEL01-PA";"UOP04-DEL01-PA"
742453;1662916;2025-12-29;"segunda-feira";"18:30:00";"PA";316;224;"VISEU";"N�o";"Velocidade Incompat�vel";4;"Colis�o frontal";"Com V�timas Fatais";"Plena Noite";"Decrescente";"C�u Claro";"Simples";"Reta;Declive";"N�o";1325806;"Autom�vel";"FIAT/SIENA EL FLEX/SIENA EL FLEX";2009;"Passageiro";"Les�es Graves";11;"Feminino";0;0;1;0;-1,679132;-46,720712;"SPRF-PA";"DEL01-PA";"UOP04-DEL01-PA"
742453;1662899;2025-12-29;"segunda-feira";"18:30:00";"PA";316;224;"VISEU";"N�o";"Velocidade Incompat�vel";4;"Colis�o frontal";"Com V�timas Fatais";"Plena Noite";"Decrescente";"C�u Claro";"Simples";"Reta;Declive";"N�o";1325806;"Autom�vel";"FIAT/SIENA EL FLEX/SIENA EL FLEX";2009;"Condutor";"�bito";51;"Masculino";0;0;0;1;-1,679132;-46,720712;"SPRF-PA";"DEL01-PA";"UOP04-DEL01-PA"
742453;1662891;2025-12-29;"segunda-feira";"18:30:00";"PA";316;224;"VISEU";"N�o";"Velocidade Incompat�vel";4;"Colis�o frontal";"Com V�timas Fatais";"Plena Noite";"Decrescente";"C�u Claro";"Simples";"Reta;Declive";"N�o";1325805;"Motocicleta";"HONDA/CG 125 TITAN KS/CG 125 TITAN KS";2000;"Condutor";"Les�es Leves";58;"Masculino";0;1;0;0;-1,679132;-46,720712;"SPRF-PA";"DEL01-PA";"UOP04-DEL01-PA"
742453;NA;2025-12-29;"segunda-feira";"18:30:00";"PA";316;224;"VISEU";"N�o";"Velocidade Incompat�vel";3;"Queda de ocupante de ve�culo";"Com V�timas Fatais";"Plena Noite";"Decrescente";"C�u Claro";"Simples";"Reta;Declive";"N�o";1325877;"Semireboque";"SR/EQUIP NEXT  4E CF/EQUIP NEXT  4E CF";2022;NA;NA;NA;NA;NA;NA;NA;NA;-1,679132;-46,720712;"SPRF-PA";"DEL01-PA";"UOP04-DEL01-PA"
742453;1662908;2025-12-29;"segunda-feira";"18:30:00";"PA";316;224;"VISEU";"N�o";"Velocidade Incompat�vel";3;"Queda de ocupante de ve�culo";"Com V�timas Fatais";"Plena Noite";"Decrescente";"C�u Claro";"Simples";"Reta;Declive";"N�o";1325861;"Caminh�o-trator";"M.BENZ/AXOR 2544 LS/AXOR 2544 LS";2021;"Condutor";"Ileso";43;"Masculino";1;0;0;0;-1,679132;-46,720712;"SPRF-PA";"DEL01-PA";"UOP04-DEL01-PA"
742453;1662916;2025-12-29;"segunda-feira";"18:30:00";"PA";316;224;"VISEU";"N�o";"Velocidade Incompat�vel";3;"Queda de ocupante de ve�culo";"Com V�timas Fatais";"Plena Noite";"Decrescente";"C�u Claro";"Simples";"Reta;Declive";"N�o";1325806;"Autom�vel";"FIAT/SIENA EL FLEX/SIENA EL FLEX";2009;"Passageiro";"Les�es Graves";11;"Feminino";0;0;1;0;-1,679132;-46,720712;"SPRF-PA";"DEL01-PA";"UOP04-DEL01-PA"
742453;1662899;2025-12-29;"segunda-feira";"18:30:00";"PA";316;224;"VISEU";"N�o";"Velocidade Incompat�vel";3;"Queda de ocupante de ve�culo";"Com V�timas Fatais";"Plena Noite";"Decrescente";"C�u Claro";"Simples";"Reta;Declive";"N�o";1325806;"Autom�vel";"FIAT/SIENA EL FLEX/SIENA EL FLEX";2009;"Condutor";"�bito";51;"Masculino";0;0;0;1;-1,679132;-46,720712;"SPRF-PA";"DEL01-PA";"UOP04-DEL01-PA"
742453;1662891;2025-12-29;"segunda-feira";"18:30:00";"PA";316;224;"VISEU";"N�o";"Velocidade Incompat�vel";3;"Queda de ocupante de ve�culo";"Com V�timas Fatais";"Plena Noite";"Decrescente";"C�u Claro";"Simples";"Reta;Declive";"N�o";1325805;"Motocicleta";"HONDA/CG 125 TITAN KS/CG 125 TITAN KS";2000;"Condutor";"Les�es Leves";58;"Masculino";0;1;0;0;-1,679132;-46,720712;"SPRF-PA";"DEL01-PA";"UOP04-DEL01-PA"
742453;NA;2025-12-29;"segunda-feira";"18:30:00";"PA";316;224;"VISEU";"N�o";"Velocidade Incompat�vel";2;"Tombamento";"Com V�timas Fatais";"Plena Noite";"Decrescente";"C�u Claro";"Simples";"Reta;Declive";"N�o";1325877;"Semireboque";"SR/EQUIP NEXT  4E CF/EQUIP NEXT  4E CF";2022;NA;NA;NA;NA;NA;NA;NA;NA;-1,679132;-46,720712;"SPRF-PA";"DEL01-PA";"UOP04-DEL01-PA"
742453;1662908;2025-12-29;"segunda-feira";"18:30:00";"PA";316;224;"VISEU";"N�o";"Velocidade Incompat�vel";2;"Tombamento";"Com V�timas Fatais";"Plena Noite";"Decrescente";"C�u Claro";"Simples";"Reta;Declive";"N�o";1325861;"Caminh�o-trator";"M.BENZ/AXOR 2544 LS/AXOR 2544 LS";2021;"Condutor";"Ileso";43;"Masculino";1;0;0;0;-1,679132;-46,720712;"SPRF-PA";"DEL01-PA";"UOP04-DEL01-PA"
742453;1662916;2025-12-29;"segunda-feira";"18:30:00";"PA";316;224;"VISEU";"N�o";"Velocidade Incompat�vel";2;"Tombamento";"Com V�timas Fatais";"Plena Noite";"Decrescente";"C�u Claro";"Simples";"Reta;Declive";"N�o";1325806;"Autom�vel";"FIAT/SIENA EL FLEX/SIENA EL FLEX";2009;"Passageiro";"Les�es Graves";11;"Feminino";0;0;1;0;-1,679132;-46,720712;"SPRF-PA";"DEL01-PA";"UOP04-DEL01-PA"
742453;1662899;2025-12-29;"segunda-feira";"18:30:00";"PA";316;224;"VISEU";"N�o";"Velocidade Incompat�vel";2;"Tombamento";"Com V�timas Fatais";"Plena Noite";"Decrescente";"C�u Claro";"Simples";"Reta;Declive";"N�o";1325806;"Autom�vel";"FIAT/SIENA EL FLEX/SIENA EL FLEX";2009;"Condutor";"�bito";51;"Masculino";0;0;0;1;-1,679132;-46,720712;"SPRF-PA";"DEL01-PA";"UOP04-DEL01-PA"
742453;1662891;2025-12-29;"segunda-feira";"18:30:00";"PA";316;224;"VISEU";"N�o";"Velocidade Incompat�vel";2;"Tombamento";"Com V�timas Fatais";"Plena Noite";"Decrescente";"C�u Claro";"Simples";"Reta;Declive";"N�o";1325805;"Motocicleta";"HONDA/CG 125 TITAN KS/CG 125 TITAN KS";2000;"Condutor";"Les�es Leves";58;"Masculino";0;1;0;0;-1,679132;-46,720712;"SPRF-PA";"DEL01-PA";"UOP04-DEL01-PA"
742453;NA;2025-12-29;"segunda-feira";"18:30:00";"PA";316;224;"VISEU";"N�o";"Velocidade Incompat�vel";1;"Colis�o traseira";"Com V�timas Fatais";"Plena Noite";"Decrescente";"C�u Claro";"Simples";"Reta;Declive";"N�o";1325877;"Semireboque";"SR/EQUIP NEXT  4E CF/EQUIP NEXT  4E CF";2022;NA;NA;NA;NA;NA;NA;NA;NA;-1,679132;-46,720712;"SPRF-PA";"DEL01-PA";"UOP04-DEL01-PA"
742453;1662908;2025-12-29;"segunda-feira";"18:30:00";"PA";316;224;"VISEU";"N�o";"Velocidade Incompat�vel";1;"Colis�o traseira";"Com V�timas Fatais";"Plena Noite";"Decrescente";"C�u Claro";"Simples";"Reta;Declive";"N�o";1325861;"Caminh�o-trator";"M.BENZ/AXOR 2544 LS/AXOR 2544 LS";2021;"Condutor";"Ileso";43;"Masculino";1;0;0;0;-1,679132;-46,720712;"SPRF-PA";"DEL01-PA";"UOP04-DEL01-PA"
742453;1662916;2025-12-29;"segunda-feira";"18:30:00";"PA";316;224;"VISEU";"N�o";"Velocidade Incompat�vel";1;"Colis�o traseira";"Com V�timas Fatais";"Plena Noite";"Decrescente";"C�u Claro";"Simples";"Reta;Declive";"N�o";1325806;"Autom�vel";"FIAT/SIENA EL FLEX/SIENA EL FLEX";2009;"Passageiro";"Les�es Graves";11;"Feminino";0;0;1;0;-1,679132;-46,720712;"SPRF-PA";"DEL01-PA";"UOP04-DEL01-PA"
742453;1662899;2025-12-29;"segunda-feira";"18:30:00";"PA";316;224;"VISEU";"N�o";"Velocidade Incompat�vel";1;"Colis�o traseira";"Com V�timas Fatais";"Plena Noite";"Decrescente";"C�u Claro";"Simples";"Reta;Declive";"N�o";1325806;"Autom�vel";"FIAT/SIENA EL FLEX/SIENA EL FLEX";2009;"Condutor";"�bito";51;"Masculino";0;0;0;1;-1,679132;-46,720712;"SPRF-PA";"DEL01-PA";"UOP04-DEL01-PA"
742453;1662891;2025-12-29;"segunda-feira";"18:30:00";"PA";316;224;"VISEU";"N�o";"Velocidade Incompat�vel";1;"Colis�o traseira";"Com V�timas Fatais";"Plena Noite";"Decrescente";"C�u Claro";"Simples";"Reta;Declive";"N�o";1325805;"Motocicleta";"HONDA/CG 125 TITAN KS/CG 125 TITAN KS";2000;"Condutor";"Les�es Leves";58;"Masculino";0;1;0;0;-1,679132;-46,720712;"SPRF-PA";"DEL01-PA";"UOP04-DEL01-PA"
742453;NA;2025-12-29;"segunda-feira";"18:30:00";"PA";316;224;"VISEU";"Sim";"Deixar de acionar o farol da motocicleta (ou similar)";5;"Capotamento";"Com V�timas Fatais";"Plena Noite";"Decrescente";"C�u Claro";"Simples";"Reta;Declive";"N�o";1325877;"Semireboque";"SR/EQUIP NEXT  4E CF/EQUIP NEXT  4E CF";2022;NA;NA;NA;NA;NA;NA;NA;NA;-1,679132;-46,720712;"SPRF-PA";"DEL01-PA";"UOP04-DEL01-PA"
742453;1662908;2025-12-29;"segunda-feira";"18:30:00";"PA";316;224;"VISEU";"Sim";"Deixar de acionar o farol da motocicleta (ou similar)";5;"Capotamento";"Com V�timas Fatais";"Plena Noite";"Decrescente";"C�u Claro";"Simples";"Reta;Declive";"N�o";1325861;"Caminh�o-trator";"M.BENZ/AXOR 2544 LS/AXOR 2544 LS";2021;"Condutor";"Ileso";43;"Masculino";1;0;0;0;-1,679132;-46,720712;"SPRF-PA";"DEL01-PA";"UOP04-DEL01-PA"
742453;1662916;2025-12-29;"segunda-feira";"18:30:00";"PA";316;224;"VISEU";"Sim";"Deixar de acionar o farol da motocicleta (ou similar)";5;"Capotamento";"Com V�timas Fatais";"Plena Noite";"Decrescente";"C�u Claro";"Simples";"Reta;Declive";"N�o";1325806;"Autom�vel";"FIAT/SIENA EL FLEX/SIENA EL FLEX";2009;"Passageiro";"Les�es Graves";11;"Feminino";0;0;1;0;-1,679132;-46,720712;"SPRF-PA";"DEL01-PA";"UOP04-DEL01-PA"
742453;1662899;2025-12-29;"segunda-feira";"18:30:00";"PA";316;224;"VISEU";"Sim";"Deixar de acionar o farol da motocicleta (ou similar)";5;"Capotamento";"Com V�timas Fatais";"Plena Noite";"Decrescente";"C�u Claro";"Simples";"Reta;Declive";"N�o";1325806;"Autom�vel";"FIAT/SIENA EL FLEX/SIENA EL FLEX";2009;"Condutor";"�bito";51;"Masculino";0;0;0;1;-1,679132;-46,720712;"SPRF-PA";"DEL01-PA";"UOP04-DEL01-PA"
742453;1662891;2025-12-29;"segunda-feira";"18:30:00";"PA";316;224;"VISEU";"Sim";"Deixar de acionar o farol da motocicleta (ou similar)";5;"Capotamento";"Com V�timas Fatais";"Plena Noite";"Decrescente";"C�u Claro";"Simples";"Reta;Declive";"N�o";1325805;"Motocicleta";"HONDA/CG 125 TITAN KS/CG 125 TITAN KS";2000;"Condutor";"Les�es Leves";58;"Masculino";0;1;0;0;-1,679132;-46,720712;"SPRF-PA";"DEL01-PA";"UOP04-DEL01-PA"
742453;NA;2025-12-29;"segunda-feira";"18:30:00";"PA";316;224;"VISEU";"Sim";"Deixar de acionar o farol da motocicleta (ou similar)";4;"Colis�o frontal";"Com V�timas Fatais";"Plena Noite";"Decrescente";"C�u Claro";"Simples";"Reta;Declive";"N�o";1325877;"Semireboque";"SR/EQUIP NEXT  4E CF/EQUIP NEXT  4E CF";2022;NA;NA;NA;NA;NA;NA;NA;NA;-1,679132;-46,720712;"SPRF-PA";"DEL01-PA";"UOP04-DEL01-PA"
742453;1662908;2025-12-29;"segunda-feira";"18:30:00";"PA";316;224;"VISEU";"Sim";"Deixar de acionar o farol da motocicleta (ou similar)";4;"Colis�o frontal";"Com V�timas Fatais";"Plena Noite";"Decrescente";"C�u Claro";"Simples";"Reta;Declive";"N�o";1325861;"Caminh�o-trator";"M.BENZ/AXOR 2544 LS/AXOR 2544 LS";2021;"Condutor";"Ileso";43;"Masculino";1;0;0;0;-1,679132;-46,720712;"SPRF-PA";"DEL01-PA";"UOP04-DEL01-PA"
742453;1662916;2025-12-29;"segunda-feira";"18:30:00";"PA";316;224;"VISEU";"Sim";"Deixar de acionar o farol da motocicleta (ou similar)";4;"Colis�o frontal";"Com V�timas Fatais";"Plena Noite";"Decrescente";"C�u Claro";"Simples";"Reta;Declive";"N�o";1325806;"Autom�vel";"FIAT/SIENA EL FLEX/SIENA EL FLEX";2009;"Passageiro";"Les�es Graves";11;"Feminino";0;0;1;0;-1,679132;-46,720712;"SPRF-PA";"DEL01-PA";"UOP04-DEL01-PA"
742453;1662899;2025-12-29;"segunda-feira";"18:30:00";"PA";316;224;"VISEU";"Sim";"Deixar de acionar o farol da motocicleta (ou similar)";4;"Colis�o frontal";"Com V�timas Fatais";"Plena Noite";"Decrescente";"C�u Claro";"Simples";"Reta;Declive";"N�o";1325806;"Autom�vel";"FIAT/SIENA EL FLEX/SIENA EL FLEX";2009;"Condutor";"�bito";51;"Masculino";0;0;0;1;-1,679132;-46,720712;"SPRF-PA";"DEL01-PA";"UOP04-DEL01-PA"
742453;1662891;2025-12-29;"segunda-feira";"18:30:00";"PA";316;224;"VISEU";"Sim";"Deixar de acionar o farol da motocicleta (ou similar)";4;"Colis�o frontal";"Com V�timas Fatais";"Plena Noite";"Decrescente";"C�u Claro";"Simples";"Reta;Declive";"N�o";1325805;"Motocicleta";"HONDA/CG 125 TITAN KS/CG 125 TITAN KS";2000;"Condutor";"Les�es Leves";58;"Masculino";0;1;0;0;-1,679132;-46,720712;"SPRF-PA";"DEL01-PA";"UOP04-DEL01-PA"
742453;NA;2025-12-29;"segunda-feira";"18:30:00";"PA";316;224;"VISEU";"Sim";"Deixar de acionar o farol da motocicleta (ou similar)";3;"Queda de ocupante de ve�culo";"Com V�timas Fatais";"Plena Noite";"Decrescente";"C�u Claro";"Simples";"Reta;Declive";"N�o";1325877;"Semireboque";"SR/EQUIP NEXT  4E CF/EQUIP NEXT  4E CF";2022;NA;NA;NA;NA;NA;NA;NA;NA;-1,679132;-46,720712;"SPRF-PA";"DEL01-PA";"UOP04-DEL01-PA"
742453;1662908;2025-12-29;"segunda-feira";"18:30:00";"PA";316;224;"VISEU";"Sim";"Deixar de acionar o farol da motocicleta (ou similar)";3;"Queda de ocupante de ve�culo";"Com V�timas Fatais";"Plena Noite";"Decrescente";"C�u Claro";"Simples";"Reta;Declive";"N�o";1325861;"Caminh�o-trator";"M.BENZ/AXOR 2544 LS/AXOR 2544 LS";2021;"Condutor";"Ileso";43;"Masculino";1;0;0;0;-1,679132;-46,720712;"SPRF-PA";"DEL01-PA";"UOP04-DEL01-PA"
742453;1662916;2025-12-29;"segunda-feira";"18:30:00";"PA";316;224;"VISEU";"Sim";"Deixar de acionar o farol da motocicleta (ou similar)";3;"Queda de ocupante de ve�culo";"Com V�timas Fatais";"Plena Noite";"Decrescente";"C�u Claro";"Simples";"Reta;Declive";"N�o";1325806;"Autom�vel";"FIAT/SIENA EL FLEX/SIENA EL FLEX";2009;"Passageiro";"Les�es Graves";11;"Feminino";0;0;1;0;-1,679132;-46,720712;"SPRF-PA";"DEL01-PA";"UOP04-DEL01-PA"
742453;1662899;2025-12-29;"segunda-feira";"18:30:00";"PA";316;224;"VISEU";"Sim";"Deixar de acionar o farol da motocicleta (ou similar)";3;"Queda de ocupante de ve�culo";"Com V�timas Fatais";"Plena Noite";"Decrescente";"C�u Claro";"Simples";"Reta;Declive";"N�o";1325806;"Autom�vel";"FIAT/SIENA EL FLEX/SIENA EL FLEX";2009;"Condutor";"�bito";51;"Masculino";0;0;0;1;-1,679132;-46,720712;"SPRF-PA";"DEL01-PA";"UOP04-DEL01-PA"
742453;1662891;2025-12-29;"segunda-feira";"18:30:00";"PA";316;224;"VISEU";"Sim";"Deixar de acionar o farol da motocicleta (ou similar)";3;"Queda de ocupante de ve�culo";"Com V�timas Fatais";"Plena Noite";"Decrescente";"C�u Claro";"Simples";"Reta;Declive";"N�o";1325805;"Motocicleta";"HONDA/CG 125 TITAN KS/CG 125 TITAN KS";2000;"Condutor";"Les�es Leves";58;"Masculino";0;1;0;0;-1,679132;-46,720712;"SPRF-PA";"DEL01-PA";"UOP04-DEL01-PA"