"id";"pesid";"data_inversa";"dia_semana";"horario";"uf";"br";"km";"municipio";"causa_principal";"causa_acidente";"ordem_tipo_acidente";"tipo_acidente";"classificacao_acidente";"fase_dia";"sentido_via";"condicao_metereologica";"tipo_pista";"tracado_via";"uso_solo";"id_veiculo";"tipo_veiculo";"marca";"ano_fabricacao_veiculo";"tipo_envolvido";"estado_fisico";"idade";"sexo";"ilesos";"feridos_leves";"feridos_graves";"mortos";"latitude";"longitude";"regional";"delegacia";"uop"
742453;NA;2025-12-29;"segunda-feira";"18:30:00";"PA";316;224;"VISEU";"Sim";"Deixar de acionar o farol da motocicleta (ou similar)";2;"Tombamento";"Com V�timas Fatais";"Plena Noite";"Decrescente";"C�u Claro";"Simples";"Reta;Declive";"N�o";1325877;"Semireboque";"SR/EQUIP NEXT  4E CF/EQUIP NEXT  4E CF";2022;NA;NA;NA;NA;NA;NA;NA;NA;-1,679132;-46,720712;"SPRF-PA";"DEL01-PA";"UOP04-DEL01-PA"
742453;1662908;2025-12-29;"segunda-feira";"18:30:00";"PA";316;224;"VISEU";"Sim";"Deixar de acionar o farol da motocicleta (ou similar)";2;"Tombamento";"Com V�timas Fatais";"Plena Noite";"Decrescente";"C�u Claro";"Simples";"Reta;Declive";"N�o";1325861;"Caminh�o-trator";"M.BENZ/AXOR 2544 LS/AXOR 2544 LS";2021;"Condutor";"Ileso";43;"Masculino";1;0;0;0;-1,679132;-46,720712;"SPRF-PA";"DEL01-PA";"UOP04-DEL01-PA"
742453;1662916;2025-12-29;"segunda-feira";"18:30:00";"PA";316;224;"VISEU";"Sim";"Deixar de acionar o farol da motocicleta (ou similar)";2;"Tombamento";"Com V�timas Fatais";"Plena Noite";"Decrescente";"C�u Claro";"Simples";"Reta;Declive";"N�o";1325806;"Autom�vel";"FIAT/SIENA EL FLEX/SIENA EL FLEX";2009;"Passageiro";"Les�es Graves";11;"Feminino";0;0;1;0;-1,679132;-46,720712;"SPRF-PA";"DEL01-PA";"UOP04-DEL01-PA"
742453;1662899;2025-12-29;"segunda-feira";"18:30:00";"PA";316;224;"VISEU";"Sim";"Deixar de acionar o farol da motocicleta (ou similar)";2;"Tombamento";"Com V�timas Fatais";"Plena Noite";"Decrescente";"C�u Claro";"Simples";"Reta;Declive";"N�o";1325806;"Autom�vel";"FIAT/SIENA EL FLEX/SIENA EL FLEX";2009;"Condutor";"�bito";51;"Masculino";0;0;0;1;-1,679132;-46,720712;"SPRF-PA";"DEL01-PA";"UOP04-DEL01-PA"
742453;1662891;2025-12-29;"segunda-feira";"18:30:00";"PA";316;224;"VISEU";"Sim";"Deixar de acionar o farol da motocicleta (ou similar)";2;"Tombamento";"Com V�timas Fatais";"Plena Noite";"Decrescente";"C�u Claro";"Simples";"Reta;Declive";"N�o";1325805;"Motocicleta";"HONDA/CG 125 TITAN KS/CG 125 TITAN KS";2000;"Condutor";"Les�es Leves";58;"Masculino";0;1;0;0;-1,679132;-46,720712;"SPRF-PA";"DEL01-PA";"UOP04-DEL01-PA"
742453;NA;2025-12-29;"segunda-feira";"18:30:00";"PA";316;224;"VISEU";"Sim";"Deixar de acionar o farol da motocicleta (ou similar)";1;"Colis�o traseira";"Com V�timas Fatais";"Plena Noite";"Decrescente";"C�u Claro";"Simples";"Reta;Declive";"N�o";1325877;"Semireboque";"SR/EQUIP NEXT  4E CF/EQUIP NEXT  4E CF";2022;NA;NA;NA;NA;NA;NA;NA;NA;-1,679132;-46,720712;"SPRF-PA";"DEL01-PA";"UOP04-DEL01-PA"
742453;1662908;2025-12-29;"segunda-feira";"18:30:00";"PA";316;224;"VISEU";"Sim";"Deixar de acionar o farol da motocicleta (ou similar)";1;"Colis�o traseira";"Com V�timas Fatais";"Plena Noite";"Decrescente";"C�u Claro";"Simples";"Reta;Declive";"N�o";1325861;"Caminh�o-trator";"M.BENZ/AXOR 2544 LS/AXOR 2544 LS";2021;"Condutor";"Ileso";43;"Masculino";1;0;0;0;-1,679132;-46,720712;"SPRF-PA";"DEL01-PA";"UOP04-DEL01-PA"
742453;1662916;2025-12-29;"segunda-feira";"18:30:00";"PA";316;224;"VISEU";"Sim";"Deixar de acionar o farol da motocicleta (ou similar)";1;"Colis�o traseira";"Com V�timas Fatais";"Plena Noite";"Decrescente";"C�u Claro";"Simples";"Reta;Declive";"N�o";1325806;"Autom�vel";"FIAT/SIENA EL FLEX/SIENA EL FLEX";2009;"Passageiro";"Les�es Graves";11;"Feminino";0;0;1;0;-1,679132;-46,720712;"SPRF-PA";"DEL01-PA";"UOP04-DEL01-PA"
742453;1662899;2025-12-29;"segunda-feira";"18:30:00";"PA";316;224;"VISEU";"Sim";"Deixar de acionar o farol da motocicleta (ou similar)";1;"Colis�o traseira";"Com V�timas Fatais";"Plena Noite";"Decrescente";"C�u Claro";"Simples";"Reta;Declive";"N�o";1325806;"Autom�vel";"FIAT/SIENA EL FLEX/SIENA EL FLEX";2009;"Condutor";"�bito";51;"Masculino";0;0;0;1;-1,679132;-46,720712;"SPRF-PA";"DEL01-PA";"UOP04-DEL01-PA"
742453;1662891;2025-12-29;"segunda-feira";"18:30:00";"PA";316;224;"VISEU";"Sim";"Deixar de acionar o farol da motocicleta (ou similar)";1;"Colis�o traseira";"Com V�timas Fatais";"Plena Noite";"Decrescente";"C�u Claro";"Simples";"Reta;Declive";"N�o";1325805;"Motocicleta";"HONDA/CG 125 TITAN KS/CG 125 TITAN KS";2000;"Condutor";"Les�es Leves";58;"Masculino";0;1;0;0;-1,679132;-46,720712;"SPRF-PA";"DEL01-PA";"UOP04-DEL01-PA"
742454;1662594;2025-12-29;"segunda-feira";"15:40:00";"PR";153;460,4;"UNIAO DA VITORIA";"Sim";"Demais falhas mec�nicas ou el�tricas";1;"Colis�o com objeto";"Sem V�timas";"Pleno dia";"Decrescente";"C�u Claro";"Simples";"Curva";"N�o";1325696;"Caminh�o";"FORD/CARGO1717 E/CARGO1717 E";2010;"Condutor";"Ileso";38;"Masculino";1;0;0;0;-26,23173;-51,14334;"SPRF-PR";"DEL02-PR";"UOP03-DEL02-PR"
742455;1662600;2025-12-29;"segunda-feira";"15:20:00";"RJ";101;331;"RIO DE JANEIRO";"Sim";"Aus�ncia de rea��o do condutor";3;"Queda de ocupante de ve�culo";"Com V�timas Feridas";"Pleno dia";"Decrescente";"C�u Claro";"Dupla";"Reta";"N�o";1325701;"Motocicleta";"YAMAHA/FACTOR YBR125 ED/FACTOR YBR125 ED";2011;"Condutor";"Les�es Leves";34;"Masculino";0;1;0;0;-22,86889965;-43,18004608;"SPRF-RJ";"DEL02-RJ";"UOP01-DEL02-RJ"
742455;1662599;2025-12-29;"segunda-feira";"15:20:00";"RJ";101;331;"RIO DE JANEIRO";"Sim";"Aus�ncia de rea��o do condutor";3;"Queda de ocupante de ve�culo";"Com V�timas Feridas";"Pleno dia";"Decrescente";"C�u Claro";"Dupla";"Reta";"N�o";1325697;"Autom�vel";"RENAULT/LOGAN EX 1616V A/LOGAN EX 1616V A";2011;"Condutor";"Ileso";36;"Masculino";1;0;0;0;-22,86889965;-43,18004608;"SPRF-RJ";"DEL02-RJ";"UOP01-DEL02-RJ"
742455;NA;2025-12-29;"segunda-feira";"15:20:00";"RJ";101;331;"RIO DE JANEIRO";"Sim";"Aus�ncia de rea��o do condutor";3;"Queda de ocupante de ve�culo";"Com V�timas Feridas";"Pleno dia";"Decrescente";"C�u Claro";"Dupla";"Reta";"N�o";1325699;"Reboque";"R/ISIDOC CIA 501/ISIDOC CIA 501";2022;NA;NA;NA;NA;NA;NA;NA;NA;-22,86889965;-43,18004608;"SPRF-RJ";"DEL02-RJ";"UOP01-DEL02-RJ"
742455;1662600;2025-12-29;"segunda-feira";"15:20:00";"RJ";101;331;"RIO DE JANEIRO";"Sim";"Aus�ncia de rea��o do condutor";2;"Tombamento";"Com V�timas Feridas";"Pleno dia";"Decrescente";"C�u Claro";"Dupla";"Reta";"N�o";1325701;"Motocicleta";"YAMAHA/FACTOR YBR125 ED/FACTOR YBR125 ED";2011;"Condutor";"Les�es Leves";34;"Masculino";0;1;0;0;-22,86889965;-43,18004608;"SPRF-RJ";"DEL02-RJ";"UOP01-DEL02-RJ"
742455;1662599;2025-12-29;"segunda-feira";"15:20:00";"RJ";101;331;"RIO DE JANEIRO";"Sim";"Aus�ncia de rea��o do condutor";2;"Tombamento";"Com V�timas Feridas";"Pleno dia";"Decrescente";"C�u Claro";"Dupla";"Reta";"N�o";1325697;"Autom�vel";"RENAULT/LOGAN EX 1616V A/LOGAN EX 1616V A";2011;"Condutor";"Ileso";36;"Masculino";1;0;0;0;-22,86889965;-43,18004608;"SPRF-RJ";"DEL02-RJ";"UOP01-DEL02-RJ"
742455;NA;2025-12-29;"segunda-feira";"15:20:00";"RJ";101;331;"RIO DE JANEIRO";"Sim";"Aus�ncia de rea��o do condutor";2;"Tombamento";"Com V�timas Feridas";"Pleno dia";"Decrescente";"C�u Claro";"Dupla";"Reta";"N�o";1325699;"Reboque";"R/ISIDOC CIA 501/ISIDOC CIA 501";2022;NA;NA;NA;NA;NA;NA;NA;NA;-22,86889965;-43,18004608;"SPRF-RJ";"DEL02-RJ";"UOP01-DEL02-RJ"
742455;1662600;2025-12-29;"segunda-feira";"15:20:00";"RJ";101;331;"RIO DE JANEIRO";"Sim";"Aus�ncia de rea��o do condutor";1;"Colis�o traseira";"Com V�timas Feridas";"Pleno dia";"Decrescente";"C�u Claro";"Dupla";"Reta";"N�o";1325701;"Motocicleta";"YAMAHA/FACTOR YBR125 ED/FACTOR YBR125 ED";2011;"Condutor";"Les�es Leves";34;"Masculino";0;1;0;0;-22,86889965;-43,18004608;"SPRF-RJ";"DEL02-RJ";"UOP01-DEL02-RJ"
742455;1662599;2025-12-29;"segunda-feira";"15:20:00";"RJ";101;331;"RIO DE JANEIRO";"Sim";"Aus�ncia de rea��o do condutor";1;"Colis�o traseira";"Com V�timas Feridas";"Pleno dia";"Decrescente";"C�u Claro";"Dupla";"Reta";"N�o";1325697;"Autom�vel";"RENAULT/LOGAN EX 1616V A/LOGAN EX 1616V A";2011;"Condutor";"Ileso";36;"Masculino";1;0;0;0;-22,86889965;-43,18004608;"SPRF-RJ";"DEL02-RJ";"UOP01-DEL02-RJ"
742455;NA;2025-12-29;"segunda-feira";"15:20:00";"RJ";101;331;"RIO DE JANEIRO";"Sim";"Aus�ncia de rea��o do condutor";1;"Colis�o traseira";"Com V�timas Feridas";"Pleno dia";"Decrescente";"C�u Claro";"Dupla";"Reta";"N�o";1325699;"Reboque";"R/ISIDOC CIA 501/ISIDOC CIA 501";2022;NA;NA;NA;NA;NA;NA;NA;NA;-22,86889965;-43,18004608;"SPRF-RJ";"DEL02-RJ";"UOP01-DEL02-RJ"
742456;1662635;2025-12-29;"segunda-feira";"20:30:00";"GO";70;5,7;"AGUAS LINDAS DE GOIAS";"Sim";"Aus�ncia de rea��o do condutor";1;"Colis�o traseira";"Sem V�timas";"Plena Noite";"Decrescente";"C�u Claro";"Dupla";"Reta";"Sim";1325714;"Autom�vel";"N�o Informado/N�o Informado/N�o Informado";0;"Condutor";"N�o Informado";NA;"N�o Informado";0;0;0;0;-15,752115;-48,260014;"SPRF-DF";"DEL03-DF";"UOP02-DEL03-DF"
742456;1662627;2025-12-29;"segunda-feira";"20:30:00";"GO";70;5,7;"AGUAS LINDAS DE GOIAS";"Sim";"Aus�ncia de rea��o do condutor";1;"Colis�o traseira";"Sem V�timas";"Plena Noite";"Decrescente";"C�u Claro";"Dupla";"Reta";"Sim";NA;NA;"NA/NA/NA";NA;"Testemunha";"N�o Informado";NA;"N�o Informado";0;0;0;0;-15,752115;-48,260014;"SPRF-DF";"DEL03-DF";"UOP02-DEL03-DF"
742457;1662609;2025-12-29;"segunda-feira";"21:10:00";"RS";116;267;"CANOAS";"Sim";"Aus�ncia de rea��o do condutor";1;"Queda de ocupante de ve�culo";"Com V�timas Feridas";"Plena Noite";"Crescente";"C�u Claro";"M�ltipla";"Reta";"N�o";1325703;"Motocicleta";"HONDA/CG 125 FAN KS/CG 125 FAN KS";2011;"Condutor";"Les�es Leves";35;"Masculino";0;1;0;0;-29,93900472;-51,17722241;"SPRF-RS";"DEL01-RS";"UOP01-DEL01-RS"
742458;1662610;2025-12-29;"segunda-feira";"18:30:00";"PR";277;32,8;"MORRETES";"Sim";"Rea��o tardia ou ineficiente do condutor";1;"Colis�o com objeto";"Sem V�timas";"Anoitecer";"Decrescente";"C�u Claro";"Dupla";"Declive;Reta";"N�o";1325704;"Autom�vel";"CHEVROLET/CLASSIC LS/CLASSIC LS";2010;"Condutor";"N�o Informado";NA;"N�o Informado";0;0;0;0;-25,567758;-48,811273;"SPRF-PR";"DEL01-PR";"UOP05-DEL01-PR"
742460;1662709;2025-12-29;"segunda-feira";"21:30:00";"SP";116;195;"ARUJA";"Sim";"Transitar na contram�o";1;"Atropelamento de Pedestre";"Com V�timas Feridas";"Plena Noite";"Crescente";"C�u Claro";"Dupla";"Reta";"N�o";1325771;"Motocicleta";"HONDA/CG 125 FAN KS/CG 125 FAN KS";2011;"Condutor";"Les�es Leves";29;"Masculino";0;1;0;0;-23,388582;-46,275562;"SPRF-SP";"DEL01-SP";"UOP01-DEL01-SP"
742460;1662710;2025-12-29;"segunda-feira";"21:30:00";"SP";116;195;"ARUJA";"Sim";"Transitar na contram�o";1;"Atropelamento de Pedestre";"Com V�timas Feridas";"Plena Noite";"Crescente";"C�u Claro";"Dupla";"Reta";"N�o";NA;NA;"NA/NA/NA";NA;"Pedestre";"Les�es Leves";46;"Masculino";0;1;0;0;-23,388582;-46,275562;"SPRF-SP";"DEL01-SP";"UOP01-DEL01-SP"
742461;1664443;2025-12-29;"segunda-feira";"19:50:00";"AL";423;67;"AGUA BRANCA";"N�o";"Aus�ncia de rea��o do condutor";1;"Atropelamento de Animal";"Com V�timas Feridas";"Plena Noite";"Crescente";"C�u Claro";"Simples";"Reta";"N�o";1325719;"Caminhonete";"FIAT/FIOR MODIFICAR AB1/FIOR MODIFICAR AB1";2024;"Passageiro";"Les�es Graves";28;"Feminino";0;0;1;0;-9,30259;-37,879052;"SPRF-AL";"DEL03-AL";"UOP02-DEL03-AL"
742461;1664442;2025-12-29;"segunda-feira";"19:50:00";"AL";423;67;"AGUA BRANCA";"N�o";"Aus�ncia de rea��o do condutor";1;"Atropelamento de Animal";"Com V�timas Feridas";"Plena Noite";"Crescente";"C�u Claro";"Simples";"Reta";"N�o";1325719;"Caminhonete";"FIAT/FIOR MODIFICAR AB1/FIOR MODIFICAR AB1";2024;"Passageiro";"Les�es Leves";44;"Feminino";0;1;0;0;-9,30259;-37,879052;"SPRF-AL";"DEL03-AL";"UOP02-DEL03-AL"
742461;1664440;2025-12-29;"segunda-feira";"19:50:00";"AL";423;67;"AGUA BRANCA";"N�o";"Aus�ncia de rea��o do condutor";1;"Atropelamento de Animal";"Com V�timas Feridas";"Plena Noite";"Crescente";"C�u Claro";"Simples";"Reta";"N�o";1325719;"Caminhonete";"FIAT/FIOR MODIFICAR AB1/FIOR MODIFICAR AB1";2024;"Passageiro";"Les�es Graves";51;"Masculino";0;0;1;0;-9,30259;-37,879052;"SPRF-AL";"DEL03-AL";"UOP02-DEL03-AL"
742461;1662637;2025-12-29;"segunda-feira";"19:50:00";"AL";423;67;"AGUA BRANCA";"N�o";"Aus�ncia de rea��o do condutor";1;"Atropelamento de Animal";"Com V�timas Feridas";"Plena Noite";"Crescente";"C�u Claro";"Simples";"Reta";"N�o";1325719;"Caminhonete";"FIAT/FIOR MODIFICAR AB1/FIOR MODIFICAR AB1";2024;"Condutor";"Les�es Graves";63;"Masculino";0;0;1;0;-9,30259;-37,879052;"SPRF-AL";"DEL03-AL";"UOP02-DEL03-AL"
742461;1664443;2025-12-29;"segunda-feira";"19:50:00";"AL";423;67;"AGUA BRANCA";"Sim";"Animais na Pista";1;"Atropelamento de Animal";"Com V�timas Feridas";"Plena Noite";"Crescente";"C�u Claro";"Simples";"Reta";"N�o";1325719;"Caminhonete";"FIAT/FIOR MODIFICAR AB1/FIOR MODIFICAR AB1";2024;"Passageiro";"Les�es Graves";28;"Feminino";0;0;1;0;-9,30259;-37,879052;"SPRF-AL";"DEL03-AL";"UOP02-DEL03-AL"
742461;1664442;2025-12-29;"segunda-feira";"19:50:00";"AL";423;67;"AGUA BRANCA";"Sim";"Animais na Pista";1;"Atropelamento de Animal";"Com V�timas Feridas";"Plena Noite";"Crescente";"C�u Claro";"Simples";"Reta";"N�o";1325719;"Caminhonete";"FIAT/FIOR MODIFICAR AB1/FIOR MODIFICAR AB1";2024;"Passageiro";"Les�es Leves";44;"Feminino";0;1;0;0;-9,30259;-37,879052;"SPRF-AL";"DEL03-AL";"UOP02-DEL03-AL"
742461;1664440;2025-12-29;"segunda-feira";"19:50:00";"AL";423;67;"AGUA BRANCA";"Sim";"Animais na Pista";1;"Atropelamento de Animal";"Com V�timas Feridas";"Plena Noite";"Crescente";"C�u Claro";"Simples";"Reta";"N�o";1325719;"Caminhonete";"FIAT/FIOR MODIFICAR AB1/FIOR MODIFICAR AB1";2024;"Passageiro";"Les�es Graves";51;"Masculino";0;0;1;0;-9,30259;-37,879052;"SPRF-AL";"DEL03-AL";"UOP02-DEL03-AL"
742461;1662637;2025-12-29;"segunda-feira";"19:50:00";"AL";423;67;"AGUA BRANCA";"Sim";"Animais na Pista";1;"Atropelamento de Animal";"Com V�timas Feridas";"Plena Noite";"Crescente";"C�u Claro";"Simples";"Reta";"N�o";1325719;"Caminhonete";"FIAT/FIOR MODIFICAR AB1/FIOR MODIFICAR AB1";2024;"Condutor";"Les�es Graves";63;"Masculino";0;0;1;0;-9,30259;-37,879052;"SPRF-AL";"DEL03-AL";"UOP02-DEL03-AL"
742462;1662669;2025-12-29;"segunda-feira";"21:30:00";"MG";40;450,6;"CAETANOPOLIS";"Sim";"Entrada inopinada do pedestre";1;"Atropelamento de Pedestre";"Com V�timas Feridas";"Plena Noite";"Decrescente";"Nublado";"Dupla";"Curva";"N�o";1325741;"Autom�vel";"TOYOTA/COROLLA XEI 20/COROLLA XEI 20";2023;"Condutor";"Ileso";44;"Masculino";1;0;0;0;-19,32031463;-44,36564818;"SPRF-MG";"DEL02-MG";"UOP01-DEL02-MG"
742462;1662670;2025-12-29;"segunda-feira";"21:30:00";"MG";40;450,6;"CAETANOPOLIS";"Sim";"Entrada inopinada do pedestre";1;"Atropelamento de Pedestre";"Com V�timas Feridas";"Plena Noite";"Decrescente";"Nublado";"Dupla";"Curva";"N�o";NA;NA;"NA/NA/NA";NA;"Pedestre";"Les�es Graves";38;"Feminino";0;0;1;0;-19,32031463;-44,36564818;"SPRF-MG";"DEL02-MG";"UOP01-DEL02-MG"
742463;1662629;2025-12-29;"segunda-feira";"19:30:00";"SC";282;183;"BOCAINA DO SUL";"Sim";"Chuva";1;"Colis�o traseira";"Com V�timas Feridas";"Plena Noite";"Decrescente";"Chuva";"Simples";"Reta;Declive";"N�o";1325716;"Camioneta";"I/GWM HAVAL H6 PHEV 19/GWM HAVAL H6 PHEV 19";2024;"Condutor";"Ileso";56;"Masculino";1;0;0;0;-27,733428;-49,970278;"SPRF-SC";"DEL05-SC";"UOP01-DEL05-SC"
742463;1662630;2025-12-29;"segunda-feira";"19:30:00";"SC";282;183;"BOCAINA DO SUL";"Sim";"Chuva";1;"Colis�o traseira";"Com V�timas Feridas";"Plena Noite";"Decrescente";"Chuva";"Simples";"Reta;Declive";"N�o";1325716;"Camioneta";"I/GWM HAVAL H6 PHEV 19/GWM HAVAL H6 PHEV 19";2024;"Passageiro";"Ileso";55;"Feminino";1;0;0;0;-27,733428;-49,970278;"SPRF-SC";"DEL05-SC";"UOP01-DEL05-SC"
742463;1662628;2025-12-29;"segunda-feira";"19:30:00";"SC";282;183;"BOCAINA DO SUL";"Sim";"Chuva";1;"Colis�o traseira";"Com V�timas Feridas";"Plena Noite";"Decrescente";"Chuva";"Simples";"Reta;Declive";"N�o";1325715;"Autom�vel";"VW/PARATI 1.6/PARATI 1.6";2007;"Condutor";"Les�es Leves";61;"Masculino";0;1;0;0;-27,733428;-49,970278;"SPRF-SC";"DEL05-SC";"UOP01-DEL05-SC"
742464;1662639;2025-12-29;"segunda-feira";"18:10:00";"RJ";116;275;"BARRA MANSA";"Sim";"Pedestre andava na pista";1;"Atropelamento de Pedestre";"Com V�timas Feridas";"Plena Noite";"Decrescente";"Nublado";"Dupla";"Reta";"Sim";1325722;"Motocicleta";"N�o Informado/N�o Informado/N�o Informado";0;"Condutor";"N�o Informado";NA;"N�o Informado";0;0;0;0;-22,56273842;-44,15835265;"SPRF-RJ";"DEL07-RJ";"UOP02-DEL07-RJ"
742464;1662638;2025-12-29;"segunda-feira";"18:10:00";"RJ";116;275;"BARRA MANSA";"Sim";"Pedestre andava na pista";1;"Atropelamento de Pedestre";"Com V�timas Feridas";"Plena Noite";"Decrescente";"Nublado";"Dupla";"Reta";"Sim";NA;NA;"NA/NA/NA";NA;"Pedestre";"Les�es Leves";30;"Masculino";0;1;0;0;-22,56273842;-44,15835265;"SPRF-RJ";"DEL07-RJ";"UOP02-DEL07-RJ"
742465;1662685;2025-12-29;"segunda-feira";"22:13:00";"TO";153;138;"ARAGUAINA";"N�o";"Ilumina��o deficiente";1;"Queda de ocupante de ve�culo";"Com V�timas Feridas";"Plena Noite";"Decrescente";"C�u Claro";"Dupla";"Reta";"Sim";1325755;"Motocicleta";"HONDA/CG 160 FAN/CG 160 FAN";2018;"Condutor";"Les�es Leves";20;"Feminino";0;1;0;0;-7,15571;-48,204268;"SPRF-TO";"DEL02-TO";"UOP01-DEL02-TO"
742465;1662685;2025-12-29;"segunda-feira";"22:13:00";"TO";153;138;"ARAGUAINA";"Sim";"Ingest�o de �lcool pelo condutor";1;"Queda de ocupante de ve�culo";"Com V�timas Feridas";"Plena Noite";"Decrescente";"C�u Claro";"Dupla";"Reta";"Sim";1325755;"Motocicleta";"HONDA/CG 160 FAN/CG 160 FAN";2018;"Condutor";"Les�es Leves";20;"Feminino";0;1;0;0;-7,15571;-48,204268;"SPRF-TO";"DEL02-TO";"UOP01-DEL02-TO"
742466;1663916;2025-12-29;"segunda-feira";"19:00:00";"RO";364;224;"CACOAL";"Sim";"Desrespeitar a prefer�ncia no cruzamento";3;"Queda de ocupante de ve�culo";"Com V�timas Feridas";"Plena Noite";"Crescente";"Nublado";"Simples";"Interse��o de Vias";"Sim";1326626;"Autom�vel";"FIAT/UNO MILLE FIRE FLEX/UNO MILLE FIRE FLEX";2008;"Condutor";"N�o Informado";NA;"N�o Informado";0;0;0;0;-11,509918;-61,360753;"SPRF-RO";"DEL02-RO";"UOP02-DEL02-RO"
742466;1662648;2025-12-29;"segunda-feira";"19:00:00";"RO";364;224;"CACOAL";"Sim";"Desrespeitar a prefer�ncia no cruzamento";3;"Queda de ocupante de ve�culo";"Com V�timas Feridas";"Plena Noite";"Crescente";"Nublado";"Simples";"Interse��o de Vias";"Sim";1325730;"Motoneta";"HONDA/BIZ ES/BIZ ES";2025;"Condutor";"Les�es Leves";22;"Feminino";0;1;0;0;-11,509918;-61,360753;"SPRF-RO";"DEL02-RO";"UOP02-DEL02-RO"
742466;1663916;2025-12-29;"segunda-feira";"19:00:00";"RO";364;224;"CACOAL";"Sim";"Desrespeitar a prefer�ncia no cruzamento";2;"Tombamento";"Com V�timas Feridas";"Plena Noite";"Crescente";"Nublado";"Simples";"Interse��o de Vias";"Sim";1326626;"Autom�vel";"FIAT/UNO MILLE FIRE FLEX/UNO MILLE FIRE FLEX";2008;"Condutor";"N�o Informado";NA;"N�o Informado";0;0;0;0;-11,509918;-61,360753;"SPRF-RO";"DEL02-RO";"UOP02-DEL02-RO"
742466;1662648;2025-12-29;"segunda-feira";"19:00:00";"RO";364;224;"CACOAL";"Sim";"Desrespeitar a prefer�ncia no cruzamento";2;"Tombamento";"Com V�timas Feridas";"Plena Noite";"Crescente";"Nublado";"Simples";"Interse��o de Vias";"Sim";1325730;"Motoneta";"HONDA/BIZ ES/BIZ ES";2025;"Condutor";"Les�es Leves";22;"Feminino";0;1;0;0;-11,509918;-61,360753;"SPRF-RO";"DEL02-RO";"UOP02-DEL02-RO"
742466;1663916;2025-12-29;"segunda-feira";"19:00:00";"RO";364;224;"CACOAL";"Sim";"Desrespeitar a prefer�ncia no cruzamento";1;"Colis�o transversal";"Com V�timas Feridas";"Plena Noite";"Crescente";"Nublado";"Simples";"Interse��o de Vias";"Sim";1326626;"Autom�vel";"FIAT/UNO MILLE FIRE FLEX/UNO MILLE FIRE FLEX";2008;"Condutor";"N�o Informado";NA;"N�o Informado";0;0;0;0;-11,509918;-61,360753;"SPRF-RO";"DEL02-RO";"UOP02-DEL02-RO"
742466;1662648;2025-12-29;"segunda-feira";"19:00:00";"RO";364;224;"CACOAL";"Sim";"Desrespeitar a prefer�ncia no cruzamento";1;"Colis�o transversal";"Com V�timas Feridas";"Plena Noite";"Crescente";"Nublado";"Simples";"Interse��o de Vias";"Sim";1325730;"Motoneta";"HONDA/BIZ ES/BIZ ES";2025;"Condutor";"Les�es Leves";22;"Feminino";0;1;0;0;-11,509918;-61,360753;"SPRF-RO";"DEL02-RO";"UOP02-DEL02-RO"
742466;1663916;2025-12-29;"segunda-feira";"19:00:00";"RO";364;224;"CACOAL";"N�o";"Aus�ncia de sinaliza��o";3;"Queda de ocupante de ve�culo";"Com V�timas Feridas";"Plena Noite";"Crescente";"Nublado";"Simples";"Interse��o de Vias";"Sim";1326626;"Autom�vel";"FIAT/UNO MILLE FIRE FLEX/UNO MILLE FIRE FLEX";2008;"Condutor";"N�o Informado";NA;"N�o Informado";0;0;0;0;-11,509918;-61,360753;"SPRF-RO";"DEL02-RO";"UOP02-DEL02-RO"
742466;1662648;2025-12-29;"segunda-feira";"19:00:00";"RO";364;224;"CACOAL";"N�o";"Aus�ncia de sinaliza��o";3;"Queda de ocupante de ve�culo";"Com V�timas Feridas";"Plena Noite";"Crescente";"Nublado";"Simples";"Interse��o de Vias";"Sim";1325730;"Motoneta";"HONDA/BIZ ES/BIZ ES";2025;"Condutor";"Les�es Leves";22;"Feminino";0;1;0;0;-11,509918;-61,360753;"SPRF-RO";"DEL02-RO";"UOP02-DEL02-RO"
742466;1663916;2025-12-29;"segunda-feira";"19:00:00";"RO";364;224;"CACOAL";"N�o";"Aus�ncia de sinaliza��o";2;"Tombamento";"Com V�timas Feridas";"Plena Noite";"Crescente";"Nublado";"Simples";"Interse��o de Vias";"Sim";1326626;"Autom�vel";"FIAT/UNO MILLE FIRE FLEX/UNO MILLE FIRE FLEX";2008;"Condutor";"N�o Informado";NA;"N�o Informado";0;0;0;0;-11,509918;-61,360753;"SPRF-RO";"DEL02-RO";"UOP02-DEL02-RO"
742466;1662648;2025-12-29;"segunda-feira";"19:00:00";"RO";364;224;"CACOAL";"N�o";"Aus�ncia de sinaliza��o";2;"Tombamento";"Com V�timas Feridas";"Plena Noite";"Crescente";"Nublado";"Simples";"Interse��o de Vias";"Sim";1325730;"Motoneta";"HONDA/BIZ ES/BIZ ES";2025;"Condutor";"Les�es Leves";22;"Feminino";0;1;0;0;-11,509918;-61,360753;"SPRF-RO";"DEL02-RO";"UOP02-DEL02-RO"
742466;1663916;2025-12-29;"segunda-feira";"19:00:00";"RO";364;224;"CACOAL";"N�o";"Aus�ncia de sinaliza��o";1;"Colis�o transversal";"Com V�timas Feridas";"Plena Noite";"Crescente";"Nublado";"Simples";"Interse��o de Vias";"Sim";1326626;"Autom�vel";"FIAT/UNO MILLE FIRE FLEX/UNO MILLE FIRE FLEX";2008;"Condutor";"N�o Informado";NA;"N�o Informado";0;0;0;0;-11,509918;-61,360753;"SPRF-RO";"DEL02-RO";"UOP02-DEL02-RO"