"id";"pesid";"data_inversa";"dia_semana";"horario";"uf";"br";"km";"municipio";"causa_principal";"causa_acidente";"ordem_tipo_acidente";"tipo_acidente";"classificacao_acidente";"fase_dia";"sentido_via";"condicao_metereologica";"tipo_pista";"tracado_via";"uso_solo";"id_veiculo";"tipo_veiculo";"marca";"ano_fabricacao_veiculo";"tipo_envolvido";"estado_fisico";"idade";"sexo";"ilesos";"feridos_leves";"feridos_graves";"mortos";"latitude";"longitude";"regional";"delegacia";"uop"
742466;1662648;2025-12-29;"segunda-feira";"19:00:00";"RO";364;224;"CACOAL";"N�o";"Aus�ncia de sinaliza��o";1;"Colis�o transversal";"Com V�timas Feridas";"Plena Noite";"Crescente";"Nublado";"Simples";"Interse��o de Vias";"Sim";1325730;"Motoneta";"HONDA/BIZ ES/BIZ ES";2025;"Condutor";"Les�es Leves";22;"Feminino";0;1;0;0;-11,509918;-61,360753;"SPRF-RO";"DEL02-RO";"UOP02-DEL02-RO"
742467;1662665;2025-12-29;"segunda-feira";"23:20:00";"SC";101;197,2;"BIGUACU";"N�o";"Pista Escorregadia";3;"Queda de ocupante de ve�culo";"Com V�timas Feridas";"Plena Noite";"Crescente";"Chuva";"M�ltipla";"Reta;Declive";"Sim";1325738;"Motocicleta";"HONDA/CG 125 FAN KS/CG 125 FAN KS";2010;"Passageiro";"Les�es Graves";17;"Masculino";0;0;1;0;-27,5209235;-48,63787355;"SPRF-SC";"DEL01-SC";"UOP01-DEL01-SC"
742467;1662664;2025-12-29;"segunda-feira";"23:20:00";"SC";101;197,2;"BIGUACU";"N�o";"Pista Escorregadia";3;"Queda de ocupante de ve�culo";"Com V�timas Feridas";"Plena Noite";"Crescente";"Chuva";"M�ltipla";"Reta;Declive";"Sim";1325738;"Motocicleta";"HONDA/CG 125 FAN KS/CG 125 FAN KS";2010;"Condutor";"Les�es Graves";21;"Masculino";0;0;1;0;-27,5209235;-48,63787355;"SPRF-SC";"DEL01-SC";"UOP01-DEL01-SC"
742467;1662663;2025-12-29;"segunda-feira";"23:20:00";"SC";101;197,2;"BIGUACU";"N�o";"Pista Escorregadia";3;"Queda de ocupante de ve�culo";"Com V�timas Feridas";"Plena Noite";"Crescente";"Chuva";"M�ltipla";"Reta;Declive";"Sim";1325737;"Autom�vel";"VW/FOX 1.0 GII/FOX 1.0 GII";2011;"Condutor";"Ileso";63;"Masculino";1;0;0;0;-27,5209235;-48,63787355;"SPRF-SC";"DEL01-SC";"UOP01-DEL01-SC"
742467;1662665;2025-12-29;"segunda-feira";"23:20:00";"SC";101;197,2;"BIGUACU";"N�o";"Pista Escorregadia";2;"Tombamento";"Com V�timas Feridas";"Plena Noite";"Crescente";"Chuva";"M�ltipla";"Reta;Declive";"Sim";1325738;"Motocicleta";"HONDA/CG 125 FAN KS/CG 125 FAN KS";2010;"Passageiro";"Les�es Graves";17;"Masculino";0;0;1;0;-27,5209235;-48,63787355;"SPRF-SC";"DEL01-SC";"UOP01-DEL01-SC"
742467;1662664;2025-12-29;"segunda-feira";"23:20:00";"SC";101;197,2;"BIGUACU";"N�o";"Pista Escorregadia";2;"Tombamento";"Com V�timas Feridas";"Plena Noite";"Crescente";"Chuva";"M�ltipla";"Reta;Declive";"Sim";1325738;"Motocicleta";"HONDA/CG 125 FAN KS/CG 125 FAN KS";2010;"Condutor";"Les�es Graves";21;"Masculino";0;0;1;0;-27,5209235;-48,63787355;"SPRF-SC";"DEL01-SC";"UOP01-DEL01-SC"
742467;1662663;2025-12-29;"segunda-feira";"23:20:00";"SC";101;197,2;"BIGUACU";"N�o";"Pista Escorregadia";2;"Tombamento";"Com V�timas Feridas";"Plena Noite";"Crescente";"Chuva";"M�ltipla";"Reta;Declive";"Sim";1325737;"Autom�vel";"VW/FOX 1.0 GII/FOX 1.0 GII";2011;"Condutor";"Ileso";63;"Masculino";1;0;0;0;-27,5209235;-48,63787355;"SPRF-SC";"DEL01-SC";"UOP01-DEL01-SC"
742467;1662665;2025-12-29;"segunda-feira";"23:20:00";"SC";101;197,2;"BIGUACU";"N�o";"Pista Escorregadia";1;"Colis�o frontal";"Com V�timas Feridas";"Plena Noite";"Crescente";"Chuva";"M�ltipla";"Reta;Declive";"Sim";1325738;"Motocicleta";"HONDA/CG 125 FAN KS/CG 125 FAN KS";2010;"Passageiro";"Les�es Graves";17;"Masculino";0;0;1;0;-27,5209235;-48,63787355;"SPRF-SC";"DEL01-SC";"UOP01-DEL01-SC"
742467;1662664;2025-12-29;"segunda-feira";"23:20:00";"SC";101;197,2;"BIGUACU";"N�o";"Pista Escorregadia";1;"Colis�o frontal";"Com V�timas Feridas";"Plena Noite";"Crescente";"Chuva";"M�ltipla";"Reta;Declive";"Sim";1325738;"Motocicleta";"HONDA/CG 125 FAN KS/CG 125 FAN KS";2010;"Condutor";"Les�es Graves";21;"Masculino";0;0;1;0;-27,5209235;-48,63787355;"SPRF-SC";"DEL01-SC";"UOP01-DEL01-SC"
742467;1662663;2025-12-29;"segunda-feira";"23:20:00";"SC";101;197,2;"BIGUACU";"N�o";"Pista Escorregadia";1;"Colis�o frontal";"Com V�timas Feridas";"Plena Noite";"Crescente";"Chuva";"M�ltipla";"Reta;Declive";"Sim";1325737;"Autom�vel";"VW/FOX 1.0 GII/FOX 1.0 GII";2011;"Condutor";"Ileso";63;"Masculino";1;0;0;0;-27,5209235;-48,63787355;"SPRF-SC";"DEL01-SC";"UOP01-DEL01-SC"
742467;1662665;2025-12-29;"segunda-feira";"23:20:00";"SC";101;197,2;"BIGUACU";"N�o";"Chuva";3;"Queda de ocupante de ve�culo";"Com V�timas Feridas";"Plena Noite";"Crescente";"Chuva";"M�ltipla";"Reta;Declive";"Sim";1325738;"Motocicleta";"HONDA/CG 125 FAN KS/CG 125 FAN KS";2010;"Passageiro";"Les�es Graves";17;"Masculino";0;0;1;0;-27,5209235;-48,63787355;"SPRF-SC";"DEL01-SC";"UOP01-DEL01-SC"
742467;1662664;2025-12-29;"segunda-feira";"23:20:00";"SC";101;197,2;"BIGUACU";"N�o";"Chuva";3;"Queda de ocupante de ve�culo";"Com V�timas Feridas";"Plena Noite";"Crescente";"Chuva";"M�ltipla";"Reta;Declive";"Sim";1325738;"Motocicleta";"HONDA/CG 125 FAN KS/CG 125 FAN KS";2010;"Condutor";"Les�es Graves";21;"Masculino";0;0;1;0;-27,5209235;-48,63787355;"SPRF-SC";"DEL01-SC";"UOP01-DEL01-SC"
742467;1662663;2025-12-29;"segunda-feira";"23:20:00";"SC";101;197,2;"BIGUACU";"N�o";"Chuva";3;"Queda de ocupante de ve�culo";"Com V�timas Feridas";"Plena Noite";"Crescente";"Chuva";"M�ltipla";"Reta;Declive";"Sim";1325737;"Autom�vel";"VW/FOX 1.0 GII/FOX 1.0 GII";2011;"Condutor";"Ileso";63;"Masculino";1;0;0;0;-27,5209235;-48,63787355;"SPRF-SC";"DEL01-SC";"UOP01-DEL01-SC"
742467;1662665;2025-12-29;"segunda-feira";"23:20:00";"SC";101;197,2;"BIGUACU";"N�o";"Chuva";2;"Tombamento";"Com V�timas Feridas";"Plena Noite";"Crescente";"Chuva";"M�ltipla";"Reta;Declive";"Sim";1325738;"Motocicleta";"HONDA/CG 125 FAN KS/CG 125 FAN KS";2010;"Passageiro";"Les�es Graves";17;"Masculino";0;0;1;0;-27,5209235;-48,63787355;"SPRF-SC";"DEL01-SC";"UOP01-DEL01-SC"
742467;1662664;2025-12-29;"segunda-feira";"23:20:00";"SC";101;197,2;"BIGUACU";"N�o";"Chuva";2;"Tombamento";"Com V�timas Feridas";"Plena Noite";"Crescente";"Chuva";"M�ltipla";"Reta;Declive";"Sim";1325738;"Motocicleta";"HONDA/CG 125 FAN KS/CG 125 FAN KS";2010;"Condutor";"Les�es Graves";21;"Masculino";0;0;1;0;-27,5209235;-48,63787355;"SPRF-SC";"DEL01-SC";"UOP01-DEL01-SC"
742467;1662663;2025-12-29;"segunda-feira";"23:20:00";"SC";101;197,2;"BIGUACU";"N�o";"Chuva";2;"Tombamento";"Com V�timas Feridas";"Plena Noite";"Crescente";"Chuva";"M�ltipla";"Reta;Declive";"Sim";1325737;"Autom�vel";"VW/FOX 1.0 GII/FOX 1.0 GII";2011;"Condutor";"Ileso";63;"Masculino";1;0;0;0;-27,5209235;-48,63787355;"SPRF-SC";"DEL01-SC";"UOP01-DEL01-SC"
742467;1662665;2025-12-29;"segunda-feira";"23:20:00";"SC";101;197,2;"BIGUACU";"N�o";"Chuva";1;"Colis�o frontal";"Com V�timas Feridas";"Plena Noite";"Crescente";"Chuva";"M�ltipla";"Reta;Declive";"Sim";1325738;"Motocicleta";"HONDA/CG 125 FAN KS/CG 125 FAN KS";2010;"Passageiro";"Les�es Graves";17;"Masculino";0;0;1;0;-27,5209235;-48,63787355;"SPRF-SC";"DEL01-SC";"UOP01-DEL01-SC"
742467;1662664;2025-12-29;"segunda-feira";"23:20:00";"SC";101;197,2;"BIGUACU";"N�o";"Chuva";1;"Colis�o frontal";"Com V�timas Feridas";"Plena Noite";"Crescente";"Chuva";"M�ltipla";"Reta;Declive";"Sim";1325738;"Motocicleta";"HONDA/CG 125 FAN KS/CG 125 FAN KS";2010;"Condutor";"Les�es Graves";21;"Masculino";0;0;1;0;-27,5209235;-48,63787355;"SPRF-SC";"DEL01-SC";"UOP01-DEL01-SC"
742467;1662663;2025-12-29;"segunda-feira";"23:20:00";"SC";101;197,2;"BIGUACU";"N�o";"Chuva";1;"Colis�o frontal";"Com V�timas Feridas";"Plena Noite";"Crescente";"Chuva";"M�ltipla";"Reta;Declive";"Sim";1325737;"Autom�vel";"VW/FOX 1.0 GII/FOX 1.0 GII";2011;"Condutor";"Ileso";63;"Masculino";1;0;0;0;-27,5209235;-48,63787355;"SPRF-SC";"DEL01-SC";"UOP01-DEL01-SC"
742467;1662665;2025-12-29;"segunda-feira";"23:20:00";"SC";101;197,2;"BIGUACU";"N�o";"Transitar na contram�o";3;"Queda de ocupante de ve�culo";"Com V�timas Feridas";"Plena Noite";"Crescente";"Chuva";"M�ltipla";"Reta;Declive";"Sim";1325738;"Motocicleta";"HONDA/CG 125 FAN KS/CG 125 FAN KS";2010;"Passageiro";"Les�es Graves";17;"Masculino";0;0;1;0;-27,5209235;-48,63787355;"SPRF-SC";"DEL01-SC";"UOP01-DEL01-SC"
742467;1662664;2025-12-29;"segunda-feira";"23:20:00";"SC";101;197,2;"BIGUACU";"N�o";"Transitar na contram�o";3;"Queda de ocupante de ve�culo";"Com V�timas Feridas";"Plena Noite";"Crescente";"Chuva";"M�ltipla";"Reta;Declive";"Sim";1325738;"Motocicleta";"HONDA/CG 125 FAN KS/CG 125 FAN KS";2010;"Condutor";"Les�es Graves";21;"Masculino";0;0;1;0;-27,5209235;-48,63787355;"SPRF-SC";"DEL01-SC";"UOP01-DEL01-SC"
742467;1662663;2025-12-29;"segunda-feira";"23:20:00";"SC";101;197,2;"BIGUACU";"N�o";"Transitar na contram�o";3;"Queda de ocupante de ve�culo";"Com V�timas Feridas";"Plena Noite";"Crescente";"Chuva";"M�ltipla";"Reta;Declive";"Sim";1325737;"Autom�vel";"VW/FOX 1.0 GII/FOX 1.0 GII";2011;"Condutor";"Ileso";63;"Masculino";1;0;0;0;-27,5209235;-48,63787355;"SPRF-SC";"DEL01-SC";"UOP01-DEL01-SC"
742467;1662665;2025-12-29;"segunda-feira";"23:20:00";"SC";101;197,2;"BIGUACU";"N�o";"Transitar na contram�o";2;"Tombamento";"Com V�timas Feridas";"Plena Noite";"Crescente";"Chuva";"M�ltipla";"Reta;Declive";"Sim";1325738;"Motocicleta";"HONDA/CG 125 FAN KS/CG 125 FAN KS";2010;"Passageiro";"Les�es Graves";17;"Masculino";0;0;1;0;-27,5209235;-48,63787355;"SPRF-SC";"DEL01-SC";"UOP01-DEL01-SC"
742467;1662664;2025-12-29;"segunda-feira";"23:20:00";"SC";101;197,2;"BIGUACU";"N�o";"Transitar na contram�o";2;"Tombamento";"Com V�timas Feridas";"Plena Noite";"Crescente";"Chuva";"M�ltipla";"Reta;Declive";"Sim";1325738;"Motocicleta";"HONDA/CG 125 FAN KS/CG 125 FAN KS";2010;"Condutor";"Les�es Graves";21;"Masculino";0;0;1;0;-27,5209235;-48,63787355;"SPRF-SC";"DEL01-SC";"UOP01-DEL01-SC"
742467;1662663;2025-12-29;"segunda-feira";"23:20:00";"SC";101;197,2;"BIGUACU";"N�o";"Transitar na contram�o";2;"Tombamento";"Com V�timas Feridas";"Plena Noite";"Crescente";"Chuva";"M�ltipla";"Reta;Declive";"Sim";1325737;"Autom�vel";"VW/FOX 1.0 GII/FOX 1.0 GII";2011;"Condutor";"Ileso";63;"Masculino";1;0;0;0;-27,5209235;-48,63787355;"SPRF-SC";"DEL01-SC";"UOP01-DEL01-SC"
742467;1662665;2025-12-29;"segunda-feira";"23:20:00";"SC";101;197,2;"BIGUACU";"N�o";"Transitar na contram�o";1;"Colis�o frontal";"Com V�timas Feridas";"Plena Noite";"Crescente";"Chuva";"M�ltipla";"Reta;Declive";"Sim";1325738;"Motocicleta";"HONDA/CG 125 FAN KS/CG 125 FAN KS";2010;"Passageiro";"Les�es Graves";17;"Masculino";0;0;1;0;-27,5209235;-48,63787355;"SPRF-SC";"DEL01-SC";"UOP01-DEL01-SC"
742467;1662664;2025-12-29;"segunda-feira";"23:20:00";"SC";101;197,2;"BIGUACU";"N�o";"Transitar na contram�o";1;"Colis�o frontal";"Com V�timas Feridas";"Plena Noite";"Crescente";"Chuva";"M�ltipla";"Reta;Declive";"Sim";1325738;"Motocicleta";"HONDA/CG 125 FAN KS/CG 125 FAN KS";2010;"Condutor";"Les�es Graves";21;"Masculino";0;0;1;0;-27,5209235;-48,63787355;"SPRF-SC";"DEL01-SC";"UOP01-DEL01-SC"
742467;1662663;2025-12-29;"segunda-feira";"23:20:00";"SC";101;197,2;"BIGUACU";"N�o";"Transitar na contram�o";1;"Colis�o frontal";"Com V�timas Feridas";"Plena Noite";"Crescente";"Chuva";"M�ltipla";"Reta;Declive";"Sim";1325737;"Autom�vel";"VW/FOX 1.0 GII/FOX 1.0 GII";2011;"Condutor";"Ileso";63;"Masculino";1;0;0;0;-27,5209235;-48,63787355;"SPRF-SC";"DEL01-SC";"UOP01-DEL01-SC"
742467;1662665;2025-12-29;"segunda-feira";"23:20:00";"SC";101;197,2;"BIGUACU";"Sim";"Rea��o tardia ou ineficiente do condutor";3;"Queda de ocupante de ve�culo";"Com V�timas Feridas";"Plena Noite";"Crescente";"Chuva";"M�ltipla";"Reta;Declive";"Sim";1325738;"Motocicleta";"HONDA/CG 125 FAN KS/CG 125 FAN KS";2010;"Passageiro";"Les�es Graves";17;"Masculino";0;0;1;0;-27,5209235;-48,63787355;"SPRF-SC";"DEL01-SC";"UOP01-DEL01-SC"
742467;1662664;2025-12-29;"segunda-feira";"23:20:00";"SC";101;197,2;"BIGUACU";"Sim";"Rea��o tardia ou ineficiente do condutor";3;"Queda de ocupante de ve�culo";"Com V�timas Feridas";"Plena Noite";"Crescente";"Chuva";"M�ltipla";"Reta;Declive";"Sim";1325738;"Motocicleta";"HONDA/CG 125 FAN KS/CG 125 FAN KS";2010;"Condutor";"Les�es Graves";21;"Masculino";0;0;1;0;-27,5209235;-48,63787355;"SPRF-SC";"DEL01-SC";"UOP01-DEL01-SC"
742467;1662663;2025-12-29;"segunda-feira";"23:20:00";"SC";101;197,2;"BIGUACU";"Sim";"Rea��o tardia ou ineficiente do condutor";3;"Queda de ocupante de ve�culo";"Com V�timas Feridas";"Plena Noite";"Crescente";"Chuva";"M�ltipla";"Reta;Declive";"Sim";1325737;"Autom�vel";"VW/FOX 1.0 GII/FOX 1.0 GII";2011;"Condutor";"Ileso";63;"Masculino";1;0;0;0;-27,5209235;-48,63787355;"SPRF-SC";"DEL01-SC";"UOP01-DEL01-SC"
742467;1662665;2025-12-29;"segunda-feira";"23:20:00";"SC";101;197,2;"BIGUACU";"Sim";"Rea��o tardia ou ineficiente do condutor";2;"Tombamento";"Com V�timas Feridas";"Plena Noite";"Crescente";"Chuva";"M�ltipla";"Reta;Declive";"Sim";1325738;"Motocicleta";"HONDA/CG 125 FAN KS/CG 125 FAN KS";2010;"Passageiro";"Les�es Graves";17;"Masculino";0;0;1;0;-27,5209235;-48,63787355;"SPRF-SC";"DEL01-SC";"UOP01-DEL01-SC"
742467;1662664;2025-12-29;"segunda-feira";"23:20:00";"SC";101;197,2;"BIGUACU";"Sim";"Rea��o tardia ou ineficiente do condutor";2;"Tombamento";"Com V�timas Feridas";"Plena Noite";"Crescente";"Chuva";"M�ltipla";"Reta;Declive";"Sim";1325738;"Motocicleta";"HONDA/CG 125 FAN KS/CG 125 FAN KS";2010;"Condutor";"Les�es Graves";21;"Masculino";0;0;1;0;-27,5209235;-48,63787355;"SPRF-SC";"DEL01-SC";"UOP01-DEL01-SC"
742467;1662663;2025-12-29;"segunda-feira";"23:20:00";"SC";101;197,2;"BIGUACU";"Sim";"Rea��o tardia ou ineficiente do condutor";2;"Tombamento";"Com V�timas Feridas";"Plena Noite";"Crescente";"Chuva";"M�ltipla";"Reta;Declive";"Sim";1325737;"Autom�vel";"VW/FOX 1.0 GII/FOX 1.0 GII";2011;"Condutor";"Ileso";63;"Masculino";1;0;0;0;-27,5209235;-48,63787355;"SPRF-SC";"DEL01-SC";"UOP01-DEL01-SC"
742467;1662665;2025-12-29;"segunda-feira";"23:20:00";"SC";101;197,2;"BIGUACU";"Sim";"Rea��o tardia ou ineficiente do condutor";1;"Colis�o frontal";"Com V�timas Feridas";"Plena Noite";"Crescente";"Chuva";"M�ltipla";"Reta;Declive";"Sim";1325738;"Motocicleta";"HONDA/CG 125 FAN KS/CG 125 FAN KS";2010;"Passageiro";"Les�es Graves";17;"Masculino";0;0;1;0;-27,5209235;-48,63787355;"SPRF-SC";"DEL01-SC";"UOP01-DEL01-SC"
742467;1662664;2025-12-29;"segunda-feira";"23:20:00";"SC";101;197,2;"BIGUACU";"Sim";"Rea��o tardia ou ineficiente do condutor";1;"Colis�o frontal";"Com V�timas Feridas";"Plena Noite";"Crescente";"Chuva";"M�ltipla";"Reta;Declive";"Sim";1325738;"Motocicleta";"HONDA/CG 125 FAN KS/CG 125 FAN KS";2010;"Condutor";"Les�es Graves";21;"Masculino";0;0;1;0;-27,5209235;-48,63787355;"SPRF-SC";"DEL01-SC";"UOP01-DEL01-SC"
742467;1662663;2025-12-29;"segunda-feira";"23:20:00";"SC";101;197,2;"BIGUACU";"Sim";"Rea��o tardia ou ineficiente do condutor";1;"Colis�o frontal";"Com V�timas Feridas";"Plena Noite";"Crescente";"Chuva";"M�ltipla";"Reta;Declive";"Sim";1325737;"Autom�vel";"VW/FOX 1.0 GII/FOX 1.0 GII";2011;"Condutor";"Ileso";63;"Masculino";1;0;0;0;-27,5209235;-48,63787355;"SPRF-SC";"DEL01-SC";"UOP01-DEL01-SC"
742468;1665839;2025-11-25;"ter�a-feira";"18:56:00";"PA";163;310;"NOVO PROGRESSO";"N�o";"Rea��o tardia ou ineficiente do condutor";2;"Queda de ocupante de ve�culo";"Com V�timas Feridas";"Plena Noite";"Crescente";"C�u Claro";"Simples";"Reta";"Sim";1327836;"Autom�vel";"N�o Informado/N�o Informado/N�o Informado";0;"Condutor";"N�o Informado";NA;"N�o Informado";0;0;0;0;-7,045306;-55,412611;"SPRF-PA";"DEL05-PA";"UOP03-DEL05-PA"
742468;1665816;2025-11-25;"ter�a-feira";"18:56:00";"PA";163;310;"NOVO PROGRESSO";"N�o";"Rea��o tardia ou ineficiente do condutor";2;"Queda de ocupante de ve�culo";"Com V�timas Feridas";"Plena Noite";"Crescente";"C�u Claro";"Simples";"Reta";"Sim";1327851;"Motocicleta";"HONDA/POP 110I/POP 110I";0;"Condutor";"Les�es Leves";NA;"Masculino";0;1;0;0;-7,045306;-55,412611;"SPRF-PA";"DEL05-PA";"UOP03-DEL05-PA"
742468;1665839;2025-11-25;"ter�a-feira";"18:56:00";"PA";163;310;"NOVO PROGRESSO";"N�o";"Rea��o tardia ou ineficiente do condutor";1;"Colis�o traseira";"Com V�timas Feridas";"Plena Noite";"Crescente";"C�u Claro";"Simples";"Reta";"Sim";1327836;"Autom�vel";"N�o Informado/N�o Informado/N�o Informado";0;"Condutor";"N�o Informado";NA;"N�o Informado";0;0;0;0;-7,045306;-55,412611;"SPRF-PA";"DEL05-PA";"UOP03-DEL05-PA"
742468;1665816;2025-11-25;"ter�a-feira";"18:56:00";"PA";163;310;"NOVO PROGRESSO";"N�o";"Rea��o tardia ou ineficiente do condutor";1;"Colis�o traseira";"Com V�timas Feridas";"Plena Noite";"Crescente";"C�u Claro";"Simples";"Reta";"Sim";1327851;"Motocicleta";"HONDA/POP 110I/POP 110I";0;"Condutor";"Les�es Leves";NA;"Masculino";0;1;0;0;-7,045306;-55,412611;"SPRF-PA";"DEL05-PA";"UOP03-DEL05-PA"
742468;1665839;2025-11-25;"ter�a-feira";"18:56:00";"PA";163;310;"NOVO PROGRESSO";"Sim";"Manobra de mudan�a de faixa";2;"Queda de ocupante de ve�culo";"Com V�timas Feridas";"Plena Noite";"Crescente";"C�u Claro";"Simples";"Reta";"Sim";1327836;"Autom�vel";"N�o Informado/N�o Informado/N�o Informado";0;"Condutor";"N�o Informado";NA;"N�o Informado";0;0;0;0;-7,045306;-55,412611;"SPRF-PA";"DEL05-PA";"UOP03-DEL05-PA"
742468;1665816;2025-11-25;"ter�a-feira";"18:56:00";"PA";163;310;"NOVO PROGRESSO";"Sim";"Manobra de mudan�a de faixa";2;"Queda de ocupante de ve�culo";"Com V�timas Feridas";"Plena Noite";"Crescente";"C�u Claro";"Simples";"Reta";"Sim";1327851;"Motocicleta";"HONDA/POP 110I/POP 110I";0;"Condutor";"Les�es Leves";NA;"Masculino";0;1;0;0;-7,045306;-55,412611;"SPRF-PA";"DEL05-PA";"UOP03-DEL05-PA"
742468;1665839;2025-11-25;"ter�a-feira";"18:56:00";"PA";163;310;"NOVO PROGRESSO";"Sim";"Manobra de mudan�a de faixa";1;"Colis�o traseira";"Com V�timas Feridas";"Plena Noite";"Crescente";"C�u Claro";"Simples";"Reta";"Sim";1327836;"Autom�vel";"N�o Informado/N�o Informado/N�o Informado";0;"Condutor";"N�o Informado";NA;"N�o Informado";0;0;0;0;-7,045306;-55,412611;"SPRF-PA";"DEL05-PA";"UOP03-DEL05-PA"
742468;1665816;2025-11-25;"ter�a-feira";"18:56:00";"PA";163;310;"NOVO PROGRESSO";"Sim";"Manobra de mudan�a de faixa";1;"Colis�o traseira";"Com V�timas Feridas";"Plena Noite";"Crescente";"C�u Claro";"Simples";"Reta";"Sim";1327851;"Motocicleta";"HONDA/POP 110I/POP 110I";0;"Condutor";"Les�es Leves";NA;"Masculino";0;1;0;0;-7,045306;-55,412611;"SPRF-PA";"DEL05-PA";"UOP03-DEL05-PA"
742469;1662734;2025-12-29;"segunda-feira";"22:20:00";"PR";153;468,7;"PORTO VITORIA";"Sim";"Velocidade Incompat�vel";1;"Colis�o lateral sentido oposto";"Com V�timas Feridas";"Plena Noite";"Decrescente";"Chuva";"Simples";"Curva";"N�o";1325782;"Caminh�o";"N�o Informado/N�o Informado/N�o Informado";0;"Condutor";"N�o Informado";NA;"N�o Informado";0;0;0;0;-26,28485;-51,19488;"SPRF-PR";"DEL02-PR";"UOP03-DEL02-PR"
742469;1665525;2025-12-29;"segunda-feira";"22:20:00";"PR";153;468,7;"PORTO VITORIA";"Sim";"Velocidade Incompat�vel";1;"Colis�o lateral sentido oposto";"Com V�timas Feridas";"Plena Noite";"Decrescente";"Chuva";"Simples";"Curva";"N�o";1325732;"�nibus";"MBENZ/MPOLO PARADISO LD/MPOLO PARADISO LD";2022;"Passageiro";"Les�es Leves";63;"Feminino";0;1;0;0;-26,28485;-51,19488;"SPRF-PR";"DEL02-PR";"UOP03-DEL02-PR"
742469;1665524;2025-12-29;"segunda-feira";"22:20:00";"PR";153;468,7;"PORTO VITORIA";"Sim";"Velocidade Incompat�vel";1;"Colis�o lateral sentido oposto";"Com V�timas Feridas";"Plena Noite";"Decrescente";"Chuva";"Simples";"Curva";"N�o";1325732;"�nibus";"MBENZ/MPOLO PARADISO LD/MPOLO PARADISO LD";2022;"Passageiro";"Les�es Leves";65;"Masculino";0;1;0;0;-26,28485;-51,19488;"SPRF-PR";"DEL02-PR";"UOP03-DEL02-PR"
742469;1665522;2025-12-29;"segunda-feira";"22:20:00";"PR";153;468,7;"PORTO VITORIA";"Sim";"Velocidade Incompat�vel";1;"Colis�o lateral sentido oposto";"Com V�timas Feridas";"Plena Noite";"Decrescente";"Chuva";"Simples";"Curva";"N�o";1325732;"�nibus";"MBENZ/MPOLO PARADISO LD/MPOLO PARADISO LD";2022;"Passageiro";"Les�es Leves";70;"Masculino";0;1;0;0;-26,28485;-51,19488;"SPRF-PR";"DEL02-PR";"UOP03-DEL02-PR"
742469;1665521;2025-12-29;"segunda-feira";"22:20:00";"PR";153;468,7;"PORTO VITORIA";"Sim";"Velocidade Incompat�vel";1;"Colis�o lateral sentido oposto";"Com V�timas Feridas";"Plena Noite";"Decrescente";"Chuva";"Simples";"Curva";"N�o";1325732;"�nibus";"MBENZ/MPOLO PARADISO LD/MPOLO PARADISO LD";2022;"Passageiro";"Les�es Leves";64;"Feminino";0;1;0;0;-26,28485;-51,19488;"SPRF-PR";"DEL02-PR";"UOP03-DEL02-PR"
742469;1665520;2025-12-29;"segunda-feira";"22:20:00";"PR";153;468,7;"PORTO VITORIA";"Sim";"Velocidade Incompat�vel";1;"Colis�o lateral sentido oposto";"Com V�timas Feridas";"Plena Noite";"Decrescente";"Chuva";"Simples";"Curva";"N�o";1325732;"�nibus";"MBENZ/MPOLO PARADISO LD/MPOLO PARADISO LD";2022;"Passageiro";"Les�es Leves";28;"Masculino";0;1;0;0;-26,28485;-51,19488;"SPRF-PR";"DEL02-PR";"UOP03-DEL02-PR"
742469;1665519;2025-12-29;"segunda-feira";"22:20:00";"PR";153;468,7;"PORTO VITORIA";"Sim";"Velocidade Incompat�vel";1;"Colis�o lateral sentido oposto";"Com V�timas Feridas";"Plena Noite";"Decrescente";"Chuva";"Simples";"Curva";"N�o";1325732;"�nibus";"MBENZ/MPOLO PARADISO LD/MPOLO PARADISO LD";2022;"Passageiro";"Les�es Leves";59;"Feminino";0;1;0;0;-26,28485;-51,19488;"SPRF-PR";"DEL02-PR";"UOP03-DEL02-PR"
742469;1665516;2025-12-29;"segunda-feira";"22:20:00";"PR";153;468,7;"PORTO VITORIA";"Sim";"Velocidade Incompat�vel";1;"Colis�o lateral sentido oposto";"Com V�timas Feridas";"Plena Noite";"Decrescente";"Chuva";"Simples";"Curva";"N�o";1325732;"�nibus";"MBENZ/MPOLO PARADISO LD/MPOLO PARADISO LD";2022;"Passageiro";"Les�es Leves";27;"Masculino";0;1;0;0;-26,28485;-51,19488;"SPRF-PR";"DEL02-PR";"UOP03-DEL02-PR"
742469;1665514;2025-12-29;"segunda-feira";"22:20:00";"PR";153;468,7;"PORTO VITORIA";"Sim";"Velocidade Incompat�vel";1;"Colis�o lateral sentido oposto";"Com V�timas Feridas";"Plena Noite";"Decrescente";"Chuva";"Simples";"Curva";"N�o";1325732;"�nibus";"MBENZ/MPOLO PARADISO LD/MPOLO PARADISO LD";2022;"Passageiro";"Les�es Leves";23;"Feminino";0;1;0;0;-26,28485;-51,19488;"SPRF-PR";"DEL02-PR";"UOP03-DEL02-PR"