"id";"pesid";"data_inversa";"dia_semana";"horario";"uf";"br";"km";"municipio";"causa_principal";"causa_acidente";"ordem_tipo_acidente";"tipo_acidente";"classificacao_acidente";"fase_dia";"sentido_via";"condicao_metereologica";"tipo_pista";"tracado_via";"uso_solo";"id_veiculo";"tipo_veiculo";"marca";"ano_fabricacao_veiculo";"tipo_envolvido";"estado_fisico";"idade";"sexo";"ilesos";"feridos_leves";"feridos_graves";"mortos";"latitude";"longitude";"regional";"delegacia";"uop"
742469;1662654;2025-12-29;"segunda-feira";"22:20:00";"PR";153;468,7;"PORTO VITORIA";"Sim";"Velocidade Incompat�vel";1;"Colis�o lateral sentido oposto";"Com V�timas Feridas";"Plena Noite";"Decrescente";"Chuva";"Simples";"Curva";"N�o";1325732;"�nibus";"MBENZ/MPOLO PARADISO LD/MPOLO PARADISO LD";2022;"Condutor";"Ileso";56;"Masculino";1;0;0;0;-26,28485;-51,19488;"SPRF-PR";"DEL02-PR";"UOP03-DEL02-PR"
742469;1662726;2025-12-29;"segunda-feira";"22:20:00";"PR";153;468,7;"PORTO VITORIA";"Sim";"Velocidade Incompat�vel";1;"Colis�o lateral sentido oposto";"Com V�timas Feridas";"Plena Noite";"Decrescente";"Chuva";"Simples";"Curva";"N�o";1325732;"�nibus";"MBENZ/MPOLO PARADISO LD/MPOLO PARADISO LD";2022;"Passageiro";"Les�es Leves";42;"Masculino";0;1;0;0;-26,28485;-51,19488;"SPRF-PR";"DEL02-PR";"UOP03-DEL02-PR"
742469;1662724;2025-12-29;"segunda-feira";"22:20:00";"PR";153;468,7;"PORTO VITORIA";"Sim";"Velocidade Incompat�vel";1;"Colis�o lateral sentido oposto";"Com V�timas Feridas";"Plena Noite";"Decrescente";"Chuva";"Simples";"Curva";"N�o";1325732;"�nibus";"MBENZ/MPOLO PARADISO LD/MPOLO PARADISO LD";2022;"Passageiro";"Les�es Leves";18;"Masculino";0;1;0;0;-26,28485;-51,19488;"SPRF-PR";"DEL02-PR";"UOP03-DEL02-PR"
742469;1662722;2025-12-29;"segunda-feira";"22:20:00";"PR";153;468,7;"PORTO VITORIA";"Sim";"Velocidade Incompat�vel";1;"Colis�o lateral sentido oposto";"Com V�timas Feridas";"Plena Noite";"Decrescente";"Chuva";"Simples";"Curva";"N�o";1325732;"�nibus";"MBENZ/MPOLO PARADISO LD/MPOLO PARADISO LD";2022;"Passageiro";"Les�es Leves";75;"Masculino";0;1;0;0;-26,28485;-51,19488;"SPRF-PR";"DEL02-PR";"UOP03-DEL02-PR"
742470;1662657;2025-12-29;"segunda-feira";"23:00:00";"SC";101;106,4;"PENHA";"Sim";"Aus�ncia de rea��o do condutor";1;"Tombamento";"Com V�timas Feridas";"Plena Noite";"Crescente";"Chuva";"Dupla";"Reta";"N�o";1325734;"Motocicleta";"YAMAHA/XTZ250 TENERE/XTZ250 TENERE";2011;"Passageiro";"Les�es Leves";55;"Feminino";0;1;0;0;-26,81023944;-48,68285466;"SPRF-SC";"DEL03-SC";"UOP02-DEL03-SC"
742470;1662655;2025-12-29;"segunda-feira";"23:00:00";"SC";101;106,4;"PENHA";"Sim";"Aus�ncia de rea��o do condutor";1;"Tombamento";"Com V�timas Feridas";"Plena Noite";"Crescente";"Chuva";"Dupla";"Reta";"N�o";1325734;"Motocicleta";"YAMAHA/XTZ250 TENERE/XTZ250 TENERE";2011;"Condutor";"Les�es Leves";57;"Masculino";0;1;0;0;-26,81023944;-48,68285466;"SPRF-SC";"DEL03-SC";"UOP02-DEL03-SC"
742472;1662677;2025-12-29;"segunda-feira";"23:38:00";"PE";101;82;"JABOATAO DOS GUARARAPES";"N�o";"Velocidade Incompat�vel";1;"Colis�o traseira";"Com V�timas Feridas";"Plena Noite";"Crescente";"C�u Claro";"Dupla";"Curva";"Sim";1325748;"Caminh�o";"M.BENZ/ATEGO 3030 CE/ATEGO 3030 CE";2020;"Condutor";"Les�es Leves";36;"Masculino";0;1;0;0;-8,17150838;-34,93946314;"SPRF-PE";"DEL01-PE";"UOP01-DEL01-PE"
742472;1662676;2025-12-29;"segunda-feira";"23:38:00";"PE";101;82;"JABOATAO DOS GUARARAPES";"N�o";"Velocidade Incompat�vel";1;"Colis�o traseira";"Com V�timas Feridas";"Plena Noite";"Crescente";"C�u Claro";"Dupla";"Curva";"Sim";1325747;"Caminh�o";"VW/17.260 CRM 4X2 4P/17.260 CRM 4X2 4P";2022;"Condutor";"Ileso";45;"Masculino";1;0;0;0;-8,17150838;-34,93946314;"SPRF-PE";"DEL01-PE";"UOP01-DEL01-PE"
742472;1662677;2025-12-29;"segunda-feira";"23:38:00";"PE";101;82;"JABOATAO DOS GUARARAPES";"Sim";"Defici�ncia do Sistema de Ilumina��o/Sinaliza��o";1;"Colis�o traseira";"Com V�timas Feridas";"Plena Noite";"Crescente";"C�u Claro";"Dupla";"Curva";"Sim";1325748;"Caminh�o";"M.BENZ/ATEGO 3030 CE/ATEGO 3030 CE";2020;"Condutor";"Les�es Leves";36;"Masculino";0;1;0;0;-8,17150838;-34,93946314;"SPRF-PE";"DEL01-PE";"UOP01-DEL01-PE"
742472;1662676;2025-12-29;"segunda-feira";"23:38:00";"PE";101;82;"JABOATAO DOS GUARARAPES";"Sim";"Defici�ncia do Sistema de Ilumina��o/Sinaliza��o";1;"Colis�o traseira";"Com V�timas Feridas";"Plena Noite";"Crescente";"C�u Claro";"Dupla";"Curva";"Sim";1325747;"Caminh�o";"VW/17.260 CRM 4X2 4P/17.260 CRM 4X2 4P";2022;"Condutor";"Ileso";45;"Masculino";1;0;0;0;-8,17150838;-34,93946314;"SPRF-PE";"DEL01-PE";"UOP01-DEL01-PE"
742472;1662677;2025-12-29;"segunda-feira";"23:38:00";"PE";101;82;"JABOATAO DOS GUARARAPES";"N�o";"Curva acentuada";1;"Colis�o traseira";"Com V�timas Feridas";"Plena Noite";"Crescente";"C�u Claro";"Dupla";"Curva";"Sim";1325748;"Caminh�o";"M.BENZ/ATEGO 3030 CE/ATEGO 3030 CE";2020;"Condutor";"Les�es Leves";36;"Masculino";0;1;0;0;-8,17150838;-34,93946314;"SPRF-PE";"DEL01-PE";"UOP01-DEL01-PE"
742472;1662676;2025-12-29;"segunda-feira";"23:38:00";"PE";101;82;"JABOATAO DOS GUARARAPES";"N�o";"Curva acentuada";1;"Colis�o traseira";"Com V�timas Feridas";"Plena Noite";"Crescente";"C�u Claro";"Dupla";"Curva";"Sim";1325747;"Caminh�o";"VW/17.260 CRM 4X2 4P/17.260 CRM 4X2 4P";2022;"Condutor";"Ileso";45;"Masculino";1;0;0;0;-8,17150838;-34,93946314;"SPRF-PE";"DEL01-PE";"UOP01-DEL01-PE"
742472;1662677;2025-12-29;"segunda-feira";"23:38:00";"PE";101;82;"JABOATAO DOS GUARARAPES";"N�o";"Rea��o tardia ou ineficiente do condutor";1;"Colis�o traseira";"Com V�timas Feridas";"Plena Noite";"Crescente";"C�u Claro";"Dupla";"Curva";"Sim";1325748;"Caminh�o";"M.BENZ/ATEGO 3030 CE/ATEGO 3030 CE";2020;"Condutor";"Les�es Leves";36;"Masculino";0;1;0;0;-8,17150838;-34,93946314;"SPRF-PE";"DEL01-PE";"UOP01-DEL01-PE"
742472;1662676;2025-12-29;"segunda-feira";"23:38:00";"PE";101;82;"JABOATAO DOS GUARARAPES";"N�o";"Rea��o tardia ou ineficiente do condutor";1;"Colis�o traseira";"Com V�timas Feridas";"Plena Noite";"Crescente";"C�u Claro";"Dupla";"Curva";"Sim";1325747;"Caminh�o";"VW/17.260 CRM 4X2 4P/17.260 CRM 4X2 4P";2022;"Condutor";"Ileso";45;"Masculino";1;0;0;0;-8,17150838;-34,93946314;"SPRF-PE";"DEL01-PE";"UOP01-DEL01-PE"
742473;1662671;2025-12-30;"ter�a-feira";"00:07:00";"GO";153;436,7;"ANAPOLIS";"N�o";"Aus�ncia de rea��o do condutor";3;"Queda de ocupante de ve�culo";"Com V�timas Feridas";"Plena Noite";"Decrescente";"C�u Claro";"Dupla";"Desvio Tempor�rio";"N�o";1325744;"Motocicleta";"HONDA/CG 160 FAN/CG 160 FAN";0;"Condutor";"Les�es Graves";22;"Masculino";0;0;1;0;-16,298707;-48,928337;"SPRF-GO";"DEL02-GO";"UOP01-DEL02-GO"
742473;1662671;2025-12-30;"ter�a-feira";"00:07:00";"GO";153;436,7;"ANAPOLIS";"N�o";"Aus�ncia de rea��o do condutor";2;"Tombamento";"Com V�timas Feridas";"Plena Noite";"Decrescente";"C�u Claro";"Dupla";"Desvio Tempor�rio";"N�o";1325744;"Motocicleta";"HONDA/CG 160 FAN/CG 160 FAN";0;"Condutor";"Les�es Graves";22;"Masculino";0;0;1;0;-16,298707;-48,928337;"SPRF-GO";"DEL02-GO";"UOP01-DEL02-GO"
742473;1662671;2025-12-30;"ter�a-feira";"00:07:00";"GO";153;436,7;"ANAPOLIS";"N�o";"Aus�ncia de rea��o do condutor";1;"Colis�o com objeto";"Com V�timas Feridas";"Plena Noite";"Decrescente";"C�u Claro";"Dupla";"Desvio Tempor�rio";"N�o";1325744;"Motocicleta";"HONDA/CG 160 FAN/CG 160 FAN";0;"Condutor";"Les�es Graves";22;"Masculino";0;0;1;0;-16,298707;-48,928337;"SPRF-GO";"DEL02-GO";"UOP01-DEL02-GO"
742473;1662671;2025-12-30;"ter�a-feira";"00:07:00";"GO";153;436,7;"ANAPOLIS";"Sim";"Ingest�o de �lcool pelo condutor";3;"Queda de ocupante de ve�culo";"Com V�timas Feridas";"Plena Noite";"Decrescente";"C�u Claro";"Dupla";"Desvio Tempor�rio";"N�o";1325744;"Motocicleta";"HONDA/CG 160 FAN/CG 160 FAN";0;"Condutor";"Les�es Graves";22;"Masculino";0;0;1;0;-16,298707;-48,928337;"SPRF-GO";"DEL02-GO";"UOP01-DEL02-GO"
742473;1662671;2025-12-30;"ter�a-feira";"00:07:00";"GO";153;436,7;"ANAPOLIS";"Sim";"Ingest�o de �lcool pelo condutor";2;"Tombamento";"Com V�timas Feridas";"Plena Noite";"Decrescente";"C�u Claro";"Dupla";"Desvio Tempor�rio";"N�o";1325744;"Motocicleta";"HONDA/CG 160 FAN/CG 160 FAN";0;"Condutor";"Les�es Graves";22;"Masculino";0;0;1;0;-16,298707;-48,928337;"SPRF-GO";"DEL02-GO";"UOP01-DEL02-GO"
742473;1662671;2025-12-30;"ter�a-feira";"00:07:00";"GO";153;436,7;"ANAPOLIS";"Sim";"Ingest�o de �lcool pelo condutor";1;"Colis�o com objeto";"Com V�timas Feridas";"Plena Noite";"Decrescente";"C�u Claro";"Dupla";"Desvio Tempor�rio";"N�o";1325744;"Motocicleta";"HONDA/CG 160 FAN/CG 160 FAN";0;"Condutor";"Les�es Graves";22;"Masculino";0;0;1;0;-16,298707;-48,928337;"SPRF-GO";"DEL02-GO";"UOP01-DEL02-GO"
742474;1663555;2025-12-29;"segunda-feira";"21:04:00";"PA";163;609;"ITAITUBA";"Sim";"Ingest�o de �lcool pelo condutor";2;"Tombamento";"Com V�timas Feridas";"Plena Noite";"Crescente";"Ignorado";"Simples";"Reta";"N�o";1326359;"Caminh�o-trator";"VOLVO/FH 500 6X4T/FH 500 6X4T";2014;"Passageiro";"Les�es Leves";43;"Masculino";0;1;0;0;-4,77773167;-56,10988333;"SPRF-PA";"DEL05-PA";"UOP03-DEL05-PA"
742474;1663554;2025-12-29;"segunda-feira";"21:04:00";"PA";163;609;"ITAITUBA";"Sim";"Ingest�o de �lcool pelo condutor";2;"Tombamento";"Com V�timas Feridas";"Plena Noite";"Crescente";"Ignorado";"Simples";"Reta";"N�o";1326359;"Caminh�o-trator";"VOLVO/FH 500 6X4T/FH 500 6X4T";2014;"Condutor";"Les�es Leves";43;"Masculino";0;1;0;0;-4,77773167;-56,10988333;"SPRF-PA";"DEL05-PA";"UOP03-DEL05-PA"
742474;NA;2025-12-29;"segunda-feira";"21:04:00";"PA";163;609;"ITAITUBA";"Sim";"Ingest�o de �lcool pelo condutor";2;"Tombamento";"Com V�timas Feridas";"Plena Noite";"Crescente";"Ignorado";"Simples";"Reta";"N�o";1327045;"Semireboque";"SR/GUERRA AG GR/GUERRA AG GR";2014;NA;NA;NA;NA;NA;NA;NA;NA;-4,77773167;-56,10988333;"SPRF-PA";"DEL05-PA";"UOP03-DEL05-PA"
742474;NA;2025-12-29;"segunda-feira";"21:04:00";"PA";163;609;"ITAITUBA";"Sim";"Ingest�o de �lcool pelo condutor";2;"Tombamento";"Com V�timas Feridas";"Plena Noite";"Crescente";"Ignorado";"Simples";"Reta";"N�o";1327044;"Semireboque";"SR/GUERRA AG GR/GUERRA AG GR";2014;NA;NA;NA;NA;NA;NA;NA;NA;-4,77773167;-56,10988333;"SPRF-PA";"DEL05-PA";"UOP03-DEL05-PA"
742474;1663555;2025-12-29;"segunda-feira";"21:04:00";"PA";163;609;"ITAITUBA";"Sim";"Ingest�o de �lcool pelo condutor";1;"Sa�da de leito carro��vel";"Com V�timas Feridas";"Plena Noite";"Crescente";"Ignorado";"Simples";"Reta";"N�o";1326359;"Caminh�o-trator";"VOLVO/FH 500 6X4T/FH 500 6X4T";2014;"Passageiro";"Les�es Leves";43;"Masculino";0;1;0;0;-4,77773167;-56,10988333;"SPRF-PA";"DEL05-PA";"UOP03-DEL05-PA"
742474;1663554;2025-12-29;"segunda-feira";"21:04:00";"PA";163;609;"ITAITUBA";"Sim";"Ingest�o de �lcool pelo condutor";1;"Sa�da de leito carro��vel";"Com V�timas Feridas";"Plena Noite";"Crescente";"Ignorado";"Simples";"Reta";"N�o";1326359;"Caminh�o-trator";"VOLVO/FH 500 6X4T/FH 500 6X4T";2014;"Condutor";"Les�es Leves";43;"Masculino";0;1;0;0;-4,77773167;-56,10988333;"SPRF-PA";"DEL05-PA";"UOP03-DEL05-PA"
742474;NA;2025-12-29;"segunda-feira";"21:04:00";"PA";163;609;"ITAITUBA";"Sim";"Ingest�o de �lcool pelo condutor";1;"Sa�da de leito carro��vel";"Com V�timas Feridas";"Plena Noite";"Crescente";"Ignorado";"Simples";"Reta";"N�o";1327045;"Semireboque";"SR/GUERRA AG GR/GUERRA AG GR";2014;NA;NA;NA;NA;NA;NA;NA;NA;-4,77773167;-56,10988333;"SPRF-PA";"DEL05-PA";"UOP03-DEL05-PA"
742474;NA;2025-12-29;"segunda-feira";"21:04:00";"PA";163;609;"ITAITUBA";"Sim";"Ingest�o de �lcool pelo condutor";1;"Sa�da de leito carro��vel";"Com V�timas Feridas";"Plena Noite";"Crescente";"Ignorado";"Simples";"Reta";"N�o";1327044;"Semireboque";"SR/GUERRA AG GR/GUERRA AG GR";2014;NA;NA;NA;NA;NA;NA;NA;NA;-4,77773167;-56,10988333;"SPRF-PA";"DEL05-PA";"UOP03-DEL05-PA"
742475;1662700;2025-12-30;"ter�a-feira";"00:05:00";"BA";116;342;"TEOFILANDIA";"Sim";"Acessar a via sem observar a presen�a dos outros ve�culos";1;"Colis�o transversal";"Com V�timas Fatais";"Plena Noite";"Decrescente";"C�u Claro";"Simples";"Reta";"N�o";1325762;"Autom�vel";"HYUNDAI/CRETA1TF PLATINU/CRETA1TF PLATINU";2025;"Condutor";"Ileso";56;"Feminino";1;0;0;0;-11,520137;-38,993788;"SPRF-BA";"DEL02-BA";"UOP01-DEL02-BA"
742475;1662701;2025-12-30;"ter�a-feira";"00:05:00";"BA";116;342;"TEOFILANDIA";"Sim";"Acessar a via sem observar a presen�a dos outros ve�culos";1;"Colis�o transversal";"Com V�timas Fatais";"Plena Noite";"Decrescente";"C�u Claro";"Simples";"Reta";"N�o";1325763;"Bicicleta";"N�o Informado/N�o Informado/N�o Informado";0;"Condutor";"�bito";66;"Masculino";0;0;0;1;-11,520137;-38,993788;"SPRF-BA";"DEL02-BA";"UOP01-DEL02-BA"
742476;1662732;2025-12-29;"segunda-feira";"22:50:00";"RJ";116;296;"PORTO REAL";"N�o";"Curva acentuada";1;"Colis�o transversal";"Sem V�timas";"Plena Noite";"Decrescente";"C�u Claro";"Simples";"Retorno Regulamentado;Declive;Curva";"N�o";1325779;"Autom�vel";"FIAT/SIENA ATTRACTIV 1.4/SIENA ATTRACTIV 1.4";2014;"Condutor";"Ileso";53;"Masculino";1;0;0;0;-22,45218426;-44,30700302;"SPRF-RJ";"DEL07-RJ";"UOP02-DEL07-RJ"
742476;1662733;2025-12-29;"segunda-feira";"22:50:00";"RJ";116;296;"PORTO REAL";"N�o";"Curva acentuada";1;"Colis�o transversal";"Sem V�timas";"Plena Noite";"Decrescente";"C�u Claro";"Simples";"Retorno Regulamentado;Declive;Curva";"N�o";1325780;"Caminh�o-trator";"M.BENZ/AXOR 2544 S/AXOR 2544 S";2010;"Condutor";"Ileso";50;"Masculino";1;0;0;0;-22,45218426;-44,30700302;"SPRF-RJ";"DEL07-RJ";"UOP02-DEL07-RJ"
742476;NA;2025-12-29;"segunda-feira";"22:50:00";"RJ";116;296;"PORTO REAL";"N�o";"Curva acentuada";1;"Colis�o transversal";"Sem V�timas";"Plena Noite";"Decrescente";"C�u Claro";"Simples";"Retorno Regulamentado;Declive;Curva";"N�o";1325781;"Semireboque";"SR/FACCHINI SRF LOED/FACCHINI SRF LOED";2012;NA;NA;NA;NA;NA;NA;NA;NA;-22,45218426;-44,30700302;"SPRF-RJ";"DEL07-RJ";"UOP02-DEL07-RJ"
742476;1662732;2025-12-29;"segunda-feira";"22:50:00";"RJ";116;296;"PORTO REAL";"N�o";"Aus�ncia de rea��o do condutor";1;"Colis�o transversal";"Sem V�timas";"Plena Noite";"Decrescente";"C�u Claro";"Simples";"Retorno Regulamentado;Declive;Curva";"N�o";1325779;"Autom�vel";"FIAT/SIENA ATTRACTIV 1.4/SIENA ATTRACTIV 1.4";2014;"Condutor";"Ileso";53;"Masculino";1;0;0;0;-22,45218426;-44,30700302;"SPRF-RJ";"DEL07-RJ";"UOP02-DEL07-RJ"
742476;1662733;2025-12-29;"segunda-feira";"22:50:00";"RJ";116;296;"PORTO REAL";"N�o";"Aus�ncia de rea��o do condutor";1;"Colis�o transversal";"Sem V�timas";"Plena Noite";"Decrescente";"C�u Claro";"Simples";"Retorno Regulamentado;Declive;Curva";"N�o";1325780;"Caminh�o-trator";"M.BENZ/AXOR 2544 S/AXOR 2544 S";2010;"Condutor";"Ileso";50;"Masculino";1;0;0;0;-22,45218426;-44,30700302;"SPRF-RJ";"DEL07-RJ";"UOP02-DEL07-RJ"
742476;NA;2025-12-29;"segunda-feira";"22:50:00";"RJ";116;296;"PORTO REAL";"N�o";"Aus�ncia de rea��o do condutor";1;"Colis�o transversal";"Sem V�timas";"Plena Noite";"Decrescente";"C�u Claro";"Simples";"Retorno Regulamentado;Declive;Curva";"N�o";1325781;"Semireboque";"SR/FACCHINI SRF LOED/FACCHINI SRF LOED";2012;NA;NA;NA;NA;NA;NA;NA;NA;-22,45218426;-44,30700302;"SPRF-RJ";"DEL07-RJ";"UOP02-DEL07-RJ"
742476;1662732;2025-12-29;"segunda-feira";"22:50:00";"RJ";116;296;"PORTO REAL";"Sim";"Ingest�o de �lcool pelo condutor";1;"Colis�o transversal";"Sem V�timas";"Plena Noite";"Decrescente";"C�u Claro";"Simples";"Retorno Regulamentado;Declive;Curva";"N�o";1325779;"Autom�vel";"FIAT/SIENA ATTRACTIV 1.4/SIENA ATTRACTIV 1.4";2014;"Condutor";"Ileso";53;"Masculino";1;0;0;0;-22,45218426;-44,30700302;"SPRF-RJ";"DEL07-RJ";"UOP02-DEL07-RJ"
742476;1662733;2025-12-29;"segunda-feira";"22:50:00";"RJ";116;296;"PORTO REAL";"Sim";"Ingest�o de �lcool pelo condutor";1;"Colis�o transversal";"Sem V�timas";"Plena Noite";"Decrescente";"C�u Claro";"Simples";"Retorno Regulamentado;Declive;Curva";"N�o";1325780;"Caminh�o-trator";"M.BENZ/AXOR 2544 S/AXOR 2544 S";2010;"Condutor";"Ileso";50;"Masculino";1;0;0;0;-22,45218426;-44,30700302;"SPRF-RJ";"DEL07-RJ";"UOP02-DEL07-RJ"
742476;NA;2025-12-29;"segunda-feira";"22:50:00";"RJ";116;296;"PORTO REAL";"Sim";"Ingest�o de �lcool pelo condutor";1;"Colis�o transversal";"Sem V�timas";"Plena Noite";"Decrescente";"C�u Claro";"Simples";"Retorno Regulamentado;Declive;Curva";"N�o";1325781;"Semireboque";"SR/FACCHINI SRF LOED/FACCHINI SRF LOED";2012;NA;NA;NA;NA;NA;NA;NA;NA;-22,45218426;-44,30700302;"SPRF-RJ";"DEL07-RJ";"UOP02-DEL07-RJ"
742478;1662680;2025-12-30;"ter�a-feira";"00:14:00";"TO";153;219;"NOVA OLINDA";"Sim";"Demais falhas mec�nicas ou el�tricas";1;"Inc�ndio";"Com V�timas Feridas";"Plena Noite";"Crescente";"C�u Claro";"Simples";"Reta";"N�o";1325752;"Caminh�o";"VW/24.280 CRM 6X2/24.280 CRM 6X2";2019;"Condutor";"Les�es Leves";43;"Masculino";0;1;0;0;-7,809958;-48,454325;"SPRF-TO";"DEL02-TO";"UOP01-DEL02-TO"
742479;1662699;2025-12-30;"ter�a-feira";"01:00:00";"SC";101;112;"ITAJAI";"Sim";"Rea��o tardia ou ineficiente do condutor";1;"Tombamento";"Com V�timas Feridas";"Plena Noite";"Crescente";"Chuva";"M�ltipla";"Reta";"N�o";1325761;"Motoneta";"HONDA/BIZ 125 ES/BIZ 125 ES";2014;"Condutor";"Les�es Graves";47;"Masculino";0;0;1;0;-26,84628983;-48,72156568;"SPRF-SC";"DEL04-SC";"UOP04-DEL04-SC"
742479;1666028;2025-12-30;"ter�a-feira";"01:00:00";"SC";101;112;"ITAJAI";"Sim";"Rea��o tardia ou ineficiente do condutor";1;"Tombamento";"Com V�timas Feridas";"Plena Noite";"Crescente";"Chuva";"M�ltipla";"Reta";"N�o";1325761;"Motoneta";"HONDA/BIZ 125 ES/BIZ 125 ES";2014;"Passageiro";"Les�es Leves";37;"Masculino";0;1;0;0;-26,84628983;-48,72156568;"SPRF-SC";"DEL04-SC";"UOP04-DEL04-SC"
742480;1662683;2025-12-30;"ter�a-feira";"00:50:00";"PR";376;321;"ORTIGUEIRA";"Sim";"Aus�ncia de rea��o do condutor";1;"Colis�o frontal";"Sem V�timas";"Plena Noite";"Decrescente";"Nublado";"Simples";"Reta";"N�o";1325754;"Autom�vel";"HYUNDAI/HB20 1.0M COMFOR/HB20 1.0M COMFOR";2014;"Passageiro";"Ileso";37;"Masculino";1;0;0;0;-24,05621;-51,06298;"SPRF-PR";"DEL07-PR";"UOP02-DEL07-PR"
742480;1662684;2025-12-30;"ter�a-feira";"00:50:00";"PR";376;321;"ORTIGUEIRA";"Sim";"Aus�ncia de rea��o do condutor";1;"Colis�o frontal";"Sem V�timas";"Plena Noite";"Decrescente";"Nublado";"Simples";"Reta";"N�o";1325754;"Autom�vel";"HYUNDAI/HB20 1.0M COMFOR/HB20 1.0M COMFOR";2014;"Passageiro";"Ileso";32;"Masculino";1;0;0;0;-24,05621;-51,06298;"SPRF-PR";"DEL07-PR";"UOP02-DEL07-PR"
742480;1662682;2025-12-30;"ter�a-feira";"00:50:00";"PR";376;321;"ORTIGUEIRA";"Sim";"Aus�ncia de rea��o do condutor";1;"Colis�o frontal";"Sem V�timas";"Plena Noite";"Decrescente";"Nublado";"Simples";"Reta";"N�o";1325754;"Autom�vel";"HYUNDAI/HB20 1.0M COMFOR/HB20 1.0M COMFOR";2014;"Condutor";"Ileso";29;"Feminino";1;0;0;0;-24,05621;-51,06298;"SPRF-PR";"DEL07-PR";"UOP02-DEL07-PR"
742480;1662681;2025-12-30;"ter�a-feira";"00:50:00";"PR";376;321;"ORTIGUEIRA";"Sim";"Aus�ncia de rea��o do condutor";1;"Colis�o frontal";"Sem V�timas";"Plena Noite";"Decrescente";"Nublado";"Simples";"Reta";"N�o";1325753;"Utilit�rio";"MMC/PAJERO TR4/PAJERO TR4";2006;"Condutor";"N�o Informado";NA;"N�o Informado";0;0;0;0;-24,05621;-51,06298;"SPRF-PR";"DEL07-PR";"UOP02-DEL07-PR"
742481;1662678;2025-12-30;"ter�a-feira";"01:20:00";"MG";365;623,9;"UBERLANDIA";"Sim";"Aus�ncia de rea��o do condutor";2;"Queda de ocupante de ve�culo";"Com V�timas Feridas";"Plena Noite";"Decrescente";"C�u Claro";"Dupla";"Reta";"Sim";1325749;"Motocicleta";"YAMAHA/FACTOR YBR125 ED/FACTOR YBR125 ED";2011;"Condutor";"Les�es Graves";44;"Masculino";0;0;1;0;-18,905296;-48,292123;"SPRF-MG";"DEL15-MG";"UOP01-DEL15-MG"
742481;1662678;2025-12-30;"ter�a-feira";"01:20:00";"MG";365;623,9;"UBERLANDIA";"Sim";"Aus�ncia de rea��o do condutor";1;"Tombamento";"Com V�timas Feridas";"Plena Noite";"Decrescente";"C�u Claro";"Dupla";"Reta";"Sim";1325749;"Motocicleta";"YAMAHA/FACTOR YBR125 ED/FACTOR YBR125 ED";2011;"Condutor";"Les�es Graves";44;"Masculino";0;0;1;0;-18,905296;-48,292123;"SPRF-MG";"DEL15-MG";"UOP01-DEL15-MG"
742482;1662768;2025-12-29;"segunda-feira";"22:00:00";"MA";316;118;"SANTA LUZIA DO PARUA";"Sim";"Animais na Pista";2;"Tombamento";"Com V�timas Feridas";"Anoitecer";"Crescente";"C�u Claro";"Simples";"Reta";"N�o";1325813;"Caminh�o-trator";"VOLVO/FM 370 6X2T/FM 370 6X2T";2014;"Condutor";"Les�es Graves";78;"Masculino";0;0;1;0;-2,61088446;-45,75729847;"SPRF-MA";"DEL02-MA";"UOP02-DEL02-MA"
742482;NA;2025-12-29;"segunda-feira";"22:00:00";"MA";316;118;"SANTA LUZIA DO PARUA";"Sim";"Animais na Pista";2;"Tombamento";"Com V�timas Feridas";"Anoitecer";"Crescente";"C�u Claro";"Simples";"Reta";"N�o";1325814;"Semireboque";"SR/LIBRELATO SRCC 3E/LIBRELATO SRCC 3E";2014;NA;NA;NA;NA;NA;NA;NA;NA;-2,61088446;-45,75729847;"SPRF-MA";"DEL02-MA";"UOP02-DEL02-MA"
742482;1662768;2025-12-29;"segunda-feira";"22:00:00";"MA";316;118;"SANTA LUZIA DO PARUA";"Sim";"Animais na Pista";1;"Atropelamento de Animal";"Com V�timas Feridas";"Anoitecer";"Crescente";"C�u Claro";"Simples";"Reta";"N�o";1325813;"Caminh�o-trator";"VOLVO/FM 370 6X2T/FM 370 6X2T";2014;"Condutor";"Les�es Graves";78;"Masculino";0;0;1;0;-2,61088446;-45,75729847;"SPRF-MA";"DEL02-MA";"UOP02-DEL02-MA"
742482;NA;2025-12-29;"segunda-feira";"22:00:00";"MA";316;118;"SANTA LUZIA DO PARUA";"Sim";"Animais na Pista";1;"Atropelamento de Animal";"Com V�timas Feridas";"Anoitecer";"Crescente";"C�u Claro";"Simples";"Reta";"N�o";1325814;"Semireboque";"SR/LIBRELATO SRCC 3E/LIBRELATO SRCC 3E";2014;NA;NA;NA;NA;NA;NA;NA;NA;-2,61088446;-45,75729847;"SPRF-MA";"DEL02-MA";"UOP02-DEL02-MA"
742483;1662679;2025-12-30;"ter�a-feira";"02:10:00";"MG";381;925,5;"ITAPEVA";"N�o";"Velocidade Incompat�vel";2;"Colis�o com objeto";"Sem V�timas";"Plena Noite";"Crescente";"Chuva";"Dupla";"Aclive;Curva";"N�o";1325751;"Caminhonete";"MMC/L200 4X4 GLS/L200 4X4 GLS";2003;"Condutor";"Ileso";22;"Masculino";1;0;0;0;-22,77034;-46,20437;"SPRF-MG";"DEL16-MG";"UOP03-DEL16-MG"