"id";"pesid";"data_inversa";"dia_semana";"horario";"uf";"br";"km";"municipio";"causa_principal";"causa_acidente";"ordem_tipo_acidente";"tipo_acidente";"classificacao_acidente";"fase_dia";"sentido_via";"condicao_metereologica";"tipo_pista";"tracado_via";"uso_solo";"id_veiculo";"tipo_veiculo";"marca";"ano_fabricacao_veiculo";"tipo_envolvido";"estado_fisico";"idade";"sexo";"ilesos";"feridos_leves";"feridos_graves";"mortos";"latitude";"longitude";"regional";"delegacia";"uop"
742483;1662679;2025-12-30;"ter�a-feira";"02:10:00";"MG";381;925,5;"ITAPEVA";"N�o";"Velocidade Incompat�vel";1;"Sa�da de leito carro��vel";"Sem V�timas";"Plena Noite";"Crescente";"Chuva";"Dupla";"Aclive;Curva";"N�o";1325751;"Caminhonete";"MMC/L200 4X4 GLS/L200 4X4 GLS";2003;"Condutor";"Ileso";22;"Masculino";1;0;0;0;-22,77034;-46,20437;"SPRF-MG";"DEL16-MG";"UOP03-DEL16-MG"
742483;1662679;2025-12-30;"ter�a-feira";"02:10:00";"MG";381;925,5;"ITAPEVA";"N�o";"Chuva";2;"Colis�o com objeto";"Sem V�timas";"Plena Noite";"Crescente";"Chuva";"Dupla";"Aclive;Curva";"N�o";1325751;"Caminhonete";"MMC/L200 4X4 GLS/L200 4X4 GLS";2003;"Condutor";"Ileso";22;"Masculino";1;0;0;0;-22,77034;-46,20437;"SPRF-MG";"DEL16-MG";"UOP03-DEL16-MG"
742483;1662679;2025-12-30;"ter�a-feira";"02:10:00";"MG";381;925,5;"ITAPEVA";"N�o";"Chuva";1;"Sa�da de leito carro��vel";"Sem V�timas";"Plena Noite";"Crescente";"Chuva";"Dupla";"Aclive;Curva";"N�o";1325751;"Caminhonete";"MMC/L200 4X4 GLS/L200 4X4 GLS";2003;"Condutor";"Ileso";22;"Masculino";1;0;0;0;-22,77034;-46,20437;"SPRF-MG";"DEL16-MG";"UOP03-DEL16-MG"
742483;1662679;2025-12-30;"ter�a-feira";"02:10:00";"MG";381;925,5;"ITAPEVA";"Sim";"Ingest�o de �lcool pelo condutor";2;"Colis�o com objeto";"Sem V�timas";"Plena Noite";"Crescente";"Chuva";"Dupla";"Aclive;Curva";"N�o";1325751;"Caminhonete";"MMC/L200 4X4 GLS/L200 4X4 GLS";2003;"Condutor";"Ileso";22;"Masculino";1;0;0;0;-22,77034;-46,20437;"SPRF-MG";"DEL16-MG";"UOP03-DEL16-MG"
742483;1662679;2025-12-30;"ter�a-feira";"02:10:00";"MG";381;925,5;"ITAPEVA";"Sim";"Ingest�o de �lcool pelo condutor";1;"Sa�da de leito carro��vel";"Sem V�timas";"Plena Noite";"Crescente";"Chuva";"Dupla";"Aclive;Curva";"N�o";1325751;"Caminhonete";"MMC/L200 4X4 GLS/L200 4X4 GLS";2003;"Condutor";"Ileso";22;"Masculino";1;0;0;0;-22,77034;-46,20437;"SPRF-MG";"DEL16-MG";"UOP03-DEL16-MG"
742484;1662719;2025-12-30;"ter�a-feira";"02:40:00";"MG";381;824;"CAREACU";"Sim";"Condutor Dormindo";1;"Capotamento";"Com V�timas Feridas";"Plena Noite";"Decrescente";"Nublado";"Dupla";"Reta";"N�o";1325760;"Autom�vel";"FIAT/UNO VIVACE 1.0/UNO VIVACE 1.0";2011;"Passageiro";"Ileso";2;"Feminino";1;0;0;0;-21,99486398;-45,67325592;"SPRF-MG";"DEL16-MG";"UOP02-DEL16-MG"
742484;1662696;2025-12-30;"ter�a-feira";"02:40:00";"MG";381;824;"CAREACU";"Sim";"Condutor Dormindo";1;"Capotamento";"Com V�timas Feridas";"Plena Noite";"Decrescente";"Nublado";"Dupla";"Reta";"N�o";1325760;"Autom�vel";"FIAT/UNO VIVACE 1.0/UNO VIVACE 1.0";2011;"Passageiro";"Ileso";40;"Feminino";1;0;0;0;-21,99486398;-45,67325592;"SPRF-MG";"DEL16-MG";"UOP02-DEL16-MG"
742484;1662695;2025-12-30;"ter�a-feira";"02:40:00";"MG";381;824;"CAREACU";"Sim";"Condutor Dormindo";1;"Capotamento";"Com V�timas Feridas";"Plena Noite";"Decrescente";"Nublado";"Dupla";"Reta";"N�o";1325760;"Autom�vel";"FIAT/UNO VIVACE 1.0/UNO VIVACE 1.0";2011;"Passageiro";"Les�es Leves";59;"Feminino";0;1;0;0;-21,99486398;-45,67325592;"SPRF-MG";"DEL16-MG";"UOP02-DEL16-MG"
742484;1662694;2025-12-30;"ter�a-feira";"02:40:00";"MG";381;824;"CAREACU";"Sim";"Condutor Dormindo";1;"Capotamento";"Com V�timas Feridas";"Plena Noite";"Decrescente";"Nublado";"Dupla";"Reta";"N�o";1325760;"Autom�vel";"FIAT/UNO VIVACE 1.0/UNO VIVACE 1.0";2011;"Passageiro";"Ileso";17;"Masculino";1;0;0;0;-21,99486398;-45,67325592;"SPRF-MG";"DEL16-MG";"UOP02-DEL16-MG"
742484;1662693;2025-12-30;"ter�a-feira";"02:40:00";"MG";381;824;"CAREACU";"Sim";"Condutor Dormindo";1;"Capotamento";"Com V�timas Feridas";"Plena Noite";"Decrescente";"Nublado";"Dupla";"Reta";"N�o";1325760;"Autom�vel";"FIAT/UNO VIVACE 1.0/UNO VIVACE 1.0";2011;"Condutor";"Ileso";28;"Feminino";1;0;0;0;-21,99486398;-45,67325592;"SPRF-MG";"DEL16-MG";"UOP02-DEL16-MG"
742485;1662689;2025-12-30;"ter�a-feira";"02:35:00";"SP";381;61;"MAIRIPORA";"N�o";"Pista Escorregadia";2;"Queda de ocupante de ve�culo";"Com V�timas Feridas";"Plena Noite";"Crescente";"Chuva";"Dupla";"Declive;Curva";"Sim";1325756;"Motocicleta";"HONDA/CB 300R/CB 300R";2011;"Condutor";"Les�es Graves";36;"Masculino";0;0;1;0;-23,290972;-46,579986;"SPRF-SP";"DEL03-SP";"UOP01-DEL03-SP"
742485;1662689;2025-12-30;"ter�a-feira";"02:35:00";"SP";381;61;"MAIRIPORA";"N�o";"Pista Escorregadia";1;"Colis�o com objeto";"Com V�timas Feridas";"Plena Noite";"Crescente";"Chuva";"Dupla";"Declive;Curva";"Sim";1325756;"Motocicleta";"HONDA/CB 300R/CB 300R";2011;"Condutor";"Les�es Graves";36;"Masculino";0;0;1;0;-23,290972;-46,579986;"SPRF-SP";"DEL03-SP";"UOP01-DEL03-SP"
742485;1662689;2025-12-30;"ter�a-feira";"02:35:00";"SP";381;61;"MAIRIPORA";"Sim";"Aus�ncia de rea��o do condutor";2;"Queda de ocupante de ve�culo";"Com V�timas Feridas";"Plena Noite";"Crescente";"Chuva";"Dupla";"Declive;Curva";"Sim";1325756;"Motocicleta";"HONDA/CB 300R/CB 300R";2011;"Condutor";"Les�es Graves";36;"Masculino";0;0;1;0;-23,290972;-46,579986;"SPRF-SP";"DEL03-SP";"UOP01-DEL03-SP"
742485;1662689;2025-12-30;"ter�a-feira";"02:35:00";"SP";381;61;"MAIRIPORA";"Sim";"Aus�ncia de rea��o do condutor";1;"Colis�o com objeto";"Com V�timas Feridas";"Plena Noite";"Crescente";"Chuva";"Dupla";"Declive;Curva";"Sim";1325756;"Motocicleta";"HONDA/CB 300R/CB 300R";2011;"Condutor";"Les�es Graves";36;"Masculino";0;0;1;0;-23,290972;-46,579986;"SPRF-SP";"DEL03-SP";"UOP01-DEL03-SP"
742485;1662689;2025-12-30;"ter�a-feira";"02:35:00";"SP";381;61;"MAIRIPORA";"N�o";"Rea��o tardia ou ineficiente do condutor";2;"Queda de ocupante de ve�culo";"Com V�timas Feridas";"Plena Noite";"Crescente";"Chuva";"Dupla";"Declive;Curva";"Sim";1325756;"Motocicleta";"HONDA/CB 300R/CB 300R";2011;"Condutor";"Les�es Graves";36;"Masculino";0;0;1;0;-23,290972;-46,579986;"SPRF-SP";"DEL03-SP";"UOP01-DEL03-SP"
742485;1662689;2025-12-30;"ter�a-feira";"02:35:00";"SP";381;61;"MAIRIPORA";"N�o";"Rea��o tardia ou ineficiente do condutor";1;"Colis�o com objeto";"Com V�timas Feridas";"Plena Noite";"Crescente";"Chuva";"Dupla";"Declive;Curva";"Sim";1325756;"Motocicleta";"HONDA/CB 300R/CB 300R";2011;"Condutor";"Les�es Graves";36;"Masculino";0;0;1;0;-23,290972;-46,579986;"SPRF-SP";"DEL03-SP";"UOP01-DEL03-SP"
742486;1662792;2025-12-30;"ter�a-feira";"04:00:00";"ES";101;296;"CARIACICA";"N�o";"Rea��o tardia ou ineficiente do condutor";1;"Tombamento";"Com V�timas Feridas";"Plena Noite";"Decrescente";"C�u Claro";"M�ltipla";"Curva";"Sim";1325828;"Caminh�o-trator";"DAF/XF105 FTS 460A/XF105 FTS 460A";2019;"Condutor";"Les�es Leves";52;"Masculino";0;1;0;0;-20,3420281;-40,40477514;"SPRF-ES";"DEL01-ES";"UOP01-DEL01-ES"
742486;NA;2025-12-30;"ter�a-feira";"04:00:00";"ES";101;296;"CARIACICA";"N�o";"Rea��o tardia ou ineficiente do condutor";1;"Tombamento";"Com V�timas Feridas";"Plena Noite";"Decrescente";"C�u Claro";"M�ltipla";"Curva";"Sim";1326910;"Camioneta";"N�o Informado/N�o Informado/N�o Informado";2025;NA;NA;NA;NA;NA;NA;NA;NA;-20,3420281;-40,40477514;"SPRF-ES";"DEL01-ES";"UOP01-DEL01-ES"
742486;NA;2025-12-30;"ter�a-feira";"04:00:00";"ES";101;296;"CARIACICA";"N�o";"Rea��o tardia ou ineficiente do condutor";1;"Tombamento";"Com V�timas Feridas";"Plena Noite";"Decrescente";"C�u Claro";"M�ltipla";"Curva";"Sim";1327103;"Camioneta";"N�o Informado/N�o Informado/N�o Informado";2025;NA;NA;NA;NA;NA;NA;NA;NA;-20,3420281;-40,40477514;"SPRF-ES";"DEL01-ES";"UOP01-DEL01-ES"
742486;NA;2025-12-30;"ter�a-feira";"04:00:00";"ES";101;296;"CARIACICA";"N�o";"Rea��o tardia ou ineficiente do condutor";1;"Tombamento";"Com V�timas Feridas";"Plena Noite";"Decrescente";"C�u Claro";"M�ltipla";"Curva";"Sim";1326908;"Camioneta";"N�o Informado/N�o Informado/N�o Informado";2025;NA;NA;NA;NA;NA;NA;NA;NA;-20,3420281;-40,40477514;"SPRF-ES";"DEL01-ES";"UOP01-DEL01-ES"
742486;NA;2025-12-30;"ter�a-feira";"04:00:00";"ES";101;296;"CARIACICA";"N�o";"Rea��o tardia ou ineficiente do condutor";1;"Tombamento";"Com V�timas Feridas";"Plena Noite";"Decrescente";"C�u Claro";"M�ltipla";"Curva";"Sim";1327100;"Camioneta";"N�o Informado/N�o Informado/N�o Informado";2025;NA;NA;NA;NA;NA;NA;NA;NA;-20,3420281;-40,40477514;"SPRF-ES";"DEL01-ES";"UOP01-DEL01-ES"
742486;NA;2025-12-30;"ter�a-feira";"04:00:00";"ES";101;296;"CARIACICA";"N�o";"Rea��o tardia ou ineficiente do condutor";1;"Tombamento";"Com V�timas Feridas";"Plena Noite";"Decrescente";"C�u Claro";"M�ltipla";"Curva";"Sim";1327117;"Camioneta";"N�o Informado/N�o Informado/N�o Informado";2025;NA;NA;NA;NA;NA;NA;NA;NA;-20,3420281;-40,40477514;"SPRF-ES";"DEL01-ES";"UOP01-DEL01-ES"
742486;NA;2025-12-30;"ter�a-feira";"04:00:00";"ES";101;296;"CARIACICA";"N�o";"Rea��o tardia ou ineficiente do condutor";1;"Tombamento";"Com V�timas Feridas";"Plena Noite";"Decrescente";"C�u Claro";"M�ltipla";"Curva";"Sim";1327115;"Camioneta";"N�o Informado/N�o Informado/N�o Informado";2025;NA;NA;NA;NA;NA;NA;NA;NA;-20,3420281;-40,40477514;"SPRF-ES";"DEL01-ES";"UOP01-DEL01-ES"
742486;NA;2025-12-30;"ter�a-feira";"04:00:00";"ES";101;296;"CARIACICA";"N�o";"Rea��o tardia ou ineficiente do condutor";1;"Tombamento";"Com V�timas Feridas";"Plena Noite";"Decrescente";"C�u Claro";"M�ltipla";"Curva";"Sim";1327114;"Camioneta";"N�o Informado/N�o Informado/N�o Informado";2025;NA;NA;NA;NA;NA;NA;NA;NA;-20,3420281;-40,40477514;"SPRF-ES";"DEL01-ES";"UOP01-DEL01-ES"
742486;NA;2025-12-30;"ter�a-feira";"04:00:00";"ES";101;296;"CARIACICA";"N�o";"Rea��o tardia ou ineficiente do condutor";1;"Tombamento";"Com V�timas Feridas";"Plena Noite";"Decrescente";"C�u Claro";"M�ltipla";"Curva";"Sim";1325831;"Semireboque";"REB/TRES EIXOS/TRES EIXOS";1994;NA;NA;NA;NA;NA;NA;NA;NA;-20,3420281;-40,40477514;"SPRF-ES";"DEL01-ES";"UOP01-DEL01-ES"
742486;1662792;2025-12-30;"ter�a-feira";"04:00:00";"ES";101;296;"CARIACICA";"Sim";"Velocidade Incompat�vel";1;"Tombamento";"Com V�timas Feridas";"Plena Noite";"Decrescente";"C�u Claro";"M�ltipla";"Curva";"Sim";1325828;"Caminh�o-trator";"DAF/XF105 FTS 460A/XF105 FTS 460A";2019;"Condutor";"Les�es Leves";52;"Masculino";0;1;0;0;-20,3420281;-40,40477514;"SPRF-ES";"DEL01-ES";"UOP01-DEL01-ES"
742486;NA;2025-12-30;"ter�a-feira";"04:00:00";"ES";101;296;"CARIACICA";"Sim";"Velocidade Incompat�vel";1;"Tombamento";"Com V�timas Feridas";"Plena Noite";"Decrescente";"C�u Claro";"M�ltipla";"Curva";"Sim";1326910;"Camioneta";"N�o Informado/N�o Informado/N�o Informado";2025;NA;NA;NA;NA;NA;NA;NA;NA;-20,3420281;-40,40477514;"SPRF-ES";"DEL01-ES";"UOP01-DEL01-ES"
742486;NA;2025-12-30;"ter�a-feira";"04:00:00";"ES";101;296;"CARIACICA";"Sim";"Velocidade Incompat�vel";1;"Tombamento";"Com V�timas Feridas";"Plena Noite";"Decrescente";"C�u Claro";"M�ltipla";"Curva";"Sim";1327103;"Camioneta";"N�o Informado/N�o Informado/N�o Informado";2025;NA;NA;NA;NA;NA;NA;NA;NA;-20,3420281;-40,40477514;"SPRF-ES";"DEL01-ES";"UOP01-DEL01-ES"
742486;NA;2025-12-30;"ter�a-feira";"04:00:00";"ES";101;296;"CARIACICA";"Sim";"Velocidade Incompat�vel";1;"Tombamento";"Com V�timas Feridas";"Plena Noite";"Decrescente";"C�u Claro";"M�ltipla";"Curva";"Sim";1326908;"Camioneta";"N�o Informado/N�o Informado/N�o Informado";2025;NA;NA;NA;NA;NA;NA;NA;NA;-20,3420281;-40,40477514;"SPRF-ES";"DEL01-ES";"UOP01-DEL01-ES"
742486;NA;2025-12-30;"ter�a-feira";"04:00:00";"ES";101;296;"CARIACICA";"Sim";"Velocidade Incompat�vel";1;"Tombamento";"Com V�timas Feridas";"Plena Noite";"Decrescente";"C�u Claro";"M�ltipla";"Curva";"Sim";1327100;"Camioneta";"N�o Informado/N�o Informado/N�o Informado";2025;NA;NA;NA;NA;NA;NA;NA;NA;-20,3420281;-40,40477514;"SPRF-ES";"DEL01-ES";"UOP01-DEL01-ES"
742486;NA;2025-12-30;"ter�a-feira";"04:00:00";"ES";101;296;"CARIACICA";"Sim";"Velocidade Incompat�vel";1;"Tombamento";"Com V�timas Feridas";"Plena Noite";"Decrescente";"C�u Claro";"M�ltipla";"Curva";"Sim";1327117;"Camioneta";"N�o Informado/N�o Informado/N�o Informado";2025;NA;NA;NA;NA;NA;NA;NA;NA;-20,3420281;-40,40477514;"SPRF-ES";"DEL01-ES";"UOP01-DEL01-ES"
742486;NA;2025-12-30;"ter�a-feira";"04:00:00";"ES";101;296;"CARIACICA";"Sim";"Velocidade Incompat�vel";1;"Tombamento";"Com V�timas Feridas";"Plena Noite";"Decrescente";"C�u Claro";"M�ltipla";"Curva";"Sim";1327115;"Camioneta";"N�o Informado/N�o Informado/N�o Informado";2025;NA;NA;NA;NA;NA;NA;NA;NA;-20,3420281;-40,40477514;"SPRF-ES";"DEL01-ES";"UOP01-DEL01-ES"
742486;NA;2025-12-30;"ter�a-feira";"04:00:00";"ES";101;296;"CARIACICA";"Sim";"Velocidade Incompat�vel";1;"Tombamento";"Com V�timas Feridas";"Plena Noite";"Decrescente";"C�u Claro";"M�ltipla";"Curva";"Sim";1327114;"Camioneta";"N�o Informado/N�o Informado/N�o Informado";2025;NA;NA;NA;NA;NA;NA;NA;NA;-20,3420281;-40,40477514;"SPRF-ES";"DEL01-ES";"UOP01-DEL01-ES"
742486;NA;2025-12-30;"ter�a-feira";"04:00:00";"ES";101;296;"CARIACICA";"Sim";"Velocidade Incompat�vel";1;"Tombamento";"Com V�timas Feridas";"Plena Noite";"Decrescente";"C�u Claro";"M�ltipla";"Curva";"Sim";1325831;"Semireboque";"REB/TRES EIXOS/TRES EIXOS";1994;NA;NA;NA;NA;NA;NA;NA;NA;-20,3420281;-40,40477514;"SPRF-ES";"DEL01-ES";"UOP01-DEL01-ES"
742487;1662705;2025-12-30;"ter�a-feira";"02:40:00";"RO";421;17;"MONTE NEGRO";"N�o";"Rea��o tardia ou ineficiente do condutor";1;"Colis�o transversal";"Sem V�timas";"Plena Noite";"Decrescente";"C�u Claro";"Simples";"Reta";"N�o";1325759;"Autom�vel";"GM/CELTA 4P LIFE/CELTA 4P LIFE";2009;"Passageiro";"Ileso";4;"Feminino";1;0;0;0;-10,0143209;-63,1644287;"SPRF-RO";"DEL03-RO";"UOP01-DEL03-RO"
742487;1662704;2025-12-30;"ter�a-feira";"02:40:00";"RO";421;17;"MONTE NEGRO";"N�o";"Rea��o tardia ou ineficiente do condutor";1;"Colis�o transversal";"Sem V�timas";"Plena Noite";"Decrescente";"C�u Claro";"Simples";"Reta";"N�o";1325759;"Autom�vel";"GM/CELTA 4P LIFE/CELTA 4P LIFE";2009;"Passageiro";"Ileso";34;"Feminino";1;0;0;0;-10,0143209;-63,1644287;"SPRF-RO";"DEL03-RO";"UOP01-DEL03-RO"
742487;1662691;2025-12-30;"ter�a-feira";"02:40:00";"RO";421;17;"MONTE NEGRO";"N�o";"Rea��o tardia ou ineficiente do condutor";1;"Colis�o transversal";"Sem V�timas";"Plena Noite";"Decrescente";"C�u Claro";"Simples";"Reta";"N�o";1325759;"Autom�vel";"GM/CELTA 4P LIFE/CELTA 4P LIFE";2009;"Condutor";"Ileso";31;"Masculino";1;0;0;0;-10,0143209;-63,1644287;"SPRF-RO";"DEL03-RO";"UOP01-DEL03-RO"
742487;1662690;2025-12-30;"ter�a-feira";"02:40:00";"RO";421;17;"MONTE NEGRO";"N�o";"Rea��o tardia ou ineficiente do condutor";1;"Colis�o transversal";"Sem V�timas";"Plena Noite";"Decrescente";"C�u Claro";"Simples";"Reta";"N�o";1325758;"Autom�vel";"VW/CROSSFOX/CROSSFOX";2008;"Condutor";"Ileso";54;"Masculino";1;0;0;0;-10,0143209;-63,1644287;"SPRF-RO";"DEL03-RO";"UOP01-DEL03-RO"
742487;1662705;2025-12-30;"ter�a-feira";"02:40:00";"RO";421;17;"MONTE NEGRO";"N�o";"Falta de acostamento";1;"Colis�o transversal";"Sem V�timas";"Plena Noite";"Decrescente";"C�u Claro";"Simples";"Reta";"N�o";1325759;"Autom�vel";"GM/CELTA 4P LIFE/CELTA 4P LIFE";2009;"Passageiro";"Ileso";4;"Feminino";1;0;0;0;-10,0143209;-63,1644287;"SPRF-RO";"DEL03-RO";"UOP01-DEL03-RO"
742487;1662704;2025-12-30;"ter�a-feira";"02:40:00";"RO";421;17;"MONTE NEGRO";"N�o";"Falta de acostamento";1;"Colis�o transversal";"Sem V�timas";"Plena Noite";"Decrescente";"C�u Claro";"Simples";"Reta";"N�o";1325759;"Autom�vel";"GM/CELTA 4P LIFE/CELTA 4P LIFE";2009;"Passageiro";"Ileso";34;"Feminino";1;0;0;0;-10,0143209;-63,1644287;"SPRF-RO";"DEL03-RO";"UOP01-DEL03-RO"
742487;1662691;2025-12-30;"ter�a-feira";"02:40:00";"RO";421;17;"MONTE NEGRO";"N�o";"Falta de acostamento";1;"Colis�o transversal";"Sem V�timas";"Plena Noite";"Decrescente";"C�u Claro";"Simples";"Reta";"N�o";1325759;"Autom�vel";"GM/CELTA 4P LIFE/CELTA 4P LIFE";2009;"Condutor";"Ileso";31;"Masculino";1;0;0;0;-10,0143209;-63,1644287;"SPRF-RO";"DEL03-RO";"UOP01-DEL03-RO"
742487;1662690;2025-12-30;"ter�a-feira";"02:40:00";"RO";421;17;"MONTE NEGRO";"N�o";"Falta de acostamento";1;"Colis�o transversal";"Sem V�timas";"Plena Noite";"Decrescente";"C�u Claro";"Simples";"Reta";"N�o";1325758;"Autom�vel";"VW/CROSSFOX/CROSSFOX";2008;"Condutor";"Ileso";54;"Masculino";1;0;0;0;-10,0143209;-63,1644287;"SPRF-RO";"DEL03-RO";"UOP01-DEL03-RO"
742487;1662705;2025-12-30;"ter�a-feira";"02:40:00";"RO";421;17;"MONTE NEGRO";"N�o";"Demais falhas na via";1;"Colis�o transversal";"Sem V�timas";"Plena Noite";"Decrescente";"C�u Claro";"Simples";"Reta";"N�o";1325759;"Autom�vel";"GM/CELTA 4P LIFE/CELTA 4P LIFE";2009;"Passageiro";"Ileso";4;"Feminino";1;0;0;0;-10,0143209;-63,1644287;"SPRF-RO";"DEL03-RO";"UOP01-DEL03-RO"
742487;1662704;2025-12-30;"ter�a-feira";"02:40:00";"RO";421;17;"MONTE NEGRO";"N�o";"Demais falhas na via";1;"Colis�o transversal";"Sem V�timas";"Plena Noite";"Decrescente";"C�u Claro";"Simples";"Reta";"N�o";1325759;"Autom�vel";"GM/CELTA 4P LIFE/CELTA 4P LIFE";2009;"Passageiro";"Ileso";34;"Feminino";1;0;0;0;-10,0143209;-63,1644287;"SPRF-RO";"DEL03-RO";"UOP01-DEL03-RO"
742487;1662691;2025-12-30;"ter�a-feira";"02:40:00";"RO";421;17;"MONTE NEGRO";"N�o";"Demais falhas na via";1;"Colis�o transversal";"Sem V�timas";"Plena Noite";"Decrescente";"C�u Claro";"Simples";"Reta";"N�o";1325759;"Autom�vel";"GM/CELTA 4P LIFE/CELTA 4P LIFE";2009;"Condutor";"Ileso";31;"Masculino";1;0;0;0;-10,0143209;-63,1644287;"SPRF-RO";"DEL03-RO";"UOP01-DEL03-RO"
742487;1662690;2025-12-30;"ter�a-feira";"02:40:00";"RO";421;17;"MONTE NEGRO";"N�o";"Demais falhas na via";1;"Colis�o transversal";"Sem V�timas";"Plena Noite";"Decrescente";"C�u Claro";"Simples";"Reta";"N�o";1325758;"Autom�vel";"VW/CROSSFOX/CROSSFOX";2008;"Condutor";"Ileso";54;"Masculino";1;0;0;0;-10,0143209;-63,1644287;"SPRF-RO";"DEL03-RO";"UOP01-DEL03-RO"
742487;1662705;2025-12-30;"ter�a-feira";"02:40:00";"RO";421;17;"MONTE NEGRO";"Sim";"Ingest�o de �lcool pelo condutor";1;"Colis�o transversal";"Sem V�timas";"Plena Noite";"Decrescente";"C�u Claro";"Simples";"Reta";"N�o";1325759;"Autom�vel";"GM/CELTA 4P LIFE/CELTA 4P LIFE";2009;"Passageiro";"Ileso";4;"Feminino";1;0;0;0;-10,0143209;-63,1644287;"SPRF-RO";"DEL03-RO";"UOP01-DEL03-RO"
742487;1662704;2025-12-30;"ter�a-feira";"02:40:00";"RO";421;17;"MONTE NEGRO";"Sim";"Ingest�o de �lcool pelo condutor";1;"Colis�o transversal";"Sem V�timas";"Plena Noite";"Decrescente";"C�u Claro";"Simples";"Reta";"N�o";1325759;"Autom�vel";"GM/CELTA 4P LIFE/CELTA 4P LIFE";2009;"Passageiro";"Ileso";34;"Feminino";1;0;0;0;-10,0143209;-63,1644287;"SPRF-RO";"DEL03-RO";"UOP01-DEL03-RO"
742487;1662691;2025-12-30;"ter�a-feira";"02:40:00";"RO";421;17;"MONTE NEGRO";"Sim";"Ingest�o de �lcool pelo condutor";1;"Colis�o transversal";"Sem V�timas";"Plena Noite";"Decrescente";"C�u Claro";"Simples";"Reta";"N�o";1325759;"Autom�vel";"GM/CELTA 4P LIFE/CELTA 4P LIFE";2009;"Condutor";"Ileso";31;"Masculino";1;0;0;0;-10,0143209;-63,1644287;"SPRF-RO";"DEL03-RO";"UOP01-DEL03-RO"
742487;1662690;2025-12-30;"ter�a-feira";"02:40:00";"RO";421;17;"MONTE NEGRO";"Sim";"Ingest�o de �lcool pelo condutor";1;"Colis�o transversal";"Sem V�timas";"Plena Noite";"Decrescente";"C�u Claro";"Simples";"Reta";"N�o";1325758;"Autom�vel";"VW/CROSSFOX/CROSSFOX";2008;"Condutor";"Ileso";54;"Masculino";1;0;0;0;-10,0143209;-63,1644287;"SPRF-RO";"DEL03-RO";"UOP01-DEL03-RO"
742488;1662707;2025-12-30;"ter�a-feira";"01:10:00";"SP";116;7;"QUELUZ";"Sim";"Condutor Dormindo";1;"Queda de ocupante de ve�culo";"Com V�timas Feridas";"Plena Noite";"Decrescente";"Nublado";"Dupla";"Reta";"N�o";1325767;"Motocicleta";"YAMAHA/XTZ250 TENERE/XTZ250 TENERE";2011;"Condutor";"Les�es Graves";31;"Masculino";0;0;1;0;-22,53661566;-44,76363972;"SPRF-SP";"DEL08-SP";"UOP02-DEL08-SP"
742489;NA;2025-12-30;"ter�a-feira";"03:13:00";"PA";163;104;"ALTAMIRA";"N�o";"Curva acentuada";2;"Derramamento de carga";"Com V�timas Feridas";"Amanhecer";"Crescente";"Nublado";"Simples";"Curva";"N�o";1326266;"Semireboque";"SR/RANDON SR CA/RANDON SR CA";2013;NA;NA;NA;NA;NA;NA;NA;NA;-8,72638;-54,9733;"SPRF-MT";"DEL06-MT";"UOP03-DEL06-MT"
742489;1663410;2025-12-30;"ter�a-feira";"03:13:00";"PA";163;104;"ALTAMIRA";"N�o";"Curva acentuada";2;"Derramamento de carga";"Com V�timas Feridas";"Amanhecer";"Crescente";"Nublado";"Simples";"Curva";"N�o";1326264;"Caminh�o-trator";"VOLVO/FH 520 6X4T/FH 520 6X4T";2011;"Condutor";"Les�es Leves";27;"Masculino";0;1;0;0;-8,72638;-54,9733;"SPRF-MT";"DEL06-MT";"UOP03-DEL06-MT"
742489;NA;2025-12-30;"ter�a-feira";"03:13:00";"PA";163;104;"ALTAMIRA";"N�o";"Curva acentuada";2;"Derramamento de carga";"Com V�timas Feridas";"Amanhecer";"Crescente";"Nublado";"Simples";"Curva";"N�o";1326265;"Semireboque";"SR/RANDON SR CA/RANDON SR CA";2013;NA;NA;NA;NA;NA;NA;NA;NA;-8,72638;-54,9733;"SPRF-MT";"DEL06-MT";"UOP03-DEL06-MT"
742489;NA;2025-12-30;"ter�a-feira";"03:13:00";"PA";163;104;"ALTAMIRA";"N�o";"Curva acentuada";1;"Tombamento";"Com V�timas Feridas";"Amanhecer";"Crescente";"Nublado";"Simples";"Curva";"N�o";1326266;"Semireboque";"SR/RANDON SR CA/RANDON SR CA";2013;NA;NA;NA;NA;NA;NA;NA;NA;-8,72638;-54,9733;"SPRF-MT";"DEL06-MT";"UOP03-DEL06-MT"
742489;1663410;2025-12-30;"ter�a-feira";"03:13:00";"PA";163;104;"ALTAMIRA";"N�o";"Curva acentuada";1;"Tombamento";"Com V�timas Feridas";"Amanhecer";"Crescente";"Nublado";"Simples";"Curva";"N�o";1326264;"Caminh�o-trator";"VOLVO/FH 520 6X4T/FH 520 6X4T";2011;"Condutor";"Les�es Leves";27;"Masculino";0;1;0;0;-8,72638;-54,9733;"SPRF-MT";"DEL06-MT";"UOP03-DEL06-MT"
742489;NA;2025-12-30;"ter�a-feira";"03:13:00";"PA";163;104;"ALTAMIRA";"N�o";"Curva acentuada";1;"Tombamento";"Com V�timas Feridas";"Amanhecer";"Crescente";"Nublado";"Simples";"Curva";"N�o";1326265;"Semireboque";"SR/RANDON SR CA/RANDON SR CA";2013;NA;NA;NA;NA;NA;NA;NA;NA;-8,72638;-54,9733;"SPRF-MT";"DEL06-MT";"UOP03-DEL06-MT"
742489;NA;2025-12-30;"ter�a-feira";"03:13:00";"PA";163;104;"ALTAMIRA";"N�o";"Rea��o tardia ou ineficiente do condutor";2;"Derramamento de carga";"Com V�timas Feridas";"Amanhecer";"Crescente";"Nublado";"Simples";"Curva";"N�o";1326266;"Semireboque";"SR/RANDON SR CA/RANDON SR CA";2013;NA;NA;NA;NA;NA;NA;NA;NA;-8,72638;-54,9733;"SPRF-MT";"DEL06-MT";"UOP03-DEL06-MT"