"id";"pesid";"data_inversa";"dia_semana";"horario";"uf";"br";"km";"municipio";"causa_principal";"causa_acidente";"ordem_tipo_acidente";"tipo_acidente";"classificacao_acidente";"fase_dia";"sentido_via";"condicao_metereologica";"tipo_pista";"tracado_via";"uso_solo";"id_veiculo";"tipo_veiculo";"marca";"ano_fabricacao_veiculo";"tipo_envolvido";"estado_fisico";"idade";"sexo";"ilesos";"feridos_leves";"feridos_graves";"mortos";"latitude";"longitude";"regional";"delegacia";"uop"
742489;1663410;2025-12-30;"ter�a-feira";"03:13:00";"PA";163;104;"ALTAMIRA";"N�o";"Rea��o tardia ou ineficiente do condutor";2;"Derramamento de carga";"Com V�timas Feridas";"Amanhecer";"Crescente";"Nublado";"Simples";"Curva";"N�o";1326264;"Caminh�o-trator";"VOLVO/FH 520 6X4T/FH 520 6X4T";2011;"Condutor";"Les�es Leves";27;"Masculino";0;1;0;0;-8,72638;-54,9733;"SPRF-MT";"DEL06-MT";"UOP03-DEL06-MT"
742489;NA;2025-12-30;"ter�a-feira";"03:13:00";"PA";163;104;"ALTAMIRA";"N�o";"Rea��o tardia ou ineficiente do condutor";2;"Derramamento de carga";"Com V�timas Feridas";"Amanhecer";"Crescente";"Nublado";"Simples";"Curva";"N�o";1326265;"Semireboque";"SR/RANDON SR CA/RANDON SR CA";2013;NA;NA;NA;NA;NA;NA;NA;NA;-8,72638;-54,9733;"SPRF-MT";"DEL06-MT";"UOP03-DEL06-MT"
742489;NA;2025-12-30;"ter�a-feira";"03:13:00";"PA";163;104;"ALTAMIRA";"N�o";"Rea��o tardia ou ineficiente do condutor";1;"Tombamento";"Com V�timas Feridas";"Amanhecer";"Crescente";"Nublado";"Simples";"Curva";"N�o";1326266;"Semireboque";"SR/RANDON SR CA/RANDON SR CA";2013;NA;NA;NA;NA;NA;NA;NA;NA;-8,72638;-54,9733;"SPRF-MT";"DEL06-MT";"UOP03-DEL06-MT"
742489;1663410;2025-12-30;"ter�a-feira";"03:13:00";"PA";163;104;"ALTAMIRA";"N�o";"Rea��o tardia ou ineficiente do condutor";1;"Tombamento";"Com V�timas Feridas";"Amanhecer";"Crescente";"Nublado";"Simples";"Curva";"N�o";1326264;"Caminh�o-trator";"VOLVO/FH 520 6X4T/FH 520 6X4T";2011;"Condutor";"Les�es Leves";27;"Masculino";0;1;0;0;-8,72638;-54,9733;"SPRF-MT";"DEL06-MT";"UOP03-DEL06-MT"
742489;NA;2025-12-30;"ter�a-feira";"03:13:00";"PA";163;104;"ALTAMIRA";"N�o";"Rea��o tardia ou ineficiente do condutor";1;"Tombamento";"Com V�timas Feridas";"Amanhecer";"Crescente";"Nublado";"Simples";"Curva";"N�o";1326265;"Semireboque";"SR/RANDON SR CA/RANDON SR CA";2013;NA;NA;NA;NA;NA;NA;NA;NA;-8,72638;-54,9733;"SPRF-MT";"DEL06-MT";"UOP03-DEL06-MT"
742489;NA;2025-12-30;"ter�a-feira";"03:13:00";"PA";163;104;"ALTAMIRA";"Sim";"Velocidade Incompat�vel";2;"Derramamento de carga";"Com V�timas Feridas";"Amanhecer";"Crescente";"Nublado";"Simples";"Curva";"N�o";1326266;"Semireboque";"SR/RANDON SR CA/RANDON SR CA";2013;NA;NA;NA;NA;NA;NA;NA;NA;-8,72638;-54,9733;"SPRF-MT";"DEL06-MT";"UOP03-DEL06-MT"
742489;1663410;2025-12-30;"ter�a-feira";"03:13:00";"PA";163;104;"ALTAMIRA";"Sim";"Velocidade Incompat�vel";2;"Derramamento de carga";"Com V�timas Feridas";"Amanhecer";"Crescente";"Nublado";"Simples";"Curva";"N�o";1326264;"Caminh�o-trator";"VOLVO/FH 520 6X4T/FH 520 6X4T";2011;"Condutor";"Les�es Leves";27;"Masculino";0;1;0;0;-8,72638;-54,9733;"SPRF-MT";"DEL06-MT";"UOP03-DEL06-MT"
742489;NA;2025-12-30;"ter�a-feira";"03:13:00";"PA";163;104;"ALTAMIRA";"Sim";"Velocidade Incompat�vel";2;"Derramamento de carga";"Com V�timas Feridas";"Amanhecer";"Crescente";"Nublado";"Simples";"Curva";"N�o";1326265;"Semireboque";"SR/RANDON SR CA/RANDON SR CA";2013;NA;NA;NA;NA;NA;NA;NA;NA;-8,72638;-54,9733;"SPRF-MT";"DEL06-MT";"UOP03-DEL06-MT"
742489;NA;2025-12-30;"ter�a-feira";"03:13:00";"PA";163;104;"ALTAMIRA";"Sim";"Velocidade Incompat�vel";1;"Tombamento";"Com V�timas Feridas";"Amanhecer";"Crescente";"Nublado";"Simples";"Curva";"N�o";1326266;"Semireboque";"SR/RANDON SR CA/RANDON SR CA";2013;NA;NA;NA;NA;NA;NA;NA;NA;-8,72638;-54,9733;"SPRF-MT";"DEL06-MT";"UOP03-DEL06-MT"
742489;1663410;2025-12-30;"ter�a-feira";"03:13:00";"PA";163;104;"ALTAMIRA";"Sim";"Velocidade Incompat�vel";1;"Tombamento";"Com V�timas Feridas";"Amanhecer";"Crescente";"Nublado";"Simples";"Curva";"N�o";1326264;"Caminh�o-trator";"VOLVO/FH 520 6X4T/FH 520 6X4T";2011;"Condutor";"Les�es Leves";27;"Masculino";0;1;0;0;-8,72638;-54,9733;"SPRF-MT";"DEL06-MT";"UOP03-DEL06-MT"
742489;NA;2025-12-30;"ter�a-feira";"03:13:00";"PA";163;104;"ALTAMIRA";"Sim";"Velocidade Incompat�vel";1;"Tombamento";"Com V�timas Feridas";"Amanhecer";"Crescente";"Nublado";"Simples";"Curva";"N�o";1326265;"Semireboque";"SR/RANDON SR CA/RANDON SR CA";2013;NA;NA;NA;NA;NA;NA;NA;NA;-8,72638;-54,9733;"SPRF-MT";"DEL06-MT";"UOP03-DEL06-MT"
742490;1662708;2025-12-30;"ter�a-feira";"05:40:00";"PB";230;41,8;"SANTA RITA";"N�o";"Rea��o tardia ou ineficiente do condutor";2;"Queda de ocupante de ve�culo";"Com V�timas Feridas";"Amanhecer";"Decrescente";"Sol";"Dupla";"Curva";"N�o";1325768;"Motocicleta";"YAMAHA/FZ15 FAZER ABS/FZ15 FAZER ABS";2025;"Condutor";"Les�es Graves";37;"Masculino";0;0;1;0;-7,14210999;-34,99324369;"SPRF-PB";"DEL01-PB";"UOP02-DEL01-PB"
742490;1662708;2025-12-30;"ter�a-feira";"05:40:00";"PB";230;41,8;"SANTA RITA";"N�o";"Rea��o tardia ou ineficiente do condutor";1;"Atropelamento de Animal";"Com V�timas Feridas";"Amanhecer";"Decrescente";"Sol";"Dupla";"Curva";"N�o";1325768;"Motocicleta";"YAMAHA/FZ15 FAZER ABS/FZ15 FAZER ABS";2025;"Condutor";"Les�es Graves";37;"Masculino";0;0;1;0;-7,14210999;-34,99324369;"SPRF-PB";"DEL01-PB";"UOP02-DEL01-PB"
742490;1662708;2025-12-30;"ter�a-feira";"05:40:00";"PB";230;41,8;"SANTA RITA";"Sim";"Animais na Pista";2;"Queda de ocupante de ve�culo";"Com V�timas Feridas";"Amanhecer";"Decrescente";"Sol";"Dupla";"Curva";"N�o";1325768;"Motocicleta";"YAMAHA/FZ15 FAZER ABS/FZ15 FAZER ABS";2025;"Condutor";"Les�es Graves";37;"Masculino";0;0;1;0;-7,14210999;-34,99324369;"SPRF-PB";"DEL01-PB";"UOP02-DEL01-PB"
742490;1662708;2025-12-30;"ter�a-feira";"05:40:00";"PB";230;41,8;"SANTA RITA";"Sim";"Animais na Pista";1;"Atropelamento de Animal";"Com V�timas Feridas";"Amanhecer";"Decrescente";"Sol";"Dupla";"Curva";"N�o";1325768;"Motocicleta";"YAMAHA/FZ15 FAZER ABS/FZ15 FAZER ABS";2025;"Condutor";"Les�es Graves";37;"Masculino";0;0;1;0;-7,14210999;-34,99324369;"SPRF-PB";"DEL01-PB";"UOP02-DEL01-PB"
742491;1662703;2025-12-29;"segunda-feira";"16:13:00";"BA";116;574;"BREJOES";"Sim";"Condutor deixou de manter dist�ncia do ve�culo da frente";1;"Colis�o traseira";"Com V�timas Feridas";"Pleno dia";"Decrescente";"C�u Claro";"Simples";"Reta";"Sim";1325764;"�nibus";"VOLVO/MPOLO PARADISO DD/MPOLO PARADISO DD";2025;"Condutor";"Ileso";40;"Masculino";1;0;0;0;-12,93771456;-39,9061203;"SPRF-BA";"DEL03-BA";"UOP02-DEL03-BA"
742491;1667257;2025-12-29;"segunda-feira";"16:13:00";"BA";116;574;"BREJOES";"Sim";"Condutor deixou de manter dist�ncia do ve�culo da frente";1;"Colis�o traseira";"Com V�timas Feridas";"Pleno dia";"Decrescente";"C�u Claro";"Simples";"Reta";"Sim";1328704;"Autom�vel";"VW/NOVO FOX ROCK RIO MB/NOVO FOX ROCK RIO MB";2015;"Condutor";"Les�es Leves";72;"Masculino";0;1;0;0;-12,93771456;-39,9061203;"SPRF-BA";"DEL03-BA";"UOP02-DEL03-BA"
742492;1662712;2025-12-30;"ter�a-feira";"04:30:00";"RJ";116;93;"GUAPIMIRIM";"Sim";"Velocidade Incompat�vel";1;"Tombamento";"Sem V�timas";"Plena Noite";"Crescente";"C�u Claro";"Simples";"Curva";"N�o";1325772;"Caminh�o";"IVECO/TECTOR 240E25S/TECTOR 240E25S";2010;"Passageiro";"Ileso";47;"Masculino";1;0;0;0;-22,50267957;-43,00088374;"SPRF-RJ";"DEL04-RJ";"UOP01-DEL04-RJ"
742492;1662711;2025-12-30;"ter�a-feira";"04:30:00";"RJ";116;93;"GUAPIMIRIM";"Sim";"Velocidade Incompat�vel";1;"Tombamento";"Sem V�timas";"Plena Noite";"Crescente";"C�u Claro";"Simples";"Curva";"N�o";1325772;"Caminh�o";"IVECO/TECTOR 240E25S/TECTOR 240E25S";2010;"Condutor";"Ileso";50;"Masculino";1;0;0;0;-22,50267957;-43,00088374;"SPRF-RJ";"DEL04-RJ";"UOP01-DEL04-RJ"
742493;1666578;2025-12-30;"ter�a-feira";"05:30:00";"MG";381;832,8;"ITAPEVA";"Sim";"Rea��o tardia ou ineficiente do condutor";1;"Sa�da de leito carro��vel";"Com V�timas Feridas";"Amanhecer";"Decrescente";"Chuva";"Dupla";"Curva";"N�o";1325765;"Autom�vel";"TOYOTA/ETIOS HB XS 15 MT/ETIOS HB XS 15 MT";2016;"Passageiro";"Les�es Leves";55;"Feminino";0;1;0;0;-22,7672064;-46,219264;"SPRF-MG";"DEL16-MG";"UOP01-DEL16-MG"
742493;1666577;2025-12-30;"ter�a-feira";"05:30:00";"MG";381;832,8;"ITAPEVA";"Sim";"Rea��o tardia ou ineficiente do condutor";1;"Sa�da de leito carro��vel";"Com V�timas Feridas";"Amanhecer";"Decrescente";"Chuva";"Dupla";"Curva";"N�o";1325765;"Autom�vel";"TOYOTA/ETIOS HB XS 15 MT/ETIOS HB XS 15 MT";2016;"Passageiro";"Les�es Leves";14;"Feminino";0;1;0;0;-22,7672064;-46,219264;"SPRF-MG";"DEL16-MG";"UOP01-DEL16-MG"
742493;1662702;2025-12-30;"ter�a-feira";"05:30:00";"MG";381;832,8;"ITAPEVA";"Sim";"Rea��o tardia ou ineficiente do condutor";1;"Sa�da de leito carro��vel";"Com V�timas Feridas";"Amanhecer";"Decrescente";"Chuva";"Dupla";"Curva";"N�o";1325765;"Autom�vel";"TOYOTA/ETIOS HB XS 15 MT/ETIOS HB XS 15 MT";2016;"Condutor";"Ileso";32;"Masculino";1;0;0;0;-22,7672064;-46,219264;"SPRF-MG";"DEL16-MG";"UOP01-DEL16-MG"
742494;1662740;2025-12-30;"ter�a-feira";"05:40:00";"SC";470;155,2;"TROMBUDO CENTRAL";"Sim";"Rea��o tardia ou ineficiente do condutor";1;"Colis�o frontal";"Com V�timas Fatais";"Amanhecer";"Decrescente";"Garoa/Chuvisco";"Simples";"Curva";"N�o";1325786;"Autom�vel";"TOYOTA/COROLLA XEI20FLEX/COROLLA XEI20FLEX";2010;"Condutor";"Les�es Graves";38;"Masculino";0;0;1;0;-27,2792;-49,7558;"SPRF-SC";"DEL04-SC";"UOP02-DEL04-SC"
742494;1664506;2025-12-30;"ter�a-feira";"05:40:00";"SC";470;155,2;"TROMBUDO CENTRAL";"Sim";"Rea��o tardia ou ineficiente do condutor";1;"Colis�o frontal";"Com V�timas Fatais";"Amanhecer";"Decrescente";"Garoa/Chuvisco";"Simples";"Curva";"N�o";1325786;"Autom�vel";"TOYOTA/COROLLA XEI20FLEX/COROLLA XEI20FLEX";2010;"Passageiro";"Les�es Leves";15;"Feminino";0;1;0;0;-27,2792;-49,7558;"SPRF-SC";"DEL04-SC";"UOP02-DEL04-SC"
742494;1664605;2025-12-30;"ter�a-feira";"05:40:00";"SC";470;155,2;"TROMBUDO CENTRAL";"Sim";"Rea��o tardia ou ineficiente do condutor";1;"Colis�o frontal";"Com V�timas Fatais";"Amanhecer";"Decrescente";"Garoa/Chuvisco";"Simples";"Curva";"N�o";1325786;"Autom�vel";"TOYOTA/COROLLA XEI20FLEX/COROLLA XEI20FLEX";2010;"Passageiro";"Les�es Leves";34;"Feminino";0;1;0;0;-27,2792;-49,7558;"SPRF-SC";"DEL04-SC";"UOP02-DEL04-SC"
742494;1664505;2025-12-30;"ter�a-feira";"05:40:00";"SC";470;155,2;"TROMBUDO CENTRAL";"Sim";"Rea��o tardia ou ineficiente do condutor";1;"Colis�o frontal";"Com V�timas Fatais";"Amanhecer";"Decrescente";"Garoa/Chuvisco";"Simples";"Curva";"N�o";1325786;"Autom�vel";"TOYOTA/COROLLA XEI20FLEX/COROLLA XEI20FLEX";2010;"Passageiro";"Les�es Graves";16;"Masculino";0;0;1;0;-27,2792;-49,7558;"SPRF-SC";"DEL04-SC";"UOP02-DEL04-SC"
742494;1664502;2025-12-30;"ter�a-feira";"05:40:00";"SC";470;155,2;"TROMBUDO CENTRAL";"Sim";"Rea��o tardia ou ineficiente do condutor";1;"Colis�o frontal";"Com V�timas Fatais";"Amanhecer";"Decrescente";"Garoa/Chuvisco";"Simples";"Curva";"N�o";1325786;"Autom�vel";"TOYOTA/COROLLA XEI20FLEX/COROLLA XEI20FLEX";2010;"Passageiro";"Les�es Leves";10;"Feminino";0;1;0;0;-27,2792;-49,7558;"SPRF-SC";"DEL04-SC";"UOP02-DEL04-SC"
742494;1662739;2025-12-30;"ter�a-feira";"05:40:00";"SC";470;155,2;"TROMBUDO CENTRAL";"Sim";"Rea��o tardia ou ineficiente do condutor";1;"Colis�o frontal";"Com V�timas Fatais";"Amanhecer";"Decrescente";"Garoa/Chuvisco";"Simples";"Curva";"N�o";1325785;"Autom�vel";"GM/VECTRA SEDAN ELEGANCE/VECTRA SEDAN ELEGANCE";2008;"Condutor";"Les�es Graves";23;"Masculino";0;0;1;0;-27,2792;-49,7558;"SPRF-SC";"DEL04-SC";"UOP02-DEL04-SC"
742494;1664317;2025-12-30;"ter�a-feira";"05:40:00";"SC";470;155,2;"TROMBUDO CENTRAL";"Sim";"Rea��o tardia ou ineficiente do condutor";1;"Colis�o frontal";"Com V�timas Fatais";"Amanhecer";"Decrescente";"Garoa/Chuvisco";"Simples";"Curva";"N�o";1325785;"Autom�vel";"GM/VECTRA SEDAN ELEGANCE/VECTRA SEDAN ELEGANCE";2008;"Passageiro";"Ileso";49;"Masculino";1;0;0;0;-27,2792;-49,7558;"SPRF-SC";"DEL04-SC";"UOP02-DEL04-SC"
742494;1662738;2025-12-30;"ter�a-feira";"05:40:00";"SC";470;155,2;"TROMBUDO CENTRAL";"Sim";"Rea��o tardia ou ineficiente do condutor";1;"Colis�o frontal";"Com V�timas Fatais";"Amanhecer";"Decrescente";"Garoa/Chuvisco";"Simples";"Curva";"N�o";1325784;"Autom�vel";"VW/NOVO GOL 1.0/NOVO GOL 1.0";2012;"Condutor";"�bito";26;"Masculino";0;0;0;1;-27,2792;-49,7558;"SPRF-SC";"DEL04-SC";"UOP02-DEL04-SC"
742494;1664368;2025-12-30;"ter�a-feira";"05:40:00";"SC";470;155,2;"TROMBUDO CENTRAL";"Sim";"Rea��o tardia ou ineficiente do condutor";1;"Colis�o frontal";"Com V�timas Fatais";"Amanhecer";"Decrescente";"Garoa/Chuvisco";"Simples";"Curva";"N�o";NA;NA;"NA/NA/NA";NA;"Testemunha";"N�o Informado";NA;"N�o Informado";0;0;0;0;-27,2792;-49,7558;"SPRF-SC";"DEL04-SC";"UOP02-DEL04-SC"
742494;1662740;2025-12-30;"ter�a-feira";"05:40:00";"SC";470;155,2;"TROMBUDO CENTRAL";"Sim";"Rea��o tardia ou ineficiente do condutor";3;"Colis�o frontal";"Com V�timas Fatais";"Amanhecer";"Decrescente";"Garoa/Chuvisco";"Simples";"Curva";"N�o";1325786;"Autom�vel";"TOYOTA/COROLLA XEI20FLEX/COROLLA XEI20FLEX";2010;"Condutor";"Les�es Graves";38;"Masculino";0;0;1;0;-27,2792;-49,7558;"SPRF-SC";"DEL04-SC";"UOP02-DEL04-SC"
742494;1664506;2025-12-30;"ter�a-feira";"05:40:00";"SC";470;155,2;"TROMBUDO CENTRAL";"Sim";"Rea��o tardia ou ineficiente do condutor";3;"Colis�o frontal";"Com V�timas Fatais";"Amanhecer";"Decrescente";"Garoa/Chuvisco";"Simples";"Curva";"N�o";1325786;"Autom�vel";"TOYOTA/COROLLA XEI20FLEX/COROLLA XEI20FLEX";2010;"Passageiro";"Les�es Leves";15;"Feminino";0;1;0;0;-27,2792;-49,7558;"SPRF-SC";"DEL04-SC";"UOP02-DEL04-SC"
742494;1664605;2025-12-30;"ter�a-feira";"05:40:00";"SC";470;155,2;"TROMBUDO CENTRAL";"Sim";"Rea��o tardia ou ineficiente do condutor";3;"Colis�o frontal";"Com V�timas Fatais";"Amanhecer";"Decrescente";"Garoa/Chuvisco";"Simples";"Curva";"N�o";1325786;"Autom�vel";"TOYOTA/COROLLA XEI20FLEX/COROLLA XEI20FLEX";2010;"Passageiro";"Les�es Leves";34;"Feminino";0;1;0;0;-27,2792;-49,7558;"SPRF-SC";"DEL04-SC";"UOP02-DEL04-SC"
742494;1664505;2025-12-30;"ter�a-feira";"05:40:00";"SC";470;155,2;"TROMBUDO CENTRAL";"Sim";"Rea��o tardia ou ineficiente do condutor";3;"Colis�o frontal";"Com V�timas Fatais";"Amanhecer";"Decrescente";"Garoa/Chuvisco";"Simples";"Curva";"N�o";1325786;"Autom�vel";"TOYOTA/COROLLA XEI20FLEX/COROLLA XEI20FLEX";2010;"Passageiro";"Les�es Graves";16;"Masculino";0;0;1;0;-27,2792;-49,7558;"SPRF-SC";"DEL04-SC";"UOP02-DEL04-SC"
742494;1664502;2025-12-30;"ter�a-feira";"05:40:00";"SC";470;155,2;"TROMBUDO CENTRAL";"Sim";"Rea��o tardia ou ineficiente do condutor";3;"Colis�o frontal";"Com V�timas Fatais";"Amanhecer";"Decrescente";"Garoa/Chuvisco";"Simples";"Curva";"N�o";1325786;"Autom�vel";"TOYOTA/COROLLA XEI20FLEX/COROLLA XEI20FLEX";2010;"Passageiro";"Les�es Leves";10;"Feminino";0;1;0;0;-27,2792;-49,7558;"SPRF-SC";"DEL04-SC";"UOP02-DEL04-SC"
742494;1662739;2025-12-30;"ter�a-feira";"05:40:00";"SC";470;155,2;"TROMBUDO CENTRAL";"Sim";"Rea��o tardia ou ineficiente do condutor";3;"Colis�o frontal";"Com V�timas Fatais";"Amanhecer";"Decrescente";"Garoa/Chuvisco";"Simples";"Curva";"N�o";1325785;"Autom�vel";"GM/VECTRA SEDAN ELEGANCE/VECTRA SEDAN ELEGANCE";2008;"Condutor";"Les�es Graves";23;"Masculino";0;0;1;0;-27,2792;-49,7558;"SPRF-SC";"DEL04-SC";"UOP02-DEL04-SC"
742494;1664317;2025-12-30;"ter�a-feira";"05:40:00";"SC";470;155,2;"TROMBUDO CENTRAL";"Sim";"Rea��o tardia ou ineficiente do condutor";3;"Colis�o frontal";"Com V�timas Fatais";"Amanhecer";"Decrescente";"Garoa/Chuvisco";"Simples";"Curva";"N�o";1325785;"Autom�vel";"GM/VECTRA SEDAN ELEGANCE/VECTRA SEDAN ELEGANCE";2008;"Passageiro";"Ileso";49;"Masculino";1;0;0;0;-27,2792;-49,7558;"SPRF-SC";"DEL04-SC";"UOP02-DEL04-SC"
742494;1662738;2025-12-30;"ter�a-feira";"05:40:00";"SC";470;155,2;"TROMBUDO CENTRAL";"Sim";"Rea��o tardia ou ineficiente do condutor";3;"Colis�o frontal";"Com V�timas Fatais";"Amanhecer";"Decrescente";"Garoa/Chuvisco";"Simples";"Curva";"N�o";1325784;"Autom�vel";"VW/NOVO GOL 1.0/NOVO GOL 1.0";2012;"Condutor";"�bito";26;"Masculino";0;0;0;1;-27,2792;-49,7558;"SPRF-SC";"DEL04-SC";"UOP02-DEL04-SC"
742494;1664368;2025-12-30;"ter�a-feira";"05:40:00";"SC";470;155,2;"TROMBUDO CENTRAL";"Sim";"Rea��o tardia ou ineficiente do condutor";3;"Colis�o frontal";"Com V�timas Fatais";"Amanhecer";"Decrescente";"Garoa/Chuvisco";"Simples";"Curva";"N�o";NA;NA;"NA/NA/NA";NA;"Testemunha";"N�o Informado";NA;"N�o Informado";0;0;0;0;-27,2792;-49,7558;"SPRF-SC";"DEL04-SC";"UOP02-DEL04-SC"
742494;1662740;2025-12-30;"ter�a-feira";"05:40:00";"SC";470;155,2;"TROMBUDO CENTRAL";"Sim";"Rea��o tardia ou ineficiente do condutor";2;"Sa�da de leito carro��vel";"Com V�timas Fatais";"Amanhecer";"Decrescente";"Garoa/Chuvisco";"Simples";"Curva";"N�o";1325786;"Autom�vel";"TOYOTA/COROLLA XEI20FLEX/COROLLA XEI20FLEX";2010;"Condutor";"Les�es Graves";38;"Masculino";0;0;1;0;-27,2792;-49,7558;"SPRF-SC";"DEL04-SC";"UOP02-DEL04-SC"
742494;1664506;2025-12-30;"ter�a-feira";"05:40:00";"SC";470;155,2;"TROMBUDO CENTRAL";"Sim";"Rea��o tardia ou ineficiente do condutor";2;"Sa�da de leito carro��vel";"Com V�timas Fatais";"Amanhecer";"Decrescente";"Garoa/Chuvisco";"Simples";"Curva";"N�o";1325786;"Autom�vel";"TOYOTA/COROLLA XEI20FLEX/COROLLA XEI20FLEX";2010;"Passageiro";"Les�es Leves";15;"Feminino";0;1;0;0;-27,2792;-49,7558;"SPRF-SC";"DEL04-SC";"UOP02-DEL04-SC"
742494;1664605;2025-12-30;"ter�a-feira";"05:40:00";"SC";470;155,2;"TROMBUDO CENTRAL";"Sim";"Rea��o tardia ou ineficiente do condutor";2;"Sa�da de leito carro��vel";"Com V�timas Fatais";"Amanhecer";"Decrescente";"Garoa/Chuvisco";"Simples";"Curva";"N�o";1325786;"Autom�vel";"TOYOTA/COROLLA XEI20FLEX/COROLLA XEI20FLEX";2010;"Passageiro";"Les�es Leves";34;"Feminino";0;1;0;0;-27,2792;-49,7558;"SPRF-SC";"DEL04-SC";"UOP02-DEL04-SC"
742494;1664505;2025-12-30;"ter�a-feira";"05:40:00";"SC";470;155,2;"TROMBUDO CENTRAL";"Sim";"Rea��o tardia ou ineficiente do condutor";2;"Sa�da de leito carro��vel";"Com V�timas Fatais";"Amanhecer";"Decrescente";"Garoa/Chuvisco";"Simples";"Curva";"N�o";1325786;"Autom�vel";"TOYOTA/COROLLA XEI20FLEX/COROLLA XEI20FLEX";2010;"Passageiro";"Les�es Graves";16;"Masculino";0;0;1;0;-27,2792;-49,7558;"SPRF-SC";"DEL04-SC";"UOP02-DEL04-SC"
742494;1664502;2025-12-30;"ter�a-feira";"05:40:00";"SC";470;155,2;"TROMBUDO CENTRAL";"Sim";"Rea��o tardia ou ineficiente do condutor";2;"Sa�da de leito carro��vel";"Com V�timas Fatais";"Amanhecer";"Decrescente";"Garoa/Chuvisco";"Simples";"Curva";"N�o";1325786;"Autom�vel";"TOYOTA/COROLLA XEI20FLEX/COROLLA XEI20FLEX";2010;"Passageiro";"Les�es Leves";10;"Feminino";0;1;0;0;-27,2792;-49,7558;"SPRF-SC";"DEL04-SC";"UOP02-DEL04-SC"
742494;1662739;2025-12-30;"ter�a-feira";"05:40:00";"SC";470;155,2;"TROMBUDO CENTRAL";"Sim";"Rea��o tardia ou ineficiente do condutor";2;"Sa�da de leito carro��vel";"Com V�timas Fatais";"Amanhecer";"Decrescente";"Garoa/Chuvisco";"Simples";"Curva";"N�o";1325785;"Autom�vel";"GM/VECTRA SEDAN ELEGANCE/VECTRA SEDAN ELEGANCE";2008;"Condutor";"Les�es Graves";23;"Masculino";0;0;1;0;-27,2792;-49,7558;"SPRF-SC";"DEL04-SC";"UOP02-DEL04-SC"
742494;1664317;2025-12-30;"ter�a-feira";"05:40:00";"SC";470;155,2;"TROMBUDO CENTRAL";"Sim";"Rea��o tardia ou ineficiente do condutor";2;"Sa�da de leito carro��vel";"Com V�timas Fatais";"Amanhecer";"Decrescente";"Garoa/Chuvisco";"Simples";"Curva";"N�o";1325785;"Autom�vel";"GM/VECTRA SEDAN ELEGANCE/VECTRA SEDAN ELEGANCE";2008;"Passageiro";"Ileso";49;"Masculino";1;0;0;0;-27,2792;-49,7558;"SPRF-SC";"DEL04-SC";"UOP02-DEL04-SC"
742494;1662738;2025-12-30;"ter�a-feira";"05:40:00";"SC";470;155,2;"TROMBUDO CENTRAL";"Sim";"Rea��o tardia ou ineficiente do condutor";2;"Sa�da de leito carro��vel";"Com V�timas Fatais";"Amanhecer";"Decrescente";"Garoa/Chuvisco";"Simples";"Curva";"N�o";1325784;"Autom�vel";"VW/NOVO GOL 1.0/NOVO GOL 1.0";2012;"Condutor";"�bito";26;"Masculino";0;0;0;1;-27,2792;-49,7558;"SPRF-SC";"DEL04-SC";"UOP02-DEL04-SC"
742494;1664368;2025-12-30;"ter�a-feira";"05:40:00";"SC";470;155,2;"TROMBUDO CENTRAL";"Sim";"Rea��o tardia ou ineficiente do condutor";2;"Sa�da de leito carro��vel";"Com V�timas Fatais";"Amanhecer";"Decrescente";"Garoa/Chuvisco";"Simples";"Curva";"N�o";NA;NA;"NA/NA/NA";NA;"Testemunha";"N�o Informado";NA;"N�o Informado";0;0;0;0;-27,2792;-49,7558;"SPRF-SC";"DEL04-SC";"UOP02-DEL04-SC"
742496;1662715;2025-12-30;"ter�a-feira";"05:40:00";"SP";116;161;"JACAREI";"Sim";"Aus�ncia de rea��o do condutor";2;"Colis�o com objeto";"Com V�timas Feridas";"Amanhecer";"Crescente";"Garoa/Chuvisco";"Dupla";"Reta";"Sim";1325770;"Autom�vel";"CHEVROLET/CELTA 1.0L LT/CELTA 1.0L LT";2012;"Condutor";"Les�es Leves";40;"Masculino";0;1;0;0;-23,273665;-45,971631;"SPRF-SP";"DEL02-SP";"UOP01-DEL02-SP"
742496;1662713;2025-12-30;"ter�a-feira";"05:40:00";"SP";116;161;"JACAREI";"Sim";"Aus�ncia de rea��o do condutor";2;"Colis�o com objeto";"Com V�timas Feridas";"Amanhecer";"Crescente";"Garoa/Chuvisco";"Dupla";"Reta";"Sim";1325769;"Autom�vel";"I/RENAULT FLUENCE DYN20A/RENAULT FLUENCE DYN20A";2014;"Condutor";"Ileso";25;"Masculino";1;0;0;0;-23,273665;-45,971631;"SPRF-SP";"DEL02-SP";"UOP01-DEL02-SP"
742496;1662715;2025-12-30;"ter�a-feira";"05:40:00";"SP";116;161;"JACAREI";"Sim";"Aus�ncia de rea��o do condutor";1;"Colis�o com objeto";"Com V�timas Feridas";"Amanhecer";"Crescente";"Garoa/Chuvisco";"Dupla";"Reta";"Sim";1325770;"Autom�vel";"CHEVROLET/CELTA 1.0L LT/CELTA 1.0L LT";2012;"Condutor";"Les�es Leves";40;"Masculino";0;1;0;0;-23,273665;-45,971631;"SPRF-SP";"DEL02-SP";"UOP01-DEL02-SP"
742496;1662713;2025-12-30;"ter�a-feira";"05:40:00";"SP";116;161;"JACAREI";"Sim";"Aus�ncia de rea��o do condutor";1;"Colis�o com objeto";"Com V�timas Feridas";"Amanhecer";"Crescente";"Garoa/Chuvisco";"Dupla";"Reta";"Sim";1325769;"Autom�vel";"I/RENAULT FLUENCE DYN20A/RENAULT FLUENCE DYN20A";2014;"Condutor";"Ileso";25;"Masculino";1;0;0;0;-23,273665;-45,971631;"SPRF-SP";"DEL02-SP";"UOP01-DEL02-SP"