"id";"pesid";"data_inversa";"dia_semana";"horario";"uf";"br";"km";"municipio";"causa_principal";"causa_acidente";"ordem_tipo_acidente";"tipo_acidente";"classificacao_acidente";"fase_dia";"sentido_via";"condicao_metereologica";"tipo_pista";"tracado_via";"uso_solo";"id_veiculo";"tipo_veiculo";"marca";"ano_fabricacao_veiculo";"tipo_envolvido";"estado_fisico";"idade";"sexo";"ilesos";"feridos_leves";"feridos_graves";"mortos";"latitude";"longitude";"regional";"delegacia";"uop"
742497;1662730;2025-12-29;"segunda-feira";"18:50:00";"SP";488;2,4;"APARECIDA";"Sim";"Acessar a via sem observar a presen�a dos outros ve�culos";1;"Colis�o transversal";"Com V�timas Feridas";"Plena Noite";"Crescente";"C�u Claro";"Dupla";"Reta";"Sim";1325778;"Motocicleta";"HONDA/XRE 190/XRE 190";2019;"Condutor";"Les�es Leves";29;"Masculino";0;1;0;0;-22,85803886;-45,23319008;"SPRF-SP";"DEL08-SP";"UOP01-DEL08-SP"
742497;1662731;2025-12-29;"segunda-feira";"18:50:00";"SP";488;2,4;"APARECIDA";"Sim";"Acessar a via sem observar a presen�a dos outros ve�culos";1;"Colis�o transversal";"Com V�timas Feridas";"Plena Noite";"Crescente";"C�u Claro";"Dupla";"Reta";"Sim";1325778;"Motocicleta";"HONDA/XRE 190/XRE 190";2019;"Passageiro";"Les�es Leves";25;"Feminino";0;1;0;0;-22,85803886;-45,23319008;"SPRF-SP";"DEL08-SP";"UOP01-DEL08-SP"
742497;1662729;2025-12-29;"segunda-feira";"18:50:00";"SP";488;2,4;"APARECIDA";"Sim";"Acessar a via sem observar a presen�a dos outros ve�culos";1;"Colis�o transversal";"Com V�timas Feridas";"Plena Noite";"Crescente";"C�u Claro";"Dupla";"Reta";"Sim";1325777;"Autom�vel";"FORD/ESCORT 1.0 HOBBY/ESCORT 1.0 HOBBY";1995;"Condutor";"Ileso";78;"Masculino";1;0;0;0;-22,85803886;-45,23319008;"SPRF-SP";"DEL08-SP";"UOP01-DEL08-SP"
742497;1662730;2025-12-29;"segunda-feira";"18:50:00";"SP";488;2,4;"APARECIDA";"Sim";"Acessar a via sem observar a presen�a dos outros ve�culos";3;"Queda de ocupante de ve�culo";"Com V�timas Feridas";"Plena Noite";"Crescente";"C�u Claro";"Dupla";"Reta";"Sim";1325778;"Motocicleta";"HONDA/XRE 190/XRE 190";2019;"Condutor";"Les�es Leves";29;"Masculino";0;1;0;0;-22,85803886;-45,23319008;"SPRF-SP";"DEL08-SP";"UOP01-DEL08-SP"
742497;1662731;2025-12-29;"segunda-feira";"18:50:00";"SP";488;2,4;"APARECIDA";"Sim";"Acessar a via sem observar a presen�a dos outros ve�culos";3;"Queda de ocupante de ve�culo";"Com V�timas Feridas";"Plena Noite";"Crescente";"C�u Claro";"Dupla";"Reta";"Sim";1325778;"Motocicleta";"HONDA/XRE 190/XRE 190";2019;"Passageiro";"Les�es Leves";25;"Feminino";0;1;0;0;-22,85803886;-45,23319008;"SPRF-SP";"DEL08-SP";"UOP01-DEL08-SP"
742497;1662729;2025-12-29;"segunda-feira";"18:50:00";"SP";488;2,4;"APARECIDA";"Sim";"Acessar a via sem observar a presen�a dos outros ve�culos";3;"Queda de ocupante de ve�culo";"Com V�timas Feridas";"Plena Noite";"Crescente";"C�u Claro";"Dupla";"Reta";"Sim";1325777;"Autom�vel";"FORD/ESCORT 1.0 HOBBY/ESCORT 1.0 HOBBY";1995;"Condutor";"Ileso";78;"Masculino";1;0;0;0;-22,85803886;-45,23319008;"SPRF-SP";"DEL08-SP";"UOP01-DEL08-SP"
742497;1662730;2025-12-29;"segunda-feira";"18:50:00";"SP";488;2,4;"APARECIDA";"Sim";"Acessar a via sem observar a presen�a dos outros ve�culos";2;"Tombamento";"Com V�timas Feridas";"Plena Noite";"Crescente";"C�u Claro";"Dupla";"Reta";"Sim";1325778;"Motocicleta";"HONDA/XRE 190/XRE 190";2019;"Condutor";"Les�es Leves";29;"Masculino";0;1;0;0;-22,85803886;-45,23319008;"SPRF-SP";"DEL08-SP";"UOP01-DEL08-SP"
742497;1662731;2025-12-29;"segunda-feira";"18:50:00";"SP";488;2,4;"APARECIDA";"Sim";"Acessar a via sem observar a presen�a dos outros ve�culos";2;"Tombamento";"Com V�timas Feridas";"Plena Noite";"Crescente";"C�u Claro";"Dupla";"Reta";"Sim";1325778;"Motocicleta";"HONDA/XRE 190/XRE 190";2019;"Passageiro";"Les�es Leves";25;"Feminino";0;1;0;0;-22,85803886;-45,23319008;"SPRF-SP";"DEL08-SP";"UOP01-DEL08-SP"
742497;1662729;2025-12-29;"segunda-feira";"18:50:00";"SP";488;2,4;"APARECIDA";"Sim";"Acessar a via sem observar a presen�a dos outros ve�culos";2;"Tombamento";"Com V�timas Feridas";"Plena Noite";"Crescente";"C�u Claro";"Dupla";"Reta";"Sim";1325777;"Autom�vel";"FORD/ESCORT 1.0 HOBBY/ESCORT 1.0 HOBBY";1995;"Condutor";"Ileso";78;"Masculino";1;0;0;0;-22,85803886;-45,23319008;"SPRF-SP";"DEL08-SP";"UOP01-DEL08-SP"
742498;1662737;2025-12-30;"ter�a-feira";"05:20:00";"MG";381;559;"ITAGUARA";"Sim";"Chuva";2;"Colis�o com objeto";"Com V�timas Feridas";"Amanhecer";"Crescente";"Chuva";"Dupla";"Declive;Curva";"N�o";1325783;"Autom�vel";"HONDA/CIVIC LX/CIVIC LX";2005;"Condutor";"Les�es Graves";28;"Masculino";0;0;1;0;-20,33137995;-44,45229721;"SPRF-MG";"DEL04-MG";"UOP03-DEL04-MG"
742498;1662736;2025-12-30;"ter�a-feira";"05:20:00";"MG";381;559;"ITAGUARA";"Sim";"Chuva";2;"Colis�o com objeto";"Com V�timas Feridas";"Amanhecer";"Crescente";"Chuva";"Dupla";"Declive;Curva";"N�o";1325783;"Autom�vel";"HONDA/CIVIC LX/CIVIC LX";2005;"Passageiro";"Ileso";53;"Masculino";1;0;0;0;-20,33137995;-44,45229721;"SPRF-MG";"DEL04-MG";"UOP03-DEL04-MG"
742498;1662737;2025-12-30;"ter�a-feira";"05:20:00";"MG";381;559;"ITAGUARA";"Sim";"Chuva";1;"Sa�da de leito carro��vel";"Com V�timas Feridas";"Amanhecer";"Crescente";"Chuva";"Dupla";"Declive;Curva";"N�o";1325783;"Autom�vel";"HONDA/CIVIC LX/CIVIC LX";2005;"Condutor";"Les�es Graves";28;"Masculino";0;0;1;0;-20,33137995;-44,45229721;"SPRF-MG";"DEL04-MG";"UOP03-DEL04-MG"
742498;1662736;2025-12-30;"ter�a-feira";"05:20:00";"MG";381;559;"ITAGUARA";"Sim";"Chuva";1;"Sa�da de leito carro��vel";"Com V�timas Feridas";"Amanhecer";"Crescente";"Chuva";"Dupla";"Declive;Curva";"N�o";1325783;"Autom�vel";"HONDA/CIVIC LX/CIVIC LX";2005;"Passageiro";"Ileso";53;"Masculino";1;0;0;0;-20,33137995;-44,45229721;"SPRF-MG";"DEL04-MG";"UOP03-DEL04-MG"
742499;NA;2025-12-30;"ter�a-feira";"05:10:00";"SC";101;230,1;"PALHOCA";"N�o";"Declive acentuado";2;"Inc�ndio";"Sem V�timas";"Amanhecer";"Decrescente";"Chuva";"Dupla";"Curva;Declive";"N�o";1327191;"Semireboque";"SR/FACCHINI SRF CF/FACCHINI SRF CF";2024;NA;NA;NA;NA;NA;NA;NA;NA;-27,779969;-48,635308;"SPRF-SC";"DEL01-SC";"UOP02-DEL01-SC"
742499;1663548;2025-12-30;"ter�a-feira";"05:10:00";"SC";101;230,1;"PALHOCA";"N�o";"Declive acentuado";2;"Inc�ndio";"Sem V�timas";"Amanhecer";"Decrescente";"Chuva";"Dupla";"Curva;Declive";"N�o";1326354;"Caminh�o-trator";"M.BENZ/AXOR 2041 LS/AXOR 2041 LS";2021;"Condutor";"Ileso";39;"Masculino";1;0;0;0;-27,779969;-48,635308;"SPRF-SC";"DEL01-SC";"UOP02-DEL01-SC"
742499;NA;2025-12-30;"ter�a-feira";"05:10:00";"SC";101;230,1;"PALHOCA";"N�o";"Declive acentuado";1;"Colis�o com objeto";"Sem V�timas";"Amanhecer";"Decrescente";"Chuva";"Dupla";"Curva;Declive";"N�o";1327191;"Semireboque";"SR/FACCHINI SRF CF/FACCHINI SRF CF";2024;NA;NA;NA;NA;NA;NA;NA;NA;-27,779969;-48,635308;"SPRF-SC";"DEL01-SC";"UOP02-DEL01-SC"
742499;1663548;2025-12-30;"ter�a-feira";"05:10:00";"SC";101;230,1;"PALHOCA";"N�o";"Declive acentuado";1;"Colis�o com objeto";"Sem V�timas";"Amanhecer";"Decrescente";"Chuva";"Dupla";"Curva;Declive";"N�o";1326354;"Caminh�o-trator";"M.BENZ/AXOR 2041 LS/AXOR 2041 LS";2021;"Condutor";"Ileso";39;"Masculino";1;0;0;0;-27,779969;-48,635308;"SPRF-SC";"DEL01-SC";"UOP02-DEL01-SC"
742499;NA;2025-12-30;"ter�a-feira";"05:10:00";"SC";101;230,1;"PALHOCA";"N�o";"Acumulo de �leo sobre o pavimento";2;"Inc�ndio";"Sem V�timas";"Amanhecer";"Decrescente";"Chuva";"Dupla";"Curva;Declive";"N�o";1327191;"Semireboque";"SR/FACCHINI SRF CF/FACCHINI SRF CF";2024;NA;NA;NA;NA;NA;NA;NA;NA;-27,779969;-48,635308;"SPRF-SC";"DEL01-SC";"UOP02-DEL01-SC"
742499;1663548;2025-12-30;"ter�a-feira";"05:10:00";"SC";101;230,1;"PALHOCA";"N�o";"Acumulo de �leo sobre o pavimento";2;"Inc�ndio";"Sem V�timas";"Amanhecer";"Decrescente";"Chuva";"Dupla";"Curva;Declive";"N�o";1326354;"Caminh�o-trator";"M.BENZ/AXOR 2041 LS/AXOR 2041 LS";2021;"Condutor";"Ileso";39;"Masculino";1;0;0;0;-27,779969;-48,635308;"SPRF-SC";"DEL01-SC";"UOP02-DEL01-SC"
742499;NA;2025-12-30;"ter�a-feira";"05:10:00";"SC";101;230,1;"PALHOCA";"N�o";"Acumulo de �leo sobre o pavimento";1;"Colis�o com objeto";"Sem V�timas";"Amanhecer";"Decrescente";"Chuva";"Dupla";"Curva;Declive";"N�o";1327191;"Semireboque";"SR/FACCHINI SRF CF/FACCHINI SRF CF";2024;NA;NA;NA;NA;NA;NA;NA;NA;-27,779969;-48,635308;"SPRF-SC";"DEL01-SC";"UOP02-DEL01-SC"
742499;1663548;2025-12-30;"ter�a-feira";"05:10:00";"SC";101;230,1;"PALHOCA";"N�o";"Acumulo de �leo sobre o pavimento";1;"Colis�o com objeto";"Sem V�timas";"Amanhecer";"Decrescente";"Chuva";"Dupla";"Curva;Declive";"N�o";1326354;"Caminh�o-trator";"M.BENZ/AXOR 2041 LS/AXOR 2041 LS";2021;"Condutor";"Ileso";39;"Masculino";1;0;0;0;-27,779969;-48,635308;"SPRF-SC";"DEL01-SC";"UOP02-DEL01-SC"
742499;NA;2025-12-30;"ter�a-feira";"05:10:00";"SC";101;230,1;"PALHOCA";"N�o";"Acumulo de �gua sobre o pavimento";2;"Inc�ndio";"Sem V�timas";"Amanhecer";"Decrescente";"Chuva";"Dupla";"Curva;Declive";"N�o";1327191;"Semireboque";"SR/FACCHINI SRF CF/FACCHINI SRF CF";2024;NA;NA;NA;NA;NA;NA;NA;NA;-27,779969;-48,635308;"SPRF-SC";"DEL01-SC";"UOP02-DEL01-SC"
742499;1663548;2025-12-30;"ter�a-feira";"05:10:00";"SC";101;230,1;"PALHOCA";"N�o";"Acumulo de �gua sobre o pavimento";2;"Inc�ndio";"Sem V�timas";"Amanhecer";"Decrescente";"Chuva";"Dupla";"Curva;Declive";"N�o";1326354;"Caminh�o-trator";"M.BENZ/AXOR 2041 LS/AXOR 2041 LS";2021;"Condutor";"Ileso";39;"Masculino";1;0;0;0;-27,779969;-48,635308;"SPRF-SC";"DEL01-SC";"UOP02-DEL01-SC"
742499;NA;2025-12-30;"ter�a-feira";"05:10:00";"SC";101;230,1;"PALHOCA";"N�o";"Acumulo de �gua sobre o pavimento";1;"Colis�o com objeto";"Sem V�timas";"Amanhecer";"Decrescente";"Chuva";"Dupla";"Curva;Declive";"N�o";1327191;"Semireboque";"SR/FACCHINI SRF CF/FACCHINI SRF CF";2024;NA;NA;NA;NA;NA;NA;NA;NA;-27,779969;-48,635308;"SPRF-SC";"DEL01-SC";"UOP02-DEL01-SC"
742499;1663548;2025-12-30;"ter�a-feira";"05:10:00";"SC";101;230,1;"PALHOCA";"N�o";"Acumulo de �gua sobre o pavimento";1;"Colis�o com objeto";"Sem V�timas";"Amanhecer";"Decrescente";"Chuva";"Dupla";"Curva;Declive";"N�o";1326354;"Caminh�o-trator";"M.BENZ/AXOR 2041 LS/AXOR 2041 LS";2021;"Condutor";"Ileso";39;"Masculino";1;0;0;0;-27,779969;-48,635308;"SPRF-SC";"DEL01-SC";"UOP02-DEL01-SC"
742499;NA;2025-12-30;"ter�a-feira";"05:10:00";"SC";101;230,1;"PALHOCA";"Sim";"Rea��o tardia ou ineficiente do condutor";2;"Inc�ndio";"Sem V�timas";"Amanhecer";"Decrescente";"Chuva";"Dupla";"Curva;Declive";"N�o";1327191;"Semireboque";"SR/FACCHINI SRF CF/FACCHINI SRF CF";2024;NA;NA;NA;NA;NA;NA;NA;NA;-27,779969;-48,635308;"SPRF-SC";"DEL01-SC";"UOP02-DEL01-SC"
742499;1663548;2025-12-30;"ter�a-feira";"05:10:00";"SC";101;230,1;"PALHOCA";"Sim";"Rea��o tardia ou ineficiente do condutor";2;"Inc�ndio";"Sem V�timas";"Amanhecer";"Decrescente";"Chuva";"Dupla";"Curva;Declive";"N�o";1326354;"Caminh�o-trator";"M.BENZ/AXOR 2041 LS/AXOR 2041 LS";2021;"Condutor";"Ileso";39;"Masculino";1;0;0;0;-27,779969;-48,635308;"SPRF-SC";"DEL01-SC";"UOP02-DEL01-SC"
742499;NA;2025-12-30;"ter�a-feira";"05:10:00";"SC";101;230,1;"PALHOCA";"Sim";"Rea��o tardia ou ineficiente do condutor";1;"Colis�o com objeto";"Sem V�timas";"Amanhecer";"Decrescente";"Chuva";"Dupla";"Curva;Declive";"N�o";1327191;"Semireboque";"SR/FACCHINI SRF CF/FACCHINI SRF CF";2024;NA;NA;NA;NA;NA;NA;NA;NA;-27,779969;-48,635308;"SPRF-SC";"DEL01-SC";"UOP02-DEL01-SC"
742499;1663548;2025-12-30;"ter�a-feira";"05:10:00";"SC";101;230,1;"PALHOCA";"Sim";"Rea��o tardia ou ineficiente do condutor";1;"Colis�o com objeto";"Sem V�timas";"Amanhecer";"Decrescente";"Chuva";"Dupla";"Curva;Declive";"N�o";1326354;"Caminh�o-trator";"M.BENZ/AXOR 2041 LS/AXOR 2041 LS";2021;"Condutor";"Ileso";39;"Masculino";1;0;0;0;-27,779969;-48,635308;"SPRF-SC";"DEL01-SC";"UOP02-DEL01-SC"
742500;1663406;2025-12-30;"ter�a-feira";"05:40:00";"MG";153;50;"MONTE ALEGRE DE MINAS";"Sim";"Aus�ncia de rea��o do condutor";1;"Colis�o lateral sentido oposto";"Com V�timas Feridas";"Pleno dia";"Decrescente";"C�u Claro";"Dupla";"Reta;Aclive";"N�o";1326261;"Caminh�o";"VOLVO/VM 270 6X2R/VM 270 6X2R";2013;"Condutor";"Les�es Leves";37;"Masculino";0;1;0;0;-18,8700521;-49,06775773;"SPRF-MG";"DEL15-MG";"UOP03-DEL15-MG"
742500;1663405;2025-12-30;"ter�a-feira";"05:40:00";"MG";153;50;"MONTE ALEGRE DE MINAS";"Sim";"Aus�ncia de rea��o do condutor";1;"Colis�o lateral sentido oposto";"Com V�timas Feridas";"Pleno dia";"Decrescente";"C�u Claro";"Dupla";"Reta;Aclive";"N�o";1326260;"Caminh�o";"SCANIA/P280 B6X2/P280 B6X2";2025;"Condutor";"Ileso";36;"Masculino";1;0;0;0;-18,8700521;-49,06775773;"SPRF-MG";"DEL15-MG";"UOP03-DEL15-MG"
742501;NA;2025-12-30;"ter�a-feira";"00:40:00";"PA";163;982;"SANTAREM";"Sim";"Aus�ncia de rea��o do condutor";1;"Colis�o frontal";"Com V�timas Feridas";"Plena Noite";"Crescente";"Chuva";"Simples";"Reta";"N�o";1327198;"Semireboque";"SR/GUERRA AG GR/GUERRA AG GR";2013;NA;NA;NA;NA;NA;NA;NA;NA;-2,63112003;-54,74306703;"SPRF-PA";"DEL05-PA";"UOP01-DEL05-PA"
742501;NA;2025-12-30;"ter�a-feira";"00:40:00";"PA";163;982;"SANTAREM";"Sim";"Aus�ncia de rea��o do condutor";1;"Colis�o frontal";"Com V�timas Feridas";"Plena Noite";"Crescente";"Chuva";"Simples";"Reta";"N�o";1327197;"Reboque";"R/GUERRA AG DL/GUERRA AG DL";2013;NA;NA;NA;NA;NA;NA;NA;NA;-2,63112003;-54,74306703;"SPRF-PA";"DEL05-PA";"UOP01-DEL05-PA"
742501;NA;2025-12-30;"ter�a-feira";"00:40:00";"PA";163;982;"SANTAREM";"Sim";"Aus�ncia de rea��o do condutor";1;"Colis�o frontal";"Com V�timas Feridas";"Plena Noite";"Crescente";"Chuva";"Simples";"Reta";"N�o";1327196;"Semireboque";"SR/GUERRA AG GR/GUERRA AG GR";2013;NA;NA;NA;NA;NA;NA;NA;NA;-2,63112003;-54,74306703;"SPRF-PA";"DEL05-PA";"UOP01-DEL05-PA"
742501;1664753;2025-12-30;"ter�a-feira";"00:40:00";"PA";163;982;"SANTAREM";"Sim";"Aus�ncia de rea��o do condutor";1;"Colis�o frontal";"Com V�timas Feridas";"Plena Noite";"Crescente";"Chuva";"Simples";"Reta";"N�o";1327194;"Caminh�o";"M.BENZ/L 1113/L 1113";1972;"Condutor";"Les�es Leves";38;"Masculino";0;1;0;0;-2,63112003;-54,74306703;"SPRF-PA";"DEL05-PA";"UOP01-DEL05-PA"
742501;1662752;2025-12-30;"ter�a-feira";"00:40:00";"PA";163;982;"SANTAREM";"Sim";"Aus�ncia de rea��o do condutor";1;"Colis�o frontal";"Com V�timas Feridas";"Plena Noite";"Crescente";"Chuva";"Simples";"Reta";"N�o";1325793;"Caminh�o-trator";"VW/29.520 METEOR 6X4/29.520 METEOR 6X4";2022;"Condutor";"Ileso";62;"Masculino";1;0;0;0;-2,63112003;-54,74306703;"SPRF-PA";"DEL05-PA";"UOP01-DEL05-PA"
742502;1662756;2025-12-30;"ter�a-feira";"06:00:00";"SP";116;137;"SAO JOSE DOS CAMPOS";"N�o";"Estacionar ou parar em local proibido";1;"Colis�o traseira";"Com V�timas Feridas";"Pleno dia";"Decrescente";"C�u Claro";"Dupla";"Reta";"N�o";1325801;"Autom�vel";"FIAT/UNO MILLE FIRE/UNO MILLE FIRE";2004;"Condutor";"Les�es Leves";49;"Masculino";0;1;0;0;-23,15677542;-45,79307556;"SPRF-SP";"DEL02-SP";"UOP01-DEL02-SP"
742502;1662757;2025-12-30;"ter�a-feira";"06:00:00";"SP";116;137;"SAO JOSE DOS CAMPOS";"N�o";"Estacionar ou parar em local proibido";1;"Colis�o traseira";"Com V�timas Feridas";"Pleno dia";"Decrescente";"C�u Claro";"Dupla";"Reta";"N�o";1325800;"Autom�vel";"HONDA/FIT EX/FIT EX";2005;"Condutor";"Ileso";59;"Masculino";1;0;0;0;-23,15677542;-45,79307556;"SPRF-SP";"DEL02-SP";"UOP01-DEL02-SP"
742502;1662756;2025-12-30;"ter�a-feira";"06:00:00";"SP";116;137;"SAO JOSE DOS CAMPOS";"Sim";"Rea��o tardia ou ineficiente do condutor";1;"Colis�o traseira";"Com V�timas Feridas";"Pleno dia";"Decrescente";"C�u Claro";"Dupla";"Reta";"N�o";1325801;"Autom�vel";"FIAT/UNO MILLE FIRE/UNO MILLE FIRE";2004;"Condutor";"Les�es Leves";49;"Masculino";0;1;0;0;-23,15677542;-45,79307556;"SPRF-SP";"DEL02-SP";"UOP01-DEL02-SP"
742502;1662757;2025-12-30;"ter�a-feira";"06:00:00";"SP";116;137;"SAO JOSE DOS CAMPOS";"Sim";"Rea��o tardia ou ineficiente do condutor";1;"Colis�o traseira";"Com V�timas Feridas";"Pleno dia";"Decrescente";"C�u Claro";"Dupla";"Reta";"N�o";1325800;"Autom�vel";"HONDA/FIT EX/FIT EX";2005;"Condutor";"Ileso";59;"Masculino";1;0;0;0;-23,15677542;-45,79307556;"SPRF-SP";"DEL02-SP";"UOP01-DEL02-SP"
742503;1667491;2025-12-30;"ter�a-feira";"06:10:00";"ES";101;297,5;"VIANA";"Sim";"Manobra de mudan�a de faixa";1;"Colis�o traseira";"Com V�timas Feridas";"Pleno dia";"Crescente";"C�u Claro";"Dupla";"Reta";"N�o";1328865;"Caminhonete";"FIAT/TORO ENDUR T270 AT6/TORO ENDUR T270 AT6";2024;"Condutor";"Les�es Leves";40;"Masculino";0;1;0;0;-20,35135114;-40,4134318;"SPRF-ES";"DEL01-ES";"UOP01-DEL01-ES"
742503;1667494;2025-12-30;"ter�a-feira";"06:10:00";"ES";101;297,5;"VIANA";"Sim";"Manobra de mudan�a de faixa";1;"Colis�o traseira";"Com V�timas Feridas";"Pleno dia";"Crescente";"C�u Claro";"Dupla";"Reta";"N�o";1328863;"Motocicleta";"HONDA/NXR160 BROS ESDD/NXR160 BROS ESDD";2023;"Condutor";"Ileso";53;"Masculino";1;0;0;0;-20,35135114;-40,4134318;"SPRF-ES";"DEL01-ES";"UOP01-DEL01-ES"
742504;1662716;2025-12-30;"ter�a-feira";"06:20:00";"RS";386;432;"NOVA SANTA RITA";"Sim";"Aus�ncia de rea��o do condutor";1;"Tombamento";"Com V�timas Feridas";"Pleno dia";"Crescente";"Sol";"Simples";"Reta";"N�o";1325773;"Motocicleta";"I/SHINERAY XY 250 5/SHINERAY XY 250 5";2012;"Passageiro";"Les�es Leves";20;"Feminino";0;1;0;0;-29,83940528;-51,30061325;"SPRF-RS";"DEL04-RS";"UOP02-DEL04-RS"
742504;1662714;2025-12-30;"ter�a-feira";"06:20:00";"RS";386;432;"NOVA SANTA RITA";"Sim";"Aus�ncia de rea��o do condutor";1;"Tombamento";"Com V�timas Feridas";"Pleno dia";"Crescente";"Sol";"Simples";"Reta";"N�o";1325773;"Motocicleta";"I/SHINERAY XY 250 5/SHINERAY XY 250 5";2012;"Condutor";"Les�es Leves";22;"Masculino";0;1;0;0;-29,83940528;-51,30061325;"SPRF-RS";"DEL04-RS";"UOP02-DEL04-RS"
742505;1662741;2025-12-30;"ter�a-feira";"05:00:00";"SP";153;215,6;"GUAIMBE";"N�o";"Avarias e/ou desgaste excessivo no pneu";1;"Eventos at�picos";"Sem V�timas";"Amanhecer";"Decrescente";"Ignorado";"Simples";"Reta";"N�o";1325774;"Autom�vel";"FIAT/ARGO DRIVE 1.0/ARGO DRIVE 1.0";2022;"Condutor";"N�o Informado";NA;"N�o Informado";0;0;0;0;-21,9550796;-49,9226659;"SPRF-SP";"DEL07-SP";"UOP02-DEL07-SP"
742505;1662741;2025-12-30;"ter�a-feira";"05:00:00";"SP";153;215,6;"GUAIMBE";"Sim";"Rea��o tardia ou ineficiente do condutor";1;"Eventos at�picos";"Sem V�timas";"Amanhecer";"Decrescente";"Ignorado";"Simples";"Reta";"N�o";1325774;"Autom�vel";"FIAT/ARGO DRIVE 1.0/ARGO DRIVE 1.0";2022;"Condutor";"N�o Informado";NA;"N�o Informado";0;0;0;0;-21,9550796;-49,9226659;"SPRF-SP";"DEL07-SP";"UOP02-DEL07-SP"
742506;1662720;2025-12-30;"ter�a-feira";"07:00:00";"RJ";40;108;"DUQUE DE CAXIAS";"N�o";"Rea��o tardia ou ineficiente do condutor";1;"Queda de ocupante de ve�culo";"Com V�timas Feridas";"Pleno dia";"Decrescente";"C�u Claro";"Dupla";"Curva";"Sim";1325775;"Motocicleta";"HONDA/CB300F TWISTER ABS/CB300F TWISTER ABS";2025;"Condutor";"Les�es Leves";49;"Masculino";0;1;0;0;-22,6719828;-43,2845762;"SPRF-RJ";"DEL01-RJ";"UOP02-DEL01-RJ"
742506;1662720;2025-12-30;"ter�a-feira";"07:00:00";"RJ";40;108;"DUQUE DE CAXIAS";"Sim";"Pista Escorregadia";1;"Queda de ocupante de ve�culo";"Com V�timas Feridas";"Pleno dia";"Decrescente";"C�u Claro";"Dupla";"Curva";"Sim";1325775;"Motocicleta";"HONDA/CB300F TWISTER ABS/CB300F TWISTER ABS";2025;"Condutor";"Les�es Leves";49;"Masculino";0;1;0;0;-22,6719828;-43,2845762;"SPRF-RJ";"DEL01-RJ";"UOP02-DEL01-RJ"
742507;1664451;2025-12-30;"ter�a-feira";"08:00:00";"PR";116;106;"SAO JOSE DOS PINHAIS";"Sim";"Demais falhas mec�nicas ou el�tricas";1;"Tombamento";"Com V�timas Feridas";"Pleno dia";"Decrescente";"C�u Claro";"Dupla";"Reta";"N�o";1326983;"Motoneta";"HONDA/BIZ 125 KS/BIZ 125 KS";2006;"Condutor";"Ileso";46;"Masculino";1;0;0;0;-25,569851;-49,221354;"SPRF-PR";"DEL01-PR";"UOP03-DEL01-PR"
742507;1664453;2025-12-30;"ter�a-feira";"08:00:00";"PR";116;106;"SAO JOSE DOS PINHAIS";"Sim";"Demais falhas mec�nicas ou el�tricas";1;"Tombamento";"Com V�timas Feridas";"Pleno dia";"Decrescente";"C�u Claro";"Dupla";"Reta";"N�o";1326983;"Motoneta";"HONDA/BIZ 125 KS/BIZ 125 KS";2006;"Passageiro";"Les�es Leves";41;"Feminino";0;1;0;0;-25,569851;-49,221354;"SPRF-PR";"DEL01-PR";"UOP03-DEL01-PR"
742508;1662794;2025-12-30;"ter�a-feira";"07:15:00";"RN";226;15,9;"MACAIBA";"Sim";"Condutor deixou de manter dist�ncia do ve�culo da frente";1;"Colis�o lateral mesmo sentido";"Com V�timas Feridas";"Pleno dia";"Decrescente";"Sol";"Simples";"Reta";"Sim";1325832;"Motocicleta";"YAMAHA/FZ25 FAZER/FZ25 FAZER";2019;"Passageiro";"Les�es Leves";39;"Feminino";0;1;0;0;-5,862647;-35,342733;"SPRF-RN";"DEL01-RN";"UOP02-DEL01-RN"
742508;1662793;2025-12-30;"ter�a-feira";"07:15:00";"RN";226;15,9;"MACAIBA";"Sim";"Condutor deixou de manter dist�ncia do ve�culo da frente";1;"Colis�o lateral mesmo sentido";"Com V�timas Feridas";"Pleno dia";"Decrescente";"Sol";"Simples";"Reta";"Sim";1325832;"Motocicleta";"YAMAHA/FZ25 FAZER/FZ25 FAZER";2019;"Condutor";"Les�es Leves";25;"Masculino";0;1;0;0;-5,862647;-35,342733;"SPRF-RN";"DEL01-RN";"UOP02-DEL01-RN"
742508;1662791;2025-12-30;"ter�a-feira";"07:15:00";"RN";226;15,9;"MACAIBA";"Sim";"Condutor deixou de manter dist�ncia do ve�culo da frente";1;"Colis�o lateral mesmo sentido";"Com V�timas Feridas";"Pleno dia";"Decrescente";"Sol";"Simples";"Reta";"Sim";1325830;"Autom�vel";"I/RENAULT CLIO CAM 10H3P/RENAULT CLIO CAM 10H3P";2010;"Condutor";"Ileso";27;"Feminino";1;0;0;0;-5,862647;-35,342733;"SPRF-RN";"DEL01-RN";"UOP02-DEL01-RN"
742509;1662786;2025-12-30;"ter�a-feira";"06:35:00";"GO";60;293;"ACREUNA";"Sim";"Avarias e/ou desgaste excessivo no pneu";2;"Queda de ocupante de ve�culo";"Com V�timas Feridas";"Amanhecer";"Decrescente";"C�u Claro";"Dupla";"Reta";"N�o";1325826;"Motocicleta";"HONDA/CG 160 FAN/CG 160 FAN";2017;"Passageiro";"Les�es Leves";44;"Feminino";0;1;0;0;-17,333082;-50,303087;"SPRF-GO";"DEL04-GO";"UOP02-DEL04-GO"
742509;1662784;2025-12-30;"ter�a-feira";"06:35:00";"GO";60;293;"ACREUNA";"Sim";"Avarias e/ou desgaste excessivo no pneu";2;"Queda de ocupante de ve�culo";"Com V�timas Feridas";"Amanhecer";"Decrescente";"C�u Claro";"Dupla";"Reta";"N�o";1325826;"Motocicleta";"HONDA/CG 160 FAN/CG 160 FAN";2017;"Condutor";"Ileso";38;"Masculino";1;0;0;0;-17,333082;-50,303087;"SPRF-GO";"DEL04-GO";"UOP02-DEL04-GO"