"id";"pesid";"data_inversa";"dia_semana";"horario";"uf";"br";"km";"municipio";"causa_principal";"causa_acidente";"ordem_tipo_acidente";"tipo_acidente";"classificacao_acidente";"fase_dia";"sentido_via";"condicao_metereologica";"tipo_pista";"tracado_via";"uso_solo";"id_veiculo";"tipo_veiculo";"marca";"ano_fabricacao_veiculo";"tipo_envolvido";"estado_fisico";"idade";"sexo";"ilesos";"feridos_leves";"feridos_graves";"mortos";"latitude";"longitude";"regional";"delegacia";"uop"
742509;1662786;2025-12-30;"ter�a-feira";"06:35:00";"GO";60;293;"ACREUNA";"Sim";"Avarias e/ou desgaste excessivo no pneu";1;"Tombamento";"Com V�timas Feridas";"Amanhecer";"Decrescente";"C�u Claro";"Dupla";"Reta";"N�o";1325826;"Motocicleta";"HONDA/CG 160 FAN/CG 160 FAN";2017;"Passageiro";"Les�es Leves";44;"Feminino";0;1;0;0;-17,333082;-50,303087;"SPRF-GO";"DEL04-GO";"UOP02-DEL04-GO"
742509;1662784;2025-12-30;"ter�a-feira";"06:35:00";"GO";60;293;"ACREUNA";"Sim";"Avarias e/ou desgaste excessivo no pneu";1;"Tombamento";"Com V�timas Feridas";"Amanhecer";"Decrescente";"C�u Claro";"Dupla";"Reta";"N�o";1325826;"Motocicleta";"HONDA/CG 160 FAN/CG 160 FAN";2017;"Condutor";"Ileso";38;"Masculino";1;0;0;0;-17,333082;-50,303087;"SPRF-GO";"DEL04-GO";"UOP02-DEL04-GO"
742510;1663079;2025-12-30;"ter�a-feira";"07:50:00";"BA";349;955;"CORRENTINA";"Sim";"Demais falhas mec�nicas ou el�tricas";1;"Inc�ndio";"Sem V�timas";"Pleno dia";"Decrescente";"C�u Claro";"Simples";"Reta";"N�o";1326023;"Caminh�o-trator";"VOLVO/FH 540 6X4T/FH 540 6X4T";2017;"Condutor";"Ileso";40;"Masculino";1;0;0;0;-13,45481;-44,81698;"SPRF-BA";"DEL10-BA";"UOP02-DEL10-BA"
742510;NA;2025-12-30;"ter�a-feira";"07:50:00";"BA";349;955;"CORRENTINA";"Sim";"Demais falhas mec�nicas ou el�tricas";1;"Inc�ndio";"Sem V�timas";"Pleno dia";"Decrescente";"C�u Claro";"Simples";"Reta";"N�o";1327385;"Semireboque";"SR/GUERRA BASC B2T093/GUERRA BASC B2T093";2022;NA;NA;NA;NA;NA;NA;NA;NA;-13,45481;-44,81698;"SPRF-BA";"DEL10-BA";"UOP02-DEL10-BA"
742510;NA;2025-12-30;"ter�a-feira";"07:50:00";"BA";349;955;"CORRENTINA";"Sim";"Demais falhas mec�nicas ou el�tricas";1;"Inc�ndio";"Sem V�timas";"Pleno dia";"Decrescente";"C�u Claro";"Simples";"Reta";"N�o";1327384;"Semireboque";"SR/GUERRA DOLLY D2S059/GUERRA DOLLY D2S059";2022;NA;NA;NA;NA;NA;NA;NA;NA;-13,45481;-44,81698;"SPRF-BA";"DEL10-BA";"UOP02-DEL10-BA"
742510;NA;2025-12-30;"ter�a-feira";"07:50:00";"BA";349;955;"CORRENTINA";"Sim";"Demais falhas mec�nicas ou el�tricas";1;"Inc�ndio";"Sem V�timas";"Pleno dia";"Decrescente";"C�u Claro";"Simples";"Reta";"N�o";1327383;"Semireboque";"SR/GUERRA BASC B2D095/GUERRA BASC B2D095";2022;NA;NA;NA;NA;NA;NA;NA;NA;-13,45481;-44,81698;"SPRF-BA";"DEL10-BA";"UOP02-DEL10-BA"
742511;1662743;2025-12-27;"s�bado";"02:35:00";"SC";101;236;"PALHOCA";"Sim";"Aus�ncia de rea��o do condutor";2;"Queda de ocupante de ve�culo";"Sem V�timas";"Plena Noite";"Crescente";"Chuva";"Simples";"Curva";"N�o";1325791;"Motocicleta";"N�o Informado/N�o Informado/N�o Informado";0;"Condutor";"N�o Informado";NA;"N�o Informado";0;0;0;0;-27,82678959;-48,63113165;"SPRF-SC";"DEL01-SC";"UOP02-DEL01-SC"
742511;1662743;2025-12-27;"s�bado";"02:35:00";"SC";101;236;"PALHOCA";"Sim";"Aus�ncia de rea��o do condutor";1;"Tombamento";"Sem V�timas";"Plena Noite";"Crescente";"Chuva";"Simples";"Curva";"N�o";1325791;"Motocicleta";"N�o Informado/N�o Informado/N�o Informado";0;"Condutor";"N�o Informado";NA;"N�o Informado";0;0;0;0;-27,82678959;-48,63113165;"SPRF-SC";"DEL01-SC";"UOP02-DEL01-SC"
742512;1662750;2025-12-30;"ter�a-feira";"04:20:00";"MG";251;519,9;"MONTES CLAROS";"N�o";"Ingest�o de �lcool pelo condutor";2;"Derramamento de carga";"Sem V�timas";"Plena Noite";"Crescente";"Nublado";"Simples";"Reta";"N�o";1325795;"Caminh�o";"FORD/CARGO GNG/CARGO GNG";2006;"Condutor";"Ileso";46;"Masculino";1;0;0;0;-16,662176;-43,765298;"SPRF-MG";"DEL12-MG";"UOP01-DEL12-MG"
742512;1662750;2025-12-30;"ter�a-feira";"04:20:00";"MG";251;519,9;"MONTES CLAROS";"N�o";"Ingest�o de �lcool pelo condutor";1;"Tombamento";"Sem V�timas";"Plena Noite";"Crescente";"Nublado";"Simples";"Reta";"N�o";1325795;"Caminh�o";"FORD/CARGO GNG/CARGO GNG";2006;"Condutor";"Ileso";46;"Masculino";1;0;0;0;-16,662176;-43,765298;"SPRF-MG";"DEL12-MG";"UOP01-DEL12-MG"
742512;1662750;2025-12-30;"ter�a-feira";"04:20:00";"MG";251;519,9;"MONTES CLAROS";"N�o";"Rea��o tardia ou ineficiente do condutor";2;"Derramamento de carga";"Sem V�timas";"Plena Noite";"Crescente";"Nublado";"Simples";"Reta";"N�o";1325795;"Caminh�o";"FORD/CARGO GNG/CARGO GNG";2006;"Condutor";"Ileso";46;"Masculino";1;0;0;0;-16,662176;-43,765298;"SPRF-MG";"DEL12-MG";"UOP01-DEL12-MG"
742512;1662750;2025-12-30;"ter�a-feira";"04:20:00";"MG";251;519,9;"MONTES CLAROS";"N�o";"Rea��o tardia ou ineficiente do condutor";1;"Tombamento";"Sem V�timas";"Plena Noite";"Crescente";"Nublado";"Simples";"Reta";"N�o";1325795;"Caminh�o";"FORD/CARGO GNG/CARGO GNG";2006;"Condutor";"Ileso";46;"Masculino";1;0;0;0;-16,662176;-43,765298;"SPRF-MG";"DEL12-MG";"UOP01-DEL12-MG"
742512;1662750;2025-12-30;"ter�a-feira";"04:20:00";"MG";251;519,9;"MONTES CLAROS";"Sim";"Carga excessiva e/ou mal acondicionada";2;"Derramamento de carga";"Sem V�timas";"Plena Noite";"Crescente";"Nublado";"Simples";"Reta";"N�o";1325795;"Caminh�o";"FORD/CARGO GNG/CARGO GNG";2006;"Condutor";"Ileso";46;"Masculino";1;0;0;0;-16,662176;-43,765298;"SPRF-MG";"DEL12-MG";"UOP01-DEL12-MG"
742512;1662750;2025-12-30;"ter�a-feira";"04:20:00";"MG";251;519,9;"MONTES CLAROS";"Sim";"Carga excessiva e/ou mal acondicionada";1;"Tombamento";"Sem V�timas";"Plena Noite";"Crescente";"Nublado";"Simples";"Reta";"N�o";1325795;"Caminh�o";"FORD/CARGO GNG/CARGO GNG";2006;"Condutor";"Ileso";46;"Masculino";1;0;0;0;-16,662176;-43,765298;"SPRF-MG";"DEL12-MG";"UOP01-DEL12-MG"
742512;1662750;2025-12-30;"ter�a-feira";"04:20:00";"MG";251;519,9;"MONTES CLAROS";"N�o";"Afundamento ou ondula��o no pavimento";2;"Derramamento de carga";"Sem V�timas";"Plena Noite";"Crescente";"Nublado";"Simples";"Reta";"N�o";1325795;"Caminh�o";"FORD/CARGO GNG/CARGO GNG";2006;"Condutor";"Ileso";46;"Masculino";1;0;0;0;-16,662176;-43,765298;"SPRF-MG";"DEL12-MG";"UOP01-DEL12-MG"
742512;1662750;2025-12-30;"ter�a-feira";"04:20:00";"MG";251;519,9;"MONTES CLAROS";"N�o";"Afundamento ou ondula��o no pavimento";1;"Tombamento";"Sem V�timas";"Plena Noite";"Crescente";"Nublado";"Simples";"Reta";"N�o";1325795;"Caminh�o";"FORD/CARGO GNG/CARGO GNG";2006;"Condutor";"Ileso";46;"Masculino";1;0;0;0;-16,662176;-43,765298;"SPRF-MG";"DEL12-MG";"UOP01-DEL12-MG"
742513;1662771;2025-12-30;"ter�a-feira";"08:30:00";"SC";101;208,9;"SAO JOSE";"Sim";"Acessar a via sem observar a presen�a dos outros ve�culos";1;"Colis�o lateral mesmo sentido";"Com V�timas Feridas";"Pleno dia";"Crescente";"Garoa/Chuvisco";"Simples";"Interse��o de Vias;Reta";"N�o";1325818;"Autom�vel";"CHEV/SPIN 1.8L AT LT ADV/SPIN 1.8L AT LT ADV";2014;"Condutor";"Ileso";33;"Masculino";1;0;0;0;-27,60483417;-48,63335252;"SPRF-SC";"DEL01-SC";"UOP01-DEL01-SC"
742513;1662770;2025-12-30;"ter�a-feira";"08:30:00";"SC";101;208,9;"SAO JOSE";"Sim";"Acessar a via sem observar a presen�a dos outros ve�culos";1;"Colis�o lateral mesmo sentido";"Com V�timas Feridas";"Pleno dia";"Crescente";"Garoa/Chuvisco";"Simples";"Interse��o de Vias;Reta";"N�o";1325817;"Motocicleta";"HONDA/CG 125 FAN KS/CG 125 FAN KS";2012;"Condutor";"Les�es Leves";34;"Masculino";0;1;0;0;-27,60483417;-48,63335252;"SPRF-SC";"DEL01-SC";"UOP01-DEL01-SC"
742514;1662776;2025-12-30;"ter�a-feira";"08:30:00";"SC";101;206;"SAO JOSE";"Sim";"Rea��o tardia ou ineficiente do condutor";1;"Colis�o traseira";"Com V�timas Feridas";"Pleno dia";"Crescente";"Garoa/Chuvisco";"Dupla";"Reta";"N�o";1325820;"Autom�vel";"CITROEN/C3 90M/C3 90M";2025;"Condutor";"Ileso";36;"Masculino";1;0;0;0;-27,59921;-48,621861;"SPRF-SC";"DEL01-SC";"UOP01-DEL01-SC"
742514;1662775;2025-12-30;"ter�a-feira";"08:30:00";"SC";101;206;"SAO JOSE";"Sim";"Rea��o tardia ou ineficiente do condutor";1;"Colis�o traseira";"Com V�timas Feridas";"Pleno dia";"Crescente";"Garoa/Chuvisco";"Dupla";"Reta";"N�o";1325819;"Motocicleta";"HONDA/CG 125 FAN/CG 125 FAN";2008;"Condutor";"Les�es Leves";22;"Masculino";0;1;0;0;-27,59921;-48,621861;"SPRF-SC";"DEL01-SC";"UOP01-DEL01-SC"
742516;1664504;2025-12-30;"ter�a-feira";"08:54:00";"MT";70;134,6;"BARRA DO GARCAS";"Sim";"Ultrapassagem Indevida";1;"Colis�o frontal";"Com V�timas Feridas";"Pleno dia";"Crescente";"C�u Claro";"Simples";"Aclive";"N�o";1325961;"Autom�vel";"FIAT/SIENA ELX FLEX/SIENA ELX FLEX";2008;"Passageiro";"Les�es Leves";14;"Masculino";0;1;0;0;-15,85230895;-52,34188199;"SPRF-MT";"DEL07-MT";"UOP01-DEL07-MT"
742516;1664509;2025-12-30;"ter�a-feira";"08:54:00";"MT";70;134,6;"BARRA DO GARCAS";"Sim";"Ultrapassagem Indevida";1;"Colis�o frontal";"Com V�timas Feridas";"Pleno dia";"Crescente";"C�u Claro";"Simples";"Aclive";"N�o";1325961;"Autom�vel";"FIAT/SIENA ELX FLEX/SIENA ELX FLEX";2008;"Passageiro";"Les�es Leves";40;"Feminino";0;1;0;0;-15,85230895;-52,34188199;"SPRF-MT";"DEL07-MT";"UOP01-DEL07-MT"
742516;1664503;2025-12-30;"ter�a-feira";"08:54:00";"MT";70;134,6;"BARRA DO GARCAS";"Sim";"Ultrapassagem Indevida";1;"Colis�o frontal";"Com V�timas Feridas";"Pleno dia";"Crescente";"C�u Claro";"Simples";"Aclive";"N�o";1325961;"Autom�vel";"FIAT/SIENA ELX FLEX/SIENA ELX FLEX";2008;"Passageiro";"Les�es Leves";16;"Masculino";0;1;0;0;-15,85230895;-52,34188199;"SPRF-MT";"DEL07-MT";"UOP01-DEL07-MT"
742516;1662995;2025-12-30;"ter�a-feira";"08:54:00";"MT";70;134,6;"BARRA DO GARCAS";"Sim";"Ultrapassagem Indevida";1;"Colis�o frontal";"Com V�timas Feridas";"Pleno dia";"Crescente";"C�u Claro";"Simples";"Aclive";"N�o";1325961;"Autom�vel";"FIAT/SIENA ELX FLEX/SIENA ELX FLEX";2008;"Condutor";"Ileso";31;"Masculino";1;0;0;0;-15,85230895;-52,34188199;"SPRF-MT";"DEL07-MT";"UOP01-DEL07-MT"
742516;1664513;2025-12-30;"ter�a-feira";"08:54:00";"MT";70;134,6;"BARRA DO GARCAS";"Sim";"Ultrapassagem Indevida";1;"Colis�o frontal";"Com V�timas Feridas";"Pleno dia";"Crescente";"C�u Claro";"Simples";"Aclive";"N�o";1325959;"Caminhonete";"I/TOYOTA HILUX CDSRXA4FD/TOYOTA HILUX CDSRXA4FD";2022;"Passageiro";"Les�es Leves";64;"Feminino";0;1;0;0;-15,85230895;-52,34188199;"SPRF-MT";"DEL07-MT";"UOP01-DEL07-MT"
742516;1664511;2025-12-30;"ter�a-feira";"08:54:00";"MT";70;134,6;"BARRA DO GARCAS";"Sim";"Ultrapassagem Indevida";1;"Colis�o frontal";"Com V�timas Feridas";"Pleno dia";"Crescente";"C�u Claro";"Simples";"Aclive";"N�o";1325959;"Caminhonete";"I/TOYOTA HILUX CDSRXA4FD/TOYOTA HILUX CDSRXA4FD";2022;"Passageiro";"Les�es Leves";64;"Masculino";0;1;0;0;-15,85230895;-52,34188199;"SPRF-MT";"DEL07-MT";"UOP01-DEL07-MT"
742516;1662991;2025-12-30;"ter�a-feira";"08:54:00";"MT";70;134,6;"BARRA DO GARCAS";"Sim";"Ultrapassagem Indevida";1;"Colis�o frontal";"Com V�timas Feridas";"Pleno dia";"Crescente";"C�u Claro";"Simples";"Aclive";"N�o";1325959;"Caminhonete";"I/TOYOTA HILUX CDSRXA4FD/TOYOTA HILUX CDSRXA4FD";2022;"Condutor";"Ileso";44;"Masculino";1;0;0;0;-15,85230895;-52,34188199;"SPRF-MT";"DEL07-MT";"UOP01-DEL07-MT"
742517;NA;2025-12-22;"segunda-feira";"06:00:00";"MG";251;397;"GRAO MOGOL";"Sim";"Velocidade Incompat�vel";1;"Sa�da de leito carro��vel";"Com V�timas Feridas";"Pleno dia";"Decrescente";"C�u Claro";"Simples";"Declive;Curva";"N�o";1325804;"Semireboque";"SR/FACCHINI SRF LO/FACCHINI SRF LO";2014;NA;NA;NA;NA;NA;NA;NA;NA;-16,21358;-42,87893;"SPRF-MG";"DEL12-MG";"UOP01-DEL12-MG"
742517;NA;2025-12-22;"segunda-feira";"06:00:00";"MG";251;397;"GRAO MOGOL";"Sim";"Velocidade Incompat�vel";1;"Sa�da de leito carro��vel";"Com V�timas Feridas";"Pleno dia";"Decrescente";"C�u Claro";"Simples";"Declive;Curva";"N�o";1325803;"Semireboque";"SR/FACCHINI SRF LO/FACCHINI SRF LO";2014;NA;NA;NA;NA;NA;NA;NA;NA;-16,21358;-42,87893;"SPRF-MG";"DEL12-MG";"UOP01-DEL12-MG"
742517;1662760;2025-12-22;"segunda-feira";"06:00:00";"MG";251;397;"GRAO MOGOL";"Sim";"Velocidade Incompat�vel";1;"Sa�da de leito carro��vel";"Com V�timas Feridas";"Pleno dia";"Decrescente";"C�u Claro";"Simples";"Declive;Curva";"N�o";1325802;"Caminh�o-trator";"VOLVO/FH 540 6X4T/FH 540 6X4T";2012;"Condutor";"Les�es Graves";25;"Masculino";0;0;1;0;-16,21358;-42,87893;"SPRF-MG";"DEL12-MG";"UOP01-DEL12-MG"
742518;1662866;2025-12-30;"ter�a-feira";"07:30:00";"SP";381;90;"GUARULHOS";"Sim";"Manobra de mudan�a de faixa";2;"Tombamento";"Com V�timas Feridas";"Pleno dia";"Crescente";"C�u Claro";"Dupla";"Reta";"Sim";1325875;"Autom�vel";"VW/FOX 1.0/FOX 1.0";2006;"Condutor";"Ileso";41;"Masculino";1;0;0;0;-23,48995854;-46,55943481;"SPRF-SP";"DEL03-SP";"UOP01-DEL03-SP"
742518;1662863;2025-12-30;"ter�a-feira";"07:30:00";"SP";381;90;"GUARULHOS";"Sim";"Manobra de mudan�a de faixa";2;"Tombamento";"Com V�timas Feridas";"Pleno dia";"Crescente";"C�u Claro";"Dupla";"Reta";"Sim";1325873;"Motocicleta";"YAMAHA/YBR150 FACTOR DX/YBR150 FACTOR DX";2025;"Passageiro";"Les�es Leves";28;"Masculino";0;1;0;0;-23,48995854;-46,55943481;"SPRF-SP";"DEL03-SP";"UOP01-DEL03-SP"
742518;1662862;2025-12-30;"ter�a-feira";"07:30:00";"SP";381;90;"GUARULHOS";"Sim";"Manobra de mudan�a de faixa";2;"Tombamento";"Com V�timas Feridas";"Pleno dia";"Crescente";"C�u Claro";"Dupla";"Reta";"Sim";1325873;"Motocicleta";"YAMAHA/YBR150 FACTOR DX/YBR150 FACTOR DX";2025;"Condutor";"Les�es Leves";32;"Masculino";0;1;0;0;-23,48995854;-46,55943481;"SPRF-SP";"DEL03-SP";"UOP01-DEL03-SP"
742518;1662866;2025-12-30;"ter�a-feira";"07:30:00";"SP";381;90;"GUARULHOS";"Sim";"Manobra de mudan�a de faixa";1;"Colis�o lateral mesmo sentido";"Com V�timas Feridas";"Pleno dia";"Crescente";"C�u Claro";"Dupla";"Reta";"Sim";1325875;"Autom�vel";"VW/FOX 1.0/FOX 1.0";2006;"Condutor";"Ileso";41;"Masculino";1;0;0;0;-23,48995854;-46,55943481;"SPRF-SP";"DEL03-SP";"UOP01-DEL03-SP"
742518;1662863;2025-12-30;"ter�a-feira";"07:30:00";"SP";381;90;"GUARULHOS";"Sim";"Manobra de mudan�a de faixa";1;"Colis�o lateral mesmo sentido";"Com V�timas Feridas";"Pleno dia";"Crescente";"C�u Claro";"Dupla";"Reta";"Sim";1325873;"Motocicleta";"YAMAHA/YBR150 FACTOR DX/YBR150 FACTOR DX";2025;"Passageiro";"Les�es Leves";28;"Masculino";0;1;0;0;-23,48995854;-46,55943481;"SPRF-SP";"DEL03-SP";"UOP01-DEL03-SP"
742518;1662862;2025-12-30;"ter�a-feira";"07:30:00";"SP";381;90;"GUARULHOS";"Sim";"Manobra de mudan�a de faixa";1;"Colis�o lateral mesmo sentido";"Com V�timas Feridas";"Pleno dia";"Crescente";"C�u Claro";"Dupla";"Reta";"Sim";1325873;"Motocicleta";"YAMAHA/YBR150 FACTOR DX/YBR150 FACTOR DX";2025;"Condutor";"Les�es Leves";32;"Masculino";0;1;0;0;-23,48995854;-46,55943481;"SPRF-SP";"DEL03-SP";"UOP01-DEL03-SP"
742519;1662872;2025-12-30;"ter�a-feira";"06:15:00";"RN";406;93,4;"JOAO CAMARA";"Sim";"Condutor Dormindo";1;"Colis�o lateral sentido oposto";"Sem V�timas";"Pleno dia";"Crescente";"C�u Claro";"Simples";"Reta";"N�o";1325884;"Autom�vel";"VW/VIRTUS MF/VIRTUS MF";2020;"Condutor";"N�o Informado";NA;"N�o Informado";0;0;0;0;-5,498212;-35,887895;"SPRF-RN";"DEL02-RN";"UOP01-DEL02-RN"
742519;NA;2025-12-30;"ter�a-feira";"06:15:00";"RN";406;93,4;"JOAO CAMARA";"Sim";"Condutor Dormindo";1;"Colis�o lateral sentido oposto";"Sem V�timas";"Pleno dia";"Crescente";"C�u Claro";"Simples";"Reta";"N�o";1325891;"Semireboque";"SR/ENOVA PP 3E/ENOVA PP 3E";2021;NA;NA;NA;NA;NA;NA;NA;NA;-5,498212;-35,887895;"SPRF-RN";"DEL02-RN";"UOP01-DEL02-RN"
742519;1662883;2025-12-30;"ter�a-feira";"06:15:00";"RN";406;93,4;"JOAO CAMARA";"Sim";"Condutor Dormindo";1;"Colis�o lateral sentido oposto";"Sem V�timas";"Pleno dia";"Crescente";"C�u Claro";"Simples";"Reta";"N�o";1325889;"Caminh�o-trator";"SCANIA/R500 A6X4/R500 A6X4";2021;"Condutor";"Ileso";36;"Masculino";1;0;0;0;-5,498212;-35,887895;"SPRF-RN";"DEL02-RN";"UOP01-DEL02-RN"
742520;1663168;2025-12-30;"ter�a-feira";"09:01:00";"ES";101;204,8;"JOAO NEIVA";"Sim";"Aus�ncia de rea��o do condutor";1;"Colis�o transversal";"Com V�timas Feridas";"Pleno dia";"Crescente";"C�u Claro";"Simples";"Interse��o de Vias";"Sim";1326075;"Caminhonete";"FIAT/STRADA FREEDOM 13CS/STRADA FREEDOM 13CS";2021;"Passageiro";"Les�es Leves";4;"Masculino";0;1;0;0;-19,75569886;-40,38003355;"SPRF-ES";"DEL02-ES";"UOP01-DEL02-ES"
742520;1663164;2025-12-30;"ter�a-feira";"09:01:00";"ES";101;204,8;"JOAO NEIVA";"Sim";"Aus�ncia de rea��o do condutor";1;"Colis�o transversal";"Com V�timas Feridas";"Pleno dia";"Crescente";"C�u Claro";"Simples";"Interse��o de Vias";"Sim";1326075;"Caminhonete";"FIAT/STRADA FREEDOM 13CS/STRADA FREEDOM 13CS";2021;"Passageiro";"Les�es Leves";40;"Feminino";0;1;0;0;-19,75569886;-40,38003355;"SPRF-ES";"DEL02-ES";"UOP01-DEL02-ES"
742520;1663162;2025-12-30;"ter�a-feira";"09:01:00";"ES";101;204,8;"JOAO NEIVA";"Sim";"Aus�ncia de rea��o do condutor";1;"Colis�o transversal";"Com V�timas Feridas";"Pleno dia";"Crescente";"C�u Claro";"Simples";"Interse��o de Vias";"Sim";1326075;"Caminhonete";"FIAT/STRADA FREEDOM 13CS/STRADA FREEDOM 13CS";2021;"Condutor";"Les�es Leves";20;"Masculino";0;1;0;0;-19,75569886;-40,38003355;"SPRF-ES";"DEL02-ES";"UOP01-DEL02-ES"
742520;1663157;2025-12-30;"ter�a-feira";"09:01:00";"ES";101;204,8;"JOAO NEIVA";"Sim";"Aus�ncia de rea��o do condutor";1;"Colis�o transversal";"Com V�timas Feridas";"Pleno dia";"Crescente";"C�u Claro";"Simples";"Interse��o de Vias";"Sim";1326071;"Autom�vel";"VW/GOL 1.0/GOL 1.0";2000;"Condutor";"Ileso";54;"Masculino";1;0;0;0;-19,75569886;-40,38003355;"SPRF-ES";"DEL02-ES";"UOP01-DEL02-ES"
742521;1664683;2025-12-30;"ter�a-feira";"08:20:00";"BA";101;192;"CONCEICAO DA FEIRA";"Sim";"Acessar a via sem observar a presen�a dos outros ve�culos";1;"Colis�o transversal";"Com V�timas Feridas";"Pleno dia";"Decrescente";"C�u Claro";"Dupla";"Reta;Interse��o de Vias";"N�o";1325815;"Autom�vel";"FIAT/MOBI LIKE/MOBI LIKE";2021;"Condutor";"Les�es Graves";63;"Masculino";0;0;1;0;-12,51926259;-38,97063147;"SPRF-BA";"DEL01-BA";"UOP03-DEL01-BA"
742521;1664687;2025-12-30;"ter�a-feira";"08:20:00";"BA";101;192;"CONCEICAO DA FEIRA";"Sim";"Acessar a via sem observar a presen�a dos outros ve�culos";1;"Colis�o transversal";"Com V�timas Feridas";"Pleno dia";"Decrescente";"C�u Claro";"Dupla";"Reta;Interse��o de Vias";"N�o";1325816;"Autom�vel";"FORD/FIESTA 1.6 FLEX/FIESTA 1.6 FLEX";2010;"Passageiro";"Ileso";8;"Feminino";1;0;0;0;-12,51926259;-38,97063147;"SPRF-BA";"DEL01-BA";"UOP03-DEL01-BA"
742521;1664685;2025-12-30;"ter�a-feira";"08:20:00";"BA";101;192;"CONCEICAO DA FEIRA";"Sim";"Acessar a via sem observar a presen�a dos outros ve�culos";1;"Colis�o transversal";"Com V�timas Feridas";"Pleno dia";"Decrescente";"C�u Claro";"Dupla";"Reta;Interse��o de Vias";"N�o";1325816;"Autom�vel";"FORD/FIESTA 1.6 FLEX/FIESTA 1.6 FLEX";2010;"Passageiro";"Ileso";10;"Masculino";1;0;0;0;-12,51926259;-38,97063147;"SPRF-BA";"DEL01-BA";"UOP03-DEL01-BA"
742521;1664684;2025-12-30;"ter�a-feira";"08:20:00";"BA";101;192;"CONCEICAO DA FEIRA";"Sim";"Acessar a via sem observar a presen�a dos outros ve�culos";1;"Colis�o transversal";"Com V�timas Feridas";"Pleno dia";"Decrescente";"C�u Claro";"Dupla";"Reta;Interse��o de Vias";"N�o";1325816;"Autom�vel";"FORD/FIESTA 1.6 FLEX/FIESTA 1.6 FLEX";2010;"Passageiro";"Ileso";37;"Masculino";1;0;0;0;-12,51926259;-38,97063147;"SPRF-BA";"DEL01-BA";"UOP03-DEL01-BA"
742521;1662769;2025-12-30;"ter�a-feira";"08:20:00";"BA";101;192;"CONCEICAO DA FEIRA";"Sim";"Acessar a via sem observar a presen�a dos outros ve�culos";1;"Colis�o transversal";"Com V�timas Feridas";"Pleno dia";"Decrescente";"C�u Claro";"Dupla";"Reta;Interse��o de Vias";"N�o";1325816;"Autom�vel";"FORD/FIESTA 1.6 FLEX/FIESTA 1.6 FLEX";2010;"Condutor";"Ileso";35;"Feminino";1;0;0;0;-12,51926259;-38,97063147;"SPRF-BA";"DEL01-BA";"UOP03-DEL01-BA"
742522;1663001;2025-12-30;"ter�a-feira";"08:50:00";"SC";101;119;"ITAJAI";"Sim";"Aus�ncia de rea��o do condutor";1;"Engavetamento";"Com V�timas Feridas";"Pleno dia";"Decrescente";"Nublado";"M�ltipla";"Reta";"N�o";1325968;"Autom�vel";"FORD/KA FLEX/KA FLEX";2010;"Passageiro";"Les�es Leves";10;"Masculino";0;1;0;0;-26,91127886;-48,71226311;"SPRF-SC";"DEL04-SC";"UOP04-DEL04-SC"
742522;1662998;2025-12-30;"ter�a-feira";"08:50:00";"SC";101;119;"ITAJAI";"Sim";"Aus�ncia de rea��o do condutor";1;"Engavetamento";"Com V�timas Feridas";"Pleno dia";"Decrescente";"Nublado";"M�ltipla";"Reta";"N�o";1325968;"Autom�vel";"FORD/KA FLEX/KA FLEX";2010;"Condutor";"Les�es Leves";45;"Masculino";0;1;0;0;-26,91127886;-48,71226311;"SPRF-SC";"DEL04-SC";"UOP04-DEL04-SC"
742522;1662996;2025-12-30;"ter�a-feira";"08:50:00";"SC";101;119;"ITAJAI";"Sim";"Aus�ncia de rea��o do condutor";1;"Engavetamento";"Com V�timas Feridas";"Pleno dia";"Decrescente";"Nublado";"M�ltipla";"Reta";"N�o";1325967;"Camioneta";"FORD/ECOSPORT FSL1.6FLEX/ECOSPORT FSL1.6FLEX";2010;"Condutor";"Ileso";49;"Masculino";1;0;0;0;-26,91127886;-48,71226311;"SPRF-SC";"DEL04-SC";"UOP04-DEL04-SC"
742522;1662993;2025-12-30;"ter�a-feira";"08:50:00";"SC";101;119;"ITAJAI";"Sim";"Aus�ncia de rea��o do condutor";1;"Engavetamento";"Com V�timas Feridas";"Pleno dia";"Decrescente";"Nublado";"M�ltipla";"Reta";"N�o";1325965;"Caminhonete";"FIAT/FIORINO ENDURANCE/FIORINO ENDURANCE";2025;"Condutor";"Ileso";22;"Masculino";1;0;0;0;-26,91127886;-48,71226311;"SPRF-SC";"DEL04-SC";"UOP04-DEL04-SC"
742523;NA;2025-12-11;"quinta-feira";"10:50:00";"SC";282;18,3;"PALHOCA";"Sim";"Convers�o proibida";1;"Colis�o frontal";"Com V�timas Feridas";"Pleno dia";"Crescente";"Sol";"Simples";"Reta";"Sim";1325810;"Reboque";"R/CARRECAR CRCG/CARRECAR CRCG";2020;NA;NA;NA;NA;NA;NA;NA;NA;-27,67549883;-48,69747575;"SPRF-SC";"DEL01-SC";"UOP02-DEL01-SC"
742523;1662762;2025-12-11;"quinta-feira";"10:50:00";"SC";282;18,3;"PALHOCA";"Sim";"Convers�o proibida";1;"Colis�o frontal";"Com V�timas Feridas";"Pleno dia";"Crescente";"Sol";"Simples";"Reta";"Sim";1325809;"Autom�vel";"FIAT/SIENA 1.4 TETRAFUEL/SIENA 1.4 TETRAFUEL";2010;"Condutor";"Ileso";55;"Masculino";1;0;0;0;-27,67549883;-48,69747575;"SPRF-SC";"DEL01-SC";"UOP02-DEL01-SC"