"id";"pesid";"data_inversa";"dia_semana";"horario";"uf";"br";"km";"municipio";"causa_principal";"causa_acidente";"ordem_tipo_acidente";"tipo_acidente";"classificacao_acidente";"fase_dia";"sentido_via";"condicao_metereologica";"tipo_pista";"tracado_via";"uso_solo";"id_veiculo";"tipo_veiculo";"marca";"ano_fabricacao_veiculo";"tipo_envolvido";"estado_fisico";"idade";"sexo";"ilesos";"feridos_leves";"feridos_graves";"mortos";"latitude";"longitude";"regional";"delegacia";"uop"
742523;1662761;2025-12-11;"quinta-feira";"10:50:00";"SC";282;18,3;"PALHOCA";"Sim";"Convers�o proibida";1;"Colis�o frontal";"Com V�timas Feridas";"Pleno dia";"Crescente";"Sol";"Simples";"Reta";"Sim";1325808;"Motocicleta";"HONDA/CG 150 FAN ESI/CG 150 FAN ESI";2013;"Condutor";"Les�es Graves";44;"Masculino";0;0;1;0;-27,67549883;-48,69747575;"SPRF-SC";"DEL01-SC";"UOP02-DEL01-SC"
742525;1662779;2025-12-30;"ter�a-feira";"08:04:00";"BA";415;31;"ILHEUS";"Sim";"Ultrapassagem Indevida";1;"Colis�o lateral mesmo sentido";"Com V�timas Feridas";"Pleno dia";"Crescente";"C�u Claro";"Dupla";"Reta";"N�o";1325822;"Caminh�o";"FORD/F350 G/F350 G";2011;"Condutor";"Ileso";52;"Masculino";1;0;0;0;-14,78245287;-39,23702359;"SPRF-BA";"DEL05-BA";"UOP01-DEL05-BA"
742525;1662782;2025-12-30;"ter�a-feira";"08:04:00";"BA";415;31;"ILHEUS";"Sim";"Ultrapassagem Indevida";1;"Colis�o lateral mesmo sentido";"Com V�timas Feridas";"Pleno dia";"Crescente";"C�u Claro";"Dupla";"Reta";"N�o";1325824;"Autom�vel";"HYUNDAI/CRETA1TF NLINE/CRETA1TF NLINE";2024;"Passageiro";"Ileso";26;"Feminino";1;0;0;0;-14,78245287;-39,23702359;"SPRF-BA";"DEL05-BA";"UOP01-DEL05-BA"
742525;1662781;2025-12-30;"ter�a-feira";"08:04:00";"BA";415;31;"ILHEUS";"Sim";"Ultrapassagem Indevida";1;"Colis�o lateral mesmo sentido";"Com V�timas Feridas";"Pleno dia";"Crescente";"C�u Claro";"Dupla";"Reta";"N�o";1325824;"Autom�vel";"HYUNDAI/CRETA1TF NLINE/CRETA1TF NLINE";2024;"Condutor";"Les�es Leves";27;"Masculino";0;1;0;0;-14,78245287;-39,23702359;"SPRF-BA";"DEL05-BA";"UOP01-DEL05-BA"
742525;1662780;2025-12-30;"ter�a-feira";"08:04:00";"BA";415;31;"ILHEUS";"Sim";"Ultrapassagem Indevida";1;"Colis�o lateral mesmo sentido";"Com V�timas Feridas";"Pleno dia";"Crescente";"C�u Claro";"Dupla";"Reta";"N�o";1325823;"Autom�vel";"VW/UP XTREME TSI MD/UP XTREME TSI MD";2019;"Condutor";"Ileso";51;"Masculino";1;0;0;0;-14,78245287;-39,23702359;"SPRF-BA";"DEL05-BA";"UOP01-DEL05-BA"
742526;1662767;2025-12-30;"ter�a-feira";"06:45:00";"RJ";40;122;"DUQUE DE CAXIAS";"Sim";"Trafegar com motocicleta (ou similar) entre as faixas";1;"Colis�o traseira";"Com V�timas Feridas";"Pleno dia";"Crescente";"C�u Claro";"Dupla";"Reta";"N�o";1325812;"Autom�vel";"VW/FOX 1.6 GII/FOX 1.6 GII";2010;"Condutor";"Ileso";62;"Masculino";1;0;0;0;-22,79068142;-43,28569196;"SPRF-RJ";"DEL01-RJ";"UOP02-DEL01-RJ"
742526;1662766;2025-12-30;"ter�a-feira";"06:45:00";"RJ";40;122;"DUQUE DE CAXIAS";"Sim";"Trafegar com motocicleta (ou similar) entre as faixas";1;"Colis�o traseira";"Com V�timas Feridas";"Pleno dia";"Crescente";"C�u Claro";"Dupla";"Reta";"N�o";1325811;"Motocicleta";"YAMAHA/FZ25 FAZER/FZ25 FAZER";2022;"Condutor";"Les�es Leves";36;"Masculino";0;1;0;0;-22,79068142;-43,28569196;"SPRF-RJ";"DEL01-RJ";"UOP02-DEL01-RJ"
742527;1663581;2025-12-30;"ter�a-feira";"05:30:00";"MG";381;926;"POUSO ALEGRE";"Sim";"Rea��o tardia ou ineficiente do condutor";1;"Sa�da de leito carro��vel";"Com V�timas Feridas";"Amanhecer";"Decrescente";"Chuva";"Dupla";"Curva";"N�o";1326372;"Autom�vel";"GM/VECTRA CD/VECTRA CD";1996;"Condutor";"Les�es Leves";53;"Masculino";0;1;0;0;-22,2546085;-45,9289404;"SPRF-MG";"DEL16-MG";"UOP03-DEL16-MG"
742528;1665279;2025-12-30;"ter�a-feira";"08:10:00";"SC";282;469;"PONTE SERRADA";"Sim";"Rea��o tardia ou ineficiente do condutor";1;"Sa�da de leito carro��vel";"Com V�timas Feridas";"Pleno dia";"Decrescente";"C�u Claro";"Simples";"Reta";"N�o";1325912;"Autom�vel";"HYUNDAI/HB20 1.0M 1.0 M/HB20 1.0M 1.0 M";2013;"Passageiro";"Ileso";33;"Feminino";1;0;0;0;-26,854591;-52,094107;"SPRF-SC";"DEL07-SC";"UOP04-DEL07-SC"
742528;1665278;2025-12-30;"ter�a-feira";"08:10:00";"SC";282;469;"PONTE SERRADA";"Sim";"Rea��o tardia ou ineficiente do condutor";1;"Sa�da de leito carro��vel";"Com V�timas Feridas";"Pleno dia";"Decrescente";"C�u Claro";"Simples";"Reta";"N�o";1325912;"Autom�vel";"HYUNDAI/HB20 1.0M 1.0 M/HB20 1.0M 1.0 M";2013;"Passageiro";"Les�es Leves";13;"Masculino";0;1;0;0;-26,854591;-52,094107;"SPRF-SC";"DEL07-SC";"UOP04-DEL07-SC"
742528;1662910;2025-12-30;"ter�a-feira";"08:10:00";"SC";282;469;"PONTE SERRADA";"Sim";"Rea��o tardia ou ineficiente do condutor";1;"Sa�da de leito carro��vel";"Com V�timas Feridas";"Pleno dia";"Decrescente";"C�u Claro";"Simples";"Reta";"N�o";1325912;"Autom�vel";"HYUNDAI/HB20 1.0M 1.0 M/HB20 1.0M 1.0 M";2013;"Condutor";"Les�es Leves";21;"Feminino";0;1;0;0;-26,854591;-52,094107;"SPRF-SC";"DEL07-SC";"UOP04-DEL07-SC"
742529;1662823;2025-12-30;"ter�a-feira";"09:00:00";"PA";316;111;"SANTA MARIA DO PARA";"Sim";"Acessar a via sem observar a presen�a dos outros ve�culos";3;"Queda de ocupante de ve�culo";"Com V�timas Feridas";"Pleno dia";"Crescente";"C�u Claro";"Simples";"Reta";"N�o";1325847;"Motocicleta";"YAMAHA/FZ25 FAZER/FZ25 FAZER";2023;"Condutor";"Les�es Leves";29;"Masculino";0;1;0;0;-1,316565;-47,511173;"SPRF-PA";"DEL01-PA";"UOP02-DEL01-PA"
742529;1662826;2025-12-30;"ter�a-feira";"09:00:00";"PA";316;111;"SANTA MARIA DO PARA";"Sim";"Acessar a via sem observar a presen�a dos outros ve�culos";3;"Queda de ocupante de ve�culo";"Com V�timas Feridas";"Pleno dia";"Crescente";"C�u Claro";"Simples";"Reta";"N�o";1325847;"Motocicleta";"YAMAHA/FZ25 FAZER/FZ25 FAZER";2023;"Passageiro";"Les�es Leves";27;"Feminino";0;1;0;0;-1,316565;-47,511173;"SPRF-PA";"DEL01-PA";"UOP02-DEL01-PA"
742529;1662821;2025-12-30;"ter�a-feira";"09:00:00";"PA";316;111;"SANTA MARIA DO PARA";"Sim";"Acessar a via sem observar a presen�a dos outros ve�culos";3;"Queda de ocupante de ve�culo";"Com V�timas Feridas";"Pleno dia";"Crescente";"C�u Claro";"Simples";"Reta";"N�o";1325846;"Autom�vel";"HONDA/HR-V LX CVT/HR-V LX CVT";2016;"Passageiro";"Ileso";34;"Feminino";1;0;0;0;-1,316565;-47,511173;"SPRF-PA";"DEL01-PA";"UOP02-DEL01-PA"
742529;1662818;2025-12-30;"ter�a-feira";"09:00:00";"PA";316;111;"SANTA MARIA DO PARA";"Sim";"Acessar a via sem observar a presen�a dos outros ve�culos";3;"Queda de ocupante de ve�culo";"Com V�timas Feridas";"Pleno dia";"Crescente";"C�u Claro";"Simples";"Reta";"N�o";1325846;"Autom�vel";"HONDA/HR-V LX CVT/HR-V LX CVT";2016;"Condutor";"Ileso";41;"Masculino";1;0;0;0;-1,316565;-47,511173;"SPRF-PA";"DEL01-PA";"UOP02-DEL01-PA"
742529;1662823;2025-12-30;"ter�a-feira";"09:00:00";"PA";316;111;"SANTA MARIA DO PARA";"Sim";"Acessar a via sem observar a presen�a dos outros ve�culos";2;"Tombamento";"Com V�timas Feridas";"Pleno dia";"Crescente";"C�u Claro";"Simples";"Reta";"N�o";1325847;"Motocicleta";"YAMAHA/FZ25 FAZER/FZ25 FAZER";2023;"Condutor";"Les�es Leves";29;"Masculino";0;1;0;0;-1,316565;-47,511173;"SPRF-PA";"DEL01-PA";"UOP02-DEL01-PA"
742529;1662826;2025-12-30;"ter�a-feira";"09:00:00";"PA";316;111;"SANTA MARIA DO PARA";"Sim";"Acessar a via sem observar a presen�a dos outros ve�culos";2;"Tombamento";"Com V�timas Feridas";"Pleno dia";"Crescente";"C�u Claro";"Simples";"Reta";"N�o";1325847;"Motocicleta";"YAMAHA/FZ25 FAZER/FZ25 FAZER";2023;"Passageiro";"Les�es Leves";27;"Feminino";0;1;0;0;-1,316565;-47,511173;"SPRF-PA";"DEL01-PA";"UOP02-DEL01-PA"
742529;1662821;2025-12-30;"ter�a-feira";"09:00:00";"PA";316;111;"SANTA MARIA DO PARA";"Sim";"Acessar a via sem observar a presen�a dos outros ve�culos";2;"Tombamento";"Com V�timas Feridas";"Pleno dia";"Crescente";"C�u Claro";"Simples";"Reta";"N�o";1325846;"Autom�vel";"HONDA/HR-V LX CVT/HR-V LX CVT";2016;"Passageiro";"Ileso";34;"Feminino";1;0;0;0;-1,316565;-47,511173;"SPRF-PA";"DEL01-PA";"UOP02-DEL01-PA"
742529;1662818;2025-12-30;"ter�a-feira";"09:00:00";"PA";316;111;"SANTA MARIA DO PARA";"Sim";"Acessar a via sem observar a presen�a dos outros ve�culos";2;"Tombamento";"Com V�timas Feridas";"Pleno dia";"Crescente";"C�u Claro";"Simples";"Reta";"N�o";1325846;"Autom�vel";"HONDA/HR-V LX CVT/HR-V LX CVT";2016;"Condutor";"Ileso";41;"Masculino";1;0;0;0;-1,316565;-47,511173;"SPRF-PA";"DEL01-PA";"UOP02-DEL01-PA"
742529;1662823;2025-12-30;"ter�a-feira";"09:00:00";"PA";316;111;"SANTA MARIA DO PARA";"Sim";"Acessar a via sem observar a presen�a dos outros ve�culos";1;"Colis�o transversal";"Com V�timas Feridas";"Pleno dia";"Crescente";"C�u Claro";"Simples";"Reta";"N�o";1325847;"Motocicleta";"YAMAHA/FZ25 FAZER/FZ25 FAZER";2023;"Condutor";"Les�es Leves";29;"Masculino";0;1;0;0;-1,316565;-47,511173;"SPRF-PA";"DEL01-PA";"UOP02-DEL01-PA"
742529;1662826;2025-12-30;"ter�a-feira";"09:00:00";"PA";316;111;"SANTA MARIA DO PARA";"Sim";"Acessar a via sem observar a presen�a dos outros ve�culos";1;"Colis�o transversal";"Com V�timas Feridas";"Pleno dia";"Crescente";"C�u Claro";"Simples";"Reta";"N�o";1325847;"Motocicleta";"YAMAHA/FZ25 FAZER/FZ25 FAZER";2023;"Passageiro";"Les�es Leves";27;"Feminino";0;1;0;0;-1,316565;-47,511173;"SPRF-PA";"DEL01-PA";"UOP02-DEL01-PA"
742529;1662821;2025-12-30;"ter�a-feira";"09:00:00";"PA";316;111;"SANTA MARIA DO PARA";"Sim";"Acessar a via sem observar a presen�a dos outros ve�culos";1;"Colis�o transversal";"Com V�timas Feridas";"Pleno dia";"Crescente";"C�u Claro";"Simples";"Reta";"N�o";1325846;"Autom�vel";"HONDA/HR-V LX CVT/HR-V LX CVT";2016;"Passageiro";"Ileso";34;"Feminino";1;0;0;0;-1,316565;-47,511173;"SPRF-PA";"DEL01-PA";"UOP02-DEL01-PA"
742529;1662818;2025-12-30;"ter�a-feira";"09:00:00";"PA";316;111;"SANTA MARIA DO PARA";"Sim";"Acessar a via sem observar a presen�a dos outros ve�culos";1;"Colis�o transversal";"Com V�timas Feridas";"Pleno dia";"Crescente";"C�u Claro";"Simples";"Reta";"N�o";1325846;"Autom�vel";"HONDA/HR-V LX CVT/HR-V LX CVT";2016;"Condutor";"Ileso";41;"Masculino";1;0;0;0;-1,316565;-47,511173;"SPRF-PA";"DEL01-PA";"UOP02-DEL01-PA"
742529;1662823;2025-12-30;"ter�a-feira";"09:00:00";"PA";316;111;"SANTA MARIA DO PARA";"N�o";"Ultrapassagem Indevida";3;"Queda de ocupante de ve�culo";"Com V�timas Feridas";"Pleno dia";"Crescente";"C�u Claro";"Simples";"Reta";"N�o";1325847;"Motocicleta";"YAMAHA/FZ25 FAZER/FZ25 FAZER";2023;"Condutor";"Les�es Leves";29;"Masculino";0;1;0;0;-1,316565;-47,511173;"SPRF-PA";"DEL01-PA";"UOP02-DEL01-PA"
742529;1662826;2025-12-30;"ter�a-feira";"09:00:00";"PA";316;111;"SANTA MARIA DO PARA";"N�o";"Ultrapassagem Indevida";3;"Queda de ocupante de ve�culo";"Com V�timas Feridas";"Pleno dia";"Crescente";"C�u Claro";"Simples";"Reta";"N�o";1325847;"Motocicleta";"YAMAHA/FZ25 FAZER/FZ25 FAZER";2023;"Passageiro";"Les�es Leves";27;"Feminino";0;1;0;0;-1,316565;-47,511173;"SPRF-PA";"DEL01-PA";"UOP02-DEL01-PA"
742529;1662821;2025-12-30;"ter�a-feira";"09:00:00";"PA";316;111;"SANTA MARIA DO PARA";"N�o";"Ultrapassagem Indevida";3;"Queda de ocupante de ve�culo";"Com V�timas Feridas";"Pleno dia";"Crescente";"C�u Claro";"Simples";"Reta";"N�o";1325846;"Autom�vel";"HONDA/HR-V LX CVT/HR-V LX CVT";2016;"Passageiro";"Ileso";34;"Feminino";1;0;0;0;-1,316565;-47,511173;"SPRF-PA";"DEL01-PA";"UOP02-DEL01-PA"
742529;1662818;2025-12-30;"ter�a-feira";"09:00:00";"PA";316;111;"SANTA MARIA DO PARA";"N�o";"Ultrapassagem Indevida";3;"Queda de ocupante de ve�culo";"Com V�timas Feridas";"Pleno dia";"Crescente";"C�u Claro";"Simples";"Reta";"N�o";1325846;"Autom�vel";"HONDA/HR-V LX CVT/HR-V LX CVT";2016;"Condutor";"Ileso";41;"Masculino";1;0;0;0;-1,316565;-47,511173;"SPRF-PA";"DEL01-PA";"UOP02-DEL01-PA"
742529;1662823;2025-12-30;"ter�a-feira";"09:00:00";"PA";316;111;"SANTA MARIA DO PARA";"N�o";"Ultrapassagem Indevida";2;"Tombamento";"Com V�timas Feridas";"Pleno dia";"Crescente";"C�u Claro";"Simples";"Reta";"N�o";1325847;"Motocicleta";"YAMAHA/FZ25 FAZER/FZ25 FAZER";2023;"Condutor";"Les�es Leves";29;"Masculino";0;1;0;0;-1,316565;-47,511173;"SPRF-PA";"DEL01-PA";"UOP02-DEL01-PA"
742529;1662826;2025-12-30;"ter�a-feira";"09:00:00";"PA";316;111;"SANTA MARIA DO PARA";"N�o";"Ultrapassagem Indevida";2;"Tombamento";"Com V�timas Feridas";"Pleno dia";"Crescente";"C�u Claro";"Simples";"Reta";"N�o";1325847;"Motocicleta";"YAMAHA/FZ25 FAZER/FZ25 FAZER";2023;"Passageiro";"Les�es Leves";27;"Feminino";0;1;0;0;-1,316565;-47,511173;"SPRF-PA";"DEL01-PA";"UOP02-DEL01-PA"
742529;1662821;2025-12-30;"ter�a-feira";"09:00:00";"PA";316;111;"SANTA MARIA DO PARA";"N�o";"Ultrapassagem Indevida";2;"Tombamento";"Com V�timas Feridas";"Pleno dia";"Crescente";"C�u Claro";"Simples";"Reta";"N�o";1325846;"Autom�vel";"HONDA/HR-V LX CVT/HR-V LX CVT";2016;"Passageiro";"Ileso";34;"Feminino";1;0;0;0;-1,316565;-47,511173;"SPRF-PA";"DEL01-PA";"UOP02-DEL01-PA"
742529;1662818;2025-12-30;"ter�a-feira";"09:00:00";"PA";316;111;"SANTA MARIA DO PARA";"N�o";"Ultrapassagem Indevida";2;"Tombamento";"Com V�timas Feridas";"Pleno dia";"Crescente";"C�u Claro";"Simples";"Reta";"N�o";1325846;"Autom�vel";"HONDA/HR-V LX CVT/HR-V LX CVT";2016;"Condutor";"Ileso";41;"Masculino";1;0;0;0;-1,316565;-47,511173;"SPRF-PA";"DEL01-PA";"UOP02-DEL01-PA"
742529;1662823;2025-12-30;"ter�a-feira";"09:00:00";"PA";316;111;"SANTA MARIA DO PARA";"N�o";"Ultrapassagem Indevida";1;"Colis�o transversal";"Com V�timas Feridas";"Pleno dia";"Crescente";"C�u Claro";"Simples";"Reta";"N�o";1325847;"Motocicleta";"YAMAHA/FZ25 FAZER/FZ25 FAZER";2023;"Condutor";"Les�es Leves";29;"Masculino";0;1;0;0;-1,316565;-47,511173;"SPRF-PA";"DEL01-PA";"UOP02-DEL01-PA"
742529;1662826;2025-12-30;"ter�a-feira";"09:00:00";"PA";316;111;"SANTA MARIA DO PARA";"N�o";"Ultrapassagem Indevida";1;"Colis�o transversal";"Com V�timas Feridas";"Pleno dia";"Crescente";"C�u Claro";"Simples";"Reta";"N�o";1325847;"Motocicleta";"YAMAHA/FZ25 FAZER/FZ25 FAZER";2023;"Passageiro";"Les�es Leves";27;"Feminino";0;1;0;0;-1,316565;-47,511173;"SPRF-PA";"DEL01-PA";"UOP02-DEL01-PA"
742529;1662821;2025-12-30;"ter�a-feira";"09:00:00";"PA";316;111;"SANTA MARIA DO PARA";"N�o";"Ultrapassagem Indevida";1;"Colis�o transversal";"Com V�timas Feridas";"Pleno dia";"Crescente";"C�u Claro";"Simples";"Reta";"N�o";1325846;"Autom�vel";"HONDA/HR-V LX CVT/HR-V LX CVT";2016;"Passageiro";"Ileso";34;"Feminino";1;0;0;0;-1,316565;-47,511173;"SPRF-PA";"DEL01-PA";"UOP02-DEL01-PA"
742529;1662818;2025-12-30;"ter�a-feira";"09:00:00";"PA";316;111;"SANTA MARIA DO PARA";"N�o";"Ultrapassagem Indevida";1;"Colis�o transversal";"Com V�timas Feridas";"Pleno dia";"Crescente";"C�u Claro";"Simples";"Reta";"N�o";1325846;"Autom�vel";"HONDA/HR-V LX CVT/HR-V LX CVT";2016;"Condutor";"Ileso";41;"Masculino";1;0;0;0;-1,316565;-47,511173;"SPRF-PA";"DEL01-PA";"UOP02-DEL01-PA"
742530;1662828;2025-12-30;"ter�a-feira";"09:00:00";"RS";386;215,2;"TIO HUGO";"Sim";"Acessar a via sem observar a presen�a dos outros ve�culos";1;"Colis�o transversal";"Com V�timas Feridas";"Pleno dia";"Crescente";"Nublado";"Simples";"Interse��o de Vias;Reta";"Sim";1325850;"Camioneta";"I/VW TAOS HL TSI/VW TAOS HL TSI";2024;"Passageiro";"Ileso";39;"Feminino";1;0;0;0;-28,57839266;-52,59714095;"SPRF-RS";"DEL04-RS";"UOP03-DEL04-RS"
742530;1662825;2025-12-30;"ter�a-feira";"09:00:00";"RS";386;215,2;"TIO HUGO";"Sim";"Acessar a via sem observar a presen�a dos outros ve�culos";1;"Colis�o transversal";"Com V�timas Feridas";"Pleno dia";"Crescente";"Nublado";"Simples";"Interse��o de Vias;Reta";"Sim";1325850;"Camioneta";"I/VW TAOS HL TSI/VW TAOS HL TSI";2024;"Condutor";"Ileso";41;"Masculino";1;0;0;0;-28,57839266;-52,59714095;"SPRF-RS";"DEL04-RS";"UOP03-DEL04-RS"
742530;1662831;2025-12-30;"ter�a-feira";"09:00:00";"RS";386;215,2;"TIO HUGO";"Sim";"Acessar a via sem observar a presen�a dos outros ve�culos";1;"Colis�o transversal";"Com V�timas Feridas";"Pleno dia";"Crescente";"Nublado";"Simples";"Interse��o de Vias;Reta";"Sim";1325850;"Camioneta";"I/VW TAOS HL TSI/VW TAOS HL TSI";2024;"Passageiro";"Ileso";61;"Feminino";1;0;0;0;-28,57839266;-52,59714095;"SPRF-RS";"DEL04-RS";"UOP03-DEL04-RS"
742530;1662830;2025-12-30;"ter�a-feira";"09:00:00";"RS";386;215,2;"TIO HUGO";"Sim";"Acessar a via sem observar a presen�a dos outros ve�culos";1;"Colis�o transversal";"Com V�timas Feridas";"Pleno dia";"Crescente";"Nublado";"Simples";"Interse��o de Vias;Reta";"Sim";1325850;"Camioneta";"I/VW TAOS HL TSI/VW TAOS HL TSI";2024;"Passageiro";"Les�es Leves";72;"Masculino";0;1;0;0;-28,57839266;-52,59714095;"SPRF-RS";"DEL04-RS";"UOP03-DEL04-RS"
742530;1662829;2025-12-30;"ter�a-feira";"09:00:00";"RS";386;215,2;"TIO HUGO";"Sim";"Acessar a via sem observar a presen�a dos outros ve�culos";1;"Colis�o transversal";"Com V�timas Feridas";"Pleno dia";"Crescente";"Nublado";"Simples";"Interse��o de Vias;Reta";"Sim";1325850;"Camioneta";"I/VW TAOS HL TSI/VW TAOS HL TSI";2024;"Passageiro";"Ileso";1;"Feminino";1;0;0;0;-28,57839266;-52,59714095;"SPRF-RS";"DEL04-RS";"UOP03-DEL04-RS"
742530;1662820;2025-12-30;"ter�a-feira";"09:00:00";"RS";386;215,2;"TIO HUGO";"Sim";"Acessar a via sem observar a presen�a dos outros ve�culos";1;"Colis�o transversal";"Com V�timas Feridas";"Pleno dia";"Crescente";"Nublado";"Simples";"Interse��o de Vias;Reta";"Sim";1325848;"Autom�vel";"PEUGEOT/207HB XS/207HB XS";2011;"Condutor";"Les�es Graves";74;"Masculino";0;0;1;0;-28,57839266;-52,59714095;"SPRF-RS";"DEL04-RS";"UOP03-DEL04-RS"
742530;1662822;2025-12-30;"ter�a-feira";"09:00:00";"RS";386;215,2;"TIO HUGO";"Sim";"Acessar a via sem observar a presen�a dos outros ve�culos";1;"Colis�o transversal";"Com V�timas Feridas";"Pleno dia";"Crescente";"Nublado";"Simples";"Interse��o de Vias;Reta";"Sim";1325848;"Autom�vel";"PEUGEOT/207HB XS/207HB XS";2011;"Passageiro";"Les�es Leves";67;"Feminino";0;1;0;0;-28,57839266;-52,59714095;"SPRF-RS";"DEL04-RS";"UOP03-DEL04-RS"
742531;1664268;2025-12-30;"ter�a-feira";"09:30:00";"PR";277;495,1;"NOVA LARANJEIRAS";"N�o";"Transitar na contram�o";2;"Sa�da de leito carro��vel";"Com V�timas Feridas";"Pleno dia";"Crescente";"C�u Claro";"Simples";"Reta;Declive";"Sim";1325845;"Autom�vel";"I/RENAULT LOGAN/RENAULT LOGAN";2019;"Condutor";"Ileso";51;"Masculino";1;0;0;0;-25,2147508;-52,6536437;"SPRF-PR";"DEL04-PR";"UOP04-DEL04-PR"
742531;1664270;2025-12-30;"ter�a-feira";"09:30:00";"PR";277;495,1;"NOVA LARANJEIRAS";"N�o";"Transitar na contram�o";2;"Sa�da de leito carro��vel";"Com V�timas Feridas";"Pleno dia";"Crescente";"C�u Claro";"Simples";"Reta;Declive";"Sim";1325845;"Autom�vel";"I/RENAULT LOGAN/RENAULT LOGAN";2019;"Passageiro";"Ileso";22;"Feminino";1;0;0;0;-25,2147508;-52,6536437;"SPRF-PR";"DEL04-PR";"UOP04-DEL04-PR"
742531;1664269;2025-12-30;"ter�a-feira";"09:30:00";"PR";277;495,1;"NOVA LARANJEIRAS";"N�o";"Transitar na contram�o";2;"Sa�da de leito carro��vel";"Com V�timas Feridas";"Pleno dia";"Crescente";"C�u Claro";"Simples";"Reta;Declive";"Sim";1325845;"Autom�vel";"I/RENAULT LOGAN/RENAULT LOGAN";2019;"Passageiro";"Ileso";51;"Feminino";1;0;0;0;-25,2147508;-52,6536437;"SPRF-PR";"DEL04-PR";"UOP04-DEL04-PR"
742531;1662817;2025-12-30;"ter�a-feira";"09:30:00";"PR";277;495,1;"NOVA LARANJEIRAS";"N�o";"Transitar na contram�o";2;"Sa�da de leito carro��vel";"Com V�timas Feridas";"Pleno dia";"Crescente";"C�u Claro";"Simples";"Reta;Declive";"Sim";1325843;"Motocicleta";"HONDA/CG 160 FAN/CG 160 FAN";2025;"Condutor";"Les�es Graves";18;"Masculino";0;0;1;0;-25,2147508;-52,6536437;"SPRF-PR";"DEL04-PR";"UOP04-DEL04-PR"
742531;1664268;2025-12-30;"ter�a-feira";"09:30:00";"PR";277;495,1;"NOVA LARANJEIRAS";"N�o";"Transitar na contram�o";1;"Colis�o lateral sentido oposto";"Com V�timas Feridas";"Pleno dia";"Crescente";"C�u Claro";"Simples";"Reta;Declive";"Sim";1325845;"Autom�vel";"I/RENAULT LOGAN/RENAULT LOGAN";2019;"Condutor";"Ileso";51;"Masculino";1;0;0;0;-25,2147508;-52,6536437;"SPRF-PR";"DEL04-PR";"UOP04-DEL04-PR"
742531;1664270;2025-12-30;"ter�a-feira";"09:30:00";"PR";277;495,1;"NOVA LARANJEIRAS";"N�o";"Transitar na contram�o";1;"Colis�o lateral sentido oposto";"Com V�timas Feridas";"Pleno dia";"Crescente";"C�u Claro";"Simples";"Reta;Declive";"Sim";1325845;"Autom�vel";"I/RENAULT LOGAN/RENAULT LOGAN";2019;"Passageiro";"Ileso";22;"Feminino";1;0;0;0;-25,2147508;-52,6536437;"SPRF-PR";"DEL04-PR";"UOP04-DEL04-PR"
742531;1664269;2025-12-30;"ter�a-feira";"09:30:00";"PR";277;495,1;"NOVA LARANJEIRAS";"N�o";"Transitar na contram�o";1;"Colis�o lateral sentido oposto";"Com V�timas Feridas";"Pleno dia";"Crescente";"C�u Claro";"Simples";"Reta;Declive";"Sim";1325845;"Autom�vel";"I/RENAULT LOGAN/RENAULT LOGAN";2019;"Passageiro";"Ileso";51;"Feminino";1;0;0;0;-25,2147508;-52,6536437;"SPRF-PR";"DEL04-PR";"UOP04-DEL04-PR"
742531;1662817;2025-12-30;"ter�a-feira";"09:30:00";"PR";277;495,1;"NOVA LARANJEIRAS";"N�o";"Transitar na contram�o";1;"Colis�o lateral sentido oposto";"Com V�timas Feridas";"Pleno dia";"Crescente";"C�u Claro";"Simples";"Reta;Declive";"Sim";1325843;"Motocicleta";"HONDA/CG 160 FAN/CG 160 FAN";2025;"Condutor";"Les�es Graves";18;"Masculino";0;0;1;0;-25,2147508;-52,6536437;"SPRF-PR";"DEL04-PR";"UOP04-DEL04-PR"
742531;1664268;2025-12-30;"ter�a-feira";"09:30:00";"PR";277;495,1;"NOVA LARANJEIRAS";"Sim";"Condutor Dormindo";2;"Sa�da de leito carro��vel";"Com V�timas Feridas";"Pleno dia";"Crescente";"C�u Claro";"Simples";"Reta;Declive";"Sim";1325845;"Autom�vel";"I/RENAULT LOGAN/RENAULT LOGAN";2019;"Condutor";"Ileso";51;"Masculino";1;0;0;0;-25,2147508;-52,6536437;"SPRF-PR";"DEL04-PR";"UOP04-DEL04-PR"
742531;1664270;2025-12-30;"ter�a-feira";"09:30:00";"PR";277;495,1;"NOVA LARANJEIRAS";"Sim";"Condutor Dormindo";2;"Sa�da de leito carro��vel";"Com V�timas Feridas";"Pleno dia";"Crescente";"C�u Claro";"Simples";"Reta;Declive";"Sim";1325845;"Autom�vel";"I/RENAULT LOGAN/RENAULT LOGAN";2019;"Passageiro";"Ileso";22;"Feminino";1;0;0;0;-25,2147508;-52,6536437;"SPRF-PR";"DEL04-PR";"UOP04-DEL04-PR"