"id";"pesid";"data_inversa";"dia_semana";"horario";"uf";"br";"km";"municipio";"causa_principal";"causa_acidente";"ordem_tipo_acidente";"tipo_acidente";"classificacao_acidente";"fase_dia";"sentido_via";"condicao_metereologica";"tipo_pista";"tracado_via";"uso_solo";"id_veiculo";"tipo_veiculo";"marca";"ano_fabricacao_veiculo";"tipo_envolvido";"estado_fisico";"idade";"sexo";"ilesos";"feridos_leves";"feridos_graves";"mortos";"latitude";"longitude";"regional";"delegacia";"uop"
742531;1664269;2025-12-30;"ter�a-feira";"09:30:00";"PR";277;495,1;"NOVA LARANJEIRAS";"Sim";"Condutor Dormindo";2;"Sa�da de leito carro��vel";"Com V�timas Feridas";"Pleno dia";"Crescente";"C�u Claro";"Simples";"Reta;Declive";"Sim";1325845;"Autom�vel";"I/RENAULT LOGAN/RENAULT LOGAN";2019;"Passageiro";"Ileso";51;"Feminino";1;0;0;0;-25,2147508;-52,6536437;"SPRF-PR";"DEL04-PR";"UOP04-DEL04-PR"
742531;1662817;2025-12-30;"ter�a-feira";"09:30:00";"PR";277;495,1;"NOVA LARANJEIRAS";"Sim";"Condutor Dormindo";2;"Sa�da de leito carro��vel";"Com V�timas Feridas";"Pleno dia";"Crescente";"C�u Claro";"Simples";"Reta;Declive";"Sim";1325843;"Motocicleta";"HONDA/CG 160 FAN/CG 160 FAN";2025;"Condutor";"Les�es Graves";18;"Masculino";0;0;1;0;-25,2147508;-52,6536437;"SPRF-PR";"DEL04-PR";"UOP04-DEL04-PR"
742531;1664268;2025-12-30;"ter�a-feira";"09:30:00";"PR";277;495,1;"NOVA LARANJEIRAS";"Sim";"Condutor Dormindo";1;"Colis�o lateral sentido oposto";"Com V�timas Feridas";"Pleno dia";"Crescente";"C�u Claro";"Simples";"Reta;Declive";"Sim";1325845;"Autom�vel";"I/RENAULT LOGAN/RENAULT LOGAN";2019;"Condutor";"Ileso";51;"Masculino";1;0;0;0;-25,2147508;-52,6536437;"SPRF-PR";"DEL04-PR";"UOP04-DEL04-PR"
742531;1664270;2025-12-30;"ter�a-feira";"09:30:00";"PR";277;495,1;"NOVA LARANJEIRAS";"Sim";"Condutor Dormindo";1;"Colis�o lateral sentido oposto";"Com V�timas Feridas";"Pleno dia";"Crescente";"C�u Claro";"Simples";"Reta;Declive";"Sim";1325845;"Autom�vel";"I/RENAULT LOGAN/RENAULT LOGAN";2019;"Passageiro";"Ileso";22;"Feminino";1;0;0;0;-25,2147508;-52,6536437;"SPRF-PR";"DEL04-PR";"UOP04-DEL04-PR"
742531;1664269;2025-12-30;"ter�a-feira";"09:30:00";"PR";277;495,1;"NOVA LARANJEIRAS";"Sim";"Condutor Dormindo";1;"Colis�o lateral sentido oposto";"Com V�timas Feridas";"Pleno dia";"Crescente";"C�u Claro";"Simples";"Reta;Declive";"Sim";1325845;"Autom�vel";"I/RENAULT LOGAN/RENAULT LOGAN";2019;"Passageiro";"Ileso";51;"Feminino";1;0;0;0;-25,2147508;-52,6536437;"SPRF-PR";"DEL04-PR";"UOP04-DEL04-PR"
742531;1662817;2025-12-30;"ter�a-feira";"09:30:00";"PR";277;495,1;"NOVA LARANJEIRAS";"Sim";"Condutor Dormindo";1;"Colis�o lateral sentido oposto";"Com V�timas Feridas";"Pleno dia";"Crescente";"C�u Claro";"Simples";"Reta;Declive";"Sim";1325843;"Motocicleta";"HONDA/CG 160 FAN/CG 160 FAN";2025;"Condutor";"Les�es Graves";18;"Masculino";0;0;1;0;-25,2147508;-52,6536437;"SPRF-PR";"DEL04-PR";"UOP04-DEL04-PR"
742532;1663130;2025-12-30;"ter�a-feira";"09:50:00";"ES";262;66;"MARECHAL FLORIANO";"Sim";"Condutor deixou de manter dist�ncia do ve�culo da frente";1;"Colis�o traseira";"Com V�timas Feridas";"Pleno dia";"Decrescente";"Sol";"Simples";"Reta";"N�o";1325837;"Motocicleta";"HONDA/NXR150 BROS ES/NXR150 BROS ES";2006;"Passageiro";"Ileso";51;"Masculino";1;0;0;0;-20,414075;-40,839181;"SPRF-ES";"DEL01-ES";"UOP02-DEL01-ES"
742532;1662806;2025-12-30;"ter�a-feira";"09:50:00";"ES";262;66;"MARECHAL FLORIANO";"Sim";"Condutor deixou de manter dist�ncia do ve�culo da frente";1;"Colis�o traseira";"Com V�timas Feridas";"Pleno dia";"Decrescente";"Sol";"Simples";"Reta";"N�o";1325837;"Motocicleta";"HONDA/NXR150 BROS ES/NXR150 BROS ES";2006;"Condutor";"Les�es Leves";44;"Masculino";0;1;0;0;-20,414075;-40,839181;"SPRF-ES";"DEL01-ES";"UOP02-DEL01-ES"
742532;1662797;2025-12-30;"ter�a-feira";"09:50:00";"ES";262;66;"MARECHAL FLORIANO";"Sim";"Condutor deixou de manter dist�ncia do ve�culo da frente";1;"Colis�o traseira";"Com V�timas Feridas";"Pleno dia";"Decrescente";"Sol";"Simples";"Reta";"N�o";1325836;"Autom�vel";"FORD/KA SE 1.0 HA/KA SE 1.0 HA";2015;"Condutor";"Ileso";39;"Masculino";1;0;0;0;-20,414075;-40,839181;"SPRF-ES";"DEL01-ES";"UOP02-DEL01-ES"
742533;1662795;2025-12-30;"ter�a-feira";"10:00:00";"BA";407;230;"CAPIM GROSSO";"Sim";"Aus�ncia de rea��o do condutor";1;"Tombamento";"Com V�timas Feridas";"Pleno dia";"Decrescente";"C�u Claro";"Simples";"Rotat�ria";"Sim";1325833;"Caminh�o-trator";"DAF/XF FTT 530 SSC/XF FTT 530 SSC";2022;"Condutor";"Les�es Leves";38;"Masculino";0;1;0;0;-11,38590053;-40,0134201;"SPRF-BA";"DEL04-BA";"UOP02-DEL04-BA"
742533;NA;2025-12-30;"ter�a-feira";"10:00:00";"BA";407;230;"CAPIM GROSSO";"Sim";"Aus�ncia de rea��o do condutor";1;"Tombamento";"Com V�timas Feridas";"Pleno dia";"Decrescente";"C�u Claro";"Simples";"Rotat�ria";"Sim";1325834;"Semireboque";"SR/NIJU NJSRFR 3E/NIJU NJSRFR 3E";2019;NA;NA;NA;NA;NA;NA;NA;NA;-11,38590053;-40,0134201;"SPRF-BA";"DEL04-BA";"UOP02-DEL04-BA"
742534;1662796;2025-12-30;"ter�a-feira";"10:10:00";"RJ";116;297;"PORTO REAL";"Sim";"Aus�ncia de rea��o do condutor";1;"Queda de ocupante de ve�culo";"Com V�timas Feridas";"Pleno dia";"Crescente";"C�u Claro";"Dupla";"Curva";"N�o";1325835;"Motocicleta";"HONDA/CG 160 TITAN/CG 160 TITAN";2019;"Condutor";"Les�es Leves";29;"Masculino";0;1;0;0;-22,45097084;-44,30962354;"SPRF-RJ";"DEL07-RJ";"UOP02-DEL07-RJ"
742535;1662893;2025-12-20;"s�bado";"10:30:00";"SC";280;58;"GUARAMIRIM";"Sim";"Manobra de mudan�a de faixa";2;"Queda de ocupante de ve�culo";"Com V�timas Feridas";"Pleno dia";"Decrescente";"C�u Claro";"Dupla";"Curva";"Sim";1325892;"Autom�vel";"I/CHEV CRUZE LTZ HB AT/CHEV CRUZE LTZ HB AT";2021;"Condutor";"Ileso";NA;"Masculino";1;0;0;0;-26,47422251;-49,02096391;"SPRF-SC";"DEL03-SC";"UOP03-DEL03-SC"
742535;1662892;2025-12-20;"s�bado";"10:30:00";"SC";280;58;"GUARAMIRIM";"Sim";"Manobra de mudan�a de faixa";2;"Queda de ocupante de ve�culo";"Com V�timas Feridas";"Pleno dia";"Decrescente";"C�u Claro";"Dupla";"Curva";"Sim";1325890;"Motocicleta";"YAMAHA/FZ25 FAZER/FZ25 FAZER";2025;"Condutor";"Les�es Graves";NA;"Masculino";0;0;1;0;-26,47422251;-49,02096391;"SPRF-SC";"DEL03-SC";"UOP03-DEL03-SC"
742535;1662893;2025-12-20;"s�bado";"10:30:00";"SC";280;58;"GUARAMIRIM";"Sim";"Manobra de mudan�a de faixa";1;"Colis�o lateral mesmo sentido";"Com V�timas Feridas";"Pleno dia";"Decrescente";"C�u Claro";"Dupla";"Curva";"Sim";1325892;"Autom�vel";"I/CHEV CRUZE LTZ HB AT/CHEV CRUZE LTZ HB AT";2021;"Condutor";"Ileso";NA;"Masculino";1;0;0;0;-26,47422251;-49,02096391;"SPRF-SC";"DEL03-SC";"UOP03-DEL03-SC"
742535;1662892;2025-12-20;"s�bado";"10:30:00";"SC";280;58;"GUARAMIRIM";"Sim";"Manobra de mudan�a de faixa";1;"Colis�o lateral mesmo sentido";"Com V�timas Feridas";"Pleno dia";"Decrescente";"C�u Claro";"Dupla";"Curva";"Sim";1325890;"Motocicleta";"YAMAHA/FZ25 FAZER/FZ25 FAZER";2025;"Condutor";"Les�es Graves";NA;"Masculino";0;0;1;0;-26,47422251;-49,02096391;"SPRF-SC";"DEL03-SC";"UOP03-DEL03-SC"
742536;1662807;2025-12-30;"ter�a-feira";"08:05:00";"RJ";101;326;"NITEROI";"Sim";"Trafegar com motocicleta (ou similar) entre as faixas";3;"Queda de ocupante de ve�culo";"Com V�timas Feridas";"Pleno dia";"Decrescente";"C�u Claro";"M�ltipla";"Reta;Declive";"N�o";1325841;"Motocicleta";"YAMAHA/YBR150 FACTOR/YBR150 FACTOR";2025;"Condutor";"Les�es Leves";34;"Masculino";0;1;0;0;-22,8725177;-43,14086437;"SPRF-RJ";"DEL02-RJ";"UOP01-DEL02-RJ"
742536;1662808;2025-12-30;"ter�a-feira";"08:05:00";"RJ";101;326;"NITEROI";"Sim";"Trafegar com motocicleta (ou similar) entre as faixas";3;"Queda de ocupante de ve�culo";"Com V�timas Feridas";"Pleno dia";"Decrescente";"C�u Claro";"M�ltipla";"Reta;Declive";"N�o";1325841;"Motocicleta";"YAMAHA/YBR150 FACTOR/YBR150 FACTOR";2025;"Passageiro";"Ileso";26;"Feminino";1;0;0;0;-22,8725177;-43,14086437;"SPRF-RJ";"DEL02-RJ";"UOP01-DEL02-RJ"
742536;1662842;2025-12-30;"ter�a-feira";"08:05:00";"RJ";101;326;"NITEROI";"Sim";"Trafegar com motocicleta (ou similar) entre as faixas";3;"Queda de ocupante de ve�culo";"Com V�timas Feridas";"Pleno dia";"Decrescente";"C�u Claro";"M�ltipla";"Reta;Declive";"N�o";1325840;"Camioneta";"FORD/ECOSPORT SE 1.5/ECOSPORT SE 1.5";0;"Condutor";"N�o Informado";NA;"N�o Informado";0;0;0;0;-22,8725177;-43,14086437;"SPRF-RJ";"DEL02-RJ";"UOP01-DEL02-RJ"
742536;1662807;2025-12-30;"ter�a-feira";"08:05:00";"RJ";101;326;"NITEROI";"Sim";"Trafegar com motocicleta (ou similar) entre as faixas";2;"Tombamento";"Com V�timas Feridas";"Pleno dia";"Decrescente";"C�u Claro";"M�ltipla";"Reta;Declive";"N�o";1325841;"Motocicleta";"YAMAHA/YBR150 FACTOR/YBR150 FACTOR";2025;"Condutor";"Les�es Leves";34;"Masculino";0;1;0;0;-22,8725177;-43,14086437;"SPRF-RJ";"DEL02-RJ";"UOP01-DEL02-RJ"
742536;1662808;2025-12-30;"ter�a-feira";"08:05:00";"RJ";101;326;"NITEROI";"Sim";"Trafegar com motocicleta (ou similar) entre as faixas";2;"Tombamento";"Com V�timas Feridas";"Pleno dia";"Decrescente";"C�u Claro";"M�ltipla";"Reta;Declive";"N�o";1325841;"Motocicleta";"YAMAHA/YBR150 FACTOR/YBR150 FACTOR";2025;"Passageiro";"Ileso";26;"Feminino";1;0;0;0;-22,8725177;-43,14086437;"SPRF-RJ";"DEL02-RJ";"UOP01-DEL02-RJ"
742536;1662842;2025-12-30;"ter�a-feira";"08:05:00";"RJ";101;326;"NITEROI";"Sim";"Trafegar com motocicleta (ou similar) entre as faixas";2;"Tombamento";"Com V�timas Feridas";"Pleno dia";"Decrescente";"C�u Claro";"M�ltipla";"Reta;Declive";"N�o";1325840;"Camioneta";"FORD/ECOSPORT SE 1.5/ECOSPORT SE 1.5";0;"Condutor";"N�o Informado";NA;"N�o Informado";0;0;0;0;-22,8725177;-43,14086437;"SPRF-RJ";"DEL02-RJ";"UOP01-DEL02-RJ"
742536;1662807;2025-12-30;"ter�a-feira";"08:05:00";"RJ";101;326;"NITEROI";"Sim";"Trafegar com motocicleta (ou similar) entre as faixas";1;"Colis�o traseira";"Com V�timas Feridas";"Pleno dia";"Decrescente";"C�u Claro";"M�ltipla";"Reta;Declive";"N�o";1325841;"Motocicleta";"YAMAHA/YBR150 FACTOR/YBR150 FACTOR";2025;"Condutor";"Les�es Leves";34;"Masculino";0;1;0;0;-22,8725177;-43,14086437;"SPRF-RJ";"DEL02-RJ";"UOP01-DEL02-RJ"
742536;1662808;2025-12-30;"ter�a-feira";"08:05:00";"RJ";101;326;"NITEROI";"Sim";"Trafegar com motocicleta (ou similar) entre as faixas";1;"Colis�o traseira";"Com V�timas Feridas";"Pleno dia";"Decrescente";"C�u Claro";"M�ltipla";"Reta;Declive";"N�o";1325841;"Motocicleta";"YAMAHA/YBR150 FACTOR/YBR150 FACTOR";2025;"Passageiro";"Ileso";26;"Feminino";1;0;0;0;-22,8725177;-43,14086437;"SPRF-RJ";"DEL02-RJ";"UOP01-DEL02-RJ"
742536;1662842;2025-12-30;"ter�a-feira";"08:05:00";"RJ";101;326;"NITEROI";"Sim";"Trafegar com motocicleta (ou similar) entre as faixas";1;"Colis�o traseira";"Com V�timas Feridas";"Pleno dia";"Decrescente";"C�u Claro";"M�ltipla";"Reta;Declive";"N�o";1325840;"Camioneta";"FORD/ECOSPORT SE 1.5/ECOSPORT SE 1.5";0;"Condutor";"N�o Informado";NA;"N�o Informado";0;0;0;0;-22,8725177;-43,14086437;"SPRF-RJ";"DEL02-RJ";"UOP01-DEL02-RJ"
742537;1662938;2025-12-30;"ter�a-feira";"09:55:00";"PE";101;75,2;"RECIFE";"Sim";"Condutor deixou de manter dist�ncia do ve�culo da frente";2;"Queda de ocupante de ve�culo";"Com V�timas Feridas";"Pleno dia";"Crescente";"Sol";"Dupla";"Reta";"Sim";1325920;"Motocicleta";"HONDA/CG 160 FAN/CG 160 FAN";2020;"Condutor";"Les�es Leves";26;"Masculino";0;1;0;0;-8,11185;-34,94575;"SPRF-PE";"DEL01-PE";"UOP01-DEL01-PE"
742537;1662938;2025-12-30;"ter�a-feira";"09:55:00";"PE";101;75,2;"RECIFE";"Sim";"Condutor deixou de manter dist�ncia do ve�culo da frente";1;"Tombamento";"Com V�timas Feridas";"Pleno dia";"Crescente";"Sol";"Dupla";"Reta";"Sim";1325920;"Motocicleta";"HONDA/CG 160 FAN/CG 160 FAN";2020;"Condutor";"Les�es Leves";26;"Masculino";0;1;0;0;-8,11185;-34,94575;"SPRF-PE";"DEL01-PE";"UOP01-DEL01-PE"
742538;1662803;2025-12-29;"segunda-feira";"16:00:00";"PR";376;653,4;"TIJUCAS DO SUL";"N�o";"Rea��o tardia ou ineficiente do condutor";1;"Colis�o traseira";"Sem V�timas";"Pleno dia";"Decrescente";"C�u Claro";"Dupla";"Declive;Curva";"N�o";1325839;"Autom�vel";"VW/VIRTUS CL AC/VIRTUS CL AC";2023;"Condutor";"Ileso";53;"Feminino";1;0;0;0;-25,84269383;-49,0508008;"SPRF-PR";"DEL01-PR";"UOP04-DEL01-PR"
742538;1662802;2025-12-29;"segunda-feira";"16:00:00";"PR";376;653,4;"TIJUCAS DO SUL";"N�o";"Rea��o tardia ou ineficiente do condutor";1;"Colis�o traseira";"Sem V�timas";"Pleno dia";"Decrescente";"C�u Claro";"Dupla";"Declive;Curva";"N�o";1325839;"Autom�vel";"VW/VIRTUS CL AC/VIRTUS CL AC";2023;"Passageiro";"Ileso";32;"Masculino";1;0;0;0;-25,84269383;-49,0508008;"SPRF-PR";"DEL01-PR";"UOP04-DEL01-PR"
742538;1662804;2025-12-29;"segunda-feira";"16:00:00";"PR";376;653,4;"TIJUCAS DO SUL";"N�o";"Rea��o tardia ou ineficiente do condutor";1;"Colis�o traseira";"Sem V�timas";"Pleno dia";"Decrescente";"C�u Claro";"Dupla";"Declive;Curva";"N�o";1325838;"Autom�vel";"VW/GOL 1.0 PLUS/GOL 1.0 PLUS";2001;"Condutor";"Ileso";32;"Masculino";1;0;0;0;-25,84269383;-49,0508008;"SPRF-PR";"DEL01-PR";"UOP04-DEL01-PR"
742538;1662801;2025-12-29;"segunda-feira";"16:00:00";"PR";376;653,4;"TIJUCAS DO SUL";"N�o";"Rea��o tardia ou ineficiente do condutor";1;"Colis�o traseira";"Sem V�timas";"Pleno dia";"Decrescente";"C�u Claro";"Dupla";"Declive;Curva";"N�o";1325838;"Autom�vel";"VW/GOL 1.0 PLUS/GOL 1.0 PLUS";2001;"Passageiro";"Ileso";2;"Masculino";1;0;0;0;-25,84269383;-49,0508008;"SPRF-PR";"DEL01-PR";"UOP04-DEL01-PR"
742538;1662800;2025-12-29;"segunda-feira";"16:00:00";"PR";376;653,4;"TIJUCAS DO SUL";"N�o";"Rea��o tardia ou ineficiente do condutor";1;"Colis�o traseira";"Sem V�timas";"Pleno dia";"Decrescente";"C�u Claro";"Dupla";"Declive;Curva";"N�o";1325838;"Autom�vel";"VW/GOL 1.0 PLUS/GOL 1.0 PLUS";2001;"Passageiro";"Ileso";8;"Feminino";1;0;0;0;-25,84269383;-49,0508008;"SPRF-PR";"DEL01-PR";"UOP04-DEL01-PR"
742538;1662799;2025-12-29;"segunda-feira";"16:00:00";"PR";376;653,4;"TIJUCAS DO SUL";"N�o";"Rea��o tardia ou ineficiente do condutor";1;"Colis�o traseira";"Sem V�timas";"Pleno dia";"Decrescente";"C�u Claro";"Dupla";"Declive;Curva";"N�o";1325838;"Autom�vel";"VW/GOL 1.0 PLUS/GOL 1.0 PLUS";2001;"Passageiro";"Ileso";20;"Feminino";1;0;0;0;-25,84269383;-49,0508008;"SPRF-PR";"DEL01-PR";"UOP04-DEL01-PR"
742538;1662798;2025-12-29;"segunda-feira";"16:00:00";"PR";376;653,4;"TIJUCAS DO SUL";"N�o";"Rea��o tardia ou ineficiente do condutor";1;"Colis�o traseira";"Sem V�timas";"Pleno dia";"Decrescente";"C�u Claro";"Dupla";"Declive;Curva";"N�o";1325838;"Autom�vel";"VW/GOL 1.0 PLUS/GOL 1.0 PLUS";2001;"Passageiro";"Ileso";35;"Feminino";1;0;0;0;-25,84269383;-49,0508008;"SPRF-PR";"DEL01-PR";"UOP04-DEL01-PR"
742538;1662803;2025-12-29;"segunda-feira";"16:00:00";"PR";376;653,4;"TIJUCAS DO SUL";"Sim";"Condutor deixou de manter dist�ncia do ve�culo da frente";1;"Colis�o traseira";"Sem V�timas";"Pleno dia";"Decrescente";"C�u Claro";"Dupla";"Declive;Curva";"N�o";1325839;"Autom�vel";"VW/VIRTUS CL AC/VIRTUS CL AC";2023;"Condutor";"Ileso";53;"Feminino";1;0;0;0;-25,84269383;-49,0508008;"SPRF-PR";"DEL01-PR";"UOP04-DEL01-PR"
742538;1662802;2025-12-29;"segunda-feira";"16:00:00";"PR";376;653,4;"TIJUCAS DO SUL";"Sim";"Condutor deixou de manter dist�ncia do ve�culo da frente";1;"Colis�o traseira";"Sem V�timas";"Pleno dia";"Decrescente";"C�u Claro";"Dupla";"Declive;Curva";"N�o";1325839;"Autom�vel";"VW/VIRTUS CL AC/VIRTUS CL AC";2023;"Passageiro";"Ileso";32;"Masculino";1;0;0;0;-25,84269383;-49,0508008;"SPRF-PR";"DEL01-PR";"UOP04-DEL01-PR"
742538;1662804;2025-12-29;"segunda-feira";"16:00:00";"PR";376;653,4;"TIJUCAS DO SUL";"Sim";"Condutor deixou de manter dist�ncia do ve�culo da frente";1;"Colis�o traseira";"Sem V�timas";"Pleno dia";"Decrescente";"C�u Claro";"Dupla";"Declive;Curva";"N�o";1325838;"Autom�vel";"VW/GOL 1.0 PLUS/GOL 1.0 PLUS";2001;"Condutor";"Ileso";32;"Masculino";1;0;0;0;-25,84269383;-49,0508008;"SPRF-PR";"DEL01-PR";"UOP04-DEL01-PR"
742538;1662801;2025-12-29;"segunda-feira";"16:00:00";"PR";376;653,4;"TIJUCAS DO SUL";"Sim";"Condutor deixou de manter dist�ncia do ve�culo da frente";1;"Colis�o traseira";"Sem V�timas";"Pleno dia";"Decrescente";"C�u Claro";"Dupla";"Declive;Curva";"N�o";1325838;"Autom�vel";"VW/GOL 1.0 PLUS/GOL 1.0 PLUS";2001;"Passageiro";"Ileso";2;"Masculino";1;0;0;0;-25,84269383;-49,0508008;"SPRF-PR";"DEL01-PR";"UOP04-DEL01-PR"
742538;1662800;2025-12-29;"segunda-feira";"16:00:00";"PR";376;653,4;"TIJUCAS DO SUL";"Sim";"Condutor deixou de manter dist�ncia do ve�culo da frente";1;"Colis�o traseira";"Sem V�timas";"Pleno dia";"Decrescente";"C�u Claro";"Dupla";"Declive;Curva";"N�o";1325838;"Autom�vel";"VW/GOL 1.0 PLUS/GOL 1.0 PLUS";2001;"Passageiro";"Ileso";8;"Feminino";1;0;0;0;-25,84269383;-49,0508008;"SPRF-PR";"DEL01-PR";"UOP04-DEL01-PR"
742538;1662799;2025-12-29;"segunda-feira";"16:00:00";"PR";376;653,4;"TIJUCAS DO SUL";"Sim";"Condutor deixou de manter dist�ncia do ve�culo da frente";1;"Colis�o traseira";"Sem V�timas";"Pleno dia";"Decrescente";"C�u Claro";"Dupla";"Declive;Curva";"N�o";1325838;"Autom�vel";"VW/GOL 1.0 PLUS/GOL 1.0 PLUS";2001;"Passageiro";"Ileso";20;"Feminino";1;0;0;0;-25,84269383;-49,0508008;"SPRF-PR";"DEL01-PR";"UOP04-DEL01-PR"
742538;1662798;2025-12-29;"segunda-feira";"16:00:00";"PR";376;653,4;"TIJUCAS DO SUL";"Sim";"Condutor deixou de manter dist�ncia do ve�culo da frente";1;"Colis�o traseira";"Sem V�timas";"Pleno dia";"Decrescente";"C�u Claro";"Dupla";"Declive;Curva";"N�o";1325838;"Autom�vel";"VW/GOL 1.0 PLUS/GOL 1.0 PLUS";2001;"Passageiro";"Ileso";35;"Feminino";1;0;0;0;-25,84269383;-49,0508008;"SPRF-PR";"DEL01-PR";"UOP04-DEL01-PR"
742539;1665132;2025-12-30;"ter�a-feira";"10:00:00";"MG";116;115,2;"ITAOBIM";"N�o";"Acessar a via sem observar a presen�a dos outros ve�culos";3;"Queda de ocupante de ve�culo";"Com V�timas Feridas";"Pleno dia";"Decrescente";"C�u Claro";"Simples";"Interse��o de Vias;Declive;Reta";"Sim";1327448;"Autom�vel";"VW/GOL 1.0/GOL 1.0";2004;"Condutor";"Ileso";73;"Masculino";1;0;0;0;-16,558633;-41,502512;"SPRF-MG";"DEL11-MG";"UOP02-DEL11-MG"
742539;1662819;2025-12-30;"ter�a-feira";"10:00:00";"MG";116;115,2;"ITAOBIM";"N�o";"Acessar a via sem observar a presen�a dos outros ve�culos";3;"Queda de ocupante de ve�culo";"Com V�timas Feridas";"Pleno dia";"Decrescente";"C�u Claro";"Simples";"Interse��o de Vias;Declive;Reta";"Sim";1325849;"Motocicleta";"HONDA/POP 110I/POP 110I";2023;"Condutor";"Les�es Leves";30;"Masculino";0;1;0;0;-16,558633;-41,502512;"SPRF-MG";"DEL11-MG";"UOP02-DEL11-MG"
742539;1665132;2025-12-30;"ter�a-feira";"10:00:00";"MG";116;115,2;"ITAOBIM";"N�o";"Acessar a via sem observar a presen�a dos outros ve�culos";2;"Tombamento";"Com V�timas Feridas";"Pleno dia";"Decrescente";"C�u Claro";"Simples";"Interse��o de Vias;Declive;Reta";"Sim";1327448;"Autom�vel";"VW/GOL 1.0/GOL 1.0";2004;"Condutor";"Ileso";73;"Masculino";1;0;0;0;-16,558633;-41,502512;"SPRF-MG";"DEL11-MG";"UOP02-DEL11-MG"
742539;1662819;2025-12-30;"ter�a-feira";"10:00:00";"MG";116;115,2;"ITAOBIM";"N�o";"Acessar a via sem observar a presen�a dos outros ve�culos";2;"Tombamento";"Com V�timas Feridas";"Pleno dia";"Decrescente";"C�u Claro";"Simples";"Interse��o de Vias;Declive;Reta";"Sim";1325849;"Motocicleta";"HONDA/POP 110I/POP 110I";2023;"Condutor";"Les�es Leves";30;"Masculino";0;1;0;0;-16,558633;-41,502512;"SPRF-MG";"DEL11-MG";"UOP02-DEL11-MG"
742539;1665132;2025-12-30;"ter�a-feira";"10:00:00";"MG";116;115,2;"ITAOBIM";"N�o";"Acessar a via sem observar a presen�a dos outros ve�culos";1;"Colis�o transversal";"Com V�timas Feridas";"Pleno dia";"Decrescente";"C�u Claro";"Simples";"Interse��o de Vias;Declive;Reta";"Sim";1327448;"Autom�vel";"VW/GOL 1.0/GOL 1.0";2004;"Condutor";"Ileso";73;"Masculino";1;0;0;0;-16,558633;-41,502512;"SPRF-MG";"DEL11-MG";"UOP02-DEL11-MG"
742539;1662819;2025-12-30;"ter�a-feira";"10:00:00";"MG";116;115,2;"ITAOBIM";"N�o";"Acessar a via sem observar a presen�a dos outros ve�culos";1;"Colis�o transversal";"Com V�timas Feridas";"Pleno dia";"Decrescente";"C�u Claro";"Simples";"Interse��o de Vias;Declive;Reta";"Sim";1325849;"Motocicleta";"HONDA/POP 110I/POP 110I";2023;"Condutor";"Les�es Leves";30;"Masculino";0;1;0;0;-16,558633;-41,502512;"SPRF-MG";"DEL11-MG";"UOP02-DEL11-MG"
742539;1665132;2025-12-30;"ter�a-feira";"10:00:00";"MG";116;115,2;"ITAOBIM";"N�o";"Rea��o tardia ou ineficiente do condutor";3;"Queda de ocupante de ve�culo";"Com V�timas Feridas";"Pleno dia";"Decrescente";"C�u Claro";"Simples";"Interse��o de Vias;Declive;Reta";"Sim";1327448;"Autom�vel";"VW/GOL 1.0/GOL 1.0";2004;"Condutor";"Ileso";73;"Masculino";1;0;0;0;-16,558633;-41,502512;"SPRF-MG";"DEL11-MG";"UOP02-DEL11-MG"
742539;1662819;2025-12-30;"ter�a-feira";"10:00:00";"MG";116;115,2;"ITAOBIM";"N�o";"Rea��o tardia ou ineficiente do condutor";3;"Queda de ocupante de ve�culo";"Com V�timas Feridas";"Pleno dia";"Decrescente";"C�u Claro";"Simples";"Interse��o de Vias;Declive;Reta";"Sim";1325849;"Motocicleta";"HONDA/POP 110I/POP 110I";2023;"Condutor";"Les�es Leves";30;"Masculino";0;1;0;0;-16,558633;-41,502512;"SPRF-MG";"DEL11-MG";"UOP02-DEL11-MG"
742539;1665132;2025-12-30;"ter�a-feira";"10:00:00";"MG";116;115,2;"ITAOBIM";"N�o";"Rea��o tardia ou ineficiente do condutor";2;"Tombamento";"Com V�timas Feridas";"Pleno dia";"Decrescente";"C�u Claro";"Simples";"Interse��o de Vias;Declive;Reta";"Sim";1327448;"Autom�vel";"VW/GOL 1.0/GOL 1.0";2004;"Condutor";"Ileso";73;"Masculino";1;0;0;0;-16,558633;-41,502512;"SPRF-MG";"DEL11-MG";"UOP02-DEL11-MG"
742539;1662819;2025-12-30;"ter�a-feira";"10:00:00";"MG";116;115,2;"ITAOBIM";"N�o";"Rea��o tardia ou ineficiente do condutor";2;"Tombamento";"Com V�timas Feridas";"Pleno dia";"Decrescente";"C�u Claro";"Simples";"Interse��o de Vias;Declive;Reta";"Sim";1325849;"Motocicleta";"HONDA/POP 110I/POP 110I";2023;"Condutor";"Les�es Leves";30;"Masculino";0;1;0;0;-16,558633;-41,502512;"SPRF-MG";"DEL11-MG";"UOP02-DEL11-MG"
742539;1665132;2025-12-30;"ter�a-feira";"10:00:00";"MG";116;115,2;"ITAOBIM";"N�o";"Rea��o tardia ou ineficiente do condutor";1;"Colis�o transversal";"Com V�timas Feridas";"Pleno dia";"Decrescente";"C�u Claro";"Simples";"Interse��o de Vias;Declive;Reta";"Sim";1327448;"Autom�vel";"VW/GOL 1.0/GOL 1.0";2004;"Condutor";"Ileso";73;"Masculino";1;0;0;0;-16,558633;-41,502512;"SPRF-MG";"DEL11-MG";"UOP02-DEL11-MG"