"id";"pesid";"data_inversa";"dia_semana";"horario";"uf";"br";"km";"municipio";"causa_principal";"causa_acidente";"ordem_tipo_acidente";"tipo_acidente";"classificacao_acidente";"fase_dia";"sentido_via";"condicao_metereologica";"tipo_pista";"tracado_via";"uso_solo";"id_veiculo";"tipo_veiculo";"marca";"ano_fabricacao_veiculo";"tipo_envolvido";"estado_fisico";"idade";"sexo";"ilesos";"feridos_leves";"feridos_graves";"mortos";"latitude";"longitude";"regional";"delegacia";"uop"
742539;1662819;2025-12-30;"ter�a-feira";"10:00:00";"MG";116;115,2;"ITAOBIM";"N�o";"Rea��o tardia ou ineficiente do condutor";1;"Colis�o transversal";"Com V�timas Feridas";"Pleno dia";"Decrescente";"C�u Claro";"Simples";"Interse��o de Vias;Declive;Reta";"Sim";1325849;"Motocicleta";"HONDA/POP 110I/POP 110I";2023;"Condutor";"Les�es Leves";30;"Masculino";0;1;0;0;-16,558633;-41,502512;"SPRF-MG";"DEL11-MG";"UOP02-DEL11-MG"
742539;1665132;2025-12-30;"ter�a-feira";"10:00:00";"MG";116;115,2;"ITAOBIM";"Sim";"Convers�o proibida";3;"Queda de ocupante de ve�culo";"Com V�timas Feridas";"Pleno dia";"Decrescente";"C�u Claro";"Simples";"Interse��o de Vias;Declive;Reta";"Sim";1327448;"Autom�vel";"VW/GOL 1.0/GOL 1.0";2004;"Condutor";"Ileso";73;"Masculino";1;0;0;0;-16,558633;-41,502512;"SPRF-MG";"DEL11-MG";"UOP02-DEL11-MG"
742539;1662819;2025-12-30;"ter�a-feira";"10:00:00";"MG";116;115,2;"ITAOBIM";"Sim";"Convers�o proibida";3;"Queda de ocupante de ve�culo";"Com V�timas Feridas";"Pleno dia";"Decrescente";"C�u Claro";"Simples";"Interse��o de Vias;Declive;Reta";"Sim";1325849;"Motocicleta";"HONDA/POP 110I/POP 110I";2023;"Condutor";"Les�es Leves";30;"Masculino";0;1;0;0;-16,558633;-41,502512;"SPRF-MG";"DEL11-MG";"UOP02-DEL11-MG"
742539;1665132;2025-12-30;"ter�a-feira";"10:00:00";"MG";116;115,2;"ITAOBIM";"Sim";"Convers�o proibida";2;"Tombamento";"Com V�timas Feridas";"Pleno dia";"Decrescente";"C�u Claro";"Simples";"Interse��o de Vias;Declive;Reta";"Sim";1327448;"Autom�vel";"VW/GOL 1.0/GOL 1.0";2004;"Condutor";"Ileso";73;"Masculino";1;0;0;0;-16,558633;-41,502512;"SPRF-MG";"DEL11-MG";"UOP02-DEL11-MG"
742539;1662819;2025-12-30;"ter�a-feira";"10:00:00";"MG";116;115,2;"ITAOBIM";"Sim";"Convers�o proibida";2;"Tombamento";"Com V�timas Feridas";"Pleno dia";"Decrescente";"C�u Claro";"Simples";"Interse��o de Vias;Declive;Reta";"Sim";1325849;"Motocicleta";"HONDA/POP 110I/POP 110I";2023;"Condutor";"Les�es Leves";30;"Masculino";0;1;0;0;-16,558633;-41,502512;"SPRF-MG";"DEL11-MG";"UOP02-DEL11-MG"
742539;1665132;2025-12-30;"ter�a-feira";"10:00:00";"MG";116;115,2;"ITAOBIM";"Sim";"Convers�o proibida";1;"Colis�o transversal";"Com V�timas Feridas";"Pleno dia";"Decrescente";"C�u Claro";"Simples";"Interse��o de Vias;Declive;Reta";"Sim";1327448;"Autom�vel";"VW/GOL 1.0/GOL 1.0";2004;"Condutor";"Ileso";73;"Masculino";1;0;0;0;-16,558633;-41,502512;"SPRF-MG";"DEL11-MG";"UOP02-DEL11-MG"
742539;1662819;2025-12-30;"ter�a-feira";"10:00:00";"MG";116;115,2;"ITAOBIM";"Sim";"Convers�o proibida";1;"Colis�o transversal";"Com V�timas Feridas";"Pleno dia";"Decrescente";"C�u Claro";"Simples";"Interse��o de Vias;Declive;Reta";"Sim";1325849;"Motocicleta";"HONDA/POP 110I/POP 110I";2023;"Condutor";"Les�es Leves";30;"Masculino";0;1;0;0;-16,558633;-41,502512;"SPRF-MG";"DEL11-MG";"UOP02-DEL11-MG"
742540;1662890;2025-12-30;"ter�a-feira";"10:25:00";"RJ";101;503,5;"ANGRA DOS REIS";"Sim";"Acessar a via sem observar a presen�a dos outros ve�culos";1;"Colis�o transversal";"Com V�timas Feridas";"Pleno dia";"Decrescente";"Sol";"Simples";"Reta";"N�o";1325898;"Autom�vel";"FIAT/UNO MILLE FIRE/UNO MILLE FIRE";2003;"Condutor";"Ileso";69;"Masculino";1;0;0;0;-22,93078;-44,38445;"SPRF-RJ";"DEL03-RJ";"UOP03-DEL03-RJ"
742540;1662888;2025-12-30;"ter�a-feira";"10:25:00";"RJ";101;503,5;"ANGRA DOS REIS";"Sim";"Acessar a via sem observar a presen�a dos outros ve�culos";1;"Colis�o transversal";"Com V�timas Feridas";"Pleno dia";"Decrescente";"Sol";"Simples";"Reta";"N�o";1325897;"Motocicleta";"HONDA/CG150 TITAN MIX ES/CG150 TITAN MIX ES";2009;"Condutor";"Les�es Leves";27;"Masculino";0;1;0;0;-22,93078;-44,38445;"SPRF-RJ";"DEL03-RJ";"UOP03-DEL03-RJ"
742541;1662851;2025-12-30;"ter�a-feira";"10:00:00";"PR";277;180;"PALMEIRA";"Sim";"Rea��o tardia ou ineficiente do condutor";1;"Colis�o lateral mesmo sentido";"Sem V�timas";"Pleno dia";"Decrescente";"C�u Claro";"Simples";"Reta;Declive";"N�o";1325860;"Caminhonete";"FIAT/TORO FREED TURB AT6/TORO FREED TURB AT6";2023;"Condutor";"Ileso";73;"Masculino";1;0;0;0;-25,42920666;-50,03177827;"SPRF-PR";"DEL08-PR";"UOP02-DEL08-PR"
742542;1664952;2025-12-30;"ter�a-feira";"10:30:00";"BA";324;554;"AMELIA RODRIGUES";"Sim";"Aus�ncia de rea��o do condutor";1;"Colis�o traseira";"Com V�timas Feridas";"Pleno dia";"Crescente";"Sol";"Dupla";"Reta;Aclive";"N�o";1327311;"Motocicleta";"HONDA/CB300F TWISTER ABS/CB300F TWISTER ABS";2025;"Condutor";"Les�es Leves";23;"Masculino";0;1;0;0;-12,4682661;-38,6862081;"SPRF-BA";"DEL01-BA";"UOP03-DEL01-BA"
742542;1662827;2025-12-30;"ter�a-feira";"10:30:00";"BA";324;554;"AMELIA RODRIGUES";"Sim";"Aus�ncia de rea��o do condutor";1;"Colis�o traseira";"Com V�timas Feridas";"Pleno dia";"Crescente";"Sol";"Dupla";"Reta;Aclive";"N�o";1325852;"Autom�vel";"FIAT/UNO WAY 1.4/UNO WAY 1.4";2011;"Condutor";"Ileso";28;"Masculino";1;0;0;0;-12,4682661;-38,6862081;"SPRF-BA";"DEL01-BA";"UOP03-DEL01-BA"
742543;1662936;2025-12-30;"ter�a-feira";"10:30:00";"MS";163;25,9;"MUNDO NOVO";"N�o";"Rea��o tardia ou ineficiente do condutor";1;"Colis�o transversal";"Com V�timas Feridas";"Pleno dia";"Crescente";"C�u Claro";"Simples";"Reta";"N�o";1325917;"Autom�vel";"VW/GOL 1.0L MC4/GOL 1.0L MC4";2019;"Passageiro";"Ileso";75;"Feminino";1;0;0;0;-23,88330671;-54,31777954;"SPRF-MS";"DEL09-MS";"UOP02-DEL09-MS"
742543;1662935;2025-12-30;"ter�a-feira";"10:30:00";"MS";163;25,9;"MUNDO NOVO";"N�o";"Rea��o tardia ou ineficiente do condutor";1;"Colis�o transversal";"Com V�timas Feridas";"Pleno dia";"Crescente";"C�u Claro";"Simples";"Reta";"N�o";1325917;"Autom�vel";"VW/GOL 1.0L MC4/GOL 1.0L MC4";2019;"Condutor";"Ileso";53;"Feminino";1;0;0;0;-23,88330671;-54,31777954;"SPRF-MS";"DEL09-MS";"UOP02-DEL09-MS"
742543;1662934;2025-12-30;"ter�a-feira";"10:30:00";"MS";163;25,9;"MUNDO NOVO";"N�o";"Rea��o tardia ou ineficiente do condutor";1;"Colis�o transversal";"Com V�timas Feridas";"Pleno dia";"Crescente";"C�u Claro";"Simples";"Reta";"N�o";1325916;"Autom�vel";"HYUNDAI/HB20S 1.6A COMF/HB20S 1.6A COMF";2018;"Passageiro";"Les�es Leves";63;"Feminino";0;1;0;0;-23,88330671;-54,31777954;"SPRF-MS";"DEL09-MS";"UOP02-DEL09-MS"
742543;1662932;2025-12-30;"ter�a-feira";"10:30:00";"MS";163;25,9;"MUNDO NOVO";"N�o";"Rea��o tardia ou ineficiente do condutor";1;"Colis�o transversal";"Com V�timas Feridas";"Pleno dia";"Crescente";"C�u Claro";"Simples";"Reta";"N�o";1325916;"Autom�vel";"HYUNDAI/HB20S 1.6A COMF/HB20S 1.6A COMF";2018;"Condutor";"Ileso";62;"Masculino";1;0;0;0;-23,88330671;-54,31777954;"SPRF-MS";"DEL09-MS";"UOP02-DEL09-MS"
742543;1662936;2025-12-30;"ter�a-feira";"10:30:00";"MS";163;25,9;"MUNDO NOVO";"Sim";"Acessar a via sem observar a presen�a dos outros ve�culos";1;"Colis�o transversal";"Com V�timas Feridas";"Pleno dia";"Crescente";"C�u Claro";"Simples";"Reta";"N�o";1325917;"Autom�vel";"VW/GOL 1.0L MC4/GOL 1.0L MC4";2019;"Passageiro";"Ileso";75;"Feminino";1;0;0;0;-23,88330671;-54,31777954;"SPRF-MS";"DEL09-MS";"UOP02-DEL09-MS"
742543;1662935;2025-12-30;"ter�a-feira";"10:30:00";"MS";163;25,9;"MUNDO NOVO";"Sim";"Acessar a via sem observar a presen�a dos outros ve�culos";1;"Colis�o transversal";"Com V�timas Feridas";"Pleno dia";"Crescente";"C�u Claro";"Simples";"Reta";"N�o";1325917;"Autom�vel";"VW/GOL 1.0L MC4/GOL 1.0L MC4";2019;"Condutor";"Ileso";53;"Feminino";1;0;0;0;-23,88330671;-54,31777954;"SPRF-MS";"DEL09-MS";"UOP02-DEL09-MS"
742543;1662934;2025-12-30;"ter�a-feira";"10:30:00";"MS";163;25,9;"MUNDO NOVO";"Sim";"Acessar a via sem observar a presen�a dos outros ve�culos";1;"Colis�o transversal";"Com V�timas Feridas";"Pleno dia";"Crescente";"C�u Claro";"Simples";"Reta";"N�o";1325916;"Autom�vel";"HYUNDAI/HB20S 1.6A COMF/HB20S 1.6A COMF";2018;"Passageiro";"Les�es Leves";63;"Feminino";0;1;0;0;-23,88330671;-54,31777954;"SPRF-MS";"DEL09-MS";"UOP02-DEL09-MS"
742543;1662932;2025-12-30;"ter�a-feira";"10:30:00";"MS";163;25,9;"MUNDO NOVO";"Sim";"Acessar a via sem observar a presen�a dos outros ve�culos";1;"Colis�o transversal";"Com V�timas Feridas";"Pleno dia";"Crescente";"C�u Claro";"Simples";"Reta";"N�o";1325916;"Autom�vel";"HYUNDAI/HB20S 1.6A COMF/HB20S 1.6A COMF";2018;"Condutor";"Ileso";62;"Masculino";1;0;0;0;-23,88330671;-54,31777954;"SPRF-MS";"DEL09-MS";"UOP02-DEL09-MS"
742544;1662837;2025-12-30;"ter�a-feira";"08:45:00";"RO";364;98;"PIMENTA BUENO";"N�o";"Chuva";3;"Tombamento";"Com V�timas Feridas";"Pleno dia";"Crescente";"Chuva";"Simples";"Reta;Aclive";"N�o";1325856;"Motocicleta";"HONDA/NXR160 BROS ESDD/NXR160 BROS ESDD";2023;"Condutor";"Les�es Leves";66;"Masculino";0;1;0;0;-12,2360606;-60,6813179;"SPRF-RO";"DEL04-RO";"UOP01-DEL04-RO"
742544;1662841;2025-12-30;"ter�a-feira";"08:45:00";"RO";364;98;"PIMENTA BUENO";"N�o";"Chuva";3;"Tombamento";"Com V�timas Feridas";"Pleno dia";"Crescente";"Chuva";"Simples";"Reta;Aclive";"N�o";1325853;"Autom�vel";"I/VW SPACEFOX COMFORT/VW SPACEFOX COMFORT";2006;"Passageiro";"Ileso";50;"Masculino";1;0;0;0;-12,2360606;-60,6813179;"SPRF-RO";"DEL04-RO";"UOP01-DEL04-RO"
742544;1662840;2025-12-30;"ter�a-feira";"08:45:00";"RO";364;98;"PIMENTA BUENO";"N�o";"Chuva";3;"Tombamento";"Com V�timas Feridas";"Pleno dia";"Crescente";"Chuva";"Simples";"Reta;Aclive";"N�o";1325853;"Autom�vel";"I/VW SPACEFOX COMFORT/VW SPACEFOX COMFORT";2006;"Passageiro";"Ileso";16;"Masculino";1;0;0;0;-12,2360606;-60,6813179;"SPRF-RO";"DEL04-RO";"UOP01-DEL04-RO"
742544;1662839;2025-12-30;"ter�a-feira";"08:45:00";"RO";364;98;"PIMENTA BUENO";"N�o";"Chuva";3;"Tombamento";"Com V�timas Feridas";"Pleno dia";"Crescente";"Chuva";"Simples";"Reta;Aclive";"N�o";1325853;"Autom�vel";"I/VW SPACEFOX COMFORT/VW SPACEFOX COMFORT";2006;"Passageiro";"Ileso";12;"Masculino";1;0;0;0;-12,2360606;-60,6813179;"SPRF-RO";"DEL04-RO";"UOP01-DEL04-RO"
742544;1662838;2025-12-30;"ter�a-feira";"08:45:00";"RO";364;98;"PIMENTA BUENO";"N�o";"Chuva";3;"Tombamento";"Com V�timas Feridas";"Pleno dia";"Crescente";"Chuva";"Simples";"Reta;Aclive";"N�o";1325853;"Autom�vel";"I/VW SPACEFOX COMFORT/VW SPACEFOX COMFORT";2006;"Passageiro";"Ileso";23;"Masculino";1;0;0;0;-12,2360606;-60,6813179;"SPRF-RO";"DEL04-RO";"UOP01-DEL04-RO"
742544;1662836;2025-12-30;"ter�a-feira";"08:45:00";"RO";364;98;"PIMENTA BUENO";"N�o";"Chuva";3;"Tombamento";"Com V�timas Feridas";"Pleno dia";"Crescente";"Chuva";"Simples";"Reta;Aclive";"N�o";1325853;"Autom�vel";"I/VW SPACEFOX COMFORT/VW SPACEFOX COMFORT";2006;"Condutor";"Ileso";50;"Feminino";1;0;0;0;-12,2360606;-60,6813179;"SPRF-RO";"DEL04-RO";"UOP01-DEL04-RO"
742544;1662837;2025-12-30;"ter�a-feira";"08:45:00";"RO";364;98;"PIMENTA BUENO";"N�o";"Chuva";2;"Queda de ocupante de ve�culo";"Com V�timas Feridas";"Pleno dia";"Crescente";"Chuva";"Simples";"Reta;Aclive";"N�o";1325856;"Motocicleta";"HONDA/NXR160 BROS ESDD/NXR160 BROS ESDD";2023;"Condutor";"Les�es Leves";66;"Masculino";0;1;0;0;-12,2360606;-60,6813179;"SPRF-RO";"DEL04-RO";"UOP01-DEL04-RO"
742544;1662841;2025-12-30;"ter�a-feira";"08:45:00";"RO";364;98;"PIMENTA BUENO";"N�o";"Chuva";2;"Queda de ocupante de ve�culo";"Com V�timas Feridas";"Pleno dia";"Crescente";"Chuva";"Simples";"Reta;Aclive";"N�o";1325853;"Autom�vel";"I/VW SPACEFOX COMFORT/VW SPACEFOX COMFORT";2006;"Passageiro";"Ileso";50;"Masculino";1;0;0;0;-12,2360606;-60,6813179;"SPRF-RO";"DEL04-RO";"UOP01-DEL04-RO"
742544;1662840;2025-12-30;"ter�a-feira";"08:45:00";"RO";364;98;"PIMENTA BUENO";"N�o";"Chuva";2;"Queda de ocupante de ve�culo";"Com V�timas Feridas";"Pleno dia";"Crescente";"Chuva";"Simples";"Reta;Aclive";"N�o";1325853;"Autom�vel";"I/VW SPACEFOX COMFORT/VW SPACEFOX COMFORT";2006;"Passageiro";"Ileso";16;"Masculino";1;0;0;0;-12,2360606;-60,6813179;"SPRF-RO";"DEL04-RO";"UOP01-DEL04-RO"
742544;1662839;2025-12-30;"ter�a-feira";"08:45:00";"RO";364;98;"PIMENTA BUENO";"N�o";"Chuva";2;"Queda de ocupante de ve�culo";"Com V�timas Feridas";"Pleno dia";"Crescente";"Chuva";"Simples";"Reta;Aclive";"N�o";1325853;"Autom�vel";"I/VW SPACEFOX COMFORT/VW SPACEFOX COMFORT";2006;"Passageiro";"Ileso";12;"Masculino";1;0;0;0;-12,2360606;-60,6813179;"SPRF-RO";"DEL04-RO";"UOP01-DEL04-RO"
742544;1662838;2025-12-30;"ter�a-feira";"08:45:00";"RO";364;98;"PIMENTA BUENO";"N�o";"Chuva";2;"Queda de ocupante de ve�culo";"Com V�timas Feridas";"Pleno dia";"Crescente";"Chuva";"Simples";"Reta;Aclive";"N�o";1325853;"Autom�vel";"I/VW SPACEFOX COMFORT/VW SPACEFOX COMFORT";2006;"Passageiro";"Ileso";23;"Masculino";1;0;0;0;-12,2360606;-60,6813179;"SPRF-RO";"DEL04-RO";"UOP01-DEL04-RO"
742544;1662836;2025-12-30;"ter�a-feira";"08:45:00";"RO";364;98;"PIMENTA BUENO";"N�o";"Chuva";2;"Queda de ocupante de ve�culo";"Com V�timas Feridas";"Pleno dia";"Crescente";"Chuva";"Simples";"Reta;Aclive";"N�o";1325853;"Autom�vel";"I/VW SPACEFOX COMFORT/VW SPACEFOX COMFORT";2006;"Condutor";"Ileso";50;"Feminino";1;0;0;0;-12,2360606;-60,6813179;"SPRF-RO";"DEL04-RO";"UOP01-DEL04-RO"
742544;1662837;2025-12-30;"ter�a-feira";"08:45:00";"RO";364;98;"PIMENTA BUENO";"N�o";"Chuva";1;"Colis�o frontal";"Com V�timas Feridas";"Pleno dia";"Crescente";"Chuva";"Simples";"Reta;Aclive";"N�o";1325856;"Motocicleta";"HONDA/NXR160 BROS ESDD/NXR160 BROS ESDD";2023;"Condutor";"Les�es Leves";66;"Masculino";0;1;0;0;-12,2360606;-60,6813179;"SPRF-RO";"DEL04-RO";"UOP01-DEL04-RO"
742544;1662841;2025-12-30;"ter�a-feira";"08:45:00";"RO";364;98;"PIMENTA BUENO";"N�o";"Chuva";1;"Colis�o frontal";"Com V�timas Feridas";"Pleno dia";"Crescente";"Chuva";"Simples";"Reta;Aclive";"N�o";1325853;"Autom�vel";"I/VW SPACEFOX COMFORT/VW SPACEFOX COMFORT";2006;"Passageiro";"Ileso";50;"Masculino";1;0;0;0;-12,2360606;-60,6813179;"SPRF-RO";"DEL04-RO";"UOP01-DEL04-RO"
742544;1662840;2025-12-30;"ter�a-feira";"08:45:00";"RO";364;98;"PIMENTA BUENO";"N�o";"Chuva";1;"Colis�o frontal";"Com V�timas Feridas";"Pleno dia";"Crescente";"Chuva";"Simples";"Reta;Aclive";"N�o";1325853;"Autom�vel";"I/VW SPACEFOX COMFORT/VW SPACEFOX COMFORT";2006;"Passageiro";"Ileso";16;"Masculino";1;0;0;0;-12,2360606;-60,6813179;"SPRF-RO";"DEL04-RO";"UOP01-DEL04-RO"
742544;1662839;2025-12-30;"ter�a-feira";"08:45:00";"RO";364;98;"PIMENTA BUENO";"N�o";"Chuva";1;"Colis�o frontal";"Com V�timas Feridas";"Pleno dia";"Crescente";"Chuva";"Simples";"Reta;Aclive";"N�o";1325853;"Autom�vel";"I/VW SPACEFOX COMFORT/VW SPACEFOX COMFORT";2006;"Passageiro";"Ileso";12;"Masculino";1;0;0;0;-12,2360606;-60,6813179;"SPRF-RO";"DEL04-RO";"UOP01-DEL04-RO"
742544;1662838;2025-12-30;"ter�a-feira";"08:45:00";"RO";364;98;"PIMENTA BUENO";"N�o";"Chuva";1;"Colis�o frontal";"Com V�timas Feridas";"Pleno dia";"Crescente";"Chuva";"Simples";"Reta;Aclive";"N�o";1325853;"Autom�vel";"I/VW SPACEFOX COMFORT/VW SPACEFOX COMFORT";2006;"Passageiro";"Ileso";23;"Masculino";1;0;0;0;-12,2360606;-60,6813179;"SPRF-RO";"DEL04-RO";"UOP01-DEL04-RO"
742544;1662836;2025-12-30;"ter�a-feira";"08:45:00";"RO";364;98;"PIMENTA BUENO";"N�o";"Chuva";1;"Colis�o frontal";"Com V�timas Feridas";"Pleno dia";"Crescente";"Chuva";"Simples";"Reta;Aclive";"N�o";1325853;"Autom�vel";"I/VW SPACEFOX COMFORT/VW SPACEFOX COMFORT";2006;"Condutor";"Ileso";50;"Feminino";1;0;0;0;-12,2360606;-60,6813179;"SPRF-RO";"DEL04-RO";"UOP01-DEL04-RO"
742544;1662837;2025-12-30;"ter�a-feira";"08:45:00";"RO";364;98;"PIMENTA BUENO";"N�o";"Acumulo de �gua sobre o pavimento";3;"Tombamento";"Com V�timas Feridas";"Pleno dia";"Crescente";"Chuva";"Simples";"Reta;Aclive";"N�o";1325856;"Motocicleta";"HONDA/NXR160 BROS ESDD/NXR160 BROS ESDD";2023;"Condutor";"Les�es Leves";66;"Masculino";0;1;0;0;-12,2360606;-60,6813179;"SPRF-RO";"DEL04-RO";"UOP01-DEL04-RO"
742544;1662841;2025-12-30;"ter�a-feira";"08:45:00";"RO";364;98;"PIMENTA BUENO";"N�o";"Acumulo de �gua sobre o pavimento";3;"Tombamento";"Com V�timas Feridas";"Pleno dia";"Crescente";"Chuva";"Simples";"Reta;Aclive";"N�o";1325853;"Autom�vel";"I/VW SPACEFOX COMFORT/VW SPACEFOX COMFORT";2006;"Passageiro";"Ileso";50;"Masculino";1;0;0;0;-12,2360606;-60,6813179;"SPRF-RO";"DEL04-RO";"UOP01-DEL04-RO"
742544;1662840;2025-12-30;"ter�a-feira";"08:45:00";"RO";364;98;"PIMENTA BUENO";"N�o";"Acumulo de �gua sobre o pavimento";3;"Tombamento";"Com V�timas Feridas";"Pleno dia";"Crescente";"Chuva";"Simples";"Reta;Aclive";"N�o";1325853;"Autom�vel";"I/VW SPACEFOX COMFORT/VW SPACEFOX COMFORT";2006;"Passageiro";"Ileso";16;"Masculino";1;0;0;0;-12,2360606;-60,6813179;"SPRF-RO";"DEL04-RO";"UOP01-DEL04-RO"
742544;1662839;2025-12-30;"ter�a-feira";"08:45:00";"RO";364;98;"PIMENTA BUENO";"N�o";"Acumulo de �gua sobre o pavimento";3;"Tombamento";"Com V�timas Feridas";"Pleno dia";"Crescente";"Chuva";"Simples";"Reta;Aclive";"N�o";1325853;"Autom�vel";"I/VW SPACEFOX COMFORT/VW SPACEFOX COMFORT";2006;"Passageiro";"Ileso";12;"Masculino";1;0;0;0;-12,2360606;-60,6813179;"SPRF-RO";"DEL04-RO";"UOP01-DEL04-RO"
742544;1662838;2025-12-30;"ter�a-feira";"08:45:00";"RO";364;98;"PIMENTA BUENO";"N�o";"Acumulo de �gua sobre o pavimento";3;"Tombamento";"Com V�timas Feridas";"Pleno dia";"Crescente";"Chuva";"Simples";"Reta;Aclive";"N�o";1325853;"Autom�vel";"I/VW SPACEFOX COMFORT/VW SPACEFOX COMFORT";2006;"Passageiro";"Ileso";23;"Masculino";1;0;0;0;-12,2360606;-60,6813179;"SPRF-RO";"DEL04-RO";"UOP01-DEL04-RO"
742544;1662836;2025-12-30;"ter�a-feira";"08:45:00";"RO";364;98;"PIMENTA BUENO";"N�o";"Acumulo de �gua sobre o pavimento";3;"Tombamento";"Com V�timas Feridas";"Pleno dia";"Crescente";"Chuva";"Simples";"Reta;Aclive";"N�o";1325853;"Autom�vel";"I/VW SPACEFOX COMFORT/VW SPACEFOX COMFORT";2006;"Condutor";"Ileso";50;"Feminino";1;0;0;0;-12,2360606;-60,6813179;"SPRF-RO";"DEL04-RO";"UOP01-DEL04-RO"
742544;1662837;2025-12-30;"ter�a-feira";"08:45:00";"RO";364;98;"PIMENTA BUENO";"N�o";"Acumulo de �gua sobre o pavimento";2;"Queda de ocupante de ve�culo";"Com V�timas Feridas";"Pleno dia";"Crescente";"Chuva";"Simples";"Reta;Aclive";"N�o";1325856;"Motocicleta";"HONDA/NXR160 BROS ESDD/NXR160 BROS ESDD";2023;"Condutor";"Les�es Leves";66;"Masculino";0;1;0;0;-12,2360606;-60,6813179;"SPRF-RO";"DEL04-RO";"UOP01-DEL04-RO"
742544;1662841;2025-12-30;"ter�a-feira";"08:45:00";"RO";364;98;"PIMENTA BUENO";"N�o";"Acumulo de �gua sobre o pavimento";2;"Queda de ocupante de ve�culo";"Com V�timas Feridas";"Pleno dia";"Crescente";"Chuva";"Simples";"Reta;Aclive";"N�o";1325853;"Autom�vel";"I/VW SPACEFOX COMFORT/VW SPACEFOX COMFORT";2006;"Passageiro";"Ileso";50;"Masculino";1;0;0;0;-12,2360606;-60,6813179;"SPRF-RO";"DEL04-RO";"UOP01-DEL04-RO"
742544;1662840;2025-12-30;"ter�a-feira";"08:45:00";"RO";364;98;"PIMENTA BUENO";"N�o";"Acumulo de �gua sobre o pavimento";2;"Queda de ocupante de ve�culo";"Com V�timas Feridas";"Pleno dia";"Crescente";"Chuva";"Simples";"Reta;Aclive";"N�o";1325853;"Autom�vel";"I/VW SPACEFOX COMFORT/VW SPACEFOX COMFORT";2006;"Passageiro";"Ileso";16;"Masculino";1;0;0;0;-12,2360606;-60,6813179;"SPRF-RO";"DEL04-RO";"UOP01-DEL04-RO"
742544;1662839;2025-12-30;"ter�a-feira";"08:45:00";"RO";364;98;"PIMENTA BUENO";"N�o";"Acumulo de �gua sobre o pavimento";2;"Queda de ocupante de ve�culo";"Com V�timas Feridas";"Pleno dia";"Crescente";"Chuva";"Simples";"Reta;Aclive";"N�o";1325853;"Autom�vel";"I/VW SPACEFOX COMFORT/VW SPACEFOX COMFORT";2006;"Passageiro";"Ileso";12;"Masculino";1;0;0;0;-12,2360606;-60,6813179;"SPRF-RO";"DEL04-RO";"UOP01-DEL04-RO"
742544;1662838;2025-12-30;"ter�a-feira";"08:45:00";"RO";364;98;"PIMENTA BUENO";"N�o";"Acumulo de �gua sobre o pavimento";2;"Queda de ocupante de ve�culo";"Com V�timas Feridas";"Pleno dia";"Crescente";"Chuva";"Simples";"Reta;Aclive";"N�o";1325853;"Autom�vel";"I/VW SPACEFOX COMFORT/VW SPACEFOX COMFORT";2006;"Passageiro";"Ileso";23;"Masculino";1;0;0;0;-12,2360606;-60,6813179;"SPRF-RO";"DEL04-RO";"UOP01-DEL04-RO"
742544;1662836;2025-12-30;"ter�a-feira";"08:45:00";"RO";364;98;"PIMENTA BUENO";"N�o";"Acumulo de �gua sobre o pavimento";2;"Queda de ocupante de ve�culo";"Com V�timas Feridas";"Pleno dia";"Crescente";"Chuva";"Simples";"Reta;Aclive";"N�o";1325853;"Autom�vel";"I/VW SPACEFOX COMFORT/VW SPACEFOX COMFORT";2006;"Condutor";"Ileso";50;"Feminino";1;0;0;0;-12,2360606;-60,6813179;"SPRF-RO";"DEL04-RO";"UOP01-DEL04-RO"
742544;1662837;2025-12-30;"ter�a-feira";"08:45:00";"RO";364;98;"PIMENTA BUENO";"N�o";"Acumulo de �gua sobre o pavimento";1;"Colis�o frontal";"Com V�timas Feridas";"Pleno dia";"Crescente";"Chuva";"Simples";"Reta;Aclive";"N�o";1325856;"Motocicleta";"HONDA/NXR160 BROS ESDD/NXR160 BROS ESDD";2023;"Condutor";"Les�es Leves";66;"Masculino";0;1;0;0;-12,2360606;-60,6813179;"SPRF-RO";"DEL04-RO";"UOP01-DEL04-RO"
742544;1662841;2025-12-30;"ter�a-feira";"08:45:00";"RO";364;98;"PIMENTA BUENO";"N�o";"Acumulo de �gua sobre o pavimento";1;"Colis�o frontal";"Com V�timas Feridas";"Pleno dia";"Crescente";"Chuva";"Simples";"Reta;Aclive";"N�o";1325853;"Autom�vel";"I/VW SPACEFOX COMFORT/VW SPACEFOX COMFORT";2006;"Passageiro";"Ileso";50;"Masculino";1;0;0;0;-12,2360606;-60,6813179;"SPRF-RO";"DEL04-RO";"UOP01-DEL04-RO"
742544;1662840;2025-12-30;"ter�a-feira";"08:45:00";"RO";364;98;"PIMENTA BUENO";"N�o";"Acumulo de �gua sobre o pavimento";1;"Colis�o frontal";"Com V�timas Feridas";"Pleno dia";"Crescente";"Chuva";"Simples";"Reta;Aclive";"N�o";1325853;"Autom�vel";"I/VW SPACEFOX COMFORT/VW SPACEFOX COMFORT";2006;"Passageiro";"Ileso";16;"Masculino";1;0;0;0;-12,2360606;-60,6813179;"SPRF-RO";"DEL04-RO";"UOP01-DEL04-RO"
742544;1662839;2025-12-30;"ter�a-feira";"08:45:00";"RO";364;98;"PIMENTA BUENO";"N�o";"Acumulo de �gua sobre o pavimento";1;"Colis�o frontal";"Com V�timas Feridas";"Pleno dia";"Crescente";"Chuva";"Simples";"Reta;Aclive";"N�o";1325853;"Autom�vel";"I/VW SPACEFOX COMFORT/VW SPACEFOX COMFORT";2006;"Passageiro";"Ileso";12;"Masculino";1;0;0;0;-12,2360606;-60,6813179;"SPRF-RO";"DEL04-RO";"UOP01-DEL04-RO"