"id";"pesid";"data_inversa";"dia_semana";"horario";"uf";"br";"km";"municipio";"causa_principal";"causa_acidente";"ordem_tipo_acidente";"tipo_acidente";"classificacao_acidente";"fase_dia";"sentido_via";"condicao_metereologica";"tipo_pista";"tracado_via";"uso_solo";"id_veiculo";"tipo_veiculo";"marca";"ano_fabricacao_veiculo";"tipo_envolvido";"estado_fisico";"idade";"sexo";"ilesos";"feridos_leves";"feridos_graves";"mortos";"latitude";"longitude";"regional";"delegacia";"uop"
742544;1662838;2025-12-30;"ter�a-feira";"08:45:00";"RO";364;98;"PIMENTA BUENO";"N�o";"Acumulo de �gua sobre o pavimento";1;"Colis�o frontal";"Com V�timas Feridas";"Pleno dia";"Crescente";"Chuva";"Simples";"Reta;Aclive";"N�o";1325853;"Autom�vel";"I/VW SPACEFOX COMFORT/VW SPACEFOX COMFORT";2006;"Passageiro";"Ileso";23;"Masculino";1;0;0;0;-12,2360606;-60,6813179;"SPRF-RO";"DEL04-RO";"UOP01-DEL04-RO"
742544;1662836;2025-12-30;"ter�a-feira";"08:45:00";"RO";364;98;"PIMENTA BUENO";"N�o";"Acumulo de �gua sobre o pavimento";1;"Colis�o frontal";"Com V�timas Feridas";"Pleno dia";"Crescente";"Chuva";"Simples";"Reta;Aclive";"N�o";1325853;"Autom�vel";"I/VW SPACEFOX COMFORT/VW SPACEFOX COMFORT";2006;"Condutor";"Ileso";50;"Feminino";1;0;0;0;-12,2360606;-60,6813179;"SPRF-RO";"DEL04-RO";"UOP01-DEL04-RO"
742544;1662837;2025-12-30;"ter�a-feira";"08:45:00";"RO";364;98;"PIMENTA BUENO";"Sim";"Ultrapassagem Indevida";3;"Tombamento";"Com V�timas Feridas";"Pleno dia";"Crescente";"Chuva";"Simples";"Reta;Aclive";"N�o";1325856;"Motocicleta";"HONDA/NXR160 BROS ESDD/NXR160 BROS ESDD";2023;"Condutor";"Les�es Leves";66;"Masculino";0;1;0;0;-12,2360606;-60,6813179;"SPRF-RO";"DEL04-RO";"UOP01-DEL04-RO"
742544;1662841;2025-12-30;"ter�a-feira";"08:45:00";"RO";364;98;"PIMENTA BUENO";"Sim";"Ultrapassagem Indevida";3;"Tombamento";"Com V�timas Feridas";"Pleno dia";"Crescente";"Chuva";"Simples";"Reta;Aclive";"N�o";1325853;"Autom�vel";"I/VW SPACEFOX COMFORT/VW SPACEFOX COMFORT";2006;"Passageiro";"Ileso";50;"Masculino";1;0;0;0;-12,2360606;-60,6813179;"SPRF-RO";"DEL04-RO";"UOP01-DEL04-RO"
742544;1662840;2025-12-30;"ter�a-feira";"08:45:00";"RO";364;98;"PIMENTA BUENO";"Sim";"Ultrapassagem Indevida";3;"Tombamento";"Com V�timas Feridas";"Pleno dia";"Crescente";"Chuva";"Simples";"Reta;Aclive";"N�o";1325853;"Autom�vel";"I/VW SPACEFOX COMFORT/VW SPACEFOX COMFORT";2006;"Passageiro";"Ileso";16;"Masculino";1;0;0;0;-12,2360606;-60,6813179;"SPRF-RO";"DEL04-RO";"UOP01-DEL04-RO"
742544;1662839;2025-12-30;"ter�a-feira";"08:45:00";"RO";364;98;"PIMENTA BUENO";"Sim";"Ultrapassagem Indevida";3;"Tombamento";"Com V�timas Feridas";"Pleno dia";"Crescente";"Chuva";"Simples";"Reta;Aclive";"N�o";1325853;"Autom�vel";"I/VW SPACEFOX COMFORT/VW SPACEFOX COMFORT";2006;"Passageiro";"Ileso";12;"Masculino";1;0;0;0;-12,2360606;-60,6813179;"SPRF-RO";"DEL04-RO";"UOP01-DEL04-RO"
742544;1662838;2025-12-30;"ter�a-feira";"08:45:00";"RO";364;98;"PIMENTA BUENO";"Sim";"Ultrapassagem Indevida";3;"Tombamento";"Com V�timas Feridas";"Pleno dia";"Crescente";"Chuva";"Simples";"Reta;Aclive";"N�o";1325853;"Autom�vel";"I/VW SPACEFOX COMFORT/VW SPACEFOX COMFORT";2006;"Passageiro";"Ileso";23;"Masculino";1;0;0;0;-12,2360606;-60,6813179;"SPRF-RO";"DEL04-RO";"UOP01-DEL04-RO"
742544;1662836;2025-12-30;"ter�a-feira";"08:45:00";"RO";364;98;"PIMENTA BUENO";"Sim";"Ultrapassagem Indevida";3;"Tombamento";"Com V�timas Feridas";"Pleno dia";"Crescente";"Chuva";"Simples";"Reta;Aclive";"N�o";1325853;"Autom�vel";"I/VW SPACEFOX COMFORT/VW SPACEFOX COMFORT";2006;"Condutor";"Ileso";50;"Feminino";1;0;0;0;-12,2360606;-60,6813179;"SPRF-RO";"DEL04-RO";"UOP01-DEL04-RO"
742544;1662837;2025-12-30;"ter�a-feira";"08:45:00";"RO";364;98;"PIMENTA BUENO";"Sim";"Ultrapassagem Indevida";2;"Queda de ocupante de ve�culo";"Com V�timas Feridas";"Pleno dia";"Crescente";"Chuva";"Simples";"Reta;Aclive";"N�o";1325856;"Motocicleta";"HONDA/NXR160 BROS ESDD/NXR160 BROS ESDD";2023;"Condutor";"Les�es Leves";66;"Masculino";0;1;0;0;-12,2360606;-60,6813179;"SPRF-RO";"DEL04-RO";"UOP01-DEL04-RO"
742544;1662841;2025-12-30;"ter�a-feira";"08:45:00";"RO";364;98;"PIMENTA BUENO";"Sim";"Ultrapassagem Indevida";2;"Queda de ocupante de ve�culo";"Com V�timas Feridas";"Pleno dia";"Crescente";"Chuva";"Simples";"Reta;Aclive";"N�o";1325853;"Autom�vel";"I/VW SPACEFOX COMFORT/VW SPACEFOX COMFORT";2006;"Passageiro";"Ileso";50;"Masculino";1;0;0;0;-12,2360606;-60,6813179;"SPRF-RO";"DEL04-RO";"UOP01-DEL04-RO"
742544;1662840;2025-12-30;"ter�a-feira";"08:45:00";"RO";364;98;"PIMENTA BUENO";"Sim";"Ultrapassagem Indevida";2;"Queda de ocupante de ve�culo";"Com V�timas Feridas";"Pleno dia";"Crescente";"Chuva";"Simples";"Reta;Aclive";"N�o";1325853;"Autom�vel";"I/VW SPACEFOX COMFORT/VW SPACEFOX COMFORT";2006;"Passageiro";"Ileso";16;"Masculino";1;0;0;0;-12,2360606;-60,6813179;"SPRF-RO";"DEL04-RO";"UOP01-DEL04-RO"
742544;1662839;2025-12-30;"ter�a-feira";"08:45:00";"RO";364;98;"PIMENTA BUENO";"Sim";"Ultrapassagem Indevida";2;"Queda de ocupante de ve�culo";"Com V�timas Feridas";"Pleno dia";"Crescente";"Chuva";"Simples";"Reta;Aclive";"N�o";1325853;"Autom�vel";"I/VW SPACEFOX COMFORT/VW SPACEFOX COMFORT";2006;"Passageiro";"Ileso";12;"Masculino";1;0;0;0;-12,2360606;-60,6813179;"SPRF-RO";"DEL04-RO";"UOP01-DEL04-RO"
742544;1662838;2025-12-30;"ter�a-feira";"08:45:00";"RO";364;98;"PIMENTA BUENO";"Sim";"Ultrapassagem Indevida";2;"Queda de ocupante de ve�culo";"Com V�timas Feridas";"Pleno dia";"Crescente";"Chuva";"Simples";"Reta;Aclive";"N�o";1325853;"Autom�vel";"I/VW SPACEFOX COMFORT/VW SPACEFOX COMFORT";2006;"Passageiro";"Ileso";23;"Masculino";1;0;0;0;-12,2360606;-60,6813179;"SPRF-RO";"DEL04-RO";"UOP01-DEL04-RO"
742544;1662836;2025-12-30;"ter�a-feira";"08:45:00";"RO";364;98;"PIMENTA BUENO";"Sim";"Ultrapassagem Indevida";2;"Queda de ocupante de ve�culo";"Com V�timas Feridas";"Pleno dia";"Crescente";"Chuva";"Simples";"Reta;Aclive";"N�o";1325853;"Autom�vel";"I/VW SPACEFOX COMFORT/VW SPACEFOX COMFORT";2006;"Condutor";"Ileso";50;"Feminino";1;0;0;0;-12,2360606;-60,6813179;"SPRF-RO";"DEL04-RO";"UOP01-DEL04-RO"
742544;1662837;2025-12-30;"ter�a-feira";"08:45:00";"RO";364;98;"PIMENTA BUENO";"Sim";"Ultrapassagem Indevida";1;"Colis�o frontal";"Com V�timas Feridas";"Pleno dia";"Crescente";"Chuva";"Simples";"Reta;Aclive";"N�o";1325856;"Motocicleta";"HONDA/NXR160 BROS ESDD/NXR160 BROS ESDD";2023;"Condutor";"Les�es Leves";66;"Masculino";0;1;0;0;-12,2360606;-60,6813179;"SPRF-RO";"DEL04-RO";"UOP01-DEL04-RO"
742544;1662841;2025-12-30;"ter�a-feira";"08:45:00";"RO";364;98;"PIMENTA BUENO";"Sim";"Ultrapassagem Indevida";1;"Colis�o frontal";"Com V�timas Feridas";"Pleno dia";"Crescente";"Chuva";"Simples";"Reta;Aclive";"N�o";1325853;"Autom�vel";"I/VW SPACEFOX COMFORT/VW SPACEFOX COMFORT";2006;"Passageiro";"Ileso";50;"Masculino";1;0;0;0;-12,2360606;-60,6813179;"SPRF-RO";"DEL04-RO";"UOP01-DEL04-RO"
742544;1662840;2025-12-30;"ter�a-feira";"08:45:00";"RO";364;98;"PIMENTA BUENO";"Sim";"Ultrapassagem Indevida";1;"Colis�o frontal";"Com V�timas Feridas";"Pleno dia";"Crescente";"Chuva";"Simples";"Reta;Aclive";"N�o";1325853;"Autom�vel";"I/VW SPACEFOX COMFORT/VW SPACEFOX COMFORT";2006;"Passageiro";"Ileso";16;"Masculino";1;0;0;0;-12,2360606;-60,6813179;"SPRF-RO";"DEL04-RO";"UOP01-DEL04-RO"
742544;1662839;2025-12-30;"ter�a-feira";"08:45:00";"RO";364;98;"PIMENTA BUENO";"Sim";"Ultrapassagem Indevida";1;"Colis�o frontal";"Com V�timas Feridas";"Pleno dia";"Crescente";"Chuva";"Simples";"Reta;Aclive";"N�o";1325853;"Autom�vel";"I/VW SPACEFOX COMFORT/VW SPACEFOX COMFORT";2006;"Passageiro";"Ileso";12;"Masculino";1;0;0;0;-12,2360606;-60,6813179;"SPRF-RO";"DEL04-RO";"UOP01-DEL04-RO"
742544;1662838;2025-12-30;"ter�a-feira";"08:45:00";"RO";364;98;"PIMENTA BUENO";"Sim";"Ultrapassagem Indevida";1;"Colis�o frontal";"Com V�timas Feridas";"Pleno dia";"Crescente";"Chuva";"Simples";"Reta;Aclive";"N�o";1325853;"Autom�vel";"I/VW SPACEFOX COMFORT/VW SPACEFOX COMFORT";2006;"Passageiro";"Ileso";23;"Masculino";1;0;0;0;-12,2360606;-60,6813179;"SPRF-RO";"DEL04-RO";"UOP01-DEL04-RO"
742544;1662836;2025-12-30;"ter�a-feira";"08:45:00";"RO";364;98;"PIMENTA BUENO";"Sim";"Ultrapassagem Indevida";1;"Colis�o frontal";"Com V�timas Feridas";"Pleno dia";"Crescente";"Chuva";"Simples";"Reta;Aclive";"N�o";1325853;"Autom�vel";"I/VW SPACEFOX COMFORT/VW SPACEFOX COMFORT";2006;"Condutor";"Ileso";50;"Feminino";1;0;0;0;-12,2360606;-60,6813179;"SPRF-RO";"DEL04-RO";"UOP01-DEL04-RO"
742545;1662833;2025-11-26;"quarta-feira";"16:10:00";"RO";425;60;"NOVA MAMORE";"Sim";"Rea��o tardia ou ineficiente do condutor";3;"Capotamento";"Com V�timas Feridas";"Pleno dia";"Decrescente";"C�u Claro";"Simples";"Reta";"N�o";1325855;"Caminhonete";"MMC/L200 TRITON SPO GL/L200 TRITON SPO GL";2021;"Condutor";"Ileso";41;"Masculino";1;0;0;0;-10,24782397;-65,28799117;"SPRF-RO";"DEL01-RO";"UOP03-DEL01-RO"
742545;1662835;2025-11-26;"quarta-feira";"16:10:00";"RO";425;60;"NOVA MAMORE";"Sim";"Rea��o tardia ou ineficiente do condutor";3;"Capotamento";"Com V�timas Feridas";"Pleno dia";"Decrescente";"C�u Claro";"Simples";"Reta";"N�o";1325854;"Autom�vel";"VW/NOVO GOL TL MCV/NOVO GOL TL MCV";2017;"Passageiro";"Les�es Leves";76;"Feminino";0;1;0;0;-10,24782397;-65,28799117;"SPRF-RO";"DEL01-RO";"UOP03-DEL01-RO"
742545;1662834;2025-11-26;"quarta-feira";"16:10:00";"RO";425;60;"NOVA MAMORE";"Sim";"Rea��o tardia ou ineficiente do condutor";3;"Capotamento";"Com V�timas Feridas";"Pleno dia";"Decrescente";"C�u Claro";"Simples";"Reta";"N�o";1325854;"Autom�vel";"VW/NOVO GOL TL MCV/NOVO GOL TL MCV";2017;"Passageiro";"Ileso";20;"Feminino";1;0;0;0;-10,24782397;-65,28799117;"SPRF-RO";"DEL01-RO";"UOP03-DEL01-RO"
742545;1662832;2025-11-26;"quarta-feira";"16:10:00";"RO";425;60;"NOVA MAMORE";"Sim";"Rea��o tardia ou ineficiente do condutor";3;"Capotamento";"Com V�timas Feridas";"Pleno dia";"Decrescente";"C�u Claro";"Simples";"Reta";"N�o";1325854;"Autom�vel";"VW/NOVO GOL TL MCV/NOVO GOL TL MCV";2017;"Condutor";"Ileso";52;"Feminino";1;0;0;0;-10,24782397;-65,28799117;"SPRF-RO";"DEL01-RO";"UOP03-DEL01-RO"
742545;1662833;2025-11-26;"quarta-feira";"16:10:00";"RO";425;60;"NOVA MAMORE";"Sim";"Rea��o tardia ou ineficiente do condutor";2;"Sa�da de leito carro��vel";"Com V�timas Feridas";"Pleno dia";"Decrescente";"C�u Claro";"Simples";"Reta";"N�o";1325855;"Caminhonete";"MMC/L200 TRITON SPO GL/L200 TRITON SPO GL";2021;"Condutor";"Ileso";41;"Masculino";1;0;0;0;-10,24782397;-65,28799117;"SPRF-RO";"DEL01-RO";"UOP03-DEL01-RO"
742545;1662835;2025-11-26;"quarta-feira";"16:10:00";"RO";425;60;"NOVA MAMORE";"Sim";"Rea��o tardia ou ineficiente do condutor";2;"Sa�da de leito carro��vel";"Com V�timas Feridas";"Pleno dia";"Decrescente";"C�u Claro";"Simples";"Reta";"N�o";1325854;"Autom�vel";"VW/NOVO GOL TL MCV/NOVO GOL TL MCV";2017;"Passageiro";"Les�es Leves";76;"Feminino";0;1;0;0;-10,24782397;-65,28799117;"SPRF-RO";"DEL01-RO";"UOP03-DEL01-RO"
742545;1662834;2025-11-26;"quarta-feira";"16:10:00";"RO";425;60;"NOVA MAMORE";"Sim";"Rea��o tardia ou ineficiente do condutor";2;"Sa�da de leito carro��vel";"Com V�timas Feridas";"Pleno dia";"Decrescente";"C�u Claro";"Simples";"Reta";"N�o";1325854;"Autom�vel";"VW/NOVO GOL TL MCV/NOVO GOL TL MCV";2017;"Passageiro";"Ileso";20;"Feminino";1;0;0;0;-10,24782397;-65,28799117;"SPRF-RO";"DEL01-RO";"UOP03-DEL01-RO"
742545;1662832;2025-11-26;"quarta-feira";"16:10:00";"RO";425;60;"NOVA MAMORE";"Sim";"Rea��o tardia ou ineficiente do condutor";2;"Sa�da de leito carro��vel";"Com V�timas Feridas";"Pleno dia";"Decrescente";"C�u Claro";"Simples";"Reta";"N�o";1325854;"Autom�vel";"VW/NOVO GOL TL MCV/NOVO GOL TL MCV";2017;"Condutor";"Ileso";52;"Feminino";1;0;0;0;-10,24782397;-65,28799117;"SPRF-RO";"DEL01-RO";"UOP03-DEL01-RO"
742545;1662833;2025-11-26;"quarta-feira";"16:10:00";"RO";425;60;"NOVA MAMORE";"Sim";"Rea��o tardia ou ineficiente do condutor";1;"Colis�o traseira";"Com V�timas Feridas";"Pleno dia";"Decrescente";"C�u Claro";"Simples";"Reta";"N�o";1325855;"Caminhonete";"MMC/L200 TRITON SPO GL/L200 TRITON SPO GL";2021;"Condutor";"Ileso";41;"Masculino";1;0;0;0;-10,24782397;-65,28799117;"SPRF-RO";"DEL01-RO";"UOP03-DEL01-RO"
742545;1662835;2025-11-26;"quarta-feira";"16:10:00";"RO";425;60;"NOVA MAMORE";"Sim";"Rea��o tardia ou ineficiente do condutor";1;"Colis�o traseira";"Com V�timas Feridas";"Pleno dia";"Decrescente";"C�u Claro";"Simples";"Reta";"N�o";1325854;"Autom�vel";"VW/NOVO GOL TL MCV/NOVO GOL TL MCV";2017;"Passageiro";"Les�es Leves";76;"Feminino";0;1;0;0;-10,24782397;-65,28799117;"SPRF-RO";"DEL01-RO";"UOP03-DEL01-RO"
742545;1662834;2025-11-26;"quarta-feira";"16:10:00";"RO";425;60;"NOVA MAMORE";"Sim";"Rea��o tardia ou ineficiente do condutor";1;"Colis�o traseira";"Com V�timas Feridas";"Pleno dia";"Decrescente";"C�u Claro";"Simples";"Reta";"N�o";1325854;"Autom�vel";"VW/NOVO GOL TL MCV/NOVO GOL TL MCV";2017;"Passageiro";"Ileso";20;"Feminino";1;0;0;0;-10,24782397;-65,28799117;"SPRF-RO";"DEL01-RO";"UOP03-DEL01-RO"
742545;1662832;2025-11-26;"quarta-feira";"16:10:00";"RO";425;60;"NOVA MAMORE";"Sim";"Rea��o tardia ou ineficiente do condutor";1;"Colis�o traseira";"Com V�timas Feridas";"Pleno dia";"Decrescente";"C�u Claro";"Simples";"Reta";"N�o";1325854;"Autom�vel";"VW/NOVO GOL TL MCV/NOVO GOL TL MCV";2017;"Condutor";"Ileso";52;"Feminino";1;0;0;0;-10,24782397;-65,28799117;"SPRF-RO";"DEL01-RO";"UOP03-DEL01-RO"
742545;1662833;2025-11-26;"quarta-feira";"16:10:00";"RO";425;60;"NOVA MAMORE";"N�o";"Pista esburacada";3;"Capotamento";"Com V�timas Feridas";"Pleno dia";"Decrescente";"C�u Claro";"Simples";"Reta";"N�o";1325855;"Caminhonete";"MMC/L200 TRITON SPO GL/L200 TRITON SPO GL";2021;"Condutor";"Ileso";41;"Masculino";1;0;0;0;-10,24782397;-65,28799117;"SPRF-RO";"DEL01-RO";"UOP03-DEL01-RO"
742545;1662835;2025-11-26;"quarta-feira";"16:10:00";"RO";425;60;"NOVA MAMORE";"N�o";"Pista esburacada";3;"Capotamento";"Com V�timas Feridas";"Pleno dia";"Decrescente";"C�u Claro";"Simples";"Reta";"N�o";1325854;"Autom�vel";"VW/NOVO GOL TL MCV/NOVO GOL TL MCV";2017;"Passageiro";"Les�es Leves";76;"Feminino";0;1;0;0;-10,24782397;-65,28799117;"SPRF-RO";"DEL01-RO";"UOP03-DEL01-RO"
742545;1662834;2025-11-26;"quarta-feira";"16:10:00";"RO";425;60;"NOVA MAMORE";"N�o";"Pista esburacada";3;"Capotamento";"Com V�timas Feridas";"Pleno dia";"Decrescente";"C�u Claro";"Simples";"Reta";"N�o";1325854;"Autom�vel";"VW/NOVO GOL TL MCV/NOVO GOL TL MCV";2017;"Passageiro";"Ileso";20;"Feminino";1;0;0;0;-10,24782397;-65,28799117;"SPRF-RO";"DEL01-RO";"UOP03-DEL01-RO"
742545;1662832;2025-11-26;"quarta-feira";"16:10:00";"RO";425;60;"NOVA MAMORE";"N�o";"Pista esburacada";3;"Capotamento";"Com V�timas Feridas";"Pleno dia";"Decrescente";"C�u Claro";"Simples";"Reta";"N�o";1325854;"Autom�vel";"VW/NOVO GOL TL MCV/NOVO GOL TL MCV";2017;"Condutor";"Ileso";52;"Feminino";1;0;0;0;-10,24782397;-65,28799117;"SPRF-RO";"DEL01-RO";"UOP03-DEL01-RO"
742545;1662833;2025-11-26;"quarta-feira";"16:10:00";"RO";425;60;"NOVA MAMORE";"N�o";"Pista esburacada";2;"Sa�da de leito carro��vel";"Com V�timas Feridas";"Pleno dia";"Decrescente";"C�u Claro";"Simples";"Reta";"N�o";1325855;"Caminhonete";"MMC/L200 TRITON SPO GL/L200 TRITON SPO GL";2021;"Condutor";"Ileso";41;"Masculino";1;0;0;0;-10,24782397;-65,28799117;"SPRF-RO";"DEL01-RO";"UOP03-DEL01-RO"
742545;1662835;2025-11-26;"quarta-feira";"16:10:00";"RO";425;60;"NOVA MAMORE";"N�o";"Pista esburacada";2;"Sa�da de leito carro��vel";"Com V�timas Feridas";"Pleno dia";"Decrescente";"C�u Claro";"Simples";"Reta";"N�o";1325854;"Autom�vel";"VW/NOVO GOL TL MCV/NOVO GOL TL MCV";2017;"Passageiro";"Les�es Leves";76;"Feminino";0;1;0;0;-10,24782397;-65,28799117;"SPRF-RO";"DEL01-RO";"UOP03-DEL01-RO"
742545;1662834;2025-11-26;"quarta-feira";"16:10:00";"RO";425;60;"NOVA MAMORE";"N�o";"Pista esburacada";2;"Sa�da de leito carro��vel";"Com V�timas Feridas";"Pleno dia";"Decrescente";"C�u Claro";"Simples";"Reta";"N�o";1325854;"Autom�vel";"VW/NOVO GOL TL MCV/NOVO GOL TL MCV";2017;"Passageiro";"Ileso";20;"Feminino";1;0;0;0;-10,24782397;-65,28799117;"SPRF-RO";"DEL01-RO";"UOP03-DEL01-RO"
742545;1662832;2025-11-26;"quarta-feira";"16:10:00";"RO";425;60;"NOVA MAMORE";"N�o";"Pista esburacada";2;"Sa�da de leito carro��vel";"Com V�timas Feridas";"Pleno dia";"Decrescente";"C�u Claro";"Simples";"Reta";"N�o";1325854;"Autom�vel";"VW/NOVO GOL TL MCV/NOVO GOL TL MCV";2017;"Condutor";"Ileso";52;"Feminino";1;0;0;0;-10,24782397;-65,28799117;"SPRF-RO";"DEL01-RO";"UOP03-DEL01-RO"
742545;1662833;2025-11-26;"quarta-feira";"16:10:00";"RO";425;60;"NOVA MAMORE";"N�o";"Pista esburacada";1;"Colis�o traseira";"Com V�timas Feridas";"Pleno dia";"Decrescente";"C�u Claro";"Simples";"Reta";"N�o";1325855;"Caminhonete";"MMC/L200 TRITON SPO GL/L200 TRITON SPO GL";2021;"Condutor";"Ileso";41;"Masculino";1;0;0;0;-10,24782397;-65,28799117;"SPRF-RO";"DEL01-RO";"UOP03-DEL01-RO"
742545;1662835;2025-11-26;"quarta-feira";"16:10:00";"RO";425;60;"NOVA MAMORE";"N�o";"Pista esburacada";1;"Colis�o traseira";"Com V�timas Feridas";"Pleno dia";"Decrescente";"C�u Claro";"Simples";"Reta";"N�o";1325854;"Autom�vel";"VW/NOVO GOL TL MCV/NOVO GOL TL MCV";2017;"Passageiro";"Les�es Leves";76;"Feminino";0;1;0;0;-10,24782397;-65,28799117;"SPRF-RO";"DEL01-RO";"UOP03-DEL01-RO"
742545;1662834;2025-11-26;"quarta-feira";"16:10:00";"RO";425;60;"NOVA MAMORE";"N�o";"Pista esburacada";1;"Colis�o traseira";"Com V�timas Feridas";"Pleno dia";"Decrescente";"C�u Claro";"Simples";"Reta";"N�o";1325854;"Autom�vel";"VW/NOVO GOL TL MCV/NOVO GOL TL MCV";2017;"Passageiro";"Ileso";20;"Feminino";1;0;0;0;-10,24782397;-65,28799117;"SPRF-RO";"DEL01-RO";"UOP03-DEL01-RO"
742545;1662832;2025-11-26;"quarta-feira";"16:10:00";"RO";425;60;"NOVA MAMORE";"N�o";"Pista esburacada";1;"Colis�o traseira";"Com V�timas Feridas";"Pleno dia";"Decrescente";"C�u Claro";"Simples";"Reta";"N�o";1325854;"Autom�vel";"VW/NOVO GOL TL MCV/NOVO GOL TL MCV";2017;"Condutor";"Ileso";52;"Feminino";1;0;0;0;-10,24782397;-65,28799117;"SPRF-RO";"DEL01-RO";"UOP03-DEL01-RO"
742547;1662861;2025-12-30;"ter�a-feira";"11:30:00";"RN";101;105;"PARNAMIRIM";"Sim";"Manobra de mudan�a de faixa";1;"Colis�o lateral mesmo sentido";"Com V�timas Feridas";"Pleno dia";"Decrescente";"C�u Claro";"Dupla";"Reta";"Sim";1325872;"Motocicleta";"YAMAHA/YBR150 FACTOR ED/YBR150 FACTOR ED";2024;"Condutor";"Les�es Leves";54;"Masculino";0;1;0;0;-5,899647;-35,259055;"SPRF-RN";"DEL01-RN";"UOP01-DEL01-RN"
742547;1662860;2025-12-30;"ter�a-feira";"11:30:00";"RN";101;105;"PARNAMIRIM";"Sim";"Manobra de mudan�a de faixa";1;"Colis�o lateral mesmo sentido";"Com V�timas Feridas";"Pleno dia";"Decrescente";"C�u Claro";"Dupla";"Reta";"Sim";1325871;"Autom�vel";"HYUNDAI/CRETA 16A ACTION/CRETA 16A ACTION";2024;"Condutor";"Ileso";69;"Masculino";1;0;0;0;-5,899647;-35,259055;"SPRF-RN";"DEL01-RN";"UOP01-DEL01-RN"
742548;1662914;2025-12-30;"ter�a-feira";"11:50:00";"ES";101;64,5;"SAO MATEUS";"Sim";"Manobra de mudan�a de faixa";1;"Colis�o traseira";"Com V�timas Feridas";"Pleno dia";"Decrescente";"C�u Claro";"M�ltipla";"Reta";"Sim";1325911;"Motocicleta";"HONDA/CG 160 TITAN/CG 160 TITAN";2025;"Passageiro";"Les�es Graves";45;"Feminino";0;0;1;0;-18,71551015;-39,87595081;"SPRF-ES";"DEL04-ES";"UOP02-DEL04-ES"
742548;1662911;2025-12-30;"ter�a-feira";"11:50:00";"ES";101;64,5;"SAO MATEUS";"Sim";"Manobra de mudan�a de faixa";1;"Colis�o traseira";"Com V�timas Feridas";"Pleno dia";"Decrescente";"C�u Claro";"M�ltipla";"Reta";"Sim";1325911;"Motocicleta";"HONDA/CG 160 TITAN/CG 160 TITAN";2025;"Condutor";"Les�es Leves";20;"Masculino";0;1;0;0;-18,71551015;-39,87595081;"SPRF-ES";"DEL04-ES";"UOP02-DEL04-ES"
742548;1662909;2025-12-30;"ter�a-feira";"11:50:00";"ES";101;64,5;"SAO MATEUS";"Sim";"Manobra de mudan�a de faixa";1;"Colis�o traseira";"Com V�timas Feridas";"Pleno dia";"Decrescente";"C�u Claro";"M�ltipla";"Reta";"Sim";1325910;"Autom�vel";"HONDA/CIVIC EXL CVT/CIVIC EXL CVT";2021;"Condutor";"Ileso";39;"Masculino";1;0;0;0;-18,71551015;-39,87595081;"SPRF-ES";"DEL04-ES";"UOP02-DEL04-ES"
742549;1662843;2025-12-30;"ter�a-feira";"08:45:00";"RJ";116;110;"GUAPIMIRIM";"Sim";"Rea��o tardia ou ineficiente do condutor";2;"Queda de ocupante de ve�culo";"Com V�timas Feridas";"Pleno dia";"Decrescente";"C�u Claro";"Simples";"Reta";"N�o";1325857;"Motoneta";"HONDA/BIZ 125 ES/BIZ 125 ES";2010;"Condutor";"Les�es Leves";46;"Feminino";0;1;0;0;-22,55148023;-42,98996544;"SPRF-RJ";"DEL04-RJ";"UOP02-DEL04-RJ"
742549;1662843;2025-12-30;"ter�a-feira";"08:45:00";"RJ";116;110;"GUAPIMIRIM";"Sim";"Rea��o tardia ou ineficiente do condutor";1;"Tombamento";"Com V�timas Feridas";"Pleno dia";"Decrescente";"C�u Claro";"Simples";"Reta";"N�o";1325857;"Motoneta";"HONDA/BIZ 125 ES/BIZ 125 ES";2010;"Condutor";"Les�es Leves";46;"Feminino";0;1;0;0;-22,55148023;-42,98996544;"SPRF-RJ";"DEL04-RJ";"UOP02-DEL04-RJ"
742550;1662853;2025-12-30;"ter�a-feira";"11:00:00";"MA";316;141;"NOVA OLINDA DO MARANHAO";"Sim";"Pista esburacada";2;"Colis�o com objeto";"Com V�timas Feridas";"Pleno dia";"Decrescente";"C�u Claro";"Simples";"Reta";"N�o";1325858;"Autom�vel";"HONDA/CIVIC LXR/CIVIC LXR";2013;"Passageiro";"Ileso";1;"Masculino";1;0;0;0;-2,77006415;-45,71382523;"SPRF-MA";"DEL02-MA";"UOP02-DEL02-MA"
742550;1662849;2025-12-30;"ter�a-feira";"11:00:00";"MA";316;141;"NOVA OLINDA DO MARANHAO";"Sim";"Pista esburacada";2;"Colis�o com objeto";"Com V�timas Feridas";"Pleno dia";"Decrescente";"C�u Claro";"Simples";"Reta";"N�o";1325858;"Autom�vel";"HONDA/CIVIC LXR/CIVIC LXR";2013;"Passageiro";"Les�es Leves";17;"Masculino";0;1;0;0;-2,77006415;-45,71382523;"SPRF-MA";"DEL02-MA";"UOP02-DEL02-MA"
742550;1662847;2025-12-30;"ter�a-feira";"11:00:00";"MA";316;141;"NOVA OLINDA DO MARANHAO";"Sim";"Pista esburacada";2;"Colis�o com objeto";"Com V�timas Feridas";"Pleno dia";"Decrescente";"C�u Claro";"Simples";"Reta";"N�o";1325858;"Autom�vel";"HONDA/CIVIC LXR/CIVIC LXR";2013;"Passageiro";"Ileso";33;"Feminino";1;0;0;0;-2,77006415;-45,71382523;"SPRF-MA";"DEL02-MA";"UOP02-DEL02-MA"