"id";"pesid";"data_inversa";"dia_semana";"horario";"uf";"br";"km";"municipio";"causa_principal";"causa_acidente";"ordem_tipo_acidente";"tipo_acidente";"classificacao_acidente";"fase_dia";"sentido_via";"condicao_metereologica";"tipo_pista";"tracado_via";"uso_solo";"id_veiculo";"tipo_veiculo";"marca";"ano_fabricacao_veiculo";"tipo_envolvido";"estado_fisico";"idade";"sexo";"ilesos";"feridos_leves";"feridos_graves";"mortos";"latitude";"longitude";"regional";"delegacia";"uop"
742550;1662846;2025-12-30;"ter�a-feira";"11:00:00";"MA";316;141;"NOVA OLINDA DO MARANHAO";"Sim";"Pista esburacada";2;"Colis�o com objeto";"Com V�timas Feridas";"Pleno dia";"Decrescente";"C�u Claro";"Simples";"Reta";"N�o";1325858;"Autom�vel";"HONDA/CIVIC LXR/CIVIC LXR";2013;"Condutor";"Les�es Leves";51;"Masculino";0;1;0;0;-2,77006415;-45,71382523;"SPRF-MA";"DEL02-MA";"UOP02-DEL02-MA"
742550;1662853;2025-12-30;"ter�a-feira";"11:00:00";"MA";316;141;"NOVA OLINDA DO MARANHAO";"Sim";"Pista esburacada";1;"Sa�da de leito carro��vel";"Com V�timas Feridas";"Pleno dia";"Decrescente";"C�u Claro";"Simples";"Reta";"N�o";1325858;"Autom�vel";"HONDA/CIVIC LXR/CIVIC LXR";2013;"Passageiro";"Ileso";1;"Masculino";1;0;0;0;-2,77006415;-45,71382523;"SPRF-MA";"DEL02-MA";"UOP02-DEL02-MA"
742550;1662849;2025-12-30;"ter�a-feira";"11:00:00";"MA";316;141;"NOVA OLINDA DO MARANHAO";"Sim";"Pista esburacada";1;"Sa�da de leito carro��vel";"Com V�timas Feridas";"Pleno dia";"Decrescente";"C�u Claro";"Simples";"Reta";"N�o";1325858;"Autom�vel";"HONDA/CIVIC LXR/CIVIC LXR";2013;"Passageiro";"Les�es Leves";17;"Masculino";0;1;0;0;-2,77006415;-45,71382523;"SPRF-MA";"DEL02-MA";"UOP02-DEL02-MA"
742550;1662847;2025-12-30;"ter�a-feira";"11:00:00";"MA";316;141;"NOVA OLINDA DO MARANHAO";"Sim";"Pista esburacada";1;"Sa�da de leito carro��vel";"Com V�timas Feridas";"Pleno dia";"Decrescente";"C�u Claro";"Simples";"Reta";"N�o";1325858;"Autom�vel";"HONDA/CIVIC LXR/CIVIC LXR";2013;"Passageiro";"Ileso";33;"Feminino";1;0;0;0;-2,77006415;-45,71382523;"SPRF-MA";"DEL02-MA";"UOP02-DEL02-MA"
742550;1662846;2025-12-30;"ter�a-feira";"11:00:00";"MA";316;141;"NOVA OLINDA DO MARANHAO";"Sim";"Pista esburacada";1;"Sa�da de leito carro��vel";"Com V�timas Feridas";"Pleno dia";"Decrescente";"C�u Claro";"Simples";"Reta";"N�o";1325858;"Autom�vel";"HONDA/CIVIC LXR/CIVIC LXR";2013;"Condutor";"Les�es Leves";51;"Masculino";0;1;0;0;-2,77006415;-45,71382523;"SPRF-MA";"DEL02-MA";"UOP02-DEL02-MA"
742551;1662848;2025-12-30;"ter�a-feira";"08:55:00";"MG";116;640;"FERVEDOURO";"Sim";"Demais falhas mec�nicas ou el�tricas";1;"Inc�ndio";"Sem V�timas";"Pleno dia";"Decrescente";"Sol";"Simples";"Reta;Aclive";"N�o";1325859;"Autom�vel";"CHEV/PRISMA 1.4AT LTZ/PRISMA 1.4AT LTZ";2017;"Condutor";"Ileso";41;"Masculino";1;0;0;0;-20,656945;-42,261885;"SPRF-MG";"DEL07-MG";"UOP02-DEL07-MG"
742552;1662854;2025-12-30;"ter�a-feira";"10:00:00";"MA";10;316;"ACAILANDIA";"Sim";"Ingest�o de �lcool pelo condutor";1;"Atropelamento de Pedestre";"Com V�timas Fatais";"Pleno dia";"Crescente";"Sol";"Simples";"Reta";"N�o";1325862;"Autom�vel";"CHEVROLET/ONIX 1.0MT LT/ONIX 1.0MT LT";2017;"Condutor";"Ileso";32;"Feminino";1;0;0;0;-4,981375;-47,521472;"SPRF-MA";"DEL04-MA";"UOP03-DEL04-MA"
742552;1663880;2025-12-30;"ter�a-feira";"10:00:00";"MA";10;316;"ACAILANDIA";"Sim";"Ingest�o de �lcool pelo condutor";1;"Atropelamento de Pedestre";"Com V�timas Fatais";"Pleno dia";"Crescente";"Sol";"Simples";"Reta";"N�o";NA;NA;"NA/NA/NA";NA;"Testemunha";"N�o Informado";NA;"N�o Informado";0;0;0;0;-4,981375;-47,521472;"SPRF-MA";"DEL04-MA";"UOP03-DEL04-MA"
742552;1662855;2025-12-30;"ter�a-feira";"10:00:00";"MA";10;316;"ACAILANDIA";"Sim";"Ingest�o de �lcool pelo condutor";1;"Atropelamento de Pedestre";"Com V�timas Fatais";"Pleno dia";"Crescente";"Sol";"Simples";"Reta";"N�o";NA;NA;"NA/NA/NA";NA;"Pedestre";"�bito";69;"Masculino";0;0;0;1;-4,981375;-47,521472;"SPRF-MA";"DEL04-MA";"UOP03-DEL04-MA"
742553;1662878;2025-12-30;"ter�a-feira";"12:45:00";"SC";101;151,7;"ITAPEMA";"Sim";"Rea��o tardia ou ineficiente do condutor";1;"Colis�o traseira";"Com V�timas Feridas";"Pleno dia";"Crescente";"C�u Claro";"Dupla";"Reta";"Sim";1325886;"Utilit�rio";"I/JAC T80 2.0 TURBO/JAC T80 2.0 TURBO";2019;"Condutor";"Ileso";42;"Masculino";1;0;0;0;-27,13431304;-48,61021042;"SPRF-SC";"DEL04-SC";"UOP03-DEL04-SC"
742553;1662874;2025-12-30;"ter�a-feira";"12:45:00";"SC";101;151,7;"ITAPEMA";"Sim";"Rea��o tardia ou ineficiente do condutor";1;"Colis�o traseira";"Com V�timas Feridas";"Pleno dia";"Crescente";"C�u Claro";"Dupla";"Reta";"Sim";1325885;"Utilit�rio";"CAOACHERY/TIGGO5X SPORT/TIGGO5X SPORT";2023;"Condutor";"Les�es Leves";33;"Feminino";0;1;0;0;-27,13431304;-48,61021042;"SPRF-SC";"DEL04-SC";"UOP03-DEL04-SC"
742554;1662867;2025-12-30;"ter�a-feira";"07:00:00";"MG";116;650,5;"FERVEDOURO";"N�o";"Velocidade Incompat�vel";3;"Atropelamento de Pedestre";"Com V�timas Feridas";"Pleno dia";"Crescente";"Sol";"Simples";"Reta";"Sim";1325866;"Caminh�o-trator";"VOLVO/FH 540 6X4T/FH 540 6X4T";2023;"Condutor";"Ileso";39;"Masculino";1;0;0;0;-20,72884761;-42,28184436;"SPRF-MG";"DEL07-MG";"UOP02-DEL07-MG"
742554;1662865;2025-12-30;"ter�a-feira";"07:00:00";"MG";116;650,5;"FERVEDOURO";"N�o";"Velocidade Incompat�vel";3;"Atropelamento de Pedestre";"Com V�timas Feridas";"Pleno dia";"Crescente";"Sol";"Simples";"Reta";"Sim";1325864;"Autom�vel";"TOYOTA/ETIOS SD XS/ETIOS SD XS";2015;"Condutor";"Ileso";54;"Feminino";1;0;0;0;-20,72884761;-42,28184436;"SPRF-MG";"DEL07-MG";"UOP02-DEL07-MG"
742554;1662858;2025-12-30;"ter�a-feira";"07:00:00";"MG";116;650,5;"FERVEDOURO";"N�o";"Velocidade Incompat�vel";3;"Atropelamento de Pedestre";"Com V�timas Feridas";"Pleno dia";"Crescente";"Sol";"Simples";"Reta";"Sim";1325863;"Motocicleta";"HONDA/CG 150 FAN ESI/CG 150 FAN ESI";2011;"Condutor";"Les�es Graves";48;"Feminino";0;0;1;0;-20,72884761;-42,28184436;"SPRF-MG";"DEL07-MG";"UOP02-DEL07-MG"
742554;NA;2025-12-30;"ter�a-feira";"07:00:00";"MG";116;650,5;"FERVEDOURO";"N�o";"Velocidade Incompat�vel";3;"Atropelamento de Pedestre";"Com V�timas Feridas";"Pleno dia";"Crescente";"Sol";"Simples";"Reta";"Sim";1325868;"Semireboque";"SR/RANDONSP SRFG CG/RANDONSP SRFG CG";2014;NA;NA;NA;NA;NA;NA;NA;NA;-20,72884761;-42,28184436;"SPRF-MG";"DEL07-MG";"UOP02-DEL07-MG"
742554;NA;2025-12-30;"ter�a-feira";"07:00:00";"MG";116;650,5;"FERVEDOURO";"N�o";"Velocidade Incompat�vel";3;"Atropelamento de Pedestre";"Com V�timas Feridas";"Pleno dia";"Crescente";"Sol";"Simples";"Reta";"Sim";1325867;"Semireboque";"SR/RANDONSP SRFG CG/RANDONSP SRFG CG";2014;NA;NA;NA;NA;NA;NA;NA;NA;-20,72884761;-42,28184436;"SPRF-MG";"DEL07-MG";"UOP02-DEL07-MG"
742554;1662867;2025-12-30;"ter�a-feira";"07:00:00";"MG";116;650,5;"FERVEDOURO";"N�o";"Velocidade Incompat�vel";2;"Queda de ocupante de ve�culo";"Com V�timas Feridas";"Pleno dia";"Crescente";"Sol";"Simples";"Reta";"Sim";1325866;"Caminh�o-trator";"VOLVO/FH 540 6X4T/FH 540 6X4T";2023;"Condutor";"Ileso";39;"Masculino";1;0;0;0;-20,72884761;-42,28184436;"SPRF-MG";"DEL07-MG";"UOP02-DEL07-MG"
742554;1662865;2025-12-30;"ter�a-feira";"07:00:00";"MG";116;650,5;"FERVEDOURO";"N�o";"Velocidade Incompat�vel";2;"Queda de ocupante de ve�culo";"Com V�timas Feridas";"Pleno dia";"Crescente";"Sol";"Simples";"Reta";"Sim";1325864;"Autom�vel";"TOYOTA/ETIOS SD XS/ETIOS SD XS";2015;"Condutor";"Ileso";54;"Feminino";1;0;0;0;-20,72884761;-42,28184436;"SPRF-MG";"DEL07-MG";"UOP02-DEL07-MG"
742554;1662858;2025-12-30;"ter�a-feira";"07:00:00";"MG";116;650,5;"FERVEDOURO";"N�o";"Velocidade Incompat�vel";2;"Queda de ocupante de ve�culo";"Com V�timas Feridas";"Pleno dia";"Crescente";"Sol";"Simples";"Reta";"Sim";1325863;"Motocicleta";"HONDA/CG 150 FAN ESI/CG 150 FAN ESI";2011;"Condutor";"Les�es Graves";48;"Feminino";0;0;1;0;-20,72884761;-42,28184436;"SPRF-MG";"DEL07-MG";"UOP02-DEL07-MG"
742554;NA;2025-12-30;"ter�a-feira";"07:00:00";"MG";116;650,5;"FERVEDOURO";"N�o";"Velocidade Incompat�vel";2;"Queda de ocupante de ve�culo";"Com V�timas Feridas";"Pleno dia";"Crescente";"Sol";"Simples";"Reta";"Sim";1325868;"Semireboque";"SR/RANDONSP SRFG CG/RANDONSP SRFG CG";2014;NA;NA;NA;NA;NA;NA;NA;NA;-20,72884761;-42,28184436;"SPRF-MG";"DEL07-MG";"UOP02-DEL07-MG"
742554;NA;2025-12-30;"ter�a-feira";"07:00:00";"MG";116;650,5;"FERVEDOURO";"N�o";"Velocidade Incompat�vel";2;"Queda de ocupante de ve�culo";"Com V�timas Feridas";"Pleno dia";"Crescente";"Sol";"Simples";"Reta";"Sim";1325867;"Semireboque";"SR/RANDONSP SRFG CG/RANDONSP SRFG CG";2014;NA;NA;NA;NA;NA;NA;NA;NA;-20,72884761;-42,28184436;"SPRF-MG";"DEL07-MG";"UOP02-DEL07-MG"
742554;1662867;2025-12-30;"ter�a-feira";"07:00:00";"MG";116;650,5;"FERVEDOURO";"N�o";"Velocidade Incompat�vel";1;"Colis�o traseira";"Com V�timas Feridas";"Pleno dia";"Crescente";"Sol";"Simples";"Reta";"Sim";1325866;"Caminh�o-trator";"VOLVO/FH 540 6X4T/FH 540 6X4T";2023;"Condutor";"Ileso";39;"Masculino";1;0;0;0;-20,72884761;-42,28184436;"SPRF-MG";"DEL07-MG";"UOP02-DEL07-MG"
742554;1662865;2025-12-30;"ter�a-feira";"07:00:00";"MG";116;650,5;"FERVEDOURO";"N�o";"Velocidade Incompat�vel";1;"Colis�o traseira";"Com V�timas Feridas";"Pleno dia";"Crescente";"Sol";"Simples";"Reta";"Sim";1325864;"Autom�vel";"TOYOTA/ETIOS SD XS/ETIOS SD XS";2015;"Condutor";"Ileso";54;"Feminino";1;0;0;0;-20,72884761;-42,28184436;"SPRF-MG";"DEL07-MG";"UOP02-DEL07-MG"
742554;1662858;2025-12-30;"ter�a-feira";"07:00:00";"MG";116;650,5;"FERVEDOURO";"N�o";"Velocidade Incompat�vel";1;"Colis�o traseira";"Com V�timas Feridas";"Pleno dia";"Crescente";"Sol";"Simples";"Reta";"Sim";1325863;"Motocicleta";"HONDA/CG 150 FAN ESI/CG 150 FAN ESI";2011;"Condutor";"Les�es Graves";48;"Feminino";0;0;1;0;-20,72884761;-42,28184436;"SPRF-MG";"DEL07-MG";"UOP02-DEL07-MG"
742554;NA;2025-12-30;"ter�a-feira";"07:00:00";"MG";116;650,5;"FERVEDOURO";"N�o";"Velocidade Incompat�vel";1;"Colis�o traseira";"Com V�timas Feridas";"Pleno dia";"Crescente";"Sol";"Simples";"Reta";"Sim";1325868;"Semireboque";"SR/RANDONSP SRFG CG/RANDONSP SRFG CG";2014;NA;NA;NA;NA;NA;NA;NA;NA;-20,72884761;-42,28184436;"SPRF-MG";"DEL07-MG";"UOP02-DEL07-MG"
742554;NA;2025-12-30;"ter�a-feira";"07:00:00";"MG";116;650,5;"FERVEDOURO";"N�o";"Velocidade Incompat�vel";1;"Colis�o traseira";"Com V�timas Feridas";"Pleno dia";"Crescente";"Sol";"Simples";"Reta";"Sim";1325867;"Semireboque";"SR/RANDONSP SRFG CG/RANDONSP SRFG CG";2014;NA;NA;NA;NA;NA;NA;NA;NA;-20,72884761;-42,28184436;"SPRF-MG";"DEL07-MG";"UOP02-DEL07-MG"
742554;1662867;2025-12-30;"ter�a-feira";"07:00:00";"MG";116;650,5;"FERVEDOURO";"Sim";"Condutor deixou de manter dist�ncia do ve�culo da frente";3;"Atropelamento de Pedestre";"Com V�timas Feridas";"Pleno dia";"Crescente";"Sol";"Simples";"Reta";"Sim";1325866;"Caminh�o-trator";"VOLVO/FH 540 6X4T/FH 540 6X4T";2023;"Condutor";"Ileso";39;"Masculino";1;0;0;0;-20,72884761;-42,28184436;"SPRF-MG";"DEL07-MG";"UOP02-DEL07-MG"
742554;1662865;2025-12-30;"ter�a-feira";"07:00:00";"MG";116;650,5;"FERVEDOURO";"Sim";"Condutor deixou de manter dist�ncia do ve�culo da frente";3;"Atropelamento de Pedestre";"Com V�timas Feridas";"Pleno dia";"Crescente";"Sol";"Simples";"Reta";"Sim";1325864;"Autom�vel";"TOYOTA/ETIOS SD XS/ETIOS SD XS";2015;"Condutor";"Ileso";54;"Feminino";1;0;0;0;-20,72884761;-42,28184436;"SPRF-MG";"DEL07-MG";"UOP02-DEL07-MG"
742554;1662858;2025-12-30;"ter�a-feira";"07:00:00";"MG";116;650,5;"FERVEDOURO";"Sim";"Condutor deixou de manter dist�ncia do ve�culo da frente";3;"Atropelamento de Pedestre";"Com V�timas Feridas";"Pleno dia";"Crescente";"Sol";"Simples";"Reta";"Sim";1325863;"Motocicleta";"HONDA/CG 150 FAN ESI/CG 150 FAN ESI";2011;"Condutor";"Les�es Graves";48;"Feminino";0;0;1;0;-20,72884761;-42,28184436;"SPRF-MG";"DEL07-MG";"UOP02-DEL07-MG"
742554;NA;2025-12-30;"ter�a-feira";"07:00:00";"MG";116;650,5;"FERVEDOURO";"Sim";"Condutor deixou de manter dist�ncia do ve�culo da frente";3;"Atropelamento de Pedestre";"Com V�timas Feridas";"Pleno dia";"Crescente";"Sol";"Simples";"Reta";"Sim";1325868;"Semireboque";"SR/RANDONSP SRFG CG/RANDONSP SRFG CG";2014;NA;NA;NA;NA;NA;NA;NA;NA;-20,72884761;-42,28184436;"SPRF-MG";"DEL07-MG";"UOP02-DEL07-MG"
742554;NA;2025-12-30;"ter�a-feira";"07:00:00";"MG";116;650,5;"FERVEDOURO";"Sim";"Condutor deixou de manter dist�ncia do ve�culo da frente";3;"Atropelamento de Pedestre";"Com V�timas Feridas";"Pleno dia";"Crescente";"Sol";"Simples";"Reta";"Sim";1325867;"Semireboque";"SR/RANDONSP SRFG CG/RANDONSP SRFG CG";2014;NA;NA;NA;NA;NA;NA;NA;NA;-20,72884761;-42,28184436;"SPRF-MG";"DEL07-MG";"UOP02-DEL07-MG"
742554;1662867;2025-12-30;"ter�a-feira";"07:00:00";"MG";116;650,5;"FERVEDOURO";"Sim";"Condutor deixou de manter dist�ncia do ve�culo da frente";2;"Queda de ocupante de ve�culo";"Com V�timas Feridas";"Pleno dia";"Crescente";"Sol";"Simples";"Reta";"Sim";1325866;"Caminh�o-trator";"VOLVO/FH 540 6X4T/FH 540 6X4T";2023;"Condutor";"Ileso";39;"Masculino";1;0;0;0;-20,72884761;-42,28184436;"SPRF-MG";"DEL07-MG";"UOP02-DEL07-MG"
742554;1662865;2025-12-30;"ter�a-feira";"07:00:00";"MG";116;650,5;"FERVEDOURO";"Sim";"Condutor deixou de manter dist�ncia do ve�culo da frente";2;"Queda de ocupante de ve�culo";"Com V�timas Feridas";"Pleno dia";"Crescente";"Sol";"Simples";"Reta";"Sim";1325864;"Autom�vel";"TOYOTA/ETIOS SD XS/ETIOS SD XS";2015;"Condutor";"Ileso";54;"Feminino";1;0;0;0;-20,72884761;-42,28184436;"SPRF-MG";"DEL07-MG";"UOP02-DEL07-MG"
742554;1662858;2025-12-30;"ter�a-feira";"07:00:00";"MG";116;650,5;"FERVEDOURO";"Sim";"Condutor deixou de manter dist�ncia do ve�culo da frente";2;"Queda de ocupante de ve�culo";"Com V�timas Feridas";"Pleno dia";"Crescente";"Sol";"Simples";"Reta";"Sim";1325863;"Motocicleta";"HONDA/CG 150 FAN ESI/CG 150 FAN ESI";2011;"Condutor";"Les�es Graves";48;"Feminino";0;0;1;0;-20,72884761;-42,28184436;"SPRF-MG";"DEL07-MG";"UOP02-DEL07-MG"
742554;NA;2025-12-30;"ter�a-feira";"07:00:00";"MG";116;650,5;"FERVEDOURO";"Sim";"Condutor deixou de manter dist�ncia do ve�culo da frente";2;"Queda de ocupante de ve�culo";"Com V�timas Feridas";"Pleno dia";"Crescente";"Sol";"Simples";"Reta";"Sim";1325868;"Semireboque";"SR/RANDONSP SRFG CG/RANDONSP SRFG CG";2014;NA;NA;NA;NA;NA;NA;NA;NA;-20,72884761;-42,28184436;"SPRF-MG";"DEL07-MG";"UOP02-DEL07-MG"
742554;NA;2025-12-30;"ter�a-feira";"07:00:00";"MG";116;650,5;"FERVEDOURO";"Sim";"Condutor deixou de manter dist�ncia do ve�culo da frente";2;"Queda de ocupante de ve�culo";"Com V�timas Feridas";"Pleno dia";"Crescente";"Sol";"Simples";"Reta";"Sim";1325867;"Semireboque";"SR/RANDONSP SRFG CG/RANDONSP SRFG CG";2014;NA;NA;NA;NA;NA;NA;NA;NA;-20,72884761;-42,28184436;"SPRF-MG";"DEL07-MG";"UOP02-DEL07-MG"
742554;1662867;2025-12-30;"ter�a-feira";"07:00:00";"MG";116;650,5;"FERVEDOURO";"Sim";"Condutor deixou de manter dist�ncia do ve�culo da frente";1;"Colis�o traseira";"Com V�timas Feridas";"Pleno dia";"Crescente";"Sol";"Simples";"Reta";"Sim";1325866;"Caminh�o-trator";"VOLVO/FH 540 6X4T/FH 540 6X4T";2023;"Condutor";"Ileso";39;"Masculino";1;0;0;0;-20,72884761;-42,28184436;"SPRF-MG";"DEL07-MG";"UOP02-DEL07-MG"
742554;1662865;2025-12-30;"ter�a-feira";"07:00:00";"MG";116;650,5;"FERVEDOURO";"Sim";"Condutor deixou de manter dist�ncia do ve�culo da frente";1;"Colis�o traseira";"Com V�timas Feridas";"Pleno dia";"Crescente";"Sol";"Simples";"Reta";"Sim";1325864;"Autom�vel";"TOYOTA/ETIOS SD XS/ETIOS SD XS";2015;"Condutor";"Ileso";54;"Feminino";1;0;0;0;-20,72884761;-42,28184436;"SPRF-MG";"DEL07-MG";"UOP02-DEL07-MG"
742554;1662858;2025-12-30;"ter�a-feira";"07:00:00";"MG";116;650,5;"FERVEDOURO";"Sim";"Condutor deixou de manter dist�ncia do ve�culo da frente";1;"Colis�o traseira";"Com V�timas Feridas";"Pleno dia";"Crescente";"Sol";"Simples";"Reta";"Sim";1325863;"Motocicleta";"HONDA/CG 150 FAN ESI/CG 150 FAN ESI";2011;"Condutor";"Les�es Graves";48;"Feminino";0;0;1;0;-20,72884761;-42,28184436;"SPRF-MG";"DEL07-MG";"UOP02-DEL07-MG"
742554;NA;2025-12-30;"ter�a-feira";"07:00:00";"MG";116;650,5;"FERVEDOURO";"Sim";"Condutor deixou de manter dist�ncia do ve�culo da frente";1;"Colis�o traseira";"Com V�timas Feridas";"Pleno dia";"Crescente";"Sol";"Simples";"Reta";"Sim";1325868;"Semireboque";"SR/RANDONSP SRFG CG/RANDONSP SRFG CG";2014;NA;NA;NA;NA;NA;NA;NA;NA;-20,72884761;-42,28184436;"SPRF-MG";"DEL07-MG";"UOP02-DEL07-MG"
742554;NA;2025-12-30;"ter�a-feira";"07:00:00";"MG";116;650,5;"FERVEDOURO";"Sim";"Condutor deixou de manter dist�ncia do ve�culo da frente";1;"Colis�o traseira";"Com V�timas Feridas";"Pleno dia";"Crescente";"Sol";"Simples";"Reta";"Sim";1325867;"Semireboque";"SR/RANDONSP SRFG CG/RANDONSP SRFG CG";2014;NA;NA;NA;NA;NA;NA;NA;NA;-20,72884761;-42,28184436;"SPRF-MG";"DEL07-MG";"UOP02-DEL07-MG"
742555;1663122;2025-12-30;"ter�a-feira";"12:12:00";"GO";50;164,8;"CAMPO ALEGRE DE GOIAS";"N�o";"Condutor Dormindo";3;"Capotamento";"Com V�timas Fatais";"Pleno dia";"Decrescente";"C�u Claro";"Dupla";"Reta";"N�o";1326048;"Autom�vel";"VW/T CROSS TSI/T CROSS TSI";2025;"Passageiro";"�bito";37;"Feminino";0;0;0;1;-17,29533055;-47,75688171;"SPRF-GO";"DEL06-GO";"UOP01-DEL06-GO"
742555;1663121;2025-12-30;"ter�a-feira";"12:12:00";"GO";50;164,8;"CAMPO ALEGRE DE GOIAS";"N�o";"Condutor Dormindo";3;"Capotamento";"Com V�timas Fatais";"Pleno dia";"Decrescente";"C�u Claro";"Dupla";"Reta";"N�o";1326048;"Autom�vel";"VW/T CROSS TSI/T CROSS TSI";2025;"Passageiro";"�bito";9;"Masculino";0;0;0;1;-17,29533055;-47,75688171;"SPRF-GO";"DEL06-GO";"UOP01-DEL06-GO"
742555;1663120;2025-12-30;"ter�a-feira";"12:12:00";"GO";50;164,8;"CAMPO ALEGRE DE GOIAS";"N�o";"Condutor Dormindo";3;"Capotamento";"Com V�timas Fatais";"Pleno dia";"Decrescente";"C�u Claro";"Dupla";"Reta";"N�o";1326048;"Autom�vel";"VW/T CROSS TSI/T CROSS TSI";2025;"Passageiro";"�bito";14;"Masculino";0;0;0;1;-17,29533055;-47,75688171;"SPRF-GO";"DEL06-GO";"UOP01-DEL06-GO"
742555;1663119;2025-12-30;"ter�a-feira";"12:12:00";"GO";50;164,8;"CAMPO ALEGRE DE GOIAS";"N�o";"Condutor Dormindo";3;"Capotamento";"Com V�timas Fatais";"Pleno dia";"Decrescente";"C�u Claro";"Dupla";"Reta";"N�o";1326048;"Autom�vel";"VW/T CROSS TSI/T CROSS TSI";2025;"Condutor";"�bito";41;"Masculino";0;0;0;1;-17,29533055;-47,75688171;"SPRF-GO";"DEL06-GO";"UOP01-DEL06-GO"
742555;1663122;2025-12-30;"ter�a-feira";"12:12:00";"GO";50;164,8;"CAMPO ALEGRE DE GOIAS";"N�o";"Condutor Dormindo";2;"Colis�o com objeto";"Com V�timas Fatais";"Pleno dia";"Decrescente";"C�u Claro";"Dupla";"Reta";"N�o";1326048;"Autom�vel";"VW/T CROSS TSI/T CROSS TSI";2025;"Passageiro";"�bito";37;"Feminino";0;0;0;1;-17,29533055;-47,75688171;"SPRF-GO";"DEL06-GO";"UOP01-DEL06-GO"
742555;1663121;2025-12-30;"ter�a-feira";"12:12:00";"GO";50;164,8;"CAMPO ALEGRE DE GOIAS";"N�o";"Condutor Dormindo";2;"Colis�o com objeto";"Com V�timas Fatais";"Pleno dia";"Decrescente";"C�u Claro";"Dupla";"Reta";"N�o";1326048;"Autom�vel";"VW/T CROSS TSI/T CROSS TSI";2025;"Passageiro";"�bito";9;"Masculino";0;0;0;1;-17,29533055;-47,75688171;"SPRF-GO";"DEL06-GO";"UOP01-DEL06-GO"
742555;1663120;2025-12-30;"ter�a-feira";"12:12:00";"GO";50;164,8;"CAMPO ALEGRE DE GOIAS";"N�o";"Condutor Dormindo";2;"Colis�o com objeto";"Com V�timas Fatais";"Pleno dia";"Decrescente";"C�u Claro";"Dupla";"Reta";"N�o";1326048;"Autom�vel";"VW/T CROSS TSI/T CROSS TSI";2025;"Passageiro";"�bito";14;"Masculino";0;0;0;1;-17,29533055;-47,75688171;"SPRF-GO";"DEL06-GO";"UOP01-DEL06-GO"
742555;1663119;2025-12-30;"ter�a-feira";"12:12:00";"GO";50;164,8;"CAMPO ALEGRE DE GOIAS";"N�o";"Condutor Dormindo";2;"Colis�o com objeto";"Com V�timas Fatais";"Pleno dia";"Decrescente";"C�u Claro";"Dupla";"Reta";"N�o";1326048;"Autom�vel";"VW/T CROSS TSI/T CROSS TSI";2025;"Condutor";"�bito";41;"Masculino";0;0;0;1;-17,29533055;-47,75688171;"SPRF-GO";"DEL06-GO";"UOP01-DEL06-GO"
742555;1663122;2025-12-30;"ter�a-feira";"12:12:00";"GO";50;164,8;"CAMPO ALEGRE DE GOIAS";"N�o";"Condutor Dormindo";1;"Sa�da de leito carro��vel";"Com V�timas Fatais";"Pleno dia";"Decrescente";"C�u Claro";"Dupla";"Reta";"N�o";1326048;"Autom�vel";"VW/T CROSS TSI/T CROSS TSI";2025;"Passageiro";"�bito";37;"Feminino";0;0;0;1;-17,29533055;-47,75688171;"SPRF-GO";"DEL06-GO";"UOP01-DEL06-GO"
742555;1663121;2025-12-30;"ter�a-feira";"12:12:00";"GO";50;164,8;"CAMPO ALEGRE DE GOIAS";"N�o";"Condutor Dormindo";1;"Sa�da de leito carro��vel";"Com V�timas Fatais";"Pleno dia";"Decrescente";"C�u Claro";"Dupla";"Reta";"N�o";1326048;"Autom�vel";"VW/T CROSS TSI/T CROSS TSI";2025;"Passageiro";"�bito";9;"Masculino";0;0;0;1;-17,29533055;-47,75688171;"SPRF-GO";"DEL06-GO";"UOP01-DEL06-GO"
742555;1663120;2025-12-30;"ter�a-feira";"12:12:00";"GO";50;164,8;"CAMPO ALEGRE DE GOIAS";"N�o";"Condutor Dormindo";1;"Sa�da de leito carro��vel";"Com V�timas Fatais";"Pleno dia";"Decrescente";"C�u Claro";"Dupla";"Reta";"N�o";1326048;"Autom�vel";"VW/T CROSS TSI/T CROSS TSI";2025;"Passageiro";"�bito";14;"Masculino";0;0;0;1;-17,29533055;-47,75688171;"SPRF-GO";"DEL06-GO";"UOP01-DEL06-GO"
742555;1663119;2025-12-30;"ter�a-feira";"12:12:00";"GO";50;164,8;"CAMPO ALEGRE DE GOIAS";"N�o";"Condutor Dormindo";1;"Sa�da de leito carro��vel";"Com V�timas Fatais";"Pleno dia";"Decrescente";"C�u Claro";"Dupla";"Reta";"N�o";1326048;"Autom�vel";"VW/T CROSS TSI/T CROSS TSI";2025;"Condutor";"�bito";41;"Masculino";0;0;0;1;-17,29533055;-47,75688171;"SPRF-GO";"DEL06-GO";"UOP01-DEL06-GO"
742555;1663122;2025-12-30;"ter�a-feira";"12:12:00";"GO";50;164,8;"CAMPO ALEGRE DE GOIAS";"N�o";"Velocidade Incompat�vel";3;"Capotamento";"Com V�timas Fatais";"Pleno dia";"Decrescente";"C�u Claro";"Dupla";"Reta";"N�o";1326048;"Autom�vel";"VW/T CROSS TSI/T CROSS TSI";2025;"Passageiro";"�bito";37;"Feminino";0;0;0;1;-17,29533055;-47,75688171;"SPRF-GO";"DEL06-GO";"UOP01-DEL06-GO"
742555;1663121;2025-12-30;"ter�a-feira";"12:12:00";"GO";50;164,8;"CAMPO ALEGRE DE GOIAS";"N�o";"Velocidade Incompat�vel";3;"Capotamento";"Com V�timas Fatais";"Pleno dia";"Decrescente";"C�u Claro";"Dupla";"Reta";"N�o";1326048;"Autom�vel";"VW/T CROSS TSI/T CROSS TSI";2025;"Passageiro";"�bito";9;"Masculino";0;0;0;1;-17,29533055;-47,75688171;"SPRF-GO";"DEL06-GO";"UOP01-DEL06-GO"