"id";"pesid";"data_inversa";"dia_semana";"horario";"uf";"br";"km";"municipio";"causa_principal";"causa_acidente";"ordem_tipo_acidente";"tipo_acidente";"classificacao_acidente";"fase_dia";"sentido_via";"condicao_metereologica";"tipo_pista";"tracado_via";"uso_solo";"id_veiculo";"tipo_veiculo";"marca";"ano_fabricacao_veiculo";"tipo_envolvido";"estado_fisico";"idade";"sexo";"ilesos";"feridos_leves";"feridos_graves";"mortos";"latitude";"longitude";"regional";"delegacia";"uop"
742555;1663120;2025-12-30;"ter�a-feira";"12:12:00";"GO";50;164,8;"CAMPO ALEGRE DE GOIAS";"N�o";"Velocidade Incompat�vel";3;"Capotamento";"Com V�timas Fatais";"Pleno dia";"Decrescente";"C�u Claro";"Dupla";"Reta";"N�o";1326048;"Autom�vel";"VW/T CROSS TSI/T CROSS TSI";2025;"Passageiro";"�bito";14;"Masculino";0;0;0;1;-17,29533055;-47,75688171;"SPRF-GO";"DEL06-GO";"UOP01-DEL06-GO"
742555;1663119;2025-12-30;"ter�a-feira";"12:12:00";"GO";50;164,8;"CAMPO ALEGRE DE GOIAS";"N�o";"Velocidade Incompat�vel";3;"Capotamento";"Com V�timas Fatais";"Pleno dia";"Decrescente";"C�u Claro";"Dupla";"Reta";"N�o";1326048;"Autom�vel";"VW/T CROSS TSI/T CROSS TSI";2025;"Condutor";"�bito";41;"Masculino";0;0;0;1;-17,29533055;-47,75688171;"SPRF-GO";"DEL06-GO";"UOP01-DEL06-GO"
742555;1663122;2025-12-30;"ter�a-feira";"12:12:00";"GO";50;164,8;"CAMPO ALEGRE DE GOIAS";"N�o";"Velocidade Incompat�vel";2;"Colis�o com objeto";"Com V�timas Fatais";"Pleno dia";"Decrescente";"C�u Claro";"Dupla";"Reta";"N�o";1326048;"Autom�vel";"VW/T CROSS TSI/T CROSS TSI";2025;"Passageiro";"�bito";37;"Feminino";0;0;0;1;-17,29533055;-47,75688171;"SPRF-GO";"DEL06-GO";"UOP01-DEL06-GO"
742555;1663121;2025-12-30;"ter�a-feira";"12:12:00";"GO";50;164,8;"CAMPO ALEGRE DE GOIAS";"N�o";"Velocidade Incompat�vel";2;"Colis�o com objeto";"Com V�timas Fatais";"Pleno dia";"Decrescente";"C�u Claro";"Dupla";"Reta";"N�o";1326048;"Autom�vel";"VW/T CROSS TSI/T CROSS TSI";2025;"Passageiro";"�bito";9;"Masculino";0;0;0;1;-17,29533055;-47,75688171;"SPRF-GO";"DEL06-GO";"UOP01-DEL06-GO"
742555;1663120;2025-12-30;"ter�a-feira";"12:12:00";"GO";50;164,8;"CAMPO ALEGRE DE GOIAS";"N�o";"Velocidade Incompat�vel";2;"Colis�o com objeto";"Com V�timas Fatais";"Pleno dia";"Decrescente";"C�u Claro";"Dupla";"Reta";"N�o";1326048;"Autom�vel";"VW/T CROSS TSI/T CROSS TSI";2025;"Passageiro";"�bito";14;"Masculino";0;0;0;1;-17,29533055;-47,75688171;"SPRF-GO";"DEL06-GO";"UOP01-DEL06-GO"
742555;1663119;2025-12-30;"ter�a-feira";"12:12:00";"GO";50;164,8;"CAMPO ALEGRE DE GOIAS";"N�o";"Velocidade Incompat�vel";2;"Colis�o com objeto";"Com V�timas Fatais";"Pleno dia";"Decrescente";"C�u Claro";"Dupla";"Reta";"N�o";1326048;"Autom�vel";"VW/T CROSS TSI/T CROSS TSI";2025;"Condutor";"�bito";41;"Masculino";0;0;0;1;-17,29533055;-47,75688171;"SPRF-GO";"DEL06-GO";"UOP01-DEL06-GO"
742555;1663122;2025-12-30;"ter�a-feira";"12:12:00";"GO";50;164,8;"CAMPO ALEGRE DE GOIAS";"N�o";"Velocidade Incompat�vel";1;"Sa�da de leito carro��vel";"Com V�timas Fatais";"Pleno dia";"Decrescente";"C�u Claro";"Dupla";"Reta";"N�o";1326048;"Autom�vel";"VW/T CROSS TSI/T CROSS TSI";2025;"Passageiro";"�bito";37;"Feminino";0;0;0;1;-17,29533055;-47,75688171;"SPRF-GO";"DEL06-GO";"UOP01-DEL06-GO"
742555;1663121;2025-12-30;"ter�a-feira";"12:12:00";"GO";50;164,8;"CAMPO ALEGRE DE GOIAS";"N�o";"Velocidade Incompat�vel";1;"Sa�da de leito carro��vel";"Com V�timas Fatais";"Pleno dia";"Decrescente";"C�u Claro";"Dupla";"Reta";"N�o";1326048;"Autom�vel";"VW/T CROSS TSI/T CROSS TSI";2025;"Passageiro";"�bito";9;"Masculino";0;0;0;1;-17,29533055;-47,75688171;"SPRF-GO";"DEL06-GO";"UOP01-DEL06-GO"
742555;1663120;2025-12-30;"ter�a-feira";"12:12:00";"GO";50;164,8;"CAMPO ALEGRE DE GOIAS";"N�o";"Velocidade Incompat�vel";1;"Sa�da de leito carro��vel";"Com V�timas Fatais";"Pleno dia";"Decrescente";"C�u Claro";"Dupla";"Reta";"N�o";1326048;"Autom�vel";"VW/T CROSS TSI/T CROSS TSI";2025;"Passageiro";"�bito";14;"Masculino";0;0;0;1;-17,29533055;-47,75688171;"SPRF-GO";"DEL06-GO";"UOP01-DEL06-GO"
742555;1663119;2025-12-30;"ter�a-feira";"12:12:00";"GO";50;164,8;"CAMPO ALEGRE DE GOIAS";"N�o";"Velocidade Incompat�vel";1;"Sa�da de leito carro��vel";"Com V�timas Fatais";"Pleno dia";"Decrescente";"C�u Claro";"Dupla";"Reta";"N�o";1326048;"Autom�vel";"VW/T CROSS TSI/T CROSS TSI";2025;"Condutor";"�bito";41;"Masculino";0;0;0;1;-17,29533055;-47,75688171;"SPRF-GO";"DEL06-GO";"UOP01-DEL06-GO"
742555;1663122;2025-12-30;"ter�a-feira";"12:12:00";"GO";50;164,8;"CAMPO ALEGRE DE GOIAS";"Sim";"Aus�ncia de rea��o do condutor";3;"Capotamento";"Com V�timas Fatais";"Pleno dia";"Decrescente";"C�u Claro";"Dupla";"Reta";"N�o";1326048;"Autom�vel";"VW/T CROSS TSI/T CROSS TSI";2025;"Passageiro";"�bito";37;"Feminino";0;0;0;1;-17,29533055;-47,75688171;"SPRF-GO";"DEL06-GO";"UOP01-DEL06-GO"
742555;1663121;2025-12-30;"ter�a-feira";"12:12:00";"GO";50;164,8;"CAMPO ALEGRE DE GOIAS";"Sim";"Aus�ncia de rea��o do condutor";3;"Capotamento";"Com V�timas Fatais";"Pleno dia";"Decrescente";"C�u Claro";"Dupla";"Reta";"N�o";1326048;"Autom�vel";"VW/T CROSS TSI/T CROSS TSI";2025;"Passageiro";"�bito";9;"Masculino";0;0;0;1;-17,29533055;-47,75688171;"SPRF-GO";"DEL06-GO";"UOP01-DEL06-GO"
742555;1663120;2025-12-30;"ter�a-feira";"12:12:00";"GO";50;164,8;"CAMPO ALEGRE DE GOIAS";"Sim";"Aus�ncia de rea��o do condutor";3;"Capotamento";"Com V�timas Fatais";"Pleno dia";"Decrescente";"C�u Claro";"Dupla";"Reta";"N�o";1326048;"Autom�vel";"VW/T CROSS TSI/T CROSS TSI";2025;"Passageiro";"�bito";14;"Masculino";0;0;0;1;-17,29533055;-47,75688171;"SPRF-GO";"DEL06-GO";"UOP01-DEL06-GO"
742555;1663119;2025-12-30;"ter�a-feira";"12:12:00";"GO";50;164,8;"CAMPO ALEGRE DE GOIAS";"Sim";"Aus�ncia de rea��o do condutor";3;"Capotamento";"Com V�timas Fatais";"Pleno dia";"Decrescente";"C�u Claro";"Dupla";"Reta";"N�o";1326048;"Autom�vel";"VW/T CROSS TSI/T CROSS TSI";2025;"Condutor";"�bito";41;"Masculino";0;0;0;1;-17,29533055;-47,75688171;"SPRF-GO";"DEL06-GO";"UOP01-DEL06-GO"
742555;1663122;2025-12-30;"ter�a-feira";"12:12:00";"GO";50;164,8;"CAMPO ALEGRE DE GOIAS";"Sim";"Aus�ncia de rea��o do condutor";2;"Colis�o com objeto";"Com V�timas Fatais";"Pleno dia";"Decrescente";"C�u Claro";"Dupla";"Reta";"N�o";1326048;"Autom�vel";"VW/T CROSS TSI/T CROSS TSI";2025;"Passageiro";"�bito";37;"Feminino";0;0;0;1;-17,29533055;-47,75688171;"SPRF-GO";"DEL06-GO";"UOP01-DEL06-GO"
742555;1663121;2025-12-30;"ter�a-feira";"12:12:00";"GO";50;164,8;"CAMPO ALEGRE DE GOIAS";"Sim";"Aus�ncia de rea��o do condutor";2;"Colis�o com objeto";"Com V�timas Fatais";"Pleno dia";"Decrescente";"C�u Claro";"Dupla";"Reta";"N�o";1326048;"Autom�vel";"VW/T CROSS TSI/T CROSS TSI";2025;"Passageiro";"�bito";9;"Masculino";0;0;0;1;-17,29533055;-47,75688171;"SPRF-GO";"DEL06-GO";"UOP01-DEL06-GO"
742555;1663120;2025-12-30;"ter�a-feira";"12:12:00";"GO";50;164,8;"CAMPO ALEGRE DE GOIAS";"Sim";"Aus�ncia de rea��o do condutor";2;"Colis�o com objeto";"Com V�timas Fatais";"Pleno dia";"Decrescente";"C�u Claro";"Dupla";"Reta";"N�o";1326048;"Autom�vel";"VW/T CROSS TSI/T CROSS TSI";2025;"Passageiro";"�bito";14;"Masculino";0;0;0;1;-17,29533055;-47,75688171;"SPRF-GO";"DEL06-GO";"UOP01-DEL06-GO"
742555;1663119;2025-12-30;"ter�a-feira";"12:12:00";"GO";50;164,8;"CAMPO ALEGRE DE GOIAS";"Sim";"Aus�ncia de rea��o do condutor";2;"Colis�o com objeto";"Com V�timas Fatais";"Pleno dia";"Decrescente";"C�u Claro";"Dupla";"Reta";"N�o";1326048;"Autom�vel";"VW/T CROSS TSI/T CROSS TSI";2025;"Condutor";"�bito";41;"Masculino";0;0;0;1;-17,29533055;-47,75688171;"SPRF-GO";"DEL06-GO";"UOP01-DEL06-GO"
742555;1663122;2025-12-30;"ter�a-feira";"12:12:00";"GO";50;164,8;"CAMPO ALEGRE DE GOIAS";"Sim";"Aus�ncia de rea��o do condutor";1;"Sa�da de leito carro��vel";"Com V�timas Fatais";"Pleno dia";"Decrescente";"C�u Claro";"Dupla";"Reta";"N�o";1326048;"Autom�vel";"VW/T CROSS TSI/T CROSS TSI";2025;"Passageiro";"�bito";37;"Feminino";0;0;0;1;-17,29533055;-47,75688171;"SPRF-GO";"DEL06-GO";"UOP01-DEL06-GO"
742555;1663121;2025-12-30;"ter�a-feira";"12:12:00";"GO";50;164,8;"CAMPO ALEGRE DE GOIAS";"Sim";"Aus�ncia de rea��o do condutor";1;"Sa�da de leito carro��vel";"Com V�timas Fatais";"Pleno dia";"Decrescente";"C�u Claro";"Dupla";"Reta";"N�o";1326048;"Autom�vel";"VW/T CROSS TSI/T CROSS TSI";2025;"Passageiro";"�bito";9;"Masculino";0;0;0;1;-17,29533055;-47,75688171;"SPRF-GO";"DEL06-GO";"UOP01-DEL06-GO"
742555;1663120;2025-12-30;"ter�a-feira";"12:12:00";"GO";50;164,8;"CAMPO ALEGRE DE GOIAS";"Sim";"Aus�ncia de rea��o do condutor";1;"Sa�da de leito carro��vel";"Com V�timas Fatais";"Pleno dia";"Decrescente";"C�u Claro";"Dupla";"Reta";"N�o";1326048;"Autom�vel";"VW/T CROSS TSI/T CROSS TSI";2025;"Passageiro";"�bito";14;"Masculino";0;0;0;1;-17,29533055;-47,75688171;"SPRF-GO";"DEL06-GO";"UOP01-DEL06-GO"
742555;1663119;2025-12-30;"ter�a-feira";"12:12:00";"GO";50;164,8;"CAMPO ALEGRE DE GOIAS";"Sim";"Aus�ncia de rea��o do condutor";1;"Sa�da de leito carro��vel";"Com V�timas Fatais";"Pleno dia";"Decrescente";"C�u Claro";"Dupla";"Reta";"N�o";1326048;"Autom�vel";"VW/T CROSS TSI/T CROSS TSI";2025;"Condutor";"�bito";41;"Masculino";0;0;0;1;-17,29533055;-47,75688171;"SPRF-GO";"DEL06-GO";"UOP01-DEL06-GO"
742556;1662869;2025-12-30;"ter�a-feira";"12:00:00";"SC";101;96,5;"BALNEARIO PICARRAS";"Sim";"Manobra de mudan�a de faixa";3;"Queda de ocupante de ve�culo";"Com V�timas Feridas";"Pleno dia";"Decrescente";"C�u Claro";"Dupla";"Reta";"Sim";1325881;"Caminhonete";"I/RENAULT KGOO EXPRESS16/RENAULT KGOO EXPRESS16";2013;"Condutor";"Ileso";30;"Masculino";1;0;0;0;-26,72604431;-48,70207071;"SPRF-SC";"DEL03-SC";"UOP02-DEL03-SC"
742556;1662868;2025-12-30;"ter�a-feira";"12:00:00";"SC";101;96,5;"BALNEARIO PICARRAS";"Sim";"Manobra de mudan�a de faixa";3;"Queda de ocupante de ve�culo";"Com V�timas Feridas";"Pleno dia";"Decrescente";"C�u Claro";"Dupla";"Reta";"Sim";1325880;"Motocicleta";"HONDA/CG 160 FAN/CG 160 FAN";2022;"Condutor";"Les�es Leves";21;"Masculino";0;1;0;0;-26,72604431;-48,70207071;"SPRF-SC";"DEL03-SC";"UOP02-DEL03-SC"
742556;1662870;2025-12-30;"ter�a-feira";"12:00:00";"SC";101;96,5;"BALNEARIO PICARRAS";"Sim";"Manobra de mudan�a de faixa";3;"Queda de ocupante de ve�culo";"Com V�timas Feridas";"Pleno dia";"Decrescente";"C�u Claro";"Dupla";"Reta";"Sim";NA;NA;"NA/NA/NA";NA;"Testemunha";"N�o Informado";NA;"N�o Informado";0;0;0;0;-26,72604431;-48,70207071;"SPRF-SC";"DEL03-SC";"UOP02-DEL03-SC"
742556;1662869;2025-12-30;"ter�a-feira";"12:00:00";"SC";101;96,5;"BALNEARIO PICARRAS";"Sim";"Manobra de mudan�a de faixa";2;"Tombamento";"Com V�timas Feridas";"Pleno dia";"Decrescente";"C�u Claro";"Dupla";"Reta";"Sim";1325881;"Caminhonete";"I/RENAULT KGOO EXPRESS16/RENAULT KGOO EXPRESS16";2013;"Condutor";"Ileso";30;"Masculino";1;0;0;0;-26,72604431;-48,70207071;"SPRF-SC";"DEL03-SC";"UOP02-DEL03-SC"
742556;1662868;2025-12-30;"ter�a-feira";"12:00:00";"SC";101;96,5;"BALNEARIO PICARRAS";"Sim";"Manobra de mudan�a de faixa";2;"Tombamento";"Com V�timas Feridas";"Pleno dia";"Decrescente";"C�u Claro";"Dupla";"Reta";"Sim";1325880;"Motocicleta";"HONDA/CG 160 FAN/CG 160 FAN";2022;"Condutor";"Les�es Leves";21;"Masculino";0;1;0;0;-26,72604431;-48,70207071;"SPRF-SC";"DEL03-SC";"UOP02-DEL03-SC"
742556;1662870;2025-12-30;"ter�a-feira";"12:00:00";"SC";101;96,5;"BALNEARIO PICARRAS";"Sim";"Manobra de mudan�a de faixa";2;"Tombamento";"Com V�timas Feridas";"Pleno dia";"Decrescente";"C�u Claro";"Dupla";"Reta";"Sim";NA;NA;"NA/NA/NA";NA;"Testemunha";"N�o Informado";NA;"N�o Informado";0;0;0;0;-26,72604431;-48,70207071;"SPRF-SC";"DEL03-SC";"UOP02-DEL03-SC"
742556;1662869;2025-12-30;"ter�a-feira";"12:00:00";"SC";101;96,5;"BALNEARIO PICARRAS";"Sim";"Manobra de mudan�a de faixa";1;"Colis�o traseira";"Com V�timas Feridas";"Pleno dia";"Decrescente";"C�u Claro";"Dupla";"Reta";"Sim";1325881;"Caminhonete";"I/RENAULT KGOO EXPRESS16/RENAULT KGOO EXPRESS16";2013;"Condutor";"Ileso";30;"Masculino";1;0;0;0;-26,72604431;-48,70207071;"SPRF-SC";"DEL03-SC";"UOP02-DEL03-SC"
742556;1662868;2025-12-30;"ter�a-feira";"12:00:00";"SC";101;96,5;"BALNEARIO PICARRAS";"Sim";"Manobra de mudan�a de faixa";1;"Colis�o traseira";"Com V�timas Feridas";"Pleno dia";"Decrescente";"C�u Claro";"Dupla";"Reta";"Sim";1325880;"Motocicleta";"HONDA/CG 160 FAN/CG 160 FAN";2022;"Condutor";"Les�es Leves";21;"Masculino";0;1;0;0;-26,72604431;-48,70207071;"SPRF-SC";"DEL03-SC";"UOP02-DEL03-SC"
742556;1662870;2025-12-30;"ter�a-feira";"12:00:00";"SC";101;96,5;"BALNEARIO PICARRAS";"Sim";"Manobra de mudan�a de faixa";1;"Colis�o traseira";"Com V�timas Feridas";"Pleno dia";"Decrescente";"C�u Claro";"Dupla";"Reta";"Sim";NA;NA;"NA/NA/NA";NA;"Testemunha";"N�o Informado";NA;"N�o Informado";0;0;0;0;-26,72604431;-48,70207071;"SPRF-SC";"DEL03-SC";"UOP02-DEL03-SC"
742557;1662949;2025-12-30;"ter�a-feira";"12:35:00";"RJ";NA;NA;"DUQUE DE CAXIAS";"Sim";"Rea��o tardia ou ineficiente do condutor";1;"Colis�o traseira";"Sem V�timas";"Pleno dia";"N�o Informado";"C�u Claro";"Simples";"Reta";"Sim";1325925;"Autom�vel";"VW/GOL 1.0 GIV/GOL 1.0 GIV";2011;"Passageiro";"Ileso";21;"Masculino";1;0;0;0;-22,600233;-43,29443;"SPRF-RJ";"DEL01-RJ";"UOP02-DEL01-RJ"
742557;1662948;2025-12-30;"ter�a-feira";"12:35:00";"RJ";NA;NA;"DUQUE DE CAXIAS";"Sim";"Rea��o tardia ou ineficiente do condutor";1;"Colis�o traseira";"Sem V�timas";"Pleno dia";"N�o Informado";"C�u Claro";"Simples";"Reta";"Sim";1325925;"Autom�vel";"VW/GOL 1.0 GIV/GOL 1.0 GIV";2011;"Passageiro";"Ileso";21;"Masculino";1;0;0;0;-22,600233;-43,29443;"SPRF-RJ";"DEL01-RJ";"UOP02-DEL01-RJ"
742557;1662947;2025-12-30;"ter�a-feira";"12:35:00";"RJ";NA;NA;"DUQUE DE CAXIAS";"Sim";"Rea��o tardia ou ineficiente do condutor";1;"Colis�o traseira";"Sem V�timas";"Pleno dia";"N�o Informado";"C�u Claro";"Simples";"Reta";"Sim";1325925;"Autom�vel";"VW/GOL 1.0 GIV/GOL 1.0 GIV";2011;"Condutor";"Ileso";25;"Masculino";1;0;0;0;-22,600233;-43,29443;"SPRF-RJ";"DEL01-RJ";"UOP02-DEL01-RJ"
742557;1662946;2025-12-30;"ter�a-feira";"12:35:00";"RJ";NA;NA;"DUQUE DE CAXIAS";"Sim";"Rea��o tardia ou ineficiente do condutor";1;"Colis�o traseira";"Sem V�timas";"Pleno dia";"N�o Informado";"C�u Claro";"Simples";"Reta";"Sim";1325922;"Utilit�rio";"CHEV/TRAILBLAZER LT D4A/TRAILBLAZER LT D4A";2023;"Passageiro";"Ileso";39;"Masculino";1;0;0;0;-22,600233;-43,29443;"SPRF-RJ";"DEL01-RJ";"UOP02-DEL01-RJ"
742557;1662945;2025-12-30;"ter�a-feira";"12:35:00";"RJ";NA;NA;"DUQUE DE CAXIAS";"Sim";"Rea��o tardia ou ineficiente do condutor";1;"Colis�o traseira";"Sem V�timas";"Pleno dia";"N�o Informado";"C�u Claro";"Simples";"Reta";"Sim";1325922;"Utilit�rio";"CHEV/TRAILBLAZER LT D4A/TRAILBLAZER LT D4A";2023;"Passageiro";"Ileso";42;"Masculino";1;0;0;0;-22,600233;-43,29443;"SPRF-RJ";"DEL01-RJ";"UOP02-DEL01-RJ"
742557;1662942;2025-12-30;"ter�a-feira";"12:35:00";"RJ";NA;NA;"DUQUE DE CAXIAS";"Sim";"Rea��o tardia ou ineficiente do condutor";1;"Colis�o traseira";"Sem V�timas";"Pleno dia";"N�o Informado";"C�u Claro";"Simples";"Reta";"Sim";1325922;"Utilit�rio";"CHEV/TRAILBLAZER LT D4A/TRAILBLAZER LT D4A";2023;"Condutor";"Ileso";42;"Masculino";1;0;0;0;-22,600233;-43,29443;"SPRF-RJ";"DEL01-RJ";"UOP02-DEL01-RJ"
742558;1663357;2025-12-30;"ter�a-feira";"12:00:00";"RS";386;270;"FONTOURA XAVIER";"N�o";"Transitar na contram�o";1;"Colis�o frontal";"Com V�timas Feridas";"Pleno dia";"Crescente";"Chuva";"Simples";"Interse��o de Vias;Reta";"Sim";1326224;"Caminhonete";"FIAT/TORO ENDUR AT9 4X4/TORO ENDUR AT9 4X4";2023;"Condutor";"Ileso";43;"Feminino";1;0;0;0;-28,979611;-52,367439;"SPRF-RS";"DEL04-RS";"UOP03-DEL04-RS"
742558;1663356;2025-12-30;"ter�a-feira";"12:00:00";"RS";386;270;"FONTOURA XAVIER";"N�o";"Transitar na contram�o";1;"Colis�o frontal";"Com V�timas Feridas";"Pleno dia";"Crescente";"Chuva";"Simples";"Interse��o de Vias;Reta";"Sim";1326223;"Autom�vel";"VW/GOL 1.0/GOL 1.0";2010;"Passageiro";"Ileso";0;"Feminino";1;0;0;0;-28,979611;-52,367439;"SPRF-RS";"DEL04-RS";"UOP03-DEL04-RS"
742558;1663355;2025-12-30;"ter�a-feira";"12:00:00";"RS";386;270;"FONTOURA XAVIER";"N�o";"Transitar na contram�o";1;"Colis�o frontal";"Com V�timas Feridas";"Pleno dia";"Crescente";"Chuva";"Simples";"Interse��o de Vias;Reta";"Sim";1326223;"Autom�vel";"VW/GOL 1.0/GOL 1.0";2010;"Passageiro";"Ileso";31;"Feminino";1;0;0;0;-28,979611;-52,367439;"SPRF-RS";"DEL04-RS";"UOP03-DEL04-RS"
742558;1663353;2025-12-30;"ter�a-feira";"12:00:00";"RS";386;270;"FONTOURA XAVIER";"N�o";"Transitar na contram�o";1;"Colis�o frontal";"Com V�timas Feridas";"Pleno dia";"Crescente";"Chuva";"Simples";"Interse��o de Vias;Reta";"Sim";1326223;"Autom�vel";"VW/GOL 1.0/GOL 1.0";2010;"Condutor";"Les�es Leves";32;"Masculino";0;1;0;0;-28,979611;-52,367439;"SPRF-RS";"DEL04-RS";"UOP03-DEL04-RS"
742558;1663357;2025-12-30;"ter�a-feira";"12:00:00";"RS";386;270;"FONTOURA XAVIER";"Sim";"Acessar a via sem observar a presen�a dos outros ve�culos";1;"Colis�o frontal";"Com V�timas Feridas";"Pleno dia";"Crescente";"Chuva";"Simples";"Interse��o de Vias;Reta";"Sim";1326224;"Caminhonete";"FIAT/TORO ENDUR AT9 4X4/TORO ENDUR AT9 4X4";2023;"Condutor";"Ileso";43;"Feminino";1;0;0;0;-28,979611;-52,367439;"SPRF-RS";"DEL04-RS";"UOP03-DEL04-RS"
742558;1663356;2025-12-30;"ter�a-feira";"12:00:00";"RS";386;270;"FONTOURA XAVIER";"Sim";"Acessar a via sem observar a presen�a dos outros ve�culos";1;"Colis�o frontal";"Com V�timas Feridas";"Pleno dia";"Crescente";"Chuva";"Simples";"Interse��o de Vias;Reta";"Sim";1326223;"Autom�vel";"VW/GOL 1.0/GOL 1.0";2010;"Passageiro";"Ileso";0;"Feminino";1;0;0;0;-28,979611;-52,367439;"SPRF-RS";"DEL04-RS";"UOP03-DEL04-RS"
742558;1663355;2025-12-30;"ter�a-feira";"12:00:00";"RS";386;270;"FONTOURA XAVIER";"Sim";"Acessar a via sem observar a presen�a dos outros ve�culos";1;"Colis�o frontal";"Com V�timas Feridas";"Pleno dia";"Crescente";"Chuva";"Simples";"Interse��o de Vias;Reta";"Sim";1326223;"Autom�vel";"VW/GOL 1.0/GOL 1.0";2010;"Passageiro";"Ileso";31;"Feminino";1;0;0;0;-28,979611;-52,367439;"SPRF-RS";"DEL04-RS";"UOP03-DEL04-RS"
742558;1663353;2025-12-30;"ter�a-feira";"12:00:00";"RS";386;270;"FONTOURA XAVIER";"Sim";"Acessar a via sem observar a presen�a dos outros ve�culos";1;"Colis�o frontal";"Com V�timas Feridas";"Pleno dia";"Crescente";"Chuva";"Simples";"Interse��o de Vias;Reta";"Sim";1326223;"Autom�vel";"VW/GOL 1.0/GOL 1.0";2010;"Condutor";"Les�es Leves";32;"Masculino";0;1;0;0;-28,979611;-52,367439;"SPRF-RS";"DEL04-RS";"UOP03-DEL04-RS"
742559;1662871;2025-12-30;"ter�a-feira";"11:00:00";"MG";381;943,5;"EXTREMA";"Sim";"Aus�ncia de rea��o do condutor";1;"Queda de ocupante de ve�culo";"Com V�timas Feridas";"Pleno dia";"Crescente";"C�u Claro";"Dupla";"Reta";"N�o";1325882;"Motocicleta";"HONDA/CG 160 START/CG 160 START";2024;"Condutor";"Les�es Leves";24;"Masculino";0;1;0;0;-22,83796436;-46,32778645;"SPRF-MG";"DEL16-MG";"UOP03-DEL16-MG"
742560;1662875;2025-12-29;"segunda-feira";"09:00:00";"PI";316;313,6;"PICOS";"N�o";"Acesso irregular";3;"Queda de ocupante de ve�culo";"Com V�timas Feridas";"Pleno dia";"Crescente";"C�u Claro";"Simples";"Reta";"Sim";1325887;"Autom�vel";"I/FIAT CRONOS DRIVE 1.3/FIAT CRONOS DRIVE 1.3";2021;"Condutor";"Ileso";28;"Masculino";1;0;0;0;-7,077665;-41,444465;"SPRF-PI";"DEL04-PI";"UOP01-DEL04-PI"
742560;1662876;2025-12-29;"segunda-feira";"09:00:00";"PI";316;313,6;"PICOS";"N�o";"Acesso irregular";3;"Queda de ocupante de ve�culo";"Com V�timas Feridas";"Pleno dia";"Crescente";"C�u Claro";"Simples";"Reta";"Sim";1325888;"Motocicleta";"HONDA/CG 150 TITAN ESD/CG 150 TITAN ESD";2014;"Condutor";"Les�es Leves";55;"Masculino";0;1;0;0;-7,077665;-41,444465;"SPRF-PI";"DEL04-PI";"UOP01-DEL04-PI"
742560;1662875;2025-12-29;"segunda-feira";"09:00:00";"PI";316;313,6;"PICOS";"N�o";"Acesso irregular";2;"Tombamento";"Com V�timas Feridas";"Pleno dia";"Crescente";"C�u Claro";"Simples";"Reta";"Sim";1325887;"Autom�vel";"I/FIAT CRONOS DRIVE 1.3/FIAT CRONOS DRIVE 1.3";2021;"Condutor";"Ileso";28;"Masculino";1;0;0;0;-7,077665;-41,444465;"SPRF-PI";"DEL04-PI";"UOP01-DEL04-PI"
742560;1662876;2025-12-29;"segunda-feira";"09:00:00";"PI";316;313,6;"PICOS";"N�o";"Acesso irregular";2;"Tombamento";"Com V�timas Feridas";"Pleno dia";"Crescente";"C�u Claro";"Simples";"Reta";"Sim";1325888;"Motocicleta";"HONDA/CG 150 TITAN ESD/CG 150 TITAN ESD";2014;"Condutor";"Les�es Leves";55;"Masculino";0;1;0;0;-7,077665;-41,444465;"SPRF-PI";"DEL04-PI";"UOP01-DEL04-PI"
742560;1662875;2025-12-29;"segunda-feira";"09:00:00";"PI";316;313,6;"PICOS";"N�o";"Acesso irregular";1;"Colis�o transversal";"Com V�timas Feridas";"Pleno dia";"Crescente";"C�u Claro";"Simples";"Reta";"Sim";1325887;"Autom�vel";"I/FIAT CRONOS DRIVE 1.3/FIAT CRONOS DRIVE 1.3";2021;"Condutor";"Ileso";28;"Masculino";1;0;0;0;-7,077665;-41,444465;"SPRF-PI";"DEL04-PI";"UOP01-DEL04-PI"
742560;1662876;2025-12-29;"segunda-feira";"09:00:00";"PI";316;313,6;"PICOS";"N�o";"Acesso irregular";1;"Colis�o transversal";"Com V�timas Feridas";"Pleno dia";"Crescente";"C�u Claro";"Simples";"Reta";"Sim";1325888;"Motocicleta";"HONDA/CG 150 TITAN ESD/CG 150 TITAN ESD";2014;"Condutor";"Les�es Leves";55;"Masculino";0;1;0;0;-7,077665;-41,444465;"SPRF-PI";"DEL04-PI";"UOP01-DEL04-PI"
742560;1662875;2025-12-29;"segunda-feira";"09:00:00";"PI";316;313,6;"PICOS";"N�o";"Aus�ncia de rea��o do condutor";3;"Queda de ocupante de ve�culo";"Com V�timas Feridas";"Pleno dia";"Crescente";"C�u Claro";"Simples";"Reta";"Sim";1325887;"Autom�vel";"I/FIAT CRONOS DRIVE 1.3/FIAT CRONOS DRIVE 1.3";2021;"Condutor";"Ileso";28;"Masculino";1;0;0;0;-7,077665;-41,444465;"SPRF-PI";"DEL04-PI";"UOP01-DEL04-PI"
742560;1662876;2025-12-29;"segunda-feira";"09:00:00";"PI";316;313,6;"PICOS";"N�o";"Aus�ncia de rea��o do condutor";3;"Queda de ocupante de ve�culo";"Com V�timas Feridas";"Pleno dia";"Crescente";"C�u Claro";"Simples";"Reta";"Sim";1325888;"Motocicleta";"HONDA/CG 150 TITAN ESD/CG 150 TITAN ESD";2014;"Condutor";"Les�es Leves";55;"Masculino";0;1;0;0;-7,077665;-41,444465;"SPRF-PI";"DEL04-PI";"UOP01-DEL04-PI"