"id";"pesid";"data_inversa";"dia_semana";"horario";"uf";"br";"km";"municipio";"causa_principal";"causa_acidente";"ordem_tipo_acidente";"tipo_acidente";"classificacao_acidente";"fase_dia";"sentido_via";"condicao_metereologica";"tipo_pista";"tracado_via";"uso_solo";"id_veiculo";"tipo_veiculo";"marca";"ano_fabricacao_veiculo";"tipo_envolvido";"estado_fisico";"idade";"sexo";"ilesos";"feridos_leves";"feridos_graves";"mortos";"latitude";"longitude";"regional";"delegacia";"uop"
742560;1662875;2025-12-29;"segunda-feira";"09:00:00";"PI";316;313,6;"PICOS";"N�o";"Aus�ncia de rea��o do condutor";2;"Tombamento";"Com V�timas Feridas";"Pleno dia";"Crescente";"C�u Claro";"Simples";"Reta";"Sim";1325887;"Autom�vel";"I/FIAT CRONOS DRIVE 1.3/FIAT CRONOS DRIVE 1.3";2021;"Condutor";"Ileso";28;"Masculino";1;0;0;0;-7,077665;-41,444465;"SPRF-PI";"DEL04-PI";"UOP01-DEL04-PI"
742560;1662876;2025-12-29;"segunda-feira";"09:00:00";"PI";316;313,6;"PICOS";"N�o";"Aus�ncia de rea��o do condutor";2;"Tombamento";"Com V�timas Feridas";"Pleno dia";"Crescente";"C�u Claro";"Simples";"Reta";"Sim";1325888;"Motocicleta";"HONDA/CG 150 TITAN ESD/CG 150 TITAN ESD";2014;"Condutor";"Les�es Leves";55;"Masculino";0;1;0;0;-7,077665;-41,444465;"SPRF-PI";"DEL04-PI";"UOP01-DEL04-PI"
742560;1662875;2025-12-29;"segunda-feira";"09:00:00";"PI";316;313,6;"PICOS";"N�o";"Aus�ncia de rea��o do condutor";1;"Colis�o transversal";"Com V�timas Feridas";"Pleno dia";"Crescente";"C�u Claro";"Simples";"Reta";"Sim";1325887;"Autom�vel";"I/FIAT CRONOS DRIVE 1.3/FIAT CRONOS DRIVE 1.3";2021;"Condutor";"Ileso";28;"Masculino";1;0;0;0;-7,077665;-41,444465;"SPRF-PI";"DEL04-PI";"UOP01-DEL04-PI"
742560;1662876;2025-12-29;"segunda-feira";"09:00:00";"PI";316;313,6;"PICOS";"N�o";"Aus�ncia de rea��o do condutor";1;"Colis�o transversal";"Com V�timas Feridas";"Pleno dia";"Crescente";"C�u Claro";"Simples";"Reta";"Sim";1325888;"Motocicleta";"HONDA/CG 150 TITAN ESD/CG 150 TITAN ESD";2014;"Condutor";"Les�es Leves";55;"Masculino";0;1;0;0;-7,077665;-41,444465;"SPRF-PI";"DEL04-PI";"UOP01-DEL04-PI"
742560;1662875;2025-12-29;"segunda-feira";"09:00:00";"PI";316;313,6;"PICOS";"Sim";"Acessar a via sem observar a presen�a dos outros ve�culos";3;"Queda de ocupante de ve�culo";"Com V�timas Feridas";"Pleno dia";"Crescente";"C�u Claro";"Simples";"Reta";"Sim";1325887;"Autom�vel";"I/FIAT CRONOS DRIVE 1.3/FIAT CRONOS DRIVE 1.3";2021;"Condutor";"Ileso";28;"Masculino";1;0;0;0;-7,077665;-41,444465;"SPRF-PI";"DEL04-PI";"UOP01-DEL04-PI"
742560;1662876;2025-12-29;"segunda-feira";"09:00:00";"PI";316;313,6;"PICOS";"Sim";"Acessar a via sem observar a presen�a dos outros ve�culos";3;"Queda de ocupante de ve�culo";"Com V�timas Feridas";"Pleno dia";"Crescente";"C�u Claro";"Simples";"Reta";"Sim";1325888;"Motocicleta";"HONDA/CG 150 TITAN ESD/CG 150 TITAN ESD";2014;"Condutor";"Les�es Leves";55;"Masculino";0;1;0;0;-7,077665;-41,444465;"SPRF-PI";"DEL04-PI";"UOP01-DEL04-PI"
742560;1662875;2025-12-29;"segunda-feira";"09:00:00";"PI";316;313,6;"PICOS";"Sim";"Acessar a via sem observar a presen�a dos outros ve�culos";2;"Tombamento";"Com V�timas Feridas";"Pleno dia";"Crescente";"C�u Claro";"Simples";"Reta";"Sim";1325887;"Autom�vel";"I/FIAT CRONOS DRIVE 1.3/FIAT CRONOS DRIVE 1.3";2021;"Condutor";"Ileso";28;"Masculino";1;0;0;0;-7,077665;-41,444465;"SPRF-PI";"DEL04-PI";"UOP01-DEL04-PI"
742560;1662876;2025-12-29;"segunda-feira";"09:00:00";"PI";316;313,6;"PICOS";"Sim";"Acessar a via sem observar a presen�a dos outros ve�culos";2;"Tombamento";"Com V�timas Feridas";"Pleno dia";"Crescente";"C�u Claro";"Simples";"Reta";"Sim";1325888;"Motocicleta";"HONDA/CG 150 TITAN ESD/CG 150 TITAN ESD";2014;"Condutor";"Les�es Leves";55;"Masculino";0;1;0;0;-7,077665;-41,444465;"SPRF-PI";"DEL04-PI";"UOP01-DEL04-PI"
742560;1662875;2025-12-29;"segunda-feira";"09:00:00";"PI";316;313,6;"PICOS";"Sim";"Acessar a via sem observar a presen�a dos outros ve�culos";1;"Colis�o transversal";"Com V�timas Feridas";"Pleno dia";"Crescente";"C�u Claro";"Simples";"Reta";"Sim";1325887;"Autom�vel";"I/FIAT CRONOS DRIVE 1.3/FIAT CRONOS DRIVE 1.3";2021;"Condutor";"Ileso";28;"Masculino";1;0;0;0;-7,077665;-41,444465;"SPRF-PI";"DEL04-PI";"UOP01-DEL04-PI"
742560;1662876;2025-12-29;"segunda-feira";"09:00:00";"PI";316;313,6;"PICOS";"Sim";"Acessar a via sem observar a presen�a dos outros ve�culos";1;"Colis�o transversal";"Com V�timas Feridas";"Pleno dia";"Crescente";"C�u Claro";"Simples";"Reta";"Sim";1325888;"Motocicleta";"HONDA/CG 150 TITAN ESD/CG 150 TITAN ESD";2014;"Condutor";"Les�es Leves";55;"Masculino";0;1;0;0;-7,077665;-41,444465;"SPRF-PI";"DEL04-PI";"UOP01-DEL04-PI"
742561;1662896;2025-12-30;"ter�a-feira";"08:50:00";"BA";349;1021;"CORRENTINA";"Sim";"Demais falhas mec�nicas ou el�tricas";1;"Sa�da de leito carro��vel";"Com V�timas Feridas";"Pleno dia";"Decrescente";"C�u Claro";"Simples";"Reta";"N�o";1325900;"Autom�vel";"HYUNDAI/HB20S 10M EVOLUT/HB20S 10M EVOLUT";2022;"Passageiro";"Les�es Leves";72;"Feminino";0;1;0;0;-13,62261;-45,34614;"SPRF-BA";"DEL10-BA";"UOP02-DEL10-BA"
742561;1662894;2025-12-30;"ter�a-feira";"08:50:00";"BA";349;1021;"CORRENTINA";"Sim";"Demais falhas mec�nicas ou el�tricas";1;"Sa�da de leito carro��vel";"Com V�timas Feridas";"Pleno dia";"Decrescente";"C�u Claro";"Simples";"Reta";"N�o";1325900;"Autom�vel";"HYUNDAI/HB20S 10M EVOLUT/HB20S 10M EVOLUT";2022;"Condutor";"Ileso";47;"Masculino";1;0;0;0;-13,62261;-45,34614;"SPRF-BA";"DEL10-BA";"UOP02-DEL10-BA"
742561;1662898;2025-12-30;"ter�a-feira";"08:50:00";"BA";349;1021;"CORRENTINA";"Sim";"Demais falhas mec�nicas ou el�tricas";1;"Sa�da de leito carro��vel";"Com V�timas Feridas";"Pleno dia";"Decrescente";"C�u Claro";"Simples";"Reta";"N�o";1325900;"Autom�vel";"HYUNDAI/HB20S 10M EVOLUT/HB20S 10M EVOLUT";2022;"Passageiro";"Les�es Leves";7;"Feminino";0;1;0;0;-13,62261;-45,34614;"SPRF-BA";"DEL10-BA";"UOP02-DEL10-BA"
742561;1662895;2025-12-30;"ter�a-feira";"08:50:00";"BA";349;1021;"CORRENTINA";"Sim";"Demais falhas mec�nicas ou el�tricas";1;"Sa�da de leito carro��vel";"Com V�timas Feridas";"Pleno dia";"Decrescente";"C�u Claro";"Simples";"Reta";"N�o";1325900;"Autom�vel";"HYUNDAI/HB20S 10M EVOLUT/HB20S 10M EVOLUT";2022;"Passageiro";"Les�es Leves";46;"Feminino";0;1;0;0;-13,62261;-45,34614;"SPRF-BA";"DEL10-BA";"UOP02-DEL10-BA"
742562;1662982;2025-12-30;"ter�a-feira";"11:00:00";"RO";364;803;"PORTO VELHO";"Sim";"Aus�ncia de rea��o do condutor";2;"Queda de ocupante de ve�culo";"Com V�timas Feridas";"Pleno dia";"Crescente";"C�u Claro";"Simples";"Reta";"Sim";1325919;"Motoneta";"HONDA/C100 BIZ ES/C100 BIZ ES";2001;"Passageiro";"Les�es Graves";NA;"Feminino";0;0;1;0;-9,25723313;-64,41894561;"SPRF-RO";"DEL01-RO";"UOP02-DEL01-RO"
742562;1662983;2025-12-30;"ter�a-feira";"11:00:00";"RO";364;803;"PORTO VELHO";"Sim";"Aus�ncia de rea��o do condutor";2;"Queda de ocupante de ve�culo";"Com V�timas Feridas";"Pleno dia";"Crescente";"C�u Claro";"Simples";"Reta";"Sim";1325919;"Motoneta";"HONDA/C100 BIZ ES/C100 BIZ ES";2001;"Passageiro";"Les�es Graves";NA;"Masculino";0;0;1;0;-9,25723313;-64,41894561;"SPRF-RO";"DEL01-RO";"UOP02-DEL01-RO"
742562;1662981;2025-12-30;"ter�a-feira";"11:00:00";"RO";364;803;"PORTO VELHO";"Sim";"Aus�ncia de rea��o do condutor";2;"Queda de ocupante de ve�culo";"Com V�timas Feridas";"Pleno dia";"Crescente";"C�u Claro";"Simples";"Reta";"Sim";1325919;"Motoneta";"HONDA/C100 BIZ ES/C100 BIZ ES";2001;"Condutor";"Les�es Graves";NA;"Feminino";0;0;1;0;-9,25723313;-64,41894561;"SPRF-RO";"DEL01-RO";"UOP02-DEL01-RO"
742562;1662937;2025-12-30;"ter�a-feira";"11:00:00";"RO";364;803;"PORTO VELHO";"Sim";"Aus�ncia de rea��o do condutor";2;"Queda de ocupante de ve�culo";"Com V�timas Feridas";"Pleno dia";"Crescente";"C�u Claro";"Simples";"Reta";"Sim";1325918;"Caminh�o";"M.BENZ/710/710";2001;"Condutor";"Ileso";63;"Masculino";1;0;0;0;-9,25723313;-64,41894561;"SPRF-RO";"DEL01-RO";"UOP02-DEL01-RO"
742562;1662982;2025-12-30;"ter�a-feira";"11:00:00";"RO";364;803;"PORTO VELHO";"Sim";"Aus�ncia de rea��o do condutor";1;"Colis�o traseira";"Com V�timas Feridas";"Pleno dia";"Crescente";"C�u Claro";"Simples";"Reta";"Sim";1325919;"Motoneta";"HONDA/C100 BIZ ES/C100 BIZ ES";2001;"Passageiro";"Les�es Graves";NA;"Feminino";0;0;1;0;-9,25723313;-64,41894561;"SPRF-RO";"DEL01-RO";"UOP02-DEL01-RO"
742562;1662983;2025-12-30;"ter�a-feira";"11:00:00";"RO";364;803;"PORTO VELHO";"Sim";"Aus�ncia de rea��o do condutor";1;"Colis�o traseira";"Com V�timas Feridas";"Pleno dia";"Crescente";"C�u Claro";"Simples";"Reta";"Sim";1325919;"Motoneta";"HONDA/C100 BIZ ES/C100 BIZ ES";2001;"Passageiro";"Les�es Graves";NA;"Masculino";0;0;1;0;-9,25723313;-64,41894561;"SPRF-RO";"DEL01-RO";"UOP02-DEL01-RO"
742562;1662981;2025-12-30;"ter�a-feira";"11:00:00";"RO";364;803;"PORTO VELHO";"Sim";"Aus�ncia de rea��o do condutor";1;"Colis�o traseira";"Com V�timas Feridas";"Pleno dia";"Crescente";"C�u Claro";"Simples";"Reta";"Sim";1325919;"Motoneta";"HONDA/C100 BIZ ES/C100 BIZ ES";2001;"Condutor";"Les�es Graves";NA;"Feminino";0;0;1;0;-9,25723313;-64,41894561;"SPRF-RO";"DEL01-RO";"UOP02-DEL01-RO"
742562;1662937;2025-12-30;"ter�a-feira";"11:00:00";"RO";364;803;"PORTO VELHO";"Sim";"Aus�ncia de rea��o do condutor";1;"Colis�o traseira";"Com V�timas Feridas";"Pleno dia";"Crescente";"C�u Claro";"Simples";"Reta";"Sim";1325918;"Caminh�o";"M.BENZ/710/710";2001;"Condutor";"Ileso";63;"Masculino";1;0;0;0;-9,25723313;-64,41894561;"SPRF-RO";"DEL01-RO";"UOP02-DEL01-RO"
742562;1662982;2025-12-30;"ter�a-feira";"11:00:00";"RO";364;803;"PORTO VELHO";"N�o";"Condutor deixou de manter dist�ncia do ve�culo da frente";2;"Queda de ocupante de ve�culo";"Com V�timas Feridas";"Pleno dia";"Crescente";"C�u Claro";"Simples";"Reta";"Sim";1325919;"Motoneta";"HONDA/C100 BIZ ES/C100 BIZ ES";2001;"Passageiro";"Les�es Graves";NA;"Feminino";0;0;1;0;-9,25723313;-64,41894561;"SPRF-RO";"DEL01-RO";"UOP02-DEL01-RO"
742562;1662983;2025-12-30;"ter�a-feira";"11:00:00";"RO";364;803;"PORTO VELHO";"N�o";"Condutor deixou de manter dist�ncia do ve�culo da frente";2;"Queda de ocupante de ve�culo";"Com V�timas Feridas";"Pleno dia";"Crescente";"C�u Claro";"Simples";"Reta";"Sim";1325919;"Motoneta";"HONDA/C100 BIZ ES/C100 BIZ ES";2001;"Passageiro";"Les�es Graves";NA;"Masculino";0;0;1;0;-9,25723313;-64,41894561;"SPRF-RO";"DEL01-RO";"UOP02-DEL01-RO"
742562;1662981;2025-12-30;"ter�a-feira";"11:00:00";"RO";364;803;"PORTO VELHO";"N�o";"Condutor deixou de manter dist�ncia do ve�culo da frente";2;"Queda de ocupante de ve�culo";"Com V�timas Feridas";"Pleno dia";"Crescente";"C�u Claro";"Simples";"Reta";"Sim";1325919;"Motoneta";"HONDA/C100 BIZ ES/C100 BIZ ES";2001;"Condutor";"Les�es Graves";NA;"Feminino";0;0;1;0;-9,25723313;-64,41894561;"SPRF-RO";"DEL01-RO";"UOP02-DEL01-RO"
742562;1662937;2025-12-30;"ter�a-feira";"11:00:00";"RO";364;803;"PORTO VELHO";"N�o";"Condutor deixou de manter dist�ncia do ve�culo da frente";2;"Queda de ocupante de ve�culo";"Com V�timas Feridas";"Pleno dia";"Crescente";"C�u Claro";"Simples";"Reta";"Sim";1325918;"Caminh�o";"M.BENZ/710/710";2001;"Condutor";"Ileso";63;"Masculino";1;0;0;0;-9,25723313;-64,41894561;"SPRF-RO";"DEL01-RO";"UOP02-DEL01-RO"
742562;1662982;2025-12-30;"ter�a-feira";"11:00:00";"RO";364;803;"PORTO VELHO";"N�o";"Condutor deixou de manter dist�ncia do ve�culo da frente";1;"Colis�o traseira";"Com V�timas Feridas";"Pleno dia";"Crescente";"C�u Claro";"Simples";"Reta";"Sim";1325919;"Motoneta";"HONDA/C100 BIZ ES/C100 BIZ ES";2001;"Passageiro";"Les�es Graves";NA;"Feminino";0;0;1;0;-9,25723313;-64,41894561;"SPRF-RO";"DEL01-RO";"UOP02-DEL01-RO"
742562;1662983;2025-12-30;"ter�a-feira";"11:00:00";"RO";364;803;"PORTO VELHO";"N�o";"Condutor deixou de manter dist�ncia do ve�culo da frente";1;"Colis�o traseira";"Com V�timas Feridas";"Pleno dia";"Crescente";"C�u Claro";"Simples";"Reta";"Sim";1325919;"Motoneta";"HONDA/C100 BIZ ES/C100 BIZ ES";2001;"Passageiro";"Les�es Graves";NA;"Masculino";0;0;1;0;-9,25723313;-64,41894561;"SPRF-RO";"DEL01-RO";"UOP02-DEL01-RO"
742562;1662981;2025-12-30;"ter�a-feira";"11:00:00";"RO";364;803;"PORTO VELHO";"N�o";"Condutor deixou de manter dist�ncia do ve�culo da frente";1;"Colis�o traseira";"Com V�timas Feridas";"Pleno dia";"Crescente";"C�u Claro";"Simples";"Reta";"Sim";1325919;"Motoneta";"HONDA/C100 BIZ ES/C100 BIZ ES";2001;"Condutor";"Les�es Graves";NA;"Feminino";0;0;1;0;-9,25723313;-64,41894561;"SPRF-RO";"DEL01-RO";"UOP02-DEL01-RO"
742562;1662937;2025-12-30;"ter�a-feira";"11:00:00";"RO";364;803;"PORTO VELHO";"N�o";"Condutor deixou de manter dist�ncia do ve�culo da frente";1;"Colis�o traseira";"Com V�timas Feridas";"Pleno dia";"Crescente";"C�u Claro";"Simples";"Reta";"Sim";1325918;"Caminh�o";"M.BENZ/710/710";2001;"Condutor";"Ileso";63;"Masculino";1;0;0;0;-9,25723313;-64,41894561;"SPRF-RO";"DEL01-RO";"UOP02-DEL01-RO"
742563;1663131;2025-12-30;"ter�a-feira";"12:26:00";"ES";101;267;"SERRA";"Sim";"Pedestre andava na pista";1;"Atropelamento de Pedestre";"Com V�timas Feridas";"Pleno dia";"Decrescente";"C�u Claro";"M�ltipla";"Reta";"Sim";1326054;"Autom�vel";"VW/GOL MI/GOL MI";1997;"Condutor";"Ileso";40;"Masculino";1;0;0;0;-20,19712602;-40,26845276;"SPRF-ES";"DEL02-ES";"UOP01-DEL02-ES"
742563;1663133;2025-12-30;"ter�a-feira";"12:26:00";"ES";101;267;"SERRA";"Sim";"Pedestre andava na pista";1;"Atropelamento de Pedestre";"Com V�timas Feridas";"Pleno dia";"Decrescente";"C�u Claro";"M�ltipla";"Reta";"Sim";NA;NA;"NA/NA/NA";NA;"Pedestre";"Les�es Leves";28;"Masculino";0;1;0;0;-20,19712602;-40,26845276;"SPRF-ES";"DEL02-ES";"UOP01-DEL02-ES"
742564;1662940;2025-12-30;"ter�a-feira";"13:45:00";"RS";392;351;"SANTA MARIA";"N�o";"Condutor deixou de manter dist�ncia do ve�culo da frente";2;"Queda de ocupante de ve�culo";"Com V�timas Feridas";"Pleno dia";"Crescente";"C�u Claro";"Dupla";"Retorno Regulamentado;Em Obras";"Sim";1325924;"Motocicleta";"YAMAHA/YS150 FAZER SED/YS150 FAZER SED";2023;"Condutor";"Ileso";38;"Masculino";1;0;0;0;-29,72890979;-53,80259005;"SPRF-RS";"DEL09-RS";"UOP01-DEL09-RS"
742564;1662941;2025-12-30;"ter�a-feira";"13:45:00";"RS";392;351;"SANTA MARIA";"N�o";"Condutor deixou de manter dist�ncia do ve�culo da frente";2;"Queda de ocupante de ve�culo";"Com V�timas Feridas";"Pleno dia";"Crescente";"C�u Claro";"Dupla";"Retorno Regulamentado;Em Obras";"Sim";1325924;"Motocicleta";"YAMAHA/YS150 FAZER SED/YS150 FAZER SED";2023;"Passageiro";"Les�es Leves";27;"Feminino";0;1;0;0;-29,72890979;-53,80259005;"SPRF-RS";"DEL09-RS";"UOP01-DEL09-RS"
742564;1662939;2025-12-30;"ter�a-feira";"13:45:00";"RS";392;351;"SANTA MARIA";"N�o";"Condutor deixou de manter dist�ncia do ve�culo da frente";2;"Queda de ocupante de ve�culo";"Com V�timas Feridas";"Pleno dia";"Crescente";"C�u Claro";"Dupla";"Retorno Regulamentado;Em Obras";"Sim";1325923;"Autom�vel";"RENAULT/CLIO PRI 16 16VS/CLIO PRI 16 16VS";2006;"Condutor";"Ileso";46;"Feminino";1;0;0;0;-29,72890979;-53,80259005;"SPRF-RS";"DEL09-RS";"UOP01-DEL09-RS"
742564;1662940;2025-12-30;"ter�a-feira";"13:45:00";"RS";392;351;"SANTA MARIA";"N�o";"Condutor deixou de manter dist�ncia do ve�culo da frente";1;"Colis�o traseira";"Com V�timas Feridas";"Pleno dia";"Crescente";"C�u Claro";"Dupla";"Retorno Regulamentado;Em Obras";"Sim";1325924;"Motocicleta";"YAMAHA/YS150 FAZER SED/YS150 FAZER SED";2023;"Condutor";"Ileso";38;"Masculino";1;0;0;0;-29,72890979;-53,80259005;"SPRF-RS";"DEL09-RS";"UOP01-DEL09-RS"
742564;1662941;2025-12-30;"ter�a-feira";"13:45:00";"RS";392;351;"SANTA MARIA";"N�o";"Condutor deixou de manter dist�ncia do ve�culo da frente";1;"Colis�o traseira";"Com V�timas Feridas";"Pleno dia";"Crescente";"C�u Claro";"Dupla";"Retorno Regulamentado;Em Obras";"Sim";1325924;"Motocicleta";"YAMAHA/YS150 FAZER SED/YS150 FAZER SED";2023;"Passageiro";"Les�es Leves";27;"Feminino";0;1;0;0;-29,72890979;-53,80259005;"SPRF-RS";"DEL09-RS";"UOP01-DEL09-RS"
742564;1662939;2025-12-30;"ter�a-feira";"13:45:00";"RS";392;351;"SANTA MARIA";"N�o";"Condutor deixou de manter dist�ncia do ve�culo da frente";1;"Colis�o traseira";"Com V�timas Feridas";"Pleno dia";"Crescente";"C�u Claro";"Dupla";"Retorno Regulamentado;Em Obras";"Sim";1325923;"Autom�vel";"RENAULT/CLIO PRI 16 16VS/CLIO PRI 16 16VS";2006;"Condutor";"Ileso";46;"Feminino";1;0;0;0;-29,72890979;-53,80259005;"SPRF-RS";"DEL09-RS";"UOP01-DEL09-RS"
742564;1662940;2025-12-30;"ter�a-feira";"13:45:00";"RS";392;351;"SANTA MARIA";"N�o";"Aus�ncia de rea��o do condutor";2;"Queda de ocupante de ve�culo";"Com V�timas Feridas";"Pleno dia";"Crescente";"C�u Claro";"Dupla";"Retorno Regulamentado;Em Obras";"Sim";1325924;"Motocicleta";"YAMAHA/YS150 FAZER SED/YS150 FAZER SED";2023;"Condutor";"Ileso";38;"Masculino";1;0;0;0;-29,72890979;-53,80259005;"SPRF-RS";"DEL09-RS";"UOP01-DEL09-RS"
742564;1662941;2025-12-30;"ter�a-feira";"13:45:00";"RS";392;351;"SANTA MARIA";"N�o";"Aus�ncia de rea��o do condutor";2;"Queda de ocupante de ve�culo";"Com V�timas Feridas";"Pleno dia";"Crescente";"C�u Claro";"Dupla";"Retorno Regulamentado;Em Obras";"Sim";1325924;"Motocicleta";"YAMAHA/YS150 FAZER SED/YS150 FAZER SED";2023;"Passageiro";"Les�es Leves";27;"Feminino";0;1;0;0;-29,72890979;-53,80259005;"SPRF-RS";"DEL09-RS";"UOP01-DEL09-RS"
742564;1662939;2025-12-30;"ter�a-feira";"13:45:00";"RS";392;351;"SANTA MARIA";"N�o";"Aus�ncia de rea��o do condutor";2;"Queda de ocupante de ve�culo";"Com V�timas Feridas";"Pleno dia";"Crescente";"C�u Claro";"Dupla";"Retorno Regulamentado;Em Obras";"Sim";1325923;"Autom�vel";"RENAULT/CLIO PRI 16 16VS/CLIO PRI 16 16VS";2006;"Condutor";"Ileso";46;"Feminino";1;0;0;0;-29,72890979;-53,80259005;"SPRF-RS";"DEL09-RS";"UOP01-DEL09-RS"
742564;1662940;2025-12-30;"ter�a-feira";"13:45:00";"RS";392;351;"SANTA MARIA";"N�o";"Aus�ncia de rea��o do condutor";1;"Colis�o traseira";"Com V�timas Feridas";"Pleno dia";"Crescente";"C�u Claro";"Dupla";"Retorno Regulamentado;Em Obras";"Sim";1325924;"Motocicleta";"YAMAHA/YS150 FAZER SED/YS150 FAZER SED";2023;"Condutor";"Ileso";38;"Masculino";1;0;0;0;-29,72890979;-53,80259005;"SPRF-RS";"DEL09-RS";"UOP01-DEL09-RS"
742564;1662941;2025-12-30;"ter�a-feira";"13:45:00";"RS";392;351;"SANTA MARIA";"N�o";"Aus�ncia de rea��o do condutor";1;"Colis�o traseira";"Com V�timas Feridas";"Pleno dia";"Crescente";"C�u Claro";"Dupla";"Retorno Regulamentado;Em Obras";"Sim";1325924;"Motocicleta";"YAMAHA/YS150 FAZER SED/YS150 FAZER SED";2023;"Passageiro";"Les�es Leves";27;"Feminino";0;1;0;0;-29,72890979;-53,80259005;"SPRF-RS";"DEL09-RS";"UOP01-DEL09-RS"
742564;1662939;2025-12-30;"ter�a-feira";"13:45:00";"RS";392;351;"SANTA MARIA";"N�o";"Aus�ncia de rea��o do condutor";1;"Colis�o traseira";"Com V�timas Feridas";"Pleno dia";"Crescente";"C�u Claro";"Dupla";"Retorno Regulamentado;Em Obras";"Sim";1325923;"Autom�vel";"RENAULT/CLIO PRI 16 16VS/CLIO PRI 16 16VS";2006;"Condutor";"Ileso";46;"Feminino";1;0;0;0;-29,72890979;-53,80259005;"SPRF-RS";"DEL09-RS";"UOP01-DEL09-RS"
742564;1662940;2025-12-30;"ter�a-feira";"13:45:00";"RS";392;351;"SANTA MARIA";"Sim";"Acessar a via sem observar a presen�a dos outros ve�culos";2;"Queda de ocupante de ve�culo";"Com V�timas Feridas";"Pleno dia";"Crescente";"C�u Claro";"Dupla";"Retorno Regulamentado;Em Obras";"Sim";1325924;"Motocicleta";"YAMAHA/YS150 FAZER SED/YS150 FAZER SED";2023;"Condutor";"Ileso";38;"Masculino";1;0;0;0;-29,72890979;-53,80259005;"SPRF-RS";"DEL09-RS";"UOP01-DEL09-RS"
742564;1662941;2025-12-30;"ter�a-feira";"13:45:00";"RS";392;351;"SANTA MARIA";"Sim";"Acessar a via sem observar a presen�a dos outros ve�culos";2;"Queda de ocupante de ve�culo";"Com V�timas Feridas";"Pleno dia";"Crescente";"C�u Claro";"Dupla";"Retorno Regulamentado;Em Obras";"Sim";1325924;"Motocicleta";"YAMAHA/YS150 FAZER SED/YS150 FAZER SED";2023;"Passageiro";"Les�es Leves";27;"Feminino";0;1;0;0;-29,72890979;-53,80259005;"SPRF-RS";"DEL09-RS";"UOP01-DEL09-RS"
742564;1662939;2025-12-30;"ter�a-feira";"13:45:00";"RS";392;351;"SANTA MARIA";"Sim";"Acessar a via sem observar a presen�a dos outros ve�culos";2;"Queda de ocupante de ve�culo";"Com V�timas Feridas";"Pleno dia";"Crescente";"C�u Claro";"Dupla";"Retorno Regulamentado;Em Obras";"Sim";1325923;"Autom�vel";"RENAULT/CLIO PRI 16 16VS/CLIO PRI 16 16VS";2006;"Condutor";"Ileso";46;"Feminino";1;0;0;0;-29,72890979;-53,80259005;"SPRF-RS";"DEL09-RS";"UOP01-DEL09-RS"
742564;1662940;2025-12-30;"ter�a-feira";"13:45:00";"RS";392;351;"SANTA MARIA";"Sim";"Acessar a via sem observar a presen�a dos outros ve�culos";1;"Colis�o traseira";"Com V�timas Feridas";"Pleno dia";"Crescente";"C�u Claro";"Dupla";"Retorno Regulamentado;Em Obras";"Sim";1325924;"Motocicleta";"YAMAHA/YS150 FAZER SED/YS150 FAZER SED";2023;"Condutor";"Ileso";38;"Masculino";1;0;0;0;-29,72890979;-53,80259005;"SPRF-RS";"DEL09-RS";"UOP01-DEL09-RS"
742564;1662941;2025-12-30;"ter�a-feira";"13:45:00";"RS";392;351;"SANTA MARIA";"Sim";"Acessar a via sem observar a presen�a dos outros ve�culos";1;"Colis�o traseira";"Com V�timas Feridas";"Pleno dia";"Crescente";"C�u Claro";"Dupla";"Retorno Regulamentado;Em Obras";"Sim";1325924;"Motocicleta";"YAMAHA/YS150 FAZER SED/YS150 FAZER SED";2023;"Passageiro";"Les�es Leves";27;"Feminino";0;1;0;0;-29,72890979;-53,80259005;"SPRF-RS";"DEL09-RS";"UOP01-DEL09-RS"
742564;1662939;2025-12-30;"ter�a-feira";"13:45:00";"RS";392;351;"SANTA MARIA";"Sim";"Acessar a via sem observar a presen�a dos outros ve�culos";1;"Colis�o traseira";"Com V�timas Feridas";"Pleno dia";"Crescente";"C�u Claro";"Dupla";"Retorno Regulamentado;Em Obras";"Sim";1325923;"Autom�vel";"RENAULT/CLIO PRI 16 16VS/CLIO PRI 16 16VS";2006;"Condutor";"Ileso";46;"Feminino";1;0;0;0;-29,72890979;-53,80259005;"SPRF-RS";"DEL09-RS";"UOP01-DEL09-RS"
742565;1662975;2025-12-30;"ter�a-feira";"13:50:00";"SC";282;19;"PALHOCA";"Sim";"Acessar a via sem observar a presen�a dos outros ve�culos";2;"Queda de ocupante de ve�culo";"Com V�timas Feridas";"Pleno dia";"Decrescente";"C�u Claro";"Simples";"Reta";"Sim";1325948;"Motocicleta";"HONDA/CG 125 FAN/CG 125 FAN";2007;"Condutor";"Les�es Graves";49;"Masculino";0;0;1;0;-27,6775848;-48,70096413;"SPRF-SC";"DEL01-SC";"UOP02-DEL01-SC"