"id";"pesid";"data_inversa";"dia_semana";"horario";"uf";"br";"km";"municipio";"causa_principal";"causa_acidente";"ordem_tipo_acidente";"tipo_acidente";"classificacao_acidente";"fase_dia";"sentido_via";"condicao_metereologica";"tipo_pista";"tracado_via";"uso_solo";"id_veiculo";"tipo_veiculo";"marca";"ano_fabricacao_veiculo";"tipo_envolvido";"estado_fisico";"idade";"sexo";"ilesos";"feridos_leves";"feridos_graves";"mortos";"latitude";"longitude";"regional";"delegacia";"uop"
742565;1662974;2025-12-30;"ter�a-feira";"13:50:00";"SC";282;19;"PALHOCA";"Sim";"Acessar a via sem observar a presen�a dos outros ve�culos";2;"Queda de ocupante de ve�culo";"Com V�timas Feridas";"Pleno dia";"Decrescente";"C�u Claro";"Simples";"Reta";"Sim";1325947;"Caminh�o";"FORD/CARGO 815 S/CARGO 815 S";2004;"Condutor";"Ileso";51;"Masculino";1;0;0;0;-27,6775848;-48,70096413;"SPRF-SC";"DEL01-SC";"UOP02-DEL01-SC"
742565;1662975;2025-12-30;"ter�a-feira";"13:50:00";"SC";282;19;"PALHOCA";"Sim";"Acessar a via sem observar a presen�a dos outros ve�culos";1;"Colis�o traseira";"Com V�timas Feridas";"Pleno dia";"Decrescente";"C�u Claro";"Simples";"Reta";"Sim";1325948;"Motocicleta";"HONDA/CG 125 FAN/CG 125 FAN";2007;"Condutor";"Les�es Graves";49;"Masculino";0;0;1;0;-27,6775848;-48,70096413;"SPRF-SC";"DEL01-SC";"UOP02-DEL01-SC"
742565;1662974;2025-12-30;"ter�a-feira";"13:50:00";"SC";282;19;"PALHOCA";"Sim";"Acessar a via sem observar a presen�a dos outros ve�culos";1;"Colis�o traseira";"Com V�timas Feridas";"Pleno dia";"Decrescente";"C�u Claro";"Simples";"Reta";"Sim";1325947;"Caminh�o";"FORD/CARGO 815 S/CARGO 815 S";2004;"Condutor";"Ileso";51;"Masculino";1;0;0;0;-27,6775848;-48,70096413;"SPRF-SC";"DEL01-SC";"UOP02-DEL01-SC"
742566;1662999;2025-12-30;"ter�a-feira";"13:50:00";"MG";40;735;"JUIZ DE FORA";"N�o";"Chuva";1;"Sa�da de leito carro��vel";"Com V�timas Feridas";"Pleno dia";"Decrescente";"Chuva";"Simples";"Curva";"N�o";1325969;"Autom�vel";"VW/FOX CL MCV/FOX CL MCV";2017;"Condutor";"Les�es Leves";48;"Masculino";0;1;0;0;-21,5995787;-43,458052;"SPRF-MG";"DEL05-MG";"UOP01-DEL05-MG"
742566;1662999;2025-12-30;"ter�a-feira";"13:50:00";"MG";40;735;"JUIZ DE FORA";"Sim";"Rea��o tardia ou ineficiente do condutor";1;"Sa�da de leito carro��vel";"Com V�timas Feridas";"Pleno dia";"Decrescente";"Chuva";"Simples";"Curva";"N�o";1325969;"Autom�vel";"VW/FOX CL MCV/FOX CL MCV";2017;"Condutor";"Les�es Leves";48;"Masculino";0;1;0;0;-21,5995787;-43,458052;"SPRF-MG";"DEL05-MG";"UOP01-DEL05-MG"
742567;1662965;2025-12-30;"ter�a-feira";"14:00:00";"GO";153;510;"APARECIDA DE GOIANIA";"N�o";"Aus�ncia de sinaliza��o";1;"Engavetamento";"Com V�timas Feridas";"Pleno dia";"Crescente";"Chuva";"Dupla";"Declive";"Sim";1325938;"Autom�vel";"VW/VOYAGE 1.6/VOYAGE 1.6";2012;"Condutor";"Ileso";23;"Masculino";1;0;0;0;-16,778776;-49,236792;"SPRF-GO";"DEL01-GO";"UOP03-DEL01-GO"
742567;1662969;2025-12-30;"ter�a-feira";"14:00:00";"GO";153;510;"APARECIDA DE GOIANIA";"N�o";"Aus�ncia de sinaliza��o";1;"Engavetamento";"Com V�timas Feridas";"Pleno dia";"Crescente";"Chuva";"Dupla";"Declive";"Sim";1325942;"Caminh�o";"I/M.BENZ 415 NIKS CAP A/M.BENZ 415 NIKS CAP A";2019;"Condutor";"Ileso";52;"Masculino";1;0;0;0;-16,778776;-49,236792;"SPRF-GO";"DEL01-GO";"UOP03-DEL01-GO"
742567;1662970;2025-12-30;"ter�a-feira";"14:00:00";"GO";153;510;"APARECIDA DE GOIANIA";"N�o";"Aus�ncia de sinaliza��o";1;"Engavetamento";"Com V�timas Feridas";"Pleno dia";"Crescente";"Chuva";"Dupla";"Declive";"Sim";1325943;"Autom�vel";"FIAT/ARGO DRIVE 1.0/ARGO DRIVE 1.0";2023;"Condutor";"Ileso";50;"Feminino";1;0;0;0;-16,778776;-49,236792;"SPRF-GO";"DEL01-GO";"UOP03-DEL01-GO"
742567;1662966;2025-12-30;"ter�a-feira";"14:00:00";"GO";153;510;"APARECIDA DE GOIANIA";"N�o";"Aus�ncia de sinaliza��o";1;"Engavetamento";"Com V�timas Feridas";"Pleno dia";"Crescente";"Chuva";"Dupla";"Declive";"Sim";1325939;"Utilit�rio";"I/LR DISCOVERY SDV6 SE/LR DISCOVERY SDV6 SE";2014;"Condutor";"Ileso";37;"Masculino";1;0;0;0;-16,778776;-49,236792;"SPRF-GO";"DEL01-GO";"UOP03-DEL01-GO"
742567;1662967;2025-12-30;"ter�a-feira";"14:00:00";"GO";153;510;"APARECIDA DE GOIANIA";"N�o";"Aus�ncia de sinaliza��o";1;"Engavetamento";"Com V�timas Feridas";"Pleno dia";"Crescente";"Chuva";"Dupla";"Declive";"Sim";1325940;"Autom�vel";"HYUNDAI/HB20 1.0M COMFOR/HB20 1.0M COMFOR";2017;"Condutor";"Ileso";48;"Feminino";1;0;0;0;-16,778776;-49,236792;"SPRF-GO";"DEL01-GO";"UOP03-DEL01-GO"
742567;1662971;2025-12-30;"ter�a-feira";"14:00:00";"GO";153;510;"APARECIDA DE GOIANIA";"N�o";"Aus�ncia de sinaliza��o";1;"Engavetamento";"Com V�timas Feridas";"Pleno dia";"Crescente";"Chuva";"Dupla";"Declive";"Sim";1325945;"Autom�vel";"RENAULT/KWID OUTSID 10MT/KWID OUTSID 10MT";2019;"Condutor";"Les�es Leves";28;"Masculino";0;1;0;0;-16,778776;-49,236792;"SPRF-GO";"DEL01-GO";"UOP03-DEL01-GO"
742567;1662968;2025-12-30;"ter�a-feira";"14:00:00";"GO";153;510;"APARECIDA DE GOIANIA";"N�o";"Aus�ncia de sinaliza��o";1;"Engavetamento";"Com V�timas Feridas";"Pleno dia";"Crescente";"Chuva";"Dupla";"Declive";"Sim";1325941;"Autom�vel";"HONDA/FIT EX CVT/FIT EX CVT";2015;"Condutor";"Ileso";49;"Feminino";1;0;0;0;-16,778776;-49,236792;"SPRF-GO";"DEL01-GO";"UOP03-DEL01-GO"
742567;1662965;2025-12-30;"ter�a-feira";"14:00:00";"GO";153;510;"APARECIDA DE GOIANIA";"Sim";"Condutor deixou de manter dist�ncia do ve�culo da frente";1;"Engavetamento";"Com V�timas Feridas";"Pleno dia";"Crescente";"Chuva";"Dupla";"Declive";"Sim";1325938;"Autom�vel";"VW/VOYAGE 1.6/VOYAGE 1.6";2012;"Condutor";"Ileso";23;"Masculino";1;0;0;0;-16,778776;-49,236792;"SPRF-GO";"DEL01-GO";"UOP03-DEL01-GO"
742567;1662969;2025-12-30;"ter�a-feira";"14:00:00";"GO";153;510;"APARECIDA DE GOIANIA";"Sim";"Condutor deixou de manter dist�ncia do ve�culo da frente";1;"Engavetamento";"Com V�timas Feridas";"Pleno dia";"Crescente";"Chuva";"Dupla";"Declive";"Sim";1325942;"Caminh�o";"I/M.BENZ 415 NIKS CAP A/M.BENZ 415 NIKS CAP A";2019;"Condutor";"Ileso";52;"Masculino";1;0;0;0;-16,778776;-49,236792;"SPRF-GO";"DEL01-GO";"UOP03-DEL01-GO"
742567;1662970;2025-12-30;"ter�a-feira";"14:00:00";"GO";153;510;"APARECIDA DE GOIANIA";"Sim";"Condutor deixou de manter dist�ncia do ve�culo da frente";1;"Engavetamento";"Com V�timas Feridas";"Pleno dia";"Crescente";"Chuva";"Dupla";"Declive";"Sim";1325943;"Autom�vel";"FIAT/ARGO DRIVE 1.0/ARGO DRIVE 1.0";2023;"Condutor";"Ileso";50;"Feminino";1;0;0;0;-16,778776;-49,236792;"SPRF-GO";"DEL01-GO";"UOP03-DEL01-GO"
742567;1662966;2025-12-30;"ter�a-feira";"14:00:00";"GO";153;510;"APARECIDA DE GOIANIA";"Sim";"Condutor deixou de manter dist�ncia do ve�culo da frente";1;"Engavetamento";"Com V�timas Feridas";"Pleno dia";"Crescente";"Chuva";"Dupla";"Declive";"Sim";1325939;"Utilit�rio";"I/LR DISCOVERY SDV6 SE/LR DISCOVERY SDV6 SE";2014;"Condutor";"Ileso";37;"Masculino";1;0;0;0;-16,778776;-49,236792;"SPRF-GO";"DEL01-GO";"UOP03-DEL01-GO"
742567;1662967;2025-12-30;"ter�a-feira";"14:00:00";"GO";153;510;"APARECIDA DE GOIANIA";"Sim";"Condutor deixou de manter dist�ncia do ve�culo da frente";1;"Engavetamento";"Com V�timas Feridas";"Pleno dia";"Crescente";"Chuva";"Dupla";"Declive";"Sim";1325940;"Autom�vel";"HYUNDAI/HB20 1.0M COMFOR/HB20 1.0M COMFOR";2017;"Condutor";"Ileso";48;"Feminino";1;0;0;0;-16,778776;-49,236792;"SPRF-GO";"DEL01-GO";"UOP03-DEL01-GO"
742567;1662971;2025-12-30;"ter�a-feira";"14:00:00";"GO";153;510;"APARECIDA DE GOIANIA";"Sim";"Condutor deixou de manter dist�ncia do ve�culo da frente";1;"Engavetamento";"Com V�timas Feridas";"Pleno dia";"Crescente";"Chuva";"Dupla";"Declive";"Sim";1325945;"Autom�vel";"RENAULT/KWID OUTSID 10MT/KWID OUTSID 10MT";2019;"Condutor";"Les�es Leves";28;"Masculino";0;1;0;0;-16,778776;-49,236792;"SPRF-GO";"DEL01-GO";"UOP03-DEL01-GO"
742567;1662968;2025-12-30;"ter�a-feira";"14:00:00";"GO";153;510;"APARECIDA DE GOIANIA";"Sim";"Condutor deixou de manter dist�ncia do ve�culo da frente";1;"Engavetamento";"Com V�timas Feridas";"Pleno dia";"Crescente";"Chuva";"Dupla";"Declive";"Sim";1325941;"Autom�vel";"HONDA/FIT EX CVT/FIT EX CVT";2015;"Condutor";"Ileso";49;"Feminino";1;0;0;0;-16,778776;-49,236792;"SPRF-GO";"DEL01-GO";"UOP03-DEL01-GO"
742568;1662884;2025-12-30;"ter�a-feira";"11:40:00";"PR";376;637;"TIJUCAS DO SUL";"Sim";"Demais falhas mec�nicas ou el�tricas";1;"Queda de ocupante de ve�culo";"Com V�timas Feridas";"Pleno dia";"Crescente";"C�u Claro";"Dupla";"Reta";"N�o";1325895;"Motocicleta";"HONDA/CG 160 FAN/CG 160 FAN";0;"Passageiro";"Les�es Leves";41;"Feminino";0;1;0;0;-25,75804374;-49,12574021;"SPRF-PR";"DEL01-PR";"UOP04-DEL01-PR"
742568;1662882;2025-12-30;"ter�a-feira";"11:40:00";"PR";376;637;"TIJUCAS DO SUL";"Sim";"Demais falhas mec�nicas ou el�tricas";1;"Queda de ocupante de ve�culo";"Com V�timas Feridas";"Pleno dia";"Crescente";"C�u Claro";"Dupla";"Reta";"N�o";1325895;"Motocicleta";"HONDA/CG 160 FAN/CG 160 FAN";0;"Condutor";"Ileso";37;"Masculino";1;0;0;0;-25,75804374;-49,12574021;"SPRF-PR";"DEL01-PR";"UOP04-DEL01-PR"
742569;1662886;2025-12-30;"ter�a-feira";"06:10:00";"PI";407;493,1;"JAICOS";"N�o";"Velocidade Incompat�vel";5;"Capotamento";"Com V�timas Fatais";"Pleno dia";"Crescente";"C�u Claro";"Simples";"Declive;Curva";"N�o";1325896;"Caminh�o";"M.BENZ/L 1113/L 1113";1977;"Condutor";"�bito";70;"Masculino";0;0;0;1;-7,526927;-41,289648;"SPRF-PI";"DEL04-PI";"UOP01-DEL04-PI"
742569;1662885;2025-12-30;"ter�a-feira";"06:10:00";"PI";407;493,1;"JAICOS";"N�o";"Velocidade Incompat�vel";5;"Capotamento";"Com V�timas Fatais";"Pleno dia";"Crescente";"C�u Claro";"Simples";"Declive;Curva";"N�o";1325894;"Autom�vel";"VW/GOL 1.0L MC4/GOL 1.0L MC4";2021;"Condutor";"Ileso";34;"Masculino";1;0;0;0;-7,526927;-41,289648;"SPRF-PI";"DEL04-PI";"UOP01-DEL04-PI"
742569;1662886;2025-12-30;"ter�a-feira";"06:10:00";"PI";407;493,1;"JAICOS";"N�o";"Velocidade Incompat�vel";4;"Derramamento de carga";"Com V�timas Fatais";"Pleno dia";"Crescente";"C�u Claro";"Simples";"Declive;Curva";"N�o";1325896;"Caminh�o";"M.BENZ/L 1113/L 1113";1977;"Condutor";"�bito";70;"Masculino";0;0;0;1;-7,526927;-41,289648;"SPRF-PI";"DEL04-PI";"UOP01-DEL04-PI"
742569;1662885;2025-12-30;"ter�a-feira";"06:10:00";"PI";407;493,1;"JAICOS";"N�o";"Velocidade Incompat�vel";4;"Derramamento de carga";"Com V�timas Fatais";"Pleno dia";"Crescente";"C�u Claro";"Simples";"Declive;Curva";"N�o";1325894;"Autom�vel";"VW/GOL 1.0L MC4/GOL 1.0L MC4";2021;"Condutor";"Ileso";34;"Masculino";1;0;0;0;-7,526927;-41,289648;"SPRF-PI";"DEL04-PI";"UOP01-DEL04-PI"
742569;1662886;2025-12-30;"ter�a-feira";"06:10:00";"PI";407;493,1;"JAICOS";"N�o";"Velocidade Incompat�vel";3;"Sa�da de leito carro��vel";"Com V�timas Fatais";"Pleno dia";"Crescente";"C�u Claro";"Simples";"Declive;Curva";"N�o";1325896;"Caminh�o";"M.BENZ/L 1113/L 1113";1977;"Condutor";"�bito";70;"Masculino";0;0;0;1;-7,526927;-41,289648;"SPRF-PI";"DEL04-PI";"UOP01-DEL04-PI"
742569;1662885;2025-12-30;"ter�a-feira";"06:10:00";"PI";407;493,1;"JAICOS";"N�o";"Velocidade Incompat�vel";3;"Sa�da de leito carro��vel";"Com V�timas Fatais";"Pleno dia";"Crescente";"C�u Claro";"Simples";"Declive;Curva";"N�o";1325894;"Autom�vel";"VW/GOL 1.0L MC4/GOL 1.0L MC4";2021;"Condutor";"Ileso";34;"Masculino";1;0;0;0;-7,526927;-41,289648;"SPRF-PI";"DEL04-PI";"UOP01-DEL04-PI"
742569;1662886;2025-12-30;"ter�a-feira";"06:10:00";"PI";407;493,1;"JAICOS";"N�o";"Velocidade Incompat�vel";2;"Tombamento";"Com V�timas Fatais";"Pleno dia";"Crescente";"C�u Claro";"Simples";"Declive;Curva";"N�o";1325896;"Caminh�o";"M.BENZ/L 1113/L 1113";1977;"Condutor";"�bito";70;"Masculino";0;0;0;1;-7,526927;-41,289648;"SPRF-PI";"DEL04-PI";"UOP01-DEL04-PI"
742569;1662885;2025-12-30;"ter�a-feira";"06:10:00";"PI";407;493,1;"JAICOS";"N�o";"Velocidade Incompat�vel";2;"Tombamento";"Com V�timas Fatais";"Pleno dia";"Crescente";"C�u Claro";"Simples";"Declive;Curva";"N�o";1325894;"Autom�vel";"VW/GOL 1.0L MC4/GOL 1.0L MC4";2021;"Condutor";"Ileso";34;"Masculino";1;0;0;0;-7,526927;-41,289648;"SPRF-PI";"DEL04-PI";"UOP01-DEL04-PI"
742569;1662886;2025-12-30;"ter�a-feira";"06:10:00";"PI";407;493,1;"JAICOS";"N�o";"Velocidade Incompat�vel";1;"Colis�o lateral sentido oposto";"Com V�timas Fatais";"Pleno dia";"Crescente";"C�u Claro";"Simples";"Declive;Curva";"N�o";1325896;"Caminh�o";"M.BENZ/L 1113/L 1113";1977;"Condutor";"�bito";70;"Masculino";0;0;0;1;-7,526927;-41,289648;"SPRF-PI";"DEL04-PI";"UOP01-DEL04-PI"
742569;1662885;2025-12-30;"ter�a-feira";"06:10:00";"PI";407;493,1;"JAICOS";"N�o";"Velocidade Incompat�vel";1;"Colis�o lateral sentido oposto";"Com V�timas Fatais";"Pleno dia";"Crescente";"C�u Claro";"Simples";"Declive;Curva";"N�o";1325894;"Autom�vel";"VW/GOL 1.0L MC4/GOL 1.0L MC4";2021;"Condutor";"Ileso";34;"Masculino";1;0;0;0;-7,526927;-41,289648;"SPRF-PI";"DEL04-PI";"UOP01-DEL04-PI"
742569;1662886;2025-12-30;"ter�a-feira";"06:10:00";"PI";407;493,1;"JAICOS";"N�o";"Aus�ncia de rea��o do condutor";5;"Capotamento";"Com V�timas Fatais";"Pleno dia";"Crescente";"C�u Claro";"Simples";"Declive;Curva";"N�o";1325896;"Caminh�o";"M.BENZ/L 1113/L 1113";1977;"Condutor";"�bito";70;"Masculino";0;0;0;1;-7,526927;-41,289648;"SPRF-PI";"DEL04-PI";"UOP01-DEL04-PI"
742569;1662885;2025-12-30;"ter�a-feira";"06:10:00";"PI";407;493,1;"JAICOS";"N�o";"Aus�ncia de rea��o do condutor";5;"Capotamento";"Com V�timas Fatais";"Pleno dia";"Crescente";"C�u Claro";"Simples";"Declive;Curva";"N�o";1325894;"Autom�vel";"VW/GOL 1.0L MC4/GOL 1.0L MC4";2021;"Condutor";"Ileso";34;"Masculino";1;0;0;0;-7,526927;-41,289648;"SPRF-PI";"DEL04-PI";"UOP01-DEL04-PI"
742569;1662886;2025-12-30;"ter�a-feira";"06:10:00";"PI";407;493,1;"JAICOS";"N�o";"Aus�ncia de rea��o do condutor";4;"Derramamento de carga";"Com V�timas Fatais";"Pleno dia";"Crescente";"C�u Claro";"Simples";"Declive;Curva";"N�o";1325896;"Caminh�o";"M.BENZ/L 1113/L 1113";1977;"Condutor";"�bito";70;"Masculino";0;0;0;1;-7,526927;-41,289648;"SPRF-PI";"DEL04-PI";"UOP01-DEL04-PI"
742569;1662885;2025-12-30;"ter�a-feira";"06:10:00";"PI";407;493,1;"JAICOS";"N�o";"Aus�ncia de rea��o do condutor";4;"Derramamento de carga";"Com V�timas Fatais";"Pleno dia";"Crescente";"C�u Claro";"Simples";"Declive;Curva";"N�o";1325894;"Autom�vel";"VW/GOL 1.0L MC4/GOL 1.0L MC4";2021;"Condutor";"Ileso";34;"Masculino";1;0;0;0;-7,526927;-41,289648;"SPRF-PI";"DEL04-PI";"UOP01-DEL04-PI"
742569;1662886;2025-12-30;"ter�a-feira";"06:10:00";"PI";407;493,1;"JAICOS";"N�o";"Aus�ncia de rea��o do condutor";3;"Sa�da de leito carro��vel";"Com V�timas Fatais";"Pleno dia";"Crescente";"C�u Claro";"Simples";"Declive;Curva";"N�o";1325896;"Caminh�o";"M.BENZ/L 1113/L 1113";1977;"Condutor";"�bito";70;"Masculino";0;0;0;1;-7,526927;-41,289648;"SPRF-PI";"DEL04-PI";"UOP01-DEL04-PI"
742569;1662885;2025-12-30;"ter�a-feira";"06:10:00";"PI";407;493,1;"JAICOS";"N�o";"Aus�ncia de rea��o do condutor";3;"Sa�da de leito carro��vel";"Com V�timas Fatais";"Pleno dia";"Crescente";"C�u Claro";"Simples";"Declive;Curva";"N�o";1325894;"Autom�vel";"VW/GOL 1.0L MC4/GOL 1.0L MC4";2021;"Condutor";"Ileso";34;"Masculino";1;0;0;0;-7,526927;-41,289648;"SPRF-PI";"DEL04-PI";"UOP01-DEL04-PI"
742569;1662886;2025-12-30;"ter�a-feira";"06:10:00";"PI";407;493,1;"JAICOS";"N�o";"Aus�ncia de rea��o do condutor";2;"Tombamento";"Com V�timas Fatais";"Pleno dia";"Crescente";"C�u Claro";"Simples";"Declive;Curva";"N�o";1325896;"Caminh�o";"M.BENZ/L 1113/L 1113";1977;"Condutor";"�bito";70;"Masculino";0;0;0;1;-7,526927;-41,289648;"SPRF-PI";"DEL04-PI";"UOP01-DEL04-PI"
742569;1662885;2025-12-30;"ter�a-feira";"06:10:00";"PI";407;493,1;"JAICOS";"N�o";"Aus�ncia de rea��o do condutor";2;"Tombamento";"Com V�timas Fatais";"Pleno dia";"Crescente";"C�u Claro";"Simples";"Declive;Curva";"N�o";1325894;"Autom�vel";"VW/GOL 1.0L MC4/GOL 1.0L MC4";2021;"Condutor";"Ileso";34;"Masculino";1;0;0;0;-7,526927;-41,289648;"SPRF-PI";"DEL04-PI";"UOP01-DEL04-PI"
742569;1662886;2025-12-30;"ter�a-feira";"06:10:00";"PI";407;493,1;"JAICOS";"N�o";"Aus�ncia de rea��o do condutor";1;"Colis�o lateral sentido oposto";"Com V�timas Fatais";"Pleno dia";"Crescente";"C�u Claro";"Simples";"Declive;Curva";"N�o";1325896;"Caminh�o";"M.BENZ/L 1113/L 1113";1977;"Condutor";"�bito";70;"Masculino";0;0;0;1;-7,526927;-41,289648;"SPRF-PI";"DEL04-PI";"UOP01-DEL04-PI"
742569;1662885;2025-12-30;"ter�a-feira";"06:10:00";"PI";407;493,1;"JAICOS";"N�o";"Aus�ncia de rea��o do condutor";1;"Colis�o lateral sentido oposto";"Com V�timas Fatais";"Pleno dia";"Crescente";"C�u Claro";"Simples";"Declive;Curva";"N�o";1325894;"Autom�vel";"VW/GOL 1.0L MC4/GOL 1.0L MC4";2021;"Condutor";"Ileso";34;"Masculino";1;0;0;0;-7,526927;-41,289648;"SPRF-PI";"DEL04-PI";"UOP01-DEL04-PI"
742569;1662886;2025-12-30;"ter�a-feira";"06:10:00";"PI";407;493,1;"JAICOS";"Sim";"Transitar na contram�o";5;"Capotamento";"Com V�timas Fatais";"Pleno dia";"Crescente";"C�u Claro";"Simples";"Declive;Curva";"N�o";1325896;"Caminh�o";"M.BENZ/L 1113/L 1113";1977;"Condutor";"�bito";70;"Masculino";0;0;0;1;-7,526927;-41,289648;"SPRF-PI";"DEL04-PI";"UOP01-DEL04-PI"
742569;1662885;2025-12-30;"ter�a-feira";"06:10:00";"PI";407;493,1;"JAICOS";"Sim";"Transitar na contram�o";5;"Capotamento";"Com V�timas Fatais";"Pleno dia";"Crescente";"C�u Claro";"Simples";"Declive;Curva";"N�o";1325894;"Autom�vel";"VW/GOL 1.0L MC4/GOL 1.0L MC4";2021;"Condutor";"Ileso";34;"Masculino";1;0;0;0;-7,526927;-41,289648;"SPRF-PI";"DEL04-PI";"UOP01-DEL04-PI"
742569;1662886;2025-12-30;"ter�a-feira";"06:10:00";"PI";407;493,1;"JAICOS";"Sim";"Transitar na contram�o";4;"Derramamento de carga";"Com V�timas Fatais";"Pleno dia";"Crescente";"C�u Claro";"Simples";"Declive;Curva";"N�o";1325896;"Caminh�o";"M.BENZ/L 1113/L 1113";1977;"Condutor";"�bito";70;"Masculino";0;0;0;1;-7,526927;-41,289648;"SPRF-PI";"DEL04-PI";"UOP01-DEL04-PI"
742569;1662885;2025-12-30;"ter�a-feira";"06:10:00";"PI";407;493,1;"JAICOS";"Sim";"Transitar na contram�o";4;"Derramamento de carga";"Com V�timas Fatais";"Pleno dia";"Crescente";"C�u Claro";"Simples";"Declive;Curva";"N�o";1325894;"Autom�vel";"VW/GOL 1.0L MC4/GOL 1.0L MC4";2021;"Condutor";"Ileso";34;"Masculino";1;0;0;0;-7,526927;-41,289648;"SPRF-PI";"DEL04-PI";"UOP01-DEL04-PI"
742569;1662886;2025-12-30;"ter�a-feira";"06:10:00";"PI";407;493,1;"JAICOS";"Sim";"Transitar na contram�o";3;"Sa�da de leito carro��vel";"Com V�timas Fatais";"Pleno dia";"Crescente";"C�u Claro";"Simples";"Declive;Curva";"N�o";1325896;"Caminh�o";"M.BENZ/L 1113/L 1113";1977;"Condutor";"�bito";70;"Masculino";0;0;0;1;-7,526927;-41,289648;"SPRF-PI";"DEL04-PI";"UOP01-DEL04-PI"
742569;1662885;2025-12-30;"ter�a-feira";"06:10:00";"PI";407;493,1;"JAICOS";"Sim";"Transitar na contram�o";3;"Sa�da de leito carro��vel";"Com V�timas Fatais";"Pleno dia";"Crescente";"C�u Claro";"Simples";"Declive;Curva";"N�o";1325894;"Autom�vel";"VW/GOL 1.0L MC4/GOL 1.0L MC4";2021;"Condutor";"Ileso";34;"Masculino";1;0;0;0;-7,526927;-41,289648;"SPRF-PI";"DEL04-PI";"UOP01-DEL04-PI"
742569;1662886;2025-12-30;"ter�a-feira";"06:10:00";"PI";407;493,1;"JAICOS";"Sim";"Transitar na contram�o";2;"Tombamento";"Com V�timas Fatais";"Pleno dia";"Crescente";"C�u Claro";"Simples";"Declive;Curva";"N�o";1325896;"Caminh�o";"M.BENZ/L 1113/L 1113";1977;"Condutor";"�bito";70;"Masculino";0;0;0;1;-7,526927;-41,289648;"SPRF-PI";"DEL04-PI";"UOP01-DEL04-PI"
742569;1662885;2025-12-30;"ter�a-feira";"06:10:00";"PI";407;493,1;"JAICOS";"Sim";"Transitar na contram�o";2;"Tombamento";"Com V�timas Fatais";"Pleno dia";"Crescente";"C�u Claro";"Simples";"Declive;Curva";"N�o";1325894;"Autom�vel";"VW/GOL 1.0L MC4/GOL 1.0L MC4";2021;"Condutor";"Ileso";34;"Masculino";1;0;0;0;-7,526927;-41,289648;"SPRF-PI";"DEL04-PI";"UOP01-DEL04-PI"
742569;1662886;2025-12-30;"ter�a-feira";"06:10:00";"PI";407;493,1;"JAICOS";"Sim";"Transitar na contram�o";1;"Colis�o lateral sentido oposto";"Com V�timas Fatais";"Pleno dia";"Crescente";"C�u Claro";"Simples";"Declive;Curva";"N�o";1325896;"Caminh�o";"M.BENZ/L 1113/L 1113";1977;"Condutor";"�bito";70;"Masculino";0;0;0;1;-7,526927;-41,289648;"SPRF-PI";"DEL04-PI";"UOP01-DEL04-PI"
742569;1662885;2025-12-30;"ter�a-feira";"06:10:00";"PI";407;493,1;"JAICOS";"Sim";"Transitar na contram�o";1;"Colis�o lateral sentido oposto";"Com V�timas Fatais";"Pleno dia";"Crescente";"C�u Claro";"Simples";"Declive;Curva";"N�o";1325894;"Autom�vel";"VW/GOL 1.0L MC4/GOL 1.0L MC4";2021;"Condutor";"Ileso";34;"Masculino";1;0;0;0;-7,526927;-41,289648;"SPRF-PI";"DEL04-PI";"UOP01-DEL04-PI"
742569;1662886;2025-12-30;"ter�a-feira";"06:10:00";"PI";407;493,1;"JAICOS";"N�o";"Falta de elemento de conten��o que evite a sa�da do leito carro��vel";5;"Capotamento";"Com V�timas Fatais";"Pleno dia";"Crescente";"C�u Claro";"Simples";"Declive;Curva";"N�o";1325896;"Caminh�o";"M.BENZ/L 1113/L 1113";1977;"Condutor";"�bito";70;"Masculino";0;0;0;1;-7,526927;-41,289648;"SPRF-PI";"DEL04-PI";"UOP01-DEL04-PI"
742569;1662885;2025-12-30;"ter�a-feira";"06:10:00";"PI";407;493,1;"JAICOS";"N�o";"Falta de elemento de conten��o que evite a sa�da do leito carro��vel";5;"Capotamento";"Com V�timas Fatais";"Pleno dia";"Crescente";"C�u Claro";"Simples";"Declive;Curva";"N�o";1325894;"Autom�vel";"VW/GOL 1.0L MC4/GOL 1.0L MC4";2021;"Condutor";"Ileso";34;"Masculino";1;0;0;0;-7,526927;-41,289648;"SPRF-PI";"DEL04-PI";"UOP01-DEL04-PI"
742569;1662886;2025-12-30;"ter�a-feira";"06:10:00";"PI";407;493,1;"JAICOS";"N�o";"Falta de elemento de conten��o que evite a sa�da do leito carro��vel";4;"Derramamento de carga";"Com V�timas Fatais";"Pleno dia";"Crescente";"C�u Claro";"Simples";"Declive;Curva";"N�o";1325896;"Caminh�o";"M.BENZ/L 1113/L 1113";1977;"Condutor";"�bito";70;"Masculino";0;0;0;1;-7,526927;-41,289648;"SPRF-PI";"DEL04-PI";"UOP01-DEL04-PI"
742569;1662885;2025-12-30;"ter�a-feira";"06:10:00";"PI";407;493,1;"JAICOS";"N�o";"Falta de elemento de conten��o que evite a sa�da do leito carro��vel";4;"Derramamento de carga";"Com V�timas Fatais";"Pleno dia";"Crescente";"C�u Claro";"Simples";"Declive;Curva";"N�o";1325894;"Autom�vel";"VW/GOL 1.0L MC4/GOL 1.0L MC4";2021;"Condutor";"Ileso";34;"Masculino";1;0;0;0;-7,526927;-41,289648;"SPRF-PI";"DEL04-PI";"UOP01-DEL04-PI"