"id";"pesid";"data_inversa";"dia_semana";"horario";"uf";"br";"km";"municipio";"causa_principal";"causa_acidente";"ordem_tipo_acidente";"tipo_acidente";"classificacao_acidente";"fase_dia";"sentido_via";"condicao_metereologica";"tipo_pista";"tracado_via";"uso_solo";"id_veiculo";"tipo_veiculo";"marca";"ano_fabricacao_veiculo";"tipo_envolvido";"estado_fisico";"idade";"sexo";"ilesos";"feridos_leves";"feridos_graves";"mortos";"latitude";"longitude";"regional";"delegacia";"uop"
742569;1662886;2025-12-30;"ter�a-feira";"06:10:00";"PI";407;493,1;"JAICOS";"N�o";"Falta de elemento de conten��o que evite a sa�da do leito carro��vel";3;"Sa�da de leito carro��vel";"Com V�timas Fatais";"Pleno dia";"Crescente";"C�u Claro";"Simples";"Declive;Curva";"N�o";1325896;"Caminh�o";"M.BENZ/L 1113/L 1113";1977;"Condutor";"�bito";70;"Masculino";0;0;0;1;-7,526927;-41,289648;"SPRF-PI";"DEL04-PI";"UOP01-DEL04-PI"
742569;1662885;2025-12-30;"ter�a-feira";"06:10:00";"PI";407;493,1;"JAICOS";"N�o";"Falta de elemento de conten��o que evite a sa�da do leito carro��vel";3;"Sa�da de leito carro��vel";"Com V�timas Fatais";"Pleno dia";"Crescente";"C�u Claro";"Simples";"Declive;Curva";"N�o";1325894;"Autom�vel";"VW/GOL 1.0L MC4/GOL 1.0L MC4";2021;"Condutor";"Ileso";34;"Masculino";1;0;0;0;-7,526927;-41,289648;"SPRF-PI";"DEL04-PI";"UOP01-DEL04-PI"
742569;1662886;2025-12-30;"ter�a-feira";"06:10:00";"PI";407;493,1;"JAICOS";"N�o";"Falta de elemento de conten��o que evite a sa�da do leito carro��vel";2;"Tombamento";"Com V�timas Fatais";"Pleno dia";"Crescente";"C�u Claro";"Simples";"Declive;Curva";"N�o";1325896;"Caminh�o";"M.BENZ/L 1113/L 1113";1977;"Condutor";"�bito";70;"Masculino";0;0;0;1;-7,526927;-41,289648;"SPRF-PI";"DEL04-PI";"UOP01-DEL04-PI"
742569;1662885;2025-12-30;"ter�a-feira";"06:10:00";"PI";407;493,1;"JAICOS";"N�o";"Falta de elemento de conten��o que evite a sa�da do leito carro��vel";2;"Tombamento";"Com V�timas Fatais";"Pleno dia";"Crescente";"C�u Claro";"Simples";"Declive;Curva";"N�o";1325894;"Autom�vel";"VW/GOL 1.0L MC4/GOL 1.0L MC4";2021;"Condutor";"Ileso";34;"Masculino";1;0;0;0;-7,526927;-41,289648;"SPRF-PI";"DEL04-PI";"UOP01-DEL04-PI"
742569;1662886;2025-12-30;"ter�a-feira";"06:10:00";"PI";407;493,1;"JAICOS";"N�o";"Falta de elemento de conten��o que evite a sa�da do leito carro��vel";1;"Colis�o lateral sentido oposto";"Com V�timas Fatais";"Pleno dia";"Crescente";"C�u Claro";"Simples";"Declive;Curva";"N�o";1325896;"Caminh�o";"M.BENZ/L 1113/L 1113";1977;"Condutor";"�bito";70;"Masculino";0;0;0;1;-7,526927;-41,289648;"SPRF-PI";"DEL04-PI";"UOP01-DEL04-PI"
742569;1662885;2025-12-30;"ter�a-feira";"06:10:00";"PI";407;493,1;"JAICOS";"N�o";"Falta de elemento de conten��o que evite a sa�da do leito carro��vel";1;"Colis�o lateral sentido oposto";"Com V�timas Fatais";"Pleno dia";"Crescente";"C�u Claro";"Simples";"Declive;Curva";"N�o";1325894;"Autom�vel";"VW/GOL 1.0L MC4/GOL 1.0L MC4";2021;"Condutor";"Ileso";34;"Masculino";1;0;0;0;-7,526927;-41,289648;"SPRF-PI";"DEL04-PI";"UOP01-DEL04-PI"
742570;1663000;2025-12-30;"ter�a-feira";"12:30:00";"RS";285;528,8;"SAO LUIZ GONZAGA";"Sim";"Aus�ncia de rea��o do condutor";2;"Queda de ocupante de ve�culo";"Com V�timas Feridas";"Pleno dia";"Crescente";"Sol";"Simples";"Reta;Aclive";"N�o";1325970;"Motocicleta";"YAMAHA/XTZ250 LANDER/XTZ250 LANDER";2020;"Condutor";"Les�es Graves";54;"Masculino";0;0;1;0;-28,410815;-54,560652;"SPRF-RS";"DEL10-RS";"UOP01-DEL10-RS"
742570;1663000;2025-12-30;"ter�a-feira";"12:30:00";"RS";285;528,8;"SAO LUIZ GONZAGA";"Sim";"Aus�ncia de rea��o do condutor";1;"Sa�da de leito carro��vel";"Com V�timas Feridas";"Pleno dia";"Crescente";"Sol";"Simples";"Reta;Aclive";"N�o";1325970;"Motocicleta";"YAMAHA/XTZ250 LANDER/XTZ250 LANDER";2020;"Condutor";"Les�es Graves";54;"Masculino";0;0;1;0;-28,410815;-54,560652;"SPRF-RS";"DEL10-RS";"UOP01-DEL10-RS"
742571;1663066;2025-12-30;"ter�a-feira";"13:46:00";"MG";153;31,2;"MONTE ALEGRE DE MINAS";"Sim";"Avarias e/ou desgaste excessivo no pneu";2;"Capotamento";"Com V�timas Feridas";"Pleno dia";"Crescente";"C�u Claro";"Dupla";"Reta";"N�o";1326007;"Autom�vel";"RENAULT/LOGAN LIFE10MT/LOGAN LIFE10MT";2020;"Passageiro";"Les�es Leves";16;"Feminino";0;1;0;0;-18,85918381;-49,0769577;"SPRF-MG";"DEL15-MG";"UOP03-DEL15-MG"
742571;1663062;2025-12-30;"ter�a-feira";"13:46:00";"MG";153;31,2;"MONTE ALEGRE DE MINAS";"Sim";"Avarias e/ou desgaste excessivo no pneu";2;"Capotamento";"Com V�timas Feridas";"Pleno dia";"Crescente";"C�u Claro";"Dupla";"Reta";"N�o";1326007;"Autom�vel";"RENAULT/LOGAN LIFE10MT/LOGAN LIFE10MT";2020;"Passageiro";"Les�es Leves";5;"Masculino";0;1;0;0;-18,85918381;-49,0769577;"SPRF-MG";"DEL15-MG";"UOP03-DEL15-MG"
742571;1663059;2025-12-30;"ter�a-feira";"13:46:00";"MG";153;31,2;"MONTE ALEGRE DE MINAS";"Sim";"Avarias e/ou desgaste excessivo no pneu";2;"Capotamento";"Com V�timas Feridas";"Pleno dia";"Crescente";"C�u Claro";"Dupla";"Reta";"N�o";1326007;"Autom�vel";"RENAULT/LOGAN LIFE10MT/LOGAN LIFE10MT";2020;"Passageiro";"Les�es Leves";9;"Feminino";0;1;0;0;-18,85918381;-49,0769577;"SPRF-MG";"DEL15-MG";"UOP03-DEL15-MG"
742571;1663058;2025-12-30;"ter�a-feira";"13:46:00";"MG";153;31,2;"MONTE ALEGRE DE MINAS";"Sim";"Avarias e/ou desgaste excessivo no pneu";2;"Capotamento";"Com V�timas Feridas";"Pleno dia";"Crescente";"C�u Claro";"Dupla";"Reta";"N�o";1326007;"Autom�vel";"RENAULT/LOGAN LIFE10MT/LOGAN LIFE10MT";2020;"Passageiro";"Les�es Leves";71;"Feminino";0;1;0;0;-18,85918381;-49,0769577;"SPRF-MG";"DEL15-MG";"UOP03-DEL15-MG"
742571;1663049;2025-12-30;"ter�a-feira";"13:46:00";"MG";153;31,2;"MONTE ALEGRE DE MINAS";"Sim";"Avarias e/ou desgaste excessivo no pneu";2;"Capotamento";"Com V�timas Feridas";"Pleno dia";"Crescente";"C�u Claro";"Dupla";"Reta";"N�o";1326007;"Autom�vel";"RENAULT/LOGAN LIFE10MT/LOGAN LIFE10MT";2020;"Condutor";"Les�es Leves";41;"Masculino";0;1;0;0;-18,85918381;-49,0769577;"SPRF-MG";"DEL15-MG";"UOP03-DEL15-MG"
742571;1663066;2025-12-30;"ter�a-feira";"13:46:00";"MG";153;31,2;"MONTE ALEGRE DE MINAS";"Sim";"Avarias e/ou desgaste excessivo no pneu";1;"Sa�da de leito carro��vel";"Com V�timas Feridas";"Pleno dia";"Crescente";"C�u Claro";"Dupla";"Reta";"N�o";1326007;"Autom�vel";"RENAULT/LOGAN LIFE10MT/LOGAN LIFE10MT";2020;"Passageiro";"Les�es Leves";16;"Feminino";0;1;0;0;-18,85918381;-49,0769577;"SPRF-MG";"DEL15-MG";"UOP03-DEL15-MG"
742571;1663062;2025-12-30;"ter�a-feira";"13:46:00";"MG";153;31,2;"MONTE ALEGRE DE MINAS";"Sim";"Avarias e/ou desgaste excessivo no pneu";1;"Sa�da de leito carro��vel";"Com V�timas Feridas";"Pleno dia";"Crescente";"C�u Claro";"Dupla";"Reta";"N�o";1326007;"Autom�vel";"RENAULT/LOGAN LIFE10MT/LOGAN LIFE10MT";2020;"Passageiro";"Les�es Leves";5;"Masculino";0;1;0;0;-18,85918381;-49,0769577;"SPRF-MG";"DEL15-MG";"UOP03-DEL15-MG"
742571;1663059;2025-12-30;"ter�a-feira";"13:46:00";"MG";153;31,2;"MONTE ALEGRE DE MINAS";"Sim";"Avarias e/ou desgaste excessivo no pneu";1;"Sa�da de leito carro��vel";"Com V�timas Feridas";"Pleno dia";"Crescente";"C�u Claro";"Dupla";"Reta";"N�o";1326007;"Autom�vel";"RENAULT/LOGAN LIFE10MT/LOGAN LIFE10MT";2020;"Passageiro";"Les�es Leves";9;"Feminino";0;1;0;0;-18,85918381;-49,0769577;"SPRF-MG";"DEL15-MG";"UOP03-DEL15-MG"
742571;1663058;2025-12-30;"ter�a-feira";"13:46:00";"MG";153;31,2;"MONTE ALEGRE DE MINAS";"Sim";"Avarias e/ou desgaste excessivo no pneu";1;"Sa�da de leito carro��vel";"Com V�timas Feridas";"Pleno dia";"Crescente";"C�u Claro";"Dupla";"Reta";"N�o";1326007;"Autom�vel";"RENAULT/LOGAN LIFE10MT/LOGAN LIFE10MT";2020;"Passageiro";"Les�es Leves";71;"Feminino";0;1;0;0;-18,85918381;-49,0769577;"SPRF-MG";"DEL15-MG";"UOP03-DEL15-MG"
742571;1663049;2025-12-30;"ter�a-feira";"13:46:00";"MG";153;31,2;"MONTE ALEGRE DE MINAS";"Sim";"Avarias e/ou desgaste excessivo no pneu";1;"Sa�da de leito carro��vel";"Com V�timas Feridas";"Pleno dia";"Crescente";"C�u Claro";"Dupla";"Reta";"N�o";1326007;"Autom�vel";"RENAULT/LOGAN LIFE10MT/LOGAN LIFE10MT";2020;"Condutor";"Les�es Leves";41;"Masculino";0;1;0;0;-18,85918381;-49,0769577;"SPRF-MG";"DEL15-MG";"UOP03-DEL15-MG"
742572;1663334;2025-12-30;"ter�a-feira";"13:23:00";"MS";163;466;"CAMPO GRANDE";"Sim";"Rea��o tardia ou ineficiente do condutor";3;"Queda de ocupante de ve�culo";"Com V�timas Feridas";"Pleno dia";"Crescente";"Sol";"Simples";"Rotat�ria";"Sim";1326214;"Motocicleta";"HONDA/CG 160 TITAN/CG 160 TITAN";2019;"Condutor";"Les�es Leves";22;"Masculino";0;1;0;0;-20,5845201;-54,5828748;"SPRF-MS";"DEL01-MS";"UOP01-DEL01-MS"
742572;1663334;2025-12-30;"ter�a-feira";"13:23:00";"MS";163;466;"CAMPO GRANDE";"Sim";"Rea��o tardia ou ineficiente do condutor";2;"Sa�da de leito carro��vel";"Com V�timas Feridas";"Pleno dia";"Crescente";"Sol";"Simples";"Rotat�ria";"Sim";1326214;"Motocicleta";"HONDA/CG 160 TITAN/CG 160 TITAN";2019;"Condutor";"Les�es Leves";22;"Masculino";0;1;0;0;-20,5845201;-54,5828748;"SPRF-MS";"DEL01-MS";"UOP01-DEL01-MS"
742572;1663334;2025-12-30;"ter�a-feira";"13:23:00";"MS";163;466;"CAMPO GRANDE";"Sim";"Rea��o tardia ou ineficiente do condutor";1;"Tombamento";"Com V�timas Feridas";"Pleno dia";"Crescente";"Sol";"Simples";"Rotat�ria";"Sim";1326214;"Motocicleta";"HONDA/CG 160 TITAN/CG 160 TITAN";2019;"Condutor";"Les�es Leves";22;"Masculino";0;1;0;0;-20,5845201;-54,5828748;"SPRF-MS";"DEL01-MS";"UOP01-DEL01-MS"
742573;1662927;2025-12-30;"ter�a-feira";"10:00:00";"MS";163;4,9;"MUNDO NOVO";"Sim";"Aus�ncia de rea��o do condutor";1;"Engavetamento";"Com V�timas Feridas";"Pleno dia";"Decrescente";"C�u Claro";"Simples";"Reta";"N�o";1325903;"Caminhonete";"VW/SAVEIRO CD TL MB/SAVEIRO CD TL MB";2015;"Passageiro";"Ileso";72;"Feminino";1;0;0;0;-24,012;-54,303;"SPRF-MS";"DEL09-MS";"UOP02-DEL09-MS"
742573;1662901;2025-12-30;"ter�a-feira";"10:00:00";"MS";163;4,9;"MUNDO NOVO";"Sim";"Aus�ncia de rea��o do condutor";1;"Engavetamento";"Com V�timas Feridas";"Pleno dia";"Decrescente";"C�u Claro";"Simples";"Reta";"N�o";1325903;"Caminhonete";"VW/SAVEIRO CD TL MB/SAVEIRO CD TL MB";2015;"Condutor";"Ileso";46;"Masculino";1;0;0;0;-24,012;-54,303;"SPRF-MS";"DEL09-MS";"UOP02-DEL09-MS"
742573;1662931;2025-12-30;"ter�a-feira";"10:00:00";"MS";163;4,9;"MUNDO NOVO";"Sim";"Aus�ncia de rea��o do condutor";1;"Engavetamento";"Com V�timas Feridas";"Pleno dia";"Decrescente";"C�u Claro";"Simples";"Reta";"N�o";1325904;"Utilit�rio";"JEEP/COMPASS LIMITED D/COMPASS LIMITED D";2021;"Passageiro";"Ileso";53;"Feminino";1;0;0;0;-24,012;-54,303;"SPRF-MS";"DEL09-MS";"UOP02-DEL09-MS"
742573;1662902;2025-12-30;"ter�a-feira";"10:00:00";"MS";163;4,9;"MUNDO NOVO";"Sim";"Aus�ncia de rea��o do condutor";1;"Engavetamento";"Com V�timas Feridas";"Pleno dia";"Decrescente";"C�u Claro";"Simples";"Reta";"N�o";1325904;"Utilit�rio";"JEEP/COMPASS LIMITED D/COMPASS LIMITED D";2021;"Condutor";"Ileso";47;"Masculino";1;0;0;0;-24,012;-54,303;"SPRF-MS";"DEL09-MS";"UOP02-DEL09-MS"
742573;1663112;2025-12-30;"ter�a-feira";"10:00:00";"MS";163;4,9;"MUNDO NOVO";"Sim";"Aus�ncia de rea��o do condutor";1;"Engavetamento";"Com V�timas Feridas";"Pleno dia";"Decrescente";"C�u Claro";"Simples";"Reta";"N�o";1325905;"Autom�vel";"VW/POLO TRACK MA/POLO TRACK MA";2024;"Passageiro";"Les�es Leves";74;"Feminino";0;1;0;0;-24,012;-54,303;"SPRF-MS";"DEL09-MS";"UOP02-DEL09-MS"
742573;1664309;2025-12-30;"ter�a-feira";"10:00:00";"MS";163;4,9;"MUNDO NOVO";"Sim";"Aus�ncia de rea��o do condutor";1;"Engavetamento";"Com V�timas Feridas";"Pleno dia";"Decrescente";"C�u Claro";"Simples";"Reta";"N�o";1325905;"Autom�vel";"VW/POLO TRACK MA/POLO TRACK MA";2024;"Passageiro";"Les�es Leves";56;"Feminino";0;1;0;0;-24,012;-54,303;"SPRF-MS";"DEL09-MS";"UOP02-DEL09-MS"
742573;1664288;2025-12-30;"ter�a-feira";"10:00:00";"MS";163;4,9;"MUNDO NOVO";"Sim";"Aus�ncia de rea��o do condutor";1;"Engavetamento";"Com V�timas Feridas";"Pleno dia";"Decrescente";"C�u Claro";"Simples";"Reta";"N�o";1325905;"Autom�vel";"VW/POLO TRACK MA/POLO TRACK MA";2024;"Passageiro";"Les�es Leves";6;"Masculino";0;1;0;0;-24,012;-54,303;"SPRF-MS";"DEL09-MS";"UOP02-DEL09-MS"
742573;1662904;2025-12-30;"ter�a-feira";"10:00:00";"MS";163;4,9;"MUNDO NOVO";"Sim";"Aus�ncia de rea��o do condutor";1;"Engavetamento";"Com V�timas Feridas";"Pleno dia";"Decrescente";"C�u Claro";"Simples";"Reta";"N�o";1325905;"Autom�vel";"VW/POLO TRACK MA/POLO TRACK MA";2024;"Condutor";"Ileso";44;"Feminino";1;0;0;0;-24,012;-54,303;"SPRF-MS";"DEL09-MS";"UOP02-DEL09-MS"
742574;1662930;2025-12-30;"ter�a-feira";"14:00:00";"SC";101;404,9;"ARARANGUA";"Sim";"Condutor deixou de manter dist�ncia do ve�culo da frente";3;"Sa�da de leito carro��vel";"Com V�timas Feridas";"Pleno dia";"Decrescente";"Chuva";"Dupla";"Reta";"N�o";1325915;"Autom�vel";"I/RENAULT E-KWID INTENS/RENAULT E-KWID INTENS";2023;"Condutor";"Ileso";31;"Masculino";1;0;0;0;-28,89692889;-49,47190158;"SPRF-SC";"DEL02-SC";"UOP02-DEL02-SC"
742574;1662926;2025-12-30;"ter�a-feira";"14:00:00";"SC";101;404,9;"ARARANGUA";"Sim";"Condutor deixou de manter dist�ncia do ve�culo da frente";3;"Sa�da de leito carro��vel";"Com V�timas Feridas";"Pleno dia";"Decrescente";"Chuva";"Dupla";"Reta";"N�o";1325914;"Motoneta";"HONDA/BIZ 100 KS/BIZ 100 KS";2012;"Condutor";"Les�es Leves";48;"Masculino";0;1;0;0;-28,89692889;-49,47190158;"SPRF-SC";"DEL02-SC";"UOP02-DEL02-SC"
742574;1662930;2025-12-30;"ter�a-feira";"14:00:00";"SC";101;404,9;"ARARANGUA";"Sim";"Condutor deixou de manter dist�ncia do ve�culo da frente";4;"Queda de ocupante de ve�culo";"Com V�timas Feridas";"Pleno dia";"Decrescente";"Chuva";"Dupla";"Reta";"N�o";1325915;"Autom�vel";"I/RENAULT E-KWID INTENS/RENAULT E-KWID INTENS";2023;"Condutor";"Ileso";31;"Masculino";1;0;0;0;-28,89692889;-49,47190158;"SPRF-SC";"DEL02-SC";"UOP02-DEL02-SC"
742574;1662926;2025-12-30;"ter�a-feira";"14:00:00";"SC";101;404,9;"ARARANGUA";"Sim";"Condutor deixou de manter dist�ncia do ve�culo da frente";4;"Queda de ocupante de ve�culo";"Com V�timas Feridas";"Pleno dia";"Decrescente";"Chuva";"Dupla";"Reta";"N�o";1325914;"Motoneta";"HONDA/BIZ 100 KS/BIZ 100 KS";2012;"Condutor";"Les�es Leves";48;"Masculino";0;1;0;0;-28,89692889;-49,47190158;"SPRF-SC";"DEL02-SC";"UOP02-DEL02-SC"
742574;1662930;2025-12-30;"ter�a-feira";"14:00:00";"SC";101;404,9;"ARARANGUA";"Sim";"Condutor deixou de manter dist�ncia do ve�culo da frente";2;"Tombamento";"Com V�timas Feridas";"Pleno dia";"Decrescente";"Chuva";"Dupla";"Reta";"N�o";1325915;"Autom�vel";"I/RENAULT E-KWID INTENS/RENAULT E-KWID INTENS";2023;"Condutor";"Ileso";31;"Masculino";1;0;0;0;-28,89692889;-49,47190158;"SPRF-SC";"DEL02-SC";"UOP02-DEL02-SC"
742574;1662926;2025-12-30;"ter�a-feira";"14:00:00";"SC";101;404,9;"ARARANGUA";"Sim";"Condutor deixou de manter dist�ncia do ve�culo da frente";2;"Tombamento";"Com V�timas Feridas";"Pleno dia";"Decrescente";"Chuva";"Dupla";"Reta";"N�o";1325914;"Motoneta";"HONDA/BIZ 100 KS/BIZ 100 KS";2012;"Condutor";"Les�es Leves";48;"Masculino";0;1;0;0;-28,89692889;-49,47190158;"SPRF-SC";"DEL02-SC";"UOP02-DEL02-SC"
742574;1662930;2025-12-30;"ter�a-feira";"14:00:00";"SC";101;404,9;"ARARANGUA";"Sim";"Condutor deixou de manter dist�ncia do ve�culo da frente";1;"Colis�o traseira";"Com V�timas Feridas";"Pleno dia";"Decrescente";"Chuva";"Dupla";"Reta";"N�o";1325915;"Autom�vel";"I/RENAULT E-KWID INTENS/RENAULT E-KWID INTENS";2023;"Condutor";"Ileso";31;"Masculino";1;0;0;0;-28,89692889;-49,47190158;"SPRF-SC";"DEL02-SC";"UOP02-DEL02-SC"
742574;1662926;2025-12-30;"ter�a-feira";"14:00:00";"SC";101;404,9;"ARARANGUA";"Sim";"Condutor deixou de manter dist�ncia do ve�culo da frente";1;"Colis�o traseira";"Com V�timas Feridas";"Pleno dia";"Decrescente";"Chuva";"Dupla";"Reta";"N�o";1325914;"Motoneta";"HONDA/BIZ 100 KS/BIZ 100 KS";2012;"Condutor";"Les�es Leves";48;"Masculino";0;1;0;0;-28,89692889;-49,47190158;"SPRF-SC";"DEL02-SC";"UOP02-DEL02-SC"
742575;1663004;2025-12-30;"ter�a-feira";"14:20:00";"MG";262;455,7;"ARAUJOS";"N�o";"Velocidade Incompat�vel";1;"Colis�o lateral sentido oposto";"Com V�timas Feridas";"Pleno dia";"Crescente";"Sol";"Simples";"Curva";"N�o";1325964;"Caminh�o-trator";"DAF/XF FTT 530/XF FTT 530";2024;"Condutor";"Ileso";52;"Masculino";1;0;0;0;-19,80629775;-45,1275444;"SPRF-MG";"DEL08-MG";"UOP03-DEL08-MG"
742575;1663003;2025-12-30;"ter�a-feira";"14:20:00";"MG";262;455,7;"ARAUJOS";"N�o";"Velocidade Incompat�vel";1;"Colis�o lateral sentido oposto";"Com V�timas Feridas";"Pleno dia";"Crescente";"Sol";"Simples";"Curva";"N�o";1325956;"Caminhonete";"FIAT/STRADA WORKING/STRADA WORKING";2015;"Condutor";"Les�es Graves";63;"Masculino";0;0;1;0;-19,80629775;-45,1275444;"SPRF-MG";"DEL08-MG";"UOP03-DEL08-MG"
742575;NA;2025-12-30;"ter�a-feira";"14:20:00";"MG";262;455,7;"ARAUJOS";"N�o";"Velocidade Incompat�vel";1;"Colis�o lateral sentido oposto";"Com V�timas Feridas";"Pleno dia";"Crescente";"Sol";"Simples";"Curva";"N�o";1325973;"Semireboque";"SR/FACCHINI SRF TA/FACCHINI SRF TA";2016;NA;NA;NA;NA;NA;NA;NA;NA;-19,80629775;-45,1275444;"SPRF-MG";"DEL08-MG";"UOP03-DEL08-MG"
742575;NA;2025-12-30;"ter�a-feira";"14:20:00";"MG";262;455,7;"ARAUJOS";"N�o";"Velocidade Incompat�vel";1;"Colis�o lateral sentido oposto";"Com V�timas Feridas";"Pleno dia";"Crescente";"Sol";"Simples";"Curva";"N�o";1325971;"Semireboque";"SR/FACCHINI SRF TA/FACCHINI SRF TA";2016;NA;NA;NA;NA;NA;NA;NA;NA;-19,80629775;-45,1275444;"SPRF-MG";"DEL08-MG";"UOP03-DEL08-MG"
742575;1663004;2025-12-30;"ter�a-feira";"14:20:00";"MG";262;455,7;"ARAUJOS";"N�o";"Condutor usando celular";1;"Colis�o lateral sentido oposto";"Com V�timas Feridas";"Pleno dia";"Crescente";"Sol";"Simples";"Curva";"N�o";1325964;"Caminh�o-trator";"DAF/XF FTT 530/XF FTT 530";2024;"Condutor";"Ileso";52;"Masculino";1;0;0;0;-19,80629775;-45,1275444;"SPRF-MG";"DEL08-MG";"UOP03-DEL08-MG"
742575;1663003;2025-12-30;"ter�a-feira";"14:20:00";"MG";262;455,7;"ARAUJOS";"N�o";"Condutor usando celular";1;"Colis�o lateral sentido oposto";"Com V�timas Feridas";"Pleno dia";"Crescente";"Sol";"Simples";"Curva";"N�o";1325956;"Caminhonete";"FIAT/STRADA WORKING/STRADA WORKING";2015;"Condutor";"Les�es Graves";63;"Masculino";0;0;1;0;-19,80629775;-45,1275444;"SPRF-MG";"DEL08-MG";"UOP03-DEL08-MG"
742575;NA;2025-12-30;"ter�a-feira";"14:20:00";"MG";262;455,7;"ARAUJOS";"N�o";"Condutor usando celular";1;"Colis�o lateral sentido oposto";"Com V�timas Feridas";"Pleno dia";"Crescente";"Sol";"Simples";"Curva";"N�o";1325973;"Semireboque";"SR/FACCHINI SRF TA/FACCHINI SRF TA";2016;NA;NA;NA;NA;NA;NA;NA;NA;-19,80629775;-45,1275444;"SPRF-MG";"DEL08-MG";"UOP03-DEL08-MG"
742575;NA;2025-12-30;"ter�a-feira";"14:20:00";"MG";262;455,7;"ARAUJOS";"N�o";"Condutor usando celular";1;"Colis�o lateral sentido oposto";"Com V�timas Feridas";"Pleno dia";"Crescente";"Sol";"Simples";"Curva";"N�o";1325971;"Semireboque";"SR/FACCHINI SRF TA/FACCHINI SRF TA";2016;NA;NA;NA;NA;NA;NA;NA;NA;-19,80629775;-45,1275444;"SPRF-MG";"DEL08-MG";"UOP03-DEL08-MG"
742575;1663004;2025-12-30;"ter�a-feira";"14:20:00";"MG";262;455,7;"ARAUJOS";"Sim";"Condutor Dormindo";1;"Colis�o lateral sentido oposto";"Com V�timas Feridas";"Pleno dia";"Crescente";"Sol";"Simples";"Curva";"N�o";1325964;"Caminh�o-trator";"DAF/XF FTT 530/XF FTT 530";2024;"Condutor";"Ileso";52;"Masculino";1;0;0;0;-19,80629775;-45,1275444;"SPRF-MG";"DEL08-MG";"UOP03-DEL08-MG"
742575;1663003;2025-12-30;"ter�a-feira";"14:20:00";"MG";262;455,7;"ARAUJOS";"Sim";"Condutor Dormindo";1;"Colis�o lateral sentido oposto";"Com V�timas Feridas";"Pleno dia";"Crescente";"Sol";"Simples";"Curva";"N�o";1325956;"Caminhonete";"FIAT/STRADA WORKING/STRADA WORKING";2015;"Condutor";"Les�es Graves";63;"Masculino";0;0;1;0;-19,80629775;-45,1275444;"SPRF-MG";"DEL08-MG";"UOP03-DEL08-MG"
742575;NA;2025-12-30;"ter�a-feira";"14:20:00";"MG";262;455,7;"ARAUJOS";"Sim";"Condutor Dormindo";1;"Colis�o lateral sentido oposto";"Com V�timas Feridas";"Pleno dia";"Crescente";"Sol";"Simples";"Curva";"N�o";1325973;"Semireboque";"SR/FACCHINI SRF TA/FACCHINI SRF TA";2016;NA;NA;NA;NA;NA;NA;NA;NA;-19,80629775;-45,1275444;"SPRF-MG";"DEL08-MG";"UOP03-DEL08-MG"
742575;NA;2025-12-30;"ter�a-feira";"14:20:00";"MG";262;455,7;"ARAUJOS";"Sim";"Condutor Dormindo";1;"Colis�o lateral sentido oposto";"Com V�timas Feridas";"Pleno dia";"Crescente";"Sol";"Simples";"Curva";"N�o";1325971;"Semireboque";"SR/FACCHINI SRF TA/FACCHINI SRF TA";2016;NA;NA;NA;NA;NA;NA;NA;NA;-19,80629775;-45,1275444;"SPRF-MG";"DEL08-MG";"UOP03-DEL08-MG"
742576;1662915;2025-12-30;"ter�a-feira";"12:20:00";"RS";290;19;"SANTO ANTONIO DA PATRULHA";"Sim";"Demais falhas mec�nicas ou el�tricas";1;"Queda de ocupante de ve�culo";"Com V�timas Feridas";"Pleno dia";"Decrescente";"C�u Claro";"Dupla";"Reta";"N�o";1325913;"Motocicleta";"JTA/SUZUKI GSX 1300 R/SUZUKI GSX 1300 R";1999;"Passageiro";"Les�es Leves";28;"Feminino";0;1;0;0;-29,88424805;-50,44346659;"SPRF-RS";"DEL03-RS";"UOP01-DEL03-RS"
742576;1662913;2025-12-30;"ter�a-feira";"12:20:00";"RS";290;19;"SANTO ANTONIO DA PATRULHA";"Sim";"Demais falhas mec�nicas ou el�tricas";1;"Queda de ocupante de ve�culo";"Com V�timas Feridas";"Pleno dia";"Decrescente";"C�u Claro";"Dupla";"Reta";"N�o";1325913;"Motocicleta";"JTA/SUZUKI GSX 1300 R/SUZUKI GSX 1300 R";1999;"Condutor";"Les�es Leves";41;"Masculino";0;1;0;0;-29,88424805;-50,44346659;"SPRF-RS";"DEL03-RS";"UOP01-DEL03-RS"
742577;1662906;2025-10-09;"quinta-feira";"09:00:00";"PE";232;157;"TACAIMBO";"Sim";"Ultrapassagem Indevida";1;"Colis�o frontal";"Com V�timas Feridas";"Pleno dia";"Decrescente";"C�u Claro";"Simples";"Reta";"N�o";1325907;"Caminhonete";"FIAT/FIORINO ENDURANCE/FIORINO ENDURANCE";0;"Passageiro";"Les�es Leves";NA;"Masculino";0;1;0;0;-8,33020174;-36,22975588;"SPRF-PE";"DEL03-PE";"UOP02-DEL03-PE"
742577;1662905;2025-10-09;"quinta-feira";"09:00:00";"PE";232;157;"TACAIMBO";"Sim";"Ultrapassagem Indevida";1;"Colis�o frontal";"Com V�timas Feridas";"Pleno dia";"Decrescente";"C�u Claro";"Simples";"Reta";"N�o";1325907;"Caminhonete";"FIAT/FIORINO ENDURANCE/FIORINO ENDURANCE";0;"Condutor";"Les�es Leves";NA;"Masculino";0;1;0;0;-8,33020174;-36,22975588;"SPRF-PE";"DEL03-PE";"UOP02-DEL03-PE"