"id";"pesid";"data_inversa";"dia_semana";"horario";"uf";"br";"km";"municipio";"causa_principal";"causa_acidente";"ordem_tipo_acidente";"tipo_acidente";"classificacao_acidente";"fase_dia";"sentido_via";"condicao_metereologica";"tipo_pista";"tracado_via";"uso_solo";"id_veiculo";"tipo_veiculo";"marca";"ano_fabricacao_veiculo";"tipo_envolvido";"estado_fisico";"idade";"sexo";"ilesos";"feridos_leves";"feridos_graves";"mortos";"latitude";"longitude";"regional";"delegacia";"uop"
742577;1662907;2025-10-09;"quinta-feira";"09:00:00";"PE";232;157;"TACAIMBO";"Sim";"Ultrapassagem Indevida";1;"Colis�o frontal";"Com V�timas Feridas";"Pleno dia";"Decrescente";"C�u Claro";"Simples";"Reta";"N�o";1325908;"Autom�vel";"N�o Informado/N�o Informado/N�o Informado";0;"Condutor";"N�o Informado";NA;"N�o Informado";0;0;0;0;-8,33020174;-36,22975588;"SPRF-PE";"DEL03-PE";"UOP02-DEL03-PE"
742578;1663265;2025-12-30;"ter�a-feira";"14:00:00";"RN";226;9,2;"MACAIBA";"Sim";"Condutor deixou de manter dist�ncia do ve�culo da frente";3;"Queda de ocupante de ve�culo";"Com V�timas Feridas";"Pleno dia";"Decrescente";"Nublado";"Simples";"Curva";"N�o";1326163;"Motocicleta";"HONDA/XRE 190/XRE 190";2018;"Condutor";"Les�es Leves";25;"Feminino";0;1;0;0;-5,83903764;-35,29312621;"SPRF-RN";"DEL01-RN";"UOP02-DEL01-RN"
742578;1663264;2025-12-30;"ter�a-feira";"14:00:00";"RN";226;9,2;"MACAIBA";"Sim";"Condutor deixou de manter dist�ncia do ve�culo da frente";3;"Queda de ocupante de ve�culo";"Com V�timas Feridas";"Pleno dia";"Decrescente";"Nublado";"Simples";"Curva";"N�o";1326162;"Autom�vel";"FIAT/PALIO EDX/PALIO EDX";1997;"Condutor";"Ileso";51;"Masculino";1;0;0;0;-5,83903764;-35,29312621;"SPRF-RN";"DEL01-RN";"UOP02-DEL01-RN"
742578;1663265;2025-12-30;"ter�a-feira";"14:00:00";"RN";226;9,2;"MACAIBA";"Sim";"Condutor deixou de manter dist�ncia do ve�culo da frente";2;"Tombamento";"Com V�timas Feridas";"Pleno dia";"Decrescente";"Nublado";"Simples";"Curva";"N�o";1326163;"Motocicleta";"HONDA/XRE 190/XRE 190";2018;"Condutor";"Les�es Leves";25;"Feminino";0;1;0;0;-5,83903764;-35,29312621;"SPRF-RN";"DEL01-RN";"UOP02-DEL01-RN"
742578;1663264;2025-12-30;"ter�a-feira";"14:00:00";"RN";226;9,2;"MACAIBA";"Sim";"Condutor deixou de manter dist�ncia do ve�culo da frente";2;"Tombamento";"Com V�timas Feridas";"Pleno dia";"Decrescente";"Nublado";"Simples";"Curva";"N�o";1326162;"Autom�vel";"FIAT/PALIO EDX/PALIO EDX";1997;"Condutor";"Ileso";51;"Masculino";1;0;0;0;-5,83903764;-35,29312621;"SPRF-RN";"DEL01-RN";"UOP02-DEL01-RN"
742578;1663265;2025-12-30;"ter�a-feira";"14:00:00";"RN";226;9,2;"MACAIBA";"Sim";"Condutor deixou de manter dist�ncia do ve�culo da frente";1;"Colis�o traseira";"Com V�timas Feridas";"Pleno dia";"Decrescente";"Nublado";"Simples";"Curva";"N�o";1326163;"Motocicleta";"HONDA/XRE 190/XRE 190";2018;"Condutor";"Les�es Leves";25;"Feminino";0;1;0;0;-5,83903764;-35,29312621;"SPRF-RN";"DEL01-RN";"UOP02-DEL01-RN"
742578;1663264;2025-12-30;"ter�a-feira";"14:00:00";"RN";226;9,2;"MACAIBA";"Sim";"Condutor deixou de manter dist�ncia do ve�culo da frente";1;"Colis�o traseira";"Com V�timas Feridas";"Pleno dia";"Decrescente";"Nublado";"Simples";"Curva";"N�o";1326162;"Autom�vel";"FIAT/PALIO EDX/PALIO EDX";1997;"Condutor";"Ileso";51;"Masculino";1;0;0;0;-5,83903764;-35,29312621;"SPRF-RN";"DEL01-RN";"UOP02-DEL01-RN"
742579;1663261;2025-12-30;"ter�a-feira";"14:00:00";"GO";40;92;"CRISTALINA";"Sim";"Acessar a via sem observar a presen�a dos outros ve�culos";1;"Colis�o transversal";"Com V�timas Feridas";"Pleno dia";"Decrescente";"Chuva";"Simples";"Interse��o de Vias;Reta";"N�o";1326159;"Autom�vel";"HYUNDAI/CRETA1TF LIMITED/CRETA1TF LIMITED";2025;"Condutor";"Ileso";57;"Feminino";1;0;0;0;-16,73412719;-47,62154315;"SPRF-DF";"DEL01-DF";"UOP02-DEL01-DF"
742579;1665065;2025-12-30;"ter�a-feira";"14:00:00";"GO";40;92;"CRISTALINA";"Sim";"Acessar a via sem observar a presen�a dos outros ve�culos";1;"Colis�o transversal";"Com V�timas Feridas";"Pleno dia";"Decrescente";"Chuva";"Simples";"Interse��o de Vias;Reta";"N�o";1326159;"Autom�vel";"HYUNDAI/CRETA1TF LIMITED/CRETA1TF LIMITED";2025;"Passageiro";"Les�es Leves";19;"Masculino";0;1;0;0;-16,73412719;-47,62154315;"SPRF-DF";"DEL01-DF";"UOP02-DEL01-DF"
742579;1665061;2025-12-30;"ter�a-feira";"14:00:00";"GO";40;92;"CRISTALINA";"Sim";"Acessar a via sem observar a presen�a dos outros ve�culos";1;"Colis�o transversal";"Com V�timas Feridas";"Pleno dia";"Decrescente";"Chuva";"Simples";"Interse��o de Vias;Reta";"N�o";1326159;"Autom�vel";"HYUNDAI/CRETA1TF LIMITED/CRETA1TF LIMITED";2025;"Passageiro";"Les�es Leves";57;"Masculino";0;1;0;0;-16,73412719;-47,62154315;"SPRF-DF";"DEL01-DF";"UOP02-DEL01-DF"
742579;1663262;2025-12-30;"ter�a-feira";"14:00:00";"GO";40;92;"CRISTALINA";"Sim";"Acessar a via sem observar a presen�a dos outros ve�culos";1;"Colis�o transversal";"Com V�timas Feridas";"Pleno dia";"Decrescente";"Chuva";"Simples";"Interse��o de Vias;Reta";"N�o";1326160;"Caminhonete";"CHEVROLET/S10 LTZ DD4A/S10 LTZ DD4A";2024;"Condutor";"Ileso";69;"Masculino";1;0;0;0;-16,73412719;-47,62154315;"SPRF-DF";"DEL01-DF";"UOP02-DEL01-DF"
742581;1663107;2025-12-30;"ter�a-feira";"14:30:00";"MG";262;740;"SACRAMENTO";"Sim";"Acessar a via sem observar a presen�a dos outros ve�culos";2;"Capotamento";"Com V�timas Feridas";"Pleno dia";"Crescente";"C�u Claro";"Simples";"Reta;Interse��o de Vias";"N�o";1326005;"Autom�vel";"CHEV/ONIX 10TAT PR2/ONIX 10TAT PR2";2025;"Passageiro";"Les�es Leves";34;"Masculino";0;1;0;0;-19,642915;-47,510869;"SPRF-MG";"DEL08-MG";"UOP01-DEL08-MG"
742581;1663054;2025-12-30;"ter�a-feira";"14:30:00";"MG";262;740;"SACRAMENTO";"Sim";"Acessar a via sem observar a presen�a dos outros ve�culos";2;"Capotamento";"Com V�timas Feridas";"Pleno dia";"Crescente";"C�u Claro";"Simples";"Reta;Interse��o de Vias";"N�o";1326005;"Autom�vel";"CHEV/ONIX 10TAT PR2/ONIX 10TAT PR2";2025;"Condutor";"Les�es Leves";30;"Feminino";0;1;0;0;-19,642915;-47,510869;"SPRF-MG";"DEL08-MG";"UOP01-DEL08-MG"
742581;1663060;2025-12-30;"ter�a-feira";"14:30:00";"MG";262;740;"SACRAMENTO";"Sim";"Acessar a via sem observar a presen�a dos outros ve�culos";2;"Capotamento";"Com V�timas Feridas";"Pleno dia";"Crescente";"C�u Claro";"Simples";"Reta;Interse��o de Vias";"N�o";1326008;"Autom�vel";"FIAT/MOBI LIKE/MOBI LIKE";2022;"Passageiro";"Les�es Graves";67;"Feminino";0;0;1;0;-19,642915;-47,510869;"SPRF-MG";"DEL08-MG";"UOP01-DEL08-MG"
742581;1663055;2025-12-30;"ter�a-feira";"14:30:00";"MG";262;740;"SACRAMENTO";"Sim";"Acessar a via sem observar a presen�a dos outros ve�culos";2;"Capotamento";"Com V�timas Feridas";"Pleno dia";"Crescente";"C�u Claro";"Simples";"Reta;Interse��o de Vias";"N�o";1326008;"Autom�vel";"FIAT/MOBI LIKE/MOBI LIKE";2022;"Condutor";"Ileso";59;"Masculino";1;0;0;0;-19,642915;-47,510869;"SPRF-MG";"DEL08-MG";"UOP01-DEL08-MG"
742581;1663107;2025-12-30;"ter�a-feira";"14:30:00";"MG";262;740;"SACRAMENTO";"Sim";"Acessar a via sem observar a presen�a dos outros ve�culos";1;"Colis�o transversal";"Com V�timas Feridas";"Pleno dia";"Crescente";"C�u Claro";"Simples";"Reta;Interse��o de Vias";"N�o";1326005;"Autom�vel";"CHEV/ONIX 10TAT PR2/ONIX 10TAT PR2";2025;"Passageiro";"Les�es Leves";34;"Masculino";0;1;0;0;-19,642915;-47,510869;"SPRF-MG";"DEL08-MG";"UOP01-DEL08-MG"
742581;1663054;2025-12-30;"ter�a-feira";"14:30:00";"MG";262;740;"SACRAMENTO";"Sim";"Acessar a via sem observar a presen�a dos outros ve�culos";1;"Colis�o transversal";"Com V�timas Feridas";"Pleno dia";"Crescente";"C�u Claro";"Simples";"Reta;Interse��o de Vias";"N�o";1326005;"Autom�vel";"CHEV/ONIX 10TAT PR2/ONIX 10TAT PR2";2025;"Condutor";"Les�es Leves";30;"Feminino";0;1;0;0;-19,642915;-47,510869;"SPRF-MG";"DEL08-MG";"UOP01-DEL08-MG"
742581;1663060;2025-12-30;"ter�a-feira";"14:30:00";"MG";262;740;"SACRAMENTO";"Sim";"Acessar a via sem observar a presen�a dos outros ve�culos";1;"Colis�o transversal";"Com V�timas Feridas";"Pleno dia";"Crescente";"C�u Claro";"Simples";"Reta;Interse��o de Vias";"N�o";1326008;"Autom�vel";"FIAT/MOBI LIKE/MOBI LIKE";2022;"Passageiro";"Les�es Graves";67;"Feminino";0;0;1;0;-19,642915;-47,510869;"SPRF-MG";"DEL08-MG";"UOP01-DEL08-MG"
742581;1663055;2025-12-30;"ter�a-feira";"14:30:00";"MG";262;740;"SACRAMENTO";"Sim";"Acessar a via sem observar a presen�a dos outros ve�culos";1;"Colis�o transversal";"Com V�timas Feridas";"Pleno dia";"Crescente";"C�u Claro";"Simples";"Reta;Interse��o de Vias";"N�o";1326008;"Autom�vel";"FIAT/MOBI LIKE/MOBI LIKE";2022;"Condutor";"Ileso";59;"Masculino";1;0;0;0;-19,642915;-47,510869;"SPRF-MG";"DEL08-MG";"UOP01-DEL08-MG"
742582;1662959;2025-12-30;"ter�a-feira";"14:15:00";"PR";376;468;"PONTA GROSSA";"N�o";"Acumulo de �gua sobre o pavimento";2;"Capotamento";"Com V�timas Feridas";"Pleno dia";"Crescente";"Chuva";"Dupla";"Viaduto;Curva";"N�o";1325936;"Autom�vel";"GM/VECTRA SEDAN ELEGANCE/VECTRA SEDAN ELEGANCE";2007;"Condutor";"Ileso";39;"Masculino";1;0;0;0;-25,03624501;-50,29802196;"SPRF-PR";"DEL03-PR";"UOP01-DEL03-PR"
742582;1662957;2025-12-30;"ter�a-feira";"14:15:00";"PR";376;468;"PONTA GROSSA";"N�o";"Acumulo de �gua sobre o pavimento";2;"Capotamento";"Com V�timas Feridas";"Pleno dia";"Crescente";"Chuva";"Dupla";"Viaduto;Curva";"N�o";1325935;"Autom�vel";"FIAT/PALIO FIRE/PALIO FIRE";2004;"Passageiro";"Ileso";18;"Feminino";1;0;0;0;-25,03624501;-50,29802196;"SPRF-PR";"DEL03-PR";"UOP01-DEL03-PR"
742582;1662955;2025-12-30;"ter�a-feira";"14:15:00";"PR";376;468;"PONTA GROSSA";"N�o";"Acumulo de �gua sobre o pavimento";2;"Capotamento";"Com V�timas Feridas";"Pleno dia";"Crescente";"Chuva";"Dupla";"Viaduto;Curva";"N�o";1325935;"Autom�vel";"FIAT/PALIO FIRE/PALIO FIRE";2004;"Condutor";"Les�es Leves";19;"Masculino";0;1;0;0;-25,03624501;-50,29802196;"SPRF-PR";"DEL03-PR";"UOP01-DEL03-PR"
742582;1662958;2025-12-30;"ter�a-feira";"14:15:00";"PR";376;468;"PONTA GROSSA";"N�o";"Acumulo de �gua sobre o pavimento";2;"Capotamento";"Com V�timas Feridas";"Pleno dia";"Crescente";"Chuva";"Dupla";"Viaduto;Curva";"N�o";1325935;"Autom�vel";"FIAT/PALIO FIRE/PALIO FIRE";2004;"Passageiro";"Les�es Leves";2;"Feminino";0;1;0;0;-25,03624501;-50,29802196;"SPRF-PR";"DEL03-PR";"UOP01-DEL03-PR"
742582;1662959;2025-12-30;"ter�a-feira";"14:15:00";"PR";376;468;"PONTA GROSSA";"N�o";"Acumulo de �gua sobre o pavimento";1;"Colis�o com objeto";"Com V�timas Feridas";"Pleno dia";"Crescente";"Chuva";"Dupla";"Viaduto;Curva";"N�o";1325936;"Autom�vel";"GM/VECTRA SEDAN ELEGANCE/VECTRA SEDAN ELEGANCE";2007;"Condutor";"Ileso";39;"Masculino";1;0;0;0;-25,03624501;-50,29802196;"SPRF-PR";"DEL03-PR";"UOP01-DEL03-PR"
742582;1662957;2025-12-30;"ter�a-feira";"14:15:00";"PR";376;468;"PONTA GROSSA";"N�o";"Acumulo de �gua sobre o pavimento";1;"Colis�o com objeto";"Com V�timas Feridas";"Pleno dia";"Crescente";"Chuva";"Dupla";"Viaduto;Curva";"N�o";1325935;"Autom�vel";"FIAT/PALIO FIRE/PALIO FIRE";2004;"Passageiro";"Ileso";18;"Feminino";1;0;0;0;-25,03624501;-50,29802196;"SPRF-PR";"DEL03-PR";"UOP01-DEL03-PR"
742582;1662955;2025-12-30;"ter�a-feira";"14:15:00";"PR";376;468;"PONTA GROSSA";"N�o";"Acumulo de �gua sobre o pavimento";1;"Colis�o com objeto";"Com V�timas Feridas";"Pleno dia";"Crescente";"Chuva";"Dupla";"Viaduto;Curva";"N�o";1325935;"Autom�vel";"FIAT/PALIO FIRE/PALIO FIRE";2004;"Condutor";"Les�es Leves";19;"Masculino";0;1;0;0;-25,03624501;-50,29802196;"SPRF-PR";"DEL03-PR";"UOP01-DEL03-PR"
742582;1662958;2025-12-30;"ter�a-feira";"14:15:00";"PR";376;468;"PONTA GROSSA";"N�o";"Acumulo de �gua sobre o pavimento";1;"Colis�o com objeto";"Com V�timas Feridas";"Pleno dia";"Crescente";"Chuva";"Dupla";"Viaduto;Curva";"N�o";1325935;"Autom�vel";"FIAT/PALIO FIRE/PALIO FIRE";2004;"Passageiro";"Les�es Leves";2;"Feminino";0;1;0;0;-25,03624501;-50,29802196;"SPRF-PR";"DEL03-PR";"UOP01-DEL03-PR"
742582;1662959;2025-12-30;"ter�a-feira";"14:15:00";"PR";376;468;"PONTA GROSSA";"N�o";"Chuva";2;"Capotamento";"Com V�timas Feridas";"Pleno dia";"Crescente";"Chuva";"Dupla";"Viaduto;Curva";"N�o";1325936;"Autom�vel";"GM/VECTRA SEDAN ELEGANCE/VECTRA SEDAN ELEGANCE";2007;"Condutor";"Ileso";39;"Masculino";1;0;0;0;-25,03624501;-50,29802196;"SPRF-PR";"DEL03-PR";"UOP01-DEL03-PR"
742582;1662957;2025-12-30;"ter�a-feira";"14:15:00";"PR";376;468;"PONTA GROSSA";"N�o";"Chuva";2;"Capotamento";"Com V�timas Feridas";"Pleno dia";"Crescente";"Chuva";"Dupla";"Viaduto;Curva";"N�o";1325935;"Autom�vel";"FIAT/PALIO FIRE/PALIO FIRE";2004;"Passageiro";"Ileso";18;"Feminino";1;0;0;0;-25,03624501;-50,29802196;"SPRF-PR";"DEL03-PR";"UOP01-DEL03-PR"
742582;1662955;2025-12-30;"ter�a-feira";"14:15:00";"PR";376;468;"PONTA GROSSA";"N�o";"Chuva";2;"Capotamento";"Com V�timas Feridas";"Pleno dia";"Crescente";"Chuva";"Dupla";"Viaduto;Curva";"N�o";1325935;"Autom�vel";"FIAT/PALIO FIRE/PALIO FIRE";2004;"Condutor";"Les�es Leves";19;"Masculino";0;1;0;0;-25,03624501;-50,29802196;"SPRF-PR";"DEL03-PR";"UOP01-DEL03-PR"
742582;1662958;2025-12-30;"ter�a-feira";"14:15:00";"PR";376;468;"PONTA GROSSA";"N�o";"Chuva";2;"Capotamento";"Com V�timas Feridas";"Pleno dia";"Crescente";"Chuva";"Dupla";"Viaduto;Curva";"N�o";1325935;"Autom�vel";"FIAT/PALIO FIRE/PALIO FIRE";2004;"Passageiro";"Les�es Leves";2;"Feminino";0;1;0;0;-25,03624501;-50,29802196;"SPRF-PR";"DEL03-PR";"UOP01-DEL03-PR"
742582;1662959;2025-12-30;"ter�a-feira";"14:15:00";"PR";376;468;"PONTA GROSSA";"N�o";"Chuva";1;"Colis�o com objeto";"Com V�timas Feridas";"Pleno dia";"Crescente";"Chuva";"Dupla";"Viaduto;Curva";"N�o";1325936;"Autom�vel";"GM/VECTRA SEDAN ELEGANCE/VECTRA SEDAN ELEGANCE";2007;"Condutor";"Ileso";39;"Masculino";1;0;0;0;-25,03624501;-50,29802196;"SPRF-PR";"DEL03-PR";"UOP01-DEL03-PR"
742582;1662957;2025-12-30;"ter�a-feira";"14:15:00";"PR";376;468;"PONTA GROSSA";"N�o";"Chuva";1;"Colis�o com objeto";"Com V�timas Feridas";"Pleno dia";"Crescente";"Chuva";"Dupla";"Viaduto;Curva";"N�o";1325935;"Autom�vel";"FIAT/PALIO FIRE/PALIO FIRE";2004;"Passageiro";"Ileso";18;"Feminino";1;0;0;0;-25,03624501;-50,29802196;"SPRF-PR";"DEL03-PR";"UOP01-DEL03-PR"
742582;1662955;2025-12-30;"ter�a-feira";"14:15:00";"PR";376;468;"PONTA GROSSA";"N�o";"Chuva";1;"Colis�o com objeto";"Com V�timas Feridas";"Pleno dia";"Crescente";"Chuva";"Dupla";"Viaduto;Curva";"N�o";1325935;"Autom�vel";"FIAT/PALIO FIRE/PALIO FIRE";2004;"Condutor";"Les�es Leves";19;"Masculino";0;1;0;0;-25,03624501;-50,29802196;"SPRF-PR";"DEL03-PR";"UOP01-DEL03-PR"
742582;1662958;2025-12-30;"ter�a-feira";"14:15:00";"PR";376;468;"PONTA GROSSA";"N�o";"Chuva";1;"Colis�o com objeto";"Com V�timas Feridas";"Pleno dia";"Crescente";"Chuva";"Dupla";"Viaduto;Curva";"N�o";1325935;"Autom�vel";"FIAT/PALIO FIRE/PALIO FIRE";2004;"Passageiro";"Les�es Leves";2;"Feminino";0;1;0;0;-25,03624501;-50,29802196;"SPRF-PR";"DEL03-PR";"UOP01-DEL03-PR"
742582;1662959;2025-12-30;"ter�a-feira";"14:15:00";"PR";376;468;"PONTA GROSSA";"Sim";"Velocidade Incompat�vel";2;"Capotamento";"Com V�timas Feridas";"Pleno dia";"Crescente";"Chuva";"Dupla";"Viaduto;Curva";"N�o";1325936;"Autom�vel";"GM/VECTRA SEDAN ELEGANCE/VECTRA SEDAN ELEGANCE";2007;"Condutor";"Ileso";39;"Masculino";1;0;0;0;-25,03624501;-50,29802196;"SPRF-PR";"DEL03-PR";"UOP01-DEL03-PR"
742582;1662957;2025-12-30;"ter�a-feira";"14:15:00";"PR";376;468;"PONTA GROSSA";"Sim";"Velocidade Incompat�vel";2;"Capotamento";"Com V�timas Feridas";"Pleno dia";"Crescente";"Chuva";"Dupla";"Viaduto;Curva";"N�o";1325935;"Autom�vel";"FIAT/PALIO FIRE/PALIO FIRE";2004;"Passageiro";"Ileso";18;"Feminino";1;0;0;0;-25,03624501;-50,29802196;"SPRF-PR";"DEL03-PR";"UOP01-DEL03-PR"
742582;1662955;2025-12-30;"ter�a-feira";"14:15:00";"PR";376;468;"PONTA GROSSA";"Sim";"Velocidade Incompat�vel";2;"Capotamento";"Com V�timas Feridas";"Pleno dia";"Crescente";"Chuva";"Dupla";"Viaduto;Curva";"N�o";1325935;"Autom�vel";"FIAT/PALIO FIRE/PALIO FIRE";2004;"Condutor";"Les�es Leves";19;"Masculino";0;1;0;0;-25,03624501;-50,29802196;"SPRF-PR";"DEL03-PR";"UOP01-DEL03-PR"
742582;1662958;2025-12-30;"ter�a-feira";"14:15:00";"PR";376;468;"PONTA GROSSA";"Sim";"Velocidade Incompat�vel";2;"Capotamento";"Com V�timas Feridas";"Pleno dia";"Crescente";"Chuva";"Dupla";"Viaduto;Curva";"N�o";1325935;"Autom�vel";"FIAT/PALIO FIRE/PALIO FIRE";2004;"Passageiro";"Les�es Leves";2;"Feminino";0;1;0;0;-25,03624501;-50,29802196;"SPRF-PR";"DEL03-PR";"UOP01-DEL03-PR"
742582;1662959;2025-12-30;"ter�a-feira";"14:15:00";"PR";376;468;"PONTA GROSSA";"Sim";"Velocidade Incompat�vel";1;"Colis�o com objeto";"Com V�timas Feridas";"Pleno dia";"Crescente";"Chuva";"Dupla";"Viaduto;Curva";"N�o";1325936;"Autom�vel";"GM/VECTRA SEDAN ELEGANCE/VECTRA SEDAN ELEGANCE";2007;"Condutor";"Ileso";39;"Masculino";1;0;0;0;-25,03624501;-50,29802196;"SPRF-PR";"DEL03-PR";"UOP01-DEL03-PR"
742582;1662957;2025-12-30;"ter�a-feira";"14:15:00";"PR";376;468;"PONTA GROSSA";"Sim";"Velocidade Incompat�vel";1;"Colis�o com objeto";"Com V�timas Feridas";"Pleno dia";"Crescente";"Chuva";"Dupla";"Viaduto;Curva";"N�o";1325935;"Autom�vel";"FIAT/PALIO FIRE/PALIO FIRE";2004;"Passageiro";"Ileso";18;"Feminino";1;0;0;0;-25,03624501;-50,29802196;"SPRF-PR";"DEL03-PR";"UOP01-DEL03-PR"
742582;1662955;2025-12-30;"ter�a-feira";"14:15:00";"PR";376;468;"PONTA GROSSA";"Sim";"Velocidade Incompat�vel";1;"Colis�o com objeto";"Com V�timas Feridas";"Pleno dia";"Crescente";"Chuva";"Dupla";"Viaduto;Curva";"N�o";1325935;"Autom�vel";"FIAT/PALIO FIRE/PALIO FIRE";2004;"Condutor";"Les�es Leves";19;"Masculino";0;1;0;0;-25,03624501;-50,29802196;"SPRF-PR";"DEL03-PR";"UOP01-DEL03-PR"
742582;1662958;2025-12-30;"ter�a-feira";"14:15:00";"PR";376;468;"PONTA GROSSA";"Sim";"Velocidade Incompat�vel";1;"Colis�o com objeto";"Com V�timas Feridas";"Pleno dia";"Crescente";"Chuva";"Dupla";"Viaduto;Curva";"N�o";1325935;"Autom�vel";"FIAT/PALIO FIRE/PALIO FIRE";2004;"Passageiro";"Les�es Leves";2;"Feminino";0;1;0;0;-25,03624501;-50,29802196;"SPRF-PR";"DEL03-PR";"UOP01-DEL03-PR"
742583;1663007;2025-12-30;"ter�a-feira";"12:30:00";"RO";364;366;"OURO PRETO DO OESTE";"N�o";"Rea��o tardia ou ineficiente do condutor";1;"Colis�o lateral mesmo sentido";"Com V�timas Feridas";"Pleno dia";"Decrescente";"Sol";"Simples";"Reta";"N�o";1325921;"Caminh�o";"VOLVO/VM 260 6X2R/VM 260 6X2R";2008;"Condutor";"Ileso";56;"Masculino";1;0;0;0;-10,768658;-62,113457;"SPRF-RO";"DEL02-RO";"UOP01-DEL02-RO"
742583;1663015;2025-12-30;"ter�a-feira";"12:30:00";"RO";364;366;"OURO PRETO DO OESTE";"N�o";"Rea��o tardia ou ineficiente do condutor";1;"Colis�o lateral mesmo sentido";"Com V�timas Feridas";"Pleno dia";"Decrescente";"Sol";"Simples";"Reta";"N�o";1325921;"Caminh�o";"VOLVO/VM 260 6X2R/VM 260 6X2R";2008;"Passageiro";"Ileso";40;"Feminino";1;0;0;0;-10,768658;-62,113457;"SPRF-RO";"DEL02-RO";"UOP01-DEL02-RO"
742583;1663013;2025-12-30;"ter�a-feira";"12:30:00";"RO";364;366;"OURO PRETO DO OESTE";"N�o";"Rea��o tardia ou ineficiente do condutor";1;"Colis�o lateral mesmo sentido";"Com V�timas Feridas";"Pleno dia";"Decrescente";"Sol";"Simples";"Reta";"N�o";1325982;"Camioneta";"FIAT/PULSE DRIVE AT/PULSE DRIVE AT";2025;"Passageiro";"Les�es Leves";76;"Feminino";0;1;0;0;-10,768658;-62,113457;"SPRF-RO";"DEL02-RO";"UOP01-DEL02-RO"
742583;1663012;2025-12-30;"ter�a-feira";"12:30:00";"RO";364;366;"OURO PRETO DO OESTE";"N�o";"Rea��o tardia ou ineficiente do condutor";1;"Colis�o lateral mesmo sentido";"Com V�timas Feridas";"Pleno dia";"Decrescente";"Sol";"Simples";"Reta";"N�o";1325982;"Camioneta";"FIAT/PULSE DRIVE AT/PULSE DRIVE AT";2025;"Condutor";"Les�es Leves";48;"Masculino";0;1;0;0;-10,768658;-62,113457;"SPRF-RO";"DEL02-RO";"UOP01-DEL02-RO"
742583;1663007;2025-12-30;"ter�a-feira";"12:30:00";"RO";364;366;"OURO PRETO DO OESTE";"Sim";"Acesso irregular";1;"Colis�o lateral mesmo sentido";"Com V�timas Feridas";"Pleno dia";"Decrescente";"Sol";"Simples";"Reta";"N�o";1325921;"Caminh�o";"VOLVO/VM 260 6X2R/VM 260 6X2R";2008;"Condutor";"Ileso";56;"Masculino";1;0;0;0;-10,768658;-62,113457;"SPRF-RO";"DEL02-RO";"UOP01-DEL02-RO"
742583;1663015;2025-12-30;"ter�a-feira";"12:30:00";"RO";364;366;"OURO PRETO DO OESTE";"Sim";"Acesso irregular";1;"Colis�o lateral mesmo sentido";"Com V�timas Feridas";"Pleno dia";"Decrescente";"Sol";"Simples";"Reta";"N�o";1325921;"Caminh�o";"VOLVO/VM 260 6X2R/VM 260 6X2R";2008;"Passageiro";"Ileso";40;"Feminino";1;0;0;0;-10,768658;-62,113457;"SPRF-RO";"DEL02-RO";"UOP01-DEL02-RO"
742583;1663013;2025-12-30;"ter�a-feira";"12:30:00";"RO";364;366;"OURO PRETO DO OESTE";"Sim";"Acesso irregular";1;"Colis�o lateral mesmo sentido";"Com V�timas Feridas";"Pleno dia";"Decrescente";"Sol";"Simples";"Reta";"N�o";1325982;"Camioneta";"FIAT/PULSE DRIVE AT/PULSE DRIVE AT";2025;"Passageiro";"Les�es Leves";76;"Feminino";0;1;0;0;-10,768658;-62,113457;"SPRF-RO";"DEL02-RO";"UOP01-DEL02-RO"
742583;1663012;2025-12-30;"ter�a-feira";"12:30:00";"RO";364;366;"OURO PRETO DO OESTE";"Sim";"Acesso irregular";1;"Colis�o lateral mesmo sentido";"Com V�timas Feridas";"Pleno dia";"Decrescente";"Sol";"Simples";"Reta";"N�o";1325982;"Camioneta";"FIAT/PULSE DRIVE AT/PULSE DRIVE AT";2025;"Condutor";"Les�es Leves";48;"Masculino";0;1;0;0;-10,768658;-62,113457;"SPRF-RO";"DEL02-RO";"UOP01-DEL02-RO"
742584;1662950;2025-12-30;"ter�a-feira";"12:47:00";"RO";364;531;"ARIQUEMES";"N�o";"Rea��o tardia ou ineficiente do condutor";2;"Tombamento";"Com V�timas Feridas";"Pleno dia";"Crescente";"Sol";"Simples";"Em Obras;Reta";"N�o";1325926;"Utilit�rio";"JEEP/COMMANDER OVR TD380/COMMANDER OVR TD380";2022;"Passageiro";"Ileso";40;"Feminino";1;0;0;0;-9,785492;-63,08918;"SPRF-RO";"DEL03-RO";"UOP01-DEL03-RO"
742584;1662944;2025-12-30;"ter�a-feira";"12:47:00";"RO";364;531;"ARIQUEMES";"N�o";"Rea��o tardia ou ineficiente do condutor";2;"Tombamento";"Com V�timas Feridas";"Pleno dia";"Crescente";"Sol";"Simples";"Em Obras;Reta";"N�o";1325926;"Utilit�rio";"JEEP/COMMANDER OVR TD380/COMMANDER OVR TD380";2022;"Condutor";"Ileso";40;"Masculino";1;0;0;0;-9,785492;-63,08918;"SPRF-RO";"DEL03-RO";"UOP01-DEL03-RO"