"id";"pesid";"data_inversa";"dia_semana";"horario";"uf";"br";"km";"municipio";"causa_principal";"causa_acidente";"ordem_tipo_acidente";"tipo_acidente";"classificacao_acidente";"fase_dia";"sentido_via";"condicao_metereologica";"tipo_pista";"tracado_via";"uso_solo";"id_veiculo";"tipo_veiculo";"marca";"ano_fabricacao_veiculo";"tipo_envolvido";"estado_fisico";"idade";"sexo";"ilesos";"feridos_leves";"feridos_graves";"mortos";"latitude";"longitude";"regional";"delegacia";"uop"
742584;1662943;2025-12-30;"ter�a-feira";"12:47:00";"RO";364;531;"ARIQUEMES";"N�o";"Rea��o tardia ou ineficiente do condutor";2;"Tombamento";"Com V�timas Feridas";"Pleno dia";"Crescente";"Sol";"Simples";"Em Obras;Reta";"N�o";1325927;"Motocicleta";"YAMAHA/YS150 FAZER ED/YS150 FAZER ED";2014;"Condutor";"Les�es Leves";58;"Masculino";0;1;0;0;-9,785492;-63,08918;"SPRF-RO";"DEL03-RO";"UOP01-DEL03-RO"
742584;1662950;2025-12-30;"ter�a-feira";"12:47:00";"RO";364;531;"ARIQUEMES";"N�o";"Rea��o tardia ou ineficiente do condutor";1;"Colis�o traseira";"Com V�timas Feridas";"Pleno dia";"Crescente";"Sol";"Simples";"Em Obras;Reta";"N�o";1325926;"Utilit�rio";"JEEP/COMMANDER OVR TD380/COMMANDER OVR TD380";2022;"Passageiro";"Ileso";40;"Feminino";1;0;0;0;-9,785492;-63,08918;"SPRF-RO";"DEL03-RO";"UOP01-DEL03-RO"
742584;1662944;2025-12-30;"ter�a-feira";"12:47:00";"RO";364;531;"ARIQUEMES";"N�o";"Rea��o tardia ou ineficiente do condutor";1;"Colis�o traseira";"Com V�timas Feridas";"Pleno dia";"Crescente";"Sol";"Simples";"Em Obras;Reta";"N�o";1325926;"Utilit�rio";"JEEP/COMMANDER OVR TD380/COMMANDER OVR TD380";2022;"Condutor";"Ileso";40;"Masculino";1;0;0;0;-9,785492;-63,08918;"SPRF-RO";"DEL03-RO";"UOP01-DEL03-RO"
742584;1662943;2025-12-30;"ter�a-feira";"12:47:00";"RO";364;531;"ARIQUEMES";"N�o";"Rea��o tardia ou ineficiente do condutor";1;"Colis�o traseira";"Com V�timas Feridas";"Pleno dia";"Crescente";"Sol";"Simples";"Em Obras;Reta";"N�o";1325927;"Motocicleta";"YAMAHA/YS150 FAZER ED/YS150 FAZER ED";2014;"Condutor";"Les�es Leves";58;"Masculino";0;1;0;0;-9,785492;-63,08918;"SPRF-RO";"DEL03-RO";"UOP01-DEL03-RO"
742584;1662950;2025-12-30;"ter�a-feira";"12:47:00";"RO";364;531;"ARIQUEMES";"N�o";"Aus�ncia de rea��o do condutor";2;"Tombamento";"Com V�timas Feridas";"Pleno dia";"Crescente";"Sol";"Simples";"Em Obras;Reta";"N�o";1325926;"Utilit�rio";"JEEP/COMMANDER OVR TD380/COMMANDER OVR TD380";2022;"Passageiro";"Ileso";40;"Feminino";1;0;0;0;-9,785492;-63,08918;"SPRF-RO";"DEL03-RO";"UOP01-DEL03-RO"
742584;1662944;2025-12-30;"ter�a-feira";"12:47:00";"RO";364;531;"ARIQUEMES";"N�o";"Aus�ncia de rea��o do condutor";2;"Tombamento";"Com V�timas Feridas";"Pleno dia";"Crescente";"Sol";"Simples";"Em Obras;Reta";"N�o";1325926;"Utilit�rio";"JEEP/COMMANDER OVR TD380/COMMANDER OVR TD380";2022;"Condutor";"Ileso";40;"Masculino";1;0;0;0;-9,785492;-63,08918;"SPRF-RO";"DEL03-RO";"UOP01-DEL03-RO"
742584;1662943;2025-12-30;"ter�a-feira";"12:47:00";"RO";364;531;"ARIQUEMES";"N�o";"Aus�ncia de rea��o do condutor";2;"Tombamento";"Com V�timas Feridas";"Pleno dia";"Crescente";"Sol";"Simples";"Em Obras;Reta";"N�o";1325927;"Motocicleta";"YAMAHA/YS150 FAZER ED/YS150 FAZER ED";2014;"Condutor";"Les�es Leves";58;"Masculino";0;1;0;0;-9,785492;-63,08918;"SPRF-RO";"DEL03-RO";"UOP01-DEL03-RO"
742584;1662950;2025-12-30;"ter�a-feira";"12:47:00";"RO";364;531;"ARIQUEMES";"N�o";"Aus�ncia de rea��o do condutor";1;"Colis�o traseira";"Com V�timas Feridas";"Pleno dia";"Crescente";"Sol";"Simples";"Em Obras;Reta";"N�o";1325926;"Utilit�rio";"JEEP/COMMANDER OVR TD380/COMMANDER OVR TD380";2022;"Passageiro";"Ileso";40;"Feminino";1;0;0;0;-9,785492;-63,08918;"SPRF-RO";"DEL03-RO";"UOP01-DEL03-RO"
742584;1662944;2025-12-30;"ter�a-feira";"12:47:00";"RO";364;531;"ARIQUEMES";"N�o";"Aus�ncia de rea��o do condutor";1;"Colis�o traseira";"Com V�timas Feridas";"Pleno dia";"Crescente";"Sol";"Simples";"Em Obras;Reta";"N�o";1325926;"Utilit�rio";"JEEP/COMMANDER OVR TD380/COMMANDER OVR TD380";2022;"Condutor";"Ileso";40;"Masculino";1;0;0;0;-9,785492;-63,08918;"SPRF-RO";"DEL03-RO";"UOP01-DEL03-RO"
742584;1662943;2025-12-30;"ter�a-feira";"12:47:00";"RO";364;531;"ARIQUEMES";"N�o";"Aus�ncia de rea��o do condutor";1;"Colis�o traseira";"Com V�timas Feridas";"Pleno dia";"Crescente";"Sol";"Simples";"Em Obras;Reta";"N�o";1325927;"Motocicleta";"YAMAHA/YS150 FAZER ED/YS150 FAZER ED";2014;"Condutor";"Les�es Leves";58;"Masculino";0;1;0;0;-9,785492;-63,08918;"SPRF-RO";"DEL03-RO";"UOP01-DEL03-RO"
742584;1662950;2025-12-30;"ter�a-feira";"12:47:00";"RO";364;531;"ARIQUEMES";"N�o";"Velocidade Incompat�vel";2;"Tombamento";"Com V�timas Feridas";"Pleno dia";"Crescente";"Sol";"Simples";"Em Obras;Reta";"N�o";1325926;"Utilit�rio";"JEEP/COMMANDER OVR TD380/COMMANDER OVR TD380";2022;"Passageiro";"Ileso";40;"Feminino";1;0;0;0;-9,785492;-63,08918;"SPRF-RO";"DEL03-RO";"UOP01-DEL03-RO"
742584;1662944;2025-12-30;"ter�a-feira";"12:47:00";"RO";364;531;"ARIQUEMES";"N�o";"Velocidade Incompat�vel";2;"Tombamento";"Com V�timas Feridas";"Pleno dia";"Crescente";"Sol";"Simples";"Em Obras;Reta";"N�o";1325926;"Utilit�rio";"JEEP/COMMANDER OVR TD380/COMMANDER OVR TD380";2022;"Condutor";"Ileso";40;"Masculino";1;0;0;0;-9,785492;-63,08918;"SPRF-RO";"DEL03-RO";"UOP01-DEL03-RO"
742584;1662943;2025-12-30;"ter�a-feira";"12:47:00";"RO";364;531;"ARIQUEMES";"N�o";"Velocidade Incompat�vel";2;"Tombamento";"Com V�timas Feridas";"Pleno dia";"Crescente";"Sol";"Simples";"Em Obras;Reta";"N�o";1325927;"Motocicleta";"YAMAHA/YS150 FAZER ED/YS150 FAZER ED";2014;"Condutor";"Les�es Leves";58;"Masculino";0;1;0;0;-9,785492;-63,08918;"SPRF-RO";"DEL03-RO";"UOP01-DEL03-RO"
742584;1662950;2025-12-30;"ter�a-feira";"12:47:00";"RO";364;531;"ARIQUEMES";"N�o";"Velocidade Incompat�vel";1;"Colis�o traseira";"Com V�timas Feridas";"Pleno dia";"Crescente";"Sol";"Simples";"Em Obras;Reta";"N�o";1325926;"Utilit�rio";"JEEP/COMMANDER OVR TD380/COMMANDER OVR TD380";2022;"Passageiro";"Ileso";40;"Feminino";1;0;0;0;-9,785492;-63,08918;"SPRF-RO";"DEL03-RO";"UOP01-DEL03-RO"
742584;1662944;2025-12-30;"ter�a-feira";"12:47:00";"RO";364;531;"ARIQUEMES";"N�o";"Velocidade Incompat�vel";1;"Colis�o traseira";"Com V�timas Feridas";"Pleno dia";"Crescente";"Sol";"Simples";"Em Obras;Reta";"N�o";1325926;"Utilit�rio";"JEEP/COMMANDER OVR TD380/COMMANDER OVR TD380";2022;"Condutor";"Ileso";40;"Masculino";1;0;0;0;-9,785492;-63,08918;"SPRF-RO";"DEL03-RO";"UOP01-DEL03-RO"
742584;1662943;2025-12-30;"ter�a-feira";"12:47:00";"RO";364;531;"ARIQUEMES";"N�o";"Velocidade Incompat�vel";1;"Colis�o traseira";"Com V�timas Feridas";"Pleno dia";"Crescente";"Sol";"Simples";"Em Obras;Reta";"N�o";1325927;"Motocicleta";"YAMAHA/YS150 FAZER ED/YS150 FAZER ED";2014;"Condutor";"Les�es Leves";58;"Masculino";0;1;0;0;-9,785492;-63,08918;"SPRF-RO";"DEL03-RO";"UOP01-DEL03-RO"
742584;1662950;2025-12-30;"ter�a-feira";"12:47:00";"RO";364;531;"ARIQUEMES";"Sim";"Condutor deixou de manter dist�ncia do ve�culo da frente";2;"Tombamento";"Com V�timas Feridas";"Pleno dia";"Crescente";"Sol";"Simples";"Em Obras;Reta";"N�o";1325926;"Utilit�rio";"JEEP/COMMANDER OVR TD380/COMMANDER OVR TD380";2022;"Passageiro";"Ileso";40;"Feminino";1;0;0;0;-9,785492;-63,08918;"SPRF-RO";"DEL03-RO";"UOP01-DEL03-RO"
742584;1662944;2025-12-30;"ter�a-feira";"12:47:00";"RO";364;531;"ARIQUEMES";"Sim";"Condutor deixou de manter dist�ncia do ve�culo da frente";2;"Tombamento";"Com V�timas Feridas";"Pleno dia";"Crescente";"Sol";"Simples";"Em Obras;Reta";"N�o";1325926;"Utilit�rio";"JEEP/COMMANDER OVR TD380/COMMANDER OVR TD380";2022;"Condutor";"Ileso";40;"Masculino";1;0;0;0;-9,785492;-63,08918;"SPRF-RO";"DEL03-RO";"UOP01-DEL03-RO"
742584;1662943;2025-12-30;"ter�a-feira";"12:47:00";"RO";364;531;"ARIQUEMES";"Sim";"Condutor deixou de manter dist�ncia do ve�culo da frente";2;"Tombamento";"Com V�timas Feridas";"Pleno dia";"Crescente";"Sol";"Simples";"Em Obras;Reta";"N�o";1325927;"Motocicleta";"YAMAHA/YS150 FAZER ED/YS150 FAZER ED";2014;"Condutor";"Les�es Leves";58;"Masculino";0;1;0;0;-9,785492;-63,08918;"SPRF-RO";"DEL03-RO";"UOP01-DEL03-RO"
742584;1662950;2025-12-30;"ter�a-feira";"12:47:00";"RO";364;531;"ARIQUEMES";"Sim";"Condutor deixou de manter dist�ncia do ve�culo da frente";1;"Colis�o traseira";"Com V�timas Feridas";"Pleno dia";"Crescente";"Sol";"Simples";"Em Obras;Reta";"N�o";1325926;"Utilit�rio";"JEEP/COMMANDER OVR TD380/COMMANDER OVR TD380";2022;"Passageiro";"Ileso";40;"Feminino";1;0;0;0;-9,785492;-63,08918;"SPRF-RO";"DEL03-RO";"UOP01-DEL03-RO"
742584;1662944;2025-12-30;"ter�a-feira";"12:47:00";"RO";364;531;"ARIQUEMES";"Sim";"Condutor deixou de manter dist�ncia do ve�culo da frente";1;"Colis�o traseira";"Com V�timas Feridas";"Pleno dia";"Crescente";"Sol";"Simples";"Em Obras;Reta";"N�o";1325926;"Utilit�rio";"JEEP/COMMANDER OVR TD380/COMMANDER OVR TD380";2022;"Condutor";"Ileso";40;"Masculino";1;0;0;0;-9,785492;-63,08918;"SPRF-RO";"DEL03-RO";"UOP01-DEL03-RO"
742584;1662943;2025-12-30;"ter�a-feira";"12:47:00";"RO";364;531;"ARIQUEMES";"Sim";"Condutor deixou de manter dist�ncia do ve�culo da frente";1;"Colis�o traseira";"Com V�timas Feridas";"Pleno dia";"Crescente";"Sol";"Simples";"Em Obras;Reta";"N�o";1325927;"Motocicleta";"YAMAHA/YS150 FAZER ED/YS150 FAZER ED";2014;"Condutor";"Les�es Leves";58;"Masculino";0;1;0;0;-9,785492;-63,08918;"SPRF-RO";"DEL03-RO";"UOP01-DEL03-RO"
742586;1662977;2025-12-30;"ter�a-feira";"11:52:00";"PI";343;139;"PIRACURUCA";"Sim";"Acessar a via sem observar a presen�a dos outros ve�culos";1;"Colis�o transversal";"Com V�timas Feridas";"Pleno dia";"Crescente";"C�u Claro";"Simples";"Reta";"Sim";1325929;"Caminhonete";"FIAT/STRADA ADVENTURE CD/STRADA ADVENTURE CD";2014;"Passageiro";"Les�es Graves";40;"Feminino";0;0;1;0;-3,916797;-41,712023;"SPRF-PI";"DEL02-PI";"UOP01-DEL02-PI"
742586;1662976;2025-12-30;"ter�a-feira";"11:52:00";"PI";343;139;"PIRACURUCA";"Sim";"Acessar a via sem observar a presen�a dos outros ve�culos";1;"Colis�o transversal";"Com V�timas Feridas";"Pleno dia";"Crescente";"C�u Claro";"Simples";"Reta";"Sim";1325929;"Caminhonete";"FIAT/STRADA ADVENTURE CD/STRADA ADVENTURE CD";2014;"Condutor";"Ileso";31;"Masculino";1;0;0;0;-3,916797;-41,712023;"SPRF-PI";"DEL02-PI";"UOP01-DEL02-PI"
742586;1662960;2025-12-30;"ter�a-feira";"11:52:00";"PI";343;139;"PIRACURUCA";"Sim";"Acessar a via sem observar a presen�a dos outros ve�culos";1;"Colis�o transversal";"Com V�timas Feridas";"Pleno dia";"Crescente";"C�u Claro";"Simples";"Reta";"Sim";1325928;"Caminhonete";"MMC/L200 TRITON SPT GLX/L200 TRITON SPT GLX";2018;"Condutor";"Ileso";67;"Masculino";1;0;0;0;-3,916797;-41,712023;"SPRF-PI";"DEL02-PI";"UOP01-DEL02-PI"
742586;1662963;2025-12-30;"ter�a-feira";"11:52:00";"PI";343;139;"PIRACURUCA";"Sim";"Acessar a via sem observar a presen�a dos outros ve�culos";1;"Colis�o transversal";"Com V�timas Feridas";"Pleno dia";"Crescente";"C�u Claro";"Simples";"Reta";"Sim";1325928;"Caminhonete";"MMC/L200 TRITON SPT GLX/L200 TRITON SPT GLX";2018;"Passageiro";"Ileso";70;"Masculino";1;0;0;0;-3,916797;-41,712023;"SPRF-PI";"DEL02-PI";"UOP01-DEL02-PI"
742586;1662962;2025-12-30;"ter�a-feira";"11:52:00";"PI";343;139;"PIRACURUCA";"Sim";"Acessar a via sem observar a presen�a dos outros ve�culos";1;"Colis�o transversal";"Com V�timas Feridas";"Pleno dia";"Crescente";"C�u Claro";"Simples";"Reta";"Sim";1325928;"Caminhonete";"MMC/L200 TRITON SPT GLX/L200 TRITON SPT GLX";2018;"Passageiro";"Ileso";66;"Feminino";1;0;0;0;-3,916797;-41,712023;"SPRF-PI";"DEL02-PI";"UOP01-DEL02-PI"
742586;1662961;2025-12-30;"ter�a-feira";"11:52:00";"PI";343;139;"PIRACURUCA";"Sim";"Acessar a via sem observar a presen�a dos outros ve�culos";1;"Colis�o transversal";"Com V�timas Feridas";"Pleno dia";"Crescente";"C�u Claro";"Simples";"Reta";"Sim";1325928;"Caminhonete";"MMC/L200 TRITON SPT GLX/L200 TRITON SPT GLX";2018;"Passageiro";"Ileso";65;"Feminino";1;0;0;0;-3,916797;-41,712023;"SPRF-PI";"DEL02-PI";"UOP01-DEL02-PI"
742587;1663095;2025-12-30;"ter�a-feira";"15:00:00";"RJ";101;467,9;"ANGRA DOS REIS";"N�o";"Acessar a via sem observar a presen�a dos outros ve�culos";1;"Colis�o lateral mesmo sentido";"Com V�timas Feridas";"Pleno dia";"Crescente";"Sol";"Simples";"Reta";"N�o";1326031;"Motocicleta";"HONDA/CG 150 TITAN ESD/CG 150 TITAN ESD";2011;"Passageiro";"Les�es Leves";44;"Feminino";0;1;0;0;-23,00696;-44,22225;"SPRF-RJ";"DEL03-RJ";"UOP03-DEL03-RJ"
742587;1663094;2025-12-30;"ter�a-feira";"15:00:00";"RJ";101;467,9;"ANGRA DOS REIS";"N�o";"Acessar a via sem observar a presen�a dos outros ve�culos";1;"Colis�o lateral mesmo sentido";"Com V�timas Feridas";"Pleno dia";"Crescente";"Sol";"Simples";"Reta";"N�o";1326031;"Motocicleta";"HONDA/CG 150 TITAN ESD/CG 150 TITAN ESD";2011;"Condutor";"Les�es Graves";42;"Masculino";0;0;1;0;-23,00696;-44,22225;"SPRF-RJ";"DEL03-RJ";"UOP03-DEL03-RJ"
742587;1663091;2025-12-30;"ter�a-feira";"15:00:00";"RJ";101;467,9;"ANGRA DOS REIS";"N�o";"Acessar a via sem observar a presen�a dos outros ve�culos";1;"Colis�o lateral mesmo sentido";"Com V�timas Feridas";"Pleno dia";"Crescente";"Sol";"Simples";"Reta";"N�o";1326030;"Camioneta";"RENAULT/DUSTER ICOP CVT/DUSTER ICOP CVT";2024;"Condutor";"Ileso";49;"Feminino";1;0;0;0;-23,00696;-44,22225;"SPRF-RJ";"DEL03-RJ";"UOP03-DEL03-RJ"
742587;1663093;2025-12-30;"ter�a-feira";"15:00:00";"RJ";101;467,9;"ANGRA DOS REIS";"N�o";"Acessar a via sem observar a presen�a dos outros ve�culos";1;"Colis�o lateral mesmo sentido";"Com V�timas Feridas";"Pleno dia";"Crescente";"Sol";"Simples";"Reta";"N�o";1326030;"Camioneta";"RENAULT/DUSTER ICOP CVT/DUSTER ICOP CVT";2024;"Passageiro";"Ileso";56;"Masculino";1;0;0;0;-23,00696;-44,22225;"SPRF-RJ";"DEL03-RJ";"UOP03-DEL03-RJ"
742587;1663095;2025-12-30;"ter�a-feira";"15:00:00";"RJ";101;467,9;"ANGRA DOS REIS";"Sim";"Convers�o proibida";1;"Colis�o lateral mesmo sentido";"Com V�timas Feridas";"Pleno dia";"Crescente";"Sol";"Simples";"Reta";"N�o";1326031;"Motocicleta";"HONDA/CG 150 TITAN ESD/CG 150 TITAN ESD";2011;"Passageiro";"Les�es Leves";44;"Feminino";0;1;0;0;-23,00696;-44,22225;"SPRF-RJ";"DEL03-RJ";"UOP03-DEL03-RJ"
742587;1663094;2025-12-30;"ter�a-feira";"15:00:00";"RJ";101;467,9;"ANGRA DOS REIS";"Sim";"Convers�o proibida";1;"Colis�o lateral mesmo sentido";"Com V�timas Feridas";"Pleno dia";"Crescente";"Sol";"Simples";"Reta";"N�o";1326031;"Motocicleta";"HONDA/CG 150 TITAN ESD/CG 150 TITAN ESD";2011;"Condutor";"Les�es Graves";42;"Masculino";0;0;1;0;-23,00696;-44,22225;"SPRF-RJ";"DEL03-RJ";"UOP03-DEL03-RJ"
742587;1663091;2025-12-30;"ter�a-feira";"15:00:00";"RJ";101;467,9;"ANGRA DOS REIS";"Sim";"Convers�o proibida";1;"Colis�o lateral mesmo sentido";"Com V�timas Feridas";"Pleno dia";"Crescente";"Sol";"Simples";"Reta";"N�o";1326030;"Camioneta";"RENAULT/DUSTER ICOP CVT/DUSTER ICOP CVT";2024;"Condutor";"Ileso";49;"Feminino";1;0;0;0;-23,00696;-44,22225;"SPRF-RJ";"DEL03-RJ";"UOP03-DEL03-RJ"
742587;1663093;2025-12-30;"ter�a-feira";"15:00:00";"RJ";101;467,9;"ANGRA DOS REIS";"Sim";"Convers�o proibida";1;"Colis�o lateral mesmo sentido";"Com V�timas Feridas";"Pleno dia";"Crescente";"Sol";"Simples";"Reta";"N�o";1326030;"Camioneta";"RENAULT/DUSTER ICOP CVT/DUSTER ICOP CVT";2024;"Passageiro";"Ileso";56;"Masculino";1;0;0;0;-23,00696;-44,22225;"SPRF-RJ";"DEL03-RJ";"UOP03-DEL03-RJ"
742588;1663126;2025-12-30;"ter�a-feira";"14:49:00";"PE";232;9;"RECIFE";"Sim";"Condutor Dormindo";3;"Eventos at�picos";"Com V�timas Feridas";"Pleno dia";"Crescente";"C�u Claro";"Dupla";"Reta";"Sim";1326051;"Camioneta";"JEEP/COMPASS LONG TF/COMPASS LONG TF";2022;"Condutor";"Ileso";28;"Masculino";1;0;0;0;-8,076858;-34,973686;"SPRF-PE";"DEL01-PE";"UOP01-DEL01-PE"
742588;1663124;2025-12-30;"ter�a-feira";"14:49:00";"PE";232;9;"RECIFE";"Sim";"Condutor Dormindo";3;"Eventos at�picos";"Com V�timas Feridas";"Pleno dia";"Crescente";"C�u Claro";"Dupla";"Reta";"Sim";1326050;"Autom�vel";"CHEV/ONIX PLUS 10MT LT2/ONIX PLUS 10MT LT2";2025;"Condutor";"Ileso";26;"Masculino";1;0;0;0;-8,076858;-34,973686;"SPRF-PE";"DEL01-PE";"UOP01-DEL01-PE"
742588;1663123;2025-12-30;"ter�a-feira";"14:49:00";"PE";232;9;"RECIFE";"Sim";"Condutor Dormindo";3;"Eventos at�picos";"Com V�timas Feridas";"Pleno dia";"Crescente";"C�u Claro";"Dupla";"Reta";"Sim";1326049;"Autom�vel";"CHEV/TRACKER T A LTZ/TRACKER T A LTZ";2024;"Condutor";"Les�es Graves";73;"Masculino";0;0;1;0;-8,076858;-34,973686;"SPRF-PE";"DEL01-PE";"UOP01-DEL01-PE"
742588;1663128;2025-12-30;"ter�a-feira";"14:49:00";"PE";232;9;"RECIFE";"Sim";"Condutor Dormindo";3;"Eventos at�picos";"Com V�timas Feridas";"Pleno dia";"Crescente";"C�u Claro";"Dupla";"Reta";"Sim";1326049;"Autom�vel";"CHEV/TRACKER T A LTZ/TRACKER T A LTZ";2024;"Passageiro";"Les�es Leves";77;"Masculino";0;1;0;0;-8,076858;-34,973686;"SPRF-PE";"DEL01-PE";"UOP01-DEL01-PE"
742588;1663127;2025-12-30;"ter�a-feira";"14:49:00";"PE";232;9;"RECIFE";"Sim";"Condutor Dormindo";3;"Eventos at�picos";"Com V�timas Feridas";"Pleno dia";"Crescente";"C�u Claro";"Dupla";"Reta";"Sim";1326049;"Autom�vel";"CHEV/TRACKER T A LTZ/TRACKER T A LTZ";2024;"Passageiro";"Les�es Leves";66;"Feminino";0;1;0;0;-8,076858;-34,973686;"SPRF-PE";"DEL01-PE";"UOP01-DEL01-PE"
742588;1663126;2025-12-30;"ter�a-feira";"14:49:00";"PE";232;9;"RECIFE";"Sim";"Condutor Dormindo";2;"Colis�o transversal";"Com V�timas Feridas";"Pleno dia";"Crescente";"C�u Claro";"Dupla";"Reta";"Sim";1326051;"Camioneta";"JEEP/COMPASS LONG TF/COMPASS LONG TF";2022;"Condutor";"Ileso";28;"Masculino";1;0;0;0;-8,076858;-34,973686;"SPRF-PE";"DEL01-PE";"UOP01-DEL01-PE"
742588;1663124;2025-12-30;"ter�a-feira";"14:49:00";"PE";232;9;"RECIFE";"Sim";"Condutor Dormindo";2;"Colis�o transversal";"Com V�timas Feridas";"Pleno dia";"Crescente";"C�u Claro";"Dupla";"Reta";"Sim";1326050;"Autom�vel";"CHEV/ONIX PLUS 10MT LT2/ONIX PLUS 10MT LT2";2025;"Condutor";"Ileso";26;"Masculino";1;0;0;0;-8,076858;-34,973686;"SPRF-PE";"DEL01-PE";"UOP01-DEL01-PE"
742588;1663123;2025-12-30;"ter�a-feira";"14:49:00";"PE";232;9;"RECIFE";"Sim";"Condutor Dormindo";2;"Colis�o transversal";"Com V�timas Feridas";"Pleno dia";"Crescente";"C�u Claro";"Dupla";"Reta";"Sim";1326049;"Autom�vel";"CHEV/TRACKER T A LTZ/TRACKER T A LTZ";2024;"Condutor";"Les�es Graves";73;"Masculino";0;0;1;0;-8,076858;-34,973686;"SPRF-PE";"DEL01-PE";"UOP01-DEL01-PE"
742588;1663128;2025-12-30;"ter�a-feira";"14:49:00";"PE";232;9;"RECIFE";"Sim";"Condutor Dormindo";2;"Colis�o transversal";"Com V�timas Feridas";"Pleno dia";"Crescente";"C�u Claro";"Dupla";"Reta";"Sim";1326049;"Autom�vel";"CHEV/TRACKER T A LTZ/TRACKER T A LTZ";2024;"Passageiro";"Les�es Leves";77;"Masculino";0;1;0;0;-8,076858;-34,973686;"SPRF-PE";"DEL01-PE";"UOP01-DEL01-PE"
742588;1663127;2025-12-30;"ter�a-feira";"14:49:00";"PE";232;9;"RECIFE";"Sim";"Condutor Dormindo";2;"Colis�o transversal";"Com V�timas Feridas";"Pleno dia";"Crescente";"C�u Claro";"Dupla";"Reta";"Sim";1326049;"Autom�vel";"CHEV/TRACKER T A LTZ/TRACKER T A LTZ";2024;"Passageiro";"Les�es Leves";66;"Feminino";0;1;0;0;-8,076858;-34,973686;"SPRF-PE";"DEL01-PE";"UOP01-DEL01-PE"
742588;1663126;2025-12-30;"ter�a-feira";"14:49:00";"PE";232;9;"RECIFE";"Sim";"Condutor Dormindo";1;"Colis�o com objeto";"Com V�timas Feridas";"Pleno dia";"Crescente";"C�u Claro";"Dupla";"Reta";"Sim";1326051;"Camioneta";"JEEP/COMPASS LONG TF/COMPASS LONG TF";2022;"Condutor";"Ileso";28;"Masculino";1;0;0;0;-8,076858;-34,973686;"SPRF-PE";"DEL01-PE";"UOP01-DEL01-PE"
742588;1663124;2025-12-30;"ter�a-feira";"14:49:00";"PE";232;9;"RECIFE";"Sim";"Condutor Dormindo";1;"Colis�o com objeto";"Com V�timas Feridas";"Pleno dia";"Crescente";"C�u Claro";"Dupla";"Reta";"Sim";1326050;"Autom�vel";"CHEV/ONIX PLUS 10MT LT2/ONIX PLUS 10MT LT2";2025;"Condutor";"Ileso";26;"Masculino";1;0;0;0;-8,076858;-34,973686;"SPRF-PE";"DEL01-PE";"UOP01-DEL01-PE"
742588;1663123;2025-12-30;"ter�a-feira";"14:49:00";"PE";232;9;"RECIFE";"Sim";"Condutor Dormindo";1;"Colis�o com objeto";"Com V�timas Feridas";"Pleno dia";"Crescente";"C�u Claro";"Dupla";"Reta";"Sim";1326049;"Autom�vel";"CHEV/TRACKER T A LTZ/TRACKER T A LTZ";2024;"Condutor";"Les�es Graves";73;"Masculino";0;0;1;0;-8,076858;-34,973686;"SPRF-PE";"DEL01-PE";"UOP01-DEL01-PE"
742588;1663128;2025-12-30;"ter�a-feira";"14:49:00";"PE";232;9;"RECIFE";"Sim";"Condutor Dormindo";1;"Colis�o com objeto";"Com V�timas Feridas";"Pleno dia";"Crescente";"C�u Claro";"Dupla";"Reta";"Sim";1326049;"Autom�vel";"CHEV/TRACKER T A LTZ/TRACKER T A LTZ";2024;"Passageiro";"Les�es Leves";77;"Masculino";0;1;0;0;-8,076858;-34,973686;"SPRF-PE";"DEL01-PE";"UOP01-DEL01-PE"
742588;1663127;2025-12-30;"ter�a-feira";"14:49:00";"PE";232;9;"RECIFE";"Sim";"Condutor Dormindo";1;"Colis�o com objeto";"Com V�timas Feridas";"Pleno dia";"Crescente";"C�u Claro";"Dupla";"Reta";"Sim";1326049;"Autom�vel";"CHEV/TRACKER T A LTZ/TRACKER T A LTZ";2024;"Passageiro";"Les�es Leves";66;"Feminino";0;1;0;0;-8,076858;-34,973686;"SPRF-PE";"DEL01-PE";"UOP01-DEL01-PE"
742589;1662980;2025-12-30;"ter�a-feira";"15:20:00";"SC";101;211,6;"PALHOCA";"Sim";"Rea��o tardia ou ineficiente do condutor";1;"Colis�o traseira";"Com V�timas Feridas";"Pleno dia";"Crescente";"C�u Claro";"M�ltipla";"Reta";"Sim";1325954;"Autom�vel";"RENAULT/LOGAN EXPR 1016V/LOGAN EXPR 1016V";2014;"Condutor";"Les�es Leves";47;"Masculino";0;1;0;0;-27,62663576;-48,65573465;"SPRF-SC";"DEL01-SC";"UOP02-DEL01-SC"
742589;1662979;2025-12-30;"ter�a-feira";"15:20:00";"SC";101;211,6;"PALHOCA";"Sim";"Rea��o tardia ou ineficiente do condutor";1;"Colis�o traseira";"Com V�timas Feridas";"Pleno dia";"Crescente";"C�u Claro";"M�ltipla";"Reta";"Sim";1325953;"Autom�vel";"CHEV/PRISMA 1.4AT LTZ/PRISMA 1.4AT LTZ";2016;"Condutor";"Les�es Leves";46;"Masculino";0;1;0;0;-27,62663576;-48,65573465;"SPRF-SC";"DEL01-SC";"UOP02-DEL01-SC"
742590;1663113;2025-12-30;"ter�a-feira";"14:00:00";"MG";40;629;"CONSELHEIRO LAFAIETE";"Sim";"Ultrapassagem Indevida";1;"Colis�o lateral mesmo sentido";"Com V�timas Feridas";"Pleno dia";"Decrescente";"C�u Claro";"Simples";"Curva";"Sim";1326039;"Motocicleta";"HONDA/CG 160 FAN/CG 160 FAN";2022;"Condutor";"Les�es Leves";20;"Masculino";0;1;0;0;-20,68450497;-43,79356384;"SPRF-MG";"DEL05-MG";"UOP02-DEL05-MG"