"id";"pesid";"data_inversa";"dia_semana";"horario";"uf";"br";"km";"municipio";"causa_principal";"causa_acidente";"ordem_tipo_acidente";"tipo_acidente";"classificacao_acidente";"fase_dia";"sentido_via";"condicao_metereologica";"tipo_pista";"tracado_via";"uso_solo";"id_veiculo";"tipo_veiculo";"marca";"ano_fabricacao_veiculo";"tipo_envolvido";"estado_fisico";"idade";"sexo";"ilesos";"feridos_leves";"feridos_graves";"mortos";"latitude";"longitude";"regional";"delegacia";"uop"
742590;1663110;2025-12-30;"ter�a-feira";"14:00:00";"MG";40;629;"CONSELHEIRO LAFAIETE";"Sim";"Ultrapassagem Indevida";1;"Colis�o lateral mesmo sentido";"Com V�timas Feridas";"Pleno dia";"Decrescente";"C�u Claro";"Simples";"Curva";"Sim";1326037;"Autom�vel";"VW/FOX 1.0 GII/FOX 1.0 GII";2010;"Condutor";"Ileso";46;"Masculino";1;0;0;0;-20,68450497;-43,79356384;"SPRF-MG";"DEL05-MG";"UOP02-DEL05-MG"
742591;1662986;2025-12-30;"ter�a-feira";"14:50:00";"GO";70;321;"JUSSARA";"N�o";"Velocidade Incompat�vel";2;"Queda de ocupante de ve�culo";"Com V�timas Fatais";"Pleno dia";"Decrescente";"C�u Claro";"Dupla";"Reta";"Sim";1325957;"Motocicleta";"HONDA/CG 150 TITAN ES/CG 150 TITAN ES";2006;"Passageiro";"�bito";17;"Feminino";0;0;0;1;-15,8763159;-50,8949743;"SPRF-GO";"DEL04-GO";"UOP02-DEL04-GO"
742591;1662985;2025-12-30;"ter�a-feira";"14:50:00";"GO";70;321;"JUSSARA";"N�o";"Velocidade Incompat�vel";2;"Queda de ocupante de ve�culo";"Com V�timas Fatais";"Pleno dia";"Decrescente";"C�u Claro";"Dupla";"Reta";"Sim";1325957;"Motocicleta";"HONDA/CG 150 TITAN ES/CG 150 TITAN ES";2006;"Condutor";"Les�es Graves";21;"Masculino";0;0;1;0;-15,8763159;-50,8949743;"SPRF-GO";"DEL04-GO";"UOP02-DEL04-GO"
742591;1662984;2025-12-30;"ter�a-feira";"14:50:00";"GO";70;321;"JUSSARA";"N�o";"Velocidade Incompat�vel";2;"Queda de ocupante de ve�culo";"Com V�timas Fatais";"Pleno dia";"Decrescente";"C�u Claro";"Dupla";"Reta";"Sim";1325958;"Caminhonete";"FIAT/STRADA ENDURAN CS13/STRADA ENDURAN CS13";2025;"Condutor";"Les�es Leves";32;"Masculino";0;1;0;0;-15,8763159;-50,8949743;"SPRF-GO";"DEL04-GO";"UOP02-DEL04-GO"
742591;1662986;2025-12-30;"ter�a-feira";"14:50:00";"GO";70;321;"JUSSARA";"N�o";"Velocidade Incompat�vel";1;"Colis�o transversal";"Com V�timas Fatais";"Pleno dia";"Decrescente";"C�u Claro";"Dupla";"Reta";"Sim";1325957;"Motocicleta";"HONDA/CG 150 TITAN ES/CG 150 TITAN ES";2006;"Passageiro";"�bito";17;"Feminino";0;0;0;1;-15,8763159;-50,8949743;"SPRF-GO";"DEL04-GO";"UOP02-DEL04-GO"
742591;1662985;2025-12-30;"ter�a-feira";"14:50:00";"GO";70;321;"JUSSARA";"N�o";"Velocidade Incompat�vel";1;"Colis�o transversal";"Com V�timas Fatais";"Pleno dia";"Decrescente";"C�u Claro";"Dupla";"Reta";"Sim";1325957;"Motocicleta";"HONDA/CG 150 TITAN ES/CG 150 TITAN ES";2006;"Condutor";"Les�es Graves";21;"Masculino";0;0;1;0;-15,8763159;-50,8949743;"SPRF-GO";"DEL04-GO";"UOP02-DEL04-GO"
742591;1662984;2025-12-30;"ter�a-feira";"14:50:00";"GO";70;321;"JUSSARA";"N�o";"Velocidade Incompat�vel";1;"Colis�o transversal";"Com V�timas Fatais";"Pleno dia";"Decrescente";"C�u Claro";"Dupla";"Reta";"Sim";1325958;"Caminhonete";"FIAT/STRADA ENDURAN CS13/STRADA ENDURAN CS13";2025;"Condutor";"Les�es Leves";32;"Masculino";0;1;0;0;-15,8763159;-50,8949743;"SPRF-GO";"DEL04-GO";"UOP02-DEL04-GO"
742591;1662986;2025-12-30;"ter�a-feira";"14:50:00";"GO";70;321;"JUSSARA";"Sim";"Retorno proibido";2;"Queda de ocupante de ve�culo";"Com V�timas Fatais";"Pleno dia";"Decrescente";"C�u Claro";"Dupla";"Reta";"Sim";1325957;"Motocicleta";"HONDA/CG 150 TITAN ES/CG 150 TITAN ES";2006;"Passageiro";"�bito";17;"Feminino";0;0;0;1;-15,8763159;-50,8949743;"SPRF-GO";"DEL04-GO";"UOP02-DEL04-GO"
742591;1662985;2025-12-30;"ter�a-feira";"14:50:00";"GO";70;321;"JUSSARA";"Sim";"Retorno proibido";2;"Queda de ocupante de ve�culo";"Com V�timas Fatais";"Pleno dia";"Decrescente";"C�u Claro";"Dupla";"Reta";"Sim";1325957;"Motocicleta";"HONDA/CG 150 TITAN ES/CG 150 TITAN ES";2006;"Condutor";"Les�es Graves";21;"Masculino";0;0;1;0;-15,8763159;-50,8949743;"SPRF-GO";"DEL04-GO";"UOP02-DEL04-GO"
742591;1662984;2025-12-30;"ter�a-feira";"14:50:00";"GO";70;321;"JUSSARA";"Sim";"Retorno proibido";2;"Queda de ocupante de ve�culo";"Com V�timas Fatais";"Pleno dia";"Decrescente";"C�u Claro";"Dupla";"Reta";"Sim";1325958;"Caminhonete";"FIAT/STRADA ENDURAN CS13/STRADA ENDURAN CS13";2025;"Condutor";"Les�es Leves";32;"Masculino";0;1;0;0;-15,8763159;-50,8949743;"SPRF-GO";"DEL04-GO";"UOP02-DEL04-GO"
742591;1662986;2025-12-30;"ter�a-feira";"14:50:00";"GO";70;321;"JUSSARA";"Sim";"Retorno proibido";1;"Colis�o transversal";"Com V�timas Fatais";"Pleno dia";"Decrescente";"C�u Claro";"Dupla";"Reta";"Sim";1325957;"Motocicleta";"HONDA/CG 150 TITAN ES/CG 150 TITAN ES";2006;"Passageiro";"�bito";17;"Feminino";0;0;0;1;-15,8763159;-50,8949743;"SPRF-GO";"DEL04-GO";"UOP02-DEL04-GO"
742591;1662985;2025-12-30;"ter�a-feira";"14:50:00";"GO";70;321;"JUSSARA";"Sim";"Retorno proibido";1;"Colis�o transversal";"Com V�timas Fatais";"Pleno dia";"Decrescente";"C�u Claro";"Dupla";"Reta";"Sim";1325957;"Motocicleta";"HONDA/CG 150 TITAN ES/CG 150 TITAN ES";2006;"Condutor";"Les�es Graves";21;"Masculino";0;0;1;0;-15,8763159;-50,8949743;"SPRF-GO";"DEL04-GO";"UOP02-DEL04-GO"
742591;1662984;2025-12-30;"ter�a-feira";"14:50:00";"GO";70;321;"JUSSARA";"Sim";"Retorno proibido";1;"Colis�o transversal";"Com V�timas Fatais";"Pleno dia";"Decrescente";"C�u Claro";"Dupla";"Reta";"Sim";1325958;"Caminhonete";"FIAT/STRADA ENDURAN CS13/STRADA ENDURAN CS13";2025;"Condutor";"Les�es Leves";32;"Masculino";0;1;0;0;-15,8763159;-50,8949743;"SPRF-GO";"DEL04-GO";"UOP02-DEL04-GO"
742592;1663024;2025-12-30;"ter�a-feira";"15:30:00";"MG";381;850,1;"POUSO ALEGRE";"Sim";"Pedestre cruzava a pista fora da faixa";1;"Atropelamento de Pedestre";"Com V�timas Feridas";"Pleno dia";"Decrescente";"C�u Claro";"Dupla";"Viaduto";"N�o";1325995;"Autom�vel";"GM/MONZA SL/MONZA SL";1989;"Condutor";"Ileso";51;"Masculino";1;0;0;0;-22,239905;-45,880882;"SPRF-MG";"DEL16-MG";"UOP01-DEL16-MG"
742592;1663036;2025-12-30;"ter�a-feira";"15:30:00";"MG";381;850,1;"POUSO ALEGRE";"Sim";"Pedestre cruzava a pista fora da faixa";1;"Atropelamento de Pedestre";"Com V�timas Feridas";"Pleno dia";"Decrescente";"C�u Claro";"Dupla";"Viaduto";"N�o";NA;NA;"NA/NA/NA";NA;"Pedestre";"Les�es Leves";31;"Masculino";0;1;0;0;-22,239905;-45,880882;"SPRF-MG";"DEL16-MG";"UOP01-DEL16-MG"
742594;1662972;2025-12-30;"ter�a-feira";"15:51:00";"GO";60;136;"GOIANIA";"Sim";"Pedestre andava na pista";1;"Atropelamento de Pedestre";"Com V�timas Feridas";"Pleno dia";"Decrescente";"Chuva";"Dupla";"Aclive;Curva";"N�o";1325944;"Caminh�o-trator";"M.BENZ/AXOR 2536 LS/AXOR 2536 LS";2019;"Condutor";"Ileso";36;"Masculino";1;0;0;0;-16,595689;-49,196371;"SPRF-GO";"DEL01-GO";"UOP01-DEL01-GO"
742594;NA;2025-12-30;"ter�a-feira";"15:51:00";"GO";60;136;"GOIANIA";"Sim";"Pedestre andava na pista";1;"Atropelamento de Pedestre";"Com V�timas Feridas";"Pleno dia";"Decrescente";"Chuva";"Dupla";"Aclive;Curva";"N�o";1325946;"Semireboque";"SR/FACCHINI SRF CF/FACCHINI SRF CF";2025;NA;NA;NA;NA;NA;NA;NA;NA;-16,595689;-49,196371;"SPRF-GO";"DEL01-GO";"UOP01-DEL01-GO"
742594;1662973;2025-12-30;"ter�a-feira";"15:51:00";"GO";60;136;"GOIANIA";"Sim";"Pedestre andava na pista";1;"Atropelamento de Pedestre";"Com V�timas Feridas";"Pleno dia";"Decrescente";"Chuva";"Dupla";"Aclive;Curva";"N�o";NA;NA;"NA/NA/NA";NA;"Pedestre";"Les�es Graves";NA;"Masculino";0;0;1;0;-16,595689;-49,196371;"SPRF-GO";"DEL01-GO";"UOP01-DEL01-GO"
742595;1663002;2025-12-30;"ter�a-feira";"07:36:00";"MT";163;922;"ITAUBA";"Sim";"Rea��o tardia ou ineficiente do condutor";3;"Capotamento";"Com V�timas Feridas";"Pleno dia";"Crescente";"Nublado";"Simples";"Reta";"N�o";1325972;"Caminh�o-trator";"N�o Informado/N�o Informado/N�o Informado";0;"Condutor";"N�o Informado";NA;"N�o Informado";0;0;0;0;-11,113;-55,306;"SPRF-MT";"DEL06-MT";"UOP02-DEL06-MT"
742595;1663076;2025-12-30;"ter�a-feira";"07:36:00";"MT";163;922;"ITAUBA";"Sim";"Rea��o tardia ou ineficiente do condutor";3;"Capotamento";"Com V�timas Feridas";"Pleno dia";"Crescente";"Nublado";"Simples";"Reta";"N�o";1325934;"Caminhonete";"I/TOYOTA HILUX CDSRXA4FD/TOYOTA HILUX CDSRXA4FD";2018;"Passageiro";"Les�es Leves";18;"Feminino";0;1;0;0;-11,113;-55,306;"SPRF-MT";"DEL06-MT";"UOP02-DEL06-MT"
742595;1662954;2025-12-30;"ter�a-feira";"07:36:00";"MT";163;922;"ITAUBA";"Sim";"Rea��o tardia ou ineficiente do condutor";3;"Capotamento";"Com V�timas Feridas";"Pleno dia";"Crescente";"Nublado";"Simples";"Reta";"N�o";1325934;"Caminhonete";"I/TOYOTA HILUX CDSRXA4FD/TOYOTA HILUX CDSRXA4FD";2018;"Passageiro";"Les�es Leves";70;"Feminino";0;1;0;0;-11,113;-55,306;"SPRF-MT";"DEL06-MT";"UOP02-DEL06-MT"
742595;1662953;2025-12-30;"ter�a-feira";"07:36:00";"MT";163;922;"ITAUBA";"Sim";"Rea��o tardia ou ineficiente do condutor";3;"Capotamento";"Com V�timas Feridas";"Pleno dia";"Crescente";"Nublado";"Simples";"Reta";"N�o";1325934;"Caminhonete";"I/TOYOTA HILUX CDSRXA4FD/TOYOTA HILUX CDSRXA4FD";2018;"Condutor";"Ileso";53;"Masculino";1;0;0;0;-11,113;-55,306;"SPRF-MT";"DEL06-MT";"UOP02-DEL06-MT"
742595;1663002;2025-12-30;"ter�a-feira";"07:36:00";"MT";163;922;"ITAUBA";"Sim";"Rea��o tardia ou ineficiente do condutor";2;"Sa�da de leito carro��vel";"Com V�timas Feridas";"Pleno dia";"Crescente";"Nublado";"Simples";"Reta";"N�o";1325972;"Caminh�o-trator";"N�o Informado/N�o Informado/N�o Informado";0;"Condutor";"N�o Informado";NA;"N�o Informado";0;0;0;0;-11,113;-55,306;"SPRF-MT";"DEL06-MT";"UOP02-DEL06-MT"
742595;1663076;2025-12-30;"ter�a-feira";"07:36:00";"MT";163;922;"ITAUBA";"Sim";"Rea��o tardia ou ineficiente do condutor";2;"Sa�da de leito carro��vel";"Com V�timas Feridas";"Pleno dia";"Crescente";"Nublado";"Simples";"Reta";"N�o";1325934;"Caminhonete";"I/TOYOTA HILUX CDSRXA4FD/TOYOTA HILUX CDSRXA4FD";2018;"Passageiro";"Les�es Leves";18;"Feminino";0;1;0;0;-11,113;-55,306;"SPRF-MT";"DEL06-MT";"UOP02-DEL06-MT"
742595;1662954;2025-12-30;"ter�a-feira";"07:36:00";"MT";163;922;"ITAUBA";"Sim";"Rea��o tardia ou ineficiente do condutor";2;"Sa�da de leito carro��vel";"Com V�timas Feridas";"Pleno dia";"Crescente";"Nublado";"Simples";"Reta";"N�o";1325934;"Caminhonete";"I/TOYOTA HILUX CDSRXA4FD/TOYOTA HILUX CDSRXA4FD";2018;"Passageiro";"Les�es Leves";70;"Feminino";0;1;0;0;-11,113;-55,306;"SPRF-MT";"DEL06-MT";"UOP02-DEL06-MT"
742595;1662953;2025-12-30;"ter�a-feira";"07:36:00";"MT";163;922;"ITAUBA";"Sim";"Rea��o tardia ou ineficiente do condutor";2;"Sa�da de leito carro��vel";"Com V�timas Feridas";"Pleno dia";"Crescente";"Nublado";"Simples";"Reta";"N�o";1325934;"Caminhonete";"I/TOYOTA HILUX CDSRXA4FD/TOYOTA HILUX CDSRXA4FD";2018;"Condutor";"Ileso";53;"Masculino";1;0;0;0;-11,113;-55,306;"SPRF-MT";"DEL06-MT";"UOP02-DEL06-MT"
742595;1663002;2025-12-30;"ter�a-feira";"07:36:00";"MT";163;922;"ITAUBA";"Sim";"Rea��o tardia ou ineficiente do condutor";1;"Colis�o traseira";"Com V�timas Feridas";"Pleno dia";"Crescente";"Nublado";"Simples";"Reta";"N�o";1325972;"Caminh�o-trator";"N�o Informado/N�o Informado/N�o Informado";0;"Condutor";"N�o Informado";NA;"N�o Informado";0;0;0;0;-11,113;-55,306;"SPRF-MT";"DEL06-MT";"UOP02-DEL06-MT"
742595;1663076;2025-12-30;"ter�a-feira";"07:36:00";"MT";163;922;"ITAUBA";"Sim";"Rea��o tardia ou ineficiente do condutor";1;"Colis�o traseira";"Com V�timas Feridas";"Pleno dia";"Crescente";"Nublado";"Simples";"Reta";"N�o";1325934;"Caminhonete";"I/TOYOTA HILUX CDSRXA4FD/TOYOTA HILUX CDSRXA4FD";2018;"Passageiro";"Les�es Leves";18;"Feminino";0;1;0;0;-11,113;-55,306;"SPRF-MT";"DEL06-MT";"UOP02-DEL06-MT"
742595;1662954;2025-12-30;"ter�a-feira";"07:36:00";"MT";163;922;"ITAUBA";"Sim";"Rea��o tardia ou ineficiente do condutor";1;"Colis�o traseira";"Com V�timas Feridas";"Pleno dia";"Crescente";"Nublado";"Simples";"Reta";"N�o";1325934;"Caminhonete";"I/TOYOTA HILUX CDSRXA4FD/TOYOTA HILUX CDSRXA4FD";2018;"Passageiro";"Les�es Leves";70;"Feminino";0;1;0;0;-11,113;-55,306;"SPRF-MT";"DEL06-MT";"UOP02-DEL06-MT"
742595;1662953;2025-12-30;"ter�a-feira";"07:36:00";"MT";163;922;"ITAUBA";"Sim";"Rea��o tardia ou ineficiente do condutor";1;"Colis�o traseira";"Com V�timas Feridas";"Pleno dia";"Crescente";"Nublado";"Simples";"Reta";"N�o";1325934;"Caminhonete";"I/TOYOTA HILUX CDSRXA4FD/TOYOTA HILUX CDSRXA4FD";2018;"Condutor";"Ileso";53;"Masculino";1;0;0;0;-11,113;-55,306;"SPRF-MT";"DEL06-MT";"UOP02-DEL06-MT"
742596;1667264;2025-12-30;"ter�a-feira";"14:58:00";"PE";101;67,9;"RECIFE";"Sim";"Trafegar com motocicleta (ou similar) entre as faixas";1;"Colis�o lateral mesmo sentido";"Com V�timas Feridas";"Pleno dia";"Decrescente";"C�u Claro";"Dupla";"Declive";"Sim";1328711;"Caminhonete";"I/FORD TRANSIT 350L CC/FORD TRANSIT 350L CC";2010;"Condutor";"Ileso";42;"Masculino";1;0;0;0;-8,050467;-34,945718;"SPRF-PE";"DEL01-PE";"UOP01-DEL01-PE"
742596;1662956;2025-12-30;"ter�a-feira";"14:58:00";"PE";101;67,9;"RECIFE";"Sim";"Trafegar com motocicleta (ou similar) entre as faixas";1;"Colis�o lateral mesmo sentido";"Com V�timas Feridas";"Pleno dia";"Decrescente";"C�u Claro";"Dupla";"Declive";"Sim";1325937;"Motocicleta";"MOTTU/SPORT 110I/SPORT 110I";2023;"Condutor";"Les�es Leves";30;"Masculino";0;1;0;0;-8,050467;-34,945718;"SPRF-PE";"DEL01-PE";"UOP01-DEL01-PE"
742596;1667264;2025-12-30;"ter�a-feira";"14:58:00";"PE";101;67,9;"RECIFE";"Sim";"Trafegar com motocicleta (ou similar) entre as faixas";3;"Queda de ocupante de ve�culo";"Com V�timas Feridas";"Pleno dia";"Decrescente";"C�u Claro";"Dupla";"Declive";"Sim";1328711;"Caminhonete";"I/FORD TRANSIT 350L CC/FORD TRANSIT 350L CC";2010;"Condutor";"Ileso";42;"Masculino";1;0;0;0;-8,050467;-34,945718;"SPRF-PE";"DEL01-PE";"UOP01-DEL01-PE"
742596;1662956;2025-12-30;"ter�a-feira";"14:58:00";"PE";101;67,9;"RECIFE";"Sim";"Trafegar com motocicleta (ou similar) entre as faixas";3;"Queda de ocupante de ve�culo";"Com V�timas Feridas";"Pleno dia";"Decrescente";"C�u Claro";"Dupla";"Declive";"Sim";1325937;"Motocicleta";"MOTTU/SPORT 110I/SPORT 110I";2023;"Condutor";"Les�es Leves";30;"Masculino";0;1;0;0;-8,050467;-34,945718;"SPRF-PE";"DEL01-PE";"UOP01-DEL01-PE"
742596;1667264;2025-12-30;"ter�a-feira";"14:58:00";"PE";101;67,9;"RECIFE";"Sim";"Trafegar com motocicleta (ou similar) entre as faixas";2;"Tombamento";"Com V�timas Feridas";"Pleno dia";"Decrescente";"C�u Claro";"Dupla";"Declive";"Sim";1328711;"Caminhonete";"I/FORD TRANSIT 350L CC/FORD TRANSIT 350L CC";2010;"Condutor";"Ileso";42;"Masculino";1;0;0;0;-8,050467;-34,945718;"SPRF-PE";"DEL01-PE";"UOP01-DEL01-PE"
742596;1662956;2025-12-30;"ter�a-feira";"14:58:00";"PE";101;67,9;"RECIFE";"Sim";"Trafegar com motocicleta (ou similar) entre as faixas";2;"Tombamento";"Com V�timas Feridas";"Pleno dia";"Decrescente";"C�u Claro";"Dupla";"Declive";"Sim";1325937;"Motocicleta";"MOTTU/SPORT 110I/SPORT 110I";2023;"Condutor";"Les�es Leves";30;"Masculino";0;1;0;0;-8,050467;-34,945718;"SPRF-PE";"DEL01-PE";"UOP01-DEL01-PE"
742597;1663104;2025-12-30;"ter�a-feira";"15:30:00";"RJ";101;544,9;"PARATY";"Sim";"Acessar a via sem observar a presen�a dos outros ve�culos";1;"Colis�o lateral mesmo sentido";"Com V�timas Feridas";"Pleno dia";"Crescente";"C�u Claro";"Simples";"Reta";"N�o";1326036;"Autom�vel";"FIAT/PALIO FIRE FLEX/PALIO FIRE FLEX";2007;"Passageiro";"Les�es Leves";31;"Masculino";0;1;0;0;-23,04289597;-44,61656062;"SPRF-RJ";"DEL03-RJ";"UOP04-DEL03-RJ"
742597;1663102;2025-12-30;"ter�a-feira";"15:30:00";"RJ";101;544,9;"PARATY";"Sim";"Acessar a via sem observar a presen�a dos outros ve�culos";1;"Colis�o lateral mesmo sentido";"Com V�timas Feridas";"Pleno dia";"Crescente";"C�u Claro";"Simples";"Reta";"N�o";1326036;"Autom�vel";"FIAT/PALIO FIRE FLEX/PALIO FIRE FLEX";2007;"Condutor";"Les�es Leves";58;"Masculino";0;1;0;0;-23,04289597;-44,61656062;"SPRF-RJ";"DEL03-RJ";"UOP04-DEL03-RJ"
742597;1663101;2025-12-30;"ter�a-feira";"15:30:00";"RJ";101;544,9;"PARATY";"Sim";"Acessar a via sem observar a presen�a dos outros ve�culos";1;"Colis�o lateral mesmo sentido";"Com V�timas Feridas";"Pleno dia";"Crescente";"C�u Claro";"Simples";"Reta";"N�o";1326035;"Autom�vel";"HONDA/CITY HATCH EX/CITY HATCH EX";2025;"Condutor";"Les�es Leves";68;"Masculino";0;1;0;0;-23,04289597;-44,61656062;"SPRF-RJ";"DEL03-RJ";"UOP04-DEL03-RJ"
742598;1663114;2025-12-30;"ter�a-feira";"15:00:00";"RJ";101;506,4;"ANGRA DOS REIS";"Sim";"Animais na Pista";1;"Atropelamento de Animal";"Com V�timas Feridas";"Pleno dia";"Crescente";"Garoa/Chuvisco";"Simples";"Curva";"N�o";1326043;"Motocicleta";"HONDA/CG 150 TITAN ES/CG 150 TITAN ES";2007;"Condutor";"Les�es Leves";36;"Masculino";0;1;0;0;-22,934738;-44,405493;"SPRF-RJ";"DEL03-RJ";"UOP03-DEL03-RJ"
742599;1663196;2025-12-30;"ter�a-feira";"07:36:00";"RS";116;52,3;"VACARIA";"Sim";"Velocidade Incompat�vel";1;"Tombamento";"Com V�timas Feridas";"Pleno dia";"Decrescente";"Garoa/Chuvisco";"Simples";"Curva";"N�o";1326098;"Caminh�o";"VW/24.250 CLC 6X2/24.250 CLC 6X2";2009;"Passageiro";"Les�es Leves";28;"Feminino";0;1;0;0;-28,583832;-51,028038;"SPRF-RS";"DEL05-RS";"UOP03-DEL05-RS"
742599;1663195;2025-12-30;"ter�a-feira";"07:36:00";"RS";116;52,3;"VACARIA";"Sim";"Velocidade Incompat�vel";1;"Tombamento";"Com V�timas Feridas";"Pleno dia";"Decrescente";"Garoa/Chuvisco";"Simples";"Curva";"N�o";1326098;"Caminh�o";"VW/24.250 CLC 6X2/24.250 CLC 6X2";2009;"Condutor";"Les�es Leves";32;"Masculino";0;1;0;0;-28,583832;-51,028038;"SPRF-RS";"DEL05-RS";"UOP03-DEL05-RS"
742600;1663247;2025-12-30;"ter�a-feira";"15:55:00";"ES";259;9;"JOAO NEIVA";"Sim";"Aus�ncia de rea��o do condutor";1;"Sa�da de leito carro��vel";"Com V�timas Feridas";"Pleno dia";"Crescente";"Sol";"Simples";"Reta";"N�o";1326145;"Caminh�o";"VOLVO/VM 270 6X2R/VM 270 6X2R";2020;"Condutor";"Les�es Leves";51;"Masculino";0;1;0;0;-19,66858288;-40,40294056;"SPRF-ES";"DEL02-ES";"UOP01-DEL02-ES"
742601;1663025;2025-12-30;"ter�a-feira";"15:30:00";"ES";101;392,5;"RIO NOVO DO SUL";"Sim";"Desrespeitar a prefer�ncia no cruzamento";1;"Colis�o transversal";"Com V�timas Feridas";"Pleno dia";"Decrescente";"Sol";"Simples";"Interse��o de Vias";"N�o";1325992;"Caminhonete";"CHEVROLET/S10 LTZ DD4A/S10 LTZ DD4A";2022;"Condutor";"Les�es Leves";21;"Masculino";0;1;0;0;-20,866372;-40,9077499;"SPRF-ES";"DEL03-ES";"UOP02-DEL03-ES"
742601;1663026;2025-12-30;"ter�a-feira";"15:30:00";"ES";101;392,5;"RIO NOVO DO SUL";"Sim";"Desrespeitar a prefer�ncia no cruzamento";1;"Colis�o transversal";"Com V�timas Feridas";"Pleno dia";"Decrescente";"Sol";"Simples";"Interse��o de Vias";"N�o";1325992;"Caminhonete";"CHEVROLET/S10 LTZ DD4A/S10 LTZ DD4A";2022;"Passageiro";"Les�es Leves";26;"Feminino";0;1;0;0;-20,866372;-40,9077499;"SPRF-ES";"DEL03-ES";"UOP02-DEL03-ES"
742601;1663028;2025-12-30;"ter�a-feira";"15:30:00";"ES";101;392,5;"RIO NOVO DO SUL";"Sim";"Desrespeitar a prefer�ncia no cruzamento";1;"Colis�o transversal";"Com V�timas Feridas";"Pleno dia";"Decrescente";"Sol";"Simples";"Interse��o de Vias";"N�o";1325993;"Autom�vel";"TOYOTA/COROLLA XEI20FLEX/COROLLA XEI20FLEX";2017;"Passageiro";"Les�es Graves";49;"Masculino";0;0;1;0;-20,866372;-40,9077499;"SPRF-ES";"DEL03-ES";"UOP02-DEL03-ES"
742601;1663027;2025-12-30;"ter�a-feira";"15:30:00";"ES";101;392,5;"RIO NOVO DO SUL";"Sim";"Desrespeitar a prefer�ncia no cruzamento";1;"Colis�o transversal";"Com V�timas Feridas";"Pleno dia";"Decrescente";"Sol";"Simples";"Interse��o de Vias";"N�o";1325993;"Autom�vel";"TOYOTA/COROLLA XEI20FLEX/COROLLA XEI20FLEX";2017;"Condutor";"Les�es Leves";38;"Masculino";0;1;0;0;-20,866372;-40,9077499;"SPRF-ES";"DEL03-ES";"UOP02-DEL03-ES"
742602;1663141;2025-12-30;"ter�a-feira";"15:50:00";"ES";101;272,5;"SERRA";"Sim";"Condutor deixou de manter dist�ncia do ve�culo da frente";1;"Colis�o traseira";"Com V�timas Feridas";"Pleno dia";"Crescente";"Sol";"Dupla";"Reta";"N�o";1326059;"Caminh�o";"M.BENZ/ACCELO 1016/ACCELO 1016";2017;"Condutor";"Ileso";36;"Masculino";1;0;0;0;-20,22334;-40,28807333;"SPRF-ES";"DEL02-ES";"UOP01-DEL02-ES"
742602;1663140;2025-12-30;"ter�a-feira";"15:50:00";"ES";101;272,5;"SERRA";"Sim";"Condutor deixou de manter dist�ncia do ve�culo da frente";1;"Colis�o traseira";"Com V�timas Feridas";"Pleno dia";"Crescente";"Sol";"Dupla";"Reta";"N�o";1326058;"Autom�vel";"TOYOTA/COROLLA XEI/COROLLA XEI";1998;"Passageiro";"Les�es Leves";51;"Feminino";0;1;0;0;-20,22334;-40,28807333;"SPRF-ES";"DEL02-ES";"UOP01-DEL02-ES"
742602;1663139;2025-12-30;"ter�a-feira";"15:50:00";"ES";101;272,5;"SERRA";"Sim";"Condutor deixou de manter dist�ncia do ve�culo da frente";1;"Colis�o traseira";"Com V�timas Feridas";"Pleno dia";"Crescente";"Sol";"Dupla";"Reta";"N�o";1326058;"Autom�vel";"TOYOTA/COROLLA XEI/COROLLA XEI";1998;"Condutor";"Ileso";58;"Masculino";1;0;0;0;-20,22334;-40,28807333;"SPRF-ES";"DEL02-ES";"UOP01-DEL02-ES"
742602;1663138;2025-12-30;"ter�a-feira";"15:50:00";"ES";101;272,5;"SERRA";"Sim";"Condutor deixou de manter dist�ncia do ve�culo da frente";1;"Colis�o traseira";"Com V�timas Feridas";"Pleno dia";"Crescente";"Sol";"Dupla";"Reta";"N�o";1326057;"Caminhonete";"FIAT/FIORINO FLEX/FIORINO FLEX";2010;"Condutor";"Ileso";22;"Masculino";1;0;0;0;-20,22334;-40,28807333;"SPRF-ES";"DEL02-ES";"UOP01-DEL02-ES"
742603;1663067;2025-12-30;"ter�a-feira";"15:17:00";"RO";364;179;"PIMENTA BUENO";"N�o";"Rea��o tardia ou ineficiente do condutor";3;"Queda de ocupante de ve�culo";"Com V�timas Fatais";"Pleno dia";"Crescente";"C�u Claro";"Simples";"Reta";"N�o";1326016;"Motocicleta";"YAMAHA/YBR150 FACTOR ED/YBR150 FACTOR ED";2021;"Condutor";"�bito";62;"Masculino";0;0;0;1;-11,784614;-61,068089;"SPRF-RO";"DEL02-RO";"UOP02-DEL02-RO"
742603;1663069;2025-12-30;"ter�a-feira";"15:17:00";"RO";364;179;"PIMENTA BUENO";"N�o";"Rea��o tardia ou ineficiente do condutor";3;"Queda de ocupante de ve�culo";"Com V�timas Fatais";"Pleno dia";"Crescente";"C�u Claro";"Simples";"Reta";"N�o";1326015;"Autom�vel";"TOYOTA/ETIOS HB XS 15 MT/ETIOS HB XS 15 MT";2017;"Passageiro";"Ileso";62;"Masculino";1;0;0;0;-11,784614;-61,068089;"SPRF-RO";"DEL02-RO";"UOP02-DEL02-RO"