"id";"pesid";"data_inversa";"dia_semana";"horario";"uf";"br";"km";"municipio";"causa_principal";"causa_acidente";"ordem_tipo_acidente";"tipo_acidente";"classificacao_acidente";"fase_dia";"sentido_via";"condicao_metereologica";"tipo_pista";"tracado_via";"uso_solo";"id_veiculo";"tipo_veiculo";"marca";"ano_fabricacao_veiculo";"tipo_envolvido";"estado_fisico";"idade";"sexo";"ilesos";"feridos_leves";"feridos_graves";"mortos";"latitude";"longitude";"regional";"delegacia";"uop"
742603;1663068;2025-12-30;"ter�a-feira";"15:17:00";"RO";364;179;"PIMENTA BUENO";"N�o";"Rea��o tardia ou ineficiente do condutor";3;"Queda de ocupante de ve�culo";"Com V�timas Fatais";"Pleno dia";"Crescente";"C�u Claro";"Simples";"Reta";"N�o";1326015;"Autom�vel";"TOYOTA/ETIOS HB XS 15 MT/ETIOS HB XS 15 MT";2017;"Condutor";"Ileso";37;"Masculino";1;0;0;0;-11,784614;-61,068089;"SPRF-RO";"DEL02-RO";"UOP02-DEL02-RO"
742603;1663072;2025-12-30;"ter�a-feira";"15:17:00";"RO";364;179;"PIMENTA BUENO";"N�o";"Rea��o tardia ou ineficiente do condutor";3;"Queda de ocupante de ve�culo";"Com V�timas Fatais";"Pleno dia";"Crescente";"C�u Claro";"Simples";"Reta";"N�o";1326015;"Autom�vel";"TOYOTA/ETIOS HB XS 15 MT/ETIOS HB XS 15 MT";2017;"Passageiro";"Ileso";2;"Masculino";1;0;0;0;-11,784614;-61,068089;"SPRF-RO";"DEL02-RO";"UOP02-DEL02-RO"
742603;1663071;2025-12-30;"ter�a-feira";"15:17:00";"RO";364;179;"PIMENTA BUENO";"N�o";"Rea��o tardia ou ineficiente do condutor";3;"Queda de ocupante de ve�culo";"Com V�timas Fatais";"Pleno dia";"Crescente";"C�u Claro";"Simples";"Reta";"N�o";1326015;"Autom�vel";"TOYOTA/ETIOS HB XS 15 MT/ETIOS HB XS 15 MT";2017;"Passageiro";"Ileso";59;"Feminino";1;0;0;0;-11,784614;-61,068089;"SPRF-RO";"DEL02-RO";"UOP02-DEL02-RO"
742603;1663070;2025-12-30;"ter�a-feira";"15:17:00";"RO";364;179;"PIMENTA BUENO";"N�o";"Rea��o tardia ou ineficiente do condutor";3;"Queda de ocupante de ve�culo";"Com V�timas Fatais";"Pleno dia";"Crescente";"C�u Claro";"Simples";"Reta";"N�o";1326015;"Autom�vel";"TOYOTA/ETIOS HB XS 15 MT/ETIOS HB XS 15 MT";2017;"Passageiro";"Ileso";38;"Feminino";1;0;0;0;-11,784614;-61,068089;"SPRF-RO";"DEL02-RO";"UOP02-DEL02-RO"
742603;1663067;2025-12-30;"ter�a-feira";"15:17:00";"RO";364;179;"PIMENTA BUENO";"N�o";"Rea��o tardia ou ineficiente do condutor";2;"Tombamento";"Com V�timas Fatais";"Pleno dia";"Crescente";"C�u Claro";"Simples";"Reta";"N�o";1326016;"Motocicleta";"YAMAHA/YBR150 FACTOR ED/YBR150 FACTOR ED";2021;"Condutor";"�bito";62;"Masculino";0;0;0;1;-11,784614;-61,068089;"SPRF-RO";"DEL02-RO";"UOP02-DEL02-RO"
742603;1663069;2025-12-30;"ter�a-feira";"15:17:00";"RO";364;179;"PIMENTA BUENO";"N�o";"Rea��o tardia ou ineficiente do condutor";2;"Tombamento";"Com V�timas Fatais";"Pleno dia";"Crescente";"C�u Claro";"Simples";"Reta";"N�o";1326015;"Autom�vel";"TOYOTA/ETIOS HB XS 15 MT/ETIOS HB XS 15 MT";2017;"Passageiro";"Ileso";62;"Masculino";1;0;0;0;-11,784614;-61,068089;"SPRF-RO";"DEL02-RO";"UOP02-DEL02-RO"
742603;1663068;2025-12-30;"ter�a-feira";"15:17:00";"RO";364;179;"PIMENTA BUENO";"N�o";"Rea��o tardia ou ineficiente do condutor";2;"Tombamento";"Com V�timas Fatais";"Pleno dia";"Crescente";"C�u Claro";"Simples";"Reta";"N�o";1326015;"Autom�vel";"TOYOTA/ETIOS HB XS 15 MT/ETIOS HB XS 15 MT";2017;"Condutor";"Ileso";37;"Masculino";1;0;0;0;-11,784614;-61,068089;"SPRF-RO";"DEL02-RO";"UOP02-DEL02-RO"
742603;1663072;2025-12-30;"ter�a-feira";"15:17:00";"RO";364;179;"PIMENTA BUENO";"N�o";"Rea��o tardia ou ineficiente do condutor";2;"Tombamento";"Com V�timas Fatais";"Pleno dia";"Crescente";"C�u Claro";"Simples";"Reta";"N�o";1326015;"Autom�vel";"TOYOTA/ETIOS HB XS 15 MT/ETIOS HB XS 15 MT";2017;"Passageiro";"Ileso";2;"Masculino";1;0;0;0;-11,784614;-61,068089;"SPRF-RO";"DEL02-RO";"UOP02-DEL02-RO"
742603;1663071;2025-12-30;"ter�a-feira";"15:17:00";"RO";364;179;"PIMENTA BUENO";"N�o";"Rea��o tardia ou ineficiente do condutor";2;"Tombamento";"Com V�timas Fatais";"Pleno dia";"Crescente";"C�u Claro";"Simples";"Reta";"N�o";1326015;"Autom�vel";"TOYOTA/ETIOS HB XS 15 MT/ETIOS HB XS 15 MT";2017;"Passageiro";"Ileso";59;"Feminino";1;0;0;0;-11,784614;-61,068089;"SPRF-RO";"DEL02-RO";"UOP02-DEL02-RO"
742603;1663070;2025-12-30;"ter�a-feira";"15:17:00";"RO";364;179;"PIMENTA BUENO";"N�o";"Rea��o tardia ou ineficiente do condutor";2;"Tombamento";"Com V�timas Fatais";"Pleno dia";"Crescente";"C�u Claro";"Simples";"Reta";"N�o";1326015;"Autom�vel";"TOYOTA/ETIOS HB XS 15 MT/ETIOS HB XS 15 MT";2017;"Passageiro";"Ileso";38;"Feminino";1;0;0;0;-11,784614;-61,068089;"SPRF-RO";"DEL02-RO";"UOP02-DEL02-RO"
742603;1663067;2025-12-30;"ter�a-feira";"15:17:00";"RO";364;179;"PIMENTA BUENO";"N�o";"Rea��o tardia ou ineficiente do condutor";1;"Colis�o frontal";"Com V�timas Fatais";"Pleno dia";"Crescente";"C�u Claro";"Simples";"Reta";"N�o";1326016;"Motocicleta";"YAMAHA/YBR150 FACTOR ED/YBR150 FACTOR ED";2021;"Condutor";"�bito";62;"Masculino";0;0;0;1;-11,784614;-61,068089;"SPRF-RO";"DEL02-RO";"UOP02-DEL02-RO"
742603;1663069;2025-12-30;"ter�a-feira";"15:17:00";"RO";364;179;"PIMENTA BUENO";"N�o";"Rea��o tardia ou ineficiente do condutor";1;"Colis�o frontal";"Com V�timas Fatais";"Pleno dia";"Crescente";"C�u Claro";"Simples";"Reta";"N�o";1326015;"Autom�vel";"TOYOTA/ETIOS HB XS 15 MT/ETIOS HB XS 15 MT";2017;"Passageiro";"Ileso";62;"Masculino";1;0;0;0;-11,784614;-61,068089;"SPRF-RO";"DEL02-RO";"UOP02-DEL02-RO"
742603;1663068;2025-12-30;"ter�a-feira";"15:17:00";"RO";364;179;"PIMENTA BUENO";"N�o";"Rea��o tardia ou ineficiente do condutor";1;"Colis�o frontal";"Com V�timas Fatais";"Pleno dia";"Crescente";"C�u Claro";"Simples";"Reta";"N�o";1326015;"Autom�vel";"TOYOTA/ETIOS HB XS 15 MT/ETIOS HB XS 15 MT";2017;"Condutor";"Ileso";37;"Masculino";1;0;0;0;-11,784614;-61,068089;"SPRF-RO";"DEL02-RO";"UOP02-DEL02-RO"
742603;1663072;2025-12-30;"ter�a-feira";"15:17:00";"RO";364;179;"PIMENTA BUENO";"N�o";"Rea��o tardia ou ineficiente do condutor";1;"Colis�o frontal";"Com V�timas Fatais";"Pleno dia";"Crescente";"C�u Claro";"Simples";"Reta";"N�o";1326015;"Autom�vel";"TOYOTA/ETIOS HB XS 15 MT/ETIOS HB XS 15 MT";2017;"Passageiro";"Ileso";2;"Masculino";1;0;0;0;-11,784614;-61,068089;"SPRF-RO";"DEL02-RO";"UOP02-DEL02-RO"
742603;1663071;2025-12-30;"ter�a-feira";"15:17:00";"RO";364;179;"PIMENTA BUENO";"N�o";"Rea��o tardia ou ineficiente do condutor";1;"Colis�o frontal";"Com V�timas Fatais";"Pleno dia";"Crescente";"C�u Claro";"Simples";"Reta";"N�o";1326015;"Autom�vel";"TOYOTA/ETIOS HB XS 15 MT/ETIOS HB XS 15 MT";2017;"Passageiro";"Ileso";59;"Feminino";1;0;0;0;-11,784614;-61,068089;"SPRF-RO";"DEL02-RO";"UOP02-DEL02-RO"
742603;1663070;2025-12-30;"ter�a-feira";"15:17:00";"RO";364;179;"PIMENTA BUENO";"N�o";"Rea��o tardia ou ineficiente do condutor";1;"Colis�o frontal";"Com V�timas Fatais";"Pleno dia";"Crescente";"C�u Claro";"Simples";"Reta";"N�o";1326015;"Autom�vel";"TOYOTA/ETIOS HB XS 15 MT/ETIOS HB XS 15 MT";2017;"Passageiro";"Ileso";38;"Feminino";1;0;0;0;-11,784614;-61,068089;"SPRF-RO";"DEL02-RO";"UOP02-DEL02-RO"
742603;1663067;2025-12-30;"ter�a-feira";"15:17:00";"RO";364;179;"PIMENTA BUENO";"Sim";"Transitar na contram�o";3;"Queda de ocupante de ve�culo";"Com V�timas Fatais";"Pleno dia";"Crescente";"C�u Claro";"Simples";"Reta";"N�o";1326016;"Motocicleta";"YAMAHA/YBR150 FACTOR ED/YBR150 FACTOR ED";2021;"Condutor";"�bito";62;"Masculino";0;0;0;1;-11,784614;-61,068089;"SPRF-RO";"DEL02-RO";"UOP02-DEL02-RO"
742603;1663069;2025-12-30;"ter�a-feira";"15:17:00";"RO";364;179;"PIMENTA BUENO";"Sim";"Transitar na contram�o";3;"Queda de ocupante de ve�culo";"Com V�timas Fatais";"Pleno dia";"Crescente";"C�u Claro";"Simples";"Reta";"N�o";1326015;"Autom�vel";"TOYOTA/ETIOS HB XS 15 MT/ETIOS HB XS 15 MT";2017;"Passageiro";"Ileso";62;"Masculino";1;0;0;0;-11,784614;-61,068089;"SPRF-RO";"DEL02-RO";"UOP02-DEL02-RO"
742603;1663068;2025-12-30;"ter�a-feira";"15:17:00";"RO";364;179;"PIMENTA BUENO";"Sim";"Transitar na contram�o";3;"Queda de ocupante de ve�culo";"Com V�timas Fatais";"Pleno dia";"Crescente";"C�u Claro";"Simples";"Reta";"N�o";1326015;"Autom�vel";"TOYOTA/ETIOS HB XS 15 MT/ETIOS HB XS 15 MT";2017;"Condutor";"Ileso";37;"Masculino";1;0;0;0;-11,784614;-61,068089;"SPRF-RO";"DEL02-RO";"UOP02-DEL02-RO"
742603;1663072;2025-12-30;"ter�a-feira";"15:17:00";"RO";364;179;"PIMENTA BUENO";"Sim";"Transitar na contram�o";3;"Queda de ocupante de ve�culo";"Com V�timas Fatais";"Pleno dia";"Crescente";"C�u Claro";"Simples";"Reta";"N�o";1326015;"Autom�vel";"TOYOTA/ETIOS HB XS 15 MT/ETIOS HB XS 15 MT";2017;"Passageiro";"Ileso";2;"Masculino";1;0;0;0;-11,784614;-61,068089;"SPRF-RO";"DEL02-RO";"UOP02-DEL02-RO"
742603;1663071;2025-12-30;"ter�a-feira";"15:17:00";"RO";364;179;"PIMENTA BUENO";"Sim";"Transitar na contram�o";3;"Queda de ocupante de ve�culo";"Com V�timas Fatais";"Pleno dia";"Crescente";"C�u Claro";"Simples";"Reta";"N�o";1326015;"Autom�vel";"TOYOTA/ETIOS HB XS 15 MT/ETIOS HB XS 15 MT";2017;"Passageiro";"Ileso";59;"Feminino";1;0;0;0;-11,784614;-61,068089;"SPRF-RO";"DEL02-RO";"UOP02-DEL02-RO"
742603;1663070;2025-12-30;"ter�a-feira";"15:17:00";"RO";364;179;"PIMENTA BUENO";"Sim";"Transitar na contram�o";3;"Queda de ocupante de ve�culo";"Com V�timas Fatais";"Pleno dia";"Crescente";"C�u Claro";"Simples";"Reta";"N�o";1326015;"Autom�vel";"TOYOTA/ETIOS HB XS 15 MT/ETIOS HB XS 15 MT";2017;"Passageiro";"Ileso";38;"Feminino";1;0;0;0;-11,784614;-61,068089;"SPRF-RO";"DEL02-RO";"UOP02-DEL02-RO"
742603;1663067;2025-12-30;"ter�a-feira";"15:17:00";"RO";364;179;"PIMENTA BUENO";"Sim";"Transitar na contram�o";2;"Tombamento";"Com V�timas Fatais";"Pleno dia";"Crescente";"C�u Claro";"Simples";"Reta";"N�o";1326016;"Motocicleta";"YAMAHA/YBR150 FACTOR ED/YBR150 FACTOR ED";2021;"Condutor";"�bito";62;"Masculino";0;0;0;1;-11,784614;-61,068089;"SPRF-RO";"DEL02-RO";"UOP02-DEL02-RO"
742603;1663069;2025-12-30;"ter�a-feira";"15:17:00";"RO";364;179;"PIMENTA BUENO";"Sim";"Transitar na contram�o";2;"Tombamento";"Com V�timas Fatais";"Pleno dia";"Crescente";"C�u Claro";"Simples";"Reta";"N�o";1326015;"Autom�vel";"TOYOTA/ETIOS HB XS 15 MT/ETIOS HB XS 15 MT";2017;"Passageiro";"Ileso";62;"Masculino";1;0;0;0;-11,784614;-61,068089;"SPRF-RO";"DEL02-RO";"UOP02-DEL02-RO"
742603;1663068;2025-12-30;"ter�a-feira";"15:17:00";"RO";364;179;"PIMENTA BUENO";"Sim";"Transitar na contram�o";2;"Tombamento";"Com V�timas Fatais";"Pleno dia";"Crescente";"C�u Claro";"Simples";"Reta";"N�o";1326015;"Autom�vel";"TOYOTA/ETIOS HB XS 15 MT/ETIOS HB XS 15 MT";2017;"Condutor";"Ileso";37;"Masculino";1;0;0;0;-11,784614;-61,068089;"SPRF-RO";"DEL02-RO";"UOP02-DEL02-RO"
742603;1663072;2025-12-30;"ter�a-feira";"15:17:00";"RO";364;179;"PIMENTA BUENO";"Sim";"Transitar na contram�o";2;"Tombamento";"Com V�timas Fatais";"Pleno dia";"Crescente";"C�u Claro";"Simples";"Reta";"N�o";1326015;"Autom�vel";"TOYOTA/ETIOS HB XS 15 MT/ETIOS HB XS 15 MT";2017;"Passageiro";"Ileso";2;"Masculino";1;0;0;0;-11,784614;-61,068089;"SPRF-RO";"DEL02-RO";"UOP02-DEL02-RO"
742603;1663071;2025-12-30;"ter�a-feira";"15:17:00";"RO";364;179;"PIMENTA BUENO";"Sim";"Transitar na contram�o";2;"Tombamento";"Com V�timas Fatais";"Pleno dia";"Crescente";"C�u Claro";"Simples";"Reta";"N�o";1326015;"Autom�vel";"TOYOTA/ETIOS HB XS 15 MT/ETIOS HB XS 15 MT";2017;"Passageiro";"Ileso";59;"Feminino";1;0;0;0;-11,784614;-61,068089;"SPRF-RO";"DEL02-RO";"UOP02-DEL02-RO"
742603;1663070;2025-12-30;"ter�a-feira";"15:17:00";"RO";364;179;"PIMENTA BUENO";"Sim";"Transitar na contram�o";2;"Tombamento";"Com V�timas Fatais";"Pleno dia";"Crescente";"C�u Claro";"Simples";"Reta";"N�o";1326015;"Autom�vel";"TOYOTA/ETIOS HB XS 15 MT/ETIOS HB XS 15 MT";2017;"Passageiro";"Ileso";38;"Feminino";1;0;0;0;-11,784614;-61,068089;"SPRF-RO";"DEL02-RO";"UOP02-DEL02-RO"
742603;1663067;2025-12-30;"ter�a-feira";"15:17:00";"RO";364;179;"PIMENTA BUENO";"Sim";"Transitar na contram�o";1;"Colis�o frontal";"Com V�timas Fatais";"Pleno dia";"Crescente";"C�u Claro";"Simples";"Reta";"N�o";1326016;"Motocicleta";"YAMAHA/YBR150 FACTOR ED/YBR150 FACTOR ED";2021;"Condutor";"�bito";62;"Masculino";0;0;0;1;-11,784614;-61,068089;"SPRF-RO";"DEL02-RO";"UOP02-DEL02-RO"
742603;1663069;2025-12-30;"ter�a-feira";"15:17:00";"RO";364;179;"PIMENTA BUENO";"Sim";"Transitar na contram�o";1;"Colis�o frontal";"Com V�timas Fatais";"Pleno dia";"Crescente";"C�u Claro";"Simples";"Reta";"N�o";1326015;"Autom�vel";"TOYOTA/ETIOS HB XS 15 MT/ETIOS HB XS 15 MT";2017;"Passageiro";"Ileso";62;"Masculino";1;0;0;0;-11,784614;-61,068089;"SPRF-RO";"DEL02-RO";"UOP02-DEL02-RO"
742603;1663068;2025-12-30;"ter�a-feira";"15:17:00";"RO";364;179;"PIMENTA BUENO";"Sim";"Transitar na contram�o";1;"Colis�o frontal";"Com V�timas Fatais";"Pleno dia";"Crescente";"C�u Claro";"Simples";"Reta";"N�o";1326015;"Autom�vel";"TOYOTA/ETIOS HB XS 15 MT/ETIOS HB XS 15 MT";2017;"Condutor";"Ileso";37;"Masculino";1;0;0;0;-11,784614;-61,068089;"SPRF-RO";"DEL02-RO";"UOP02-DEL02-RO"
742603;1663072;2025-12-30;"ter�a-feira";"15:17:00";"RO";364;179;"PIMENTA BUENO";"Sim";"Transitar na contram�o";1;"Colis�o frontal";"Com V�timas Fatais";"Pleno dia";"Crescente";"C�u Claro";"Simples";"Reta";"N�o";1326015;"Autom�vel";"TOYOTA/ETIOS HB XS 15 MT/ETIOS HB XS 15 MT";2017;"Passageiro";"Ileso";2;"Masculino";1;0;0;0;-11,784614;-61,068089;"SPRF-RO";"DEL02-RO";"UOP02-DEL02-RO"
742603;1663071;2025-12-30;"ter�a-feira";"15:17:00";"RO";364;179;"PIMENTA BUENO";"Sim";"Transitar na contram�o";1;"Colis�o frontal";"Com V�timas Fatais";"Pleno dia";"Crescente";"C�u Claro";"Simples";"Reta";"N�o";1326015;"Autom�vel";"TOYOTA/ETIOS HB XS 15 MT/ETIOS HB XS 15 MT";2017;"Passageiro";"Ileso";59;"Feminino";1;0;0;0;-11,784614;-61,068089;"SPRF-RO";"DEL02-RO";"UOP02-DEL02-RO"
742603;1663070;2025-12-30;"ter�a-feira";"15:17:00";"RO";364;179;"PIMENTA BUENO";"Sim";"Transitar na contram�o";1;"Colis�o frontal";"Com V�timas Fatais";"Pleno dia";"Crescente";"C�u Claro";"Simples";"Reta";"N�o";1326015;"Autom�vel";"TOYOTA/ETIOS HB XS 15 MT/ETIOS HB XS 15 MT";2017;"Passageiro";"Ileso";38;"Feminino";1;0;0;0;-11,784614;-61,068089;"SPRF-RO";"DEL02-RO";"UOP02-DEL02-RO"
742604;1663425;2025-12-30;"ter�a-feira";"15:40:00";"MS";376;89;"IVINHEMA";"N�o";"Acumulo de �gua sobre o pavimento";1;"Capotamento";"Com V�timas Feridas";"Pleno dia";"Crescente";"Chuva";"Simples";"Reta";"N�o";1326001;"Caminhonete";"HYUNDAI/HR HDB/HR HDB";2010;"Passageiro";"Les�es Leves";25;"Masculino";0;1;0;0;-22,30671112;-54,01766717;"SPRF-MS";"DEL04-MS";"UOP04-DEL04-MS"
742604;1663037;2025-12-30;"ter�a-feira";"15:40:00";"MS";376;89;"IVINHEMA";"N�o";"Acumulo de �gua sobre o pavimento";1;"Capotamento";"Com V�timas Feridas";"Pleno dia";"Crescente";"Chuva";"Simples";"Reta";"N�o";1326001;"Caminhonete";"HYUNDAI/HR HDB/HR HDB";2010;"Condutor";"Les�es Leves";39;"Masculino";0;1;0;0;-22,30671112;-54,01766717;"SPRF-MS";"DEL04-MS";"UOP04-DEL04-MS"
742604;1663425;2025-12-30;"ter�a-feira";"15:40:00";"MS";376;89;"IVINHEMA";"Sim";"Rea��o tardia ou ineficiente do condutor";1;"Capotamento";"Com V�timas Feridas";"Pleno dia";"Crescente";"Chuva";"Simples";"Reta";"N�o";1326001;"Caminhonete";"HYUNDAI/HR HDB/HR HDB";2010;"Passageiro";"Les�es Leves";25;"Masculino";0;1;0;0;-22,30671112;-54,01766717;"SPRF-MS";"DEL04-MS";"UOP04-DEL04-MS"
742604;1663037;2025-12-30;"ter�a-feira";"15:40:00";"MS";376;89;"IVINHEMA";"Sim";"Rea��o tardia ou ineficiente do condutor";1;"Capotamento";"Com V�timas Feridas";"Pleno dia";"Crescente";"Chuva";"Simples";"Reta";"N�o";1326001;"Caminhonete";"HYUNDAI/HR HDB/HR HDB";2010;"Condutor";"Les�es Leves";39;"Masculino";0;1;0;0;-22,30671112;-54,01766717;"SPRF-MS";"DEL04-MS";"UOP04-DEL04-MS"
742605;1662978;2025-12-30;"ter�a-feira";"13:50:00";"PI";343;140,1;"PIRACURUCA";"N�o";"Ingest�o de �lcool pelo condutor";3;"Queda de ocupante de ve�culo";"Com V�timas Feridas";"Pleno dia";"Crescente";"C�u Claro";"Simples";"Reta";"Sim";1325952;"Motocicleta";"HONDA/CG 150 FAN ESI/CG 150 FAN ESI";2010;"Condutor";"Les�es Graves";38;"Masculino";0;0;1;0;-3,921753;-41,712513;"SPRF-PI";"DEL02-PI";"UOP01-DEL02-PI"
742605;1662978;2025-12-30;"ter�a-feira";"13:50:00";"PI";343;140,1;"PIRACURUCA";"N�o";"Ingest�o de �lcool pelo condutor";2;"Tombamento";"Com V�timas Feridas";"Pleno dia";"Crescente";"C�u Claro";"Simples";"Reta";"Sim";1325952;"Motocicleta";"HONDA/CG 150 FAN ESI/CG 150 FAN ESI";2010;"Condutor";"Les�es Graves";38;"Masculino";0;0;1;0;-3,921753;-41,712513;"SPRF-PI";"DEL02-PI";"UOP01-DEL02-PI"
742605;1662978;2025-12-30;"ter�a-feira";"13:50:00";"PI";343;140,1;"PIRACURUCA";"N�o";"Ingest�o de �lcool pelo condutor";1;"Colis�o com objeto";"Com V�timas Feridas";"Pleno dia";"Crescente";"C�u Claro";"Simples";"Reta";"Sim";1325952;"Motocicleta";"HONDA/CG 150 FAN ESI/CG 150 FAN ESI";2010;"Condutor";"Les�es Graves";38;"Masculino";0;0;1;0;-3,921753;-41,712513;"SPRF-PI";"DEL02-PI";"UOP01-DEL02-PI"
742605;1662978;2025-12-30;"ter�a-feira";"13:50:00";"PI";343;140,1;"PIRACURUCA";"Sim";"Aus�ncia de rea��o do condutor";3;"Queda de ocupante de ve�culo";"Com V�timas Feridas";"Pleno dia";"Crescente";"C�u Claro";"Simples";"Reta";"Sim";1325952;"Motocicleta";"HONDA/CG 150 FAN ESI/CG 150 FAN ESI";2010;"Condutor";"Les�es Graves";38;"Masculino";0;0;1;0;-3,921753;-41,712513;"SPRF-PI";"DEL02-PI";"UOP01-DEL02-PI"
742605;1662978;2025-12-30;"ter�a-feira";"13:50:00";"PI";343;140,1;"PIRACURUCA";"Sim";"Aus�ncia de rea��o do condutor";2;"Tombamento";"Com V�timas Feridas";"Pleno dia";"Crescente";"C�u Claro";"Simples";"Reta";"Sim";1325952;"Motocicleta";"HONDA/CG 150 FAN ESI/CG 150 FAN ESI";2010;"Condutor";"Les�es Graves";38;"Masculino";0;0;1;0;-3,921753;-41,712513;"SPRF-PI";"DEL02-PI";"UOP01-DEL02-PI"
742605;1662978;2025-12-30;"ter�a-feira";"13:50:00";"PI";343;140,1;"PIRACURUCA";"Sim";"Aus�ncia de rea��o do condutor";1;"Colis�o com objeto";"Com V�timas Feridas";"Pleno dia";"Crescente";"C�u Claro";"Simples";"Reta";"Sim";1325952;"Motocicleta";"HONDA/CG 150 FAN ESI/CG 150 FAN ESI";2010;"Condutor";"Les�es Graves";38;"Masculino";0;0;1;0;-3,921753;-41,712513;"SPRF-PI";"DEL02-PI";"UOP01-DEL02-PI"
742606;1663052;2025-12-30;"ter�a-feira";"16:10:00";"DF";70;10;"BRASILIA";"Sim";"Rea��o tardia ou ineficiente do condutor";1;"Colis�o lateral mesmo sentido";"Com V�timas Feridas";"Pleno dia";"Crescente";"Garoa/Chuvisco";"Dupla";"Reta";"Sim";1326006;"Motocicleta";"HONDA/CG 160 FAN/CG 160 FAN";2023;"Passageiro";"Les�es Leves";20;"Feminino";0;1;0;0;-15,787618;-48,142617;"SPRF-DF";"DEL03-DF";"UOP02-DEL03-DF"
742606;1663051;2025-12-30;"ter�a-feira";"16:10:00";"DF";70;10;"BRASILIA";"Sim";"Rea��o tardia ou ineficiente do condutor";1;"Colis�o lateral mesmo sentido";"Com V�timas Feridas";"Pleno dia";"Crescente";"Garoa/Chuvisco";"Dupla";"Reta";"Sim";1326006;"Motocicleta";"HONDA/CG 160 FAN/CG 160 FAN";2023;"Condutor";"Ileso";26;"Masculino";1;0;0;0;-15,787618;-48,142617;"SPRF-DF";"DEL03-DF";"UOP02-DEL03-DF"
742606;1663050;2025-12-30;"ter�a-feira";"16:10:00";"DF";70;10;"BRASILIA";"Sim";"Rea��o tardia ou ineficiente do condutor";1;"Colis�o lateral mesmo sentido";"Com V�timas Feridas";"Pleno dia";"Crescente";"Garoa/Chuvisco";"Dupla";"Reta";"Sim";1326004;"Autom�vel";"I/FIAT CRONOS 1.3/FIAT CRONOS 1.3";2022;"Condutor";"Ileso";21;"Masculino";1;0;0;0;-15,787618;-48,142617;"SPRF-DF";"DEL03-DF";"UOP02-DEL03-DF"
742607;1662997;2025-12-30;"ter�a-feira";"15:30:00";"RS";470;211;"BENTO GONCALVES";"N�o";"Velocidade Incompat�vel";2;"Colis�o com objeto";"Com V�timas Feridas";"Pleno dia";"Decrescente";"Garoa/Chuvisco";"Simples";"Curva";"N�o";1325960;"Autom�vel";"VW/UP MOVE SA/UP MOVE SA";2015;"Passageiro";"Les�es Leves";57;"Masculino";0;1;0;0;-29,131903;-51,545012;"SPRF-RS";"DEL06-RS";"UOP01-DEL06-RS"
742607;1662988;2025-12-30;"ter�a-feira";"15:30:00";"RS";470;211;"BENTO GONCALVES";"N�o";"Velocidade Incompat�vel";2;"Colis�o com objeto";"Com V�timas Feridas";"Pleno dia";"Decrescente";"Garoa/Chuvisco";"Simples";"Curva";"N�o";1325960;"Autom�vel";"VW/UP MOVE SA/UP MOVE SA";2015;"Condutor";"Les�es Leves";62;"Masculino";0;1;0;0;-29,131903;-51,545012;"SPRF-RS";"DEL06-RS";"UOP01-DEL06-RS"
742607;1662997;2025-12-30;"ter�a-feira";"15:30:00";"RS";470;211;"BENTO GONCALVES";"N�o";"Velocidade Incompat�vel";1;"Sa�da de leito carro��vel";"Com V�timas Feridas";"Pleno dia";"Decrescente";"Garoa/Chuvisco";"Simples";"Curva";"N�o";1325960;"Autom�vel";"VW/UP MOVE SA/UP MOVE SA";2015;"Passageiro";"Les�es Leves";57;"Masculino";0;1;0;0;-29,131903;-51,545012;"SPRF-RS";"DEL06-RS";"UOP01-DEL06-RS"
742607;1662988;2025-12-30;"ter�a-feira";"15:30:00";"RS";470;211;"BENTO GONCALVES";"N�o";"Velocidade Incompat�vel";1;"Sa�da de leito carro��vel";"Com V�timas Feridas";"Pleno dia";"Decrescente";"Garoa/Chuvisco";"Simples";"Curva";"N�o";1325960;"Autom�vel";"VW/UP MOVE SA/UP MOVE SA";2015;"Condutor";"Les�es Leves";62;"Masculino";0;1;0;0;-29,131903;-51,545012;"SPRF-RS";"DEL06-RS";"UOP01-DEL06-RS"
742607;1662997;2025-12-30;"ter�a-feira";"15:30:00";"RS";470;211;"BENTO GONCALVES";"Sim";"Aus�ncia de rea��o do condutor";2;"Colis�o com objeto";"Com V�timas Feridas";"Pleno dia";"Decrescente";"Garoa/Chuvisco";"Simples";"Curva";"N�o";1325960;"Autom�vel";"VW/UP MOVE SA/UP MOVE SA";2015;"Passageiro";"Les�es Leves";57;"Masculino";0;1;0;0;-29,131903;-51,545012;"SPRF-RS";"DEL06-RS";"UOP01-DEL06-RS"
742607;1662988;2025-12-30;"ter�a-feira";"15:30:00";"RS";470;211;"BENTO GONCALVES";"Sim";"Aus�ncia de rea��o do condutor";2;"Colis�o com objeto";"Com V�timas Feridas";"Pleno dia";"Decrescente";"Garoa/Chuvisco";"Simples";"Curva";"N�o";1325960;"Autom�vel";"VW/UP MOVE SA/UP MOVE SA";2015;"Condutor";"Les�es Leves";62;"Masculino";0;1;0;0;-29,131903;-51,545012;"SPRF-RS";"DEL06-RS";"UOP01-DEL06-RS"
742607;1662997;2025-12-30;"ter�a-feira";"15:30:00";"RS";470;211;"BENTO GONCALVES";"Sim";"Aus�ncia de rea��o do condutor";1;"Sa�da de leito carro��vel";"Com V�timas Feridas";"Pleno dia";"Decrescente";"Garoa/Chuvisco";"Simples";"Curva";"N�o";1325960;"Autom�vel";"VW/UP MOVE SA/UP MOVE SA";2015;"Passageiro";"Les�es Leves";57;"Masculino";0;1;0;0;-29,131903;-51,545012;"SPRF-RS";"DEL06-RS";"UOP01-DEL06-RS"