"id";"pesid";"data_inversa";"dia_semana";"horario";"uf";"br";"km";"municipio";"causa_principal";"causa_acidente";"ordem_tipo_acidente";"tipo_acidente";"classificacao_acidente";"fase_dia";"sentido_via";"condicao_metereologica";"tipo_pista";"tracado_via";"uso_solo";"id_veiculo";"tipo_veiculo";"marca";"ano_fabricacao_veiculo";"tipo_envolvido";"estado_fisico";"idade";"sexo";"ilesos";"feridos_leves";"feridos_graves";"mortos";"latitude";"longitude";"regional";"delegacia";"uop"
742607;1662988;2025-12-30;"ter�a-feira";"15:30:00";"RS";470;211;"BENTO GONCALVES";"Sim";"Aus�ncia de rea��o do condutor";1;"Sa�da de leito carro��vel";"Com V�timas Feridas";"Pleno dia";"Decrescente";"Garoa/Chuvisco";"Simples";"Curva";"N�o";1325960;"Autom�vel";"VW/UP MOVE SA/UP MOVE SA";2015;"Condutor";"Les�es Leves";62;"Masculino";0;1;0;0;-29,131903;-51,545012;"SPRF-RS";"DEL06-RS";"UOP01-DEL06-RS"
742608;1663291;2025-12-21;"domingo";"16:00:00";"SE";101;108;"SAO CRISTOVAO";"Sim";"Rea��o tardia ou ineficiente do condutor";1;"Colis�o com objeto";"Sem V�timas";"Pleno dia";"Decrescente";"C�u Claro";"Dupla";"Reta";"N�o";1326186;"Autom�vel";"FIAT/SIENA ELX FLEX/SIENA ELX FLEX";2005;"Condutor";"Ileso";44;"Masculino";1;0;0;0;-10,92677395;-37,18019899;"SPRF-SE";"DEL02-SE";"UOP01-DEL02-SE"
742609;NA;2025-12-30;"ter�a-feira";"16:00:00";"SP";116;357,5;"MIRACATU";"Sim";"Chuva";1;"Tombamento";"Com V�timas Fatais";"Pleno dia";"Crescente";"Chuva";"Simples";"Curva";"N�o";1327061;"Semireboque";"SR/LIBRELATO CACAENCR 3E/LIBRELATO CACAENCR 3E";2021;NA;NA;NA;NA;NA;NA;NA;NA;-24,11106014;-47,26598181;"SPRF-SP";"DEL04-SP";"UOP03-DEL04-SP"
742609;NA;2025-12-30;"ter�a-feira";"16:00:00";"SP";116;357,5;"MIRACATU";"Sim";"Chuva";1;"Tombamento";"Com V�timas Fatais";"Pleno dia";"Crescente";"Chuva";"Simples";"Curva";"N�o";1326104;"Semireboque";"SR/LIBRELATO BZCACD 3E/LIBRELATO BZCACD 3E";2021;NA;NA;NA;NA;NA;NA;NA;NA;-24,11106014;-47,26598181;"SPRF-SP";"DEL04-SP";"UOP03-DEL04-SP"
742609;1663201;2025-12-30;"ter�a-feira";"16:00:00";"SP";116;357,5;"MIRACATU";"Sim";"Chuva";1;"Tombamento";"Com V�timas Fatais";"Pleno dia";"Crescente";"Chuva";"Simples";"Curva";"N�o";1326101;"Caminh�o-trator";"VOLVO/FH 540 6X4T/FH 540 6X4T";2025;"Condutor";"Ileso";47;"Masculino";1;0;0;0;-24,11106014;-47,26598181;"SPRF-SP";"DEL04-SP";"UOP03-DEL04-SP"
742609;1663200;2025-12-30;"ter�a-feira";"16:00:00";"SP";116;357,5;"MIRACATU";"Sim";"Chuva";1;"Tombamento";"Com V�timas Fatais";"Pleno dia";"Crescente";"Chuva";"Simples";"Curva";"N�o";1326100;"Motocicleta";"YAMAHA/XT 660R/XT 660R";2009;"Passageiro";"Ileso";39;"Feminino";1;0;0;0;-24,11106014;-47,26598181;"SPRF-SP";"DEL04-SP";"UOP03-DEL04-SP"
742609;1663199;2025-12-30;"ter�a-feira";"16:00:00";"SP";116;357,5;"MIRACATU";"Sim";"Chuva";1;"Tombamento";"Com V�timas Fatais";"Pleno dia";"Crescente";"Chuva";"Simples";"Curva";"N�o";1326100;"Motocicleta";"YAMAHA/XT 660R/XT 660R";2009;"Condutor";"�bito";59;"Masculino";0;0;0;1;-24,11106014;-47,26598181;"SPRF-SP";"DEL04-SP";"UOP03-DEL04-SP"
742609;NA;2025-12-30;"ter�a-feira";"16:00:00";"SP";116;357,5;"MIRACATU";"Sim";"Chuva";3;"Atropelamento de Pedestre";"Com V�timas Fatais";"Pleno dia";"Crescente";"Chuva";"Simples";"Curva";"N�o";1327061;"Semireboque";"SR/LIBRELATO CACAENCR 3E/LIBRELATO CACAENCR 3E";2021;NA;NA;NA;NA;NA;NA;NA;NA;-24,11106014;-47,26598181;"SPRF-SP";"DEL04-SP";"UOP03-DEL04-SP"
742609;NA;2025-12-30;"ter�a-feira";"16:00:00";"SP";116;357,5;"MIRACATU";"Sim";"Chuva";3;"Atropelamento de Pedestre";"Com V�timas Fatais";"Pleno dia";"Crescente";"Chuva";"Simples";"Curva";"N�o";1326104;"Semireboque";"SR/LIBRELATO BZCACD 3E/LIBRELATO BZCACD 3E";2021;NA;NA;NA;NA;NA;NA;NA;NA;-24,11106014;-47,26598181;"SPRF-SP";"DEL04-SP";"UOP03-DEL04-SP"
742609;1663201;2025-12-30;"ter�a-feira";"16:00:00";"SP";116;357,5;"MIRACATU";"Sim";"Chuva";3;"Atropelamento de Pedestre";"Com V�timas Fatais";"Pleno dia";"Crescente";"Chuva";"Simples";"Curva";"N�o";1326101;"Caminh�o-trator";"VOLVO/FH 540 6X4T/FH 540 6X4T";2025;"Condutor";"Ileso";47;"Masculino";1;0;0;0;-24,11106014;-47,26598181;"SPRF-SP";"DEL04-SP";"UOP03-DEL04-SP"
742609;1663200;2025-12-30;"ter�a-feira";"16:00:00";"SP";116;357,5;"MIRACATU";"Sim";"Chuva";3;"Atropelamento de Pedestre";"Com V�timas Fatais";"Pleno dia";"Crescente";"Chuva";"Simples";"Curva";"N�o";1326100;"Motocicleta";"YAMAHA/XT 660R/XT 660R";2009;"Passageiro";"Ileso";39;"Feminino";1;0;0;0;-24,11106014;-47,26598181;"SPRF-SP";"DEL04-SP";"UOP03-DEL04-SP"
742609;1663199;2025-12-30;"ter�a-feira";"16:00:00";"SP";116;357,5;"MIRACATU";"Sim";"Chuva";3;"Atropelamento de Pedestre";"Com V�timas Fatais";"Pleno dia";"Crescente";"Chuva";"Simples";"Curva";"N�o";1326100;"Motocicleta";"YAMAHA/XT 660R/XT 660R";2009;"Condutor";"�bito";59;"Masculino";0;0;0;1;-24,11106014;-47,26598181;"SPRF-SP";"DEL04-SP";"UOP03-DEL04-SP"
742609;NA;2025-12-30;"ter�a-feira";"16:00:00";"SP";116;357,5;"MIRACATU";"Sim";"Chuva";2;"Queda de ocupante de ve�culo";"Com V�timas Fatais";"Pleno dia";"Crescente";"Chuva";"Simples";"Curva";"N�o";1327061;"Semireboque";"SR/LIBRELATO CACAENCR 3E/LIBRELATO CACAENCR 3E";2021;NA;NA;NA;NA;NA;NA;NA;NA;-24,11106014;-47,26598181;"SPRF-SP";"DEL04-SP";"UOP03-DEL04-SP"
742609;NA;2025-12-30;"ter�a-feira";"16:00:00";"SP";116;357,5;"MIRACATU";"Sim";"Chuva";2;"Queda de ocupante de ve�culo";"Com V�timas Fatais";"Pleno dia";"Crescente";"Chuva";"Simples";"Curva";"N�o";1326104;"Semireboque";"SR/LIBRELATO BZCACD 3E/LIBRELATO BZCACD 3E";2021;NA;NA;NA;NA;NA;NA;NA;NA;-24,11106014;-47,26598181;"SPRF-SP";"DEL04-SP";"UOP03-DEL04-SP"
742609;1663201;2025-12-30;"ter�a-feira";"16:00:00";"SP";116;357,5;"MIRACATU";"Sim";"Chuva";2;"Queda de ocupante de ve�culo";"Com V�timas Fatais";"Pleno dia";"Crescente";"Chuva";"Simples";"Curva";"N�o";1326101;"Caminh�o-trator";"VOLVO/FH 540 6X4T/FH 540 6X4T";2025;"Condutor";"Ileso";47;"Masculino";1;0;0;0;-24,11106014;-47,26598181;"SPRF-SP";"DEL04-SP";"UOP03-DEL04-SP"
742609;1663200;2025-12-30;"ter�a-feira";"16:00:00";"SP";116;357,5;"MIRACATU";"Sim";"Chuva";2;"Queda de ocupante de ve�culo";"Com V�timas Fatais";"Pleno dia";"Crescente";"Chuva";"Simples";"Curva";"N�o";1326100;"Motocicleta";"YAMAHA/XT 660R/XT 660R";2009;"Passageiro";"Ileso";39;"Feminino";1;0;0;0;-24,11106014;-47,26598181;"SPRF-SP";"DEL04-SP";"UOP03-DEL04-SP"
742609;1663199;2025-12-30;"ter�a-feira";"16:00:00";"SP";116;357,5;"MIRACATU";"Sim";"Chuva";2;"Queda de ocupante de ve�culo";"Com V�timas Fatais";"Pleno dia";"Crescente";"Chuva";"Simples";"Curva";"N�o";1326100;"Motocicleta";"YAMAHA/XT 660R/XT 660R";2009;"Condutor";"�bito";59;"Masculino";0;0;0;1;-24,11106014;-47,26598181;"SPRF-SP";"DEL04-SP";"UOP03-DEL04-SP"
742610;1662994;2025-12-30;"ter�a-feira";"16:30:00";"SC";101;108;"PENHA";"N�o";"Aus�ncia de rea��o do condutor";1;"Engavetamento";"Com V�timas Feridas";"Pleno dia";"Crescente";"Nublado";"Dupla";"Reta";"N�o";1325966;"Autom�vel";"FIAT/FASTBACK TURBO 270/FASTBACK TURBO 270";2023;"Condutor";"Ileso";34;"Masculino";1;0;0;0;-26,82850797;-48,69224159;"SPRF-SC";"DEL03-SC";"UOP02-DEL03-SC"
742610;1662992;2025-12-30;"ter�a-feira";"16:30:00";"SC";101;108;"PENHA";"N�o";"Aus�ncia de rea��o do condutor";1;"Engavetamento";"Com V�timas Feridas";"Pleno dia";"Crescente";"Nublado";"Dupla";"Reta";"N�o";1325963;"Autom�vel";"FIAT/PALIO FIRE ECONOMY/PALIO FIRE ECONOMY";2011;"Passageiro";"Les�es Leves";63;"Feminino";0;1;0;0;-26,82850797;-48,69224159;"SPRF-SC";"DEL03-SC";"UOP02-DEL03-SC"
742610;1662990;2025-12-30;"ter�a-feira";"16:30:00";"SC";101;108;"PENHA";"N�o";"Aus�ncia de rea��o do condutor";1;"Engavetamento";"Com V�timas Feridas";"Pleno dia";"Crescente";"Nublado";"Dupla";"Reta";"N�o";1325963;"Autom�vel";"FIAT/PALIO FIRE ECONOMY/PALIO FIRE ECONOMY";2011;"Condutor";"Ileso";43;"Masculino";1;0;0;0;-26,82850797;-48,69224159;"SPRF-SC";"DEL03-SC";"UOP02-DEL03-SC"
742610;1662989;2025-12-30;"ter�a-feira";"16:30:00";"SC";101;108;"PENHA";"N�o";"Aus�ncia de rea��o do condutor";1;"Engavetamento";"Com V�timas Feridas";"Pleno dia";"Crescente";"Nublado";"Dupla";"Reta";"N�o";1325962;"Camioneta";"FORD/ECOSPORT XLT 1.6L/ECOSPORT XLT 1.6L";2004;"Condutor";"Ileso";29;"Masculino";1;0;0;0;-26,82850797;-48,69224159;"SPRF-SC";"DEL03-SC";"UOP02-DEL03-SC"
742610;1662994;2025-12-30;"ter�a-feira";"16:30:00";"SC";101;108;"PENHA";"Sim";"Condutor deixou de manter dist�ncia do ve�culo da frente";1;"Engavetamento";"Com V�timas Feridas";"Pleno dia";"Crescente";"Nublado";"Dupla";"Reta";"N�o";1325966;"Autom�vel";"FIAT/FASTBACK TURBO 270/FASTBACK TURBO 270";2023;"Condutor";"Ileso";34;"Masculino";1;0;0;0;-26,82850797;-48,69224159;"SPRF-SC";"DEL03-SC";"UOP02-DEL03-SC"
742610;1662992;2025-12-30;"ter�a-feira";"16:30:00";"SC";101;108;"PENHA";"Sim";"Condutor deixou de manter dist�ncia do ve�culo da frente";1;"Engavetamento";"Com V�timas Feridas";"Pleno dia";"Crescente";"Nublado";"Dupla";"Reta";"N�o";1325963;"Autom�vel";"FIAT/PALIO FIRE ECONOMY/PALIO FIRE ECONOMY";2011;"Passageiro";"Les�es Leves";63;"Feminino";0;1;0;0;-26,82850797;-48,69224159;"SPRF-SC";"DEL03-SC";"UOP02-DEL03-SC"
742610;1662990;2025-12-30;"ter�a-feira";"16:30:00";"SC";101;108;"PENHA";"Sim";"Condutor deixou de manter dist�ncia do ve�culo da frente";1;"Engavetamento";"Com V�timas Feridas";"Pleno dia";"Crescente";"Nublado";"Dupla";"Reta";"N�o";1325963;"Autom�vel";"FIAT/PALIO FIRE ECONOMY/PALIO FIRE ECONOMY";2011;"Condutor";"Ileso";43;"Masculino";1;0;0;0;-26,82850797;-48,69224159;"SPRF-SC";"DEL03-SC";"UOP02-DEL03-SC"
742610;1662989;2025-12-30;"ter�a-feira";"16:30:00";"SC";101;108;"PENHA";"Sim";"Condutor deixou de manter dist�ncia do ve�culo da frente";1;"Engavetamento";"Com V�timas Feridas";"Pleno dia";"Crescente";"Nublado";"Dupla";"Reta";"N�o";1325962;"Camioneta";"FORD/ECOSPORT XLT 1.6L/ECOSPORT XLT 1.6L";2004;"Condutor";"Ileso";29;"Masculino";1;0;0;0;-26,82850797;-48,69224159;"SPRF-SC";"DEL03-SC";"UOP02-DEL03-SC"
742611;1663008;2025-12-30;"ter�a-feira";"12:35:00";"RJ";116;271;"BARRA MANSA";"N�o";"Curva acentuada";1;"Capotamento";"Com V�timas Feridas";"Pleno dia";"Decrescente";"C�u Claro";"M�ltipla";"Declive;Curva";"Sim";1325979;"Caminh�o";"M.BENZ/L 1113/L 1113";1973;"Condutor";"Les�es Leves";29;"Masculino";0;1;0;0;-22,55968959;-44,12336753;"SPRF-RJ";"DEL07-RJ";"UOP02-DEL07-RJ"
742611;1663106;2025-12-30;"ter�a-feira";"12:35:00";"RJ";116;271;"BARRA MANSA";"N�o";"Curva acentuada";1;"Capotamento";"Com V�timas Feridas";"Pleno dia";"Decrescente";"C�u Claro";"M�ltipla";"Declive;Curva";"Sim";1325979;"Caminh�o";"M.BENZ/L 1113/L 1113";1973;"Passageiro";"Les�es Leves";4;"Masculino";0;1;0;0;-22,55968959;-44,12336753;"SPRF-RJ";"DEL07-RJ";"UOP02-DEL07-RJ"
742611;1663009;2025-12-30;"ter�a-feira";"12:35:00";"RJ";116;271;"BARRA MANSA";"N�o";"Curva acentuada";1;"Capotamento";"Com V�timas Feridas";"Pleno dia";"Decrescente";"C�u Claro";"M�ltipla";"Declive;Curva";"Sim";1325979;"Caminh�o";"M.BENZ/L 1113/L 1113";1973;"Passageiro";"Les�es Leves";31;"Feminino";0;1;0;0;-22,55968959;-44,12336753;"SPRF-RJ";"DEL07-RJ";"UOP02-DEL07-RJ"
742611;1663008;2025-12-30;"ter�a-feira";"12:35:00";"RJ";116;271;"BARRA MANSA";"N�o";"Declive acentuado";1;"Capotamento";"Com V�timas Feridas";"Pleno dia";"Decrescente";"C�u Claro";"M�ltipla";"Declive;Curva";"Sim";1325979;"Caminh�o";"M.BENZ/L 1113/L 1113";1973;"Condutor";"Les�es Leves";29;"Masculino";0;1;0;0;-22,55968959;-44,12336753;"SPRF-RJ";"DEL07-RJ";"UOP02-DEL07-RJ"
742611;1663106;2025-12-30;"ter�a-feira";"12:35:00";"RJ";116;271;"BARRA MANSA";"N�o";"Declive acentuado";1;"Capotamento";"Com V�timas Feridas";"Pleno dia";"Decrescente";"C�u Claro";"M�ltipla";"Declive;Curva";"Sim";1325979;"Caminh�o";"M.BENZ/L 1113/L 1113";1973;"Passageiro";"Les�es Leves";4;"Masculino";0;1;0;0;-22,55968959;-44,12336753;"SPRF-RJ";"DEL07-RJ";"UOP02-DEL07-RJ"
742611;1663009;2025-12-30;"ter�a-feira";"12:35:00";"RJ";116;271;"BARRA MANSA";"N�o";"Declive acentuado";1;"Capotamento";"Com V�timas Feridas";"Pleno dia";"Decrescente";"C�u Claro";"M�ltipla";"Declive;Curva";"Sim";1325979;"Caminh�o";"M.BENZ/L 1113/L 1113";1973;"Passageiro";"Les�es Leves";31;"Feminino";0;1;0;0;-22,55968959;-44,12336753;"SPRF-RJ";"DEL07-RJ";"UOP02-DEL07-RJ"
742611;1663008;2025-12-30;"ter�a-feira";"12:35:00";"RJ";116;271;"BARRA MANSA";"Sim";"Velocidade Incompat�vel";1;"Capotamento";"Com V�timas Feridas";"Pleno dia";"Decrescente";"C�u Claro";"M�ltipla";"Declive;Curva";"Sim";1325979;"Caminh�o";"M.BENZ/L 1113/L 1113";1973;"Condutor";"Les�es Leves";29;"Masculino";0;1;0;0;-22,55968959;-44,12336753;"SPRF-RJ";"DEL07-RJ";"UOP02-DEL07-RJ"
742611;1663106;2025-12-30;"ter�a-feira";"12:35:00";"RJ";116;271;"BARRA MANSA";"Sim";"Velocidade Incompat�vel";1;"Capotamento";"Com V�timas Feridas";"Pleno dia";"Decrescente";"C�u Claro";"M�ltipla";"Declive;Curva";"Sim";1325979;"Caminh�o";"M.BENZ/L 1113/L 1113";1973;"Passageiro";"Les�es Leves";4;"Masculino";0;1;0;0;-22,55968959;-44,12336753;"SPRF-RJ";"DEL07-RJ";"UOP02-DEL07-RJ"
742611;1663009;2025-12-30;"ter�a-feira";"12:35:00";"RJ";116;271;"BARRA MANSA";"Sim";"Velocidade Incompat�vel";1;"Capotamento";"Com V�timas Feridas";"Pleno dia";"Decrescente";"C�u Claro";"M�ltipla";"Declive;Curva";"Sim";1325979;"Caminh�o";"M.BENZ/L 1113/L 1113";1973;"Passageiro";"Les�es Leves";31;"Feminino";0;1;0;0;-22,55968959;-44,12336753;"SPRF-RJ";"DEL07-RJ";"UOP02-DEL07-RJ"
742612;1663057;2025-12-30;"ter�a-feira";"15:40:00";"MG";381;426;"SABARA";"Sim";"Problema com o freio";2;"Sa�da de leito carro��vel";"Com V�timas Feridas";"Pleno dia";"Decrescente";"C�u Claro";"Simples";"Curva;Declive";"N�o";1326010;"Caminh�o";"VW/24.250CN PMERECHIM 82/24.250CN PMERECHIM 82";2011;"Passageiro";"Les�es Leves";28;"Masculino";0;1;0;0;-19,786468;-43,710689;"SPRF-MG";"DEL01-MG";"UOP01-DEL01-MG"
742612;1663056;2025-12-30;"ter�a-feira";"15:40:00";"MG";381;426;"SABARA";"Sim";"Problema com o freio";2;"Sa�da de leito carro��vel";"Com V�timas Feridas";"Pleno dia";"Decrescente";"C�u Claro";"Simples";"Curva;Declive";"N�o";1326010;"Caminh�o";"VW/24.250CN PMERECHIM 82/24.250CN PMERECHIM 82";2011;"Condutor";"Les�es Leves";28;"Masculino";0;1;0;0;-19,786468;-43,710689;"SPRF-MG";"DEL01-MG";"UOP01-DEL01-MG"
742612;1663053;2025-12-30;"ter�a-feira";"15:40:00";"MG";381;426;"SABARA";"Sim";"Problema com o freio";2;"Sa�da de leito carro��vel";"Com V�timas Feridas";"Pleno dia";"Decrescente";"C�u Claro";"Simples";"Curva;Declive";"N�o";1326009;"Caminh�o";"M.BENZ/L 1516/L 1516";1984;"Condutor";"Ileso";61;"Masculino";1;0;0;0;-19,786468;-43,710689;"SPRF-MG";"DEL01-MG";"UOP01-DEL01-MG"
742612;1663057;2025-12-30;"ter�a-feira";"15:40:00";"MG";381;426;"SABARA";"Sim";"Problema com o freio";1;"Colis�o lateral sentido oposto";"Com V�timas Feridas";"Pleno dia";"Decrescente";"C�u Claro";"Simples";"Curva;Declive";"N�o";1326010;"Caminh�o";"VW/24.250CN PMERECHIM 82/24.250CN PMERECHIM 82";2011;"Passageiro";"Les�es Leves";28;"Masculino";0;1;0;0;-19,786468;-43,710689;"SPRF-MG";"DEL01-MG";"UOP01-DEL01-MG"
742612;1663056;2025-12-30;"ter�a-feira";"15:40:00";"MG";381;426;"SABARA";"Sim";"Problema com o freio";1;"Colis�o lateral sentido oposto";"Com V�timas Feridas";"Pleno dia";"Decrescente";"C�u Claro";"Simples";"Curva;Declive";"N�o";1326010;"Caminh�o";"VW/24.250CN PMERECHIM 82/24.250CN PMERECHIM 82";2011;"Condutor";"Les�es Leves";28;"Masculino";0;1;0;0;-19,786468;-43,710689;"SPRF-MG";"DEL01-MG";"UOP01-DEL01-MG"
742612;1663053;2025-12-30;"ter�a-feira";"15:40:00";"MG";381;426;"SABARA";"Sim";"Problema com o freio";1;"Colis�o lateral sentido oposto";"Com V�timas Feridas";"Pleno dia";"Decrescente";"C�u Claro";"Simples";"Curva;Declive";"N�o";1326009;"Caminh�o";"M.BENZ/L 1516/L 1516";1984;"Condutor";"Ileso";61;"Masculino";1;0;0;0;-19,786468;-43,710689;"SPRF-MG";"DEL01-MG";"UOP01-DEL01-MG"
742613;1663018;2025-12-30;"ter�a-feira";"17:05:00";"RS";386;359;"ESTRELA";"Sim";"Aus�ncia de rea��o do condutor";1;"Queda de ocupante de ve�culo";"Com V�timas Feridas";"Pleno dia";"Crescente";"Nublado";"Dupla";"Reta";"N�o";1325986;"Motocicleta";"HONDA/CG 150 TITAN KS/CG 150 TITAN KS";2006;"Condutor";"Les�es Leves";16;"Masculino";0;1;0;0;-29,5443485;-51,9114356;"SPRF-RS";"DEL04-RS";"UOP01-DEL04-RS"
742613;1663429;2025-12-30;"ter�a-feira";"17:05:00";"RS";386;359;"ESTRELA";"Sim";"Aus�ncia de rea��o do condutor";1;"Queda de ocupante de ve�culo";"Com V�timas Feridas";"Pleno dia";"Crescente";"Nublado";"Dupla";"Reta";"N�o";NA;NA;"NA/NA/NA";NA;"Testemunha";"N�o Informado";NA;"N�o Informado";0;0;0;0;-29,5443485;-51,9114356;"SPRF-RS";"DEL04-RS";"UOP01-DEL04-RS"
742615;1663290;2025-12-30;"ter�a-feira";"16:50:00";"MG";116;578,6;"MANHUACU";"Sim";"Aus�ncia de rea��o do condutor";1;"Capotamento";"Com V�timas Feridas";"Pleno dia";"Decrescente";"C�u Claro";"Simples";"Reta";"N�o";1326187;"Autom�vel";"CHEVROLET/CELTA 1.0L LT/CELTA 1.0L LT";2011;"Condutor";"Les�es Leves";59;"Feminino";0;1;0;0;-20,181298;-42,186365;"SPRF-MG";"DEL06-MG";"UOP03-DEL06-MG"
742616;1663034;2025-12-30;"ter�a-feira";"16:00:00";"BA";101;808;"ITAMARAJU";"N�o";"Transitar na contram�o";1;"Colis�o frontal";"Com V�timas Feridas";"Pleno dia";"Decrescente";"Sol";"Simples";"Rotat�ria;Interse��o de Vias;Curva";"Sim";1325981;"Motocicleta";"N�o Informado/N�o Informado/N�o Informado";0;"Condutor";"Les�es Leves";65;"Masculino";0;1;0;0;-17,0264832;-39,54024553;"SPRF-BA";"DEL09-BA";"UOP01-DEL09-BA"
742616;1663010;2025-12-30;"ter�a-feira";"16:00:00";"BA";101;808;"ITAMARAJU";"N�o";"Transitar na contram�o";1;"Colis�o frontal";"Com V�timas Feridas";"Pleno dia";"Decrescente";"Sol";"Simples";"Rotat�ria;Interse��o de Vias;Curva";"Sim";1325980;"Camioneta";"JEEP/COMPASS SPORT T/COMPASS SPORT T";2025;"Condutor";"Ileso";40;"Masculino";1;0;0;0;-17,0264832;-39,54024553;"SPRF-BA";"DEL09-BA";"UOP01-DEL09-BA"
742616;1663011;2025-12-30;"ter�a-feira";"16:00:00";"BA";101;808;"ITAMARAJU";"N�o";"Transitar na contram�o";1;"Colis�o frontal";"Com V�timas Feridas";"Pleno dia";"Decrescente";"Sol";"Simples";"Rotat�ria;Interse��o de Vias;Curva";"Sim";1325980;"Camioneta";"JEEP/COMPASS SPORT T/COMPASS SPORT T";2025;"Passageiro";"Ileso";30;"Feminino";1;0;0;0;-17,0264832;-39,54024553;"SPRF-BA";"DEL09-BA";"UOP01-DEL09-BA"
742616;1663034;2025-12-30;"ter�a-feira";"16:00:00";"BA";101;808;"ITAMARAJU";"Sim";"Acessar a via sem observar a presen�a dos outros ve�culos";1;"Colis�o frontal";"Com V�timas Feridas";"Pleno dia";"Decrescente";"Sol";"Simples";"Rotat�ria;Interse��o de Vias;Curva";"Sim";1325981;"Motocicleta";"N�o Informado/N�o Informado/N�o Informado";0;"Condutor";"Les�es Leves";65;"Masculino";0;1;0;0;-17,0264832;-39,54024553;"SPRF-BA";"DEL09-BA";"UOP01-DEL09-BA"
742616;1663010;2025-12-30;"ter�a-feira";"16:00:00";"BA";101;808;"ITAMARAJU";"Sim";"Acessar a via sem observar a presen�a dos outros ve�culos";1;"Colis�o frontal";"Com V�timas Feridas";"Pleno dia";"Decrescente";"Sol";"Simples";"Rotat�ria;Interse��o de Vias;Curva";"Sim";1325980;"Camioneta";"JEEP/COMPASS SPORT T/COMPASS SPORT T";2025;"Condutor";"Ileso";40;"Masculino";1;0;0;0;-17,0264832;-39,54024553;"SPRF-BA";"DEL09-BA";"UOP01-DEL09-BA"
742616;1663011;2025-12-30;"ter�a-feira";"16:00:00";"BA";101;808;"ITAMARAJU";"Sim";"Acessar a via sem observar a presen�a dos outros ve�culos";1;"Colis�o frontal";"Com V�timas Feridas";"Pleno dia";"Decrescente";"Sol";"Simples";"Rotat�ria;Interse��o de Vias;Curva";"Sim";1325980;"Camioneta";"JEEP/COMPASS SPORT T/COMPASS SPORT T";2025;"Passageiro";"Ileso";30;"Feminino";1;0;0;0;-17,0264832;-39,54024553;"SPRF-BA";"DEL09-BA";"UOP01-DEL09-BA"
742617;NA;2025-12-30;"ter�a-feira";"16:35:00";"SP";116;125,5;"CACAPAVA";"Sim";"Rea��o tardia ou ineficiente do condutor";3;"Queda de ocupante de ve�culo";"Com V�timas Feridas";"Pleno dia";"Decrescente";"C�u Claro";"Dupla";"Reta";"N�o";1326017;"Semireboque";"SR/RANDON/RANDON";1980;NA;NA;NA;NA;NA;NA;NA;NA;-23,09578562;-45,68160058;"SPRF-SP";"DEL02-SP";"UOP02-DEL02-SP"
742617;1663064;2025-12-30;"ter�a-feira";"16:35:00";"SP";116;125,5;"CACAPAVA";"Sim";"Rea��o tardia ou ineficiente do condutor";3;"Queda de ocupante de ve�culo";"Com V�timas Feridas";"Pleno dia";"Decrescente";"C�u Claro";"Dupla";"Reta";"N�o";1326012;"Caminh�o-trator";"FORD/CARGO 4532 E/CARGO 4532 E";2007;"Condutor";"Ileso";56;"Masculino";1;0;0;0;-23,09578562;-45,68160058;"SPRF-SP";"DEL02-SP";"UOP02-DEL02-SP"
742617;1663061;2025-12-30;"ter�a-feira";"16:35:00";"SP";116;125,5;"CACAPAVA";"Sim";"Rea��o tardia ou ineficiente do condutor";3;"Queda de ocupante de ve�culo";"Com V�timas Feridas";"Pleno dia";"Decrescente";"C�u Claro";"Dupla";"Reta";"N�o";1326011;"Bicicleta";"N�o Informado/N�o Informado/N�o Informado";0;"Condutor";"Les�es Leves";43;"Masculino";0;1;0;0;-23,09578562;-45,68160058;"SPRF-SP";"DEL02-SP";"UOP02-DEL02-SP"
742617;NA;2025-12-30;"ter�a-feira";"16:35:00";"SP";116;125,5;"CACAPAVA";"Sim";"Rea��o tardia ou ineficiente do condutor";2;"Tombamento";"Com V�timas Feridas";"Pleno dia";"Decrescente";"C�u Claro";"Dupla";"Reta";"N�o";1326017;"Semireboque";"SR/RANDON/RANDON";1980;NA;NA;NA;NA;NA;NA;NA;NA;-23,09578562;-45,68160058;"SPRF-SP";"DEL02-SP";"UOP02-DEL02-SP"
742617;1663064;2025-12-30;"ter�a-feira";"16:35:00";"SP";116;125,5;"CACAPAVA";"Sim";"Rea��o tardia ou ineficiente do condutor";2;"Tombamento";"Com V�timas Feridas";"Pleno dia";"Decrescente";"C�u Claro";"Dupla";"Reta";"N�o";1326012;"Caminh�o-trator";"FORD/CARGO 4532 E/CARGO 4532 E";2007;"Condutor";"Ileso";56;"Masculino";1;0;0;0;-23,09578562;-45,68160058;"SPRF-SP";"DEL02-SP";"UOP02-DEL02-SP"
742617;1663061;2025-12-30;"ter�a-feira";"16:35:00";"SP";116;125,5;"CACAPAVA";"Sim";"Rea��o tardia ou ineficiente do condutor";2;"Tombamento";"Com V�timas Feridas";"Pleno dia";"Decrescente";"C�u Claro";"Dupla";"Reta";"N�o";1326011;"Bicicleta";"N�o Informado/N�o Informado/N�o Informado";0;"Condutor";"Les�es Leves";43;"Masculino";0;1;0;0;-23,09578562;-45,68160058;"SPRF-SP";"DEL02-SP";"UOP02-DEL02-SP"