"id";"pesid";"data_inversa";"dia_semana";"horario";"uf";"br";"km";"municipio";"causa_principal";"causa_acidente";"ordem_tipo_acidente";"tipo_acidente";"classificacao_acidente";"fase_dia";"sentido_via";"condicao_metereologica";"tipo_pista";"tracado_via";"uso_solo";"id_veiculo";"tipo_veiculo";"marca";"ano_fabricacao_veiculo";"tipo_envolvido";"estado_fisico";"idade";"sexo";"ilesos";"feridos_leves";"feridos_graves";"mortos";"latitude";"longitude";"regional";"delegacia";"uop"
742617;NA;2025-12-30;"ter�a-feira";"16:35:00";"SP";116;125,5;"CACAPAVA";"Sim";"Rea��o tardia ou ineficiente do condutor";1;"Colis�o traseira";"Com V�timas Feridas";"Pleno dia";"Decrescente";"C�u Claro";"Dupla";"Reta";"N�o";1326017;"Semireboque";"SR/RANDON/RANDON";1980;NA;NA;NA;NA;NA;NA;NA;NA;-23,09578562;-45,68160058;"SPRF-SP";"DEL02-SP";"UOP02-DEL02-SP"
742617;1663064;2025-12-30;"ter�a-feira";"16:35:00";"SP";116;125,5;"CACAPAVA";"Sim";"Rea��o tardia ou ineficiente do condutor";1;"Colis�o traseira";"Com V�timas Feridas";"Pleno dia";"Decrescente";"C�u Claro";"Dupla";"Reta";"N�o";1326012;"Caminh�o-trator";"FORD/CARGO 4532 E/CARGO 4532 E";2007;"Condutor";"Ileso";56;"Masculino";1;0;0;0;-23,09578562;-45,68160058;"SPRF-SP";"DEL02-SP";"UOP02-DEL02-SP"
742617;1663061;2025-12-30;"ter�a-feira";"16:35:00";"SP";116;125,5;"CACAPAVA";"Sim";"Rea��o tardia ou ineficiente do condutor";1;"Colis�o traseira";"Com V�timas Feridas";"Pleno dia";"Decrescente";"C�u Claro";"Dupla";"Reta";"N�o";1326011;"Bicicleta";"N�o Informado/N�o Informado/N�o Informado";0;"Condutor";"Les�es Leves";43;"Masculino";0;1;0;0;-23,09578562;-45,68160058;"SPRF-SP";"DEL02-SP";"UOP02-DEL02-SP"
742618;1663041;2025-12-02;"ter�a-feira";"18:50:00";"PR";376;3;"SAO JOSE DOS PINHAIS";"Sim";"Rea��o tardia ou ineficiente do condutor";1;"Queda de ocupante de ve�culo";"Com V�timas Feridas";"Anoitecer";"Crescente";"C�u Claro";"Dupla";"Reta";"Sim";1325990;"Autom�vel";"RENAULT/CLIO RL 1.0/CLIO RL 1.0";0;"Condutor";"N�o Informado";NA;"N�o Informado";0;0;0;0;-25,53744272;-49,19243686;"SPRF-PR";"DEL01-PR";"UOP04-DEL01-PR"
742618;1663022;2025-12-02;"ter�a-feira";"18:50:00";"PR";376;3;"SAO JOSE DOS PINHAIS";"Sim";"Rea��o tardia ou ineficiente do condutor";1;"Queda de ocupante de ve�culo";"Com V�timas Feridas";"Anoitecer";"Crescente";"C�u Claro";"Dupla";"Reta";"Sim";1325989;"Motocicleta";"HONDA/XRE 300 ABS/XRE 300 ABS";0;"Condutor";"Les�es Leves";NA;"Masculino";0;1;0;0;-25,53744272;-49,19243686;"SPRF-PR";"DEL01-PR";"UOP04-DEL01-PR"
742619;1663137;2025-12-30;"ter�a-feira";"12:30:00";"RS";290;67,5;"MAQUINE";"Sim";"Condutor Dormindo";2;"Colis�o com objeto";"Com V�timas Fatais";"Pleno dia";"Crescente";"Sol";"Dupla";"T�nel;Reta";"N�o";1326060;"Caminh�o";"SCANIA/P 310 B8X2/P 310 B8X2";2013;"Condutor";"�bito";41;"Masculino";0;0;0;1;-29,726112;-50,200178;"SPRF-RS";"DEL03-RS";"UOP01-DEL03-RS"
742619;1663137;2025-12-30;"ter�a-feira";"12:30:00";"RS";290;67,5;"MAQUINE";"Sim";"Condutor Dormindo";1;"Sa�da de leito carro��vel";"Com V�timas Fatais";"Pleno dia";"Crescente";"Sol";"Dupla";"T�nel;Reta";"N�o";1326060;"Caminh�o";"SCANIA/P 310 B8X2/P 310 B8X2";2013;"Condutor";"�bito";41;"Masculino";0;0;0;1;-29,726112;-50,200178;"SPRF-RS";"DEL03-RS";"UOP01-DEL03-RS"
742620;1663032;2025-12-30;"ter�a-feira";"12:45:00";"MG";381;315,7;"NOVA ERA";"Sim";"Ultrapassagem Indevida";2;"Sa�da de leito carro��vel";"Com V�timas Fatais";"Pleno dia";"Decrescente";"C�u Claro";"Simples";"Reta";"N�o";1325994;"Caminh�o-trator";"VOLVO/FM 370 6X2T/FM 370 6X2T";2014;"Condutor";"Ileso";51;"Masculino";1;0;0;0;-19,70869776;-43,00023079;"SPRF-MG";"DEL03-MG";"UOP02-DEL03-MG"
742620;1663030;2025-12-30;"ter�a-feira";"12:45:00";"MG";381;315,7;"NOVA ERA";"Sim";"Ultrapassagem Indevida";2;"Sa�da de leito carro��vel";"Com V�timas Fatais";"Pleno dia";"Decrescente";"C�u Claro";"Simples";"Reta";"N�o";1325991;"Autom�vel";"HYUNDAI/HB2010TA EVOLUTI/HB2010TA EVOLUTI";2019;"Condutor";"�bito";49;"Masculino";0;0;0;1;-19,70869776;-43,00023079;"SPRF-MG";"DEL03-MG";"UOP02-DEL03-MG"
742620;NA;2025-12-30;"ter�a-feira";"12:45:00";"MG";381;315,7;"NOVA ERA";"Sim";"Ultrapassagem Indevida";2;"Sa�da de leito carro��vel";"Com V�timas Fatais";"Pleno dia";"Decrescente";"C�u Claro";"Simples";"Reta";"N�o";1325996;"Semireboque";"SR/FACCHINI SRF CB/FACCHINI SRF CB";2020;NA;NA;NA;NA;NA;NA;NA;NA;-19,70869776;-43,00023079;"SPRF-MG";"DEL03-MG";"UOP02-DEL03-MG"
742620;1663032;2025-12-30;"ter�a-feira";"12:45:00";"MG";381;315,7;"NOVA ERA";"Sim";"Ultrapassagem Indevida";1;"Colis�o frontal";"Com V�timas Fatais";"Pleno dia";"Decrescente";"C�u Claro";"Simples";"Reta";"N�o";1325994;"Caminh�o-trator";"VOLVO/FM 370 6X2T/FM 370 6X2T";2014;"Condutor";"Ileso";51;"Masculino";1;0;0;0;-19,70869776;-43,00023079;"SPRF-MG";"DEL03-MG";"UOP02-DEL03-MG"
742620;1663030;2025-12-30;"ter�a-feira";"12:45:00";"MG";381;315,7;"NOVA ERA";"Sim";"Ultrapassagem Indevida";1;"Colis�o frontal";"Com V�timas Fatais";"Pleno dia";"Decrescente";"C�u Claro";"Simples";"Reta";"N�o";1325991;"Autom�vel";"HYUNDAI/HB2010TA EVOLUTI/HB2010TA EVOLUTI";2019;"Condutor";"�bito";49;"Masculino";0;0;0;1;-19,70869776;-43,00023079;"SPRF-MG";"DEL03-MG";"UOP02-DEL03-MG"
742620;NA;2025-12-30;"ter�a-feira";"12:45:00";"MG";381;315,7;"NOVA ERA";"Sim";"Ultrapassagem Indevida";1;"Colis�o frontal";"Com V�timas Fatais";"Pleno dia";"Decrescente";"C�u Claro";"Simples";"Reta";"N�o";1325996;"Semireboque";"SR/FACCHINI SRF CB/FACCHINI SRF CB";2020;NA;NA;NA;NA;NA;NA;NA;NA;-19,70869776;-43,00023079;"SPRF-MG";"DEL03-MG";"UOP02-DEL03-MG"
742621;1663019;2025-12-30;"ter�a-feira";"16:30:00";"SC";101;276;"IMBITUBA";"Sim";"Rea��o tardia ou ineficiente do condutor";1;"Colis�o transversal";"Com V�timas Feridas";"Pleno dia";"Crescente";"Chuva";"Simples";"Viaduto";"Sim";1325987;"Motoneta";"HONDA/BIZ 125 ES/BIZ 125 ES";2014;"Passageiro";"Les�es Graves";34;"Masculino";0;0;1;0;-28,160173;-48,692708;"SPRF-SC";"DEL02-SC";"UOP03-DEL02-SC"
742621;1663017;2025-12-30;"ter�a-feira";"16:30:00";"SC";101;276;"IMBITUBA";"Sim";"Rea��o tardia ou ineficiente do condutor";1;"Colis�o transversal";"Com V�timas Feridas";"Pleno dia";"Crescente";"Chuva";"Simples";"Viaduto";"Sim";1325987;"Motoneta";"HONDA/BIZ 125 ES/BIZ 125 ES";2014;"Condutor";"Les�es Leves";20;"Masculino";0;1;0;0;-28,160173;-48,692708;"SPRF-SC";"DEL02-SC";"UOP03-DEL02-SC"
742621;1663016;2025-12-30;"ter�a-feira";"16:30:00";"SC";101;276;"IMBITUBA";"Sim";"Rea��o tardia ou ineficiente do condutor";1;"Colis�o transversal";"Com V�timas Feridas";"Pleno dia";"Crescente";"Chuva";"Simples";"Viaduto";"Sim";1325984;"Caminh�o";"FORD/CARGO 815 E/CARGO 815 E";2010;"Condutor";"Ileso";42;"Masculino";1;0;0;0;-28,160173;-48,692708;"SPRF-SC";"DEL02-SC";"UOP03-DEL02-SC"
742622;1663023;2025-12-14;"domingo";"06:53:00";"GO";364;59;"CACHOEIRA ALTA";"Sim";"Ingest�o de �lcool pelo condutor";2;"Queda de ocupante de ve�culo";"Com V�timas Feridas";"Amanhecer";"Crescente";"C�u Claro";"Dupla";"Reta";"Sim";1325985;"Motocicleta";"N�o Informado/N�o Informado/N�o Informado";0;"Condutor";"Les�es Graves";25;"Masculino";0;0;1;0;-18,73868701;-50,94364643;"SPRF-GO";"DEL05-GO";"UOP02-DEL05-GO"
742622;1663023;2025-12-14;"domingo";"06:53:00";"GO";364;59;"CACHOEIRA ALTA";"Sim";"Ingest�o de �lcool pelo condutor";1;"Sa�da de leito carro��vel";"Com V�timas Feridas";"Amanhecer";"Crescente";"C�u Claro";"Dupla";"Reta";"Sim";1325985;"Motocicleta";"N�o Informado/N�o Informado/N�o Informado";0;"Condutor";"Les�es Graves";25;"Masculino";0;0;1;0;-18,73868701;-50,94364643;"SPRF-GO";"DEL05-GO";"UOP02-DEL05-GO"
742623;1663132;2025-12-30;"ter�a-feira";"16:20:00";"BA";101;865;"TEIXEIRA DE FREITAS";"Sim";"Manobra de mudan�a de faixa";1;"Colis�o lateral mesmo sentido";"Com V�timas Feridas";"Pleno dia";"Decrescente";"C�u Claro";"Simples";"Reta";"N�o";1326053;"Utilit�rio";"JEEP/COMPASS LONGITUDE D/COMPASS LONGITUDE D";2017;"Condutor";"Ileso";46;"Masculino";1;0;0;0;-17,44710247;-39,69441712;"SPRF-BA";"DEL09-BA";"UOP02-DEL09-BA"
742623;1665675;2025-12-30;"ter�a-feira";"16:20:00";"BA";101;865;"TEIXEIRA DE FREITAS";"Sim";"Manobra de mudan�a de faixa";1;"Colis�o lateral mesmo sentido";"Com V�timas Feridas";"Pleno dia";"Decrescente";"C�u Claro";"Simples";"Reta";"N�o";1327773;"Motocicleta";"HONDA/CG 160 FAN/CG 160 FAN";2025;"Passageiro";"Les�es Leves";NA;"Masculino";0;1;0;0;-17,44710247;-39,69441712;"SPRF-BA";"DEL09-BA";"UOP02-DEL09-BA"
742623;1665674;2025-12-30;"ter�a-feira";"16:20:00";"BA";101;865;"TEIXEIRA DE FREITAS";"Sim";"Manobra de mudan�a de faixa";1;"Colis�o lateral mesmo sentido";"Com V�timas Feridas";"Pleno dia";"Decrescente";"C�u Claro";"Simples";"Reta";"N�o";1327773;"Motocicleta";"HONDA/CG 160 FAN/CG 160 FAN";2025;"Condutor";"Les�es Leves";21;"Masculino";0;1;0;0;-17,44710247;-39,69441712;"SPRF-BA";"DEL09-BA";"UOP02-DEL09-BA"
742626;1663031;2025-12-30;"ter�a-feira";"16:50:00";"SC";116;10,4;"MAFRA";"Sim";"Aus�ncia de rea��o do condutor";2;"Sa�da de leito carro��vel";"Com V�timas Feridas";"Pleno dia";"Crescente";"Chuva";"Simples";"Declive;Curva";"N�o";1325998;"Autom�vel";"HONDA/CITY EXL FLEX/CITY EXL FLEX";2010;"Passageiro";"Les�es Leves";58;"Feminino";0;1;0;0;-26,178518;-49,861778;"SPRF-SC";"DEL06-SC";"UOP01-DEL06-SC"
742626;1663033;2025-12-30;"ter�a-feira";"16:50:00";"SC";116;10,4;"MAFRA";"Sim";"Aus�ncia de rea��o do condutor";2;"Sa�da de leito carro��vel";"Com V�timas Feridas";"Pleno dia";"Crescente";"Chuva";"Simples";"Declive;Curva";"N�o";1325998;"Autom�vel";"HONDA/CITY EXL FLEX/CITY EXL FLEX";2010;"Passageiro";"Les�es Leves";25;"Feminino";0;1;0;0;-26,178518;-49,861778;"SPRF-SC";"DEL06-SC";"UOP01-DEL06-SC"
742626;1663029;2025-12-30;"ter�a-feira";"16:50:00";"SC";116;10,4;"MAFRA";"Sim";"Aus�ncia de rea��o do condutor";2;"Sa�da de leito carro��vel";"Com V�timas Feridas";"Pleno dia";"Crescente";"Chuva";"Simples";"Declive;Curva";"N�o";1325998;"Autom�vel";"HONDA/CITY EXL FLEX/CITY EXL FLEX";2010;"Condutor";"Ileso";53;"Masculino";1;0;0;0;-26,178518;-49,861778;"SPRF-SC";"DEL06-SC";"UOP01-DEL06-SC"
742626;1663031;2025-12-30;"ter�a-feira";"16:50:00";"SC";116;10,4;"MAFRA";"Sim";"Aus�ncia de rea��o do condutor";1;"Colis�o com objeto";"Com V�timas Feridas";"Pleno dia";"Crescente";"Chuva";"Simples";"Declive;Curva";"N�o";1325998;"Autom�vel";"HONDA/CITY EXL FLEX/CITY EXL FLEX";2010;"Passageiro";"Les�es Leves";58;"Feminino";0;1;0;0;-26,178518;-49,861778;"SPRF-SC";"DEL06-SC";"UOP01-DEL06-SC"
742626;1663033;2025-12-30;"ter�a-feira";"16:50:00";"SC";116;10,4;"MAFRA";"Sim";"Aus�ncia de rea��o do condutor";1;"Colis�o com objeto";"Com V�timas Feridas";"Pleno dia";"Crescente";"Chuva";"Simples";"Declive;Curva";"N�o";1325998;"Autom�vel";"HONDA/CITY EXL FLEX/CITY EXL FLEX";2010;"Passageiro";"Les�es Leves";25;"Feminino";0;1;0;0;-26,178518;-49,861778;"SPRF-SC";"DEL06-SC";"UOP01-DEL06-SC"
742626;1663029;2025-12-30;"ter�a-feira";"16:50:00";"SC";116;10,4;"MAFRA";"Sim";"Aus�ncia de rea��o do condutor";1;"Colis�o com objeto";"Com V�timas Feridas";"Pleno dia";"Crescente";"Chuva";"Simples";"Declive;Curva";"N�o";1325998;"Autom�vel";"HONDA/CITY EXL FLEX/CITY EXL FLEX";2010;"Condutor";"Ileso";53;"Masculino";1;0;0;0;-26,178518;-49,861778;"SPRF-SC";"DEL06-SC";"UOP01-DEL06-SC"
742627;1663040;2025-12-30;"ter�a-feira";"10:40:00";"MT";163;873;"SINOP";"Sim";"Ultrapassagem Indevida";2;"Sa�da de leito carro��vel";"Com V�timas Feridas";"Pleno dia";"Crescente";"C�u Claro";"Simples";"Reta;Aclive";"N�o";1326000;"Autom�vel";"VW/CROSSFOX GII/CROSSFOX GII";2010;"Passageiro";"Les�es Leves";64;"Feminino";0;1;0;0;-11,536;-55,391;"SPRF-MT";"DEL06-MT";"UOP02-DEL06-MT"
742627;1663038;2025-12-30;"ter�a-feira";"10:40:00";"MT";163;873;"SINOP";"Sim";"Ultrapassagem Indevida";2;"Sa�da de leito carro��vel";"Com V�timas Feridas";"Pleno dia";"Crescente";"C�u Claro";"Simples";"Reta;Aclive";"N�o";1326000;"Autom�vel";"VW/CROSSFOX GII/CROSSFOX GII";2010;"Condutor";"Les�es Graves";69;"Masculino";0;0;1;0;-11,536;-55,391;"SPRF-MT";"DEL06-MT";"UOP02-DEL06-MT"
742627;1665687;2025-12-30;"ter�a-feira";"10:40:00";"MT";163;873;"SINOP";"Sim";"Ultrapassagem Indevida";2;"Sa�da de leito carro��vel";"Com V�timas Feridas";"Pleno dia";"Crescente";"C�u Claro";"Simples";"Reta;Aclive";"N�o";1325999;"Autom�vel";"FIAT/FASTBACK LIMITED ED/FASTBACK LIMITED ED";2025;"Passageiro";"N�o Informado";NA;"N�o Informado";0;0;0;0;-11,536;-55,391;"SPRF-MT";"DEL06-MT";"UOP02-DEL06-MT"
742627;1665686;2025-12-30;"ter�a-feira";"10:40:00";"MT";163;873;"SINOP";"Sim";"Ultrapassagem Indevida";2;"Sa�da de leito carro��vel";"Com V�timas Feridas";"Pleno dia";"Crescente";"C�u Claro";"Simples";"Reta;Aclive";"N�o";1325999;"Autom�vel";"FIAT/FASTBACK LIMITED ED/FASTBACK LIMITED ED";2025;"Passageiro";"N�o Informado";NA;"N�o Informado";0;0;0;0;-11,536;-55,391;"SPRF-MT";"DEL06-MT";"UOP02-DEL06-MT"
742627;1663115;2025-12-30;"ter�a-feira";"10:40:00";"MT";163;873;"SINOP";"Sim";"Ultrapassagem Indevida";2;"Sa�da de leito carro��vel";"Com V�timas Feridas";"Pleno dia";"Crescente";"C�u Claro";"Simples";"Reta;Aclive";"N�o";1325999;"Autom�vel";"FIAT/FASTBACK LIMITED ED/FASTBACK LIMITED ED";2025;"Condutor";"Les�es Leves";44;"Masculino";0;1;0;0;-11,536;-55,391;"SPRF-MT";"DEL06-MT";"UOP02-DEL06-MT"
742627;1663040;2025-12-30;"ter�a-feira";"10:40:00";"MT";163;873;"SINOP";"Sim";"Ultrapassagem Indevida";1;"Colis�o frontal";"Com V�timas Feridas";"Pleno dia";"Crescente";"C�u Claro";"Simples";"Reta;Aclive";"N�o";1326000;"Autom�vel";"VW/CROSSFOX GII/CROSSFOX GII";2010;"Passageiro";"Les�es Leves";64;"Feminino";0;1;0;0;-11,536;-55,391;"SPRF-MT";"DEL06-MT";"UOP02-DEL06-MT"
742627;1663038;2025-12-30;"ter�a-feira";"10:40:00";"MT";163;873;"SINOP";"Sim";"Ultrapassagem Indevida";1;"Colis�o frontal";"Com V�timas Feridas";"Pleno dia";"Crescente";"C�u Claro";"Simples";"Reta;Aclive";"N�o";1326000;"Autom�vel";"VW/CROSSFOX GII/CROSSFOX GII";2010;"Condutor";"Les�es Graves";69;"Masculino";0;0;1;0;-11,536;-55,391;"SPRF-MT";"DEL06-MT";"UOP02-DEL06-MT"
742627;1665687;2025-12-30;"ter�a-feira";"10:40:00";"MT";163;873;"SINOP";"Sim";"Ultrapassagem Indevida";1;"Colis�o frontal";"Com V�timas Feridas";"Pleno dia";"Crescente";"C�u Claro";"Simples";"Reta;Aclive";"N�o";1325999;"Autom�vel";"FIAT/FASTBACK LIMITED ED/FASTBACK LIMITED ED";2025;"Passageiro";"N�o Informado";NA;"N�o Informado";0;0;0;0;-11,536;-55,391;"SPRF-MT";"DEL06-MT";"UOP02-DEL06-MT"
742627;1665686;2025-12-30;"ter�a-feira";"10:40:00";"MT";163;873;"SINOP";"Sim";"Ultrapassagem Indevida";1;"Colis�o frontal";"Com V�timas Feridas";"Pleno dia";"Crescente";"C�u Claro";"Simples";"Reta;Aclive";"N�o";1325999;"Autom�vel";"FIAT/FASTBACK LIMITED ED/FASTBACK LIMITED ED";2025;"Passageiro";"N�o Informado";NA;"N�o Informado";0;0;0;0;-11,536;-55,391;"SPRF-MT";"DEL06-MT";"UOP02-DEL06-MT"
742627;1663115;2025-12-30;"ter�a-feira";"10:40:00";"MT";163;873;"SINOP";"Sim";"Ultrapassagem Indevida";1;"Colis�o frontal";"Com V�timas Feridas";"Pleno dia";"Crescente";"C�u Claro";"Simples";"Reta;Aclive";"N�o";1325999;"Autom�vel";"FIAT/FASTBACK LIMITED ED/FASTBACK LIMITED ED";2025;"Condutor";"Les�es Leves";44;"Masculino";0;1;0;0;-11,536;-55,391;"SPRF-MT";"DEL06-MT";"UOP02-DEL06-MT"
742628;1663097;2025-12-30;"ter�a-feira";"17:54:00";"MG";381;592,4;"CARMOPOLIS DE MINAS";"N�o";"Avarias e/ou desgaste excessivo no pneu";3;"Capotamento";"Com V�timas Feridas";"Anoitecer";"Decrescente";"Nublado";"Dupla";"Declive;Curva";"N�o";1326033;"Autom�vel";"VW/GOL 16V/GOL 16V";1999;"Condutor";"Les�es Graves";32;"Masculino";0;0;1;0;-20,560794;-44,663887;"SPRF-MG";"DEL04-MG";"UOP01-DEL04-MG"
742628;1663098;2025-12-30;"ter�a-feira";"17:54:00";"MG";381;592,4;"CARMOPOLIS DE MINAS";"N�o";"Avarias e/ou desgaste excessivo no pneu";3;"Capotamento";"Com V�timas Feridas";"Anoitecer";"Decrescente";"Nublado";"Dupla";"Declive;Curva";"N�o";1326033;"Autom�vel";"VW/GOL 16V/GOL 16V";1999;"Passageiro";"Les�es Leves";26;"Masculino";0;1;0;0;-20,560794;-44,663887;"SPRF-MG";"DEL04-MG";"UOP01-DEL04-MG"
742628;1663097;2025-12-30;"ter�a-feira";"17:54:00";"MG";381;592,4;"CARMOPOLIS DE MINAS";"N�o";"Avarias e/ou desgaste excessivo no pneu";2;"Colis�o com objeto";"Com V�timas Feridas";"Anoitecer";"Decrescente";"Nublado";"Dupla";"Declive;Curva";"N�o";1326033;"Autom�vel";"VW/GOL 16V/GOL 16V";1999;"Condutor";"Les�es Graves";32;"Masculino";0;0;1;0;-20,560794;-44,663887;"SPRF-MG";"DEL04-MG";"UOP01-DEL04-MG"
742628;1663098;2025-12-30;"ter�a-feira";"17:54:00";"MG";381;592,4;"CARMOPOLIS DE MINAS";"N�o";"Avarias e/ou desgaste excessivo no pneu";2;"Colis�o com objeto";"Com V�timas Feridas";"Anoitecer";"Decrescente";"Nublado";"Dupla";"Declive;Curva";"N�o";1326033;"Autom�vel";"VW/GOL 16V/GOL 16V";1999;"Passageiro";"Les�es Leves";26;"Masculino";0;1;0;0;-20,560794;-44,663887;"SPRF-MG";"DEL04-MG";"UOP01-DEL04-MG"
742628;1663097;2025-12-30;"ter�a-feira";"17:54:00";"MG";381;592,4;"CARMOPOLIS DE MINAS";"N�o";"Avarias e/ou desgaste excessivo no pneu";1;"Sa�da de leito carro��vel";"Com V�timas Feridas";"Anoitecer";"Decrescente";"Nublado";"Dupla";"Declive;Curva";"N�o";1326033;"Autom�vel";"VW/GOL 16V/GOL 16V";1999;"Condutor";"Les�es Graves";32;"Masculino";0;0;1;0;-20,560794;-44,663887;"SPRF-MG";"DEL04-MG";"UOP01-DEL04-MG"
742628;1663098;2025-12-30;"ter�a-feira";"17:54:00";"MG";381;592,4;"CARMOPOLIS DE MINAS";"N�o";"Avarias e/ou desgaste excessivo no pneu";1;"Sa�da de leito carro��vel";"Com V�timas Feridas";"Anoitecer";"Decrescente";"Nublado";"Dupla";"Declive;Curva";"N�o";1326033;"Autom�vel";"VW/GOL 16V/GOL 16V";1999;"Passageiro";"Les�es Leves";26;"Masculino";0;1;0;0;-20,560794;-44,663887;"SPRF-MG";"DEL04-MG";"UOP01-DEL04-MG"
742628;1663097;2025-12-30;"ter�a-feira";"17:54:00";"MG";381;592,4;"CARMOPOLIS DE MINAS";"Sim";"Aus�ncia de rea��o do condutor";3;"Capotamento";"Com V�timas Feridas";"Anoitecer";"Decrescente";"Nublado";"Dupla";"Declive;Curva";"N�o";1326033;"Autom�vel";"VW/GOL 16V/GOL 16V";1999;"Condutor";"Les�es Graves";32;"Masculino";0;0;1;0;-20,560794;-44,663887;"SPRF-MG";"DEL04-MG";"UOP01-DEL04-MG"
742628;1663098;2025-12-30;"ter�a-feira";"17:54:00";"MG";381;592,4;"CARMOPOLIS DE MINAS";"Sim";"Aus�ncia de rea��o do condutor";3;"Capotamento";"Com V�timas Feridas";"Anoitecer";"Decrescente";"Nublado";"Dupla";"Declive;Curva";"N�o";1326033;"Autom�vel";"VW/GOL 16V/GOL 16V";1999;"Passageiro";"Les�es Leves";26;"Masculino";0;1;0;0;-20,560794;-44,663887;"SPRF-MG";"DEL04-MG";"UOP01-DEL04-MG"
742628;1663097;2025-12-30;"ter�a-feira";"17:54:00";"MG";381;592,4;"CARMOPOLIS DE MINAS";"Sim";"Aus�ncia de rea��o do condutor";2;"Colis�o com objeto";"Com V�timas Feridas";"Anoitecer";"Decrescente";"Nublado";"Dupla";"Declive;Curva";"N�o";1326033;"Autom�vel";"VW/GOL 16V/GOL 16V";1999;"Condutor";"Les�es Graves";32;"Masculino";0;0;1;0;-20,560794;-44,663887;"SPRF-MG";"DEL04-MG";"UOP01-DEL04-MG"
742628;1663098;2025-12-30;"ter�a-feira";"17:54:00";"MG";381;592,4;"CARMOPOLIS DE MINAS";"Sim";"Aus�ncia de rea��o do condutor";2;"Colis�o com objeto";"Com V�timas Feridas";"Anoitecer";"Decrescente";"Nublado";"Dupla";"Declive;Curva";"N�o";1326033;"Autom�vel";"VW/GOL 16V/GOL 16V";1999;"Passageiro";"Les�es Leves";26;"Masculino";0;1;0;0;-20,560794;-44,663887;"SPRF-MG";"DEL04-MG";"UOP01-DEL04-MG"
742628;1663097;2025-12-30;"ter�a-feira";"17:54:00";"MG";381;592,4;"CARMOPOLIS DE MINAS";"Sim";"Aus�ncia de rea��o do condutor";1;"Sa�da de leito carro��vel";"Com V�timas Feridas";"Anoitecer";"Decrescente";"Nublado";"Dupla";"Declive;Curva";"N�o";1326033;"Autom�vel";"VW/GOL 16V/GOL 16V";1999;"Condutor";"Les�es Graves";32;"Masculino";0;0;1;0;-20,560794;-44,663887;"SPRF-MG";"DEL04-MG";"UOP01-DEL04-MG"
742628;1663098;2025-12-30;"ter�a-feira";"17:54:00";"MG";381;592,4;"CARMOPOLIS DE MINAS";"Sim";"Aus�ncia de rea��o do condutor";1;"Sa�da de leito carro��vel";"Com V�timas Feridas";"Anoitecer";"Decrescente";"Nublado";"Dupla";"Declive;Curva";"N�o";1326033;"Autom�vel";"VW/GOL 16V/GOL 16V";1999;"Passageiro";"Les�es Leves";26;"Masculino";0;1;0;0;-20,560794;-44,663887;"SPRF-MG";"DEL04-MG";"UOP01-DEL04-MG"
742629;1665012;2025-12-30;"ter�a-feira";"17:30:00";"MG";381;379;"SAO GONCALO DO RIO ABAIXO";"Sim";"Velocidade Incompat�vel";1;"Colis�o frontal";"Com V�timas Feridas";"Anoitecer";"Decrescente";"Chuva";"Simples";"Curva";"N�o";1326194;"Autom�vel";"FORD/KA SE 1.0 SD B/KA SE 1.0 SD B";2017;"Passageiro";"Les�es Leves";18;"Masculino";0;1;0;0;-19,821714;-43,387856;"SPRF-MG";"DEL01-MG";"UOP01-DEL01-MG"
742629;1665009;2025-12-30;"ter�a-feira";"17:30:00";"MG";381;379;"SAO GONCALO DO RIO ABAIXO";"Sim";"Velocidade Incompat�vel";1;"Colis�o frontal";"Com V�timas Feridas";"Anoitecer";"Decrescente";"Chuva";"Simples";"Curva";"N�o";1326194;"Autom�vel";"FORD/KA SE 1.0 SD B/KA SE 1.0 SD B";2017;"Passageiro";"Les�es Leves";16;"Feminino";0;1;0;0;-19,821714;-43,387856;"SPRF-MG";"DEL01-MG";"UOP01-DEL01-MG"
742629;1665007;2025-12-30;"ter�a-feira";"17:30:00";"MG";381;379;"SAO GONCALO DO RIO ABAIXO";"Sim";"Velocidade Incompat�vel";1;"Colis�o frontal";"Com V�timas Feridas";"Anoitecer";"Decrescente";"Chuva";"Simples";"Curva";"N�o";1326194;"Autom�vel";"FORD/KA SE 1.0 SD B/KA SE 1.0 SD B";2017;"Passageiro";"Les�es Leves";1;"Feminino";0;1;0;0;-19,821714;-43,387856;"SPRF-MG";"DEL01-MG";"UOP01-DEL01-MG"
742629;1665004;2025-12-30;"ter�a-feira";"17:30:00";"MG";381;379;"SAO GONCALO DO RIO ABAIXO";"Sim";"Velocidade Incompat�vel";1;"Colis�o frontal";"Com V�timas Feridas";"Anoitecer";"Decrescente";"Chuva";"Simples";"Curva";"N�o";1326194;"Autom�vel";"FORD/KA SE 1.0 SD B/KA SE 1.0 SD B";2017;"Passageiro";"Les�es Leves";23;"Feminino";0;1;0;0;-19,821714;-43,387856;"SPRF-MG";"DEL01-MG";"UOP01-DEL01-MG"
742629;1663301;2025-12-30;"ter�a-feira";"17:30:00";"MG";381;379;"SAO GONCALO DO RIO ABAIXO";"Sim";"Velocidade Incompat�vel";1;"Colis�o frontal";"Com V�timas Feridas";"Anoitecer";"Decrescente";"Chuva";"Simples";"Curva";"N�o";1326194;"Autom�vel";"FORD/KA SE 1.0 SD B/KA SE 1.0 SD B";2017;"Condutor";"Ileso";30;"Masculino";1;0;0;0;-19,821714;-43,387856;"SPRF-MG";"DEL01-MG";"UOP01-DEL01-MG"