"id";"pesid";"data_inversa";"dia_semana";"horario";"uf";"br";"km";"municipio";"causa_principal";"causa_acidente";"ordem_tipo_acidente";"tipo_acidente";"classificacao_acidente";"fase_dia";"sentido_via";"condicao_metereologica";"tipo_pista";"tracado_via";"uso_solo";"id_veiculo";"tipo_veiculo";"marca";"ano_fabricacao_veiculo";"tipo_envolvido";"estado_fisico";"idade";"sexo";"ilesos";"feridos_leves";"feridos_graves";"mortos";"latitude";"longitude";"regional";"delegacia";"uop"
742629;1663299;2025-12-30;"ter�a-feira";"17:30:00";"MG";381;379;"SAO GONCALO DO RIO ABAIXO";"Sim";"Velocidade Incompat�vel";1;"Colis�o frontal";"Com V�timas Feridas";"Anoitecer";"Decrescente";"Chuva";"Simples";"Curva";"N�o";1326189;"Autom�vel";"FIAT/PALIO FIRE ECONOMY/PALIO FIRE ECONOMY";2010;"Condutor";"Ileso";32;"Masculino";1;0;0;0;-19,821714;-43,387856;"SPRF-MG";"DEL01-MG";"UOP01-DEL01-MG"
742630;1663082;2025-12-30;"ter�a-feira";"17:35:00";"PR";277;116;"CAMPO LARGO";"Sim";"Rea��o tardia ou ineficiente do condutor";1;"Tombamento";"Com V�timas Feridas";"Pleno dia";"Crescente";"Chuva";"Dupla";"Declive;Curva";"Sim";1326026;"Motocicleta";"YAMAHA/YZF R3 ABS/YZF R3 ABS";2016;"Condutor";"Les�es Leves";20;"Masculino";0;1;0;0;-25,437515;-49,445518;"SPRF-PR";"DEL03-PR";"UOP03-DEL03-PR"
742631;1663046;2025-12-30;"ter�a-feira";"14:04:00";"RJ";40;4,2;"COMENDADOR LEVY GASPARIAN";"Sim";"Aus�ncia de rea��o do condutor";4;"Atropelamento de Pedestre";"Com V�timas Fatais";"Pleno dia";"Decrescente";"C�u Claro";"Dupla";"Curva";"N�o";1326003;"Autom�vel";"TOYOTA/COROLLA XEI 20/COROLLA XEI 20";2023;"Passageiro";"Ileso";42;"Masculino";1;0;0;0;-22,01375817;-43,23568218;"SPRF-RJ";"DEL05-RJ";"UOP02-DEL05-RJ"
742631;1663045;2025-12-30;"ter�a-feira";"14:04:00";"RJ";40;4,2;"COMENDADOR LEVY GASPARIAN";"Sim";"Aus�ncia de rea��o do condutor";4;"Atropelamento de Pedestre";"Com V�timas Fatais";"Pleno dia";"Decrescente";"C�u Claro";"Dupla";"Curva";"N�o";1326003;"Autom�vel";"TOYOTA/COROLLA XEI 20/COROLLA XEI 20";2023;"Passageiro";"Ileso";74;"Feminino";1;0;0;0;-22,01375817;-43,23568218;"SPRF-RJ";"DEL05-RJ";"UOP02-DEL05-RJ"
742631;1663043;2025-12-30;"ter�a-feira";"14:04:00";"RJ";40;4,2;"COMENDADOR LEVY GASPARIAN";"Sim";"Aus�ncia de rea��o do condutor";4;"Atropelamento de Pedestre";"Com V�timas Fatais";"Pleno dia";"Decrescente";"C�u Claro";"Dupla";"Curva";"N�o";1326003;"Autom�vel";"TOYOTA/COROLLA XEI 20/COROLLA XEI 20";2023;"Condutor";"Ileso";72;"Masculino";1;0;0;0;-22,01375817;-43,23568218;"SPRF-RJ";"DEL05-RJ";"UOP02-DEL05-RJ"
742631;1663047;2025-12-30;"ter�a-feira";"14:04:00";"RJ";40;4,2;"COMENDADOR LEVY GASPARIAN";"Sim";"Aus�ncia de rea��o do condutor";4;"Atropelamento de Pedestre";"Com V�timas Fatais";"Pleno dia";"Decrescente";"C�u Claro";"Dupla";"Curva";"N�o";NA;NA;"NA/NA/NA";NA;"Pedestre";"�bito";45;"Masculino";0;0;0;1;-22,01375817;-43,23568218;"SPRF-RJ";"DEL05-RJ";"UOP02-DEL05-RJ"
742631;1663046;2025-12-30;"ter�a-feira";"14:04:00";"RJ";40;4,2;"COMENDADOR LEVY GASPARIAN";"Sim";"Aus�ncia de rea��o do condutor";3;"Colis�o com objeto";"Com V�timas Fatais";"Pleno dia";"Decrescente";"C�u Claro";"Dupla";"Curva";"N�o";1326003;"Autom�vel";"TOYOTA/COROLLA XEI 20/COROLLA XEI 20";2023;"Passageiro";"Ileso";42;"Masculino";1;0;0;0;-22,01375817;-43,23568218;"SPRF-RJ";"DEL05-RJ";"UOP02-DEL05-RJ"
742631;1663045;2025-12-30;"ter�a-feira";"14:04:00";"RJ";40;4,2;"COMENDADOR LEVY GASPARIAN";"Sim";"Aus�ncia de rea��o do condutor";3;"Colis�o com objeto";"Com V�timas Fatais";"Pleno dia";"Decrescente";"C�u Claro";"Dupla";"Curva";"N�o";1326003;"Autom�vel";"TOYOTA/COROLLA XEI 20/COROLLA XEI 20";2023;"Passageiro";"Ileso";74;"Feminino";1;0;0;0;-22,01375817;-43,23568218;"SPRF-RJ";"DEL05-RJ";"UOP02-DEL05-RJ"
742631;1663043;2025-12-30;"ter�a-feira";"14:04:00";"RJ";40;4,2;"COMENDADOR LEVY GASPARIAN";"Sim";"Aus�ncia de rea��o do condutor";3;"Colis�o com objeto";"Com V�timas Fatais";"Pleno dia";"Decrescente";"C�u Claro";"Dupla";"Curva";"N�o";1326003;"Autom�vel";"TOYOTA/COROLLA XEI 20/COROLLA XEI 20";2023;"Condutor";"Ileso";72;"Masculino";1;0;0;0;-22,01375817;-43,23568218;"SPRF-RJ";"DEL05-RJ";"UOP02-DEL05-RJ"
742631;1663047;2025-12-30;"ter�a-feira";"14:04:00";"RJ";40;4,2;"COMENDADOR LEVY GASPARIAN";"Sim";"Aus�ncia de rea��o do condutor";3;"Colis�o com objeto";"Com V�timas Fatais";"Pleno dia";"Decrescente";"C�u Claro";"Dupla";"Curva";"N�o";NA;NA;"NA/NA/NA";NA;"Pedestre";"�bito";45;"Masculino";0;0;0;1;-22,01375817;-43,23568218;"SPRF-RJ";"DEL05-RJ";"UOP02-DEL05-RJ"
742631;1663046;2025-12-30;"ter�a-feira";"14:04:00";"RJ";40;4,2;"COMENDADOR LEVY GASPARIAN";"Sim";"Aus�ncia de rea��o do condutor";2;"Colis�o com objeto";"Com V�timas Fatais";"Pleno dia";"Decrescente";"C�u Claro";"Dupla";"Curva";"N�o";1326003;"Autom�vel";"TOYOTA/COROLLA XEI 20/COROLLA XEI 20";2023;"Passageiro";"Ileso";42;"Masculino";1;0;0;0;-22,01375817;-43,23568218;"SPRF-RJ";"DEL05-RJ";"UOP02-DEL05-RJ"
742631;1663045;2025-12-30;"ter�a-feira";"14:04:00";"RJ";40;4,2;"COMENDADOR LEVY GASPARIAN";"Sim";"Aus�ncia de rea��o do condutor";2;"Colis�o com objeto";"Com V�timas Fatais";"Pleno dia";"Decrescente";"C�u Claro";"Dupla";"Curva";"N�o";1326003;"Autom�vel";"TOYOTA/COROLLA XEI 20/COROLLA XEI 20";2023;"Passageiro";"Ileso";74;"Feminino";1;0;0;0;-22,01375817;-43,23568218;"SPRF-RJ";"DEL05-RJ";"UOP02-DEL05-RJ"
742631;1663043;2025-12-30;"ter�a-feira";"14:04:00";"RJ";40;4,2;"COMENDADOR LEVY GASPARIAN";"Sim";"Aus�ncia de rea��o do condutor";2;"Colis�o com objeto";"Com V�timas Fatais";"Pleno dia";"Decrescente";"C�u Claro";"Dupla";"Curva";"N�o";1326003;"Autom�vel";"TOYOTA/COROLLA XEI 20/COROLLA XEI 20";2023;"Condutor";"Ileso";72;"Masculino";1;0;0;0;-22,01375817;-43,23568218;"SPRF-RJ";"DEL05-RJ";"UOP02-DEL05-RJ"
742631;1663047;2025-12-30;"ter�a-feira";"14:04:00";"RJ";40;4,2;"COMENDADOR LEVY GASPARIAN";"Sim";"Aus�ncia de rea��o do condutor";2;"Colis�o com objeto";"Com V�timas Fatais";"Pleno dia";"Decrescente";"C�u Claro";"Dupla";"Curva";"N�o";NA;NA;"NA/NA/NA";NA;"Pedestre";"�bito";45;"Masculino";0;0;0;1;-22,01375817;-43,23568218;"SPRF-RJ";"DEL05-RJ";"UOP02-DEL05-RJ"
742631;1663046;2025-12-30;"ter�a-feira";"14:04:00";"RJ";40;4,2;"COMENDADOR LEVY GASPARIAN";"Sim";"Aus�ncia de rea��o do condutor";1;"Sa�da de leito carro��vel";"Com V�timas Fatais";"Pleno dia";"Decrescente";"C�u Claro";"Dupla";"Curva";"N�o";1326003;"Autom�vel";"TOYOTA/COROLLA XEI 20/COROLLA XEI 20";2023;"Passageiro";"Ileso";42;"Masculino";1;0;0;0;-22,01375817;-43,23568218;"SPRF-RJ";"DEL05-RJ";"UOP02-DEL05-RJ"
742631;1663045;2025-12-30;"ter�a-feira";"14:04:00";"RJ";40;4,2;"COMENDADOR LEVY GASPARIAN";"Sim";"Aus�ncia de rea��o do condutor";1;"Sa�da de leito carro��vel";"Com V�timas Fatais";"Pleno dia";"Decrescente";"C�u Claro";"Dupla";"Curva";"N�o";1326003;"Autom�vel";"TOYOTA/COROLLA XEI 20/COROLLA XEI 20";2023;"Passageiro";"Ileso";74;"Feminino";1;0;0;0;-22,01375817;-43,23568218;"SPRF-RJ";"DEL05-RJ";"UOP02-DEL05-RJ"
742631;1663043;2025-12-30;"ter�a-feira";"14:04:00";"RJ";40;4,2;"COMENDADOR LEVY GASPARIAN";"Sim";"Aus�ncia de rea��o do condutor";1;"Sa�da de leito carro��vel";"Com V�timas Fatais";"Pleno dia";"Decrescente";"C�u Claro";"Dupla";"Curva";"N�o";1326003;"Autom�vel";"TOYOTA/COROLLA XEI 20/COROLLA XEI 20";2023;"Condutor";"Ileso";72;"Masculino";1;0;0;0;-22,01375817;-43,23568218;"SPRF-RJ";"DEL05-RJ";"UOP02-DEL05-RJ"
742631;1663047;2025-12-30;"ter�a-feira";"14:04:00";"RJ";40;4,2;"COMENDADOR LEVY GASPARIAN";"Sim";"Aus�ncia de rea��o do condutor";1;"Sa�da de leito carro��vel";"Com V�timas Fatais";"Pleno dia";"Decrescente";"C�u Claro";"Dupla";"Curva";"N�o";NA;NA;"NA/NA/NA";NA;"Pedestre";"�bito";45;"Masculino";0;0;0;1;-22,01375817;-43,23568218;"SPRF-RJ";"DEL05-RJ";"UOP02-DEL05-RJ"
742632;1663096;2025-12-30;"ter�a-feira";"18:30:00";"ES";101;285;"CARIACICA";"Sim";"Transitar no Acostamento";1;"Colis�o lateral mesmo sentido";"Com V�timas Feridas";"Anoitecer";"Crescente";"C�u Claro";"Dupla";"Retorno Regulamentado;Aclive;Reta";"Sim";1326020;"Motocicleta";"YAMAHA/FAZER YS250/FAZER YS250";2007;"Condutor";"Les�es Graves";31;"Masculino";0;0;1;0;-20,2519082;-40,3732453;"SPRF-ES";"DEL01-ES";"UOP01-DEL01-ES"
742632;1663099;2025-12-30;"ter�a-feira";"18:30:00";"ES";101;285;"CARIACICA";"Sim";"Transitar no Acostamento";1;"Colis�o lateral mesmo sentido";"Com V�timas Feridas";"Anoitecer";"Crescente";"C�u Claro";"Dupla";"Retorno Regulamentado;Aclive;Reta";"Sim";1326032;"Autom�vel";"HYUNDAI/HB20 10M SENSE/HB20 10M SENSE";2021;"Condutor";"Ileso";34;"Masculino";1;0;0;0;-20,2519082;-40,3732453;"SPRF-ES";"DEL01-ES";"UOP01-DEL01-ES"
742633;1663111;2025-12-30;"ter�a-feira";"16:50:00";"SP";153;174;"GUAICARA";"N�o";"Acessar a via sem observar a presen�a dos outros ve�culos";1;"Colis�o transversal";"Com V�timas Feridas";"Pleno dia";"Decrescente";"C�u Claro";"Simples";"Reta;Rotat�ria";"Sim";1326041;"Caminh�o-trator";"VOLVO/FH 460 6X2T/FH 460 6X2T";2024;"Condutor";"Ileso";67;"Masculino";1;0;0;0;-21,63276123;-49,78773085;"SPRF-SP";"DEL07-SP";"UOP01-DEL07-SP"
742633;1663109;2025-12-30;"ter�a-feira";"16:50:00";"SP";153;174;"GUAICARA";"N�o";"Acessar a via sem observar a presen�a dos outros ve�culos";1;"Colis�o transversal";"Com V�timas Feridas";"Pleno dia";"Decrescente";"C�u Claro";"Simples";"Reta;Rotat�ria";"Sim";1326040;"Autom�vel";"CHEV/ONIX JOY/ONIX JOY";2019;"Condutor";"Les�es Leves";48;"Feminino";0;1;0;0;-21,63276123;-49,78773085;"SPRF-SP";"DEL07-SP";"UOP01-DEL07-SP"
742633;NA;2025-12-30;"ter�a-feira";"16:50:00";"SP";153;174;"GUAICARA";"N�o";"Acessar a via sem observar a presen�a dos outros ve�culos";1;"Colis�o transversal";"Com V�timas Feridas";"Pleno dia";"Decrescente";"C�u Claro";"Simples";"Reta;Rotat�ria";"Sim";1326044;"Semireboque";"SR/RANDONSP SRFG CG/RANDONSP SRFG CG";2014;NA;NA;NA;NA;NA;NA;NA;NA;-21,63276123;-49,78773085;"SPRF-SP";"DEL07-SP";"UOP01-DEL07-SP"
742633;1663111;2025-12-30;"ter�a-feira";"16:50:00";"SP";153;174;"GUAICARA";"Sim";"Aus�ncia de rea��o do condutor";1;"Colis�o transversal";"Com V�timas Feridas";"Pleno dia";"Decrescente";"C�u Claro";"Simples";"Reta;Rotat�ria";"Sim";1326041;"Caminh�o-trator";"VOLVO/FH 460 6X2T/FH 460 6X2T";2024;"Condutor";"Ileso";67;"Masculino";1;0;0;0;-21,63276123;-49,78773085;"SPRF-SP";"DEL07-SP";"UOP01-DEL07-SP"
742633;1663109;2025-12-30;"ter�a-feira";"16:50:00";"SP";153;174;"GUAICARA";"Sim";"Aus�ncia de rea��o do condutor";1;"Colis�o transversal";"Com V�timas Feridas";"Pleno dia";"Decrescente";"C�u Claro";"Simples";"Reta;Rotat�ria";"Sim";1326040;"Autom�vel";"CHEV/ONIX JOY/ONIX JOY";2019;"Condutor";"Les�es Leves";48;"Feminino";0;1;0;0;-21,63276123;-49,78773085;"SPRF-SP";"DEL07-SP";"UOP01-DEL07-SP"
742633;NA;2025-12-30;"ter�a-feira";"16:50:00";"SP";153;174;"GUAICARA";"Sim";"Aus�ncia de rea��o do condutor";1;"Colis�o transversal";"Com V�timas Feridas";"Pleno dia";"Decrescente";"C�u Claro";"Simples";"Reta;Rotat�ria";"Sim";1326044;"Semireboque";"SR/RANDONSP SRFG CG/RANDONSP SRFG CG";2014;NA;NA;NA;NA;NA;NA;NA;NA;-21,63276123;-49,78773085;"SPRF-SP";"DEL07-SP";"UOP01-DEL07-SP"
742634;1663183;2025-12-30;"ter�a-feira";"16:00:00";"GO";40;46;"LUZIANIA";"Sim";"Demais Fen�menos da natureza";1;"Eventos at�picos";"Com V�timas Fatais";"Pleno dia";"Crescente";"Chuva";"Simples";"Reta";"N�o";1326087;"Autom�vel";"HYUNDAI/HB2010TA FE.PLAT/HB2010TA FE.PLAT";2024;"Passageiro";"Les�es Graves";59;"Masculino";0;0;1;0;-16,412732;-47,823844;"SPRF-DF";"DEL01-DF";"UOP02-DEL01-DF"
742634;1663185;2025-12-30;"ter�a-feira";"16:00:00";"GO";40;46;"LUZIANIA";"Sim";"Demais Fen�menos da natureza";1;"Eventos at�picos";"Com V�timas Fatais";"Pleno dia";"Crescente";"Chuva";"Simples";"Reta";"N�o";1326087;"Autom�vel";"HYUNDAI/HB2010TA FE.PLAT/HB2010TA FE.PLAT";2024;"Condutor";"�bito";65;"Masculino";0;0;0;1;-16,412732;-47,823844;"SPRF-DF";"DEL01-DF";"UOP02-DEL01-DF"
742635;1663063;2025-12-30;"ter�a-feira";"18:10:00";"SC";101;135,5;"BALNEARIO CAMBORIU";"Sim";"Acessar a via sem observar a presen�a dos outros ve�culos";1;"Colis�o lateral mesmo sentido";"Com V�timas Feridas";"Pleno dia";"Crescente";"Garoa/Chuvisco";"Dupla";"Reta";"Sim";1326013;"Utilit�rio";"I/TOYOTA HILUX SWDMDA4JD/TOYOTA HILUX SWDMDA4JD";2018;"Condutor";"Ileso";50;"Feminino";1;0;0;0;-27,00621999;-48,62377167;"SPRF-SC";"DEL04-SC";"UOP03-DEL04-SC"
742635;1663065;2025-12-30;"ter�a-feira";"18:10:00";"SC";101;135,5;"BALNEARIO CAMBORIU";"Sim";"Acessar a via sem observar a presen�a dos outros ve�culos";1;"Colis�o lateral mesmo sentido";"Com V�timas Feridas";"Pleno dia";"Crescente";"Garoa/Chuvisco";"Dupla";"Reta";"Sim";1326014;"Motocicleta";"MOTTU/SPORT 110I/SPORT 110I";2025;"Condutor";"Les�es Leves";26;"Masculino";0;1;0;0;-27,00621999;-48,62377167;"SPRF-SC";"DEL04-SC";"UOP03-DEL04-SC"
742636;1663081;2025-12-30;"ter�a-feira";"17:30:00";"RN";304;304;"PARNAMIRIM";"Sim";"Manobra de mudan�a de faixa";3;"Queda de ocupante de ve�culo";"Com V�timas Feridas";"Anoitecer";"Crescente";"Nublado";"Dupla";"Reta";"Sim";1326024;"Motocicleta";"HONDA/NXR160 BROS ESDD/NXR160 BROS ESDD";2019;"Condutor";"Les�es Leves";27;"Masculino";0;1;0;0;-5,886213;-35,277883;"SPRF-RN";"DEL01-RN";"UOP02-DEL01-RN"
742636;1663080;2025-12-30;"ter�a-feira";"17:30:00";"RN";304;304;"PARNAMIRIM";"Sim";"Manobra de mudan�a de faixa";3;"Queda de ocupante de ve�culo";"Com V�timas Feridas";"Anoitecer";"Crescente";"Nublado";"Dupla";"Reta";"Sim";1326025;"Caminhonete";"I/FORD RANGER XL 13D/FORD RANGER XL 13D";2000;"Condutor";"Ileso";39;"Masculino";1;0;0;0;-5,886213;-35,277883;"SPRF-RN";"DEL01-RN";"UOP02-DEL01-RN"
742636;1663081;2025-12-30;"ter�a-feira";"17:30:00";"RN";304;304;"PARNAMIRIM";"Sim";"Manobra de mudan�a de faixa";2;"Tombamento";"Com V�timas Feridas";"Anoitecer";"Crescente";"Nublado";"Dupla";"Reta";"Sim";1326024;"Motocicleta";"HONDA/NXR160 BROS ESDD/NXR160 BROS ESDD";2019;"Condutor";"Les�es Leves";27;"Masculino";0;1;0;0;-5,886213;-35,277883;"SPRF-RN";"DEL01-RN";"UOP02-DEL01-RN"
742636;1663080;2025-12-30;"ter�a-feira";"17:30:00";"RN";304;304;"PARNAMIRIM";"Sim";"Manobra de mudan�a de faixa";2;"Tombamento";"Com V�timas Feridas";"Anoitecer";"Crescente";"Nublado";"Dupla";"Reta";"Sim";1326025;"Caminhonete";"I/FORD RANGER XL 13D/FORD RANGER XL 13D";2000;"Condutor";"Ileso";39;"Masculino";1;0;0;0;-5,886213;-35,277883;"SPRF-RN";"DEL01-RN";"UOP02-DEL01-RN"
742636;1663081;2025-12-30;"ter�a-feira";"17:30:00";"RN";304;304;"PARNAMIRIM";"Sim";"Manobra de mudan�a de faixa";1;"Colis�o lateral mesmo sentido";"Com V�timas Feridas";"Anoitecer";"Crescente";"Nublado";"Dupla";"Reta";"Sim";1326024;"Motocicleta";"HONDA/NXR160 BROS ESDD/NXR160 BROS ESDD";2019;"Condutor";"Les�es Leves";27;"Masculino";0;1;0;0;-5,886213;-35,277883;"SPRF-RN";"DEL01-RN";"UOP02-DEL01-RN"
742636;1663080;2025-12-30;"ter�a-feira";"17:30:00";"RN";304;304;"PARNAMIRIM";"Sim";"Manobra de mudan�a de faixa";1;"Colis�o lateral mesmo sentido";"Com V�timas Feridas";"Anoitecer";"Crescente";"Nublado";"Dupla";"Reta";"Sim";1326025;"Caminhonete";"I/FORD RANGER XL 13D/FORD RANGER XL 13D";2000;"Condutor";"Ileso";39;"Masculino";1;0;0;0;-5,886213;-35,277883;"SPRF-RN";"DEL01-RN";"UOP02-DEL01-RN"
742637;1663186;2025-12-30;"ter�a-feira";"17:30:00";"RJ";356;148,5;"CAMPOS DOS GOYTACAZES";"Sim";"Condutor deixou de manter dist�ncia do ve�culo da frente";1;"Colis�o traseira";"Com V�timas Feridas";"Pleno dia";"Decrescente";"C�u Claro";"Simples";"Reta";"Sim";1326089;"Motoneta";"HONDA/BIZ 125/BIZ 125";2024;"Passageiro";"Les�es Graves";44;"Feminino";0;0;1;0;-21,772246;-41,281203;"SPRF-RJ";"DEL08-RJ";"UOP02-DEL08-RJ"
742637;1663184;2025-12-30;"ter�a-feira";"17:30:00";"RJ";356;148,5;"CAMPOS DOS GOYTACAZES";"Sim";"Condutor deixou de manter dist�ncia do ve�culo da frente";1;"Colis�o traseira";"Com V�timas Feridas";"Pleno dia";"Decrescente";"C�u Claro";"Simples";"Reta";"Sim";1326089;"Motoneta";"HONDA/BIZ 125/BIZ 125";2024;"Condutor";"Les�es Graves";25;"Feminino";0;0;1;0;-21,772246;-41,281203;"SPRF-RJ";"DEL08-RJ";"UOP02-DEL08-RJ"
742637;1663180;2025-12-30;"ter�a-feira";"17:30:00";"RJ";356;148,5;"CAMPOS DOS GOYTACAZES";"Sim";"Condutor deixou de manter dist�ncia do ve�culo da frente";1;"Colis�o traseira";"Com V�timas Feridas";"Pleno dia";"Decrescente";"C�u Claro";"Simples";"Reta";"Sim";1326088;"Autom�vel";"CHEVROLET/CRUZE LT HB/CRUZE LT HB";2015;"Condutor";"Ileso";42;"Masculino";1;0;0;0;-21,772246;-41,281203;"SPRF-RJ";"DEL08-RJ";"UOP02-DEL08-RJ"
742638;1663146;2025-12-30;"ter�a-feira";"17:20:00";"RO";364;711;"PORTO VELHO";"Sim";"Demais falhas mec�nicas ou el�tricas";1;"Tombamento";"Com V�timas Feridas";"Pleno dia";"Crescente";"C�u Claro";"Dupla";"Aclive;Reta";"Sim";1326062;"Motoneta";"HONDA/BIZ 110I/BIZ 110I";2024;"Passageiro";"Les�es Leves";26;"Feminino";0;1;0;0;-8,778906;-63,86991;"SPRF-RO";"DEL01-RO";"UOP01-DEL01-RO"
742638;1663145;2025-12-30;"ter�a-feira";"17:20:00";"RO";364;711;"PORTO VELHO";"Sim";"Demais falhas mec�nicas ou el�tricas";1;"Tombamento";"Com V�timas Feridas";"Pleno dia";"Crescente";"C�u Claro";"Dupla";"Aclive;Reta";"Sim";1326062;"Motoneta";"HONDA/BIZ 110I/BIZ 110I";2024;"Condutor";"Les�es Leves";21;"Feminino";0;1;0;0;-8,778906;-63,86991;"SPRF-RO";"DEL01-RO";"UOP01-DEL01-RO"
742638;1663146;2025-12-30;"ter�a-feira";"17:20:00";"RO";364;711;"PORTO VELHO";"Sim";"Demais falhas mec�nicas ou el�tricas";2;"Queda de ocupante de ve�culo";"Com V�timas Feridas";"Pleno dia";"Crescente";"C�u Claro";"Dupla";"Aclive;Reta";"Sim";1326062;"Motoneta";"HONDA/BIZ 110I/BIZ 110I";2024;"Passageiro";"Les�es Leves";26;"Feminino";0;1;0;0;-8,778906;-63,86991;"SPRF-RO";"DEL01-RO";"UOP01-DEL01-RO"
742638;1663145;2025-12-30;"ter�a-feira";"17:20:00";"RO";364;711;"PORTO VELHO";"Sim";"Demais falhas mec�nicas ou el�tricas";2;"Queda de ocupante de ve�culo";"Com V�timas Feridas";"Pleno dia";"Crescente";"C�u Claro";"Dupla";"Aclive;Reta";"Sim";1326062;"Motoneta";"HONDA/BIZ 110I/BIZ 110I";2024;"Condutor";"Les�es Leves";21;"Feminino";0;1;0;0;-8,778906;-63,86991;"SPRF-RO";"DEL01-RO";"UOP01-DEL01-RO"
742640;1663078;2025-12-30;"ter�a-feira";"18:15:00";"PR";277;653;"MATELANDIA";"Sim";"Condutor deixou de manter dist�ncia do ve�culo da frente";1;"Colis�o traseira";"Com V�timas Feridas";"Anoitecer";"Decrescente";"Chuva";"Simples";"Reta";"Sim";1326022;"Caminhonete";"FIAT/TORO ENDURANCE ATD4/TORO ENDURANCE ATD4";2020;"Condutor";"Ileso";28;"Masculino";1;0;0;0;-25,20076;-53,946426;"SPRF-PR";"DEL05-PR";"UOP02-DEL05-PR"
742640;1663077;2025-12-30;"ter�a-feira";"18:15:00";"PR";277;653;"MATELANDIA";"Sim";"Condutor deixou de manter dist�ncia do ve�culo da frente";1;"Colis�o traseira";"Com V�timas Feridas";"Anoitecer";"Decrescente";"Chuva";"Simples";"Reta";"Sim";1326021;"Motocicleta";"HONDA/XRE 300 ABS/XRE 300 ABS";2019;"Condutor";"Les�es Leves";43;"Masculino";0;1;0;0;-25,20076;-53,946426;"SPRF-PR";"DEL05-PR";"UOP02-DEL05-PR"
742641;1663092;2025-12-30;"ter�a-feira";"10:56:00";"MA";230;202;"SAO DOMINGOS DO AZEITAO";"Sim";"Transitar na contram�o";2;"Capotamento";"Com V�timas Feridas";"Pleno dia";"Decrescente";"C�u Claro";"Simples";"Reta";"N�o";1326027;"Autom�vel";"FIAT/SIENA ATTRACTIV 1.4/SIENA ATTRACTIV 1.4";2017;"Passageiro";"Ileso";23;"Masculino";1;0;0;0;-6,824;-44,539;"SPRF-MA";"DEL05-MA";"UOP01-DEL05-MA"
742641;1663090;2025-12-30;"ter�a-feira";"10:56:00";"MA";230;202;"SAO DOMINGOS DO AZEITAO";"Sim";"Transitar na contram�o";2;"Capotamento";"Com V�timas Feridas";"Pleno dia";"Decrescente";"C�u Claro";"Simples";"Reta";"N�o";1326027;"Autom�vel";"FIAT/SIENA ATTRACTIV 1.4/SIENA ATTRACTIV 1.4";2017;"Passageiro";"Les�es Leves";46;"Feminino";0;1;0;0;-6,824;-44,539;"SPRF-MA";"DEL05-MA";"UOP01-DEL05-MA"
742641;1663089;2025-12-30;"ter�a-feira";"10:56:00";"MA";230;202;"SAO DOMINGOS DO AZEITAO";"Sim";"Transitar na contram�o";2;"Capotamento";"Com V�timas Feridas";"Pleno dia";"Decrescente";"C�u Claro";"Simples";"Reta";"N�o";1326027;"Autom�vel";"FIAT/SIENA ATTRACTIV 1.4/SIENA ATTRACTIV 1.4";2017;"Passageiro";"Les�es Leves";69;"Masculino";0;1;0;0;-6,824;-44,539;"SPRF-MA";"DEL05-MA";"UOP01-DEL05-MA"
742641;1663088;2025-12-30;"ter�a-feira";"10:56:00";"MA";230;202;"SAO DOMINGOS DO AZEITAO";"Sim";"Transitar na contram�o";2;"Capotamento";"Com V�timas Feridas";"Pleno dia";"Decrescente";"C�u Claro";"Simples";"Reta";"N�o";1326027;"Autom�vel";"FIAT/SIENA ATTRACTIV 1.4/SIENA ATTRACTIV 1.4";2017;"Passageiro";"Les�es Leves";85;"Masculino";0;1;0;0;-6,824;-44,539;"SPRF-MA";"DEL05-MA";"UOP01-DEL05-MA"
742641;1663084;2025-12-30;"ter�a-feira";"10:56:00";"MA";230;202;"SAO DOMINGOS DO AZEITAO";"Sim";"Transitar na contram�o";2;"Capotamento";"Com V�timas Feridas";"Pleno dia";"Decrescente";"C�u Claro";"Simples";"Reta";"N�o";1326027;"Autom�vel";"FIAT/SIENA ATTRACTIV 1.4/SIENA ATTRACTIV 1.4";2017;"Condutor";"Les�es Leves";42;"Masculino";0;1;0;0;-6,824;-44,539;"SPRF-MA";"DEL05-MA";"UOP01-DEL05-MA"
742641;1663092;2025-12-30;"ter�a-feira";"10:56:00";"MA";230;202;"SAO DOMINGOS DO AZEITAO";"Sim";"Transitar na contram�o";1;"Sa�da de leito carro��vel";"Com V�timas Feridas";"Pleno dia";"Decrescente";"C�u Claro";"Simples";"Reta";"N�o";1326027;"Autom�vel";"FIAT/SIENA ATTRACTIV 1.4/SIENA ATTRACTIV 1.4";2017;"Passageiro";"Ileso";23;"Masculino";1;0;0;0;-6,824;-44,539;"SPRF-MA";"DEL05-MA";"UOP01-DEL05-MA"
742641;1663090;2025-12-30;"ter�a-feira";"10:56:00";"MA";230;202;"SAO DOMINGOS DO AZEITAO";"Sim";"Transitar na contram�o";1;"Sa�da de leito carro��vel";"Com V�timas Feridas";"Pleno dia";"Decrescente";"C�u Claro";"Simples";"Reta";"N�o";1326027;"Autom�vel";"FIAT/SIENA ATTRACTIV 1.4/SIENA ATTRACTIV 1.4";2017;"Passageiro";"Les�es Leves";46;"Feminino";0;1;0;0;-6,824;-44,539;"SPRF-MA";"DEL05-MA";"UOP01-DEL05-MA"
742641;1663089;2025-12-30;"ter�a-feira";"10:56:00";"MA";230;202;"SAO DOMINGOS DO AZEITAO";"Sim";"Transitar na contram�o";1;"Sa�da de leito carro��vel";"Com V�timas Feridas";"Pleno dia";"Decrescente";"C�u Claro";"Simples";"Reta";"N�o";1326027;"Autom�vel";"FIAT/SIENA ATTRACTIV 1.4/SIENA ATTRACTIV 1.4";2017;"Passageiro";"Les�es Leves";69;"Masculino";0;1;0;0;-6,824;-44,539;"SPRF-MA";"DEL05-MA";"UOP01-DEL05-MA"