"id";"pesid";"data_inversa";"dia_semana";"horario";"uf";"br";"km";"municipio";"causa_principal";"causa_acidente";"ordem_tipo_acidente";"tipo_acidente";"classificacao_acidente";"fase_dia";"sentido_via";"condicao_metereologica";"tipo_pista";"tracado_via";"uso_solo";"id_veiculo";"tipo_veiculo";"marca";"ano_fabricacao_veiculo";"tipo_envolvido";"estado_fisico";"idade";"sexo";"ilesos";"feridos_leves";"feridos_graves";"mortos";"latitude";"longitude";"regional";"delegacia";"uop"
742641;1663088;2025-12-30;"ter�a-feira";"10:56:00";"MA";230;202;"SAO DOMINGOS DO AZEITAO";"Sim";"Transitar na contram�o";1;"Sa�da de leito carro��vel";"Com V�timas Feridas";"Pleno dia";"Decrescente";"C�u Claro";"Simples";"Reta";"N�o";1326027;"Autom�vel";"FIAT/SIENA ATTRACTIV 1.4/SIENA ATTRACTIV 1.4";2017;"Passageiro";"Les�es Leves";85;"Masculino";0;1;0;0;-6,824;-44,539;"SPRF-MA";"DEL05-MA";"UOP01-DEL05-MA"
742641;1663084;2025-12-30;"ter�a-feira";"10:56:00";"MA";230;202;"SAO DOMINGOS DO AZEITAO";"Sim";"Transitar na contram�o";1;"Sa�da de leito carro��vel";"Com V�timas Feridas";"Pleno dia";"Decrescente";"C�u Claro";"Simples";"Reta";"N�o";1326027;"Autom�vel";"FIAT/SIENA ATTRACTIV 1.4/SIENA ATTRACTIV 1.4";2017;"Condutor";"Les�es Leves";42;"Masculino";0;1;0;0;-6,824;-44,539;"SPRF-MA";"DEL05-MA";"UOP01-DEL05-MA"
742641;1663092;2025-12-30;"ter�a-feira";"10:56:00";"MA";230;202;"SAO DOMINGOS DO AZEITAO";"N�o";"Velocidade Incompat�vel";2;"Capotamento";"Com V�timas Feridas";"Pleno dia";"Decrescente";"C�u Claro";"Simples";"Reta";"N�o";1326027;"Autom�vel";"FIAT/SIENA ATTRACTIV 1.4/SIENA ATTRACTIV 1.4";2017;"Passageiro";"Ileso";23;"Masculino";1;0;0;0;-6,824;-44,539;"SPRF-MA";"DEL05-MA";"UOP01-DEL05-MA"
742641;1663090;2025-12-30;"ter�a-feira";"10:56:00";"MA";230;202;"SAO DOMINGOS DO AZEITAO";"N�o";"Velocidade Incompat�vel";2;"Capotamento";"Com V�timas Feridas";"Pleno dia";"Decrescente";"C�u Claro";"Simples";"Reta";"N�o";1326027;"Autom�vel";"FIAT/SIENA ATTRACTIV 1.4/SIENA ATTRACTIV 1.4";2017;"Passageiro";"Les�es Leves";46;"Feminino";0;1;0;0;-6,824;-44,539;"SPRF-MA";"DEL05-MA";"UOP01-DEL05-MA"
742641;1663089;2025-12-30;"ter�a-feira";"10:56:00";"MA";230;202;"SAO DOMINGOS DO AZEITAO";"N�o";"Velocidade Incompat�vel";2;"Capotamento";"Com V�timas Feridas";"Pleno dia";"Decrescente";"C�u Claro";"Simples";"Reta";"N�o";1326027;"Autom�vel";"FIAT/SIENA ATTRACTIV 1.4/SIENA ATTRACTIV 1.4";2017;"Passageiro";"Les�es Leves";69;"Masculino";0;1;0;0;-6,824;-44,539;"SPRF-MA";"DEL05-MA";"UOP01-DEL05-MA"
742641;1663088;2025-12-30;"ter�a-feira";"10:56:00";"MA";230;202;"SAO DOMINGOS DO AZEITAO";"N�o";"Velocidade Incompat�vel";2;"Capotamento";"Com V�timas Feridas";"Pleno dia";"Decrescente";"C�u Claro";"Simples";"Reta";"N�o";1326027;"Autom�vel";"FIAT/SIENA ATTRACTIV 1.4/SIENA ATTRACTIV 1.4";2017;"Passageiro";"Les�es Leves";85;"Masculino";0;1;0;0;-6,824;-44,539;"SPRF-MA";"DEL05-MA";"UOP01-DEL05-MA"
742641;1663084;2025-12-30;"ter�a-feira";"10:56:00";"MA";230;202;"SAO DOMINGOS DO AZEITAO";"N�o";"Velocidade Incompat�vel";2;"Capotamento";"Com V�timas Feridas";"Pleno dia";"Decrescente";"C�u Claro";"Simples";"Reta";"N�o";1326027;"Autom�vel";"FIAT/SIENA ATTRACTIV 1.4/SIENA ATTRACTIV 1.4";2017;"Condutor";"Les�es Leves";42;"Masculino";0;1;0;0;-6,824;-44,539;"SPRF-MA";"DEL05-MA";"UOP01-DEL05-MA"
742641;1663092;2025-12-30;"ter�a-feira";"10:56:00";"MA";230;202;"SAO DOMINGOS DO AZEITAO";"N�o";"Velocidade Incompat�vel";1;"Sa�da de leito carro��vel";"Com V�timas Feridas";"Pleno dia";"Decrescente";"C�u Claro";"Simples";"Reta";"N�o";1326027;"Autom�vel";"FIAT/SIENA ATTRACTIV 1.4/SIENA ATTRACTIV 1.4";2017;"Passageiro";"Ileso";23;"Masculino";1;0;0;0;-6,824;-44,539;"SPRF-MA";"DEL05-MA";"UOP01-DEL05-MA"
742641;1663090;2025-12-30;"ter�a-feira";"10:56:00";"MA";230;202;"SAO DOMINGOS DO AZEITAO";"N�o";"Velocidade Incompat�vel";1;"Sa�da de leito carro��vel";"Com V�timas Feridas";"Pleno dia";"Decrescente";"C�u Claro";"Simples";"Reta";"N�o";1326027;"Autom�vel";"FIAT/SIENA ATTRACTIV 1.4/SIENA ATTRACTIV 1.4";2017;"Passageiro";"Les�es Leves";46;"Feminino";0;1;0;0;-6,824;-44,539;"SPRF-MA";"DEL05-MA";"UOP01-DEL05-MA"
742641;1663089;2025-12-30;"ter�a-feira";"10:56:00";"MA";230;202;"SAO DOMINGOS DO AZEITAO";"N�o";"Velocidade Incompat�vel";1;"Sa�da de leito carro��vel";"Com V�timas Feridas";"Pleno dia";"Decrescente";"C�u Claro";"Simples";"Reta";"N�o";1326027;"Autom�vel";"FIAT/SIENA ATTRACTIV 1.4/SIENA ATTRACTIV 1.4";2017;"Passageiro";"Les�es Leves";69;"Masculino";0;1;0;0;-6,824;-44,539;"SPRF-MA";"DEL05-MA";"UOP01-DEL05-MA"
742641;1663088;2025-12-30;"ter�a-feira";"10:56:00";"MA";230;202;"SAO DOMINGOS DO AZEITAO";"N�o";"Velocidade Incompat�vel";1;"Sa�da de leito carro��vel";"Com V�timas Feridas";"Pleno dia";"Decrescente";"C�u Claro";"Simples";"Reta";"N�o";1326027;"Autom�vel";"FIAT/SIENA ATTRACTIV 1.4/SIENA ATTRACTIV 1.4";2017;"Passageiro";"Les�es Leves";85;"Masculino";0;1;0;0;-6,824;-44,539;"SPRF-MA";"DEL05-MA";"UOP01-DEL05-MA"
742641;1663084;2025-12-30;"ter�a-feira";"10:56:00";"MA";230;202;"SAO DOMINGOS DO AZEITAO";"N�o";"Velocidade Incompat�vel";1;"Sa�da de leito carro��vel";"Com V�timas Feridas";"Pleno dia";"Decrescente";"C�u Claro";"Simples";"Reta";"N�o";1326027;"Autom�vel";"FIAT/SIENA ATTRACTIV 1.4/SIENA ATTRACTIV 1.4";2017;"Condutor";"Les�es Leves";42;"Masculino";0;1;0;0;-6,824;-44,539;"SPRF-MA";"DEL05-MA";"UOP01-DEL05-MA"
742642;1663086;2025-12-30;"ter�a-feira";"18:33:00";"MG";381;167,9;"GOVERNADOR VALADARES";"Sim";"Condutor deixou de manter dist�ncia do ve�culo da frente";3;"Queda de ocupante de ve�culo";"Com V�timas Feridas";"Plena Noite";"Crescente";"C�u Claro";"Simples";"Reta";"N�o";1326029;"Camioneta";"I/OMODA 5 HEV PRESTIGE/OMODA 5 HEV PRESTIGE";2025;"Condutor";"Ileso";51;"Masculino";1;0;0;0;-19,00481912;-42,13034749;"SPRF-MG";"DEL06-MG";"UOP01-DEL06-MG"
742642;1663087;2025-12-30;"ter�a-feira";"18:33:00";"MG";381;167,9;"GOVERNADOR VALADARES";"Sim";"Condutor deixou de manter dist�ncia do ve�culo da frente";3;"Queda de ocupante de ve�culo";"Com V�timas Feridas";"Plena Noite";"Crescente";"C�u Claro";"Simples";"Reta";"N�o";1326029;"Camioneta";"I/OMODA 5 HEV PRESTIGE/OMODA 5 HEV PRESTIGE";2025;"Passageiro";"Ileso";39;"Feminino";1;0;0;0;-19,00481912;-42,13034749;"SPRF-MG";"DEL06-MG";"UOP01-DEL06-MG"
742642;1663085;2025-12-30;"ter�a-feira";"18:33:00";"MG";381;167,9;"GOVERNADOR VALADARES";"Sim";"Condutor deixou de manter dist�ncia do ve�culo da frente";3;"Queda de ocupante de ve�culo";"Com V�timas Feridas";"Plena Noite";"Crescente";"C�u Claro";"Simples";"Reta";"N�o";1326028;"Motocicleta";"HONDA/XRE 300/XRE 300";2018;"Condutor";"Les�es Leves";31;"Masculino";0;1;0;0;-19,00481912;-42,13034749;"SPRF-MG";"DEL06-MG";"UOP01-DEL06-MG"
742642;1663086;2025-12-30;"ter�a-feira";"18:33:00";"MG";381;167,9;"GOVERNADOR VALADARES";"Sim";"Condutor deixou de manter dist�ncia do ve�culo da frente";2;"Tombamento";"Com V�timas Feridas";"Plena Noite";"Crescente";"C�u Claro";"Simples";"Reta";"N�o";1326029;"Camioneta";"I/OMODA 5 HEV PRESTIGE/OMODA 5 HEV PRESTIGE";2025;"Condutor";"Ileso";51;"Masculino";1;0;0;0;-19,00481912;-42,13034749;"SPRF-MG";"DEL06-MG";"UOP01-DEL06-MG"
742642;1663087;2025-12-30;"ter�a-feira";"18:33:00";"MG";381;167,9;"GOVERNADOR VALADARES";"Sim";"Condutor deixou de manter dist�ncia do ve�culo da frente";2;"Tombamento";"Com V�timas Feridas";"Plena Noite";"Crescente";"C�u Claro";"Simples";"Reta";"N�o";1326029;"Camioneta";"I/OMODA 5 HEV PRESTIGE/OMODA 5 HEV PRESTIGE";2025;"Passageiro";"Ileso";39;"Feminino";1;0;0;0;-19,00481912;-42,13034749;"SPRF-MG";"DEL06-MG";"UOP01-DEL06-MG"
742642;1663085;2025-12-30;"ter�a-feira";"18:33:00";"MG";381;167,9;"GOVERNADOR VALADARES";"Sim";"Condutor deixou de manter dist�ncia do ve�culo da frente";2;"Tombamento";"Com V�timas Feridas";"Plena Noite";"Crescente";"C�u Claro";"Simples";"Reta";"N�o";1326028;"Motocicleta";"HONDA/XRE 300/XRE 300";2018;"Condutor";"Les�es Leves";31;"Masculino";0;1;0;0;-19,00481912;-42,13034749;"SPRF-MG";"DEL06-MG";"UOP01-DEL06-MG"
742642;1663086;2025-12-30;"ter�a-feira";"18:33:00";"MG";381;167,9;"GOVERNADOR VALADARES";"Sim";"Condutor deixou de manter dist�ncia do ve�culo da frente";1;"Colis�o traseira";"Com V�timas Feridas";"Plena Noite";"Crescente";"C�u Claro";"Simples";"Reta";"N�o";1326029;"Camioneta";"I/OMODA 5 HEV PRESTIGE/OMODA 5 HEV PRESTIGE";2025;"Condutor";"Ileso";51;"Masculino";1;0;0;0;-19,00481912;-42,13034749;"SPRF-MG";"DEL06-MG";"UOP01-DEL06-MG"
742642;1663087;2025-12-30;"ter�a-feira";"18:33:00";"MG";381;167,9;"GOVERNADOR VALADARES";"Sim";"Condutor deixou de manter dist�ncia do ve�culo da frente";1;"Colis�o traseira";"Com V�timas Feridas";"Plena Noite";"Crescente";"C�u Claro";"Simples";"Reta";"N�o";1326029;"Camioneta";"I/OMODA 5 HEV PRESTIGE/OMODA 5 HEV PRESTIGE";2025;"Passageiro";"Ileso";39;"Feminino";1;0;0;0;-19,00481912;-42,13034749;"SPRF-MG";"DEL06-MG";"UOP01-DEL06-MG"
742642;1663085;2025-12-30;"ter�a-feira";"18:33:00";"MG";381;167,9;"GOVERNADOR VALADARES";"Sim";"Condutor deixou de manter dist�ncia do ve�culo da frente";1;"Colis�o traseira";"Com V�timas Feridas";"Plena Noite";"Crescente";"C�u Claro";"Simples";"Reta";"N�o";1326028;"Motocicleta";"HONDA/XRE 300/XRE 300";2018;"Condutor";"Les�es Leves";31;"Masculino";0;1;0;0;-19,00481912;-42,13034749;"SPRF-MG";"DEL06-MG";"UOP01-DEL06-MG"
742643;1663160;2025-12-30;"ter�a-feira";"17:55:00";"GO";20;129,8;"FLORES DE GOIAS";"Sim";"Pista Escorregadia";2;"Colis�o com objeto";"Com V�timas Feridas";"Anoitecer";"Decrescente";"Chuva";"Simples";"Reta";"N�o";1326073;"Autom�vel";"VW/PARATI 1.6 CITY/PARATI 1.6 CITY";2004;"Condutor";"Les�es Graves";56;"Masculino";0;0;1;0;-14,844255;-46,740206;"SPRF-DF";"DEL02-DF";"UOP03-DEL02-DF"
742643;1663160;2025-12-30;"ter�a-feira";"17:55:00";"GO";20;129,8;"FLORES DE GOIAS";"Sim";"Pista Escorregadia";1;"Sa�da de leito carro��vel";"Com V�timas Feridas";"Anoitecer";"Decrescente";"Chuva";"Simples";"Reta";"N�o";1326073;"Autom�vel";"VW/PARATI 1.6 CITY/PARATI 1.6 CITY";2004;"Condutor";"Les�es Graves";56;"Masculino";0;0;1;0;-14,844255;-46,740206;"SPRF-DF";"DEL02-DF";"UOP03-DEL02-DF"
742644;1663189;2025-12-30;"ter�a-feira";"18:00:00";"RO";364;222,7;"PIMENTA BUENO";"N�o";"Falta de elemento de conten��o que evite a sa�da do leito carro��vel";2;"Capotamento";"Com V�timas Feridas";"Anoitecer";"Decrescente";"C�u Claro";"Simples";"Reta";"N�o";1326094;"Caminhonete";"FIAT/STRADA WORKING CD/STRADA WORKING CD";2011;"Condutor";"Les�es Leves";62;"Feminino";0;1;0;0;-11,520873;-61,34542;"SPRF-RO";"DEL02-RO";"UOP02-DEL02-RO"
742644;1663189;2025-12-30;"ter�a-feira";"18:00:00";"RO";364;222,7;"PIMENTA BUENO";"N�o";"Falta de elemento de conten��o que evite a sa�da do leito carro��vel";1;"Sa�da de leito carro��vel";"Com V�timas Feridas";"Anoitecer";"Decrescente";"C�u Claro";"Simples";"Reta";"N�o";1326094;"Caminhonete";"FIAT/STRADA WORKING CD/STRADA WORKING CD";2011;"Condutor";"Les�es Leves";62;"Feminino";0;1;0;0;-11,520873;-61,34542;"SPRF-RO";"DEL02-RO";"UOP02-DEL02-RO"
742644;1663189;2025-12-30;"ter�a-feira";"18:00:00";"RO";364;222,7;"PIMENTA BUENO";"Sim";"Rea��o tardia ou ineficiente do condutor";2;"Capotamento";"Com V�timas Feridas";"Anoitecer";"Decrescente";"C�u Claro";"Simples";"Reta";"N�o";1326094;"Caminhonete";"FIAT/STRADA WORKING CD/STRADA WORKING CD";2011;"Condutor";"Les�es Leves";62;"Feminino";0;1;0;0;-11,520873;-61,34542;"SPRF-RO";"DEL02-RO";"UOP02-DEL02-RO"
742644;1663189;2025-12-30;"ter�a-feira";"18:00:00";"RO";364;222,7;"PIMENTA BUENO";"Sim";"Rea��o tardia ou ineficiente do condutor";1;"Sa�da de leito carro��vel";"Com V�timas Feridas";"Anoitecer";"Decrescente";"C�u Claro";"Simples";"Reta";"N�o";1326094;"Caminhonete";"FIAT/STRADA WORKING CD/STRADA WORKING CD";2011;"Condutor";"Les�es Leves";62;"Feminino";0;1;0;0;-11,520873;-61,34542;"SPRF-RO";"DEL02-RO";"UOP02-DEL02-RO"
742645;1668390;2025-12-30;"ter�a-feira";"19:05:00";"PE";101;70;"RECIFE";"Sim";"Aus�ncia de rea��o do condutor";1;"Inc�ndio";"Sem V�timas";"Plena Noite";"Crescente";"C�u Claro";"Dupla";"Reta";"N�o";1329445;"Autom�vel";"N�o Informado/N�o Informado/N�o Informado";0;"Condutor";"N�o Informado";NA;"N�o Informado";0;0;0;0;-8,07538;-34,94004;"SPRF-PE";"DEL01-PE";"UOP01-DEL01-PE"
742645;1663169;2025-12-30;"ter�a-feira";"19:05:00";"PE";101;70;"RECIFE";"Sim";"Aus�ncia de rea��o do condutor";1;"Inc�ndio";"Sem V�timas";"Plena Noite";"Crescente";"C�u Claro";"Dupla";"Reta";"N�o";1326080;"Autom�vel";"CHEV/SPIN 18L MT PREMIER/SPIN 18L MT PREMIER";2021;"Condutor";"Ileso";47;"Masculino";1;0;0;0;-8,07538;-34,94004;"SPRF-PE";"DEL01-PE";"UOP01-DEL01-PE"
742646;1663143;2025-12-30;"ter�a-feira";"19:30:00";"RS";470;223,7;"GARIBALDI";"Sim";"Rea��o tardia ou ineficiente do condutor";1;"Colis�o traseira";"Com V�timas Feridas";"Plena Noite";"Decrescente";"Nublado";"Simples";"Declive;Reta";"Sim";1326045;"Camioneta";"I/VOLVO XC90 T6 MOMENTUM/VOLVO XC90 T6 MOMENTUM";2018;"Passageiro";"Ileso";8;"Masculino";1;0;0;0;-29,22948925;-51,51638389;"SPRF-RS";"DEL06-RS";"UOP01-DEL06-RS"
742646;1663117;2025-12-30;"ter�a-feira";"19:30:00";"RS";470;223,7;"GARIBALDI";"Sim";"Rea��o tardia ou ineficiente do condutor";1;"Colis�o traseira";"Com V�timas Feridas";"Plena Noite";"Decrescente";"Nublado";"Simples";"Declive;Reta";"Sim";1326045;"Camioneta";"I/VOLVO XC90 T6 MOMENTUM/VOLVO XC90 T6 MOMENTUM";2018;"Condutor";"Ileso";41;"Masculino";1;0;0;0;-29,22948925;-51,51638389;"SPRF-RS";"DEL06-RS";"UOP01-DEL06-RS"
742646;1663116;2025-12-30;"ter�a-feira";"19:30:00";"RS";470;223,7;"GARIBALDI";"Sim";"Rea��o tardia ou ineficiente do condutor";1;"Colis�o traseira";"Com V�timas Feridas";"Plena Noite";"Decrescente";"Nublado";"Simples";"Declive;Reta";"Sim";1326046;"Autom�vel";"VW/SANTANA/SANTANA";1998;"Condutor";"Les�es Leves";36;"Masculino";0;1;0;0;-29,22948925;-51,51638389;"SPRF-RS";"DEL06-RS";"UOP01-DEL06-RS"
742647;1663100;2025-12-30;"ter�a-feira";"20:05:00";"PE";101;53;"PAULISTA";"Sim";"Aus�ncia de rea��o do condutor";2;"Tombamento";"Com V�timas Feridas";"Plena Noite";"Crescente";"C�u Claro";"Dupla";"Ponte;Declive";"Sim";1326034;"Motocicleta";"YAMAHA/YBR150 FACTOR ED/YBR150 FACTOR ED";2022;"Condutor";"Les�es Leves";56;"Masculino";0;1;0;0;-7,94381381;-34,90441773;"SPRF-PE";"DEL01-PE";"UOP02-DEL01-PE"
742647;1663100;2025-12-30;"ter�a-feira";"20:05:00";"PE";101;53;"PAULISTA";"Sim";"Aus�ncia de rea��o do condutor";1;"Queda de ocupante de ve�culo";"Com V�timas Feridas";"Plena Noite";"Crescente";"C�u Claro";"Dupla";"Ponte;Declive";"Sim";1326034;"Motocicleta";"YAMAHA/YBR150 FACTOR ED/YBR150 FACTOR ED";2022;"Condutor";"Les�es Leves";56;"Masculino";0;1;0;0;-7,94381381;-34,90441773;"SPRF-PE";"DEL01-PE";"UOP02-DEL01-PE"
742648;1664285;2025-12-30;"ter�a-feira";"17:00:00";"MG";116;638,2;"ORIZANIA";"Sim";"Chuva";1;"Colis�o com objeto";"Com V�timas Feridas";"Pleno dia";"Decrescente";"Chuva";"Simples";"Curva";"N�o";1326047;"Autom�vel";"CHEVROLET/ONIX 1.4AT ADV/ONIX 1.4AT ADV";2018;"Passageiro";"Les�es Leves";11;"Masculino";0;1;0;0;-20,52911426;-42,19969869;"SPRF-MG";"DEL07-MG";"UOP02-DEL07-MG"
742648;1663118;2025-12-30;"ter�a-feira";"17:00:00";"MG";116;638,2;"ORIZANIA";"Sim";"Chuva";1;"Colis�o com objeto";"Com V�timas Feridas";"Pleno dia";"Decrescente";"Chuva";"Simples";"Curva";"N�o";1326047;"Autom�vel";"CHEVROLET/ONIX 1.4AT ADV/ONIX 1.4AT ADV";2018;"Passageiro";"Ileso";45;"Masculino";1;0;0;0;-20,52911426;-42,19969869;"SPRF-MG";"DEL07-MG";"UOP02-DEL07-MG"
742648;1664287;2025-12-30;"ter�a-feira";"17:00:00";"MG";116;638,2;"ORIZANIA";"Sim";"Chuva";1;"Colis�o com objeto";"Com V�timas Feridas";"Pleno dia";"Decrescente";"Chuva";"Simples";"Curva";"N�o";1326047;"Autom�vel";"CHEVROLET/ONIX 1.4AT ADV/ONIX 1.4AT ADV";2018;"Passageiro";"Ileso";7;"Masculino";1;0;0;0;-20,52911426;-42,19969869;"SPRF-MG";"DEL07-MG";"UOP02-DEL07-MG"
742648;1663873;2025-12-30;"ter�a-feira";"17:00:00";"MG";116;638,2;"ORIZANIA";"Sim";"Chuva";1;"Colis�o com objeto";"Com V�timas Feridas";"Pleno dia";"Decrescente";"Chuva";"Simples";"Curva";"N�o";1326047;"Autom�vel";"CHEVROLET/ONIX 1.4AT ADV/ONIX 1.4AT ADV";2018;"Condutor";"Ileso";40;"Feminino";1;0;0;0;-20,52911426;-42,19969869;"SPRF-MG";"DEL07-MG";"UOP02-DEL07-MG"
742649;1663321;2025-12-30;"ter�a-feira";"18:40:00";"MG";381;448;"BELO HORIZONTE";"Sim";"Acesso irregular";1;"Queda de ocupante de ve�culo";"Com V�timas Feridas";"Plena Noite";"Decrescente";"C�u Claro";"Dupla";"Reta";"Sim";1326204;"Motocicleta";"HONDA/CG 125 FAN KS/CG 125 FAN KS";2011;"Condutor";"Les�es Leves";24;"Masculino";0;1;0;0;-19,844966;-43,886502;"SPRF-MG";"DEL01-MG";"UOP01-DEL01-MG"
742650;1664886;2025-12-30;"ter�a-feira";"19:55:00";"CE";304;56;"ARACATI";"Sim";"Animais na Pista";2;"Queda de ocupante de ve�culo";"Com V�timas Feridas";"Plena Noite";"Crescente";"C�u Claro";"Simples";"Reta";"N�o";1326173;"Motocicleta";"HONDA/NXR160 BROS ESDD/NXR160 BROS ESDD";2023;"Passageiro";"Les�es Leves";41;"Masculino";0;1;0;0;-4,581321;-37,717391;"SPRF-CE";"DEL03-CE";"UOP02-DEL03-CE"
742650;1663273;2025-12-30;"ter�a-feira";"19:55:00";"CE";304;56;"ARACATI";"Sim";"Animais na Pista";2;"Queda de ocupante de ve�culo";"Com V�timas Feridas";"Plena Noite";"Crescente";"C�u Claro";"Simples";"Reta";"N�o";1326173;"Motocicleta";"HONDA/NXR160 BROS ESDD/NXR160 BROS ESDD";2023;"Condutor";"Les�es Leves";56;"Masculino";0;1;0;0;-4,581321;-37,717391;"SPRF-CE";"DEL03-CE";"UOP02-DEL03-CE"
742650;1664886;2025-12-30;"ter�a-feira";"19:55:00";"CE";304;56;"ARACATI";"Sim";"Animais na Pista";1;"Atropelamento de Animal";"Com V�timas Feridas";"Plena Noite";"Crescente";"C�u Claro";"Simples";"Reta";"N�o";1326173;"Motocicleta";"HONDA/NXR160 BROS ESDD/NXR160 BROS ESDD";2023;"Passageiro";"Les�es Leves";41;"Masculino";0;1;0;0;-4,581321;-37,717391;"SPRF-CE";"DEL03-CE";"UOP02-DEL03-CE"
742650;1663273;2025-12-30;"ter�a-feira";"19:55:00";"CE";304;56;"ARACATI";"Sim";"Animais na Pista";1;"Atropelamento de Animal";"Com V�timas Feridas";"Plena Noite";"Crescente";"C�u Claro";"Simples";"Reta";"N�o";1326173;"Motocicleta";"HONDA/NXR160 BROS ESDD/NXR160 BROS ESDD";2023;"Condutor";"Les�es Leves";56;"Masculino";0;1;0;0;-4,581321;-37,717391;"SPRF-CE";"DEL03-CE";"UOP02-DEL03-CE"
742651;1663163;2025-12-30;"ter�a-feira";"20:10:00";"PB";230;12,1;"CABEDELO";"Sim";"Acumulo de areia ou detritos sobre o pavimento";2;"Queda de ocupante de ve�culo";"Com V�timas Feridas";"Pleno dia";"Decrescente";"C�u Claro";"Dupla";"Interse��o de Vias";"Sim";1326074;"Motocicleta";"HONDA/NXR150 BROS ESD/NXR150 BROS ESD";2012;"Passageiro";"Ileso";30;"Masculino";1;0;0;0;-7,07202;-34,849642;"SPRF-PB";"DEL01-PB";"UOP01-DEL01-PB"
742651;1663161;2025-12-30;"ter�a-feira";"20:10:00";"PB";230;12,1;"CABEDELO";"Sim";"Acumulo de areia ou detritos sobre o pavimento";2;"Queda de ocupante de ve�culo";"Com V�timas Feridas";"Pleno dia";"Decrescente";"C�u Claro";"Dupla";"Interse��o de Vias";"Sim";1326074;"Motocicleta";"HONDA/NXR150 BROS ESD/NXR150 BROS ESD";2012;"Condutor";"Les�es Graves";52;"Masculino";0;0;1;0;-7,07202;-34,849642;"SPRF-PB";"DEL01-PB";"UOP01-DEL01-PB"
742651;1663163;2025-12-30;"ter�a-feira";"20:10:00";"PB";230;12,1;"CABEDELO";"Sim";"Acumulo de areia ou detritos sobre o pavimento";1;"Tombamento";"Com V�timas Feridas";"Pleno dia";"Decrescente";"C�u Claro";"Dupla";"Interse��o de Vias";"Sim";1326074;"Motocicleta";"HONDA/NXR150 BROS ESD/NXR150 BROS ESD";2012;"Passageiro";"Ileso";30;"Masculino";1;0;0;0;-7,07202;-34,849642;"SPRF-PB";"DEL01-PB";"UOP01-DEL01-PB"
742651;1663161;2025-12-30;"ter�a-feira";"20:10:00";"PB";230;12,1;"CABEDELO";"Sim";"Acumulo de areia ou detritos sobre o pavimento";1;"Tombamento";"Com V�timas Feridas";"Pleno dia";"Decrescente";"C�u Claro";"Dupla";"Interse��o de Vias";"Sim";1326074;"Motocicleta";"HONDA/NXR150 BROS ESD/NXR150 BROS ESD";2012;"Condutor";"Les�es Graves";52;"Masculino";0;0;1;0;-7,07202;-34,849642;"SPRF-PB";"DEL01-PB";"UOP01-DEL01-PB"
742652;1663174;2025-12-30;"ter�a-feira";"19:50:00";"RJ";101;115;"CAMPOS DOS GOYTACAZES";"N�o";"Pedestre andava na pista";1;"Atropelamento de Pedestre";"Com V�timas Fatais";"Plena Noite";"Crescente";"Ignorado";"Dupla";"Reta";"N�o";1326064;"Camioneta";"RENAULT/DUSTER 20 D 4X2A/DUSTER 20 D 4X2A";2014;"Passageiro";"Ileso";3;"Feminino";1;0;0;0;-21,994073;-41,6633722;"SPRF-RJ";"DEL08-RJ";"UOP02-DEL08-RJ"
742652;1663173;2025-12-30;"ter�a-feira";"19:50:00";"RJ";101;115;"CAMPOS DOS GOYTACAZES";"N�o";"Pedestre andava na pista";1;"Atropelamento de Pedestre";"Com V�timas Fatais";"Plena Noite";"Crescente";"Ignorado";"Dupla";"Reta";"N�o";1326064;"Camioneta";"RENAULT/DUSTER 20 D 4X2A/DUSTER 20 D 4X2A";2014;"Passageiro";"Ileso";13;"Feminino";1;0;0;0;-21,994073;-41,6633722;"SPRF-RJ";"DEL08-RJ";"UOP02-DEL08-RJ"
742652;1663172;2025-12-30;"ter�a-feira";"19:50:00";"RJ";101;115;"CAMPOS DOS GOYTACAZES";"N�o";"Pedestre andava na pista";1;"Atropelamento de Pedestre";"Com V�timas Fatais";"Plena Noite";"Crescente";"Ignorado";"Dupla";"Reta";"N�o";1326064;"Camioneta";"RENAULT/DUSTER 20 D 4X2A/DUSTER 20 D 4X2A";2014;"Passageiro";"Ileso";32;"Feminino";1;0;0;0;-21,994073;-41,6633722;"SPRF-RJ";"DEL08-RJ";"UOP02-DEL08-RJ"
742652;1663170;2025-12-30;"ter�a-feira";"19:50:00";"RJ";101;115;"CAMPOS DOS GOYTACAZES";"N�o";"Pedestre andava na pista";1;"Atropelamento de Pedestre";"Com V�timas Fatais";"Plena Noite";"Crescente";"Ignorado";"Dupla";"Reta";"N�o";1326064;"Camioneta";"RENAULT/DUSTER 20 D 4X2A/DUSTER 20 D 4X2A";2014;"Condutor";"Les�es Leves";38;"Masculino";0;1;0;0;-21,994073;-41,6633722;"SPRF-RJ";"DEL08-RJ";"UOP02-DEL08-RJ"
742652;1663380;2025-12-30;"ter�a-feira";"19:50:00";"RJ";101;115;"CAMPOS DOS GOYTACAZES";"N�o";"Pedestre andava na pista";1;"Atropelamento de Pedestre";"Com V�timas Fatais";"Plena Noite";"Crescente";"Ignorado";"Dupla";"Reta";"N�o";NA;NA;"NA/NA/NA";NA;"Pedestre";"�bito";NA;"Masculino";0;0;0;1;-21,994073;-41,6633722;"SPRF-RJ";"DEL08-RJ";"UOP02-DEL08-RJ"