"id";"pesid";"data_inversa";"dia_semana";"horario";"uf";"br";"km";"municipio";"causa_principal";"causa_acidente";"ordem_tipo_acidente";"tipo_acidente";"classificacao_acidente";"fase_dia";"sentido_via";"condicao_metereologica";"tipo_pista";"tracado_via";"uso_solo";"id_veiculo";"tipo_veiculo";"marca";"ano_fabricacao_veiculo";"tipo_envolvido";"estado_fisico";"idade";"sexo";"ilesos";"feridos_leves";"feridos_graves";"mortos";"latitude";"longitude";"regional";"delegacia";"uop"
742652;1663174;2025-12-30;"ter�a-feira";"19:50:00";"RJ";101;115;"CAMPOS DOS GOYTACAZES";"Sim";"Suic�dio (presumido)";1;"Atropelamento de Pedestre";"Com V�timas Fatais";"Plena Noite";"Crescente";"Ignorado";"Dupla";"Reta";"N�o";1326064;"Camioneta";"RENAULT/DUSTER 20 D 4X2A/DUSTER 20 D 4X2A";2014;"Passageiro";"Ileso";3;"Feminino";1;0;0;0;-21,994073;-41,6633722;"SPRF-RJ";"DEL08-RJ";"UOP02-DEL08-RJ"
742652;1663173;2025-12-30;"ter�a-feira";"19:50:00";"RJ";101;115;"CAMPOS DOS GOYTACAZES";"Sim";"Suic�dio (presumido)";1;"Atropelamento de Pedestre";"Com V�timas Fatais";"Plena Noite";"Crescente";"Ignorado";"Dupla";"Reta";"N�o";1326064;"Camioneta";"RENAULT/DUSTER 20 D 4X2A/DUSTER 20 D 4X2A";2014;"Passageiro";"Ileso";13;"Feminino";1;0;0;0;-21,994073;-41,6633722;"SPRF-RJ";"DEL08-RJ";"UOP02-DEL08-RJ"
742652;1663172;2025-12-30;"ter�a-feira";"19:50:00";"RJ";101;115;"CAMPOS DOS GOYTACAZES";"Sim";"Suic�dio (presumido)";1;"Atropelamento de Pedestre";"Com V�timas Fatais";"Plena Noite";"Crescente";"Ignorado";"Dupla";"Reta";"N�o";1326064;"Camioneta";"RENAULT/DUSTER 20 D 4X2A/DUSTER 20 D 4X2A";2014;"Passageiro";"Ileso";32;"Feminino";1;0;0;0;-21,994073;-41,6633722;"SPRF-RJ";"DEL08-RJ";"UOP02-DEL08-RJ"
742652;1663170;2025-12-30;"ter�a-feira";"19:50:00";"RJ";101;115;"CAMPOS DOS GOYTACAZES";"Sim";"Suic�dio (presumido)";1;"Atropelamento de Pedestre";"Com V�timas Fatais";"Plena Noite";"Crescente";"Ignorado";"Dupla";"Reta";"N�o";1326064;"Camioneta";"RENAULT/DUSTER 20 D 4X2A/DUSTER 20 D 4X2A";2014;"Condutor";"Les�es Leves";38;"Masculino";0;1;0;0;-21,994073;-41,6633722;"SPRF-RJ";"DEL08-RJ";"UOP02-DEL08-RJ"
742652;1663380;2025-12-30;"ter�a-feira";"19:50:00";"RJ";101;115;"CAMPOS DOS GOYTACAZES";"Sim";"Suic�dio (presumido)";1;"Atropelamento de Pedestre";"Com V�timas Fatais";"Plena Noite";"Crescente";"Ignorado";"Dupla";"Reta";"N�o";NA;NA;"NA/NA/NA";NA;"Pedestre";"�bito";NA;"Masculino";0;0;0;1;-21,994073;-41,6633722;"SPRF-RJ";"DEL08-RJ";"UOP02-DEL08-RJ"
742653;1663147;2025-12-30;"ter�a-feira";"19:00:00";"RJ";101;49;"CAMPOS DOS GOYTACAZES";"Sim";"Pedestre cruzava a pista fora da faixa";1;"Atropelamento de Pedestre";"Com V�timas Feridas";"Plena Noite";"Crescente";"C�u Claro";"Simples";"Reta";"Sim";1326063;"Micro-�nibus";"FIAT/DUCATO MINIBUS/DUCATO MINIBUS";2013;"Condutor";"Ileso";46;"Masculino";1;0;0;0;-21,63185144;-41,31338114;"SPRF-RJ";"DEL08-RJ";"UOP01-DEL08-RJ"
742653;1663148;2025-12-30;"ter�a-feira";"19:00:00";"RJ";101;49;"CAMPOS DOS GOYTACAZES";"Sim";"Pedestre cruzava a pista fora da faixa";1;"Atropelamento de Pedestre";"Com V�timas Feridas";"Plena Noite";"Crescente";"C�u Claro";"Simples";"Reta";"Sim";NA;NA;"NA/NA/NA";NA;"Pedestre";"Les�es Graves";14;"Feminino";0;0;1;0;-21,63185144;-41,31338114;"SPRF-RJ";"DEL08-RJ";"UOP01-DEL08-RJ"
742654;1663129;2025-12-30;"ter�a-feira";"20:45:00";"PE";101;76;"JABOATAO DOS GUARARAPES";"Sim";"Acostamento em desn�vel";1;"Queda de ocupante de ve�culo";"Com V�timas Feridas";"Plena Noite";"Decrescente";"C�u Claro";"Dupla";"Curva";"Sim";1326052;"Motocicleta";"HONDA/CG 150 TITAN EX/CG 150 TITAN EX";2015;"Passageiro";"Les�es Leves";43;"Masculino";0;1;0;0;-8,21051625;-34,97557068;"SPRF-PE";"DEL01-PE";"UOP01-DEL01-PE"
742654;1663125;2025-12-30;"ter�a-feira";"20:45:00";"PE";101;76;"JABOATAO DOS GUARARAPES";"Sim";"Acostamento em desn�vel";1;"Queda de ocupante de ve�culo";"Com V�timas Feridas";"Plena Noite";"Decrescente";"C�u Claro";"Dupla";"Curva";"Sim";1326052;"Motocicleta";"HONDA/CG 150 TITAN EX/CG 150 TITAN EX";2015;"Condutor";"Les�es Leves";30;"Masculino";0;1;0;0;-8,21051625;-34,97557068;"SPRF-PE";"DEL01-PE";"UOP01-DEL01-PE"
742655;1663134;2025-12-30;"ter�a-feira";"18:40:00";"SC";282;5;"SAO JOSE";"Sim";"Pista Escorregadia";1;"Tombamento";"Com V�timas Feridas";"Anoitecer";"Crescente";"Garoa/Chuvisco";"Dupla";"Curva";"Sim";1326055;"Motocicleta";"YAMAHA/YBR150 FACTOR ED/YBR150 FACTOR ED";2021;"Condutor";"Les�es Leves";47;"Feminino";0;1;0;0;-27,58473003;-48,61749222;"SPRF-SC";"DEL01-SC";"UOP01-DEL01-SC"
742657;1663193;2025-12-30;"ter�a-feira";"19:10:00";"SC";101;122;"ITAJAI";"Sim";"Animais na Pista";1;"Atropelamento de Animal";"Com V�timas Feridas";"Anoitecer";"Crescente";"Chuva";"M�ltipla";"Reta";"N�o";1326097;"Motocicleta";"HONDA/CG150 FAN ESDI/CG150 FAN ESDI";2012;"Condutor";"Les�es Graves";44;"Masculino";0;0;1;0;-26,93477295;-48,70136261;"SPRF-SC";"DEL04-SC";"UOP04-DEL04-SC"
742659;1663178;2025-12-30;"ter�a-feira";"20:30:00";"GO";153;512,7;"APARECIDA DE GOIANIA";"Sim";"Manobra de mudan�a de faixa";2;"Colis�o com objeto";"Sem V�timas";"Plena Noite";"Decrescente";"Nublado";"Dupla";"Reta";"Sim";1326085;"Caminh�o";"FORD/CARGO 815 N/CARGO 815 N";2011;"Passageiro";"Ileso";16;"Masculino";1;0;0;0;-16,813023;-49,239753;"SPRF-GO";"DEL01-GO";"UOP03-DEL01-GO"
742659;1663177;2025-12-30;"ter�a-feira";"20:30:00";"GO";153;512,7;"APARECIDA DE GOIANIA";"Sim";"Manobra de mudan�a de faixa";2;"Colis�o com objeto";"Sem V�timas";"Plena Noite";"Decrescente";"Nublado";"Dupla";"Reta";"Sim";1326085;"Caminh�o";"FORD/CARGO 815 N/CARGO 815 N";2011;"Condutor";"Ileso";29;"Masculino";1;0;0;0;-16,813023;-49,239753;"SPRF-GO";"DEL01-GO";"UOP03-DEL01-GO"
742659;1663175;2025-12-30;"ter�a-feira";"20:30:00";"GO";153;512,7;"APARECIDA DE GOIANIA";"Sim";"Manobra de mudan�a de faixa";2;"Colis�o com objeto";"Sem V�timas";"Plena Noite";"Decrescente";"Nublado";"Dupla";"Reta";"Sim";1326084;"Autom�vel";"HYUNDAI/HB20 1.0M COMFOR/HB20 1.0M COMFOR";2018;"Condutor";"Ileso";34;"Masculino";1;0;0;0;-16,813023;-49,239753;"SPRF-GO";"DEL01-GO";"UOP03-DEL01-GO"
742659;1663176;2025-12-30;"ter�a-feira";"20:30:00";"GO";153;512,7;"APARECIDA DE GOIANIA";"Sim";"Manobra de mudan�a de faixa";2;"Colis�o com objeto";"Sem V�timas";"Plena Noite";"Decrescente";"Nublado";"Dupla";"Reta";"Sim";1326084;"Autom�vel";"HYUNDAI/HB20 1.0M COMFOR/HB20 1.0M COMFOR";2018;"Passageiro";"Ileso";6;"Feminino";1;0;0;0;-16,813023;-49,239753;"SPRF-GO";"DEL01-GO";"UOP03-DEL01-GO"
742659;1663178;2025-12-30;"ter�a-feira";"20:30:00";"GO";153;512,7;"APARECIDA DE GOIANIA";"Sim";"Manobra de mudan�a de faixa";1;"Colis�o traseira";"Sem V�timas";"Plena Noite";"Decrescente";"Nublado";"Dupla";"Reta";"Sim";1326085;"Caminh�o";"FORD/CARGO 815 N/CARGO 815 N";2011;"Passageiro";"Ileso";16;"Masculino";1;0;0;0;-16,813023;-49,239753;"SPRF-GO";"DEL01-GO";"UOP03-DEL01-GO"
742659;1663177;2025-12-30;"ter�a-feira";"20:30:00";"GO";153;512,7;"APARECIDA DE GOIANIA";"Sim";"Manobra de mudan�a de faixa";1;"Colis�o traseira";"Sem V�timas";"Plena Noite";"Decrescente";"Nublado";"Dupla";"Reta";"Sim";1326085;"Caminh�o";"FORD/CARGO 815 N/CARGO 815 N";2011;"Condutor";"Ileso";29;"Masculino";1;0;0;0;-16,813023;-49,239753;"SPRF-GO";"DEL01-GO";"UOP03-DEL01-GO"
742659;1663175;2025-12-30;"ter�a-feira";"20:30:00";"GO";153;512,7;"APARECIDA DE GOIANIA";"Sim";"Manobra de mudan�a de faixa";1;"Colis�o traseira";"Sem V�timas";"Plena Noite";"Decrescente";"Nublado";"Dupla";"Reta";"Sim";1326084;"Autom�vel";"HYUNDAI/HB20 1.0M COMFOR/HB20 1.0M COMFOR";2018;"Condutor";"Ileso";34;"Masculino";1;0;0;0;-16,813023;-49,239753;"SPRF-GO";"DEL01-GO";"UOP03-DEL01-GO"
742659;1663176;2025-12-30;"ter�a-feira";"20:30:00";"GO";153;512,7;"APARECIDA DE GOIANIA";"Sim";"Manobra de mudan�a de faixa";1;"Colis�o traseira";"Sem V�timas";"Plena Noite";"Decrescente";"Nublado";"Dupla";"Reta";"Sim";1326084;"Autom�vel";"HYUNDAI/HB20 1.0M COMFOR/HB20 1.0M COMFOR";2018;"Passageiro";"Ileso";6;"Feminino";1;0;0;0;-16,813023;-49,239753;"SPRF-GO";"DEL01-GO";"UOP03-DEL01-GO"
742660;1663225;2025-12-30;"ter�a-feira";"20:00:00";"PE";232;210,5;"PESQUEIRA";"Sim";"Transitar na contram�o";3;"Queda de ocupante de ve�culo";"Com V�timas Fatais";"Plena Noite";"Crescente";"C�u Claro";"Simples";"Declive;Reta";"Sim";1326123;"Caminh�o-trator";"SCANIA/G 420 A6X4/G 420 A6X4";2011;"Condutor";"Ileso";59;"Masculino";1;0;0;0;-8,367285;-36,702742;"SPRF-PE";"DEL03-PE";"UOP02-DEL03-PE"
742660;1663224;2025-12-30;"ter�a-feira";"20:00:00";"PE";232;210,5;"PESQUEIRA";"Sim";"Transitar na contram�o";3;"Queda de ocupante de ve�culo";"Com V�timas Fatais";"Plena Noite";"Crescente";"C�u Claro";"Simples";"Declive;Reta";"Sim";1326122;"Motocicleta";"HONDA/CG 125 FAN/CG 125 FAN";2008;"Condutor";"�bito";30;"Masculino";0;0;0;1;-8,367285;-36,702742;"SPRF-PE";"DEL03-PE";"UOP02-DEL03-PE"
742660;NA;2025-12-30;"ter�a-feira";"20:00:00";"PE";232;210,5;"PESQUEIRA";"Sim";"Transitar na contram�o";3;"Queda de ocupante de ve�culo";"Com V�timas Fatais";"Plena Noite";"Crescente";"C�u Claro";"Simples";"Declive;Reta";"Sim";1326124;"Semireboque";"SR/LIBRELATO SRCS 3E/LIBRELATO SRCS 3E";2012;NA;NA;NA;NA;NA;NA;NA;NA;-8,367285;-36,702742;"SPRF-PE";"DEL03-PE";"UOP02-DEL03-PE"
742660;1663225;2025-12-30;"ter�a-feira";"20:00:00";"PE";232;210,5;"PESQUEIRA";"Sim";"Transitar na contram�o";2;"Tombamento";"Com V�timas Fatais";"Plena Noite";"Crescente";"C�u Claro";"Simples";"Declive;Reta";"Sim";1326123;"Caminh�o-trator";"SCANIA/G 420 A6X4/G 420 A6X4";2011;"Condutor";"Ileso";59;"Masculino";1;0;0;0;-8,367285;-36,702742;"SPRF-PE";"DEL03-PE";"UOP02-DEL03-PE"
742660;1663224;2025-12-30;"ter�a-feira";"20:00:00";"PE";232;210,5;"PESQUEIRA";"Sim";"Transitar na contram�o";2;"Tombamento";"Com V�timas Fatais";"Plena Noite";"Crescente";"C�u Claro";"Simples";"Declive;Reta";"Sim";1326122;"Motocicleta";"HONDA/CG 125 FAN/CG 125 FAN";2008;"Condutor";"�bito";30;"Masculino";0;0;0;1;-8,367285;-36,702742;"SPRF-PE";"DEL03-PE";"UOP02-DEL03-PE"
742660;NA;2025-12-30;"ter�a-feira";"20:00:00";"PE";232;210,5;"PESQUEIRA";"Sim";"Transitar na contram�o";2;"Tombamento";"Com V�timas Fatais";"Plena Noite";"Crescente";"C�u Claro";"Simples";"Declive;Reta";"Sim";1326124;"Semireboque";"SR/LIBRELATO SRCS 3E/LIBRELATO SRCS 3E";2012;NA;NA;NA;NA;NA;NA;NA;NA;-8,367285;-36,702742;"SPRF-PE";"DEL03-PE";"UOP02-DEL03-PE"
742660;1663225;2025-12-30;"ter�a-feira";"20:00:00";"PE";232;210,5;"PESQUEIRA";"Sim";"Transitar na contram�o";1;"Colis�o frontal";"Com V�timas Fatais";"Plena Noite";"Crescente";"C�u Claro";"Simples";"Declive;Reta";"Sim";1326123;"Caminh�o-trator";"SCANIA/G 420 A6X4/G 420 A6X4";2011;"Condutor";"Ileso";59;"Masculino";1;0;0;0;-8,367285;-36,702742;"SPRF-PE";"DEL03-PE";"UOP02-DEL03-PE"
742660;1663224;2025-12-30;"ter�a-feira";"20:00:00";"PE";232;210,5;"PESQUEIRA";"Sim";"Transitar na contram�o";1;"Colis�o frontal";"Com V�timas Fatais";"Plena Noite";"Crescente";"C�u Claro";"Simples";"Declive;Reta";"Sim";1326122;"Motocicleta";"HONDA/CG 125 FAN/CG 125 FAN";2008;"Condutor";"�bito";30;"Masculino";0;0;0;1;-8,367285;-36,702742;"SPRF-PE";"DEL03-PE";"UOP02-DEL03-PE"
742660;NA;2025-12-30;"ter�a-feira";"20:00:00";"PE";232;210,5;"PESQUEIRA";"Sim";"Transitar na contram�o";1;"Colis�o frontal";"Com V�timas Fatais";"Plena Noite";"Crescente";"C�u Claro";"Simples";"Declive;Reta";"Sim";1326124;"Semireboque";"SR/LIBRELATO SRCS 3E/LIBRELATO SRCS 3E";2012;NA;NA;NA;NA;NA;NA;NA;NA;-8,367285;-36,702742;"SPRF-PE";"DEL03-PE";"UOP02-DEL03-PE"
742661;1663149;2025-12-30;"ter�a-feira";"17:00:00";"MG";365;157;"PIRAPORA";"Sim";"Aus�ncia de rea��o do condutor";2;"Colis�o com objeto";"Com V�timas Feridas";"Pleno dia";"Crescente";"Nublado";"Simples";"Reta";"Sim";1326065;"Autom�vel";"VW/VIRTUS HL AC/VIRTUS HL AC";2025;"Condutor";"Les�es Leves";40;"Masculino";0;1;0;0;-17,313467;-44,895432;"SPRF-MG";"DEL10-MG";"UOP02-DEL010-MG"
742661;1663149;2025-12-30;"ter�a-feira";"17:00:00";"MG";365;157;"PIRAPORA";"Sim";"Aus�ncia de rea��o do condutor";1;"Sa�da de leito carro��vel";"Com V�timas Feridas";"Pleno dia";"Crescente";"Nublado";"Simples";"Reta";"Sim";1326065;"Autom�vel";"VW/VIRTUS HL AC/VIRTUS HL AC";2025;"Condutor";"Les�es Leves";40;"Masculino";0;1;0;0;-17,313467;-44,895432;"SPRF-MG";"DEL10-MG";"UOP02-DEL010-MG"
742662;1663150;2025-12-30;"ter�a-feira";"20:30:00";"MG";40;46,5;"PARACATU";"Sim";"Ingest�o de �lcool pelo condutor";1;"Colis�o com objeto";"Sem V�timas";"Plena Noite";"Decrescente";"C�u Claro";"Simples";"Declive;Reta";"N�o";1326066;"Caminhonete";"FIAT/FIORINO FLEX/FIORINO FLEX";2009;"Condutor";"Ileso";53;"Masculino";1;0;0;0;-17,2396372;-46,83456659;"SPRF-MG";"DEL14-MG";"UOP01-DEL14-MG"
742663;1663925;2025-12-30;"ter�a-feira";"19:30:00";"PI";343;592;"FLORIANO";"N�o";"Rea��o tardia ou ineficiente do condutor";3;"Queda de ocupante de ve�culo";"Com V�timas Feridas";"Plena Noite";"Decrescente";"C�u Claro";"Dupla";"Reta";"Sim";1326067;"Autom�vel";"N�o Informado/N�o Informado/N�o Informado";0;"Condutor";"N�o Informado";NA;"N�o Informado";0;0;0;0;-6,777703;-43,032607;"SPRF-PI";"DEL03-PI";"UOP01-DEL03-PI"
742663;1663152;2025-12-30;"ter�a-feira";"19:30:00";"PI";343;592;"FLORIANO";"N�o";"Rea��o tardia ou ineficiente do condutor";3;"Queda de ocupante de ve�culo";"Com V�timas Feridas";"Plena Noite";"Decrescente";"C�u Claro";"Dupla";"Reta";"Sim";1326068;"Motocicleta";"N�o Informado/N�o Informado/N�o Informado";0;"Condutor";"Les�es Graves";45;"Masculino";0;0;1;0;-6,777703;-43,032607;"SPRF-PI";"DEL03-PI";"UOP01-DEL03-PI"
742663;1663925;2025-12-30;"ter�a-feira";"19:30:00";"PI";343;592;"FLORIANO";"N�o";"Rea��o tardia ou ineficiente do condutor";2;"Tombamento";"Com V�timas Feridas";"Plena Noite";"Decrescente";"C�u Claro";"Dupla";"Reta";"Sim";1326067;"Autom�vel";"N�o Informado/N�o Informado/N�o Informado";0;"Condutor";"N�o Informado";NA;"N�o Informado";0;0;0;0;-6,777703;-43,032607;"SPRF-PI";"DEL03-PI";"UOP01-DEL03-PI"
742663;1663152;2025-12-30;"ter�a-feira";"19:30:00";"PI";343;592;"FLORIANO";"N�o";"Rea��o tardia ou ineficiente do condutor";2;"Tombamento";"Com V�timas Feridas";"Plena Noite";"Decrescente";"C�u Claro";"Dupla";"Reta";"Sim";1326068;"Motocicleta";"N�o Informado/N�o Informado/N�o Informado";0;"Condutor";"Les�es Graves";45;"Masculino";0;0;1;0;-6,777703;-43,032607;"SPRF-PI";"DEL03-PI";"UOP01-DEL03-PI"
742663;1663925;2025-12-30;"ter�a-feira";"19:30:00";"PI";343;592;"FLORIANO";"N�o";"Rea��o tardia ou ineficiente do condutor";1;"Colis�o traseira";"Com V�timas Feridas";"Plena Noite";"Decrescente";"C�u Claro";"Dupla";"Reta";"Sim";1326067;"Autom�vel";"N�o Informado/N�o Informado/N�o Informado";0;"Condutor";"N�o Informado";NA;"N�o Informado";0;0;0;0;-6,777703;-43,032607;"SPRF-PI";"DEL03-PI";"UOP01-DEL03-PI"
742663;1663152;2025-12-30;"ter�a-feira";"19:30:00";"PI";343;592;"FLORIANO";"N�o";"Rea��o tardia ou ineficiente do condutor";1;"Colis�o traseira";"Com V�timas Feridas";"Plena Noite";"Decrescente";"C�u Claro";"Dupla";"Reta";"Sim";1326068;"Motocicleta";"N�o Informado/N�o Informado/N�o Informado";0;"Condutor";"Les�es Graves";45;"Masculino";0;0;1;0;-6,777703;-43,032607;"SPRF-PI";"DEL03-PI";"UOP01-DEL03-PI"
742663;1663925;2025-12-30;"ter�a-feira";"19:30:00";"PI";343;592;"FLORIANO";"N�o";"Ingest�o de �lcool pelo condutor";3;"Queda de ocupante de ve�culo";"Com V�timas Feridas";"Plena Noite";"Decrescente";"C�u Claro";"Dupla";"Reta";"Sim";1326067;"Autom�vel";"N�o Informado/N�o Informado/N�o Informado";0;"Condutor";"N�o Informado";NA;"N�o Informado";0;0;0;0;-6,777703;-43,032607;"SPRF-PI";"DEL03-PI";"UOP01-DEL03-PI"
742663;1663152;2025-12-30;"ter�a-feira";"19:30:00";"PI";343;592;"FLORIANO";"N�o";"Ingest�o de �lcool pelo condutor";3;"Queda de ocupante de ve�culo";"Com V�timas Feridas";"Plena Noite";"Decrescente";"C�u Claro";"Dupla";"Reta";"Sim";1326068;"Motocicleta";"N�o Informado/N�o Informado/N�o Informado";0;"Condutor";"Les�es Graves";45;"Masculino";0;0;1;0;-6,777703;-43,032607;"SPRF-PI";"DEL03-PI";"UOP01-DEL03-PI"
742663;1663925;2025-12-30;"ter�a-feira";"19:30:00";"PI";343;592;"FLORIANO";"N�o";"Ingest�o de �lcool pelo condutor";2;"Tombamento";"Com V�timas Feridas";"Plena Noite";"Decrescente";"C�u Claro";"Dupla";"Reta";"Sim";1326067;"Autom�vel";"N�o Informado/N�o Informado/N�o Informado";0;"Condutor";"N�o Informado";NA;"N�o Informado";0;0;0;0;-6,777703;-43,032607;"SPRF-PI";"DEL03-PI";"UOP01-DEL03-PI"
742663;1663152;2025-12-30;"ter�a-feira";"19:30:00";"PI";343;592;"FLORIANO";"N�o";"Ingest�o de �lcool pelo condutor";2;"Tombamento";"Com V�timas Feridas";"Plena Noite";"Decrescente";"C�u Claro";"Dupla";"Reta";"Sim";1326068;"Motocicleta";"N�o Informado/N�o Informado/N�o Informado";0;"Condutor";"Les�es Graves";45;"Masculino";0;0;1;0;-6,777703;-43,032607;"SPRF-PI";"DEL03-PI";"UOP01-DEL03-PI"
742663;1663925;2025-12-30;"ter�a-feira";"19:30:00";"PI";343;592;"FLORIANO";"N�o";"Ingest�o de �lcool pelo condutor";1;"Colis�o traseira";"Com V�timas Feridas";"Plena Noite";"Decrescente";"C�u Claro";"Dupla";"Reta";"Sim";1326067;"Autom�vel";"N�o Informado/N�o Informado/N�o Informado";0;"Condutor";"N�o Informado";NA;"N�o Informado";0;0;0;0;-6,777703;-43,032607;"SPRF-PI";"DEL03-PI";"UOP01-DEL03-PI"
742663;1663152;2025-12-30;"ter�a-feira";"19:30:00";"PI";343;592;"FLORIANO";"N�o";"Ingest�o de �lcool pelo condutor";1;"Colis�o traseira";"Com V�timas Feridas";"Plena Noite";"Decrescente";"C�u Claro";"Dupla";"Reta";"Sim";1326068;"Motocicleta";"N�o Informado/N�o Informado/N�o Informado";0;"Condutor";"Les�es Graves";45;"Masculino";0;0;1;0;-6,777703;-43,032607;"SPRF-PI";"DEL03-PI";"UOP01-DEL03-PI"
742663;1663925;2025-12-30;"ter�a-feira";"19:30:00";"PI";343;592;"FLORIANO";"Sim";"Aus�ncia de rea��o do condutor";3;"Queda de ocupante de ve�culo";"Com V�timas Feridas";"Plena Noite";"Decrescente";"C�u Claro";"Dupla";"Reta";"Sim";1326067;"Autom�vel";"N�o Informado/N�o Informado/N�o Informado";0;"Condutor";"N�o Informado";NA;"N�o Informado";0;0;0;0;-6,777703;-43,032607;"SPRF-PI";"DEL03-PI";"UOP01-DEL03-PI"
742663;1663152;2025-12-30;"ter�a-feira";"19:30:00";"PI";343;592;"FLORIANO";"Sim";"Aus�ncia de rea��o do condutor";3;"Queda de ocupante de ve�culo";"Com V�timas Feridas";"Plena Noite";"Decrescente";"C�u Claro";"Dupla";"Reta";"Sim";1326068;"Motocicleta";"N�o Informado/N�o Informado/N�o Informado";0;"Condutor";"Les�es Graves";45;"Masculino";0;0;1;0;-6,777703;-43,032607;"SPRF-PI";"DEL03-PI";"UOP01-DEL03-PI"
742663;1663925;2025-12-30;"ter�a-feira";"19:30:00";"PI";343;592;"FLORIANO";"Sim";"Aus�ncia de rea��o do condutor";2;"Tombamento";"Com V�timas Feridas";"Plena Noite";"Decrescente";"C�u Claro";"Dupla";"Reta";"Sim";1326067;"Autom�vel";"N�o Informado/N�o Informado/N�o Informado";0;"Condutor";"N�o Informado";NA;"N�o Informado";0;0;0;0;-6,777703;-43,032607;"SPRF-PI";"DEL03-PI";"UOP01-DEL03-PI"
742663;1663152;2025-12-30;"ter�a-feira";"19:30:00";"PI";343;592;"FLORIANO";"Sim";"Aus�ncia de rea��o do condutor";2;"Tombamento";"Com V�timas Feridas";"Plena Noite";"Decrescente";"C�u Claro";"Dupla";"Reta";"Sim";1326068;"Motocicleta";"N�o Informado/N�o Informado/N�o Informado";0;"Condutor";"Les�es Graves";45;"Masculino";0;0;1;0;-6,777703;-43,032607;"SPRF-PI";"DEL03-PI";"UOP01-DEL03-PI"
742663;1663925;2025-12-30;"ter�a-feira";"19:30:00";"PI";343;592;"FLORIANO";"Sim";"Aus�ncia de rea��o do condutor";1;"Colis�o traseira";"Com V�timas Feridas";"Plena Noite";"Decrescente";"C�u Claro";"Dupla";"Reta";"Sim";1326067;"Autom�vel";"N�o Informado/N�o Informado/N�o Informado";0;"Condutor";"N�o Informado";NA;"N�o Informado";0;0;0;0;-6,777703;-43,032607;"SPRF-PI";"DEL03-PI";"UOP01-DEL03-PI"
742663;1663152;2025-12-30;"ter�a-feira";"19:30:00";"PI";343;592;"FLORIANO";"Sim";"Aus�ncia de rea��o do condutor";1;"Colis�o traseira";"Com V�timas Feridas";"Plena Noite";"Decrescente";"C�u Claro";"Dupla";"Reta";"Sim";1326068;"Motocicleta";"N�o Informado/N�o Informado/N�o Informado";0;"Condutor";"Les�es Graves";45;"Masculino";0;0;1;0;-6,777703;-43,032607;"SPRF-PI";"DEL03-PI";"UOP01-DEL03-PI"
742663;1663925;2025-12-30;"ter�a-feira";"19:30:00";"PI";343;592;"FLORIANO";"N�o";"Condutor deixou de manter dist�ncia do ve�culo da frente";3;"Queda de ocupante de ve�culo";"Com V�timas Feridas";"Plena Noite";"Decrescente";"C�u Claro";"Dupla";"Reta";"Sim";1326067;"Autom�vel";"N�o Informado/N�o Informado/N�o Informado";0;"Condutor";"N�o Informado";NA;"N�o Informado";0;0;0;0;-6,777703;-43,032607;"SPRF-PI";"DEL03-PI";"UOP01-DEL03-PI"
742663;1663152;2025-12-30;"ter�a-feira";"19:30:00";"PI";343;592;"FLORIANO";"N�o";"Condutor deixou de manter dist�ncia do ve�culo da frente";3;"Queda de ocupante de ve�culo";"Com V�timas Feridas";"Plena Noite";"Decrescente";"C�u Claro";"Dupla";"Reta";"Sim";1326068;"Motocicleta";"N�o Informado/N�o Informado/N�o Informado";0;"Condutor";"Les�es Graves";45;"Masculino";0;0;1;0;-6,777703;-43,032607;"SPRF-PI";"DEL03-PI";"UOP01-DEL03-PI"
742663;1663925;2025-12-30;"ter�a-feira";"19:30:00";"PI";343;592;"FLORIANO";"N�o";"Condutor deixou de manter dist�ncia do ve�culo da frente";2;"Tombamento";"Com V�timas Feridas";"Plena Noite";"Decrescente";"C�u Claro";"Dupla";"Reta";"Sim";1326067;"Autom�vel";"N�o Informado/N�o Informado/N�o Informado";0;"Condutor";"N�o Informado";NA;"N�o Informado";0;0;0;0;-6,777703;-43,032607;"SPRF-PI";"DEL03-PI";"UOP01-DEL03-PI"
742663;1663152;2025-12-30;"ter�a-feira";"19:30:00";"PI";343;592;"FLORIANO";"N�o";"Condutor deixou de manter dist�ncia do ve�culo da frente";2;"Tombamento";"Com V�timas Feridas";"Plena Noite";"Decrescente";"C�u Claro";"Dupla";"Reta";"Sim";1326068;"Motocicleta";"N�o Informado/N�o Informado/N�o Informado";0;"Condutor";"Les�es Graves";45;"Masculino";0;0;1;0;-6,777703;-43,032607;"SPRF-PI";"DEL03-PI";"UOP01-DEL03-PI"
742663;1663925;2025-12-30;"ter�a-feira";"19:30:00";"PI";343;592;"FLORIANO";"N�o";"Condutor deixou de manter dist�ncia do ve�culo da frente";1;"Colis�o traseira";"Com V�timas Feridas";"Plena Noite";"Decrescente";"C�u Claro";"Dupla";"Reta";"Sim";1326067;"Autom�vel";"N�o Informado/N�o Informado/N�o Informado";0;"Condutor";"N�o Informado";NA;"N�o Informado";0;0;0;0;-6,777703;-43,032607;"SPRF-PI";"DEL03-PI";"UOP01-DEL03-PI"