"id";"pesid";"data_inversa";"dia_semana";"horario";"uf";"br";"km";"municipio";"causa_principal";"causa_acidente";"ordem_tipo_acidente";"tipo_acidente";"classificacao_acidente";"fase_dia";"sentido_via";"condicao_metereologica";"tipo_pista";"tracado_via";"uso_solo";"id_veiculo";"tipo_veiculo";"marca";"ano_fabricacao_veiculo";"tipo_envolvido";"estado_fisico";"idade";"sexo";"ilesos";"feridos_leves";"feridos_graves";"mortos";"latitude";"longitude";"regional";"delegacia";"uop"
742663;1663152;2025-12-30;"ter�a-feira";"19:30:00";"PI";343;592;"FLORIANO";"N�o";"Condutor deixou de manter dist�ncia do ve�culo da frente";1;"Colis�o traseira";"Com V�timas Feridas";"Plena Noite";"Decrescente";"C�u Claro";"Dupla";"Reta";"Sim";1326068;"Motocicleta";"N�o Informado/N�o Informado/N�o Informado";0;"Condutor";"Les�es Graves";45;"Masculino";0;0;1;0;-6,777703;-43,032607;"SPRF-PI";"DEL03-PI";"UOP01-DEL03-PI"
742665;1663158;2025-12-30;"ter�a-feira";"20:15:00";"GO";153;690;"ITUMBIARA";"Sim";"Aus�ncia de rea��o do condutor";1;"Sa�da de leito carro��vel";"Sem V�timas";"Plena Noite";"Decrescente";"Nublado";"Dupla";"Reta";"N�o";1326070;"Caminhonete";"VW/NOVA SAVEIRO RB MBVS/NOVA SAVEIRO RB MBVS";2016;"Condutor";"Ileso";25;"Masculino";1;0;0;0;-18,301485;-49,235078;"SPRF-GO";"DEL03-GO";"UOP02-DEL03-GO"
742666;1663159;2025-12-30;"ter�a-feira";"20:30:00";"RJ";101;328;"RIO DE JANEIRO";"Sim";"Aus�ncia de rea��o do condutor";2;"Tombamento";"Com V�timas Feridas";"Plena Noite";"Decrescente";"C�u Claro";"Dupla";"Reta";"N�o";1326072;"Motocicleta";"MOTTU/SPORT 110I/SPORT 110I";2025;"Condutor";"Les�es Leves";26;"Masculino";0;1;0;0;-22,8693299;-43,145638;"SPRF-RJ";"DEL02-RJ";"UOP01-DEL02-RJ"
742666;1663159;2025-12-30;"ter�a-feira";"20:30:00";"RJ";101;328;"RIO DE JANEIRO";"Sim";"Aus�ncia de rea��o do condutor";1;"Queda de ocupante de ve�culo";"Com V�timas Feridas";"Plena Noite";"Decrescente";"C�u Claro";"Dupla";"Reta";"N�o";1326072;"Motocicleta";"MOTTU/SPORT 110I/SPORT 110I";2025;"Condutor";"Les�es Leves";26;"Masculino";0;1;0;0;-22,8693299;-43,145638;"SPRF-RJ";"DEL02-RJ";"UOP01-DEL02-RJ"
742667;1663166;2025-12-30;"ter�a-feira";"19:55:00";"RS";116;115;"SAO MARCOS";"Sim";"Ultrapassagem Indevida";1;"Colis�o lateral mesmo sentido";"Com V�timas Feridas";"Plena Noite";"Crescente";"Nublado";"Simples";"Reta";"Sim";1326077;"Autom�vel";"GM/MERIVA JOY/MERIVA JOY";2005;"Condutor";"Ileso";47;"Feminino";1;0;0;0;-28,96980318;-51,07153114;"SPRF-RS";"DEL05-RS";"UOP01-DEL05-RS"
742667;1663165;2025-12-30;"ter�a-feira";"19:55:00";"RS";116;115;"SAO MARCOS";"Sim";"Ultrapassagem Indevida";1;"Colis�o lateral mesmo sentido";"Com V�timas Feridas";"Plena Noite";"Crescente";"Nublado";"Simples";"Reta";"Sim";1326076;"Motocicleta";"HONDA/CG 125 FAN ES/CG 125 FAN ES";2011;"Condutor";"Les�es Leves";32;"Masculino";0;1;0;0;-28,96980318;-51,07153114;"SPRF-RS";"DEL05-RS";"UOP01-DEL05-RS"
742667;1663166;2025-12-30;"ter�a-feira";"19:55:00";"RS";116;115;"SAO MARCOS";"N�o";"Ingest�o de �lcool pelo condutor";1;"Colis�o lateral mesmo sentido";"Com V�timas Feridas";"Plena Noite";"Crescente";"Nublado";"Simples";"Reta";"Sim";1326077;"Autom�vel";"GM/MERIVA JOY/MERIVA JOY";2005;"Condutor";"Ileso";47;"Feminino";1;0;0;0;-28,96980318;-51,07153114;"SPRF-RS";"DEL05-RS";"UOP01-DEL05-RS"
742667;1663165;2025-12-30;"ter�a-feira";"19:55:00";"RS";116;115;"SAO MARCOS";"N�o";"Ingest�o de �lcool pelo condutor";1;"Colis�o lateral mesmo sentido";"Com V�timas Feridas";"Plena Noite";"Crescente";"Nublado";"Simples";"Reta";"Sim";1326076;"Motocicleta";"HONDA/CG 125 FAN ES/CG 125 FAN ES";2011;"Condutor";"Les�es Leves";32;"Masculino";0;1;0;0;-28,96980318;-51,07153114;"SPRF-RS";"DEL05-RS";"UOP01-DEL05-RS"
742668;1663192;2025-12-30;"ter�a-feira";"17:40:00";"SC";101;150,9;"ITAPEMA";"Sim";"Rea��o tardia ou ineficiente do condutor";3;"Tombamento";"Com V�timas Feridas";"Anoitecer";"Decrescente";"Chuva";"Simples";"Reta";"Sim";1326096;"Autom�vel";"I/KIA CERATO KOUP SX3/KIA CERATO KOUP SX3";2011;"Condutor";"Ileso";40;"Masculino";1;0;0;0;-27,12496;-48,60957;"SPRF-SC";"DEL04-SC";"UOP03-DEL04-SC"
742668;1663191;2025-12-30;"ter�a-feira";"17:40:00";"SC";101;150,9;"ITAPEMA";"Sim";"Rea��o tardia ou ineficiente do condutor";3;"Tombamento";"Com V�timas Feridas";"Anoitecer";"Decrescente";"Chuva";"Simples";"Reta";"Sim";1326095;"Caminhonete";"FIAT/TORO FREEDOM AT9 D/TORO FREEDOM AT9 D";2018;"Condutor";"Ileso";47;"Feminino";1;0;0;0;-27,12496;-48,60957;"SPRF-SC";"DEL04-SC";"UOP03-DEL04-SC"
742668;1663190;2025-12-30;"ter�a-feira";"17:40:00";"SC";101;150,9;"ITAPEMA";"Sim";"Rea��o tardia ou ineficiente do condutor";3;"Tombamento";"Com V�timas Feridas";"Anoitecer";"Decrescente";"Chuva";"Simples";"Reta";"Sim";1326093;"Motocicleta";"HONDA/CBX 250 TWISTER/CBX 250 TWISTER";2008;"Condutor";"Les�es Graves";48;"Masculino";0;0;1;0;-27,12496;-48,60957;"SPRF-SC";"DEL04-SC";"UOP03-DEL04-SC"
742668;1663192;2025-12-30;"ter�a-feira";"17:40:00";"SC";101;150,9;"ITAPEMA";"Sim";"Rea��o tardia ou ineficiente do condutor";2;"Colis�o traseira";"Com V�timas Feridas";"Anoitecer";"Decrescente";"Chuva";"Simples";"Reta";"Sim";1326096;"Autom�vel";"I/KIA CERATO KOUP SX3/KIA CERATO KOUP SX3";2011;"Condutor";"Ileso";40;"Masculino";1;0;0;0;-27,12496;-48,60957;"SPRF-SC";"DEL04-SC";"UOP03-DEL04-SC"
742668;1663191;2025-12-30;"ter�a-feira";"17:40:00";"SC";101;150,9;"ITAPEMA";"Sim";"Rea��o tardia ou ineficiente do condutor";2;"Colis�o traseira";"Com V�timas Feridas";"Anoitecer";"Decrescente";"Chuva";"Simples";"Reta";"Sim";1326095;"Caminhonete";"FIAT/TORO FREEDOM AT9 D/TORO FREEDOM AT9 D";2018;"Condutor";"Ileso";47;"Feminino";1;0;0;0;-27,12496;-48,60957;"SPRF-SC";"DEL04-SC";"UOP03-DEL04-SC"
742668;1663190;2025-12-30;"ter�a-feira";"17:40:00";"SC";101;150,9;"ITAPEMA";"Sim";"Rea��o tardia ou ineficiente do condutor";2;"Colis�o traseira";"Com V�timas Feridas";"Anoitecer";"Decrescente";"Chuva";"Simples";"Reta";"Sim";1326093;"Motocicleta";"HONDA/CBX 250 TWISTER/CBX 250 TWISTER";2008;"Condutor";"Les�es Graves";48;"Masculino";0;0;1;0;-27,12496;-48,60957;"SPRF-SC";"DEL04-SC";"UOP03-DEL04-SC"
742668;1663192;2025-12-30;"ter�a-feira";"17:40:00";"SC";101;150,9;"ITAPEMA";"Sim";"Rea��o tardia ou ineficiente do condutor";1;"Colis�o lateral mesmo sentido";"Com V�timas Feridas";"Anoitecer";"Decrescente";"Chuva";"Simples";"Reta";"Sim";1326096;"Autom�vel";"I/KIA CERATO KOUP SX3/KIA CERATO KOUP SX3";2011;"Condutor";"Ileso";40;"Masculino";1;0;0;0;-27,12496;-48,60957;"SPRF-SC";"DEL04-SC";"UOP03-DEL04-SC"
742668;1663191;2025-12-30;"ter�a-feira";"17:40:00";"SC";101;150,9;"ITAPEMA";"Sim";"Rea��o tardia ou ineficiente do condutor";1;"Colis�o lateral mesmo sentido";"Com V�timas Feridas";"Anoitecer";"Decrescente";"Chuva";"Simples";"Reta";"Sim";1326095;"Caminhonete";"FIAT/TORO FREEDOM AT9 D/TORO FREEDOM AT9 D";2018;"Condutor";"Ileso";47;"Feminino";1;0;0;0;-27,12496;-48,60957;"SPRF-SC";"DEL04-SC";"UOP03-DEL04-SC"
742668;1663190;2025-12-30;"ter�a-feira";"17:40:00";"SC";101;150,9;"ITAPEMA";"Sim";"Rea��o tardia ou ineficiente do condutor";1;"Colis�o lateral mesmo sentido";"Com V�timas Feridas";"Anoitecer";"Decrescente";"Chuva";"Simples";"Reta";"Sim";1326093;"Motocicleta";"HONDA/CBX 250 TWISTER/CBX 250 TWISTER";2008;"Condutor";"Les�es Graves";48;"Masculino";0;0;1;0;-27,12496;-48,60957;"SPRF-SC";"DEL04-SC";"UOP03-DEL04-SC"
742670;1663188;2025-12-30;"ter�a-feira";"20:30:00";"RS";290;10;"OSORIO";"Sim";"Ingest�o de �lcool pelo condutor";1;"Colis�o lateral mesmo sentido";"Sem V�timas";"Plena Noite";"Decrescente";"C�u Claro";"M�ltipla";"Reta";"N�o";1326092;"Camioneta";"I/VOLVO XC60 T8 R-DESIGN/VOLVO XC60 T8 R-DESIGN";2019;"Condutor";"Ileso";56;"Masculino";1;0;0;0;-29,8647552;-50,2530048;"SPRF-RS";"DEL03-RS";"UOP01-DEL03-RS"
742670;1663187;2025-12-30;"ter�a-feira";"20:30:00";"RS";290;10;"OSORIO";"Sim";"Ingest�o de �lcool pelo condutor";1;"Colis�o lateral mesmo sentido";"Sem V�timas";"Plena Noite";"Decrescente";"C�u Claro";"M�ltipla";"Reta";"N�o";1326082;"Caminh�o-trator";"VW/29.530 MTM 6X4/29.530 MTM 6X4";2023;"Condutor";"Ileso";43;"Masculino";1;0;0;0;-29,8647552;-50,2530048;"SPRF-RS";"DEL03-RS";"UOP01-DEL03-RS"
742670;NA;2025-12-30;"ter�a-feira";"20:30:00";"RS";290;10;"OSORIO";"Sim";"Ingest�o de �lcool pelo condutor";1;"Colis�o lateral mesmo sentido";"Sem V�timas";"Plena Noite";"Decrescente";"C�u Claro";"M�ltipla";"Reta";"N�o";1326083;"Semireboque";"SR/LIBRELATO SRLN 4E/LIBRELATO SRLN 4E";2025;NA;NA;NA;NA;NA;NA;NA;NA;-29,8647552;-50,2530048;"SPRF-RS";"DEL03-RS";"UOP01-DEL03-RS"
742672;1663198;2025-12-30;"ter�a-feira";"19:40:00";"MT";174;5;"PONTES E LACERDA";"N�o";"Ingest�o de �lcool pelo condutor";3;"Queda de ocupante de ve�culo";"Com V�timas Feridas";"Plena Noite";"Decrescente";"C�u Claro";"Simples";"Interse��o de Vias;Reta";"Sim";1326102;"Autom�vel";"N�o Informado/N�o Informado/N�o Informado";0;"Condutor";"N�o Informado";NA;"N�o Informado";0;0;0;0;-15,232927;-59,345622;"SPRF-MT";"DEL04-MT";"UOP01-DEL04-MT"
742672;1663171;2025-12-30;"ter�a-feira";"19:40:00";"MT";174;5;"PONTES E LACERDA";"N�o";"Ingest�o de �lcool pelo condutor";3;"Queda de ocupante de ve�culo";"Com V�timas Feridas";"Plena Noite";"Decrescente";"C�u Claro";"Simples";"Interse��o de Vias;Reta";"Sim";1326081;"Motocicleta";"HONDA/CG 150 FAN ESI/CG 150 FAN ESI";2010;"Condutor";"Les�es Graves";51;"Masculino";0;0;1;0;-15,232927;-59,345622;"SPRF-MT";"DEL04-MT";"UOP01-DEL04-MT"
742672;1663198;2025-12-30;"ter�a-feira";"19:40:00";"MT";174;5;"PONTES E LACERDA";"N�o";"Ingest�o de �lcool pelo condutor";2;"Tombamento";"Com V�timas Feridas";"Plena Noite";"Decrescente";"C�u Claro";"Simples";"Interse��o de Vias;Reta";"Sim";1326102;"Autom�vel";"N�o Informado/N�o Informado/N�o Informado";0;"Condutor";"N�o Informado";NA;"N�o Informado";0;0;0;0;-15,232927;-59,345622;"SPRF-MT";"DEL04-MT";"UOP01-DEL04-MT"
742672;1663171;2025-12-30;"ter�a-feira";"19:40:00";"MT";174;5;"PONTES E LACERDA";"N�o";"Ingest�o de �lcool pelo condutor";2;"Tombamento";"Com V�timas Feridas";"Plena Noite";"Decrescente";"C�u Claro";"Simples";"Interse��o de Vias;Reta";"Sim";1326081;"Motocicleta";"HONDA/CG 150 FAN ESI/CG 150 FAN ESI";2010;"Condutor";"Les�es Graves";51;"Masculino";0;0;1;0;-15,232927;-59,345622;"SPRF-MT";"DEL04-MT";"UOP01-DEL04-MT"
742672;1663198;2025-12-30;"ter�a-feira";"19:40:00";"MT";174;5;"PONTES E LACERDA";"N�o";"Ingest�o de �lcool pelo condutor";1;"Colis�o transversal";"Com V�timas Feridas";"Plena Noite";"Decrescente";"C�u Claro";"Simples";"Interse��o de Vias;Reta";"Sim";1326102;"Autom�vel";"N�o Informado/N�o Informado/N�o Informado";0;"Condutor";"N�o Informado";NA;"N�o Informado";0;0;0;0;-15,232927;-59,345622;"SPRF-MT";"DEL04-MT";"UOP01-DEL04-MT"
742672;1663171;2025-12-30;"ter�a-feira";"19:40:00";"MT";174;5;"PONTES E LACERDA";"N�o";"Ingest�o de �lcool pelo condutor";1;"Colis�o transversal";"Com V�timas Feridas";"Plena Noite";"Decrescente";"C�u Claro";"Simples";"Interse��o de Vias;Reta";"Sim";1326081;"Motocicleta";"HONDA/CG 150 FAN ESI/CG 150 FAN ESI";2010;"Condutor";"Les�es Graves";51;"Masculino";0;0;1;0;-15,232927;-59,345622;"SPRF-MT";"DEL04-MT";"UOP01-DEL04-MT"
742672;1663198;2025-12-30;"ter�a-feira";"19:40:00";"MT";174;5;"PONTES E LACERDA";"N�o";"Desrespeitar a prefer�ncia no cruzamento";3;"Queda de ocupante de ve�culo";"Com V�timas Feridas";"Plena Noite";"Decrescente";"C�u Claro";"Simples";"Interse��o de Vias;Reta";"Sim";1326102;"Autom�vel";"N�o Informado/N�o Informado/N�o Informado";0;"Condutor";"N�o Informado";NA;"N�o Informado";0;0;0;0;-15,232927;-59,345622;"SPRF-MT";"DEL04-MT";"UOP01-DEL04-MT"
742672;1663171;2025-12-30;"ter�a-feira";"19:40:00";"MT";174;5;"PONTES E LACERDA";"N�o";"Desrespeitar a prefer�ncia no cruzamento";3;"Queda de ocupante de ve�culo";"Com V�timas Feridas";"Plena Noite";"Decrescente";"C�u Claro";"Simples";"Interse��o de Vias;Reta";"Sim";1326081;"Motocicleta";"HONDA/CG 150 FAN ESI/CG 150 FAN ESI";2010;"Condutor";"Les�es Graves";51;"Masculino";0;0;1;0;-15,232927;-59,345622;"SPRF-MT";"DEL04-MT";"UOP01-DEL04-MT"
742672;1663198;2025-12-30;"ter�a-feira";"19:40:00";"MT";174;5;"PONTES E LACERDA";"N�o";"Desrespeitar a prefer�ncia no cruzamento";2;"Tombamento";"Com V�timas Feridas";"Plena Noite";"Decrescente";"C�u Claro";"Simples";"Interse��o de Vias;Reta";"Sim";1326102;"Autom�vel";"N�o Informado/N�o Informado/N�o Informado";0;"Condutor";"N�o Informado";NA;"N�o Informado";0;0;0;0;-15,232927;-59,345622;"SPRF-MT";"DEL04-MT";"UOP01-DEL04-MT"
742672;1663171;2025-12-30;"ter�a-feira";"19:40:00";"MT";174;5;"PONTES E LACERDA";"N�o";"Desrespeitar a prefer�ncia no cruzamento";2;"Tombamento";"Com V�timas Feridas";"Plena Noite";"Decrescente";"C�u Claro";"Simples";"Interse��o de Vias;Reta";"Sim";1326081;"Motocicleta";"HONDA/CG 150 FAN ESI/CG 150 FAN ESI";2010;"Condutor";"Les�es Graves";51;"Masculino";0;0;1;0;-15,232927;-59,345622;"SPRF-MT";"DEL04-MT";"UOP01-DEL04-MT"
742672;1663198;2025-12-30;"ter�a-feira";"19:40:00";"MT";174;5;"PONTES E LACERDA";"N�o";"Desrespeitar a prefer�ncia no cruzamento";1;"Colis�o transversal";"Com V�timas Feridas";"Plena Noite";"Decrescente";"C�u Claro";"Simples";"Interse��o de Vias;Reta";"Sim";1326102;"Autom�vel";"N�o Informado/N�o Informado/N�o Informado";0;"Condutor";"N�o Informado";NA;"N�o Informado";0;0;0;0;-15,232927;-59,345622;"SPRF-MT";"DEL04-MT";"UOP01-DEL04-MT"
742672;1663171;2025-12-30;"ter�a-feira";"19:40:00";"MT";174;5;"PONTES E LACERDA";"N�o";"Desrespeitar a prefer�ncia no cruzamento";1;"Colis�o transversal";"Com V�timas Feridas";"Plena Noite";"Decrescente";"C�u Claro";"Simples";"Interse��o de Vias;Reta";"Sim";1326081;"Motocicleta";"HONDA/CG 150 FAN ESI/CG 150 FAN ESI";2010;"Condutor";"Les�es Graves";51;"Masculino";0;0;1;0;-15,232927;-59,345622;"SPRF-MT";"DEL04-MT";"UOP01-DEL04-MT"
742672;1663198;2025-12-30;"ter�a-feira";"19:40:00";"MT";174;5;"PONTES E LACERDA";"Sim";"Acessar a via sem observar a presen�a dos outros ve�culos";3;"Queda de ocupante de ve�culo";"Com V�timas Feridas";"Plena Noite";"Decrescente";"C�u Claro";"Simples";"Interse��o de Vias;Reta";"Sim";1326102;"Autom�vel";"N�o Informado/N�o Informado/N�o Informado";0;"Condutor";"N�o Informado";NA;"N�o Informado";0;0;0;0;-15,232927;-59,345622;"SPRF-MT";"DEL04-MT";"UOP01-DEL04-MT"
742672;1663171;2025-12-30;"ter�a-feira";"19:40:00";"MT";174;5;"PONTES E LACERDA";"Sim";"Acessar a via sem observar a presen�a dos outros ve�culos";3;"Queda de ocupante de ve�culo";"Com V�timas Feridas";"Plena Noite";"Decrescente";"C�u Claro";"Simples";"Interse��o de Vias;Reta";"Sim";1326081;"Motocicleta";"HONDA/CG 150 FAN ESI/CG 150 FAN ESI";2010;"Condutor";"Les�es Graves";51;"Masculino";0;0;1;0;-15,232927;-59,345622;"SPRF-MT";"DEL04-MT";"UOP01-DEL04-MT"
742672;1663198;2025-12-30;"ter�a-feira";"19:40:00";"MT";174;5;"PONTES E LACERDA";"Sim";"Acessar a via sem observar a presen�a dos outros ve�culos";2;"Tombamento";"Com V�timas Feridas";"Plena Noite";"Decrescente";"C�u Claro";"Simples";"Interse��o de Vias;Reta";"Sim";1326102;"Autom�vel";"N�o Informado/N�o Informado/N�o Informado";0;"Condutor";"N�o Informado";NA;"N�o Informado";0;0;0;0;-15,232927;-59,345622;"SPRF-MT";"DEL04-MT";"UOP01-DEL04-MT"
742672;1663171;2025-12-30;"ter�a-feira";"19:40:00";"MT";174;5;"PONTES E LACERDA";"Sim";"Acessar a via sem observar a presen�a dos outros ve�culos";2;"Tombamento";"Com V�timas Feridas";"Plena Noite";"Decrescente";"C�u Claro";"Simples";"Interse��o de Vias;Reta";"Sim";1326081;"Motocicleta";"HONDA/CG 150 FAN ESI/CG 150 FAN ESI";2010;"Condutor";"Les�es Graves";51;"Masculino";0;0;1;0;-15,232927;-59,345622;"SPRF-MT";"DEL04-MT";"UOP01-DEL04-MT"
742672;1663198;2025-12-30;"ter�a-feira";"19:40:00";"MT";174;5;"PONTES E LACERDA";"Sim";"Acessar a via sem observar a presen�a dos outros ve�culos";1;"Colis�o transversal";"Com V�timas Feridas";"Plena Noite";"Decrescente";"C�u Claro";"Simples";"Interse��o de Vias;Reta";"Sim";1326102;"Autom�vel";"N�o Informado/N�o Informado/N�o Informado";0;"Condutor";"N�o Informado";NA;"N�o Informado";0;0;0;0;-15,232927;-59,345622;"SPRF-MT";"DEL04-MT";"UOP01-DEL04-MT"
742672;1663171;2025-12-30;"ter�a-feira";"19:40:00";"MT";174;5;"PONTES E LACERDA";"Sim";"Acessar a via sem observar a presen�a dos outros ve�culos";1;"Colis�o transversal";"Com V�timas Feridas";"Plena Noite";"Decrescente";"C�u Claro";"Simples";"Interse��o de Vias;Reta";"Sim";1326081;"Motocicleta";"HONDA/CG 150 FAN ESI/CG 150 FAN ESI";2010;"Condutor";"Les�es Graves";51;"Masculino";0;0;1;0;-15,232927;-59,345622;"SPRF-MT";"DEL04-MT";"UOP01-DEL04-MT"
742674;1665181;2025-12-30;"ter�a-feira";"20:00:00";"RO";364;646;"CANDEIAS DO JAMARI";"N�o";"Ilumina��o deficiente";1;"Colis�o traseira";"Com V�timas Feridas";"Plena Noite";"Crescente";"Ignorado";"Simples";"Reta";"N�o";1327483;"Motocicleta";"HONDA/CG 150 TITAN EX/CG 150 TITAN EX";2014;"Condutor";"Les�es Leves";63;"Masculino";0;1;0;0;-8,95898128;-63,42809424;"SPRF-RO";"DEL01-RO";"UOP04-DEL01-RO"
742674;1663306;2025-12-30;"ter�a-feira";"20:00:00";"RO";364;646;"CANDEIAS DO JAMARI";"N�o";"Ilumina��o deficiente";1;"Colis�o traseira";"Com V�timas Feridas";"Plena Noite";"Crescente";"Ignorado";"Simples";"Reta";"N�o";1326197;"Caminhonete";"I/FORD RANGER XLSCD2D4A/FORD RANGER XLSCD2D4A";2023;"Condutor";"Ileso";57;"Masculino";1;0;0;0;-8,95898128;-63,42809424;"SPRF-RO";"DEL01-RO";"UOP04-DEL01-RO"
742674;1665181;2025-12-30;"ter�a-feira";"20:00:00";"RO";364;646;"CANDEIAS DO JAMARI";"Sim";"Aus�ncia de rea��o do condutor";1;"Colis�o traseira";"Com V�timas Feridas";"Plena Noite";"Crescente";"Ignorado";"Simples";"Reta";"N�o";1327483;"Motocicleta";"HONDA/CG 150 TITAN EX/CG 150 TITAN EX";2014;"Condutor";"Les�es Leves";63;"Masculino";0;1;0;0;-8,95898128;-63,42809424;"SPRF-RO";"DEL01-RO";"UOP04-DEL01-RO"
742674;1663306;2025-12-30;"ter�a-feira";"20:00:00";"RO";364;646;"CANDEIAS DO JAMARI";"Sim";"Aus�ncia de rea��o do condutor";1;"Colis�o traseira";"Com V�timas Feridas";"Plena Noite";"Crescente";"Ignorado";"Simples";"Reta";"N�o";1326197;"Caminhonete";"I/FORD RANGER XLSCD2D4A/FORD RANGER XLSCD2D4A";2023;"Condutor";"Ileso";57;"Masculino";1;0;0;0;-8,95898128;-63,42809424;"SPRF-RO";"DEL01-RO";"UOP04-DEL01-RO"
742674;1665181;2025-12-30;"ter�a-feira";"20:00:00";"RO";364;646;"CANDEIAS DO JAMARI";"N�o";"Condutor deixou de manter dist�ncia do ve�culo da frente";1;"Colis�o traseira";"Com V�timas Feridas";"Plena Noite";"Crescente";"Ignorado";"Simples";"Reta";"N�o";1327483;"Motocicleta";"HONDA/CG 150 TITAN EX/CG 150 TITAN EX";2014;"Condutor";"Les�es Leves";63;"Masculino";0;1;0;0;-8,95898128;-63,42809424;"SPRF-RO";"DEL01-RO";"UOP04-DEL01-RO"
742674;1663306;2025-12-30;"ter�a-feira";"20:00:00";"RO";364;646;"CANDEIAS DO JAMARI";"N�o";"Condutor deixou de manter dist�ncia do ve�culo da frente";1;"Colis�o traseira";"Com V�timas Feridas";"Plena Noite";"Crescente";"Ignorado";"Simples";"Reta";"N�o";1326197;"Caminhonete";"I/FORD RANGER XLSCD2D4A/FORD RANGER XLSCD2D4A";2023;"Condutor";"Ileso";57;"Masculino";1;0;0;0;-8,95898128;-63,42809424;"SPRF-RO";"DEL01-RO";"UOP04-DEL01-RO"
742675;1663221;2025-12-30;"ter�a-feira";"21:45:00";"RS";285;416,4;"PANAMBI";"Sim";"Ingest�o de �lcool pelo condutor";1;"Colis�o frontal";"Com V�timas Feridas";"Plena Noite";"Crescente";"C�u Claro";"Simples";"Reta";"Sim";1326119;"Caminhonete";"CHEVROLET/MONTANA LS2/MONTANA LS2";2018;"Condutor";"Ileso";27;"Masculino";1;0;0;0;-28,3524359;-53,48313896;"SPRF-RS";"DEL10-RS";"UOP01-DEL10-RS"
742675;1664921;2025-12-30;"ter�a-feira";"21:45:00";"RS";285;416,4;"PANAMBI";"Sim";"Ingest�o de �lcool pelo condutor";1;"Colis�o frontal";"Com V�timas Feridas";"Plena Noite";"Crescente";"C�u Claro";"Simples";"Reta";"Sim";1326118;"Autom�vel";"VW/GOL 1.0 GIV/GOL 1.0 GIV";2008;"Passageiro";"Les�es Leves";7;"Masculino";0;1;0;0;-28,3524359;-53,48313896;"SPRF-RS";"DEL10-RS";"UOP01-DEL10-RS"
742675;1664920;2025-12-30;"ter�a-feira";"21:45:00";"RS";285;416,4;"PANAMBI";"Sim";"Ingest�o de �lcool pelo condutor";1;"Colis�o frontal";"Com V�timas Feridas";"Plena Noite";"Crescente";"C�u Claro";"Simples";"Reta";"Sim";1326118;"Autom�vel";"VW/GOL 1.0 GIV/GOL 1.0 GIV";2008;"Passageiro";"Les�es Leves";35;"Masculino";0;1;0;0;-28,3524359;-53,48313896;"SPRF-RS";"DEL10-RS";"UOP01-DEL10-RS"
742675;1664919;2025-12-30;"ter�a-feira";"21:45:00";"RS";285;416,4;"PANAMBI";"Sim";"Ingest�o de �lcool pelo condutor";1;"Colis�o frontal";"Com V�timas Feridas";"Plena Noite";"Crescente";"C�u Claro";"Simples";"Reta";"Sim";1326118;"Autom�vel";"VW/GOL 1.0 GIV/GOL 1.0 GIV";2008;"Passageiro";"Les�es Leves";35;"Feminino";0;1;0;0;-28,3524359;-53,48313896;"SPRF-RS";"DEL10-RS";"UOP01-DEL10-RS"
742675;1664918;2025-12-30;"ter�a-feira";"21:45:00";"RS";285;416,4;"PANAMBI";"Sim";"Ingest�o de �lcool pelo condutor";1;"Colis�o frontal";"Com V�timas Feridas";"Plena Noite";"Crescente";"C�u Claro";"Simples";"Reta";"Sim";1326118;"Autom�vel";"VW/GOL 1.0 GIV/GOL 1.0 GIV";2008;"Passageiro";"Ileso";18;"Feminino";1;0;0;0;-28,3524359;-53,48313896;"SPRF-RS";"DEL10-RS";"UOP01-DEL10-RS"
742675;1663220;2025-12-30;"ter�a-feira";"21:45:00";"RS";285;416,4;"PANAMBI";"Sim";"Ingest�o de �lcool pelo condutor";1;"Colis�o frontal";"Com V�timas Feridas";"Plena Noite";"Crescente";"C�u Claro";"Simples";"Reta";"Sim";1326118;"Autom�vel";"VW/GOL 1.0 GIV/GOL 1.0 GIV";2008;"Condutor";"Ileso";27;"Masculino";1;0;0;0;-28,3524359;-53,48313896;"SPRF-RS";"DEL10-RS";"UOP01-DEL10-RS"
742675;1663219;2025-12-30;"ter�a-feira";"21:45:00";"RS";285;416,4;"PANAMBI";"Sim";"Ingest�o de �lcool pelo condutor";1;"Colis�o frontal";"Com V�timas Feridas";"Plena Noite";"Crescente";"C�u Claro";"Simples";"Reta";"Sim";1326117;"Caminhonete";"GM/S10 TORNADO D/S10 TORNADO D";2009;"Condutor";"Ileso";48;"Masculino";1;0;0;0;-28,3524359;-53,48313896;"SPRF-RS";"DEL10-RS";"UOP01-DEL10-RS"
742675;NA;2025-12-30;"ter�a-feira";"21:45:00";"RS";285;416,4;"PANAMBI";"Sim";"Ingest�o de �lcool pelo condutor";1;"Colis�o frontal";"Com V�timas Feridas";"Plena Noite";"Crescente";"C�u Claro";"Simples";"Reta";"Sim";1326120;"Reboque";"R/DACLA FZ 1E/DACLA FZ 1E";2024;NA;NA;NA;NA;NA;NA;NA;NA;-28,3524359;-53,48313896;"SPRF-RS";"DEL10-RS";"UOP01-DEL10-RS"