"id";"pesid";"data_inversa";"dia_semana";"horario";"uf";"br";"km";"municipio";"causa_principal";"causa_acidente";"ordem_tipo_acidente";"tipo_acidente";"classificacao_acidente";"fase_dia";"sentido_via";"condicao_metereologica";"tipo_pista";"tracado_via";"uso_solo";"id_veiculo";"tipo_veiculo";"marca";"ano_fabricacao_veiculo";"tipo_envolvido";"estado_fisico";"idade";"sexo";"ilesos";"feridos_leves";"feridos_graves";"mortos";"latitude";"longitude";"regional";"delegacia";"uop"
742675;1664917;2025-12-30;"ter�a-feira";"21:45:00";"RS";285;416,4;"PANAMBI";"Sim";"Ingest�o de �lcool pelo condutor";1;"Colis�o frontal";"Com V�timas Feridas";"Plena Noite";"Crescente";"C�u Claro";"Simples";"Reta";"Sim";NA;NA;"NA/NA/NA";NA;"Testemunha";"N�o Informado";NA;"N�o Informado";0;0;0;0;-28,3524359;-53,48313896;"SPRF-RS";"DEL10-RS";"UOP01-DEL10-RS"
742676;1663179;2025-12-30;"ter�a-feira";"19:00:00";"SP";116;552;"BARRA DO TURVO";"Sim";"Rea��o tardia ou ineficiente do condutor";1;"Queda de ocupante de ve�culo";"Sem V�timas";"Plena Noite";"Decrescente";"Chuva";"Dupla";"Curva";"N�o";1326086;"Motocicleta";"HONDA/CG 150 TITAN KS/CG 150 TITAN KS";2007;"Condutor";"Ileso";39;"Masculino";1;0;0;0;-24,96752972;-48,47836089;"SPRF-SP";"DEL05-SP";"UOP02-DEL05-SP"
742676;1663179;2025-12-30;"ter�a-feira";"19:00:00";"SP";116;552;"BARRA DO TURVO";"N�o";"Chuva";1;"Queda de ocupante de ve�culo";"Sem V�timas";"Plena Noite";"Decrescente";"Chuva";"Dupla";"Curva";"N�o";1326086;"Motocicleta";"HONDA/CG 150 TITAN KS/CG 150 TITAN KS";2007;"Condutor";"Ileso";39;"Masculino";1;0;0;0;-24,96752972;-48,47836089;"SPRF-SP";"DEL05-SP";"UOP02-DEL05-SP"
742676;1663179;2025-12-30;"ter�a-feira";"19:00:00";"SP";116;552;"BARRA DO TURVO";"N�o";"Pista Escorregadia";1;"Queda de ocupante de ve�culo";"Sem V�timas";"Plena Noite";"Decrescente";"Chuva";"Dupla";"Curva";"N�o";1326086;"Motocicleta";"HONDA/CG 150 TITAN KS/CG 150 TITAN KS";2007;"Condutor";"Ileso";39;"Masculino";1;0;0;0;-24,96752972;-48,47836089;"SPRF-SP";"DEL05-SP";"UOP02-DEL05-SP"
742677;1663284;2025-12-30;"ter�a-feira";"22:20:00";"MG";262;349;"BETIM";"Sim";"Aus�ncia de rea��o do condutor";2;"Tombamento";"Com V�timas Feridas";"Plena Noite";"Crescente";"C�u Claro";"Dupla";"Reta";"N�o";1326182;"Autom�vel";"FIAT/UNO WAY 1.0/UNO WAY 1.0";2013;"Condutor";"Les�es Leves";42;"Masculino";0;1;0;0;-19,98851366;-44,19765472;"SPRF-MG";"DEL01-MG";"UOP03-DEL01-MG"
742677;1663284;2025-12-30;"ter�a-feira";"22:20:00";"MG";262;349;"BETIM";"Sim";"Aus�ncia de rea��o do condutor";1;"Colis�o com objeto";"Com V�timas Feridas";"Plena Noite";"Crescente";"C�u Claro";"Dupla";"Reta";"N�o";1326182;"Autom�vel";"FIAT/UNO WAY 1.0/UNO WAY 1.0";2013;"Condutor";"Les�es Leves";42;"Masculino";0;1;0;0;-19,98851366;-44,19765472;"SPRF-MG";"DEL01-MG";"UOP03-DEL01-MG"
742678;1663259;2025-12-30;"ter�a-feira";"22:10:00";"ES";101;120,2;"LINHARES";"N�o";"Transitar na contram�o";4;"Colis�o frontal";"Com V�timas Feridas";"Plena Noite";"Decrescente";"C�u Claro";"Simples";"Reta;Declive";"N�o";1326157;"Caminh�o-trator";"MAN/TGX 28.440 6X2 T/TGX 28.440 6X2 T";2019;"Condutor";"Ileso";49;"Masculino";1;0;0;0;-19,14645111;-40,07635164;"SPRF-ES";"DEL04-ES";"UOP01-DEL04-ES"
742678;NA;2025-12-30;"ter�a-feira";"22:10:00";"ES";101;120,2;"LINHARES";"N�o";"Transitar na contram�o";4;"Colis�o frontal";"Com V�timas Feridas";"Plena Noite";"Decrescente";"C�u Claro";"Simples";"Reta;Declive";"N�o";1327524;"Semireboque";"SR/RANDON SR FG/RANDON SR FG";2012;NA;NA;NA;NA;NA;NA;NA;NA;-19,14645111;-40,07635164;"SPRF-ES";"DEL04-ES";"UOP01-DEL04-ES"
742678;1665742;2025-12-30;"ter�a-feira";"22:10:00";"ES";101;120,2;"LINHARES";"N�o";"Transitar na contram�o";4;"Colis�o frontal";"Com V�timas Feridas";"Plena Noite";"Decrescente";"C�u Claro";"Simples";"Reta;Declive";"N�o";1326158;"Camioneta";"I/GWM HAVAL H6 PREM HEV/GWM HAVAL H6 PREM HEV";2024;"Passageiro";"Ileso";32;"Feminino";1;0;0;0;-19,14645111;-40,07635164;"SPRF-ES";"DEL04-ES";"UOP01-DEL04-ES"
742678;1663260;2025-12-30;"ter�a-feira";"22:10:00";"ES";101;120,2;"LINHARES";"N�o";"Transitar na contram�o";4;"Colis�o frontal";"Com V�timas Feridas";"Plena Noite";"Decrescente";"C�u Claro";"Simples";"Reta;Declive";"N�o";1326158;"Camioneta";"I/GWM HAVAL H6 PREM HEV/GWM HAVAL H6 PREM HEV";2024;"Condutor";"Ileso";54;"Masculino";1;0;0;0;-19,14645111;-40,07635164;"SPRF-ES";"DEL04-ES";"UOP01-DEL04-ES"
742678;1665732;2025-12-30;"ter�a-feira";"22:10:00";"ES";101;120,2;"LINHARES";"N�o";"Transitar na contram�o";4;"Colis�o frontal";"Com V�timas Feridas";"Plena Noite";"Decrescente";"C�u Claro";"Simples";"Reta;Declive";"N�o";1326155;"Autom�vel";"TOYOTA/COROLLA XEI18VVT/COROLLA XEI18VVT";2007;"Passageiro";"Ileso";21;"Masculino";1;0;0;0;-19,14645111;-40,07635164;"SPRF-ES";"DEL04-ES";"UOP01-DEL04-ES"
742678;1663258;2025-12-30;"ter�a-feira";"22:10:00";"ES";101;120,2;"LINHARES";"N�o";"Transitar na contram�o";4;"Colis�o frontal";"Com V�timas Feridas";"Plena Noite";"Decrescente";"C�u Claro";"Simples";"Reta;Declive";"N�o";1326155;"Autom�vel";"TOYOTA/COROLLA XEI18VVT/COROLLA XEI18VVT";2007;"Condutor";"Les�es Leves";34;"Masculino";0;1;0;0;-19,14645111;-40,07635164;"SPRF-ES";"DEL04-ES";"UOP01-DEL04-ES"
742678;1663259;2025-12-30;"ter�a-feira";"22:10:00";"ES";101;120,2;"LINHARES";"N�o";"Transitar na contram�o";3;"Colis�o lateral sentido oposto";"Com V�timas Feridas";"Plena Noite";"Decrescente";"C�u Claro";"Simples";"Reta;Declive";"N�o";1326157;"Caminh�o-trator";"MAN/TGX 28.440 6X2 T/TGX 28.440 6X2 T";2019;"Condutor";"Ileso";49;"Masculino";1;0;0;0;-19,14645111;-40,07635164;"SPRF-ES";"DEL04-ES";"UOP01-DEL04-ES"
742678;NA;2025-12-30;"ter�a-feira";"22:10:00";"ES";101;120,2;"LINHARES";"N�o";"Transitar na contram�o";3;"Colis�o lateral sentido oposto";"Com V�timas Feridas";"Plena Noite";"Decrescente";"C�u Claro";"Simples";"Reta;Declive";"N�o";1327524;"Semireboque";"SR/RANDON SR FG/RANDON SR FG";2012;NA;NA;NA;NA;NA;NA;NA;NA;-19,14645111;-40,07635164;"SPRF-ES";"DEL04-ES";"UOP01-DEL04-ES"
742678;1665742;2025-12-30;"ter�a-feira";"22:10:00";"ES";101;120,2;"LINHARES";"N�o";"Transitar na contram�o";3;"Colis�o lateral sentido oposto";"Com V�timas Feridas";"Plena Noite";"Decrescente";"C�u Claro";"Simples";"Reta;Declive";"N�o";1326158;"Camioneta";"I/GWM HAVAL H6 PREM HEV/GWM HAVAL H6 PREM HEV";2024;"Passageiro";"Ileso";32;"Feminino";1;0;0;0;-19,14645111;-40,07635164;"SPRF-ES";"DEL04-ES";"UOP01-DEL04-ES"
742678;1663260;2025-12-30;"ter�a-feira";"22:10:00";"ES";101;120,2;"LINHARES";"N�o";"Transitar na contram�o";3;"Colis�o lateral sentido oposto";"Com V�timas Feridas";"Plena Noite";"Decrescente";"C�u Claro";"Simples";"Reta;Declive";"N�o";1326158;"Camioneta";"I/GWM HAVAL H6 PREM HEV/GWM HAVAL H6 PREM HEV";2024;"Condutor";"Ileso";54;"Masculino";1;0;0;0;-19,14645111;-40,07635164;"SPRF-ES";"DEL04-ES";"UOP01-DEL04-ES"
742678;1665732;2025-12-30;"ter�a-feira";"22:10:00";"ES";101;120,2;"LINHARES";"N�o";"Transitar na contram�o";3;"Colis�o lateral sentido oposto";"Com V�timas Feridas";"Plena Noite";"Decrescente";"C�u Claro";"Simples";"Reta;Declive";"N�o";1326155;"Autom�vel";"TOYOTA/COROLLA XEI18VVT/COROLLA XEI18VVT";2007;"Passageiro";"Ileso";21;"Masculino";1;0;0;0;-19,14645111;-40,07635164;"SPRF-ES";"DEL04-ES";"UOP01-DEL04-ES"
742678;1663258;2025-12-30;"ter�a-feira";"22:10:00";"ES";101;120,2;"LINHARES";"N�o";"Transitar na contram�o";3;"Colis�o lateral sentido oposto";"Com V�timas Feridas";"Plena Noite";"Decrescente";"C�u Claro";"Simples";"Reta;Declive";"N�o";1326155;"Autom�vel";"TOYOTA/COROLLA XEI18VVT/COROLLA XEI18VVT";2007;"Condutor";"Les�es Leves";34;"Masculino";0;1;0;0;-19,14645111;-40,07635164;"SPRF-ES";"DEL04-ES";"UOP01-DEL04-ES"
742678;1663259;2025-12-30;"ter�a-feira";"22:10:00";"ES";101;120,2;"LINHARES";"N�o";"Transitar na contram�o";2;"Colis�o transversal";"Com V�timas Feridas";"Plena Noite";"Decrescente";"C�u Claro";"Simples";"Reta;Declive";"N�o";1326157;"Caminh�o-trator";"MAN/TGX 28.440 6X2 T/TGX 28.440 6X2 T";2019;"Condutor";"Ileso";49;"Masculino";1;0;0;0;-19,14645111;-40,07635164;"SPRF-ES";"DEL04-ES";"UOP01-DEL04-ES"
742678;NA;2025-12-30;"ter�a-feira";"22:10:00";"ES";101;120,2;"LINHARES";"N�o";"Transitar na contram�o";2;"Colis�o transversal";"Com V�timas Feridas";"Plena Noite";"Decrescente";"C�u Claro";"Simples";"Reta;Declive";"N�o";1327524;"Semireboque";"SR/RANDON SR FG/RANDON SR FG";2012;NA;NA;NA;NA;NA;NA;NA;NA;-19,14645111;-40,07635164;"SPRF-ES";"DEL04-ES";"UOP01-DEL04-ES"
742678;1665742;2025-12-30;"ter�a-feira";"22:10:00";"ES";101;120,2;"LINHARES";"N�o";"Transitar na contram�o";2;"Colis�o transversal";"Com V�timas Feridas";"Plena Noite";"Decrescente";"C�u Claro";"Simples";"Reta;Declive";"N�o";1326158;"Camioneta";"I/GWM HAVAL H6 PREM HEV/GWM HAVAL H6 PREM HEV";2024;"Passageiro";"Ileso";32;"Feminino";1;0;0;0;-19,14645111;-40,07635164;"SPRF-ES";"DEL04-ES";"UOP01-DEL04-ES"
742678;1663260;2025-12-30;"ter�a-feira";"22:10:00";"ES";101;120,2;"LINHARES";"N�o";"Transitar na contram�o";2;"Colis�o transversal";"Com V�timas Feridas";"Plena Noite";"Decrescente";"C�u Claro";"Simples";"Reta;Declive";"N�o";1326158;"Camioneta";"I/GWM HAVAL H6 PREM HEV/GWM HAVAL H6 PREM HEV";2024;"Condutor";"Ileso";54;"Masculino";1;0;0;0;-19,14645111;-40,07635164;"SPRF-ES";"DEL04-ES";"UOP01-DEL04-ES"
742678;1665732;2025-12-30;"ter�a-feira";"22:10:00";"ES";101;120,2;"LINHARES";"N�o";"Transitar na contram�o";2;"Colis�o transversal";"Com V�timas Feridas";"Plena Noite";"Decrescente";"C�u Claro";"Simples";"Reta;Declive";"N�o";1326155;"Autom�vel";"TOYOTA/COROLLA XEI18VVT/COROLLA XEI18VVT";2007;"Passageiro";"Ileso";21;"Masculino";1;0;0;0;-19,14645111;-40,07635164;"SPRF-ES";"DEL04-ES";"UOP01-DEL04-ES"
742678;1663258;2025-12-30;"ter�a-feira";"22:10:00";"ES";101;120,2;"LINHARES";"N�o";"Transitar na contram�o";2;"Colis�o transversal";"Com V�timas Feridas";"Plena Noite";"Decrescente";"C�u Claro";"Simples";"Reta;Declive";"N�o";1326155;"Autom�vel";"TOYOTA/COROLLA XEI18VVT/COROLLA XEI18VVT";2007;"Condutor";"Les�es Leves";34;"Masculino";0;1;0;0;-19,14645111;-40,07635164;"SPRF-ES";"DEL04-ES";"UOP01-DEL04-ES"
742678;1663259;2025-12-30;"ter�a-feira";"22:10:00";"ES";101;120,2;"LINHARES";"N�o";"Transitar na contram�o";1;"Sa�da de leito carro��vel";"Com V�timas Feridas";"Plena Noite";"Decrescente";"C�u Claro";"Simples";"Reta;Declive";"N�o";1326157;"Caminh�o-trator";"MAN/TGX 28.440 6X2 T/TGX 28.440 6X2 T";2019;"Condutor";"Ileso";49;"Masculino";1;0;0;0;-19,14645111;-40,07635164;"SPRF-ES";"DEL04-ES";"UOP01-DEL04-ES"
742678;NA;2025-12-30;"ter�a-feira";"22:10:00";"ES";101;120,2;"LINHARES";"N�o";"Transitar na contram�o";1;"Sa�da de leito carro��vel";"Com V�timas Feridas";"Plena Noite";"Decrescente";"C�u Claro";"Simples";"Reta;Declive";"N�o";1327524;"Semireboque";"SR/RANDON SR FG/RANDON SR FG";2012;NA;NA;NA;NA;NA;NA;NA;NA;-19,14645111;-40,07635164;"SPRF-ES";"DEL04-ES";"UOP01-DEL04-ES"
742678;1665742;2025-12-30;"ter�a-feira";"22:10:00";"ES";101;120,2;"LINHARES";"N�o";"Transitar na contram�o";1;"Sa�da de leito carro��vel";"Com V�timas Feridas";"Plena Noite";"Decrescente";"C�u Claro";"Simples";"Reta;Declive";"N�o";1326158;"Camioneta";"I/GWM HAVAL H6 PREM HEV/GWM HAVAL H6 PREM HEV";2024;"Passageiro";"Ileso";32;"Feminino";1;0;0;0;-19,14645111;-40,07635164;"SPRF-ES";"DEL04-ES";"UOP01-DEL04-ES"
742678;1663260;2025-12-30;"ter�a-feira";"22:10:00";"ES";101;120,2;"LINHARES";"N�o";"Transitar na contram�o";1;"Sa�da de leito carro��vel";"Com V�timas Feridas";"Plena Noite";"Decrescente";"C�u Claro";"Simples";"Reta;Declive";"N�o";1326158;"Camioneta";"I/GWM HAVAL H6 PREM HEV/GWM HAVAL H6 PREM HEV";2024;"Condutor";"Ileso";54;"Masculino";1;0;0;0;-19,14645111;-40,07635164;"SPRF-ES";"DEL04-ES";"UOP01-DEL04-ES"
742678;1665732;2025-12-30;"ter�a-feira";"22:10:00";"ES";101;120,2;"LINHARES";"N�o";"Transitar na contram�o";1;"Sa�da de leito carro��vel";"Com V�timas Feridas";"Plena Noite";"Decrescente";"C�u Claro";"Simples";"Reta;Declive";"N�o";1326155;"Autom�vel";"TOYOTA/COROLLA XEI18VVT/COROLLA XEI18VVT";2007;"Passageiro";"Ileso";21;"Masculino";1;0;0;0;-19,14645111;-40,07635164;"SPRF-ES";"DEL04-ES";"UOP01-DEL04-ES"
742678;1663258;2025-12-30;"ter�a-feira";"22:10:00";"ES";101;120,2;"LINHARES";"N�o";"Transitar na contram�o";1;"Sa�da de leito carro��vel";"Com V�timas Feridas";"Plena Noite";"Decrescente";"C�u Claro";"Simples";"Reta;Declive";"N�o";1326155;"Autom�vel";"TOYOTA/COROLLA XEI18VVT/COROLLA XEI18VVT";2007;"Condutor";"Les�es Leves";34;"Masculino";0;1;0;0;-19,14645111;-40,07635164;"SPRF-ES";"DEL04-ES";"UOP01-DEL04-ES"
742678;1663259;2025-12-30;"ter�a-feira";"22:10:00";"ES";101;120,2;"LINHARES";"N�o";"Velocidade Incompat�vel";4;"Colis�o frontal";"Com V�timas Feridas";"Plena Noite";"Decrescente";"C�u Claro";"Simples";"Reta;Declive";"N�o";1326157;"Caminh�o-trator";"MAN/TGX 28.440 6X2 T/TGX 28.440 6X2 T";2019;"Condutor";"Ileso";49;"Masculino";1;0;0;0;-19,14645111;-40,07635164;"SPRF-ES";"DEL04-ES";"UOP01-DEL04-ES"
742678;NA;2025-12-30;"ter�a-feira";"22:10:00";"ES";101;120,2;"LINHARES";"N�o";"Velocidade Incompat�vel";4;"Colis�o frontal";"Com V�timas Feridas";"Plena Noite";"Decrescente";"C�u Claro";"Simples";"Reta;Declive";"N�o";1327524;"Semireboque";"SR/RANDON SR FG/RANDON SR FG";2012;NA;NA;NA;NA;NA;NA;NA;NA;-19,14645111;-40,07635164;"SPRF-ES";"DEL04-ES";"UOP01-DEL04-ES"
742678;1665742;2025-12-30;"ter�a-feira";"22:10:00";"ES";101;120,2;"LINHARES";"N�o";"Velocidade Incompat�vel";4;"Colis�o frontal";"Com V�timas Feridas";"Plena Noite";"Decrescente";"C�u Claro";"Simples";"Reta;Declive";"N�o";1326158;"Camioneta";"I/GWM HAVAL H6 PREM HEV/GWM HAVAL H6 PREM HEV";2024;"Passageiro";"Ileso";32;"Feminino";1;0;0;0;-19,14645111;-40,07635164;"SPRF-ES";"DEL04-ES";"UOP01-DEL04-ES"
742678;1663260;2025-12-30;"ter�a-feira";"22:10:00";"ES";101;120,2;"LINHARES";"N�o";"Velocidade Incompat�vel";4;"Colis�o frontal";"Com V�timas Feridas";"Plena Noite";"Decrescente";"C�u Claro";"Simples";"Reta;Declive";"N�o";1326158;"Camioneta";"I/GWM HAVAL H6 PREM HEV/GWM HAVAL H6 PREM HEV";2024;"Condutor";"Ileso";54;"Masculino";1;0;0;0;-19,14645111;-40,07635164;"SPRF-ES";"DEL04-ES";"UOP01-DEL04-ES"
742678;1665732;2025-12-30;"ter�a-feira";"22:10:00";"ES";101;120,2;"LINHARES";"N�o";"Velocidade Incompat�vel";4;"Colis�o frontal";"Com V�timas Feridas";"Plena Noite";"Decrescente";"C�u Claro";"Simples";"Reta;Declive";"N�o";1326155;"Autom�vel";"TOYOTA/COROLLA XEI18VVT/COROLLA XEI18VVT";2007;"Passageiro";"Ileso";21;"Masculino";1;0;0;0;-19,14645111;-40,07635164;"SPRF-ES";"DEL04-ES";"UOP01-DEL04-ES"
742678;1663258;2025-12-30;"ter�a-feira";"22:10:00";"ES";101;120,2;"LINHARES";"N�o";"Velocidade Incompat�vel";4;"Colis�o frontal";"Com V�timas Feridas";"Plena Noite";"Decrescente";"C�u Claro";"Simples";"Reta;Declive";"N�o";1326155;"Autom�vel";"TOYOTA/COROLLA XEI18VVT/COROLLA XEI18VVT";2007;"Condutor";"Les�es Leves";34;"Masculino";0;1;0;0;-19,14645111;-40,07635164;"SPRF-ES";"DEL04-ES";"UOP01-DEL04-ES"
742678;1663259;2025-12-30;"ter�a-feira";"22:10:00";"ES";101;120,2;"LINHARES";"N�o";"Velocidade Incompat�vel";3;"Colis�o lateral sentido oposto";"Com V�timas Feridas";"Plena Noite";"Decrescente";"C�u Claro";"Simples";"Reta;Declive";"N�o";1326157;"Caminh�o-trator";"MAN/TGX 28.440 6X2 T/TGX 28.440 6X2 T";2019;"Condutor";"Ileso";49;"Masculino";1;0;0;0;-19,14645111;-40,07635164;"SPRF-ES";"DEL04-ES";"UOP01-DEL04-ES"
742678;NA;2025-12-30;"ter�a-feira";"22:10:00";"ES";101;120,2;"LINHARES";"N�o";"Velocidade Incompat�vel";3;"Colis�o lateral sentido oposto";"Com V�timas Feridas";"Plena Noite";"Decrescente";"C�u Claro";"Simples";"Reta;Declive";"N�o";1327524;"Semireboque";"SR/RANDON SR FG/RANDON SR FG";2012;NA;NA;NA;NA;NA;NA;NA;NA;-19,14645111;-40,07635164;"SPRF-ES";"DEL04-ES";"UOP01-DEL04-ES"
742678;1665742;2025-12-30;"ter�a-feira";"22:10:00";"ES";101;120,2;"LINHARES";"N�o";"Velocidade Incompat�vel";3;"Colis�o lateral sentido oposto";"Com V�timas Feridas";"Plena Noite";"Decrescente";"C�u Claro";"Simples";"Reta;Declive";"N�o";1326158;"Camioneta";"I/GWM HAVAL H6 PREM HEV/GWM HAVAL H6 PREM HEV";2024;"Passageiro";"Ileso";32;"Feminino";1;0;0;0;-19,14645111;-40,07635164;"SPRF-ES";"DEL04-ES";"UOP01-DEL04-ES"
742678;1663260;2025-12-30;"ter�a-feira";"22:10:00";"ES";101;120,2;"LINHARES";"N�o";"Velocidade Incompat�vel";3;"Colis�o lateral sentido oposto";"Com V�timas Feridas";"Plena Noite";"Decrescente";"C�u Claro";"Simples";"Reta;Declive";"N�o";1326158;"Camioneta";"I/GWM HAVAL H6 PREM HEV/GWM HAVAL H6 PREM HEV";2024;"Condutor";"Ileso";54;"Masculino";1;0;0;0;-19,14645111;-40,07635164;"SPRF-ES";"DEL04-ES";"UOP01-DEL04-ES"
742678;1665732;2025-12-30;"ter�a-feira";"22:10:00";"ES";101;120,2;"LINHARES";"N�o";"Velocidade Incompat�vel";3;"Colis�o lateral sentido oposto";"Com V�timas Feridas";"Plena Noite";"Decrescente";"C�u Claro";"Simples";"Reta;Declive";"N�o";1326155;"Autom�vel";"TOYOTA/COROLLA XEI18VVT/COROLLA XEI18VVT";2007;"Passageiro";"Ileso";21;"Masculino";1;0;0;0;-19,14645111;-40,07635164;"SPRF-ES";"DEL04-ES";"UOP01-DEL04-ES"
742678;1663258;2025-12-30;"ter�a-feira";"22:10:00";"ES";101;120,2;"LINHARES";"N�o";"Velocidade Incompat�vel";3;"Colis�o lateral sentido oposto";"Com V�timas Feridas";"Plena Noite";"Decrescente";"C�u Claro";"Simples";"Reta;Declive";"N�o";1326155;"Autom�vel";"TOYOTA/COROLLA XEI18VVT/COROLLA XEI18VVT";2007;"Condutor";"Les�es Leves";34;"Masculino";0;1;0;0;-19,14645111;-40,07635164;"SPRF-ES";"DEL04-ES";"UOP01-DEL04-ES"
742678;1663259;2025-12-30;"ter�a-feira";"22:10:00";"ES";101;120,2;"LINHARES";"N�o";"Velocidade Incompat�vel";2;"Colis�o transversal";"Com V�timas Feridas";"Plena Noite";"Decrescente";"C�u Claro";"Simples";"Reta;Declive";"N�o";1326157;"Caminh�o-trator";"MAN/TGX 28.440 6X2 T/TGX 28.440 6X2 T";2019;"Condutor";"Ileso";49;"Masculino";1;0;0;0;-19,14645111;-40,07635164;"SPRF-ES";"DEL04-ES";"UOP01-DEL04-ES"
742678;NA;2025-12-30;"ter�a-feira";"22:10:00";"ES";101;120,2;"LINHARES";"N�o";"Velocidade Incompat�vel";2;"Colis�o transversal";"Com V�timas Feridas";"Plena Noite";"Decrescente";"C�u Claro";"Simples";"Reta;Declive";"N�o";1327524;"Semireboque";"SR/RANDON SR FG/RANDON SR FG";2012;NA;NA;NA;NA;NA;NA;NA;NA;-19,14645111;-40,07635164;"SPRF-ES";"DEL04-ES";"UOP01-DEL04-ES"
742678;1665742;2025-12-30;"ter�a-feira";"22:10:00";"ES";101;120,2;"LINHARES";"N�o";"Velocidade Incompat�vel";2;"Colis�o transversal";"Com V�timas Feridas";"Plena Noite";"Decrescente";"C�u Claro";"Simples";"Reta;Declive";"N�o";1326158;"Camioneta";"I/GWM HAVAL H6 PREM HEV/GWM HAVAL H6 PREM HEV";2024;"Passageiro";"Ileso";32;"Feminino";1;0;0;0;-19,14645111;-40,07635164;"SPRF-ES";"DEL04-ES";"UOP01-DEL04-ES"
742678;1663260;2025-12-30;"ter�a-feira";"22:10:00";"ES";101;120,2;"LINHARES";"N�o";"Velocidade Incompat�vel";2;"Colis�o transversal";"Com V�timas Feridas";"Plena Noite";"Decrescente";"C�u Claro";"Simples";"Reta;Declive";"N�o";1326158;"Camioneta";"I/GWM HAVAL H6 PREM HEV/GWM HAVAL H6 PREM HEV";2024;"Condutor";"Ileso";54;"Masculino";1;0;0;0;-19,14645111;-40,07635164;"SPRF-ES";"DEL04-ES";"UOP01-DEL04-ES"
742678;1665732;2025-12-30;"ter�a-feira";"22:10:00";"ES";101;120,2;"LINHARES";"N�o";"Velocidade Incompat�vel";2;"Colis�o transversal";"Com V�timas Feridas";"Plena Noite";"Decrescente";"C�u Claro";"Simples";"Reta;Declive";"N�o";1326155;"Autom�vel";"TOYOTA/COROLLA XEI18VVT/COROLLA XEI18VVT";2007;"Passageiro";"Ileso";21;"Masculino";1;0;0;0;-19,14645111;-40,07635164;"SPRF-ES";"DEL04-ES";"UOP01-DEL04-ES"
742678;1663258;2025-12-30;"ter�a-feira";"22:10:00";"ES";101;120,2;"LINHARES";"N�o";"Velocidade Incompat�vel";2;"Colis�o transversal";"Com V�timas Feridas";"Plena Noite";"Decrescente";"C�u Claro";"Simples";"Reta;Declive";"N�o";1326155;"Autom�vel";"TOYOTA/COROLLA XEI18VVT/COROLLA XEI18VVT";2007;"Condutor";"Les�es Leves";34;"Masculino";0;1;0;0;-19,14645111;-40,07635164;"SPRF-ES";"DEL04-ES";"UOP01-DEL04-ES"
742678;1663259;2025-12-30;"ter�a-feira";"22:10:00";"ES";101;120,2;"LINHARES";"N�o";"Velocidade Incompat�vel";1;"Sa�da de leito carro��vel";"Com V�timas Feridas";"Plena Noite";"Decrescente";"C�u Claro";"Simples";"Reta;Declive";"N�o";1326157;"Caminh�o-trator";"MAN/TGX 28.440 6X2 T/TGX 28.440 6X2 T";2019;"Condutor";"Ileso";49;"Masculino";1;0;0;0;-19,14645111;-40,07635164;"SPRF-ES";"DEL04-ES";"UOP01-DEL04-ES"
742678;NA;2025-12-30;"ter�a-feira";"22:10:00";"ES";101;120,2;"LINHARES";"N�o";"Velocidade Incompat�vel";1;"Sa�da de leito carro��vel";"Com V�timas Feridas";"Plena Noite";"Decrescente";"C�u Claro";"Simples";"Reta;Declive";"N�o";1327524;"Semireboque";"SR/RANDON SR FG/RANDON SR FG";2012;NA;NA;NA;NA;NA;NA;NA;NA;-19,14645111;-40,07635164;"SPRF-ES";"DEL04-ES";"UOP01-DEL04-ES"
742678;1665742;2025-12-30;"ter�a-feira";"22:10:00";"ES";101;120,2;"LINHARES";"N�o";"Velocidade Incompat�vel";1;"Sa�da de leito carro��vel";"Com V�timas Feridas";"Plena Noite";"Decrescente";"C�u Claro";"Simples";"Reta;Declive";"N�o";1326158;"Camioneta";"I/GWM HAVAL H6 PREM HEV/GWM HAVAL H6 PREM HEV";2024;"Passageiro";"Ileso";32;"Feminino";1;0;0;0;-19,14645111;-40,07635164;"SPRF-ES";"DEL04-ES";"UOP01-DEL04-ES"
742678;1663260;2025-12-30;"ter�a-feira";"22:10:00";"ES";101;120,2;"LINHARES";"N�o";"Velocidade Incompat�vel";1;"Sa�da de leito carro��vel";"Com V�timas Feridas";"Plena Noite";"Decrescente";"C�u Claro";"Simples";"Reta;Declive";"N�o";1326158;"Camioneta";"I/GWM HAVAL H6 PREM HEV/GWM HAVAL H6 PREM HEV";2024;"Condutor";"Ileso";54;"Masculino";1;0;0;0;-19,14645111;-40,07635164;"SPRF-ES";"DEL04-ES";"UOP01-DEL04-ES"
742678;1665732;2025-12-30;"ter�a-feira";"22:10:00";"ES";101;120,2;"LINHARES";"N�o";"Velocidade Incompat�vel";1;"Sa�da de leito carro��vel";"Com V�timas Feridas";"Plena Noite";"Decrescente";"C�u Claro";"Simples";"Reta;Declive";"N�o";1326155;"Autom�vel";"TOYOTA/COROLLA XEI18VVT/COROLLA XEI18VVT";2007;"Passageiro";"Ileso";21;"Masculino";1;0;0;0;-19,14645111;-40,07635164;"SPRF-ES";"DEL04-ES";"UOP01-DEL04-ES"