"id";"pesid";"data_inversa";"dia_semana";"horario";"uf";"br";"km";"municipio";"causa_principal";"causa_acidente";"ordem_tipo_acidente";"tipo_acidente";"classificacao_acidente";"fase_dia";"sentido_via";"condicao_metereologica";"tipo_pista";"tracado_via";"uso_solo";"id_veiculo";"tipo_veiculo";"marca";"ano_fabricacao_veiculo";"tipo_envolvido";"estado_fisico";"idade";"sexo";"ilesos";"feridos_leves";"feridos_graves";"mortos";"latitude";"longitude";"regional";"delegacia";"uop"
742678;1663258;2025-12-30;"ter�a-feira";"22:10:00";"ES";101;120,2;"LINHARES";"N�o";"Velocidade Incompat�vel";1;"Sa�da de leito carro��vel";"Com V�timas Feridas";"Plena Noite";"Decrescente";"C�u Claro";"Simples";"Reta;Declive";"N�o";1326155;"Autom�vel";"TOYOTA/COROLLA XEI18VVT/COROLLA XEI18VVT";2007;"Condutor";"Les�es Leves";34;"Masculino";0;1;0;0;-19,14645111;-40,07635164;"SPRF-ES";"DEL04-ES";"UOP01-DEL04-ES"
742678;1663259;2025-12-30;"ter�a-feira";"22:10:00";"ES";101;120,2;"LINHARES";"Sim";"Ultrapassagem Indevida";4;"Colis�o frontal";"Com V�timas Feridas";"Plena Noite";"Decrescente";"C�u Claro";"Simples";"Reta;Declive";"N�o";1326157;"Caminh�o-trator";"MAN/TGX 28.440 6X2 T/TGX 28.440 6X2 T";2019;"Condutor";"Ileso";49;"Masculino";1;0;0;0;-19,14645111;-40,07635164;"SPRF-ES";"DEL04-ES";"UOP01-DEL04-ES"
742678;NA;2025-12-30;"ter�a-feira";"22:10:00";"ES";101;120,2;"LINHARES";"Sim";"Ultrapassagem Indevida";4;"Colis�o frontal";"Com V�timas Feridas";"Plena Noite";"Decrescente";"C�u Claro";"Simples";"Reta;Declive";"N�o";1327524;"Semireboque";"SR/RANDON SR FG/RANDON SR FG";2012;NA;NA;NA;NA;NA;NA;NA;NA;-19,14645111;-40,07635164;"SPRF-ES";"DEL04-ES";"UOP01-DEL04-ES"
742678;1665742;2025-12-30;"ter�a-feira";"22:10:00";"ES";101;120,2;"LINHARES";"Sim";"Ultrapassagem Indevida";4;"Colis�o frontal";"Com V�timas Feridas";"Plena Noite";"Decrescente";"C�u Claro";"Simples";"Reta;Declive";"N�o";1326158;"Camioneta";"I/GWM HAVAL H6 PREM HEV/GWM HAVAL H6 PREM HEV";2024;"Passageiro";"Ileso";32;"Feminino";1;0;0;0;-19,14645111;-40,07635164;"SPRF-ES";"DEL04-ES";"UOP01-DEL04-ES"
742678;1663260;2025-12-30;"ter�a-feira";"22:10:00";"ES";101;120,2;"LINHARES";"Sim";"Ultrapassagem Indevida";4;"Colis�o frontal";"Com V�timas Feridas";"Plena Noite";"Decrescente";"C�u Claro";"Simples";"Reta;Declive";"N�o";1326158;"Camioneta";"I/GWM HAVAL H6 PREM HEV/GWM HAVAL H6 PREM HEV";2024;"Condutor";"Ileso";54;"Masculino";1;0;0;0;-19,14645111;-40,07635164;"SPRF-ES";"DEL04-ES";"UOP01-DEL04-ES"
742678;1665732;2025-12-30;"ter�a-feira";"22:10:00";"ES";101;120,2;"LINHARES";"Sim";"Ultrapassagem Indevida";4;"Colis�o frontal";"Com V�timas Feridas";"Plena Noite";"Decrescente";"C�u Claro";"Simples";"Reta;Declive";"N�o";1326155;"Autom�vel";"TOYOTA/COROLLA XEI18VVT/COROLLA XEI18VVT";2007;"Passageiro";"Ileso";21;"Masculino";1;0;0;0;-19,14645111;-40,07635164;"SPRF-ES";"DEL04-ES";"UOP01-DEL04-ES"
742678;1663258;2025-12-30;"ter�a-feira";"22:10:00";"ES";101;120,2;"LINHARES";"Sim";"Ultrapassagem Indevida";4;"Colis�o frontal";"Com V�timas Feridas";"Plena Noite";"Decrescente";"C�u Claro";"Simples";"Reta;Declive";"N�o";1326155;"Autom�vel";"TOYOTA/COROLLA XEI18VVT/COROLLA XEI18VVT";2007;"Condutor";"Les�es Leves";34;"Masculino";0;1;0;0;-19,14645111;-40,07635164;"SPRF-ES";"DEL04-ES";"UOP01-DEL04-ES"
742678;1663259;2025-12-30;"ter�a-feira";"22:10:00";"ES";101;120,2;"LINHARES";"Sim";"Ultrapassagem Indevida";3;"Colis�o lateral sentido oposto";"Com V�timas Feridas";"Plena Noite";"Decrescente";"C�u Claro";"Simples";"Reta;Declive";"N�o";1326157;"Caminh�o-trator";"MAN/TGX 28.440 6X2 T/TGX 28.440 6X2 T";2019;"Condutor";"Ileso";49;"Masculino";1;0;0;0;-19,14645111;-40,07635164;"SPRF-ES";"DEL04-ES";"UOP01-DEL04-ES"
742678;NA;2025-12-30;"ter�a-feira";"22:10:00";"ES";101;120,2;"LINHARES";"Sim";"Ultrapassagem Indevida";3;"Colis�o lateral sentido oposto";"Com V�timas Feridas";"Plena Noite";"Decrescente";"C�u Claro";"Simples";"Reta;Declive";"N�o";1327524;"Semireboque";"SR/RANDON SR FG/RANDON SR FG";2012;NA;NA;NA;NA;NA;NA;NA;NA;-19,14645111;-40,07635164;"SPRF-ES";"DEL04-ES";"UOP01-DEL04-ES"
742678;1665742;2025-12-30;"ter�a-feira";"22:10:00";"ES";101;120,2;"LINHARES";"Sim";"Ultrapassagem Indevida";3;"Colis�o lateral sentido oposto";"Com V�timas Feridas";"Plena Noite";"Decrescente";"C�u Claro";"Simples";"Reta;Declive";"N�o";1326158;"Camioneta";"I/GWM HAVAL H6 PREM HEV/GWM HAVAL H6 PREM HEV";2024;"Passageiro";"Ileso";32;"Feminino";1;0;0;0;-19,14645111;-40,07635164;"SPRF-ES";"DEL04-ES";"UOP01-DEL04-ES"
742678;1663260;2025-12-30;"ter�a-feira";"22:10:00";"ES";101;120,2;"LINHARES";"Sim";"Ultrapassagem Indevida";3;"Colis�o lateral sentido oposto";"Com V�timas Feridas";"Plena Noite";"Decrescente";"C�u Claro";"Simples";"Reta;Declive";"N�o";1326158;"Camioneta";"I/GWM HAVAL H6 PREM HEV/GWM HAVAL H6 PREM HEV";2024;"Condutor";"Ileso";54;"Masculino";1;0;0;0;-19,14645111;-40,07635164;"SPRF-ES";"DEL04-ES";"UOP01-DEL04-ES"
742678;1665732;2025-12-30;"ter�a-feira";"22:10:00";"ES";101;120,2;"LINHARES";"Sim";"Ultrapassagem Indevida";3;"Colis�o lateral sentido oposto";"Com V�timas Feridas";"Plena Noite";"Decrescente";"C�u Claro";"Simples";"Reta;Declive";"N�o";1326155;"Autom�vel";"TOYOTA/COROLLA XEI18VVT/COROLLA XEI18VVT";2007;"Passageiro";"Ileso";21;"Masculino";1;0;0;0;-19,14645111;-40,07635164;"SPRF-ES";"DEL04-ES";"UOP01-DEL04-ES"
742678;1663258;2025-12-30;"ter�a-feira";"22:10:00";"ES";101;120,2;"LINHARES";"Sim";"Ultrapassagem Indevida";3;"Colis�o lateral sentido oposto";"Com V�timas Feridas";"Plena Noite";"Decrescente";"C�u Claro";"Simples";"Reta;Declive";"N�o";1326155;"Autom�vel";"TOYOTA/COROLLA XEI18VVT/COROLLA XEI18VVT";2007;"Condutor";"Les�es Leves";34;"Masculino";0;1;0;0;-19,14645111;-40,07635164;"SPRF-ES";"DEL04-ES";"UOP01-DEL04-ES"
742678;1663259;2025-12-30;"ter�a-feira";"22:10:00";"ES";101;120,2;"LINHARES";"Sim";"Ultrapassagem Indevida";2;"Colis�o transversal";"Com V�timas Feridas";"Plena Noite";"Decrescente";"C�u Claro";"Simples";"Reta;Declive";"N�o";1326157;"Caminh�o-trator";"MAN/TGX 28.440 6X2 T/TGX 28.440 6X2 T";2019;"Condutor";"Ileso";49;"Masculino";1;0;0;0;-19,14645111;-40,07635164;"SPRF-ES";"DEL04-ES";"UOP01-DEL04-ES"
742678;NA;2025-12-30;"ter�a-feira";"22:10:00";"ES";101;120,2;"LINHARES";"Sim";"Ultrapassagem Indevida";2;"Colis�o transversal";"Com V�timas Feridas";"Plena Noite";"Decrescente";"C�u Claro";"Simples";"Reta;Declive";"N�o";1327524;"Semireboque";"SR/RANDON SR FG/RANDON SR FG";2012;NA;NA;NA;NA;NA;NA;NA;NA;-19,14645111;-40,07635164;"SPRF-ES";"DEL04-ES";"UOP01-DEL04-ES"
742678;1665742;2025-12-30;"ter�a-feira";"22:10:00";"ES";101;120,2;"LINHARES";"Sim";"Ultrapassagem Indevida";2;"Colis�o transversal";"Com V�timas Feridas";"Plena Noite";"Decrescente";"C�u Claro";"Simples";"Reta;Declive";"N�o";1326158;"Camioneta";"I/GWM HAVAL H6 PREM HEV/GWM HAVAL H6 PREM HEV";2024;"Passageiro";"Ileso";32;"Feminino";1;0;0;0;-19,14645111;-40,07635164;"SPRF-ES";"DEL04-ES";"UOP01-DEL04-ES"
742678;1663260;2025-12-30;"ter�a-feira";"22:10:00";"ES";101;120,2;"LINHARES";"Sim";"Ultrapassagem Indevida";2;"Colis�o transversal";"Com V�timas Feridas";"Plena Noite";"Decrescente";"C�u Claro";"Simples";"Reta;Declive";"N�o";1326158;"Camioneta";"I/GWM HAVAL H6 PREM HEV/GWM HAVAL H6 PREM HEV";2024;"Condutor";"Ileso";54;"Masculino";1;0;0;0;-19,14645111;-40,07635164;"SPRF-ES";"DEL04-ES";"UOP01-DEL04-ES"
742678;1665732;2025-12-30;"ter�a-feira";"22:10:00";"ES";101;120,2;"LINHARES";"Sim";"Ultrapassagem Indevida";2;"Colis�o transversal";"Com V�timas Feridas";"Plena Noite";"Decrescente";"C�u Claro";"Simples";"Reta;Declive";"N�o";1326155;"Autom�vel";"TOYOTA/COROLLA XEI18VVT/COROLLA XEI18VVT";2007;"Passageiro";"Ileso";21;"Masculino";1;0;0;0;-19,14645111;-40,07635164;"SPRF-ES";"DEL04-ES";"UOP01-DEL04-ES"
742678;1663258;2025-12-30;"ter�a-feira";"22:10:00";"ES";101;120,2;"LINHARES";"Sim";"Ultrapassagem Indevida";2;"Colis�o transversal";"Com V�timas Feridas";"Plena Noite";"Decrescente";"C�u Claro";"Simples";"Reta;Declive";"N�o";1326155;"Autom�vel";"TOYOTA/COROLLA XEI18VVT/COROLLA XEI18VVT";2007;"Condutor";"Les�es Leves";34;"Masculino";0;1;0;0;-19,14645111;-40,07635164;"SPRF-ES";"DEL04-ES";"UOP01-DEL04-ES"
742678;1663259;2025-12-30;"ter�a-feira";"22:10:00";"ES";101;120,2;"LINHARES";"Sim";"Ultrapassagem Indevida";1;"Sa�da de leito carro��vel";"Com V�timas Feridas";"Plena Noite";"Decrescente";"C�u Claro";"Simples";"Reta;Declive";"N�o";1326157;"Caminh�o-trator";"MAN/TGX 28.440 6X2 T/TGX 28.440 6X2 T";2019;"Condutor";"Ileso";49;"Masculino";1;0;0;0;-19,14645111;-40,07635164;"SPRF-ES";"DEL04-ES";"UOP01-DEL04-ES"
742678;NA;2025-12-30;"ter�a-feira";"22:10:00";"ES";101;120,2;"LINHARES";"Sim";"Ultrapassagem Indevida";1;"Sa�da de leito carro��vel";"Com V�timas Feridas";"Plena Noite";"Decrescente";"C�u Claro";"Simples";"Reta;Declive";"N�o";1327524;"Semireboque";"SR/RANDON SR FG/RANDON SR FG";2012;NA;NA;NA;NA;NA;NA;NA;NA;-19,14645111;-40,07635164;"SPRF-ES";"DEL04-ES";"UOP01-DEL04-ES"
742678;1665742;2025-12-30;"ter�a-feira";"22:10:00";"ES";101;120,2;"LINHARES";"Sim";"Ultrapassagem Indevida";1;"Sa�da de leito carro��vel";"Com V�timas Feridas";"Plena Noite";"Decrescente";"C�u Claro";"Simples";"Reta;Declive";"N�o";1326158;"Camioneta";"I/GWM HAVAL H6 PREM HEV/GWM HAVAL H6 PREM HEV";2024;"Passageiro";"Ileso";32;"Feminino";1;0;0;0;-19,14645111;-40,07635164;"SPRF-ES";"DEL04-ES";"UOP01-DEL04-ES"
742678;1663260;2025-12-30;"ter�a-feira";"22:10:00";"ES";101;120,2;"LINHARES";"Sim";"Ultrapassagem Indevida";1;"Sa�da de leito carro��vel";"Com V�timas Feridas";"Plena Noite";"Decrescente";"C�u Claro";"Simples";"Reta;Declive";"N�o";1326158;"Camioneta";"I/GWM HAVAL H6 PREM HEV/GWM HAVAL H6 PREM HEV";2024;"Condutor";"Ileso";54;"Masculino";1;0;0;0;-19,14645111;-40,07635164;"SPRF-ES";"DEL04-ES";"UOP01-DEL04-ES"
742678;1665732;2025-12-30;"ter�a-feira";"22:10:00";"ES";101;120,2;"LINHARES";"Sim";"Ultrapassagem Indevida";1;"Sa�da de leito carro��vel";"Com V�timas Feridas";"Plena Noite";"Decrescente";"C�u Claro";"Simples";"Reta;Declive";"N�o";1326155;"Autom�vel";"TOYOTA/COROLLA XEI18VVT/COROLLA XEI18VVT";2007;"Passageiro";"Ileso";21;"Masculino";1;0;0;0;-19,14645111;-40,07635164;"SPRF-ES";"DEL04-ES";"UOP01-DEL04-ES"
742678;1663258;2025-12-30;"ter�a-feira";"22:10:00";"ES";101;120,2;"LINHARES";"Sim";"Ultrapassagem Indevida";1;"Sa�da de leito carro��vel";"Com V�timas Feridas";"Plena Noite";"Decrescente";"C�u Claro";"Simples";"Reta;Declive";"N�o";1326155;"Autom�vel";"TOYOTA/COROLLA XEI18VVT/COROLLA XEI18VVT";2007;"Condutor";"Les�es Leves";34;"Masculino";0;1;0;0;-19,14645111;-40,07635164;"SPRF-ES";"DEL04-ES";"UOP01-DEL04-ES"
742679;1663181;2025-12-30;"ter�a-feira";"17:50:00";"BA";101;808;"ITAMARAJU";"Sim";"Condutor deixou de manter dist�ncia do ve�culo da frente";1;"Colis�o traseira";"Sem V�timas";"Anoitecer";"Crescente";"C�u Claro";"Dupla";"Reta";"Sim";1326091;"Autom�vel";"VW/POLO 1.6 SPORTLINE/POLO 1.6 SPORTLINE";2007;"Condutor";"Ileso";31;"Masculino";1;0;0;0;-17,025165;-39,540475;"SPRF-BA";"DEL09-BA";"UOP01-DEL09-BA"
742679;1665845;2025-12-30;"ter�a-feira";"17:50:00";"BA";101;808;"ITAMARAJU";"Sim";"Condutor deixou de manter dist�ncia do ve�culo da frente";1;"Colis�o traseira";"Sem V�timas";"Anoitecer";"Crescente";"C�u Claro";"Dupla";"Reta";"Sim";1326090;"Autom�vel";"CHEVROLET/CELTA 1.0L LS/CELTA 1.0L LS";2011;"Passageiro";"Ileso";14;"Feminino";1;0;0;0;-17,025165;-39,540475;"SPRF-BA";"DEL09-BA";"UOP01-DEL09-BA"
742679;1665844;2025-12-30;"ter�a-feira";"17:50:00";"BA";101;808;"ITAMARAJU";"Sim";"Condutor deixou de manter dist�ncia do ve�culo da frente";1;"Colis�o traseira";"Sem V�timas";"Anoitecer";"Crescente";"C�u Claro";"Dupla";"Reta";"Sim";1326090;"Autom�vel";"CHEVROLET/CELTA 1.0L LS/CELTA 1.0L LS";2011;"Passageiro";"Ileso";30;"Feminino";1;0;0;0;-17,025165;-39,540475;"SPRF-BA";"DEL09-BA";"UOP01-DEL09-BA"
742679;1663182;2025-12-30;"ter�a-feira";"17:50:00";"BA";101;808;"ITAMARAJU";"Sim";"Condutor deixou de manter dist�ncia do ve�culo da frente";1;"Colis�o traseira";"Sem V�timas";"Anoitecer";"Crescente";"C�u Claro";"Dupla";"Reta";"Sim";1326090;"Autom�vel";"CHEVROLET/CELTA 1.0L LS/CELTA 1.0L LS";2011;"Condutor";"Ileso";43;"Masculino";1;0;0;0;-17,025165;-39,540475;"SPRF-BA";"DEL09-BA";"UOP01-DEL09-BA"
742680;1663204;2025-12-30;"ter�a-feira";"22:03:00";"SP";153;25,7;"NOVA GRANADA";"Sim";"Acessar a via sem observar a presen�a dos outros ve�culos";1;"Colis�o transversal";"Com V�timas Feridas";"Plena Noite";"Crescente";"C�u Claro";"Simples";"Interse��o de Vias;Reta";"N�o";1326106;"Autom�vel";"GM/CELTA 4P SPIRIT/CELTA 4P SPIRIT";2006;"Passageiro";"Les�es Graves";28;"Feminino";0;0;1;0;-20,50168;-49,32048;"SPRF-SP";"DEL09-SP";"UOP01-DEL09-SP"
742680;1663203;2025-12-30;"ter�a-feira";"22:03:00";"SP";153;25,7;"NOVA GRANADA";"Sim";"Acessar a via sem observar a presen�a dos outros ve�culos";1;"Colis�o transversal";"Com V�timas Feridas";"Plena Noite";"Crescente";"C�u Claro";"Simples";"Interse��o de Vias;Reta";"N�o";1326106;"Autom�vel";"GM/CELTA 4P SPIRIT/CELTA 4P SPIRIT";2006;"Condutor";"Les�es Graves";28;"Feminino";0;0;1;0;-20,50168;-49,32048;"SPRF-SP";"DEL09-SP";"UOP01-DEL09-SP"
742680;1663202;2025-12-30;"ter�a-feira";"22:03:00";"SP";153;25,7;"NOVA GRANADA";"Sim";"Acessar a via sem observar a presen�a dos outros ve�culos";1;"Colis�o transversal";"Com V�timas Feridas";"Plena Noite";"Crescente";"C�u Claro";"Simples";"Interse��o de Vias;Reta";"N�o";1326105;"Caminhonete";"FIAT/STRADA ENDURAN CS13/STRADA ENDURAN CS13";2024;"Condutor";"Ileso";37;"Masculino";1;0;0;0;-20,50168;-49,32048;"SPRF-SP";"DEL09-SP";"UOP01-DEL09-SP"
742681;1663230;2025-12-30;"ter�a-feira";"22:00:00";"PA";316;111;"SANTA MARIA DO PARA";"N�o";"Acessar a via sem observar a presen�a dos outros ve�culos";1;"Colis�o transversal";"Com V�timas Feridas";"Plena Noite";"Decrescente";"C�u Claro";"Simples";"Retorno Regulamentado;Reta;Declive";"N�o";1326127;"Autom�vel";"VW/POLO TRACK MA/POLO TRACK MA";2024;"Passageiro";"Les�es Leves";45;"Feminino";0;1;0;0;-1,316583;-47,511137;"SPRF-PA";"DEL01-PA";"UOP02-DEL01-PA"
742681;1663229;2025-12-30;"ter�a-feira";"22:00:00";"PA";316;111;"SANTA MARIA DO PARA";"N�o";"Acessar a via sem observar a presen�a dos outros ve�culos";1;"Colis�o transversal";"Com V�timas Feridas";"Plena Noite";"Decrescente";"C�u Claro";"Simples";"Retorno Regulamentado;Reta;Declive";"N�o";1326127;"Autom�vel";"VW/POLO TRACK MA/POLO TRACK MA";2024;"Passageiro";"Ileso";41;"Masculino";1;0;0;0;-1,316583;-47,511137;"SPRF-PA";"DEL01-PA";"UOP02-DEL01-PA"
742681;1663228;2025-12-30;"ter�a-feira";"22:00:00";"PA";316;111;"SANTA MARIA DO PARA";"N�o";"Acessar a via sem observar a presen�a dos outros ve�culos";1;"Colis�o transversal";"Com V�timas Feridas";"Plena Noite";"Decrescente";"C�u Claro";"Simples";"Retorno Regulamentado;Reta;Declive";"N�o";1326127;"Autom�vel";"VW/POLO TRACK MA/POLO TRACK MA";2024;"Passageiro";"Les�es Leves";44;"Feminino";0;1;0;0;-1,316583;-47,511137;"SPRF-PA";"DEL01-PA";"UOP02-DEL01-PA"
742681;1663227;2025-12-30;"ter�a-feira";"22:00:00";"PA";316;111;"SANTA MARIA DO PARA";"N�o";"Acessar a via sem observar a presen�a dos outros ve�culos";1;"Colis�o transversal";"Com V�timas Feridas";"Plena Noite";"Decrescente";"C�u Claro";"Simples";"Retorno Regulamentado;Reta;Declive";"N�o";1326127;"Autom�vel";"VW/POLO TRACK MA/POLO TRACK MA";2024;"Condutor";"Ileso";26;"Masculino";1;0;0;0;-1,316583;-47,511137;"SPRF-PA";"DEL01-PA";"UOP02-DEL01-PA"
742681;1663226;2025-12-30;"ter�a-feira";"22:00:00";"PA";316;111;"SANTA MARIA DO PARA";"N�o";"Acessar a via sem observar a presen�a dos outros ve�culos";1;"Colis�o transversal";"Com V�timas Feridas";"Plena Noite";"Decrescente";"C�u Claro";"Simples";"Retorno Regulamentado;Reta;Declive";"N�o";1326121;"Caminh�o-trator";"MAN/TGX 29.440 6X4 T/TGX 29.440 6X4 T";2013;"Condutor";"Ileso";35;"Masculino";1;0;0;0;-1,316583;-47,511137;"SPRF-PA";"DEL01-PA";"UOP02-DEL01-PA"
742681;NA;2025-12-30;"ter�a-feira";"22:00:00";"PA";316;111;"SANTA MARIA DO PARA";"N�o";"Acessar a via sem observar a presen�a dos outros ve�culos";1;"Colis�o transversal";"Com V�timas Feridas";"Plena Noite";"Decrescente";"C�u Claro";"Simples";"Retorno Regulamentado;Reta;Declive";"N�o";1326126;"Semireboque";"REB/ROSSETTI SRBA ST3.25/ROSSETTI SRBA ST3.25";2004;NA;NA;NA;NA;NA;NA;NA;NA;-1,316583;-47,511137;"SPRF-PA";"DEL01-PA";"UOP02-DEL01-PA"
742681;NA;2025-12-30;"ter�a-feira";"22:00:00";"PA";316;111;"SANTA MARIA DO PARA";"N�o";"Acessar a via sem observar a presen�a dos outros ve�culos";1;"Colis�o transversal";"Com V�timas Feridas";"Plena Noite";"Decrescente";"C�u Claro";"Simples";"Retorno Regulamentado;Reta;Declive";"N�o";1326125;"Semireboque";"SR/PASTRE SRCAB 2EDT/PASTRE SRCAB 2EDT";2003;NA;NA;NA;NA;NA;NA;NA;NA;-1,316583;-47,511137;"SPRF-PA";"DEL01-PA";"UOP02-DEL01-PA"
742681;1663230;2025-12-30;"ter�a-feira";"22:00:00";"PA";316;111;"SANTA MARIA DO PARA";"Sim";"Desrespeitar a prefer�ncia no cruzamento";1;"Colis�o transversal";"Com V�timas Feridas";"Plena Noite";"Decrescente";"C�u Claro";"Simples";"Retorno Regulamentado;Reta;Declive";"N�o";1326127;"Autom�vel";"VW/POLO TRACK MA/POLO TRACK MA";2024;"Passageiro";"Les�es Leves";45;"Feminino";0;1;0;0;-1,316583;-47,511137;"SPRF-PA";"DEL01-PA";"UOP02-DEL01-PA"
742681;1663229;2025-12-30;"ter�a-feira";"22:00:00";"PA";316;111;"SANTA MARIA DO PARA";"Sim";"Desrespeitar a prefer�ncia no cruzamento";1;"Colis�o transversal";"Com V�timas Feridas";"Plena Noite";"Decrescente";"C�u Claro";"Simples";"Retorno Regulamentado;Reta;Declive";"N�o";1326127;"Autom�vel";"VW/POLO TRACK MA/POLO TRACK MA";2024;"Passageiro";"Ileso";41;"Masculino";1;0;0;0;-1,316583;-47,511137;"SPRF-PA";"DEL01-PA";"UOP02-DEL01-PA"
742681;1663228;2025-12-30;"ter�a-feira";"22:00:00";"PA";316;111;"SANTA MARIA DO PARA";"Sim";"Desrespeitar a prefer�ncia no cruzamento";1;"Colis�o transversal";"Com V�timas Feridas";"Plena Noite";"Decrescente";"C�u Claro";"Simples";"Retorno Regulamentado;Reta;Declive";"N�o";1326127;"Autom�vel";"VW/POLO TRACK MA/POLO TRACK MA";2024;"Passageiro";"Les�es Leves";44;"Feminino";0;1;0;0;-1,316583;-47,511137;"SPRF-PA";"DEL01-PA";"UOP02-DEL01-PA"
742681;1663227;2025-12-30;"ter�a-feira";"22:00:00";"PA";316;111;"SANTA MARIA DO PARA";"Sim";"Desrespeitar a prefer�ncia no cruzamento";1;"Colis�o transversal";"Com V�timas Feridas";"Plena Noite";"Decrescente";"C�u Claro";"Simples";"Retorno Regulamentado;Reta;Declive";"N�o";1326127;"Autom�vel";"VW/POLO TRACK MA/POLO TRACK MA";2024;"Condutor";"Ileso";26;"Masculino";1;0;0;0;-1,316583;-47,511137;"SPRF-PA";"DEL01-PA";"UOP02-DEL01-PA"
742681;1663226;2025-12-30;"ter�a-feira";"22:00:00";"PA";316;111;"SANTA MARIA DO PARA";"Sim";"Desrespeitar a prefer�ncia no cruzamento";1;"Colis�o transversal";"Com V�timas Feridas";"Plena Noite";"Decrescente";"C�u Claro";"Simples";"Retorno Regulamentado;Reta;Declive";"N�o";1326121;"Caminh�o-trator";"MAN/TGX 29.440 6X4 T/TGX 29.440 6X4 T";2013;"Condutor";"Ileso";35;"Masculino";1;0;0;0;-1,316583;-47,511137;"SPRF-PA";"DEL01-PA";"UOP02-DEL01-PA"
742681;NA;2025-12-30;"ter�a-feira";"22:00:00";"PA";316;111;"SANTA MARIA DO PARA";"Sim";"Desrespeitar a prefer�ncia no cruzamento";1;"Colis�o transversal";"Com V�timas Feridas";"Plena Noite";"Decrescente";"C�u Claro";"Simples";"Retorno Regulamentado;Reta;Declive";"N�o";1326126;"Semireboque";"REB/ROSSETTI SRBA ST3.25/ROSSETTI SRBA ST3.25";2004;NA;NA;NA;NA;NA;NA;NA;NA;-1,316583;-47,511137;"SPRF-PA";"DEL01-PA";"UOP02-DEL01-PA"
742681;NA;2025-12-30;"ter�a-feira";"22:00:00";"PA";316;111;"SANTA MARIA DO PARA";"Sim";"Desrespeitar a prefer�ncia no cruzamento";1;"Colis�o transversal";"Com V�timas Feridas";"Plena Noite";"Decrescente";"C�u Claro";"Simples";"Retorno Regulamentado;Reta;Declive";"N�o";1326125;"Semireboque";"SR/PASTRE SRCAB 2EDT/PASTRE SRCAB 2EDT";2003;NA;NA;NA;NA;NA;NA;NA;NA;-1,316583;-47,511137;"SPRF-PA";"DEL01-PA";"UOP02-DEL01-PA"
742682;1663197;2025-12-30;"ter�a-feira";"21:00:00";"RJ";116;18;"SAPUCAIA";"Sim";"Aus�ncia de rea��o do condutor";1;"Capotamento";"Com V�timas Feridas";"Plena Noite";"Crescente";"C�u Claro";"Simples";"Reta";"N�o";1326099;"Autom�vel";"VW/UP TAKE MA/UP TAKE MA";2016;"Condutor";"Les�es Leves";47;"Masculino";0;1;0;0;-21,92043372;-42,695961;"SPRF-RJ";"DEL05-RJ";"UOP01-DEL05-RJ"
742683;1663206;2025-12-30;"ter�a-feira";"23:00:00";"SC";101;204;"SAO JOSE";"Sim";"Aus�ncia de rea��o do condutor";1;"Queda de ocupante de ve�culo";"Com V�timas Feridas";"Plena Noite";"Crescente";"Garoa/Chuvisco";"M�ltipla";"Reta";"N�o";1326108;"Motocicleta";"YAMAHA/XTZ250 LANDER/XTZ250 LANDER";2022;"Condutor";"Les�es Leves";45;"Masculino";0;1;0;0;-27,57688713;-48,61348338;"SPRF-SC";"DEL01-SC";"UOP01-DEL01-SC"
742683;1663205;2025-12-30;"ter�a-feira";"23:00:00";"SC";101;204;"SAO JOSE";"Sim";"Aus�ncia de rea��o do condutor";1;"Queda de ocupante de ve�culo";"Com V�timas Feridas";"Plena Noite";"Crescente";"Garoa/Chuvisco";"M�ltipla";"Reta";"N�o";1326107;"Autom�vel";"HYUNDAI/HB20 10M LIMITED/HB20 10M LIMITED";2025;"Condutor";"Ileso";29;"Masculino";1;0;0;0;-27,57688713;-48,61348338;"SPRF-SC";"DEL01-SC";"UOP01-DEL01-SC"
742684;1663223;2025-12-30;"ter�a-feira";"23:25:00";"SP";381;82;"SAO PAULO";"Sim";"Estacionar ou parar em local proibido";1;"Colis�o traseira";"Com V�timas Feridas";"Plena Noite";"Decrescente";"Nublado";"M�ltipla";"Reta";"Sim";1326115;"�nibus";"SCANIA/MPOLO PARADISO R/MPOLO PARADISO R";2024;"Condutor";"Ileso";62;"Masculino";1;0;0;0;-23,43101519;-46,5698096;"SPRF-SP";"DEL03-SP";"UOP01-DEL03-SP"
742684;1663222;2025-12-30;"ter�a-feira";"23:25:00";"SP";381;82;"SAO PAULO";"Sim";"Estacionar ou parar em local proibido";1;"Colis�o traseira";"Com V�timas Feridas";"Plena Noite";"Decrescente";"Nublado";"M�ltipla";"Reta";"Sim";1326114;"Autom�vel";"FORD/FIESTA/FIESTA";1996;"Passageiro";"Les�es Leves";55;"Feminino";0;1;0;0;-23,43101519;-46,5698096;"SPRF-SP";"DEL03-SP";"UOP01-DEL03-SP"