"id";"pesid";"data_inversa";"dia_semana";"horario";"uf";"br";"km";"municipio";"causa_principal";"causa_acidente";"ordem_tipo_acidente";"tipo_acidente";"classificacao_acidente";"fase_dia";"sentido_via";"condicao_metereologica";"tipo_pista";"tracado_via";"uso_solo";"id_veiculo";"tipo_veiculo";"marca";"ano_fabricacao_veiculo";"tipo_envolvido";"estado_fisico";"idade";"sexo";"ilesos";"feridos_leves";"feridos_graves";"mortos";"latitude";"longitude";"regional";"delegacia";"uop"
742697;1663241;2025-12-30;"ter�a-feira";"22:39:00";"PE";116;28;"SALGUEIRO";"N�o";"Declive acentuado";2;"Sa�da de leito carro��vel";"Com V�timas Feridas";"Plena Noite";"Crescente";"Nublado";"Simples";"Reta";"N�o";1326133;"Caminh�o";"M.BENZ/AX0R 1933 S/AX0R 1933 S";2007;"Condutor";"Les�es Leves";56;"Masculino";0;1;0;0;-8,0999;-39,12475;"SPRF-PE";"DEL05-PE";"UOP01-DEL05-PE"
742697;1663241;2025-12-30;"ter�a-feira";"22:39:00";"PE";116;28;"SALGUEIRO";"N�o";"Declive acentuado";1;"Tombamento";"Com V�timas Feridas";"Plena Noite";"Crescente";"Nublado";"Simples";"Reta";"N�o";1326133;"Caminh�o";"M.BENZ/AX0R 1933 S/AX0R 1933 S";2007;"Condutor";"Les�es Leves";56;"Masculino";0;1;0;0;-8,0999;-39,12475;"SPRF-PE";"DEL05-PE";"UOP01-DEL05-PE"
742697;1663241;2025-12-30;"ter�a-feira";"22:39:00";"PE";116;28;"SALGUEIRO";"Sim";"Velocidade Incompat�vel";2;"Sa�da de leito carro��vel";"Com V�timas Feridas";"Plena Noite";"Crescente";"Nublado";"Simples";"Reta";"N�o";1326133;"Caminh�o";"M.BENZ/AX0R 1933 S/AX0R 1933 S";2007;"Condutor";"Les�es Leves";56;"Masculino";0;1;0;0;-8,0999;-39,12475;"SPRF-PE";"DEL05-PE";"UOP01-DEL05-PE"
742697;1663241;2025-12-30;"ter�a-feira";"22:39:00";"PE";116;28;"SALGUEIRO";"Sim";"Velocidade Incompat�vel";1;"Tombamento";"Com V�timas Feridas";"Plena Noite";"Crescente";"Nublado";"Simples";"Reta";"N�o";1326133;"Caminh�o";"M.BENZ/AX0R 1933 S/AX0R 1933 S";2007;"Condutor";"Les�es Leves";56;"Masculino";0;1;0;0;-8,0999;-39,12475;"SPRF-PE";"DEL05-PE";"UOP01-DEL05-PE"
742698;1663240;2025-12-30;"ter�a-feira";"23:45:00";"MG";262;786;"UBERABA";"Sim";"Estacionar ou parar em local proibido";1;"Colis�o com objeto";"Com V�timas Feridas";"Plena Noite";"Decrescente";"Nublado";"Dupla";"Declive;Reta";"N�o";1326137;"Motocicleta";"MOTTU/SPORT 110I/SPORT 110I";2024;"Condutor";"Les�es Graves";33;"Masculino";0;0;1;0;-19,77182153;-47,91145977;"SPRF-MG";"DEL13-MG";"UOP01-DEL13-MG"
742698;1663238;2025-12-30;"ter�a-feira";"23:45:00";"MG";262;786;"UBERABA";"Sim";"Estacionar ou parar em local proibido";1;"Colis�o com objeto";"Com V�timas Feridas";"Plena Noite";"Decrescente";"Nublado";"Dupla";"Declive;Reta";"N�o";1326136;"�nibus";"VOLVO/MPOLO PARADISO LD/MPOLO PARADISO LD";2014;"Passageiro";"Ileso";25;"Masculino";1;0;0;0;-19,77182153;-47,91145977;"SPRF-MG";"DEL13-MG";"UOP01-DEL13-MG"
742698;1663237;2025-12-30;"ter�a-feira";"23:45:00";"MG";262;786;"UBERABA";"Sim";"Estacionar ou parar em local proibido";1;"Colis�o com objeto";"Com V�timas Feridas";"Plena Noite";"Decrescente";"Nublado";"Dupla";"Declive;Reta";"N�o";1326136;"�nibus";"VOLVO/MPOLO PARADISO LD/MPOLO PARADISO LD";2014;"Condutor";"Ileso";25;"Masculino";1;0;0;0;-19,77182153;-47,91145977;"SPRF-MG";"DEL13-MG";"UOP01-DEL13-MG"
742699;1664307;2025-12-31;"quarta-feira";"00:20:00";"BA";116;305;"TUCANO";"Sim";"Rea��o tardia ou ineficiente do condutor";3;"Sa�da de leito carro��vel";"Com V�timas Feridas";"Plena Noite";"Decrescente";"C�u Claro";"Simples";"Reta";"N�o";1326141;"Caminhonete";"N�o Informado/N�o Informado/N�o Informado";0;"Condutor";"N�o Informado";NA;"N�o Informado";0;0;0;0;-11,2113283;-38,88052;"SPRF-BA";"DEL07-BA";"UOP02-DEL07-BA"
742699;1663244;2025-12-31;"quarta-feira";"00:20:00";"BA";116;305;"TUCANO";"Sim";"Rea��o tardia ou ineficiente do condutor";3;"Sa�da de leito carro��vel";"Com V�timas Feridas";"Plena Noite";"Decrescente";"C�u Claro";"Simples";"Reta";"N�o";1326140;"Caminh�o-trator";"VOLVO/FH 440 6X2T/FH 440 6X2T";2010;"Condutor";"Les�es Leves";53;"Masculino";0;1;0;0;-11,2113283;-38,88052;"SPRF-BA";"DEL07-BA";"UOP02-DEL07-BA"
742699;NA;2025-12-31;"quarta-feira";"00:20:00";"BA";116;305;"TUCANO";"Sim";"Rea��o tardia ou ineficiente do condutor";3;"Sa�da de leito carro��vel";"Com V�timas Feridas";"Plena Noite";"Decrescente";"C�u Claro";"Simples";"Reta";"N�o";1326891;"Semireboque";"SR/GUERRA AG GR/GUERRA AG GR";2014;NA;NA;NA;NA;NA;NA;NA;NA;-11,2113283;-38,88052;"SPRF-BA";"DEL07-BA";"UOP02-DEL07-BA"
742699;1664307;2025-12-31;"quarta-feira";"00:20:00";"BA";116;305;"TUCANO";"Sim";"Rea��o tardia ou ineficiente do condutor";2;"Derramamento de carga";"Com V�timas Feridas";"Plena Noite";"Decrescente";"C�u Claro";"Simples";"Reta";"N�o";1326141;"Caminhonete";"N�o Informado/N�o Informado/N�o Informado";0;"Condutor";"N�o Informado";NA;"N�o Informado";0;0;0;0;-11,2113283;-38,88052;"SPRF-BA";"DEL07-BA";"UOP02-DEL07-BA"
742699;1663244;2025-12-31;"quarta-feira";"00:20:00";"BA";116;305;"TUCANO";"Sim";"Rea��o tardia ou ineficiente do condutor";2;"Derramamento de carga";"Com V�timas Feridas";"Plena Noite";"Decrescente";"C�u Claro";"Simples";"Reta";"N�o";1326140;"Caminh�o-trator";"VOLVO/FH 440 6X2T/FH 440 6X2T";2010;"Condutor";"Les�es Leves";53;"Masculino";0;1;0;0;-11,2113283;-38,88052;"SPRF-BA";"DEL07-BA";"UOP02-DEL07-BA"
742699;NA;2025-12-31;"quarta-feira";"00:20:00";"BA";116;305;"TUCANO";"Sim";"Rea��o tardia ou ineficiente do condutor";2;"Derramamento de carga";"Com V�timas Feridas";"Plena Noite";"Decrescente";"C�u Claro";"Simples";"Reta";"N�o";1326891;"Semireboque";"SR/GUERRA AG GR/GUERRA AG GR";2014;NA;NA;NA;NA;NA;NA;NA;NA;-11,2113283;-38,88052;"SPRF-BA";"DEL07-BA";"UOP02-DEL07-BA"
742699;1664307;2025-12-31;"quarta-feira";"00:20:00";"BA";116;305;"TUCANO";"Sim";"Rea��o tardia ou ineficiente do condutor";1;"Tombamento";"Com V�timas Feridas";"Plena Noite";"Decrescente";"C�u Claro";"Simples";"Reta";"N�o";1326141;"Caminhonete";"N�o Informado/N�o Informado/N�o Informado";0;"Condutor";"N�o Informado";NA;"N�o Informado";0;0;0;0;-11,2113283;-38,88052;"SPRF-BA";"DEL07-BA";"UOP02-DEL07-BA"
742699;1663244;2025-12-31;"quarta-feira";"00:20:00";"BA";116;305;"TUCANO";"Sim";"Rea��o tardia ou ineficiente do condutor";1;"Tombamento";"Com V�timas Feridas";"Plena Noite";"Decrescente";"C�u Claro";"Simples";"Reta";"N�o";1326140;"Caminh�o-trator";"VOLVO/FH 440 6X2T/FH 440 6X2T";2010;"Condutor";"Les�es Leves";53;"Masculino";0;1;0;0;-11,2113283;-38,88052;"SPRF-BA";"DEL07-BA";"UOP02-DEL07-BA"
742699;NA;2025-12-31;"quarta-feira";"00:20:00";"BA";116;305;"TUCANO";"Sim";"Rea��o tardia ou ineficiente do condutor";1;"Tombamento";"Com V�timas Feridas";"Plena Noite";"Decrescente";"C�u Claro";"Simples";"Reta";"N�o";1326891;"Semireboque";"SR/GUERRA AG GR/GUERRA AG GR";2014;NA;NA;NA;NA;NA;NA;NA;NA;-11,2113283;-38,88052;"SPRF-BA";"DEL07-BA";"UOP02-DEL07-BA"
742699;1664307;2025-12-31;"quarta-feira";"00:20:00";"BA";116;305;"TUCANO";"N�o";"Ultrapassagem Indevida";3;"Sa�da de leito carro��vel";"Com V�timas Feridas";"Plena Noite";"Decrescente";"C�u Claro";"Simples";"Reta";"N�o";1326141;"Caminhonete";"N�o Informado/N�o Informado/N�o Informado";0;"Condutor";"N�o Informado";NA;"N�o Informado";0;0;0;0;-11,2113283;-38,88052;"SPRF-BA";"DEL07-BA";"UOP02-DEL07-BA"
742699;1663244;2025-12-31;"quarta-feira";"00:20:00";"BA";116;305;"TUCANO";"N�o";"Ultrapassagem Indevida";3;"Sa�da de leito carro��vel";"Com V�timas Feridas";"Plena Noite";"Decrescente";"C�u Claro";"Simples";"Reta";"N�o";1326140;"Caminh�o-trator";"VOLVO/FH 440 6X2T/FH 440 6X2T";2010;"Condutor";"Les�es Leves";53;"Masculino";0;1;0;0;-11,2113283;-38,88052;"SPRF-BA";"DEL07-BA";"UOP02-DEL07-BA"
742699;NA;2025-12-31;"quarta-feira";"00:20:00";"BA";116;305;"TUCANO";"N�o";"Ultrapassagem Indevida";3;"Sa�da de leito carro��vel";"Com V�timas Feridas";"Plena Noite";"Decrescente";"C�u Claro";"Simples";"Reta";"N�o";1326891;"Semireboque";"SR/GUERRA AG GR/GUERRA AG GR";2014;NA;NA;NA;NA;NA;NA;NA;NA;-11,2113283;-38,88052;"SPRF-BA";"DEL07-BA";"UOP02-DEL07-BA"
742699;1664307;2025-12-31;"quarta-feira";"00:20:00";"BA";116;305;"TUCANO";"N�o";"Ultrapassagem Indevida";2;"Derramamento de carga";"Com V�timas Feridas";"Plena Noite";"Decrescente";"C�u Claro";"Simples";"Reta";"N�o";1326141;"Caminhonete";"N�o Informado/N�o Informado/N�o Informado";0;"Condutor";"N�o Informado";NA;"N�o Informado";0;0;0;0;-11,2113283;-38,88052;"SPRF-BA";"DEL07-BA";"UOP02-DEL07-BA"
742699;1663244;2025-12-31;"quarta-feira";"00:20:00";"BA";116;305;"TUCANO";"N�o";"Ultrapassagem Indevida";2;"Derramamento de carga";"Com V�timas Feridas";"Plena Noite";"Decrescente";"C�u Claro";"Simples";"Reta";"N�o";1326140;"Caminh�o-trator";"VOLVO/FH 440 6X2T/FH 440 6X2T";2010;"Condutor";"Les�es Leves";53;"Masculino";0;1;0;0;-11,2113283;-38,88052;"SPRF-BA";"DEL07-BA";"UOP02-DEL07-BA"
742699;NA;2025-12-31;"quarta-feira";"00:20:00";"BA";116;305;"TUCANO";"N�o";"Ultrapassagem Indevida";2;"Derramamento de carga";"Com V�timas Feridas";"Plena Noite";"Decrescente";"C�u Claro";"Simples";"Reta";"N�o";1326891;"Semireboque";"SR/GUERRA AG GR/GUERRA AG GR";2014;NA;NA;NA;NA;NA;NA;NA;NA;-11,2113283;-38,88052;"SPRF-BA";"DEL07-BA";"UOP02-DEL07-BA"
742699;1664307;2025-12-31;"quarta-feira";"00:20:00";"BA";116;305;"TUCANO";"N�o";"Ultrapassagem Indevida";1;"Tombamento";"Com V�timas Feridas";"Plena Noite";"Decrescente";"C�u Claro";"Simples";"Reta";"N�o";1326141;"Caminhonete";"N�o Informado/N�o Informado/N�o Informado";0;"Condutor";"N�o Informado";NA;"N�o Informado";0;0;0;0;-11,2113283;-38,88052;"SPRF-BA";"DEL07-BA";"UOP02-DEL07-BA"
742699;1663244;2025-12-31;"quarta-feira";"00:20:00";"BA";116;305;"TUCANO";"N�o";"Ultrapassagem Indevida";1;"Tombamento";"Com V�timas Feridas";"Plena Noite";"Decrescente";"C�u Claro";"Simples";"Reta";"N�o";1326140;"Caminh�o-trator";"VOLVO/FH 440 6X2T/FH 440 6X2T";2010;"Condutor";"Les�es Leves";53;"Masculino";0;1;0;0;-11,2113283;-38,88052;"SPRF-BA";"DEL07-BA";"UOP02-DEL07-BA"
742699;NA;2025-12-31;"quarta-feira";"00:20:00";"BA";116;305;"TUCANO";"N�o";"Ultrapassagem Indevida";1;"Tombamento";"Com V�timas Feridas";"Plena Noite";"Decrescente";"C�u Claro";"Simples";"Reta";"N�o";1326891;"Semireboque";"SR/GUERRA AG GR/GUERRA AG GR";2014;NA;NA;NA;NA;NA;NA;NA;NA;-11,2113283;-38,88052;"SPRF-BA";"DEL07-BA";"UOP02-DEL07-BA"
742699;1664307;2025-12-31;"quarta-feira";"00:20:00";"BA";116;305;"TUCANO";"N�o";"Condutor Dormindo";3;"Sa�da de leito carro��vel";"Com V�timas Feridas";"Plena Noite";"Decrescente";"C�u Claro";"Simples";"Reta";"N�o";1326141;"Caminhonete";"N�o Informado/N�o Informado/N�o Informado";0;"Condutor";"N�o Informado";NA;"N�o Informado";0;0;0;0;-11,2113283;-38,88052;"SPRF-BA";"DEL07-BA";"UOP02-DEL07-BA"
742699;1663244;2025-12-31;"quarta-feira";"00:20:00";"BA";116;305;"TUCANO";"N�o";"Condutor Dormindo";3;"Sa�da de leito carro��vel";"Com V�timas Feridas";"Plena Noite";"Decrescente";"C�u Claro";"Simples";"Reta";"N�o";1326140;"Caminh�o-trator";"VOLVO/FH 440 6X2T/FH 440 6X2T";2010;"Condutor";"Les�es Leves";53;"Masculino";0;1;0;0;-11,2113283;-38,88052;"SPRF-BA";"DEL07-BA";"UOP02-DEL07-BA"
742699;NA;2025-12-31;"quarta-feira";"00:20:00";"BA";116;305;"TUCANO";"N�o";"Condutor Dormindo";3;"Sa�da de leito carro��vel";"Com V�timas Feridas";"Plena Noite";"Decrescente";"C�u Claro";"Simples";"Reta";"N�o";1326891;"Semireboque";"SR/GUERRA AG GR/GUERRA AG GR";2014;NA;NA;NA;NA;NA;NA;NA;NA;-11,2113283;-38,88052;"SPRF-BA";"DEL07-BA";"UOP02-DEL07-BA"
742699;1664307;2025-12-31;"quarta-feira";"00:20:00";"BA";116;305;"TUCANO";"N�o";"Condutor Dormindo";2;"Derramamento de carga";"Com V�timas Feridas";"Plena Noite";"Decrescente";"C�u Claro";"Simples";"Reta";"N�o";1326141;"Caminhonete";"N�o Informado/N�o Informado/N�o Informado";0;"Condutor";"N�o Informado";NA;"N�o Informado";0;0;0;0;-11,2113283;-38,88052;"SPRF-BA";"DEL07-BA";"UOP02-DEL07-BA"
742699;1663244;2025-12-31;"quarta-feira";"00:20:00";"BA";116;305;"TUCANO";"N�o";"Condutor Dormindo";2;"Derramamento de carga";"Com V�timas Feridas";"Plena Noite";"Decrescente";"C�u Claro";"Simples";"Reta";"N�o";1326140;"Caminh�o-trator";"VOLVO/FH 440 6X2T/FH 440 6X2T";2010;"Condutor";"Les�es Leves";53;"Masculino";0;1;0;0;-11,2113283;-38,88052;"SPRF-BA";"DEL07-BA";"UOP02-DEL07-BA"
742699;NA;2025-12-31;"quarta-feira";"00:20:00";"BA";116;305;"TUCANO";"N�o";"Condutor Dormindo";2;"Derramamento de carga";"Com V�timas Feridas";"Plena Noite";"Decrescente";"C�u Claro";"Simples";"Reta";"N�o";1326891;"Semireboque";"SR/GUERRA AG GR/GUERRA AG GR";2014;NA;NA;NA;NA;NA;NA;NA;NA;-11,2113283;-38,88052;"SPRF-BA";"DEL07-BA";"UOP02-DEL07-BA"
742699;1664307;2025-12-31;"quarta-feira";"00:20:00";"BA";116;305;"TUCANO";"N�o";"Condutor Dormindo";1;"Tombamento";"Com V�timas Feridas";"Plena Noite";"Decrescente";"C�u Claro";"Simples";"Reta";"N�o";1326141;"Caminhonete";"N�o Informado/N�o Informado/N�o Informado";0;"Condutor";"N�o Informado";NA;"N�o Informado";0;0;0;0;-11,2113283;-38,88052;"SPRF-BA";"DEL07-BA";"UOP02-DEL07-BA"
742699;1663244;2025-12-31;"quarta-feira";"00:20:00";"BA";116;305;"TUCANO";"N�o";"Condutor Dormindo";1;"Tombamento";"Com V�timas Feridas";"Plena Noite";"Decrescente";"C�u Claro";"Simples";"Reta";"N�o";1326140;"Caminh�o-trator";"VOLVO/FH 440 6X2T/FH 440 6X2T";2010;"Condutor";"Les�es Leves";53;"Masculino";0;1;0;0;-11,2113283;-38,88052;"SPRF-BA";"DEL07-BA";"UOP02-DEL07-BA"
742699;NA;2025-12-31;"quarta-feira";"00:20:00";"BA";116;305;"TUCANO";"N�o";"Condutor Dormindo";1;"Tombamento";"Com V�timas Feridas";"Plena Noite";"Decrescente";"C�u Claro";"Simples";"Reta";"N�o";1326891;"Semireboque";"SR/GUERRA AG GR/GUERRA AG GR";2014;NA;NA;NA;NA;NA;NA;NA;NA;-11,2113283;-38,88052;"SPRF-BA";"DEL07-BA";"UOP02-DEL07-BA"
742700;1663263;2025-12-31;"quarta-feira";"01:20:00";"MG";40;360,5;"FELIXLANDIA";"Sim";"Aus�ncia de rea��o do condutor";4;"Queda de ocupante de ve�culo";"Com V�timas Feridas";"Plena Noite";"Decrescente";"Nublado";"Simples";"Interse��o de Vias;Rotat�ria";"N�o";1326161;"Motocicleta";"YAMAHA/XTZ 250 LANDER/XTZ 250 LANDER";2025;"Condutor";"Les�es Leves";18;"Masculino";0;1;0;0;-18,75385;-44,84738;"SPRF-MG";"DEL02-MG";"UOP01-DEL02-MG"
742700;1663263;2025-12-31;"quarta-feira";"01:20:00";"MG";40;360,5;"FELIXLANDIA";"Sim";"Aus�ncia de rea��o do condutor";3;"Tombamento";"Com V�timas Feridas";"Plena Noite";"Decrescente";"Nublado";"Simples";"Interse��o de Vias;Rotat�ria";"N�o";1326161;"Motocicleta";"YAMAHA/XTZ 250 LANDER/XTZ 250 LANDER";2025;"Condutor";"Les�es Leves";18;"Masculino";0;1;0;0;-18,75385;-44,84738;"SPRF-MG";"DEL02-MG";"UOP01-DEL02-MG"
742700;1663263;2025-12-31;"quarta-feira";"01:20:00";"MG";40;360,5;"FELIXLANDIA";"Sim";"Aus�ncia de rea��o do condutor";2;"Colis�o com objeto";"Com V�timas Feridas";"Plena Noite";"Decrescente";"Nublado";"Simples";"Interse��o de Vias;Rotat�ria";"N�o";1326161;"Motocicleta";"YAMAHA/XTZ 250 LANDER/XTZ 250 LANDER";2025;"Condutor";"Les�es Leves";18;"Masculino";0;1;0;0;-18,75385;-44,84738;"SPRF-MG";"DEL02-MG";"UOP01-DEL02-MG"
742700;1663263;2025-12-31;"quarta-feira";"01:20:00";"MG";40;360,5;"FELIXLANDIA";"Sim";"Aus�ncia de rea��o do condutor";1;"Sa�da de leito carro��vel";"Com V�timas Feridas";"Plena Noite";"Decrescente";"Nublado";"Simples";"Interse��o de Vias;Rotat�ria";"N�o";1326161;"Motocicleta";"YAMAHA/XTZ 250 LANDER/XTZ 250 LANDER";2025;"Condutor";"Les�es Leves";18;"Masculino";0;1;0;0;-18,75385;-44,84738;"SPRF-MG";"DEL02-MG";"UOP01-DEL02-MG"
742701;1663250;2025-12-31;"quarta-feira";"01:50:00";"GO";60;78;"ANAPOLIS";"Sim";"Ingest�o de �lcool pelo condutor";2;"Derramamento de carga";"Com V�timas Feridas";"Plena Noite";"Crescente";"C�u Claro";"Dupla";"Declive;Curva";"N�o";1326149;"Caminh�o-trator";"VOLVO/FH 460 6X4T/FH 460 6X4T";2012;"Condutor";"Les�es Leves";34;"Masculino";0;1;0;0;-16,2967;-48,8039;"SPRF-GO";"DEL02-GO";"UOP01-DEL02-GO"
742701;NA;2025-12-31;"quarta-feira";"01:50:00";"GO";60;78;"ANAPOLIS";"Sim";"Ingest�o de �lcool pelo condutor";2;"Derramamento de carga";"Com V�timas Feridas";"Plena Noite";"Crescente";"C�u Claro";"Dupla";"Declive;Curva";"N�o";1326151;"Semireboque";"SR/RANDONSP SRFG LO/RANDONSP SRFG LO";2013;NA;NA;NA;NA;NA;NA;NA;NA;-16,2967;-48,8039;"SPRF-GO";"DEL02-GO";"UOP01-DEL02-GO"
742701;NA;2025-12-31;"quarta-feira";"01:50:00";"GO";60;78;"ANAPOLIS";"Sim";"Ingest�o de �lcool pelo condutor";2;"Derramamento de carga";"Com V�timas Feridas";"Plena Noite";"Crescente";"C�u Claro";"Dupla";"Declive;Curva";"N�o";1326150;"Semireboque";"SR/RANDONSP SRFG LO/RANDONSP SRFG LO";2013;NA;NA;NA;NA;NA;NA;NA;NA;-16,2967;-48,8039;"SPRF-GO";"DEL02-GO";"UOP01-DEL02-GO"
742701;1663250;2025-12-31;"quarta-feira";"01:50:00";"GO";60;78;"ANAPOLIS";"Sim";"Ingest�o de �lcool pelo condutor";1;"Tombamento";"Com V�timas Feridas";"Plena Noite";"Crescente";"C�u Claro";"Dupla";"Declive;Curva";"N�o";1326149;"Caminh�o-trator";"VOLVO/FH 460 6X4T/FH 460 6X4T";2012;"Condutor";"Les�es Leves";34;"Masculino";0;1;0;0;-16,2967;-48,8039;"SPRF-GO";"DEL02-GO";"UOP01-DEL02-GO"
742701;NA;2025-12-31;"quarta-feira";"01:50:00";"GO";60;78;"ANAPOLIS";"Sim";"Ingest�o de �lcool pelo condutor";1;"Tombamento";"Com V�timas Feridas";"Plena Noite";"Crescente";"C�u Claro";"Dupla";"Declive;Curva";"N�o";1326151;"Semireboque";"SR/RANDONSP SRFG LO/RANDONSP SRFG LO";2013;NA;NA;NA;NA;NA;NA;NA;NA;-16,2967;-48,8039;"SPRF-GO";"DEL02-GO";"UOP01-DEL02-GO"
742701;NA;2025-12-31;"quarta-feira";"01:50:00";"GO";60;78;"ANAPOLIS";"Sim";"Ingest�o de �lcool pelo condutor";1;"Tombamento";"Com V�timas Feridas";"Plena Noite";"Crescente";"C�u Claro";"Dupla";"Declive;Curva";"N�o";1326150;"Semireboque";"SR/RANDONSP SRFG LO/RANDONSP SRFG LO";2013;NA;NA;NA;NA;NA;NA;NA;NA;-16,2967;-48,8039;"SPRF-GO";"DEL02-GO";"UOP01-DEL02-GO"
742702;1663245;2025-12-31;"quarta-feira";"02:00:00";"SP";116;19,9;"LAVRINHAS";"Sim";"Demais falhas mec�nicas ou el�tricas";1;"Inc�ndio";"Sem V�timas";"Plena Noite";"Decrescente";"C�u Claro";"Dupla";"Reta";"N�o";1326142;"Caminh�o-trator";"SCANIA/P 360 A6X2/P 360 A6X2";2012;"Condutor";"Ileso";56;"Masculino";1;0;0;0;-22,5657721;-44,8638503;"SPRF-SP";"DEL08-SP";"UOP02-DEL08-SP"
742702;NA;2025-12-31;"quarta-feira";"02:00:00";"SP";116;19,9;"LAVRINHAS";"Sim";"Demais falhas mec�nicas ou el�tricas";1;"Inc�ndio";"Sem V�timas";"Plena Noite";"Decrescente";"C�u Claro";"Dupla";"Reta";"N�o";1326146;"Semireboque";"SR/FACCHINI SRF CA/FACCHINI SRF CA";2006;NA;NA;NA;NA;NA;NA;NA;NA;-22,5657721;-44,8638503;"SPRF-SP";"DEL08-SP";"UOP02-DEL08-SP"
742703;1664450;2025-12-31;"quarta-feira";"01:05:00";"BA";110;12,8;"PAULO AFONSO";"N�o";"Transitar na contram�o";2;"Derramamento de carga";"Sem V�timas";"Plena Noite";"Crescente";"C�u Claro";"Simples";"Reta";"N�o";1326143;"Caminh�o-trator";"VOLVO/FH 540 6X4T/FH 540 6X4T";2020;"Passageiro";"Ileso";42;"Feminino";1;0;0;0;-9,53261315;-38,22102667;"SPRF-BA";"DEL07-BA";"UOP01-DEL07-BA"
742703;1663246;2025-12-31;"quarta-feira";"01:05:00";"BA";110;12,8;"PAULO AFONSO";"N�o";"Transitar na contram�o";2;"Derramamento de carga";"Sem V�timas";"Plena Noite";"Crescente";"C�u Claro";"Simples";"Reta";"N�o";1326143;"Caminh�o-trator";"VOLVO/FH 540 6X4T/FH 540 6X4T";2020;"Condutor";"Ileso";48;"Masculino";1;0;0;0;-9,53261315;-38,22102667;"SPRF-BA";"DEL07-BA";"UOP01-DEL07-BA"
742703;NA;2025-12-31;"quarta-feira";"01:05:00";"BA";110;12,8;"PAULO AFONSO";"N�o";"Transitar na contram�o";2;"Derramamento de carga";"Sem V�timas";"Plena Noite";"Crescente";"C�u Claro";"Simples";"Reta";"N�o";1326144;"Semireboque";"SR/FACCHINI SRF CA/FACCHINI SRF CA";2004;NA;NA;NA;NA;NA;NA;NA;NA;-9,53261315;-38,22102667;"SPRF-BA";"DEL07-BA";"UOP01-DEL07-BA"
742703;1664450;2025-12-31;"quarta-feira";"01:05:00";"BA";110;12,8;"PAULO AFONSO";"N�o";"Transitar na contram�o";1;"Tombamento";"Sem V�timas";"Plena Noite";"Crescente";"C�u Claro";"Simples";"Reta";"N�o";1326143;"Caminh�o-trator";"VOLVO/FH 540 6X4T/FH 540 6X4T";2020;"Passageiro";"Ileso";42;"Feminino";1;0;0;0;-9,53261315;-38,22102667;"SPRF-BA";"DEL07-BA";"UOP01-DEL07-BA"
742703;1663246;2025-12-31;"quarta-feira";"01:05:00";"BA";110;12,8;"PAULO AFONSO";"N�o";"Transitar na contram�o";1;"Tombamento";"Sem V�timas";"Plena Noite";"Crescente";"C�u Claro";"Simples";"Reta";"N�o";1326143;"Caminh�o-trator";"VOLVO/FH 540 6X4T/FH 540 6X4T";2020;"Condutor";"Ileso";48;"Masculino";1;0;0;0;-9,53261315;-38,22102667;"SPRF-BA";"DEL07-BA";"UOP01-DEL07-BA"
742703;NA;2025-12-31;"quarta-feira";"01:05:00";"BA";110;12,8;"PAULO AFONSO";"N�o";"Transitar na contram�o";1;"Tombamento";"Sem V�timas";"Plena Noite";"Crescente";"C�u Claro";"Simples";"Reta";"N�o";1326144;"Semireboque";"SR/FACCHINI SRF CA/FACCHINI SRF CA";2004;NA;NA;NA;NA;NA;NA;NA;NA;-9,53261315;-38,22102667;"SPRF-BA";"DEL07-BA";"UOP01-DEL07-BA"
742703;1664450;2025-12-31;"quarta-feira";"01:05:00";"BA";110;12,8;"PAULO AFONSO";"N�o";"Velocidade Incompat�vel";2;"Derramamento de carga";"Sem V�timas";"Plena Noite";"Crescente";"C�u Claro";"Simples";"Reta";"N�o";1326143;"Caminh�o-trator";"VOLVO/FH 540 6X4T/FH 540 6X4T";2020;"Passageiro";"Ileso";42;"Feminino";1;0;0;0;-9,53261315;-38,22102667;"SPRF-BA";"DEL07-BA";"UOP01-DEL07-BA"
742703;1663246;2025-12-31;"quarta-feira";"01:05:00";"BA";110;12,8;"PAULO AFONSO";"N�o";"Velocidade Incompat�vel";2;"Derramamento de carga";"Sem V�timas";"Plena Noite";"Crescente";"C�u Claro";"Simples";"Reta";"N�o";1326143;"Caminh�o-trator";"VOLVO/FH 540 6X4T/FH 540 6X4T";2020;"Condutor";"Ileso";48;"Masculino";1;0;0;0;-9,53261315;-38,22102667;"SPRF-BA";"DEL07-BA";"UOP01-DEL07-BA"
742703;NA;2025-12-31;"quarta-feira";"01:05:00";"BA";110;12,8;"PAULO AFONSO";"N�o";"Velocidade Incompat�vel";2;"Derramamento de carga";"Sem V�timas";"Plena Noite";"Crescente";"C�u Claro";"Simples";"Reta";"N�o";1326144;"Semireboque";"SR/FACCHINI SRF CA/FACCHINI SRF CA";2004;NA;NA;NA;NA;NA;NA;NA;NA;-9,53261315;-38,22102667;"SPRF-BA";"DEL07-BA";"UOP01-DEL07-BA"