"id";"pesid";"data_inversa";"dia_semana";"horario";"uf";"br";"km";"municipio";"causa_principal";"causa_acidente";"ordem_tipo_acidente";"tipo_acidente";"classificacao_acidente";"fase_dia";"sentido_via";"condicao_metereologica";"tipo_pista";"tracado_via";"uso_solo";"id_veiculo";"tipo_veiculo";"marca";"ano_fabricacao_veiculo";"tipo_envolvido";"estado_fisico";"idade";"sexo";"ilesos";"feridos_leves";"feridos_graves";"mortos";"latitude";"longitude";"regional";"delegacia";"uop"
742703;1664450;2025-12-31;"quarta-feira";"01:05:00";"BA";110;12,8;"PAULO AFONSO";"N�o";"Velocidade Incompat�vel";1;"Tombamento";"Sem V�timas";"Plena Noite";"Crescente";"C�u Claro";"Simples";"Reta";"N�o";1326143;"Caminh�o-trator";"VOLVO/FH 540 6X4T/FH 540 6X4T";2020;"Passageiro";"Ileso";42;"Feminino";1;0;0;0;-9,53261315;-38,22102667;"SPRF-BA";"DEL07-BA";"UOP01-DEL07-BA"
742703;1663246;2025-12-31;"quarta-feira";"01:05:00";"BA";110;12,8;"PAULO AFONSO";"N�o";"Velocidade Incompat�vel";1;"Tombamento";"Sem V�timas";"Plena Noite";"Crescente";"C�u Claro";"Simples";"Reta";"N�o";1326143;"Caminh�o-trator";"VOLVO/FH 540 6X4T/FH 540 6X4T";2020;"Condutor";"Ileso";48;"Masculino";1;0;0;0;-9,53261315;-38,22102667;"SPRF-BA";"DEL07-BA";"UOP01-DEL07-BA"
742703;NA;2025-12-31;"quarta-feira";"01:05:00";"BA";110;12,8;"PAULO AFONSO";"N�o";"Velocidade Incompat�vel";1;"Tombamento";"Sem V�timas";"Plena Noite";"Crescente";"C�u Claro";"Simples";"Reta";"N�o";1326144;"Semireboque";"SR/FACCHINI SRF CA/FACCHINI SRF CA";2004;NA;NA;NA;NA;NA;NA;NA;NA;-9,53261315;-38,22102667;"SPRF-BA";"DEL07-BA";"UOP01-DEL07-BA"
742703;1664450;2025-12-31;"quarta-feira";"01:05:00";"BA";110;12,8;"PAULO AFONSO";"N�o";"Condutor Dormindo";2;"Derramamento de carga";"Sem V�timas";"Plena Noite";"Crescente";"C�u Claro";"Simples";"Reta";"N�o";1326143;"Caminh�o-trator";"VOLVO/FH 540 6X4T/FH 540 6X4T";2020;"Passageiro";"Ileso";42;"Feminino";1;0;0;0;-9,53261315;-38,22102667;"SPRF-BA";"DEL07-BA";"UOP01-DEL07-BA"
742703;1663246;2025-12-31;"quarta-feira";"01:05:00";"BA";110;12,8;"PAULO AFONSO";"N�o";"Condutor Dormindo";2;"Derramamento de carga";"Sem V�timas";"Plena Noite";"Crescente";"C�u Claro";"Simples";"Reta";"N�o";1326143;"Caminh�o-trator";"VOLVO/FH 540 6X4T/FH 540 6X4T";2020;"Condutor";"Ileso";48;"Masculino";1;0;0;0;-9,53261315;-38,22102667;"SPRF-BA";"DEL07-BA";"UOP01-DEL07-BA"
742703;NA;2025-12-31;"quarta-feira";"01:05:00";"BA";110;12,8;"PAULO AFONSO";"N�o";"Condutor Dormindo";2;"Derramamento de carga";"Sem V�timas";"Plena Noite";"Crescente";"C�u Claro";"Simples";"Reta";"N�o";1326144;"Semireboque";"SR/FACCHINI SRF CA/FACCHINI SRF CA";2004;NA;NA;NA;NA;NA;NA;NA;NA;-9,53261315;-38,22102667;"SPRF-BA";"DEL07-BA";"UOP01-DEL07-BA"
742703;1664450;2025-12-31;"quarta-feira";"01:05:00";"BA";110;12,8;"PAULO AFONSO";"N�o";"Condutor Dormindo";1;"Tombamento";"Sem V�timas";"Plena Noite";"Crescente";"C�u Claro";"Simples";"Reta";"N�o";1326143;"Caminh�o-trator";"VOLVO/FH 540 6X4T/FH 540 6X4T";2020;"Passageiro";"Ileso";42;"Feminino";1;0;0;0;-9,53261315;-38,22102667;"SPRF-BA";"DEL07-BA";"UOP01-DEL07-BA"
742703;1663246;2025-12-31;"quarta-feira";"01:05:00";"BA";110;12,8;"PAULO AFONSO";"N�o";"Condutor Dormindo";1;"Tombamento";"Sem V�timas";"Plena Noite";"Crescente";"C�u Claro";"Simples";"Reta";"N�o";1326143;"Caminh�o-trator";"VOLVO/FH 540 6X4T/FH 540 6X4T";2020;"Condutor";"Ileso";48;"Masculino";1;0;0;0;-9,53261315;-38,22102667;"SPRF-BA";"DEL07-BA";"UOP01-DEL07-BA"
742703;NA;2025-12-31;"quarta-feira";"01:05:00";"BA";110;12,8;"PAULO AFONSO";"N�o";"Condutor Dormindo";1;"Tombamento";"Sem V�timas";"Plena Noite";"Crescente";"C�u Claro";"Simples";"Reta";"N�o";1326144;"Semireboque";"SR/FACCHINI SRF CA/FACCHINI SRF CA";2004;NA;NA;NA;NA;NA;NA;NA;NA;-9,53261315;-38,22102667;"SPRF-BA";"DEL07-BA";"UOP01-DEL07-BA"
742703;1664450;2025-12-31;"quarta-feira";"01:05:00";"BA";110;12,8;"PAULO AFONSO";"Sim";"Aus�ncia de rea��o do condutor";2;"Derramamento de carga";"Sem V�timas";"Plena Noite";"Crescente";"C�u Claro";"Simples";"Reta";"N�o";1326143;"Caminh�o-trator";"VOLVO/FH 540 6X4T/FH 540 6X4T";2020;"Passageiro";"Ileso";42;"Feminino";1;0;0;0;-9,53261315;-38,22102667;"SPRF-BA";"DEL07-BA";"UOP01-DEL07-BA"
742703;1663246;2025-12-31;"quarta-feira";"01:05:00";"BA";110;12,8;"PAULO AFONSO";"Sim";"Aus�ncia de rea��o do condutor";2;"Derramamento de carga";"Sem V�timas";"Plena Noite";"Crescente";"C�u Claro";"Simples";"Reta";"N�o";1326143;"Caminh�o-trator";"VOLVO/FH 540 6X4T/FH 540 6X4T";2020;"Condutor";"Ileso";48;"Masculino";1;0;0;0;-9,53261315;-38,22102667;"SPRF-BA";"DEL07-BA";"UOP01-DEL07-BA"
742703;NA;2025-12-31;"quarta-feira";"01:05:00";"BA";110;12,8;"PAULO AFONSO";"Sim";"Aus�ncia de rea��o do condutor";2;"Derramamento de carga";"Sem V�timas";"Plena Noite";"Crescente";"C�u Claro";"Simples";"Reta";"N�o";1326144;"Semireboque";"SR/FACCHINI SRF CA/FACCHINI SRF CA";2004;NA;NA;NA;NA;NA;NA;NA;NA;-9,53261315;-38,22102667;"SPRF-BA";"DEL07-BA";"UOP01-DEL07-BA"
742703;1664450;2025-12-31;"quarta-feira";"01:05:00";"BA";110;12,8;"PAULO AFONSO";"Sim";"Aus�ncia de rea��o do condutor";1;"Tombamento";"Sem V�timas";"Plena Noite";"Crescente";"C�u Claro";"Simples";"Reta";"N�o";1326143;"Caminh�o-trator";"VOLVO/FH 540 6X4T/FH 540 6X4T";2020;"Passageiro";"Ileso";42;"Feminino";1;0;0;0;-9,53261315;-38,22102667;"SPRF-BA";"DEL07-BA";"UOP01-DEL07-BA"
742703;1663246;2025-12-31;"quarta-feira";"01:05:00";"BA";110;12,8;"PAULO AFONSO";"Sim";"Aus�ncia de rea��o do condutor";1;"Tombamento";"Sem V�timas";"Plena Noite";"Crescente";"C�u Claro";"Simples";"Reta";"N�o";1326143;"Caminh�o-trator";"VOLVO/FH 540 6X4T/FH 540 6X4T";2020;"Condutor";"Ileso";48;"Masculino";1;0;0;0;-9,53261315;-38,22102667;"SPRF-BA";"DEL07-BA";"UOP01-DEL07-BA"
742703;NA;2025-12-31;"quarta-feira";"01:05:00";"BA";110;12,8;"PAULO AFONSO";"Sim";"Aus�ncia de rea��o do condutor";1;"Tombamento";"Sem V�timas";"Plena Noite";"Crescente";"C�u Claro";"Simples";"Reta";"N�o";1326144;"Semireboque";"SR/FACCHINI SRF CA/FACCHINI SRF CA";2004;NA;NA;NA;NA;NA;NA;NA;NA;-9,53261315;-38,22102667;"SPRF-BA";"DEL07-BA";"UOP01-DEL07-BA"
742704;1663248;2025-12-30;"ter�a-feira";"03:00:00";"RO";319;136;"PORTO VELHO";"Sim";"Aus�ncia de rea��o do condutor";2;"Sa�da de leito carro��vel";"Sem V�timas";"Plena Noite";"Decrescente";"C�u Claro";"Simples";"Reta";"N�o";1326147;"Caminh�o";"VW/18.260 CRM 4X2 4P/18.260 CRM 4X2 4P";2024;"Condutor";"N�o Informado";NA;"N�o Informado";0;0;0;0;-8,73825716;-63,92616956;"SPRF-RO";"DEL01-RO";"UOP01-DEL01-RO"
742704;1663248;2025-12-30;"ter�a-feira";"03:00:00";"RO";319;136;"PORTO VELHO";"Sim";"Aus�ncia de rea��o do condutor";1;"Colis�o com objeto";"Sem V�timas";"Plena Noite";"Decrescente";"C�u Claro";"Simples";"Reta";"N�o";1326147;"Caminh�o";"VW/18.260 CRM 4X2 4P/18.260 CRM 4X2 4P";2024;"Condutor";"N�o Informado";NA;"N�o Informado";0;0;0;0;-8,73825716;-63,92616956;"SPRF-RO";"DEL01-RO";"UOP01-DEL01-RO"
742705;1663249;2025-12-31;"quarta-feira";"02:20:00";"SC";282;75;"RANCHO QUEIMADO";"N�o";"Chuva";1;"Capotamento";"Com V�timas Feridas";"Plena Noite";"Decrescente";"Chuva";"Simples";"Reta";"N�o";1326148;"Autom�vel";"FORD/KA SE 1.5 HA B/KA SE 1.5 HA B";2017;"Condutor";"Les�es Graves";68;"Masculino";0;0;1;0;-27,6911;-49,1296;"SPRF-SC";"DEL01-SC";"UOP03-DEL01-SC"
742705;1663249;2025-12-31;"quarta-feira";"02:20:00";"SC";282;75;"RANCHO QUEIMADO";"Sim";"Rea��o tardia ou ineficiente do condutor";1;"Capotamento";"Com V�timas Feridas";"Plena Noite";"Decrescente";"Chuva";"Simples";"Reta";"N�o";1326148;"Autom�vel";"FORD/KA SE 1.5 HA B/KA SE 1.5 HA B";2017;"Condutor";"Les�es Graves";68;"Masculino";0;0;1;0;-27,6911;-49,1296;"SPRF-SC";"DEL01-SC";"UOP03-DEL01-SC"
742706;1669472;2025-12-31;"quarta-feira";"03:00:00";"SE";101;40;"JAPARATUBA";"Sim";"Aus�ncia de rea��o do condutor";1;"Colis�o traseira";"Com V�timas Feridas";"Plena Noite";"Decrescente";"C�u Claro";"Dupla";"Reta";"N�o";1326167;"Caminh�o-trator";"VW/19.380 CTC 4X2/19.380 CTC 4X2";2024;"Passageiro";"Ileso";28;"Masculino";1;0;0;0;-10,5272609;-36,95593581;"SPRF-SE";"DEL02-SE";"UOP02-DEL02-SE"
742706;1663269;2025-12-31;"quarta-feira";"03:00:00";"SE";101;40;"JAPARATUBA";"Sim";"Aus�ncia de rea��o do condutor";1;"Colis�o traseira";"Com V�timas Feridas";"Plena Noite";"Decrescente";"C�u Claro";"Dupla";"Reta";"N�o";1326167;"Caminh�o-trator";"VW/19.380 CTC 4X2/19.380 CTC 4X2";2024;"Condutor";"Les�es Graves";41;"Masculino";0;0;1;0;-10,5272609;-36,95593581;"SPRF-SE";"DEL02-SE";"UOP02-DEL02-SE"
742706;NA;2025-12-31;"quarta-feira";"03:00:00";"SE";101;40;"JAPARATUBA";"Sim";"Aus�ncia de rea��o do condutor";1;"Colis�o traseira";"Com V�timas Feridas";"Plena Noite";"Decrescente";"C�u Claro";"Dupla";"Reta";"N�o";1330196;"Semireboque";"SR/RANDON SR FG CG 3E/RANDON SR FG CG 3E";2020;NA;NA;NA;NA;NA;NA;NA;NA;-10,5272609;-36,95593581;"SPRF-SE";"DEL02-SE";"UOP02-DEL02-SE"
742706;1663268;2025-12-31;"quarta-feira";"03:00:00";"SE";101;40;"JAPARATUBA";"Sim";"Aus�ncia de rea��o do condutor";1;"Colis�o traseira";"Com V�timas Feridas";"Plena Noite";"Decrescente";"C�u Claro";"Dupla";"Reta";"N�o";1326166;"Caminh�o";"DAF/CF FAC 310/CF FAC 310";2024;"Condutor";"Ileso";53;"Masculino";1;0;0;0;-10,5272609;-36,95593581;"SPRF-SE";"DEL02-SE";"UOP02-DEL02-SE"
742707;1663251;2025-12-31;"quarta-feira";"03:03:00";"ES";101;297;"CARIACICA";"Sim";"Condutor Dormindo";1;"Colis�o com objeto";"Com V�timas Feridas";"Plena Noite";"Decrescente";"C�u Claro";"Dupla";"Reta";"N�o";1326152;"Motocicleta";"YAMAHA/YBR150 FACTOR E/YBR150 FACTOR E";2018;"Condutor";"Les�es Graves";29;"Masculino";0;0;1;0;-20,34646381;-40,41082311;"SPRF-ES";"DEL01-ES";"UOP01-DEL01-ES"
742708;1664980;2025-12-31;"quarta-feira";"03:55:00";"MG";40;754,5;"EWBANK DA CAMARA";"Sim";"Demais falhas mec�nicas ou el�tricas";3;"Tombamento";"Com V�timas Feridas";"Plena Noite";"Crescente";"Chuva";"Simples";"Declive;Curva";"N�o";1326177;"Autom�vel";"N�o Informado/N�o Informado/N�o Informado";0;"Condutor";"N�o Informado";NA;"N�o Informado";0;0;0;0;-21,523922;-43,520636;"SPRF-MG";"DEL05-MG";"UOP01-DEL05-MG"
742708;1663283;2025-12-31;"quarta-feira";"03:55:00";"MG";40;754,5;"EWBANK DA CAMARA";"Sim";"Demais falhas mec�nicas ou el�tricas";3;"Tombamento";"Com V�timas Feridas";"Plena Noite";"Crescente";"Chuva";"Simples";"Declive;Curva";"N�o";1326179;"Motocicleta";"HONDA/XRE 300/XRE 300";2014;"Condutor";"Les�es Leves";23;"Masculino";0;1;0;0;-21,523922;-43,520636;"SPRF-MG";"DEL05-MG";"UOP01-DEL05-MG"
742708;1663288;2025-12-31;"quarta-feira";"03:55:00";"MG";40;754,5;"EWBANK DA CAMARA";"Sim";"Demais falhas mec�nicas ou el�tricas";3;"Tombamento";"Com V�timas Feridas";"Plena Noite";"Crescente";"Chuva";"Simples";"Declive;Curva";"N�o";1326179;"Motocicleta";"HONDA/XRE 300/XRE 300";2014;"Passageiro";"Les�es Leves";26;"Feminino";0;1;0;0;-21,523922;-43,520636;"SPRF-MG";"DEL05-MG";"UOP01-DEL05-MG"
742708;1663286;2025-12-31;"quarta-feira";"03:55:00";"MG";40;754,5;"EWBANK DA CAMARA";"Sim";"Demais falhas mec�nicas ou el�tricas";3;"Tombamento";"Com V�timas Feridas";"Plena Noite";"Crescente";"Chuva";"Simples";"Declive;Curva";"N�o";1326175;"Motocicleta";"HONDA/CG 160 START/CG 160 START";2020;"Passageiro";"Les�es Leves";18;"Feminino";0;1;0;0;-21,523922;-43,520636;"SPRF-MG";"DEL05-MG";"UOP01-DEL05-MG"
742708;1663280;2025-12-31;"quarta-feira";"03:55:00";"MG";40;754,5;"EWBANK DA CAMARA";"Sim";"Demais falhas mec�nicas ou el�tricas";3;"Tombamento";"Com V�timas Feridas";"Plena Noite";"Crescente";"Chuva";"Simples";"Declive;Curva";"N�o";1326175;"Motocicleta";"HONDA/CG 160 START/CG 160 START";2020;"Condutor";"Ileso";18;"Masculino";1;0;0;0;-21,523922;-43,520636;"SPRF-MG";"DEL05-MG";"UOP01-DEL05-MG"
742708;1664980;2025-12-31;"quarta-feira";"03:55:00";"MG";40;754,5;"EWBANK DA CAMARA";"Sim";"Demais falhas mec�nicas ou el�tricas";2;"Colis�o traseira";"Com V�timas Feridas";"Plena Noite";"Crescente";"Chuva";"Simples";"Declive;Curva";"N�o";1326177;"Autom�vel";"N�o Informado/N�o Informado/N�o Informado";0;"Condutor";"N�o Informado";NA;"N�o Informado";0;0;0;0;-21,523922;-43,520636;"SPRF-MG";"DEL05-MG";"UOP01-DEL05-MG"
742708;1663283;2025-12-31;"quarta-feira";"03:55:00";"MG";40;754,5;"EWBANK DA CAMARA";"Sim";"Demais falhas mec�nicas ou el�tricas";2;"Colis�o traseira";"Com V�timas Feridas";"Plena Noite";"Crescente";"Chuva";"Simples";"Declive;Curva";"N�o";1326179;"Motocicleta";"HONDA/XRE 300/XRE 300";2014;"Condutor";"Les�es Leves";23;"Masculino";0;1;0;0;-21,523922;-43,520636;"SPRF-MG";"DEL05-MG";"UOP01-DEL05-MG"
742708;1663288;2025-12-31;"quarta-feira";"03:55:00";"MG";40;754,5;"EWBANK DA CAMARA";"Sim";"Demais falhas mec�nicas ou el�tricas";2;"Colis�o traseira";"Com V�timas Feridas";"Plena Noite";"Crescente";"Chuva";"Simples";"Declive;Curva";"N�o";1326179;"Motocicleta";"HONDA/XRE 300/XRE 300";2014;"Passageiro";"Les�es Leves";26;"Feminino";0;1;0;0;-21,523922;-43,520636;"SPRF-MG";"DEL05-MG";"UOP01-DEL05-MG"
742708;1663286;2025-12-31;"quarta-feira";"03:55:00";"MG";40;754,5;"EWBANK DA CAMARA";"Sim";"Demais falhas mec�nicas ou el�tricas";2;"Colis�o traseira";"Com V�timas Feridas";"Plena Noite";"Crescente";"Chuva";"Simples";"Declive;Curva";"N�o";1326175;"Motocicleta";"HONDA/CG 160 START/CG 160 START";2020;"Passageiro";"Les�es Leves";18;"Feminino";0;1;0;0;-21,523922;-43,520636;"SPRF-MG";"DEL05-MG";"UOP01-DEL05-MG"
742708;1663280;2025-12-31;"quarta-feira";"03:55:00";"MG";40;754,5;"EWBANK DA CAMARA";"Sim";"Demais falhas mec�nicas ou el�tricas";2;"Colis�o traseira";"Com V�timas Feridas";"Plena Noite";"Crescente";"Chuva";"Simples";"Declive;Curva";"N�o";1326175;"Motocicleta";"HONDA/CG 160 START/CG 160 START";2020;"Condutor";"Ileso";18;"Masculino";1;0;0;0;-21,523922;-43,520636;"SPRF-MG";"DEL05-MG";"UOP01-DEL05-MG"
742708;1664980;2025-12-31;"quarta-feira";"03:55:00";"MG";40;754,5;"EWBANK DA CAMARA";"Sim";"Demais falhas mec�nicas ou el�tricas";1;"Tombamento";"Com V�timas Feridas";"Plena Noite";"Crescente";"Chuva";"Simples";"Declive;Curva";"N�o";1326177;"Autom�vel";"N�o Informado/N�o Informado/N�o Informado";0;"Condutor";"N�o Informado";NA;"N�o Informado";0;0;0;0;-21,523922;-43,520636;"SPRF-MG";"DEL05-MG";"UOP01-DEL05-MG"
742708;1663283;2025-12-31;"quarta-feira";"03:55:00";"MG";40;754,5;"EWBANK DA CAMARA";"Sim";"Demais falhas mec�nicas ou el�tricas";1;"Tombamento";"Com V�timas Feridas";"Plena Noite";"Crescente";"Chuva";"Simples";"Declive;Curva";"N�o";1326179;"Motocicleta";"HONDA/XRE 300/XRE 300";2014;"Condutor";"Les�es Leves";23;"Masculino";0;1;0;0;-21,523922;-43,520636;"SPRF-MG";"DEL05-MG";"UOP01-DEL05-MG"
742708;1663288;2025-12-31;"quarta-feira";"03:55:00";"MG";40;754,5;"EWBANK DA CAMARA";"Sim";"Demais falhas mec�nicas ou el�tricas";1;"Tombamento";"Com V�timas Feridas";"Plena Noite";"Crescente";"Chuva";"Simples";"Declive;Curva";"N�o";1326179;"Motocicleta";"HONDA/XRE 300/XRE 300";2014;"Passageiro";"Les�es Leves";26;"Feminino";0;1;0;0;-21,523922;-43,520636;"SPRF-MG";"DEL05-MG";"UOP01-DEL05-MG"
742708;1663286;2025-12-31;"quarta-feira";"03:55:00";"MG";40;754,5;"EWBANK DA CAMARA";"Sim";"Demais falhas mec�nicas ou el�tricas";1;"Tombamento";"Com V�timas Feridas";"Plena Noite";"Crescente";"Chuva";"Simples";"Declive;Curva";"N�o";1326175;"Motocicleta";"HONDA/CG 160 START/CG 160 START";2020;"Passageiro";"Les�es Leves";18;"Feminino";0;1;0;0;-21,523922;-43,520636;"SPRF-MG";"DEL05-MG";"UOP01-DEL05-MG"
742708;1663280;2025-12-31;"quarta-feira";"03:55:00";"MG";40;754,5;"EWBANK DA CAMARA";"Sim";"Demais falhas mec�nicas ou el�tricas";1;"Tombamento";"Com V�timas Feridas";"Plena Noite";"Crescente";"Chuva";"Simples";"Declive;Curva";"N�o";1326175;"Motocicleta";"HONDA/CG 160 START/CG 160 START";2020;"Condutor";"Ileso";18;"Masculino";1;0;0;0;-21,523922;-43,520636;"SPRF-MG";"DEL05-MG";"UOP01-DEL05-MG"
742709;1663257;2025-12-31;"quarta-feira";"04:10:00";"RS";158;350;"DILERMANDO DE AGUIAR";"N�o";"Condutor Dormindo";2;"Queda de ocupante de ve�culo";"Com V�timas Feridas";"Plena Noite";"Crescente";"C�u Claro";"Simples";"Reta";"N�o";1326156;"Motocicleta";"HONDA/CG 160 START/CG 160 START";2024;"Condutor";"Les�es Graves";42;"Masculino";0;0;1;0;-29,78430488;-54,11148441;"SPRF-RS";"DEL09-RS";"UOP01-DEL09-RS"
742709;1663257;2025-12-31;"quarta-feira";"04:10:00";"RS";158;350;"DILERMANDO DE AGUIAR";"N�o";"Condutor Dormindo";1;"Tombamento";"Com V�timas Feridas";"Plena Noite";"Crescente";"C�u Claro";"Simples";"Reta";"N�o";1326156;"Motocicleta";"HONDA/CG 160 START/CG 160 START";2024;"Condutor";"Les�es Graves";42;"Masculino";0;0;1;0;-29,78430488;-54,11148441;"SPRF-RS";"DEL09-RS";"UOP01-DEL09-RS"
742709;1663257;2025-12-31;"quarta-feira";"04:10:00";"RS";158;350;"DILERMANDO DE AGUIAR";"Sim";"Aus�ncia de rea��o do condutor";2;"Queda de ocupante de ve�culo";"Com V�timas Feridas";"Plena Noite";"Crescente";"C�u Claro";"Simples";"Reta";"N�o";1326156;"Motocicleta";"HONDA/CG 160 START/CG 160 START";2024;"Condutor";"Les�es Graves";42;"Masculino";0;0;1;0;-29,78430488;-54,11148441;"SPRF-RS";"DEL09-RS";"UOP01-DEL09-RS"
742709;1663257;2025-12-31;"quarta-feira";"04:10:00";"RS";158;350;"DILERMANDO DE AGUIAR";"Sim";"Aus�ncia de rea��o do condutor";1;"Tombamento";"Com V�timas Feridas";"Plena Noite";"Crescente";"C�u Claro";"Simples";"Reta";"N�o";1326156;"Motocicleta";"HONDA/CG 160 START/CG 160 START";2024;"Condutor";"Les�es Graves";42;"Masculino";0;0;1;0;-29,78430488;-54,11148441;"SPRF-RS";"DEL09-RS";"UOP01-DEL09-RS"
742710;1663309;2025-12-31;"quarta-feira";"01:51:00";"MG";40;124,6;"JOAO PINHEIRO";"N�o";"Animais na Pista";2;"Colis�o com objeto";"Com V�timas Fatais";"Plena Noite";"Decrescente";"C�u Claro";"Simples";"Reta";"N�o";1326200;"Autom�vel";"I/VW SPACEFOX ROUTE/VW SPACEFOX ROUTE";2009;"Passageiro";"�bito";53;"Feminino";0;0;0;1;-17,68199045;-46,32655621;"SPRF-MG";"DEL14-MG";"UOP01-DEL14-MG"
742710;1663310;2025-12-31;"quarta-feira";"01:51:00";"MG";40;124,6;"JOAO PINHEIRO";"N�o";"Animais na Pista";2;"Colis�o com objeto";"Com V�timas Fatais";"Plena Noite";"Decrescente";"C�u Claro";"Simples";"Reta";"N�o";1326200;"Autom�vel";"I/VW SPACEFOX ROUTE/VW SPACEFOX ROUTE";2009;"Passageiro";"�bito";11;"Feminino";0;0;0;1;-17,68199045;-46,32655621;"SPRF-MG";"DEL14-MG";"UOP01-DEL14-MG"
742710;1663311;2025-12-31;"quarta-feira";"01:51:00";"MG";40;124,6;"JOAO PINHEIRO";"N�o";"Animais na Pista";2;"Colis�o com objeto";"Com V�timas Fatais";"Plena Noite";"Decrescente";"C�u Claro";"Simples";"Reta";"N�o";1326200;"Autom�vel";"I/VW SPACEFOX ROUTE/VW SPACEFOX ROUTE";2009;"Passageiro";"�bito";13;"Masculino";0;0;0;1;-17,68199045;-46,32655621;"SPRF-MG";"DEL14-MG";"UOP01-DEL14-MG"
742710;1663308;2025-12-31;"quarta-feira";"01:51:00";"MG";40;124,6;"JOAO PINHEIRO";"N�o";"Animais na Pista";2;"Colis�o com objeto";"Com V�timas Fatais";"Plena Noite";"Decrescente";"C�u Claro";"Simples";"Reta";"N�o";1326200;"Autom�vel";"I/VW SPACEFOX ROUTE/VW SPACEFOX ROUTE";2009;"Condutor";"�bito";51;"Masculino";0;0;0;1;-17,68199045;-46,32655621;"SPRF-MG";"DEL14-MG";"UOP01-DEL14-MG"
742710;1663307;2025-12-31;"quarta-feira";"01:51:00";"MG";40;124,6;"JOAO PINHEIRO";"N�o";"Animais na Pista";2;"Colis�o com objeto";"Com V�timas Fatais";"Plena Noite";"Decrescente";"C�u Claro";"Simples";"Reta";"N�o";1326198;"Caminh�o-trator";"SCANIA/R460 A6X2/R460 A6X2";2023;"Condutor";"Les�es Graves";35;"Masculino";0;0;1;0;-17,68199045;-46,32655621;"SPRF-MG";"DEL14-MG";"UOP01-DEL14-MG"
742710;NA;2025-12-31;"quarta-feira";"01:51:00";"MG";40;124,6;"JOAO PINHEIRO";"N�o";"Animais na Pista";2;"Colis�o com objeto";"Com V�timas Fatais";"Plena Noite";"Decrescente";"C�u Claro";"Simples";"Reta";"N�o";1326199;"Semireboque";"SR/DAMBROZ EA113E/DAMBROZ EA113E";2003;NA;NA;NA;NA;NA;NA;NA;NA;-17,68199045;-46,32655621;"SPRF-MG";"DEL14-MG";"UOP01-DEL14-MG"
742710;1663309;2025-12-31;"quarta-feira";"01:51:00";"MG";40;124,6;"JOAO PINHEIRO";"N�o";"Animais na Pista";1;"Colis�o frontal";"Com V�timas Fatais";"Plena Noite";"Decrescente";"C�u Claro";"Simples";"Reta";"N�o";1326200;"Autom�vel";"I/VW SPACEFOX ROUTE/VW SPACEFOX ROUTE";2009;"Passageiro";"�bito";53;"Feminino";0;0;0;1;-17,68199045;-46,32655621;"SPRF-MG";"DEL14-MG";"UOP01-DEL14-MG"
742710;1663310;2025-12-31;"quarta-feira";"01:51:00";"MG";40;124,6;"JOAO PINHEIRO";"N�o";"Animais na Pista";1;"Colis�o frontal";"Com V�timas Fatais";"Plena Noite";"Decrescente";"C�u Claro";"Simples";"Reta";"N�o";1326200;"Autom�vel";"I/VW SPACEFOX ROUTE/VW SPACEFOX ROUTE";2009;"Passageiro";"�bito";11;"Feminino";0;0;0;1;-17,68199045;-46,32655621;"SPRF-MG";"DEL14-MG";"UOP01-DEL14-MG"
742710;1663311;2025-12-31;"quarta-feira";"01:51:00";"MG";40;124,6;"JOAO PINHEIRO";"N�o";"Animais na Pista";1;"Colis�o frontal";"Com V�timas Fatais";"Plena Noite";"Decrescente";"C�u Claro";"Simples";"Reta";"N�o";1326200;"Autom�vel";"I/VW SPACEFOX ROUTE/VW SPACEFOX ROUTE";2009;"Passageiro";"�bito";13;"Masculino";0;0;0;1;-17,68199045;-46,32655621;"SPRF-MG";"DEL14-MG";"UOP01-DEL14-MG"
742710;1663308;2025-12-31;"quarta-feira";"01:51:00";"MG";40;124,6;"JOAO PINHEIRO";"N�o";"Animais na Pista";1;"Colis�o frontal";"Com V�timas Fatais";"Plena Noite";"Decrescente";"C�u Claro";"Simples";"Reta";"N�o";1326200;"Autom�vel";"I/VW SPACEFOX ROUTE/VW SPACEFOX ROUTE";2009;"Condutor";"�bito";51;"Masculino";0;0;0;1;-17,68199045;-46,32655621;"SPRF-MG";"DEL14-MG";"UOP01-DEL14-MG"
742710;1663307;2025-12-31;"quarta-feira";"01:51:00";"MG";40;124,6;"JOAO PINHEIRO";"N�o";"Animais na Pista";1;"Colis�o frontal";"Com V�timas Fatais";"Plena Noite";"Decrescente";"C�u Claro";"Simples";"Reta";"N�o";1326198;"Caminh�o-trator";"SCANIA/R460 A6X2/R460 A6X2";2023;"Condutor";"Les�es Graves";35;"Masculino";0;0;1;0;-17,68199045;-46,32655621;"SPRF-MG";"DEL14-MG";"UOP01-DEL14-MG"
742710;NA;2025-12-31;"quarta-feira";"01:51:00";"MG";40;124,6;"JOAO PINHEIRO";"N�o";"Animais na Pista";1;"Colis�o frontal";"Com V�timas Fatais";"Plena Noite";"Decrescente";"C�u Claro";"Simples";"Reta";"N�o";1326199;"Semireboque";"SR/DAMBROZ EA113E/DAMBROZ EA113E";2003;NA;NA;NA;NA;NA;NA;NA;NA;-17,68199045;-46,32655621;"SPRF-MG";"DEL14-MG";"UOP01-DEL14-MG"