"id";"pesid";"data_inversa";"dia_semana";"horario";"uf";"br";"km";"municipio";"causa_principal";"causa_acidente";"ordem_tipo_acidente";"tipo_acidente";"classificacao_acidente";"fase_dia";"sentido_via";"condicao_metereologica";"tipo_pista";"tracado_via";"uso_solo";"id_veiculo";"tipo_veiculo";"marca";"ano_fabricacao_veiculo";"tipo_envolvido";"estado_fisico";"idade";"sexo";"ilesos";"feridos_leves";"feridos_graves";"mortos";"latitude";"longitude";"regional";"delegacia";"uop"
742710;1663309;2025-12-31;"quarta-feira";"01:51:00";"MG";40;124,6;"JOAO PINHEIRO";"N�o";"Condutor usando celular";2;"Colis�o com objeto";"Com V�timas Fatais";"Plena Noite";"Decrescente";"C�u Claro";"Simples";"Reta";"N�o";1326200;"Autom�vel";"I/VW SPACEFOX ROUTE/VW SPACEFOX ROUTE";2009;"Passageiro";"�bito";53;"Feminino";0;0;0;1;-17,68199045;-46,32655621;"SPRF-MG";"DEL14-MG";"UOP01-DEL14-MG"
742710;1663310;2025-12-31;"quarta-feira";"01:51:00";"MG";40;124,6;"JOAO PINHEIRO";"N�o";"Condutor usando celular";2;"Colis�o com objeto";"Com V�timas Fatais";"Plena Noite";"Decrescente";"C�u Claro";"Simples";"Reta";"N�o";1326200;"Autom�vel";"I/VW SPACEFOX ROUTE/VW SPACEFOX ROUTE";2009;"Passageiro";"�bito";11;"Feminino";0;0;0;1;-17,68199045;-46,32655621;"SPRF-MG";"DEL14-MG";"UOP01-DEL14-MG"
742710;1663311;2025-12-31;"quarta-feira";"01:51:00";"MG";40;124,6;"JOAO PINHEIRO";"N�o";"Condutor usando celular";2;"Colis�o com objeto";"Com V�timas Fatais";"Plena Noite";"Decrescente";"C�u Claro";"Simples";"Reta";"N�o";1326200;"Autom�vel";"I/VW SPACEFOX ROUTE/VW SPACEFOX ROUTE";2009;"Passageiro";"�bito";13;"Masculino";0;0;0;1;-17,68199045;-46,32655621;"SPRF-MG";"DEL14-MG";"UOP01-DEL14-MG"
742710;1663308;2025-12-31;"quarta-feira";"01:51:00";"MG";40;124,6;"JOAO PINHEIRO";"N�o";"Condutor usando celular";2;"Colis�o com objeto";"Com V�timas Fatais";"Plena Noite";"Decrescente";"C�u Claro";"Simples";"Reta";"N�o";1326200;"Autom�vel";"I/VW SPACEFOX ROUTE/VW SPACEFOX ROUTE";2009;"Condutor";"�bito";51;"Masculino";0;0;0;1;-17,68199045;-46,32655621;"SPRF-MG";"DEL14-MG";"UOP01-DEL14-MG"
742710;1663307;2025-12-31;"quarta-feira";"01:51:00";"MG";40;124,6;"JOAO PINHEIRO";"N�o";"Condutor usando celular";2;"Colis�o com objeto";"Com V�timas Fatais";"Plena Noite";"Decrescente";"C�u Claro";"Simples";"Reta";"N�o";1326198;"Caminh�o-trator";"SCANIA/R460 A6X2/R460 A6X2";2023;"Condutor";"Les�es Graves";35;"Masculino";0;0;1;0;-17,68199045;-46,32655621;"SPRF-MG";"DEL14-MG";"UOP01-DEL14-MG"
742710;NA;2025-12-31;"quarta-feira";"01:51:00";"MG";40;124,6;"JOAO PINHEIRO";"N�o";"Condutor usando celular";2;"Colis�o com objeto";"Com V�timas Fatais";"Plena Noite";"Decrescente";"C�u Claro";"Simples";"Reta";"N�o";1326199;"Semireboque";"SR/DAMBROZ EA113E/DAMBROZ EA113E";2003;NA;NA;NA;NA;NA;NA;NA;NA;-17,68199045;-46,32655621;"SPRF-MG";"DEL14-MG";"UOP01-DEL14-MG"
742710;1663309;2025-12-31;"quarta-feira";"01:51:00";"MG";40;124,6;"JOAO PINHEIRO";"N�o";"Condutor usando celular";1;"Colis�o frontal";"Com V�timas Fatais";"Plena Noite";"Decrescente";"C�u Claro";"Simples";"Reta";"N�o";1326200;"Autom�vel";"I/VW SPACEFOX ROUTE/VW SPACEFOX ROUTE";2009;"Passageiro";"�bito";53;"Feminino";0;0;0;1;-17,68199045;-46,32655621;"SPRF-MG";"DEL14-MG";"UOP01-DEL14-MG"
742710;1663310;2025-12-31;"quarta-feira";"01:51:00";"MG";40;124,6;"JOAO PINHEIRO";"N�o";"Condutor usando celular";1;"Colis�o frontal";"Com V�timas Fatais";"Plena Noite";"Decrescente";"C�u Claro";"Simples";"Reta";"N�o";1326200;"Autom�vel";"I/VW SPACEFOX ROUTE/VW SPACEFOX ROUTE";2009;"Passageiro";"�bito";11;"Feminino";0;0;0;1;-17,68199045;-46,32655621;"SPRF-MG";"DEL14-MG";"UOP01-DEL14-MG"
742710;1663311;2025-12-31;"quarta-feira";"01:51:00";"MG";40;124,6;"JOAO PINHEIRO";"N�o";"Condutor usando celular";1;"Colis�o frontal";"Com V�timas Fatais";"Plena Noite";"Decrescente";"C�u Claro";"Simples";"Reta";"N�o";1326200;"Autom�vel";"I/VW SPACEFOX ROUTE/VW SPACEFOX ROUTE";2009;"Passageiro";"�bito";13;"Masculino";0;0;0;1;-17,68199045;-46,32655621;"SPRF-MG";"DEL14-MG";"UOP01-DEL14-MG"
742710;1663308;2025-12-31;"quarta-feira";"01:51:00";"MG";40;124,6;"JOAO PINHEIRO";"N�o";"Condutor usando celular";1;"Colis�o frontal";"Com V�timas Fatais";"Plena Noite";"Decrescente";"C�u Claro";"Simples";"Reta";"N�o";1326200;"Autom�vel";"I/VW SPACEFOX ROUTE/VW SPACEFOX ROUTE";2009;"Condutor";"�bito";51;"Masculino";0;0;0;1;-17,68199045;-46,32655621;"SPRF-MG";"DEL14-MG";"UOP01-DEL14-MG"
742710;1663307;2025-12-31;"quarta-feira";"01:51:00";"MG";40;124,6;"JOAO PINHEIRO";"N�o";"Condutor usando celular";1;"Colis�o frontal";"Com V�timas Fatais";"Plena Noite";"Decrescente";"C�u Claro";"Simples";"Reta";"N�o";1326198;"Caminh�o-trator";"SCANIA/R460 A6X2/R460 A6X2";2023;"Condutor";"Les�es Graves";35;"Masculino";0;0;1;0;-17,68199045;-46,32655621;"SPRF-MG";"DEL14-MG";"UOP01-DEL14-MG"
742710;NA;2025-12-31;"quarta-feira";"01:51:00";"MG";40;124,6;"JOAO PINHEIRO";"N�o";"Condutor usando celular";1;"Colis�o frontal";"Com V�timas Fatais";"Plena Noite";"Decrescente";"C�u Claro";"Simples";"Reta";"N�o";1326199;"Semireboque";"SR/DAMBROZ EA113E/DAMBROZ EA113E";2003;NA;NA;NA;NA;NA;NA;NA;NA;-17,68199045;-46,32655621;"SPRF-MG";"DEL14-MG";"UOP01-DEL14-MG"
742710;1663309;2025-12-31;"quarta-feira";"01:51:00";"MG";40;124,6;"JOAO PINHEIRO";"N�o";"Condutor Dormindo";2;"Colis�o com objeto";"Com V�timas Fatais";"Plena Noite";"Decrescente";"C�u Claro";"Simples";"Reta";"N�o";1326200;"Autom�vel";"I/VW SPACEFOX ROUTE/VW SPACEFOX ROUTE";2009;"Passageiro";"�bito";53;"Feminino";0;0;0;1;-17,68199045;-46,32655621;"SPRF-MG";"DEL14-MG";"UOP01-DEL14-MG"
742710;1663310;2025-12-31;"quarta-feira";"01:51:00";"MG";40;124,6;"JOAO PINHEIRO";"N�o";"Condutor Dormindo";2;"Colis�o com objeto";"Com V�timas Fatais";"Plena Noite";"Decrescente";"C�u Claro";"Simples";"Reta";"N�o";1326200;"Autom�vel";"I/VW SPACEFOX ROUTE/VW SPACEFOX ROUTE";2009;"Passageiro";"�bito";11;"Feminino";0;0;0;1;-17,68199045;-46,32655621;"SPRF-MG";"DEL14-MG";"UOP01-DEL14-MG"
742710;1663311;2025-12-31;"quarta-feira";"01:51:00";"MG";40;124,6;"JOAO PINHEIRO";"N�o";"Condutor Dormindo";2;"Colis�o com objeto";"Com V�timas Fatais";"Plena Noite";"Decrescente";"C�u Claro";"Simples";"Reta";"N�o";1326200;"Autom�vel";"I/VW SPACEFOX ROUTE/VW SPACEFOX ROUTE";2009;"Passageiro";"�bito";13;"Masculino";0;0;0;1;-17,68199045;-46,32655621;"SPRF-MG";"DEL14-MG";"UOP01-DEL14-MG"
742710;1663308;2025-12-31;"quarta-feira";"01:51:00";"MG";40;124,6;"JOAO PINHEIRO";"N�o";"Condutor Dormindo";2;"Colis�o com objeto";"Com V�timas Fatais";"Plena Noite";"Decrescente";"C�u Claro";"Simples";"Reta";"N�o";1326200;"Autom�vel";"I/VW SPACEFOX ROUTE/VW SPACEFOX ROUTE";2009;"Condutor";"�bito";51;"Masculino";0;0;0;1;-17,68199045;-46,32655621;"SPRF-MG";"DEL14-MG";"UOP01-DEL14-MG"
742710;1663307;2025-12-31;"quarta-feira";"01:51:00";"MG";40;124,6;"JOAO PINHEIRO";"N�o";"Condutor Dormindo";2;"Colis�o com objeto";"Com V�timas Fatais";"Plena Noite";"Decrescente";"C�u Claro";"Simples";"Reta";"N�o";1326198;"Caminh�o-trator";"SCANIA/R460 A6X2/R460 A6X2";2023;"Condutor";"Les�es Graves";35;"Masculino";0;0;1;0;-17,68199045;-46,32655621;"SPRF-MG";"DEL14-MG";"UOP01-DEL14-MG"
742710;NA;2025-12-31;"quarta-feira";"01:51:00";"MG";40;124,6;"JOAO PINHEIRO";"N�o";"Condutor Dormindo";2;"Colis�o com objeto";"Com V�timas Fatais";"Plena Noite";"Decrescente";"C�u Claro";"Simples";"Reta";"N�o";1326199;"Semireboque";"SR/DAMBROZ EA113E/DAMBROZ EA113E";2003;NA;NA;NA;NA;NA;NA;NA;NA;-17,68199045;-46,32655621;"SPRF-MG";"DEL14-MG";"UOP01-DEL14-MG"
742710;1663309;2025-12-31;"quarta-feira";"01:51:00";"MG";40;124,6;"JOAO PINHEIRO";"N�o";"Condutor Dormindo";1;"Colis�o frontal";"Com V�timas Fatais";"Plena Noite";"Decrescente";"C�u Claro";"Simples";"Reta";"N�o";1326200;"Autom�vel";"I/VW SPACEFOX ROUTE/VW SPACEFOX ROUTE";2009;"Passageiro";"�bito";53;"Feminino";0;0;0;1;-17,68199045;-46,32655621;"SPRF-MG";"DEL14-MG";"UOP01-DEL14-MG"
742710;1663310;2025-12-31;"quarta-feira";"01:51:00";"MG";40;124,6;"JOAO PINHEIRO";"N�o";"Condutor Dormindo";1;"Colis�o frontal";"Com V�timas Fatais";"Plena Noite";"Decrescente";"C�u Claro";"Simples";"Reta";"N�o";1326200;"Autom�vel";"I/VW SPACEFOX ROUTE/VW SPACEFOX ROUTE";2009;"Passageiro";"�bito";11;"Feminino";0;0;0;1;-17,68199045;-46,32655621;"SPRF-MG";"DEL14-MG";"UOP01-DEL14-MG"
742710;1663311;2025-12-31;"quarta-feira";"01:51:00";"MG";40;124,6;"JOAO PINHEIRO";"N�o";"Condutor Dormindo";1;"Colis�o frontal";"Com V�timas Fatais";"Plena Noite";"Decrescente";"C�u Claro";"Simples";"Reta";"N�o";1326200;"Autom�vel";"I/VW SPACEFOX ROUTE/VW SPACEFOX ROUTE";2009;"Passageiro";"�bito";13;"Masculino";0;0;0;1;-17,68199045;-46,32655621;"SPRF-MG";"DEL14-MG";"UOP01-DEL14-MG"
742710;1663308;2025-12-31;"quarta-feira";"01:51:00";"MG";40;124,6;"JOAO PINHEIRO";"N�o";"Condutor Dormindo";1;"Colis�o frontal";"Com V�timas Fatais";"Plena Noite";"Decrescente";"C�u Claro";"Simples";"Reta";"N�o";1326200;"Autom�vel";"I/VW SPACEFOX ROUTE/VW SPACEFOX ROUTE";2009;"Condutor";"�bito";51;"Masculino";0;0;0;1;-17,68199045;-46,32655621;"SPRF-MG";"DEL14-MG";"UOP01-DEL14-MG"
742710;1663307;2025-12-31;"quarta-feira";"01:51:00";"MG";40;124,6;"JOAO PINHEIRO";"N�o";"Condutor Dormindo";1;"Colis�o frontal";"Com V�timas Fatais";"Plena Noite";"Decrescente";"C�u Claro";"Simples";"Reta";"N�o";1326198;"Caminh�o-trator";"SCANIA/R460 A6X2/R460 A6X2";2023;"Condutor";"Les�es Graves";35;"Masculino";0;0;1;0;-17,68199045;-46,32655621;"SPRF-MG";"DEL14-MG";"UOP01-DEL14-MG"
742710;NA;2025-12-31;"quarta-feira";"01:51:00";"MG";40;124,6;"JOAO PINHEIRO";"N�o";"Condutor Dormindo";1;"Colis�o frontal";"Com V�timas Fatais";"Plena Noite";"Decrescente";"C�u Claro";"Simples";"Reta";"N�o";1326199;"Semireboque";"SR/DAMBROZ EA113E/DAMBROZ EA113E";2003;NA;NA;NA;NA;NA;NA;NA;NA;-17,68199045;-46,32655621;"SPRF-MG";"DEL14-MG";"UOP01-DEL14-MG"
742710;1663309;2025-12-31;"quarta-feira";"01:51:00";"MG";40;124,6;"JOAO PINHEIRO";"Sim";"Transitar na contram�o";2;"Colis�o com objeto";"Com V�timas Fatais";"Plena Noite";"Decrescente";"C�u Claro";"Simples";"Reta";"N�o";1326200;"Autom�vel";"I/VW SPACEFOX ROUTE/VW SPACEFOX ROUTE";2009;"Passageiro";"�bito";53;"Feminino";0;0;0;1;-17,68199045;-46,32655621;"SPRF-MG";"DEL14-MG";"UOP01-DEL14-MG"
742710;1663310;2025-12-31;"quarta-feira";"01:51:00";"MG";40;124,6;"JOAO PINHEIRO";"Sim";"Transitar na contram�o";2;"Colis�o com objeto";"Com V�timas Fatais";"Plena Noite";"Decrescente";"C�u Claro";"Simples";"Reta";"N�o";1326200;"Autom�vel";"I/VW SPACEFOX ROUTE/VW SPACEFOX ROUTE";2009;"Passageiro";"�bito";11;"Feminino";0;0;0;1;-17,68199045;-46,32655621;"SPRF-MG";"DEL14-MG";"UOP01-DEL14-MG"
742710;1663311;2025-12-31;"quarta-feira";"01:51:00";"MG";40;124,6;"JOAO PINHEIRO";"Sim";"Transitar na contram�o";2;"Colis�o com objeto";"Com V�timas Fatais";"Plena Noite";"Decrescente";"C�u Claro";"Simples";"Reta";"N�o";1326200;"Autom�vel";"I/VW SPACEFOX ROUTE/VW SPACEFOX ROUTE";2009;"Passageiro";"�bito";13;"Masculino";0;0;0;1;-17,68199045;-46,32655621;"SPRF-MG";"DEL14-MG";"UOP01-DEL14-MG"
742710;1663308;2025-12-31;"quarta-feira";"01:51:00";"MG";40;124,6;"JOAO PINHEIRO";"Sim";"Transitar na contram�o";2;"Colis�o com objeto";"Com V�timas Fatais";"Plena Noite";"Decrescente";"C�u Claro";"Simples";"Reta";"N�o";1326200;"Autom�vel";"I/VW SPACEFOX ROUTE/VW SPACEFOX ROUTE";2009;"Condutor";"�bito";51;"Masculino";0;0;0;1;-17,68199045;-46,32655621;"SPRF-MG";"DEL14-MG";"UOP01-DEL14-MG"
742710;1663307;2025-12-31;"quarta-feira";"01:51:00";"MG";40;124,6;"JOAO PINHEIRO";"Sim";"Transitar na contram�o";2;"Colis�o com objeto";"Com V�timas Fatais";"Plena Noite";"Decrescente";"C�u Claro";"Simples";"Reta";"N�o";1326198;"Caminh�o-trator";"SCANIA/R460 A6X2/R460 A6X2";2023;"Condutor";"Les�es Graves";35;"Masculino";0;0;1;0;-17,68199045;-46,32655621;"SPRF-MG";"DEL14-MG";"UOP01-DEL14-MG"
742710;NA;2025-12-31;"quarta-feira";"01:51:00";"MG";40;124,6;"JOAO PINHEIRO";"Sim";"Transitar na contram�o";2;"Colis�o com objeto";"Com V�timas Fatais";"Plena Noite";"Decrescente";"C�u Claro";"Simples";"Reta";"N�o";1326199;"Semireboque";"SR/DAMBROZ EA113E/DAMBROZ EA113E";2003;NA;NA;NA;NA;NA;NA;NA;NA;-17,68199045;-46,32655621;"SPRF-MG";"DEL14-MG";"UOP01-DEL14-MG"
742710;1663309;2025-12-31;"quarta-feira";"01:51:00";"MG";40;124,6;"JOAO PINHEIRO";"Sim";"Transitar na contram�o";1;"Colis�o frontal";"Com V�timas Fatais";"Plena Noite";"Decrescente";"C�u Claro";"Simples";"Reta";"N�o";1326200;"Autom�vel";"I/VW SPACEFOX ROUTE/VW SPACEFOX ROUTE";2009;"Passageiro";"�bito";53;"Feminino";0;0;0;1;-17,68199045;-46,32655621;"SPRF-MG";"DEL14-MG";"UOP01-DEL14-MG"
742710;1663310;2025-12-31;"quarta-feira";"01:51:00";"MG";40;124,6;"JOAO PINHEIRO";"Sim";"Transitar na contram�o";1;"Colis�o frontal";"Com V�timas Fatais";"Plena Noite";"Decrescente";"C�u Claro";"Simples";"Reta";"N�o";1326200;"Autom�vel";"I/VW SPACEFOX ROUTE/VW SPACEFOX ROUTE";2009;"Passageiro";"�bito";11;"Feminino";0;0;0;1;-17,68199045;-46,32655621;"SPRF-MG";"DEL14-MG";"UOP01-DEL14-MG"
742710;1663311;2025-12-31;"quarta-feira";"01:51:00";"MG";40;124,6;"JOAO PINHEIRO";"Sim";"Transitar na contram�o";1;"Colis�o frontal";"Com V�timas Fatais";"Plena Noite";"Decrescente";"C�u Claro";"Simples";"Reta";"N�o";1326200;"Autom�vel";"I/VW SPACEFOX ROUTE/VW SPACEFOX ROUTE";2009;"Passageiro";"�bito";13;"Masculino";0;0;0;1;-17,68199045;-46,32655621;"SPRF-MG";"DEL14-MG";"UOP01-DEL14-MG"
742710;1663308;2025-12-31;"quarta-feira";"01:51:00";"MG";40;124,6;"JOAO PINHEIRO";"Sim";"Transitar na contram�o";1;"Colis�o frontal";"Com V�timas Fatais";"Plena Noite";"Decrescente";"C�u Claro";"Simples";"Reta";"N�o";1326200;"Autom�vel";"I/VW SPACEFOX ROUTE/VW SPACEFOX ROUTE";2009;"Condutor";"�bito";51;"Masculino";0;0;0;1;-17,68199045;-46,32655621;"SPRF-MG";"DEL14-MG";"UOP01-DEL14-MG"
742710;1663307;2025-12-31;"quarta-feira";"01:51:00";"MG";40;124,6;"JOAO PINHEIRO";"Sim";"Transitar na contram�o";1;"Colis�o frontal";"Com V�timas Fatais";"Plena Noite";"Decrescente";"C�u Claro";"Simples";"Reta";"N�o";1326198;"Caminh�o-trator";"SCANIA/R460 A6X2/R460 A6X2";2023;"Condutor";"Les�es Graves";35;"Masculino";0;0;1;0;-17,68199045;-46,32655621;"SPRF-MG";"DEL14-MG";"UOP01-DEL14-MG"
742710;NA;2025-12-31;"quarta-feira";"01:51:00";"MG";40;124,6;"JOAO PINHEIRO";"Sim";"Transitar na contram�o";1;"Colis�o frontal";"Com V�timas Fatais";"Plena Noite";"Decrescente";"C�u Claro";"Simples";"Reta";"N�o";1326199;"Semireboque";"SR/DAMBROZ EA113E/DAMBROZ EA113E";2003;NA;NA;NA;NA;NA;NA;NA;NA;-17,68199045;-46,32655621;"SPRF-MG";"DEL14-MG";"UOP01-DEL14-MG"
742711;1663252;2025-12-31;"quarta-feira";"04:00:00";"PR";277;30;"MORRETES";"Sim";"Avarias e/ou desgaste excessivo no pneu";1;"Queda de ocupante de ve�culo";"Com V�timas Feridas";"Plena Noite";"Decrescente";"Garoa/Chuvisco";"Dupla";"Reta";"N�o";1326153;"Motocicleta";"HONDA/CG 160 START/CG 160 START";2021;"Condutor";"Les�es Leves";19;"Masculino";0;1;0;0;-25,551398;-48,797224;"SPRF-PR";"DEL01-PR";"UOP05-DEL01-PR"
742712;1663254;2025-12-31;"quarta-feira";"04:40:00";"SC";470;54;"BLUMENAU";"Sim";"Ingest�o de �lcool pelo condutor";2;"Inc�ndio";"Com V�timas Feridas";"Amanhecer";"Crescente";"C�u Claro";"Simples";"Reta;Em Obras";"Sim";1326154;"Autom�vel";"FIAT/UNO MILLE EX/UNO MILLE EX";1999;"Condutor";"Ileso";34;"Masculino";1;0;0;0;-26,8749272;-49,117425;"SPRF-SC";"DEL04-SC";"UOP01-DEL04-SC"
742712;1663289;2025-12-31;"quarta-feira";"04:40:00";"SC";470;54;"BLUMENAU";"Sim";"Ingest�o de �lcool pelo condutor";2;"Inc�ndio";"Com V�timas Feridas";"Amanhecer";"Crescente";"C�u Claro";"Simples";"Reta;Em Obras";"Sim";1326154;"Autom�vel";"FIAT/UNO MILLE EX/UNO MILLE EX";1999;"Passageiro";"N�o Informado";NA;"N�o Informado";0;0;0;0;-26,8749272;-49,117425;"SPRF-SC";"DEL04-SC";"UOP01-DEL04-SC"
742712;1663256;2025-12-31;"quarta-feira";"04:40:00";"SC";470;54;"BLUMENAU";"Sim";"Ingest�o de �lcool pelo condutor";2;"Inc�ndio";"Com V�timas Feridas";"Amanhecer";"Crescente";"C�u Claro";"Simples";"Reta;Em Obras";"Sim";1326154;"Autom�vel";"FIAT/UNO MILLE EX/UNO MILLE EX";1999;"Passageiro";"Les�es Leves";30;"Masculino";0;1;0;0;-26,8749272;-49,117425;"SPRF-SC";"DEL04-SC";"UOP01-DEL04-SC"
742712;1663255;2025-12-31;"quarta-feira";"04:40:00";"SC";470;54;"BLUMENAU";"Sim";"Ingest�o de �lcool pelo condutor";2;"Inc�ndio";"Com V�timas Feridas";"Amanhecer";"Crescente";"C�u Claro";"Simples";"Reta;Em Obras";"Sim";1326154;"Autom�vel";"FIAT/UNO MILLE EX/UNO MILLE EX";1999;"Passageiro";"Ileso";26;"Feminino";1;0;0;0;-26,8749272;-49,117425;"SPRF-SC";"DEL04-SC";"UOP01-DEL04-SC"
742712;1663254;2025-12-31;"quarta-feira";"04:40:00";"SC";470;54;"BLUMENAU";"Sim";"Ingest�o de �lcool pelo condutor";1;"Colis�o com objeto";"Com V�timas Feridas";"Amanhecer";"Crescente";"C�u Claro";"Simples";"Reta;Em Obras";"Sim";1326154;"Autom�vel";"FIAT/UNO MILLE EX/UNO MILLE EX";1999;"Condutor";"Ileso";34;"Masculino";1;0;0;0;-26,8749272;-49,117425;"SPRF-SC";"DEL04-SC";"UOP01-DEL04-SC"
742712;1663289;2025-12-31;"quarta-feira";"04:40:00";"SC";470;54;"BLUMENAU";"Sim";"Ingest�o de �lcool pelo condutor";1;"Colis�o com objeto";"Com V�timas Feridas";"Amanhecer";"Crescente";"C�u Claro";"Simples";"Reta;Em Obras";"Sim";1326154;"Autom�vel";"FIAT/UNO MILLE EX/UNO MILLE EX";1999;"Passageiro";"N�o Informado";NA;"N�o Informado";0;0;0;0;-26,8749272;-49,117425;"SPRF-SC";"DEL04-SC";"UOP01-DEL04-SC"
742712;1663256;2025-12-31;"quarta-feira";"04:40:00";"SC";470;54;"BLUMENAU";"Sim";"Ingest�o de �lcool pelo condutor";1;"Colis�o com objeto";"Com V�timas Feridas";"Amanhecer";"Crescente";"C�u Claro";"Simples";"Reta;Em Obras";"Sim";1326154;"Autom�vel";"FIAT/UNO MILLE EX/UNO MILLE EX";1999;"Passageiro";"Les�es Leves";30;"Masculino";0;1;0;0;-26,8749272;-49,117425;"SPRF-SC";"DEL04-SC";"UOP01-DEL04-SC"
742712;1663255;2025-12-31;"quarta-feira";"04:40:00";"SC";470;54;"BLUMENAU";"Sim";"Ingest�o de �lcool pelo condutor";1;"Colis�o com objeto";"Com V�timas Feridas";"Amanhecer";"Crescente";"C�u Claro";"Simples";"Reta;Em Obras";"Sim";1326154;"Autom�vel";"FIAT/UNO MILLE EX/UNO MILLE EX";1999;"Passageiro";"Ileso";26;"Feminino";1;0;0;0;-26,8749272;-49,117425;"SPRF-SC";"DEL04-SC";"UOP01-DEL04-SC"
742713;1663330;2025-12-31;"quarta-feira";"03:20:00";"BA";116;469;"SANTO ESTEVAO";"Sim";"Aus�ncia de rea��o do condutor";1;"Colis�o traseira";"Com V�timas Fatais";"Plena Noite";"Decrescente";"C�u Claro";"Dupla";"Reta";"N�o";1326213;"Autom�vel";"VW/GOLF/GOLF";0;"Condutor";"N�o Informado";NA;"N�o Informado";0;0;0;0;-12,479697;-39,309307;"SPRF-BA";"DEL02-BA";"UOP01-DEL02-BA"
742713;1663329;2025-12-31;"quarta-feira";"03:20:00";"BA";116;469;"SANTO ESTEVAO";"Sim";"Aus�ncia de rea��o do condutor";1;"Colis�o traseira";"Com V�timas Fatais";"Plena Noite";"Decrescente";"C�u Claro";"Dupla";"Reta";"N�o";1326212;"Motocicleta";"HONDA/CG 125 TITAN/CG 125 TITAN";1998;"Condutor";"�bito";38;"Masculino";0;0;0;1;-12,479697;-39,309307;"SPRF-BA";"DEL02-BA";"UOP01-DEL02-BA"
742714;1663559;2025-12-31;"quarta-feira";"05:03:00";"RS";101;9,3;"TORRES";"Sim";"Rea��o tardia ou ineficiente do condutor";3;"Queda de ocupante de ve�culo";"Com V�timas Fatais";"Amanhecer";"Crescente";"Nublado";"M�ltipla";"Curva";"Sim";1326356;"Motocicleta";"IMP/SUZUKI/SUZUKI";0;"Condutor";"�bito";34;"Masculino";0;0;0;1;-29,368462;-49,817192;"SPRF-RS";"DEL03-RS";"UOP02-DEL03-RS"
742714;1664829;2025-12-31;"quarta-feira";"05:03:00";"RS";101;9,3;"TORRES";"Sim";"Rea��o tardia ou ineficiente do condutor";3;"Queda de ocupante de ve�culo";"Com V�timas Fatais";"Amanhecer";"Crescente";"Nublado";"M�ltipla";"Curva";"Sim";1326355;"Autom�vel";"I/BMW 430I GRAN COUPE/BMW 430I GRAN COUPE";2016;"Passageiro";"Ileso";23;"Masculino";1;0;0;0;-29,368462;-49,817192;"SPRF-RS";"DEL03-RS";"UOP02-DEL03-RS"
742714;1664828;2025-12-31;"quarta-feira";"05:03:00";"RS";101;9,3;"TORRES";"Sim";"Rea��o tardia ou ineficiente do condutor";3;"Queda de ocupante de ve�culo";"Com V�timas Fatais";"Amanhecer";"Crescente";"Nublado";"M�ltipla";"Curva";"Sim";1326355;"Autom�vel";"I/BMW 430I GRAN COUPE/BMW 430I GRAN COUPE";2016;"Passageiro";"Ileso";26;"Feminino";1;0;0;0;-29,368462;-49,817192;"SPRF-RS";"DEL03-RS";"UOP02-DEL03-RS"
742714;1663553;2025-12-31;"quarta-feira";"05:03:00";"RS";101;9,3;"TORRES";"Sim";"Rea��o tardia ou ineficiente do condutor";3;"Queda de ocupante de ve�culo";"Com V�timas Fatais";"Amanhecer";"Crescente";"Nublado";"M�ltipla";"Curva";"Sim";1326355;"Autom�vel";"I/BMW 430I GRAN COUPE/BMW 430I GRAN COUPE";2016;"Condutor";"Ileso";27;"Masculino";1;0;0;0;-29,368462;-49,817192;"SPRF-RS";"DEL03-RS";"UOP02-DEL03-RS"
742714;1663559;2025-12-31;"quarta-feira";"05:03:00";"RS";101;9,3;"TORRES";"Sim";"Rea��o tardia ou ineficiente do condutor";2;"Tombamento";"Com V�timas Fatais";"Amanhecer";"Crescente";"Nublado";"M�ltipla";"Curva";"Sim";1326356;"Motocicleta";"IMP/SUZUKI/SUZUKI";0;"Condutor";"�bito";34;"Masculino";0;0;0;1;-29,368462;-49,817192;"SPRF-RS";"DEL03-RS";"UOP02-DEL03-RS"
742714;1664829;2025-12-31;"quarta-feira";"05:03:00";"RS";101;9,3;"TORRES";"Sim";"Rea��o tardia ou ineficiente do condutor";2;"Tombamento";"Com V�timas Fatais";"Amanhecer";"Crescente";"Nublado";"M�ltipla";"Curva";"Sim";1326355;"Autom�vel";"I/BMW 430I GRAN COUPE/BMW 430I GRAN COUPE";2016;"Passageiro";"Ileso";23;"Masculino";1;0;0;0;-29,368462;-49,817192;"SPRF-RS";"DEL03-RS";"UOP02-DEL03-RS"
742714;1664828;2025-12-31;"quarta-feira";"05:03:00";"RS";101;9,3;"TORRES";"Sim";"Rea��o tardia ou ineficiente do condutor";2;"Tombamento";"Com V�timas Fatais";"Amanhecer";"Crescente";"Nublado";"M�ltipla";"Curva";"Sim";1326355;"Autom�vel";"I/BMW 430I GRAN COUPE/BMW 430I GRAN COUPE";2016;"Passageiro";"Ileso";26;"Feminino";1;0;0;0;-29,368462;-49,817192;"SPRF-RS";"DEL03-RS";"UOP02-DEL03-RS"
742714;1663553;2025-12-31;"quarta-feira";"05:03:00";"RS";101;9,3;"TORRES";"Sim";"Rea��o tardia ou ineficiente do condutor";2;"Tombamento";"Com V�timas Fatais";"Amanhecer";"Crescente";"Nublado";"M�ltipla";"Curva";"Sim";1326355;"Autom�vel";"I/BMW 430I GRAN COUPE/BMW 430I GRAN COUPE";2016;"Condutor";"Ileso";27;"Masculino";1;0;0;0;-29,368462;-49,817192;"SPRF-RS";"DEL03-RS";"UOP02-DEL03-RS"