"id";"pesid";"data_inversa";"dia_semana";"horario";"uf";"br";"km";"municipio";"causa_principal";"causa_acidente";"ordem_tipo_acidente";"tipo_acidente";"classificacao_acidente";"fase_dia";"sentido_via";"condicao_metereologica";"tipo_pista";"tracado_via";"uso_solo";"id_veiculo";"tipo_veiculo";"marca";"ano_fabricacao_veiculo";"tipo_envolvido";"estado_fisico";"idade";"sexo";"ilesos";"feridos_leves";"feridos_graves";"mortos";"latitude";"longitude";"regional";"delegacia";"uop"
742714;1663559;2025-12-31;"quarta-feira";"05:03:00";"RS";101;9,3;"TORRES";"Sim";"Rea��o tardia ou ineficiente do condutor";1;"Colis�o traseira";"Com V�timas Fatais";"Amanhecer";"Crescente";"Nublado";"M�ltipla";"Curva";"Sim";1326356;"Motocicleta";"IMP/SUZUKI/SUZUKI";0;"Condutor";"�bito";34;"Masculino";0;0;0;1;-29,368462;-49,817192;"SPRF-RS";"DEL03-RS";"UOP02-DEL03-RS"
742714;1664829;2025-12-31;"quarta-feira";"05:03:00";"RS";101;9,3;"TORRES";"Sim";"Rea��o tardia ou ineficiente do condutor";1;"Colis�o traseira";"Com V�timas Fatais";"Amanhecer";"Crescente";"Nublado";"M�ltipla";"Curva";"Sim";1326355;"Autom�vel";"I/BMW 430I GRAN COUPE/BMW 430I GRAN COUPE";2016;"Passageiro";"Ileso";23;"Masculino";1;0;0;0;-29,368462;-49,817192;"SPRF-RS";"DEL03-RS";"UOP02-DEL03-RS"
742714;1664828;2025-12-31;"quarta-feira";"05:03:00";"RS";101;9,3;"TORRES";"Sim";"Rea��o tardia ou ineficiente do condutor";1;"Colis�o traseira";"Com V�timas Fatais";"Amanhecer";"Crescente";"Nublado";"M�ltipla";"Curva";"Sim";1326355;"Autom�vel";"I/BMW 430I GRAN COUPE/BMW 430I GRAN COUPE";2016;"Passageiro";"Ileso";26;"Feminino";1;0;0;0;-29,368462;-49,817192;"SPRF-RS";"DEL03-RS";"UOP02-DEL03-RS"
742714;1663553;2025-12-31;"quarta-feira";"05:03:00";"RS";101;9,3;"TORRES";"Sim";"Rea��o tardia ou ineficiente do condutor";1;"Colis�o traseira";"Com V�timas Fatais";"Amanhecer";"Crescente";"Nublado";"M�ltipla";"Curva";"Sim";1326355;"Autom�vel";"I/BMW 430I GRAN COUPE/BMW 430I GRAN COUPE";2016;"Condutor";"Ileso";27;"Masculino";1;0;0;0;-29,368462;-49,817192;"SPRF-RS";"DEL03-RS";"UOP02-DEL03-RS"
742714;1663559;2025-12-31;"quarta-feira";"05:03:00";"RS";101;9,3;"TORRES";"N�o";"Aus�ncia de rea��o do condutor";3;"Queda de ocupante de ve�culo";"Com V�timas Fatais";"Amanhecer";"Crescente";"Nublado";"M�ltipla";"Curva";"Sim";1326356;"Motocicleta";"IMP/SUZUKI/SUZUKI";0;"Condutor";"�bito";34;"Masculino";0;0;0;1;-29,368462;-49,817192;"SPRF-RS";"DEL03-RS";"UOP02-DEL03-RS"
742714;1664829;2025-12-31;"quarta-feira";"05:03:00";"RS";101;9,3;"TORRES";"N�o";"Aus�ncia de rea��o do condutor";3;"Queda de ocupante de ve�culo";"Com V�timas Fatais";"Amanhecer";"Crescente";"Nublado";"M�ltipla";"Curva";"Sim";1326355;"Autom�vel";"I/BMW 430I GRAN COUPE/BMW 430I GRAN COUPE";2016;"Passageiro";"Ileso";23;"Masculino";1;0;0;0;-29,368462;-49,817192;"SPRF-RS";"DEL03-RS";"UOP02-DEL03-RS"
742714;1664828;2025-12-31;"quarta-feira";"05:03:00";"RS";101;9,3;"TORRES";"N�o";"Aus�ncia de rea��o do condutor";3;"Queda de ocupante de ve�culo";"Com V�timas Fatais";"Amanhecer";"Crescente";"Nublado";"M�ltipla";"Curva";"Sim";1326355;"Autom�vel";"I/BMW 430I GRAN COUPE/BMW 430I GRAN COUPE";2016;"Passageiro";"Ileso";26;"Feminino";1;0;0;0;-29,368462;-49,817192;"SPRF-RS";"DEL03-RS";"UOP02-DEL03-RS"
742714;1663553;2025-12-31;"quarta-feira";"05:03:00";"RS";101;9,3;"TORRES";"N�o";"Aus�ncia de rea��o do condutor";3;"Queda de ocupante de ve�culo";"Com V�timas Fatais";"Amanhecer";"Crescente";"Nublado";"M�ltipla";"Curva";"Sim";1326355;"Autom�vel";"I/BMW 430I GRAN COUPE/BMW 430I GRAN COUPE";2016;"Condutor";"Ileso";27;"Masculino";1;0;0;0;-29,368462;-49,817192;"SPRF-RS";"DEL03-RS";"UOP02-DEL03-RS"
742714;1663559;2025-12-31;"quarta-feira";"05:03:00";"RS";101;9,3;"TORRES";"N�o";"Aus�ncia de rea��o do condutor";2;"Tombamento";"Com V�timas Fatais";"Amanhecer";"Crescente";"Nublado";"M�ltipla";"Curva";"Sim";1326356;"Motocicleta";"IMP/SUZUKI/SUZUKI";0;"Condutor";"�bito";34;"Masculino";0;0;0;1;-29,368462;-49,817192;"SPRF-RS";"DEL03-RS";"UOP02-DEL03-RS"
742714;1664829;2025-12-31;"quarta-feira";"05:03:00";"RS";101;9,3;"TORRES";"N�o";"Aus�ncia de rea��o do condutor";2;"Tombamento";"Com V�timas Fatais";"Amanhecer";"Crescente";"Nublado";"M�ltipla";"Curva";"Sim";1326355;"Autom�vel";"I/BMW 430I GRAN COUPE/BMW 430I GRAN COUPE";2016;"Passageiro";"Ileso";23;"Masculino";1;0;0;0;-29,368462;-49,817192;"SPRF-RS";"DEL03-RS";"UOP02-DEL03-RS"
742714;1664828;2025-12-31;"quarta-feira";"05:03:00";"RS";101;9,3;"TORRES";"N�o";"Aus�ncia de rea��o do condutor";2;"Tombamento";"Com V�timas Fatais";"Amanhecer";"Crescente";"Nublado";"M�ltipla";"Curva";"Sim";1326355;"Autom�vel";"I/BMW 430I GRAN COUPE/BMW 430I GRAN COUPE";2016;"Passageiro";"Ileso";26;"Feminino";1;0;0;0;-29,368462;-49,817192;"SPRF-RS";"DEL03-RS";"UOP02-DEL03-RS"
742714;1663553;2025-12-31;"quarta-feira";"05:03:00";"RS";101;9,3;"TORRES";"N�o";"Aus�ncia de rea��o do condutor";2;"Tombamento";"Com V�timas Fatais";"Amanhecer";"Crescente";"Nublado";"M�ltipla";"Curva";"Sim";1326355;"Autom�vel";"I/BMW 430I GRAN COUPE/BMW 430I GRAN COUPE";2016;"Condutor";"Ileso";27;"Masculino";1;0;0;0;-29,368462;-49,817192;"SPRF-RS";"DEL03-RS";"UOP02-DEL03-RS"
742714;1663559;2025-12-31;"quarta-feira";"05:03:00";"RS";101;9,3;"TORRES";"N�o";"Aus�ncia de rea��o do condutor";1;"Colis�o traseira";"Com V�timas Fatais";"Amanhecer";"Crescente";"Nublado";"M�ltipla";"Curva";"Sim";1326356;"Motocicleta";"IMP/SUZUKI/SUZUKI";0;"Condutor";"�bito";34;"Masculino";0;0;0;1;-29,368462;-49,817192;"SPRF-RS";"DEL03-RS";"UOP02-DEL03-RS"
742714;1664829;2025-12-31;"quarta-feira";"05:03:00";"RS";101;9,3;"TORRES";"N�o";"Aus�ncia de rea��o do condutor";1;"Colis�o traseira";"Com V�timas Fatais";"Amanhecer";"Crescente";"Nublado";"M�ltipla";"Curva";"Sim";1326355;"Autom�vel";"I/BMW 430I GRAN COUPE/BMW 430I GRAN COUPE";2016;"Passageiro";"Ileso";23;"Masculino";1;0;0;0;-29,368462;-49,817192;"SPRF-RS";"DEL03-RS";"UOP02-DEL03-RS"
742714;1664828;2025-12-31;"quarta-feira";"05:03:00";"RS";101;9,3;"TORRES";"N�o";"Aus�ncia de rea��o do condutor";1;"Colis�o traseira";"Com V�timas Fatais";"Amanhecer";"Crescente";"Nublado";"M�ltipla";"Curva";"Sim";1326355;"Autom�vel";"I/BMW 430I GRAN COUPE/BMW 430I GRAN COUPE";2016;"Passageiro";"Ileso";26;"Feminino";1;0;0;0;-29,368462;-49,817192;"SPRF-RS";"DEL03-RS";"UOP02-DEL03-RS"
742714;1663553;2025-12-31;"quarta-feira";"05:03:00";"RS";101;9,3;"TORRES";"N�o";"Aus�ncia de rea��o do condutor";1;"Colis�o traseira";"Com V�timas Fatais";"Amanhecer";"Crescente";"Nublado";"M�ltipla";"Curva";"Sim";1326355;"Autom�vel";"I/BMW 430I GRAN COUPE/BMW 430I GRAN COUPE";2016;"Condutor";"Ileso";27;"Masculino";1;0;0;0;-29,368462;-49,817192;"SPRF-RS";"DEL03-RS";"UOP02-DEL03-RS"
742714;1663559;2025-12-31;"quarta-feira";"05:03:00";"RS";101;9,3;"TORRES";"N�o";"Ilumina��o deficiente";3;"Queda de ocupante de ve�culo";"Com V�timas Fatais";"Amanhecer";"Crescente";"Nublado";"M�ltipla";"Curva";"Sim";1326356;"Motocicleta";"IMP/SUZUKI/SUZUKI";0;"Condutor";"�bito";34;"Masculino";0;0;0;1;-29,368462;-49,817192;"SPRF-RS";"DEL03-RS";"UOP02-DEL03-RS"
742714;1664829;2025-12-31;"quarta-feira";"05:03:00";"RS";101;9,3;"TORRES";"N�o";"Ilumina��o deficiente";3;"Queda de ocupante de ve�culo";"Com V�timas Fatais";"Amanhecer";"Crescente";"Nublado";"M�ltipla";"Curva";"Sim";1326355;"Autom�vel";"I/BMW 430I GRAN COUPE/BMW 430I GRAN COUPE";2016;"Passageiro";"Ileso";23;"Masculino";1;0;0;0;-29,368462;-49,817192;"SPRF-RS";"DEL03-RS";"UOP02-DEL03-RS"
742714;1664828;2025-12-31;"quarta-feira";"05:03:00";"RS";101;9,3;"TORRES";"N�o";"Ilumina��o deficiente";3;"Queda de ocupante de ve�culo";"Com V�timas Fatais";"Amanhecer";"Crescente";"Nublado";"M�ltipla";"Curva";"Sim";1326355;"Autom�vel";"I/BMW 430I GRAN COUPE/BMW 430I GRAN COUPE";2016;"Passageiro";"Ileso";26;"Feminino";1;0;0;0;-29,368462;-49,817192;"SPRF-RS";"DEL03-RS";"UOP02-DEL03-RS"
742714;1663553;2025-12-31;"quarta-feira";"05:03:00";"RS";101;9,3;"TORRES";"N�o";"Ilumina��o deficiente";3;"Queda de ocupante de ve�culo";"Com V�timas Fatais";"Amanhecer";"Crescente";"Nublado";"M�ltipla";"Curva";"Sim";1326355;"Autom�vel";"I/BMW 430I GRAN COUPE/BMW 430I GRAN COUPE";2016;"Condutor";"Ileso";27;"Masculino";1;0;0;0;-29,368462;-49,817192;"SPRF-RS";"DEL03-RS";"UOP02-DEL03-RS"
742714;1663559;2025-12-31;"quarta-feira";"05:03:00";"RS";101;9,3;"TORRES";"N�o";"Ilumina��o deficiente";2;"Tombamento";"Com V�timas Fatais";"Amanhecer";"Crescente";"Nublado";"M�ltipla";"Curva";"Sim";1326356;"Motocicleta";"IMP/SUZUKI/SUZUKI";0;"Condutor";"�bito";34;"Masculino";0;0;0;1;-29,368462;-49,817192;"SPRF-RS";"DEL03-RS";"UOP02-DEL03-RS"
742714;1664829;2025-12-31;"quarta-feira";"05:03:00";"RS";101;9,3;"TORRES";"N�o";"Ilumina��o deficiente";2;"Tombamento";"Com V�timas Fatais";"Amanhecer";"Crescente";"Nublado";"M�ltipla";"Curva";"Sim";1326355;"Autom�vel";"I/BMW 430I GRAN COUPE/BMW 430I GRAN COUPE";2016;"Passageiro";"Ileso";23;"Masculino";1;0;0;0;-29,368462;-49,817192;"SPRF-RS";"DEL03-RS";"UOP02-DEL03-RS"
742714;1664828;2025-12-31;"quarta-feira";"05:03:00";"RS";101;9,3;"TORRES";"N�o";"Ilumina��o deficiente";2;"Tombamento";"Com V�timas Fatais";"Amanhecer";"Crescente";"Nublado";"M�ltipla";"Curva";"Sim";1326355;"Autom�vel";"I/BMW 430I GRAN COUPE/BMW 430I GRAN COUPE";2016;"Passageiro";"Ileso";26;"Feminino";1;0;0;0;-29,368462;-49,817192;"SPRF-RS";"DEL03-RS";"UOP02-DEL03-RS"
742714;1663553;2025-12-31;"quarta-feira";"05:03:00";"RS";101;9,3;"TORRES";"N�o";"Ilumina��o deficiente";2;"Tombamento";"Com V�timas Fatais";"Amanhecer";"Crescente";"Nublado";"M�ltipla";"Curva";"Sim";1326355;"Autom�vel";"I/BMW 430I GRAN COUPE/BMW 430I GRAN COUPE";2016;"Condutor";"Ileso";27;"Masculino";1;0;0;0;-29,368462;-49,817192;"SPRF-RS";"DEL03-RS";"UOP02-DEL03-RS"
742714;1663559;2025-12-31;"quarta-feira";"05:03:00";"RS";101;9,3;"TORRES";"N�o";"Ilumina��o deficiente";1;"Colis�o traseira";"Com V�timas Fatais";"Amanhecer";"Crescente";"Nublado";"M�ltipla";"Curva";"Sim";1326356;"Motocicleta";"IMP/SUZUKI/SUZUKI";0;"Condutor";"�bito";34;"Masculino";0;0;0;1;-29,368462;-49,817192;"SPRF-RS";"DEL03-RS";"UOP02-DEL03-RS"
742714;1664829;2025-12-31;"quarta-feira";"05:03:00";"RS";101;9,3;"TORRES";"N�o";"Ilumina��o deficiente";1;"Colis�o traseira";"Com V�timas Fatais";"Amanhecer";"Crescente";"Nublado";"M�ltipla";"Curva";"Sim";1326355;"Autom�vel";"I/BMW 430I GRAN COUPE/BMW 430I GRAN COUPE";2016;"Passageiro";"Ileso";23;"Masculino";1;0;0;0;-29,368462;-49,817192;"SPRF-RS";"DEL03-RS";"UOP02-DEL03-RS"
742714;1664828;2025-12-31;"quarta-feira";"05:03:00";"RS";101;9,3;"TORRES";"N�o";"Ilumina��o deficiente";1;"Colis�o traseira";"Com V�timas Fatais";"Amanhecer";"Crescente";"Nublado";"M�ltipla";"Curva";"Sim";1326355;"Autom�vel";"I/BMW 430I GRAN COUPE/BMW 430I GRAN COUPE";2016;"Passageiro";"Ileso";26;"Feminino";1;0;0;0;-29,368462;-49,817192;"SPRF-RS";"DEL03-RS";"UOP02-DEL03-RS"
742714;1663553;2025-12-31;"quarta-feira";"05:03:00";"RS";101;9,3;"TORRES";"N�o";"Ilumina��o deficiente";1;"Colis�o traseira";"Com V�timas Fatais";"Amanhecer";"Crescente";"Nublado";"M�ltipla";"Curva";"Sim";1326355;"Autom�vel";"I/BMW 430I GRAN COUPE/BMW 430I GRAN COUPE";2016;"Condutor";"Ileso";27;"Masculino";1;0;0;0;-29,368462;-49,817192;"SPRF-RS";"DEL03-RS";"UOP02-DEL03-RS"
742714;1663559;2025-12-31;"quarta-feira";"05:03:00";"RS";101;9,3;"TORRES";"N�o";"Velocidade Incompat�vel";3;"Queda de ocupante de ve�culo";"Com V�timas Fatais";"Amanhecer";"Crescente";"Nublado";"M�ltipla";"Curva";"Sim";1326356;"Motocicleta";"IMP/SUZUKI/SUZUKI";0;"Condutor";"�bito";34;"Masculino";0;0;0;1;-29,368462;-49,817192;"SPRF-RS";"DEL03-RS";"UOP02-DEL03-RS"
742714;1664829;2025-12-31;"quarta-feira";"05:03:00";"RS";101;9,3;"TORRES";"N�o";"Velocidade Incompat�vel";3;"Queda de ocupante de ve�culo";"Com V�timas Fatais";"Amanhecer";"Crescente";"Nublado";"M�ltipla";"Curva";"Sim";1326355;"Autom�vel";"I/BMW 430I GRAN COUPE/BMW 430I GRAN COUPE";2016;"Passageiro";"Ileso";23;"Masculino";1;0;0;0;-29,368462;-49,817192;"SPRF-RS";"DEL03-RS";"UOP02-DEL03-RS"
742714;1664828;2025-12-31;"quarta-feira";"05:03:00";"RS";101;9,3;"TORRES";"N�o";"Velocidade Incompat�vel";3;"Queda de ocupante de ve�culo";"Com V�timas Fatais";"Amanhecer";"Crescente";"Nublado";"M�ltipla";"Curva";"Sim";1326355;"Autom�vel";"I/BMW 430I GRAN COUPE/BMW 430I GRAN COUPE";2016;"Passageiro";"Ileso";26;"Feminino";1;0;0;0;-29,368462;-49,817192;"SPRF-RS";"DEL03-RS";"UOP02-DEL03-RS"
742714;1663553;2025-12-31;"quarta-feira";"05:03:00";"RS";101;9,3;"TORRES";"N�o";"Velocidade Incompat�vel";3;"Queda de ocupante de ve�culo";"Com V�timas Fatais";"Amanhecer";"Crescente";"Nublado";"M�ltipla";"Curva";"Sim";1326355;"Autom�vel";"I/BMW 430I GRAN COUPE/BMW 430I GRAN COUPE";2016;"Condutor";"Ileso";27;"Masculino";1;0;0;0;-29,368462;-49,817192;"SPRF-RS";"DEL03-RS";"UOP02-DEL03-RS"
742714;1663559;2025-12-31;"quarta-feira";"05:03:00";"RS";101;9,3;"TORRES";"N�o";"Velocidade Incompat�vel";2;"Tombamento";"Com V�timas Fatais";"Amanhecer";"Crescente";"Nublado";"M�ltipla";"Curva";"Sim";1326356;"Motocicleta";"IMP/SUZUKI/SUZUKI";0;"Condutor";"�bito";34;"Masculino";0;0;0;1;-29,368462;-49,817192;"SPRF-RS";"DEL03-RS";"UOP02-DEL03-RS"
742714;1664829;2025-12-31;"quarta-feira";"05:03:00";"RS";101;9,3;"TORRES";"N�o";"Velocidade Incompat�vel";2;"Tombamento";"Com V�timas Fatais";"Amanhecer";"Crescente";"Nublado";"M�ltipla";"Curva";"Sim";1326355;"Autom�vel";"I/BMW 430I GRAN COUPE/BMW 430I GRAN COUPE";2016;"Passageiro";"Ileso";23;"Masculino";1;0;0;0;-29,368462;-49,817192;"SPRF-RS";"DEL03-RS";"UOP02-DEL03-RS"
742714;1664828;2025-12-31;"quarta-feira";"05:03:00";"RS";101;9,3;"TORRES";"N�o";"Velocidade Incompat�vel";2;"Tombamento";"Com V�timas Fatais";"Amanhecer";"Crescente";"Nublado";"M�ltipla";"Curva";"Sim";1326355;"Autom�vel";"I/BMW 430I GRAN COUPE/BMW 430I GRAN COUPE";2016;"Passageiro";"Ileso";26;"Feminino";1;0;0;0;-29,368462;-49,817192;"SPRF-RS";"DEL03-RS";"UOP02-DEL03-RS"
742714;1663553;2025-12-31;"quarta-feira";"05:03:00";"RS";101;9,3;"TORRES";"N�o";"Velocidade Incompat�vel";2;"Tombamento";"Com V�timas Fatais";"Amanhecer";"Crescente";"Nublado";"M�ltipla";"Curva";"Sim";1326355;"Autom�vel";"I/BMW 430I GRAN COUPE/BMW 430I GRAN COUPE";2016;"Condutor";"Ileso";27;"Masculino";1;0;0;0;-29,368462;-49,817192;"SPRF-RS";"DEL03-RS";"UOP02-DEL03-RS"
742714;1663559;2025-12-31;"quarta-feira";"05:03:00";"RS";101;9,3;"TORRES";"N�o";"Velocidade Incompat�vel";1;"Colis�o traseira";"Com V�timas Fatais";"Amanhecer";"Crescente";"Nublado";"M�ltipla";"Curva";"Sim";1326356;"Motocicleta";"IMP/SUZUKI/SUZUKI";0;"Condutor";"�bito";34;"Masculino";0;0;0;1;-29,368462;-49,817192;"SPRF-RS";"DEL03-RS";"UOP02-DEL03-RS"
742714;1664829;2025-12-31;"quarta-feira";"05:03:00";"RS";101;9,3;"TORRES";"N�o";"Velocidade Incompat�vel";1;"Colis�o traseira";"Com V�timas Fatais";"Amanhecer";"Crescente";"Nublado";"M�ltipla";"Curva";"Sim";1326355;"Autom�vel";"I/BMW 430I GRAN COUPE/BMW 430I GRAN COUPE";2016;"Passageiro";"Ileso";23;"Masculino";1;0;0;0;-29,368462;-49,817192;"SPRF-RS";"DEL03-RS";"UOP02-DEL03-RS"
742714;1664828;2025-12-31;"quarta-feira";"05:03:00";"RS";101;9,3;"TORRES";"N�o";"Velocidade Incompat�vel";1;"Colis�o traseira";"Com V�timas Fatais";"Amanhecer";"Crescente";"Nublado";"M�ltipla";"Curva";"Sim";1326355;"Autom�vel";"I/BMW 430I GRAN COUPE/BMW 430I GRAN COUPE";2016;"Passageiro";"Ileso";26;"Feminino";1;0;0;0;-29,368462;-49,817192;"SPRF-RS";"DEL03-RS";"UOP02-DEL03-RS"
742714;1663553;2025-12-31;"quarta-feira";"05:03:00";"RS";101;9,3;"TORRES";"N�o";"Velocidade Incompat�vel";1;"Colis�o traseira";"Com V�timas Fatais";"Amanhecer";"Crescente";"Nublado";"M�ltipla";"Curva";"Sim";1326355;"Autom�vel";"I/BMW 430I GRAN COUPE/BMW 430I GRAN COUPE";2016;"Condutor";"Ileso";27;"Masculino";1;0;0;0;-29,368462;-49,817192;"SPRF-RS";"DEL03-RS";"UOP02-DEL03-RS"
742714;1663559;2025-12-31;"quarta-feira";"05:03:00";"RS";101;9,3;"TORRES";"N�o";"Ingest�o de �lcool pelo condutor";3;"Queda de ocupante de ve�culo";"Com V�timas Fatais";"Amanhecer";"Crescente";"Nublado";"M�ltipla";"Curva";"Sim";1326356;"Motocicleta";"IMP/SUZUKI/SUZUKI";0;"Condutor";"�bito";34;"Masculino";0;0;0;1;-29,368462;-49,817192;"SPRF-RS";"DEL03-RS";"UOP02-DEL03-RS"
742714;1664829;2025-12-31;"quarta-feira";"05:03:00";"RS";101;9,3;"TORRES";"N�o";"Ingest�o de �lcool pelo condutor";3;"Queda de ocupante de ve�culo";"Com V�timas Fatais";"Amanhecer";"Crescente";"Nublado";"M�ltipla";"Curva";"Sim";1326355;"Autom�vel";"I/BMW 430I GRAN COUPE/BMW 430I GRAN COUPE";2016;"Passageiro";"Ileso";23;"Masculino";1;0;0;0;-29,368462;-49,817192;"SPRF-RS";"DEL03-RS";"UOP02-DEL03-RS"
742714;1664828;2025-12-31;"quarta-feira";"05:03:00";"RS";101;9,3;"TORRES";"N�o";"Ingest�o de �lcool pelo condutor";3;"Queda de ocupante de ve�culo";"Com V�timas Fatais";"Amanhecer";"Crescente";"Nublado";"M�ltipla";"Curva";"Sim";1326355;"Autom�vel";"I/BMW 430I GRAN COUPE/BMW 430I GRAN COUPE";2016;"Passageiro";"Ileso";26;"Feminino";1;0;0;0;-29,368462;-49,817192;"SPRF-RS";"DEL03-RS";"UOP02-DEL03-RS"
742714;1663553;2025-12-31;"quarta-feira";"05:03:00";"RS";101;9,3;"TORRES";"N�o";"Ingest�o de �lcool pelo condutor";3;"Queda de ocupante de ve�culo";"Com V�timas Fatais";"Amanhecer";"Crescente";"Nublado";"M�ltipla";"Curva";"Sim";1326355;"Autom�vel";"I/BMW 430I GRAN COUPE/BMW 430I GRAN COUPE";2016;"Condutor";"Ileso";27;"Masculino";1;0;0;0;-29,368462;-49,817192;"SPRF-RS";"DEL03-RS";"UOP02-DEL03-RS"
742714;1663559;2025-12-31;"quarta-feira";"05:03:00";"RS";101;9,3;"TORRES";"N�o";"Ingest�o de �lcool pelo condutor";2;"Tombamento";"Com V�timas Fatais";"Amanhecer";"Crescente";"Nublado";"M�ltipla";"Curva";"Sim";1326356;"Motocicleta";"IMP/SUZUKI/SUZUKI";0;"Condutor";"�bito";34;"Masculino";0;0;0;1;-29,368462;-49,817192;"SPRF-RS";"DEL03-RS";"UOP02-DEL03-RS"
742714;1664829;2025-12-31;"quarta-feira";"05:03:00";"RS";101;9,3;"TORRES";"N�o";"Ingest�o de �lcool pelo condutor";2;"Tombamento";"Com V�timas Fatais";"Amanhecer";"Crescente";"Nublado";"M�ltipla";"Curva";"Sim";1326355;"Autom�vel";"I/BMW 430I GRAN COUPE/BMW 430I GRAN COUPE";2016;"Passageiro";"Ileso";23;"Masculino";1;0;0;0;-29,368462;-49,817192;"SPRF-RS";"DEL03-RS";"UOP02-DEL03-RS"
742714;1664828;2025-12-31;"quarta-feira";"05:03:00";"RS";101;9,3;"TORRES";"N�o";"Ingest�o de �lcool pelo condutor";2;"Tombamento";"Com V�timas Fatais";"Amanhecer";"Crescente";"Nublado";"M�ltipla";"Curva";"Sim";1326355;"Autom�vel";"I/BMW 430I GRAN COUPE/BMW 430I GRAN COUPE";2016;"Passageiro";"Ileso";26;"Feminino";1;0;0;0;-29,368462;-49,817192;"SPRF-RS";"DEL03-RS";"UOP02-DEL03-RS"
742714;1663553;2025-12-31;"quarta-feira";"05:03:00";"RS";101;9,3;"TORRES";"N�o";"Ingest�o de �lcool pelo condutor";2;"Tombamento";"Com V�timas Fatais";"Amanhecer";"Crescente";"Nublado";"M�ltipla";"Curva";"Sim";1326355;"Autom�vel";"I/BMW 430I GRAN COUPE/BMW 430I GRAN COUPE";2016;"Condutor";"Ileso";27;"Masculino";1;0;0;0;-29,368462;-49,817192;"SPRF-RS";"DEL03-RS";"UOP02-DEL03-RS"
742714;1663559;2025-12-31;"quarta-feira";"05:03:00";"RS";101;9,3;"TORRES";"N�o";"Ingest�o de �lcool pelo condutor";1;"Colis�o traseira";"Com V�timas Fatais";"Amanhecer";"Crescente";"Nublado";"M�ltipla";"Curva";"Sim";1326356;"Motocicleta";"IMP/SUZUKI/SUZUKI";0;"Condutor";"�bito";34;"Masculino";0;0;0;1;-29,368462;-49,817192;"SPRF-RS";"DEL03-RS";"UOP02-DEL03-RS"
742714;1664829;2025-12-31;"quarta-feira";"05:03:00";"RS";101;9,3;"TORRES";"N�o";"Ingest�o de �lcool pelo condutor";1;"Colis�o traseira";"Com V�timas Fatais";"Amanhecer";"Crescente";"Nublado";"M�ltipla";"Curva";"Sim";1326355;"Autom�vel";"I/BMW 430I GRAN COUPE/BMW 430I GRAN COUPE";2016;"Passageiro";"Ileso";23;"Masculino";1;0;0;0;-29,368462;-49,817192;"SPRF-RS";"DEL03-RS";"UOP02-DEL03-RS"
742714;1664828;2025-12-31;"quarta-feira";"05:03:00";"RS";101;9,3;"TORRES";"N�o";"Ingest�o de �lcool pelo condutor";1;"Colis�o traseira";"Com V�timas Fatais";"Amanhecer";"Crescente";"Nublado";"M�ltipla";"Curva";"Sim";1326355;"Autom�vel";"I/BMW 430I GRAN COUPE/BMW 430I GRAN COUPE";2016;"Passageiro";"Ileso";26;"Feminino";1;0;0;0;-29,368462;-49,817192;"SPRF-RS";"DEL03-RS";"UOP02-DEL03-RS"
742714;1663553;2025-12-31;"quarta-feira";"05:03:00";"RS";101;9,3;"TORRES";"N�o";"Ingest�o de �lcool pelo condutor";1;"Colis�o traseira";"Com V�timas Fatais";"Amanhecer";"Crescente";"Nublado";"M�ltipla";"Curva";"Sim";1326355;"Autom�vel";"I/BMW 430I GRAN COUPE/BMW 430I GRAN COUPE";2016;"Condutor";"Ileso";27;"Masculino";1;0;0;0;-29,368462;-49,817192;"SPRF-RS";"DEL03-RS";"UOP02-DEL03-RS"
742715;1663303;2025-12-31;"quarta-feira";"03:50:00";"MG";262;691,4;"ARAXA";"Sim";"Aus�ncia de rea��o do condutor";3;"Queda de ocupante de ve�culo";"Com V�timas Fatais";"Plena Noite";"Decrescente";"C�u Claro";"Simples";"Ponte;Reta;Declive";"N�o";1326195;"Motocicleta";"BMW/F800 GS/F800 GS";2014;"Condutor";"�bito";28;"Masculino";0;0;0;1;-19,584226;-47,06765;"SPRF-MG";"DEL08-MG";"UOP01-DEL08-MG"
742715;1663303;2025-12-31;"quarta-feira";"03:50:00";"MG";262;691,4;"ARAXA";"Sim";"Aus�ncia de rea��o do condutor";2;"Tombamento";"Com V�timas Fatais";"Plena Noite";"Decrescente";"C�u Claro";"Simples";"Ponte;Reta;Declive";"N�o";1326195;"Motocicleta";"BMW/F800 GS/F800 GS";2014;"Condutor";"�bito";28;"Masculino";0;0;0;1;-19,584226;-47,06765;"SPRF-MG";"DEL08-MG";"UOP01-DEL08-MG"
742715;1663303;2025-12-31;"quarta-feira";"03:50:00";"MG";262;691,4;"ARAXA";"Sim";"Aus�ncia de rea��o do condutor";1;"Colis�o com objeto";"Com V�timas Fatais";"Plena Noite";"Decrescente";"C�u Claro";"Simples";"Ponte;Reta;Declive";"N�o";1326195;"Motocicleta";"BMW/F800 GS/F800 GS";2014;"Condutor";"�bito";28;"Masculino";0;0;0;1;-19,584226;-47,06765;"SPRF-MG";"DEL08-MG";"UOP01-DEL08-MG"
742716;1663279;2025-12-31;"quarta-feira";"04:30:00";"RJ";101;225;"SILVA JARDIM";"Sim";"Condutor Dormindo";2;"Capotamento";"Com V�timas Feridas";"Plena Noite";"Decrescente";"C�u Claro";"Dupla";"Reta";"N�o";1326178;"Autom�vel";"FIAT/PALIO WK ADVEN FLEX/PALIO WK ADVEN FLEX";2010;"Passageiro";"Les�es Leves";43;"Feminino";0;1;0;0;-22,543214;-42,348182;"SPRF-RJ";"DEL02-RJ";"UOP03-DEL02-RJ"