"id";"pesid";"data_inversa";"dia_semana";"horario";"uf";"br";"km";"municipio";"causa_principal";"causa_acidente";"ordem_tipo_acidente";"tipo_acidente";"classificacao_acidente";"fase_dia";"sentido_via";"condicao_metereologica";"tipo_pista";"tracado_via";"uso_solo";"id_veiculo";"tipo_veiculo";"marca";"ano_fabricacao_veiculo";"tipo_envolvido";"estado_fisico";"idade";"sexo";"ilesos";"feridos_leves";"feridos_graves";"mortos";"latitude";"longitude";"regional";"delegacia";"uop"
742716;1663281;2025-12-31;"quarta-feira";"04:30:00";"RJ";101;225;"SILVA JARDIM";"Sim";"Condutor Dormindo";2;"Capotamento";"Com V�timas Feridas";"Plena Noite";"Decrescente";"C�u Claro";"Dupla";"Reta";"N�o";1326178;"Autom�vel";"FIAT/PALIO WK ADVEN FLEX/PALIO WK ADVEN FLEX";2010;"Passageiro";"Les�es Leves";18;"Masculino";0;1;0;0;-22,543214;-42,348182;"SPRF-RJ";"DEL02-RJ";"UOP03-DEL02-RJ"
742716;1663282;2025-12-31;"quarta-feira";"04:30:00";"RJ";101;225;"SILVA JARDIM";"Sim";"Condutor Dormindo";2;"Capotamento";"Com V�timas Feridas";"Plena Noite";"Decrescente";"C�u Claro";"Dupla";"Reta";"N�o";1326178;"Autom�vel";"FIAT/PALIO WK ADVEN FLEX/PALIO WK ADVEN FLEX";2010;"Passageiro";"Les�es Leves";29;"Feminino";0;1;0;0;-22,543214;-42,348182;"SPRF-RJ";"DEL02-RJ";"UOP03-DEL02-RJ"
742716;1663278;2025-12-31;"quarta-feira";"04:30:00";"RJ";101;225;"SILVA JARDIM";"Sim";"Condutor Dormindo";2;"Capotamento";"Com V�timas Feridas";"Plena Noite";"Decrescente";"C�u Claro";"Dupla";"Reta";"N�o";1326178;"Autom�vel";"FIAT/PALIO WK ADVEN FLEX/PALIO WK ADVEN FLEX";2010;"Passageiro";"Ileso";18;"Masculino";1;0;0;0;-22,543214;-42,348182;"SPRF-RJ";"DEL02-RJ";"UOP03-DEL02-RJ"
742716;1663276;2025-12-31;"quarta-feira";"04:30:00";"RJ";101;225;"SILVA JARDIM";"Sim";"Condutor Dormindo";2;"Capotamento";"Com V�timas Feridas";"Plena Noite";"Decrescente";"C�u Claro";"Dupla";"Reta";"N�o";1326178;"Autom�vel";"FIAT/PALIO WK ADVEN FLEX/PALIO WK ADVEN FLEX";2010;"Condutor";"Ileso";57;"Masculino";1;0;0;0;-22,543214;-42,348182;"SPRF-RJ";"DEL02-RJ";"UOP03-DEL02-RJ"
742716;1663279;2025-12-31;"quarta-feira";"04:30:00";"RJ";101;225;"SILVA JARDIM";"Sim";"Condutor Dormindo";1;"Sa�da de leito carro��vel";"Com V�timas Feridas";"Plena Noite";"Decrescente";"C�u Claro";"Dupla";"Reta";"N�o";1326178;"Autom�vel";"FIAT/PALIO WK ADVEN FLEX/PALIO WK ADVEN FLEX";2010;"Passageiro";"Les�es Leves";43;"Feminino";0;1;0;0;-22,543214;-42,348182;"SPRF-RJ";"DEL02-RJ";"UOP03-DEL02-RJ"
742716;1663281;2025-12-31;"quarta-feira";"04:30:00";"RJ";101;225;"SILVA JARDIM";"Sim";"Condutor Dormindo";1;"Sa�da de leito carro��vel";"Com V�timas Feridas";"Plena Noite";"Decrescente";"C�u Claro";"Dupla";"Reta";"N�o";1326178;"Autom�vel";"FIAT/PALIO WK ADVEN FLEX/PALIO WK ADVEN FLEX";2010;"Passageiro";"Les�es Leves";18;"Masculino";0;1;0;0;-22,543214;-42,348182;"SPRF-RJ";"DEL02-RJ";"UOP03-DEL02-RJ"
742716;1663282;2025-12-31;"quarta-feira";"04:30:00";"RJ";101;225;"SILVA JARDIM";"Sim";"Condutor Dormindo";1;"Sa�da de leito carro��vel";"Com V�timas Feridas";"Plena Noite";"Decrescente";"C�u Claro";"Dupla";"Reta";"N�o";1326178;"Autom�vel";"FIAT/PALIO WK ADVEN FLEX/PALIO WK ADVEN FLEX";2010;"Passageiro";"Les�es Leves";29;"Feminino";0;1;0;0;-22,543214;-42,348182;"SPRF-RJ";"DEL02-RJ";"UOP03-DEL02-RJ"
742716;1663278;2025-12-31;"quarta-feira";"04:30:00";"RJ";101;225;"SILVA JARDIM";"Sim";"Condutor Dormindo";1;"Sa�da de leito carro��vel";"Com V�timas Feridas";"Plena Noite";"Decrescente";"C�u Claro";"Dupla";"Reta";"N�o";1326178;"Autom�vel";"FIAT/PALIO WK ADVEN FLEX/PALIO WK ADVEN FLEX";2010;"Passageiro";"Ileso";18;"Masculino";1;0;0;0;-22,543214;-42,348182;"SPRF-RJ";"DEL02-RJ";"UOP03-DEL02-RJ"
742716;1663276;2025-12-31;"quarta-feira";"04:30:00";"RJ";101;225;"SILVA JARDIM";"Sim";"Condutor Dormindo";1;"Sa�da de leito carro��vel";"Com V�timas Feridas";"Plena Noite";"Decrescente";"C�u Claro";"Dupla";"Reta";"N�o";1326178;"Autom�vel";"FIAT/PALIO WK ADVEN FLEX/PALIO WK ADVEN FLEX";2010;"Condutor";"Ileso";57;"Masculino";1;0;0;0;-22,543214;-42,348182;"SPRF-RJ";"DEL02-RJ";"UOP03-DEL02-RJ"
742717;1663267;2025-12-30;"ter�a-feira";"23:30:00";"SC";280;120;"RIO NEGRINHO";"Sim";"Condutor Dormindo";1;"Colis�o com objeto";"Com V�timas Feridas";"Plena Noite";"Crescente";"Nublado";"Dupla";"Reta";"Sim";1326165;"Autom�vel";"GM/CELTA 2P LIFE/CELTA 2P LIFE";2009;"Condutor";"Les�es Graves";18;"Masculino";0;0;1;0;-26,2390989;-49,5018932;"SPRF-SC";"DEL06-SC";"UOP03-DEL06-SC"
742718;1663352;2025-12-31;"quarta-feira";"00:25:00";"SC";101;394;"MARACAJA";"Sim";"Aus�ncia de rea��o do condutor";1;"Colis�o com objeto";"Sem V�timas";"Plena Noite";"Crescente";"Chuva";"M�ltipla";"Reta";"Sim";1326227;"Autom�vel";"CITROEN/C3 90M TENDANCE/C3 90M TENDANCE";2012;"Passageiro";"Ileso";47;"Masculino";1;0;0;0;-28,828276;-49,409484;"SPRF-SC";"DEL02-SC";"UOP02-DEL02-SC"
742718;1663348;2025-12-31;"quarta-feira";"00:25:00";"SC";101;394;"MARACAJA";"Sim";"Aus�ncia de rea��o do condutor";1;"Colis�o com objeto";"Sem V�timas";"Plena Noite";"Crescente";"Chuva";"M�ltipla";"Reta";"Sim";1326227;"Autom�vel";"CITROEN/C3 90M TENDANCE/C3 90M TENDANCE";2012;"Condutor";"Ileso";48;"Feminino";1;0;0;0;-28,828276;-49,409484;"SPRF-SC";"DEL02-SC";"UOP02-DEL02-SC"
742719;1664845;2025-12-30;"ter�a-feira";"22:30:00";"MG";116;225,9;"CATUJI";"Sim";"Aus�ncia de rea��o do condutor";1;"Sa�da de leito carro��vel";"Com V�timas Feridas";"Plena Noite";"Crescente";"Nublado";"Simples";"Curva";"N�o";1326171;"Caminh�o";"M.BENZ/ACCELO 1316/ACCELO 1316";2019;"Passageiro";"Les�es Graves";47;"Masculino";0;0;1;0;-17,451752;-41,500562;"SPRF-MG";"DEL11-MG";"UOP01-DEL11-MG"
742719;1663272;2025-12-30;"ter�a-feira";"22:30:00";"MG";116;225,9;"CATUJI";"Sim";"Aus�ncia de rea��o do condutor";1;"Sa�da de leito carro��vel";"Com V�timas Feridas";"Plena Noite";"Crescente";"Nublado";"Simples";"Curva";"N�o";1326171;"Caminh�o";"M.BENZ/ACCELO 1316/ACCELO 1316";2019;"Condutor";"Ileso";58;"Masculino";1;0;0;0;-17,451752;-41,500562;"SPRF-MG";"DEL11-MG";"UOP01-DEL11-MG"
742723;1663305;2025-12-31;"quarta-feira";"07:00:00";"ES";101;143,2;"LINHARES";"Sim";"Condutor deixou de manter dist�ncia do ve�culo da frente";1;"Queda de ocupante de ve�culo";"Com V�timas Feridas";"Pleno dia";"Crescente";"C�u Claro";"M�ltipla";"Reta";"Sim";1326196;"Motocicleta";"HONDA/CG 160 FAN/CG 160 FAN";2023;"Passageiro";"Les�es Leves";18;"Feminino";0;1;0;0;-19,34920966;-40,06353378;"SPRF-ES";"DEL04-ES";"UOP01-DEL04-ES"
742723;1663304;2025-12-31;"quarta-feira";"07:00:00";"ES";101;143,2;"LINHARES";"Sim";"Condutor deixou de manter dist�ncia do ve�culo da frente";1;"Queda de ocupante de ve�culo";"Com V�timas Feridas";"Pleno dia";"Crescente";"C�u Claro";"M�ltipla";"Reta";"Sim";1326196;"Motocicleta";"HONDA/CG 160 FAN/CG 160 FAN";2023;"Condutor";"Les�es Leves";24;"Masculino";0;1;0;0;-19,34920966;-40,06353378;"SPRF-ES";"DEL04-ES";"UOP01-DEL04-ES"
742724;1663287;2025-12-30;"ter�a-feira";"19:50:00";"MG";116;699,3;"MURIAE";"Sim";"Acessar a via sem observar a presen�a dos outros ve�culos";2;"Queda de ocupante de ve�culo";"Com V�timas Feridas";"Plena Noite";"Crescente";"C�u Claro";"Simples";"Reta;Declive";"Sim";1326185;"Motocicleta";"HONDA/XRE 300 ABS/XRE 300 ABS";2022;"Condutor";"Les�es Leves";53;"Masculino";0;1;0;0;-21,09947965;-42,37654779;"SPRF-MG";"DEL07-MG";"UOP02-DEL07-MG"
742724;1665694;2025-12-30;"ter�a-feira";"19:50:00";"MG";116;699,3;"MURIAE";"Sim";"Acessar a via sem observar a presen�a dos outros ve�culos";2;"Queda de ocupante de ve�culo";"Com V�timas Feridas";"Plena Noite";"Crescente";"C�u Claro";"Simples";"Reta;Declive";"Sim";1326184;"Caminh�o-trator";"VOLVO/FH 420 4X2T/FH 420 4X2T";2012;"Condutor";"Ileso";72;"Masculino";1;0;0;0;-21,09947965;-42,37654779;"SPRF-MG";"DEL07-MG";"UOP02-DEL07-MG"
742724;1663287;2025-12-30;"ter�a-feira";"19:50:00";"MG";116;699,3;"MURIAE";"Sim";"Acessar a via sem observar a presen�a dos outros ve�culos";1;"Colis�o transversal";"Com V�timas Feridas";"Plena Noite";"Crescente";"C�u Claro";"Simples";"Reta;Declive";"Sim";1326185;"Motocicleta";"HONDA/XRE 300 ABS/XRE 300 ABS";2022;"Condutor";"Les�es Leves";53;"Masculino";0;1;0;0;-21,09947965;-42,37654779;"SPRF-MG";"DEL07-MG";"UOP02-DEL07-MG"
742724;1665694;2025-12-30;"ter�a-feira";"19:50:00";"MG";116;699,3;"MURIAE";"Sim";"Acessar a via sem observar a presen�a dos outros ve�culos";1;"Colis�o transversal";"Com V�timas Feridas";"Plena Noite";"Crescente";"C�u Claro";"Simples";"Reta;Declive";"Sim";1326184;"Caminh�o-trator";"VOLVO/FH 420 4X2T/FH 420 4X2T";2012;"Condutor";"Ileso";72;"Masculino";1;0;0;0;-21,09947965;-42,37654779;"SPRF-MG";"DEL07-MG";"UOP02-DEL07-MG"
742725;1663292;2025-12-30;"ter�a-feira";"22:00:00";"MG";365;331;"JOAO PINHEIRO";"Sim";"Pedestre andava na pista";1;"Atropelamento de Pedestre";"Com V�timas Fatais";"Plena Noite";"Decrescente";"Ignorado";"Simples";"Reta";"N�o";1326188;"Caminh�o";"VW/30.330 CRC 8X2/30.330 CRC 8X2";2018;"Condutor";"Ileso";60;"Masculino";1;0;0;0;-18,307;-45,958;"SPRF-MG";"DEL10-MG";"UOP01-DEL10-MG"
742725;1667231;2025-12-30;"ter�a-feira";"22:00:00";"MG";365;331;"JOAO PINHEIRO";"Sim";"Pedestre andava na pista";1;"Atropelamento de Pedestre";"Com V�timas Fatais";"Plena Noite";"Decrescente";"Ignorado";"Simples";"Reta";"N�o";NA;NA;"NA/NA/NA";NA;"Pedestre";"�bito";NA;"Masculino";0;0;0;1;-18,307;-45,958;"SPRF-MG";"DEL10-MG";"UOP01-DEL10-MG"
742726;1663298;2025-08-04;"segunda-feira";"08:45:00";"RS";386;307,2;"POUSO NOVO";"N�o";"Rea��o tardia ou ineficiente do condutor";2;"Colis�o transversal";"Com V�timas Feridas";"Pleno dia";"Decrescente";"Chuva";"Simples";"Em Obras;Curva;Aclive";"N�o";1326193;"Camioneta";"I/TOYOTA RAV4 4X2 20L/TOYOTA RAV4 4X2 20L";2014;"Passageiro";"Ileso";3;"Masculino";1;0;0;0;-29,207754;-52,182019;"SPRF-RS";"DEL04-RS";"UOP01-DEL04-RS"
742726;1663297;2025-08-04;"segunda-feira";"08:45:00";"RS";386;307,2;"POUSO NOVO";"N�o";"Rea��o tardia ou ineficiente do condutor";2;"Colis�o transversal";"Com V�timas Feridas";"Pleno dia";"Decrescente";"Chuva";"Simples";"Em Obras;Curva;Aclive";"N�o";1326193;"Camioneta";"I/TOYOTA RAV4 4X2 20L/TOYOTA RAV4 4X2 20L";2014;"Passageiro";"Ileso";35;"Feminino";1;0;0;0;-29,207754;-52,182019;"SPRF-RS";"DEL04-RS";"UOP01-DEL04-RS"
742726;1663296;2025-08-04;"segunda-feira";"08:45:00";"RS";386;307,2;"POUSO NOVO";"N�o";"Rea��o tardia ou ineficiente do condutor";2;"Colis�o transversal";"Com V�timas Feridas";"Pleno dia";"Decrescente";"Chuva";"Simples";"Em Obras;Curva;Aclive";"N�o";1326193;"Camioneta";"I/TOYOTA RAV4 4X2 20L/TOYOTA RAV4 4X2 20L";2014;"Condutor";"Ileso";35;"Masculino";1;0;0;0;-29,207754;-52,182019;"SPRF-RS";"DEL04-RS";"UOP01-DEL04-RS"
742726;1663295;2025-08-04;"segunda-feira";"08:45:00";"RS";386;307,2;"POUSO NOVO";"N�o";"Rea��o tardia ou ineficiente do condutor";2;"Colis�o transversal";"Com V�timas Feridas";"Pleno dia";"Decrescente";"Chuva";"Simples";"Em Obras;Curva;Aclive";"N�o";1326192;"Caminh�o";"VW/15.180 CNM/15.180 CNM";2011;"Condutor";"Ileso";57;"Masculino";1;0;0;0;-29,207754;-52,182019;"SPRF-RS";"DEL04-RS";"UOP01-DEL04-RS"
742726;1663294;2025-08-04;"segunda-feira";"08:45:00";"RS";386;307,2;"POUSO NOVO";"N�o";"Rea��o tardia ou ineficiente do condutor";2;"Colis�o transversal";"Com V�timas Feridas";"Pleno dia";"Decrescente";"Chuva";"Simples";"Em Obras;Curva;Aclive";"N�o";1326191;"Autom�vel";"CHEVROLET/CLASSIC LS/CLASSIC LS";2011;"Condutor";"Les�es Graves";42;"Feminino";0;0;1;0;-29,207754;-52,182019;"SPRF-RS";"DEL04-RS";"UOP01-DEL04-RS"
742726;1663293;2025-08-04;"segunda-feira";"08:45:00";"RS";386;307,2;"POUSO NOVO";"N�o";"Rea��o tardia ou ineficiente do condutor";2;"Colis�o transversal";"Com V�timas Feridas";"Pleno dia";"Decrescente";"Chuva";"Simples";"Em Obras;Curva;Aclive";"N�o";1326191;"Autom�vel";"CHEVROLET/CLASSIC LS/CLASSIC LS";2011;"Passageiro";"Les�es Graves";80;"Masculino";0;0;1;0;-29,207754;-52,182019;"SPRF-RS";"DEL04-RS";"UOP01-DEL04-RS"
742726;1663298;2025-08-04;"segunda-feira";"08:45:00";"RS";386;307,2;"POUSO NOVO";"N�o";"Rea��o tardia ou ineficiente do condutor";1;"Colis�o transversal";"Com V�timas Feridas";"Pleno dia";"Decrescente";"Chuva";"Simples";"Em Obras;Curva;Aclive";"N�o";1326193;"Camioneta";"I/TOYOTA RAV4 4X2 20L/TOYOTA RAV4 4X2 20L";2014;"Passageiro";"Ileso";3;"Masculino";1;0;0;0;-29,207754;-52,182019;"SPRF-RS";"DEL04-RS";"UOP01-DEL04-RS"
742726;1663297;2025-08-04;"segunda-feira";"08:45:00";"RS";386;307,2;"POUSO NOVO";"N�o";"Rea��o tardia ou ineficiente do condutor";1;"Colis�o transversal";"Com V�timas Feridas";"Pleno dia";"Decrescente";"Chuva";"Simples";"Em Obras;Curva;Aclive";"N�o";1326193;"Camioneta";"I/TOYOTA RAV4 4X2 20L/TOYOTA RAV4 4X2 20L";2014;"Passageiro";"Ileso";35;"Feminino";1;0;0;0;-29,207754;-52,182019;"SPRF-RS";"DEL04-RS";"UOP01-DEL04-RS"
742726;1663296;2025-08-04;"segunda-feira";"08:45:00";"RS";386;307,2;"POUSO NOVO";"N�o";"Rea��o tardia ou ineficiente do condutor";1;"Colis�o transversal";"Com V�timas Feridas";"Pleno dia";"Decrescente";"Chuva";"Simples";"Em Obras;Curva;Aclive";"N�o";1326193;"Camioneta";"I/TOYOTA RAV4 4X2 20L/TOYOTA RAV4 4X2 20L";2014;"Condutor";"Ileso";35;"Masculino";1;0;0;0;-29,207754;-52,182019;"SPRF-RS";"DEL04-RS";"UOP01-DEL04-RS"
742726;1663295;2025-08-04;"segunda-feira";"08:45:00";"RS";386;307,2;"POUSO NOVO";"N�o";"Rea��o tardia ou ineficiente do condutor";1;"Colis�o transversal";"Com V�timas Feridas";"Pleno dia";"Decrescente";"Chuva";"Simples";"Em Obras;Curva;Aclive";"N�o";1326192;"Caminh�o";"VW/15.180 CNM/15.180 CNM";2011;"Condutor";"Ileso";57;"Masculino";1;0;0;0;-29,207754;-52,182019;"SPRF-RS";"DEL04-RS";"UOP01-DEL04-RS"
742726;1663294;2025-08-04;"segunda-feira";"08:45:00";"RS";386;307,2;"POUSO NOVO";"N�o";"Rea��o tardia ou ineficiente do condutor";1;"Colis�o transversal";"Com V�timas Feridas";"Pleno dia";"Decrescente";"Chuva";"Simples";"Em Obras;Curva;Aclive";"N�o";1326191;"Autom�vel";"CHEVROLET/CLASSIC LS/CLASSIC LS";2011;"Condutor";"Les�es Graves";42;"Feminino";0;0;1;0;-29,207754;-52,182019;"SPRF-RS";"DEL04-RS";"UOP01-DEL04-RS"
742726;1663293;2025-08-04;"segunda-feira";"08:45:00";"RS";386;307,2;"POUSO NOVO";"N�o";"Rea��o tardia ou ineficiente do condutor";1;"Colis�o transversal";"Com V�timas Feridas";"Pleno dia";"Decrescente";"Chuva";"Simples";"Em Obras;Curva;Aclive";"N�o";1326191;"Autom�vel";"CHEVROLET/CLASSIC LS/CLASSIC LS";2011;"Passageiro";"Les�es Graves";80;"Masculino";0;0;1;0;-29,207754;-52,182019;"SPRF-RS";"DEL04-RS";"UOP01-DEL04-RS"
742726;1663298;2025-08-04;"segunda-feira";"08:45:00";"RS";386;307,2;"POUSO NOVO";"N�o";"Chuva";2;"Colis�o transversal";"Com V�timas Feridas";"Pleno dia";"Decrescente";"Chuva";"Simples";"Em Obras;Curva;Aclive";"N�o";1326193;"Camioneta";"I/TOYOTA RAV4 4X2 20L/TOYOTA RAV4 4X2 20L";2014;"Passageiro";"Ileso";3;"Masculino";1;0;0;0;-29,207754;-52,182019;"SPRF-RS";"DEL04-RS";"UOP01-DEL04-RS"
742726;1663297;2025-08-04;"segunda-feira";"08:45:00";"RS";386;307,2;"POUSO NOVO";"N�o";"Chuva";2;"Colis�o transversal";"Com V�timas Feridas";"Pleno dia";"Decrescente";"Chuva";"Simples";"Em Obras;Curva;Aclive";"N�o";1326193;"Camioneta";"I/TOYOTA RAV4 4X2 20L/TOYOTA RAV4 4X2 20L";2014;"Passageiro";"Ileso";35;"Feminino";1;0;0;0;-29,207754;-52,182019;"SPRF-RS";"DEL04-RS";"UOP01-DEL04-RS"
742726;1663296;2025-08-04;"segunda-feira";"08:45:00";"RS";386;307,2;"POUSO NOVO";"N�o";"Chuva";2;"Colis�o transversal";"Com V�timas Feridas";"Pleno dia";"Decrescente";"Chuva";"Simples";"Em Obras;Curva;Aclive";"N�o";1326193;"Camioneta";"I/TOYOTA RAV4 4X2 20L/TOYOTA RAV4 4X2 20L";2014;"Condutor";"Ileso";35;"Masculino";1;0;0;0;-29,207754;-52,182019;"SPRF-RS";"DEL04-RS";"UOP01-DEL04-RS"
742726;1663295;2025-08-04;"segunda-feira";"08:45:00";"RS";386;307,2;"POUSO NOVO";"N�o";"Chuva";2;"Colis�o transversal";"Com V�timas Feridas";"Pleno dia";"Decrescente";"Chuva";"Simples";"Em Obras;Curva;Aclive";"N�o";1326192;"Caminh�o";"VW/15.180 CNM/15.180 CNM";2011;"Condutor";"Ileso";57;"Masculino";1;0;0;0;-29,207754;-52,182019;"SPRF-RS";"DEL04-RS";"UOP01-DEL04-RS"
742726;1663294;2025-08-04;"segunda-feira";"08:45:00";"RS";386;307,2;"POUSO NOVO";"N�o";"Chuva";2;"Colis�o transversal";"Com V�timas Feridas";"Pleno dia";"Decrescente";"Chuva";"Simples";"Em Obras;Curva;Aclive";"N�o";1326191;"Autom�vel";"CHEVROLET/CLASSIC LS/CLASSIC LS";2011;"Condutor";"Les�es Graves";42;"Feminino";0;0;1;0;-29,207754;-52,182019;"SPRF-RS";"DEL04-RS";"UOP01-DEL04-RS"
742726;1663293;2025-08-04;"segunda-feira";"08:45:00";"RS";386;307,2;"POUSO NOVO";"N�o";"Chuva";2;"Colis�o transversal";"Com V�timas Feridas";"Pleno dia";"Decrescente";"Chuva";"Simples";"Em Obras;Curva;Aclive";"N�o";1326191;"Autom�vel";"CHEVROLET/CLASSIC LS/CLASSIC LS";2011;"Passageiro";"Les�es Graves";80;"Masculino";0;0;1;0;-29,207754;-52,182019;"SPRF-RS";"DEL04-RS";"UOP01-DEL04-RS"
742726;1663298;2025-08-04;"segunda-feira";"08:45:00";"RS";386;307,2;"POUSO NOVO";"N�o";"Chuva";1;"Colis�o transversal";"Com V�timas Feridas";"Pleno dia";"Decrescente";"Chuva";"Simples";"Em Obras;Curva;Aclive";"N�o";1326193;"Camioneta";"I/TOYOTA RAV4 4X2 20L/TOYOTA RAV4 4X2 20L";2014;"Passageiro";"Ileso";3;"Masculino";1;0;0;0;-29,207754;-52,182019;"SPRF-RS";"DEL04-RS";"UOP01-DEL04-RS"
742726;1663297;2025-08-04;"segunda-feira";"08:45:00";"RS";386;307,2;"POUSO NOVO";"N�o";"Chuva";1;"Colis�o transversal";"Com V�timas Feridas";"Pleno dia";"Decrescente";"Chuva";"Simples";"Em Obras;Curva;Aclive";"N�o";1326193;"Camioneta";"I/TOYOTA RAV4 4X2 20L/TOYOTA RAV4 4X2 20L";2014;"Passageiro";"Ileso";35;"Feminino";1;0;0;0;-29,207754;-52,182019;"SPRF-RS";"DEL04-RS";"UOP01-DEL04-RS"
742726;1663296;2025-08-04;"segunda-feira";"08:45:00";"RS";386;307,2;"POUSO NOVO";"N�o";"Chuva";1;"Colis�o transversal";"Com V�timas Feridas";"Pleno dia";"Decrescente";"Chuva";"Simples";"Em Obras;Curva;Aclive";"N�o";1326193;"Camioneta";"I/TOYOTA RAV4 4X2 20L/TOYOTA RAV4 4X2 20L";2014;"Condutor";"Ileso";35;"Masculino";1;0;0;0;-29,207754;-52,182019;"SPRF-RS";"DEL04-RS";"UOP01-DEL04-RS"
742726;1663295;2025-08-04;"segunda-feira";"08:45:00";"RS";386;307,2;"POUSO NOVO";"N�o";"Chuva";1;"Colis�o transversal";"Com V�timas Feridas";"Pleno dia";"Decrescente";"Chuva";"Simples";"Em Obras;Curva;Aclive";"N�o";1326192;"Caminh�o";"VW/15.180 CNM/15.180 CNM";2011;"Condutor";"Ileso";57;"Masculino";1;0;0;0;-29,207754;-52,182019;"SPRF-RS";"DEL04-RS";"UOP01-DEL04-RS"
742726;1663294;2025-08-04;"segunda-feira";"08:45:00";"RS";386;307,2;"POUSO NOVO";"N�o";"Chuva";1;"Colis�o transversal";"Com V�timas Feridas";"Pleno dia";"Decrescente";"Chuva";"Simples";"Em Obras;Curva;Aclive";"N�o";1326191;"Autom�vel";"CHEVROLET/CLASSIC LS/CLASSIC LS";2011;"Condutor";"Les�es Graves";42;"Feminino";0;0;1;0;-29,207754;-52,182019;"SPRF-RS";"DEL04-RS";"UOP01-DEL04-RS"
742726;1663293;2025-08-04;"segunda-feira";"08:45:00";"RS";386;307,2;"POUSO NOVO";"N�o";"Chuva";1;"Colis�o transversal";"Com V�timas Feridas";"Pleno dia";"Decrescente";"Chuva";"Simples";"Em Obras;Curva;Aclive";"N�o";1326191;"Autom�vel";"CHEVROLET/CLASSIC LS/CLASSIC LS";2011;"Passageiro";"Les�es Graves";80;"Masculino";0;0;1;0;-29,207754;-52,182019;"SPRF-RS";"DEL04-RS";"UOP01-DEL04-RS"
742726;1663298;2025-08-04;"segunda-feira";"08:45:00";"RS";386;307,2;"POUSO NOVO";"Sim";"Velocidade Incompat�vel";2;"Colis�o transversal";"Com V�timas Feridas";"Pleno dia";"Decrescente";"Chuva";"Simples";"Em Obras;Curva;Aclive";"N�o";1326193;"Camioneta";"I/TOYOTA RAV4 4X2 20L/TOYOTA RAV4 4X2 20L";2014;"Passageiro";"Ileso";3;"Masculino";1;0;0;0;-29,207754;-52,182019;"SPRF-RS";"DEL04-RS";"UOP01-DEL04-RS"
742726;1663297;2025-08-04;"segunda-feira";"08:45:00";"RS";386;307,2;"POUSO NOVO";"Sim";"Velocidade Incompat�vel";2;"Colis�o transversal";"Com V�timas Feridas";"Pleno dia";"Decrescente";"Chuva";"Simples";"Em Obras;Curva;Aclive";"N�o";1326193;"Camioneta";"I/TOYOTA RAV4 4X2 20L/TOYOTA RAV4 4X2 20L";2014;"Passageiro";"Ileso";35;"Feminino";1;0;0;0;-29,207754;-52,182019;"SPRF-RS";"DEL04-RS";"UOP01-DEL04-RS"
742726;1663296;2025-08-04;"segunda-feira";"08:45:00";"RS";386;307,2;"POUSO NOVO";"Sim";"Velocidade Incompat�vel";2;"Colis�o transversal";"Com V�timas Feridas";"Pleno dia";"Decrescente";"Chuva";"Simples";"Em Obras;Curva;Aclive";"N�o";1326193;"Camioneta";"I/TOYOTA RAV4 4X2 20L/TOYOTA RAV4 4X2 20L";2014;"Condutor";"Ileso";35;"Masculino";1;0;0;0;-29,207754;-52,182019;"SPRF-RS";"DEL04-RS";"UOP01-DEL04-RS"
742726;1663295;2025-08-04;"segunda-feira";"08:45:00";"RS";386;307,2;"POUSO NOVO";"Sim";"Velocidade Incompat�vel";2;"Colis�o transversal";"Com V�timas Feridas";"Pleno dia";"Decrescente";"Chuva";"Simples";"Em Obras;Curva;Aclive";"N�o";1326192;"Caminh�o";"VW/15.180 CNM/15.180 CNM";2011;"Condutor";"Ileso";57;"Masculino";1;0;0;0;-29,207754;-52,182019;"SPRF-RS";"DEL04-RS";"UOP01-DEL04-RS"
742726;1663294;2025-08-04;"segunda-feira";"08:45:00";"RS";386;307,2;"POUSO NOVO";"Sim";"Velocidade Incompat�vel";2;"Colis�o transversal";"Com V�timas Feridas";"Pleno dia";"Decrescente";"Chuva";"Simples";"Em Obras;Curva;Aclive";"N�o";1326191;"Autom�vel";"CHEVROLET/CLASSIC LS/CLASSIC LS";2011;"Condutor";"Les�es Graves";42;"Feminino";0;0;1;0;-29,207754;-52,182019;"SPRF-RS";"DEL04-RS";"UOP01-DEL04-RS"
742726;1663293;2025-08-04;"segunda-feira";"08:45:00";"RS";386;307,2;"POUSO NOVO";"Sim";"Velocidade Incompat�vel";2;"Colis�o transversal";"Com V�timas Feridas";"Pleno dia";"Decrescente";"Chuva";"Simples";"Em Obras;Curva;Aclive";"N�o";1326191;"Autom�vel";"CHEVROLET/CLASSIC LS/CLASSIC LS";2011;"Passageiro";"Les�es Graves";80;"Masculino";0;0;1;0;-29,207754;-52,182019;"SPRF-RS";"DEL04-RS";"UOP01-DEL04-RS"
742726;1663298;2025-08-04;"segunda-feira";"08:45:00";"RS";386;307,2;"POUSO NOVO";"Sim";"Velocidade Incompat�vel";1;"Colis�o transversal";"Com V�timas Feridas";"Pleno dia";"Decrescente";"Chuva";"Simples";"Em Obras;Curva;Aclive";"N�o";1326193;"Camioneta";"I/TOYOTA RAV4 4X2 20L/TOYOTA RAV4 4X2 20L";2014;"Passageiro";"Ileso";3;"Masculino";1;0;0;0;-29,207754;-52,182019;"SPRF-RS";"DEL04-RS";"UOP01-DEL04-RS"