"id";"pesid";"data_inversa";"dia_semana";"horario";"uf";"br";"km";"municipio";"causa_principal";"causa_acidente";"ordem_tipo_acidente";"tipo_acidente";"classificacao_acidente";"fase_dia";"sentido_via";"condicao_metereologica";"tipo_pista";"tracado_via";"uso_solo";"id_veiculo";"tipo_veiculo";"marca";"ano_fabricacao_veiculo";"tipo_envolvido";"estado_fisico";"idade";"sexo";"ilesos";"feridos_leves";"feridos_graves";"mortos";"latitude";"longitude";"regional";"delegacia";"uop"
742726;1663297;2025-08-04;"segunda-feira";"08:45:00";"RS";386;307,2;"POUSO NOVO";"Sim";"Velocidade Incompat�vel";1;"Colis�o transversal";"Com V�timas Feridas";"Pleno dia";"Decrescente";"Chuva";"Simples";"Em Obras;Curva;Aclive";"N�o";1326193;"Camioneta";"I/TOYOTA RAV4 4X2 20L/TOYOTA RAV4 4X2 20L";2014;"Passageiro";"Ileso";35;"Feminino";1;0;0;0;-29,207754;-52,182019;"SPRF-RS";"DEL04-RS";"UOP01-DEL04-RS"
742726;1663296;2025-08-04;"segunda-feira";"08:45:00";"RS";386;307,2;"POUSO NOVO";"Sim";"Velocidade Incompat�vel";1;"Colis�o transversal";"Com V�timas Feridas";"Pleno dia";"Decrescente";"Chuva";"Simples";"Em Obras;Curva;Aclive";"N�o";1326193;"Camioneta";"I/TOYOTA RAV4 4X2 20L/TOYOTA RAV4 4X2 20L";2014;"Condutor";"Ileso";35;"Masculino";1;0;0;0;-29,207754;-52,182019;"SPRF-RS";"DEL04-RS";"UOP01-DEL04-RS"
742726;1663295;2025-08-04;"segunda-feira";"08:45:00";"RS";386;307,2;"POUSO NOVO";"Sim";"Velocidade Incompat�vel";1;"Colis�o transversal";"Com V�timas Feridas";"Pleno dia";"Decrescente";"Chuva";"Simples";"Em Obras;Curva;Aclive";"N�o";1326192;"Caminh�o";"VW/15.180 CNM/15.180 CNM";2011;"Condutor";"Ileso";57;"Masculino";1;0;0;0;-29,207754;-52,182019;"SPRF-RS";"DEL04-RS";"UOP01-DEL04-RS"
742726;1663294;2025-08-04;"segunda-feira";"08:45:00";"RS";386;307,2;"POUSO NOVO";"Sim";"Velocidade Incompat�vel";1;"Colis�o transversal";"Com V�timas Feridas";"Pleno dia";"Decrescente";"Chuva";"Simples";"Em Obras;Curva;Aclive";"N�o";1326191;"Autom�vel";"CHEVROLET/CLASSIC LS/CLASSIC LS";2011;"Condutor";"Les�es Graves";42;"Feminino";0;0;1;0;-29,207754;-52,182019;"SPRF-RS";"DEL04-RS";"UOP01-DEL04-RS"
742726;1663293;2025-08-04;"segunda-feira";"08:45:00";"RS";386;307,2;"POUSO NOVO";"Sim";"Velocidade Incompat�vel";1;"Colis�o transversal";"Com V�timas Feridas";"Pleno dia";"Decrescente";"Chuva";"Simples";"Em Obras;Curva;Aclive";"N�o";1326191;"Autom�vel";"CHEVROLET/CLASSIC LS/CLASSIC LS";2011;"Passageiro";"Les�es Graves";80;"Masculino";0;0;1;0;-29,207754;-52,182019;"SPRF-RS";"DEL04-RS";"UOP01-DEL04-RS"
742727;1663317;2025-12-30;"ter�a-feira";"17:50:00";"RJ";495;1;"TERESOPOLIS";"Sim";"Acessar a via sem observar a presen�a dos outros ve�culos";1;"Colis�o lateral mesmo sentido";"Com V�timas Feridas";"Pleno dia";"Crescente";"C�u Claro";"Simples";"Reta";"Sim";1326201;"Autom�vel";"CHEV/TRACKER 12T A PR/TRACKER 12T A PR";2020;"Condutor";"Ileso";68;"Masculino";1;0;0;0;-22,40328244;-42,96892083;"SPRF-RJ";"DEL04-RJ";"UOP01-DEL04-RJ"
742727;1663314;2025-12-30;"ter�a-feira";"17:50:00";"RJ";495;1;"TERESOPOLIS";"Sim";"Acessar a via sem observar a presen�a dos outros ve�culos";1;"Colis�o lateral mesmo sentido";"Com V�timas Feridas";"Pleno dia";"Crescente";"C�u Claro";"Simples";"Reta";"Sim";1326202;"Motocicleta";"HONDA/CG 160 FAN/CG 160 FAN";2025;"Condutor";"Les�es Leves";20;"Masculino";0;1;0;0;-22,40328244;-42,96892083;"SPRF-RJ";"DEL04-RJ";"UOP01-DEL04-RJ"
742728;1663318;2025-12-31;"quarta-feira";"07:45:00";"SP";101;44;"UBATUBA";"Sim";"Acessar a via sem observar a presen�a dos outros ve�culos";1;"Atropelamento de Pedestre";"Com V�timas Feridas";"Pleno dia";"Crescente";"C�u Claro";"Simples";"Curva";"Sim";1326203;"Bicicleta";"N�o Informado/N�o Informado/N�o Informado";0;"Condutor";"Les�es Leves";49;"Masculino";0;1;0;0;-23,40845154;-45,06193682;"SPRF-SP";"DEL06-SP";"UOP01-DEL06-SP"
742728;1663319;2025-12-31;"quarta-feira";"07:45:00";"SP";101;44;"UBATUBA";"Sim";"Acessar a via sem observar a presen�a dos outros ve�culos";1;"Atropelamento de Pedestre";"Com V�timas Feridas";"Pleno dia";"Crescente";"C�u Claro";"Simples";"Curva";"Sim";NA;NA;"NA/NA/NA";NA;"Pedestre";"Les�es Leves";57;"Feminino";0;1;0;0;-23,40845154;-45,06193682;"SPRF-SP";"DEL06-SP";"UOP01-DEL06-SP"
742730;1663325;2025-12-31;"quarta-feira";"05:00:00";"RJ";40;114,8;"DUQUE DE CAXIAS";"Sim";"Rea��o tardia ou ineficiente do condutor";2;"Engavetamento";"Com V�timas Feridas";"Amanhecer";"Crescente";"Nublado";"M�ltipla";"Reta";"N�o";1326207;"Autom�vel";"FIAT/SIENA ESSENCE 1.6/SIENA ESSENCE 1.6";2011;"Condutor";"Ileso";32;"Masculino";1;0;0;0;-22,72954149;-43,28907251;"SPRF-RJ";"DEL01-RJ";"UOP02-DEL01-RJ"
742730;1663324;2025-12-31;"quarta-feira";"05:00:00";"RJ";40;114,8;"DUQUE DE CAXIAS";"Sim";"Rea��o tardia ou ineficiente do condutor";2;"Engavetamento";"Com V�timas Feridas";"Amanhecer";"Crescente";"Nublado";"M�ltipla";"Reta";"N�o";1326206;"Autom�vel";"GM/CELTA 2P SPIRIT/CELTA 2P SPIRIT";2008;"Condutor";"Ileso";28;"Masculino";1;0;0;0;-22,72954149;-43,28907251;"SPRF-RJ";"DEL01-RJ";"UOP02-DEL01-RJ"
742730;1663322;2025-12-31;"quarta-feira";"05:00:00";"RJ";40;114,8;"DUQUE DE CAXIAS";"Sim";"Rea��o tardia ou ineficiente do condutor";2;"Engavetamento";"Com V�timas Feridas";"Amanhecer";"Crescente";"Nublado";"M�ltipla";"Reta";"N�o";1326205;"Autom�vel";"FIAT/PALIO ELX/PALIO ELX";2002;"Condutor";"Les�es Leves";48;"Masculino";0;1;0;0;-22,72954149;-43,28907251;"SPRF-RJ";"DEL01-RJ";"UOP02-DEL01-RJ"
742730;1663323;2025-12-31;"quarta-feira";"05:00:00";"RJ";40;114,8;"DUQUE DE CAXIAS";"Sim";"Rea��o tardia ou ineficiente do condutor";2;"Engavetamento";"Com V�timas Feridas";"Amanhecer";"Crescente";"Nublado";"M�ltipla";"Reta";"N�o";1326205;"Autom�vel";"FIAT/PALIO ELX/PALIO ELX";2002;"Passageiro";"Les�es Leves";33;"Feminino";0;1;0;0;-22,72954149;-43,28907251;"SPRF-RJ";"DEL01-RJ";"UOP02-DEL01-RJ"
742730;1663325;2025-12-31;"quarta-feira";"05:00:00";"RJ";40;114,8;"DUQUE DE CAXIAS";"Sim";"Rea��o tardia ou ineficiente do condutor";1;"Colis�o com objeto";"Com V�timas Feridas";"Amanhecer";"Crescente";"Nublado";"M�ltipla";"Reta";"N�o";1326207;"Autom�vel";"FIAT/SIENA ESSENCE 1.6/SIENA ESSENCE 1.6";2011;"Condutor";"Ileso";32;"Masculino";1;0;0;0;-22,72954149;-43,28907251;"SPRF-RJ";"DEL01-RJ";"UOP02-DEL01-RJ"
742730;1663324;2025-12-31;"quarta-feira";"05:00:00";"RJ";40;114,8;"DUQUE DE CAXIAS";"Sim";"Rea��o tardia ou ineficiente do condutor";1;"Colis�o com objeto";"Com V�timas Feridas";"Amanhecer";"Crescente";"Nublado";"M�ltipla";"Reta";"N�o";1326206;"Autom�vel";"GM/CELTA 2P SPIRIT/CELTA 2P SPIRIT";2008;"Condutor";"Ileso";28;"Masculino";1;0;0;0;-22,72954149;-43,28907251;"SPRF-RJ";"DEL01-RJ";"UOP02-DEL01-RJ"
742730;1663322;2025-12-31;"quarta-feira";"05:00:00";"RJ";40;114,8;"DUQUE DE CAXIAS";"Sim";"Rea��o tardia ou ineficiente do condutor";1;"Colis�o com objeto";"Com V�timas Feridas";"Amanhecer";"Crescente";"Nublado";"M�ltipla";"Reta";"N�o";1326205;"Autom�vel";"FIAT/PALIO ELX/PALIO ELX";2002;"Condutor";"Les�es Leves";48;"Masculino";0;1;0;0;-22,72954149;-43,28907251;"SPRF-RJ";"DEL01-RJ";"UOP02-DEL01-RJ"
742730;1663323;2025-12-31;"quarta-feira";"05:00:00";"RJ";40;114,8;"DUQUE DE CAXIAS";"Sim";"Rea��o tardia ou ineficiente do condutor";1;"Colis�o com objeto";"Com V�timas Feridas";"Amanhecer";"Crescente";"Nublado";"M�ltipla";"Reta";"N�o";1326205;"Autom�vel";"FIAT/PALIO ELX/PALIO ELX";2002;"Passageiro";"Les�es Leves";33;"Feminino";0;1;0;0;-22,72954149;-43,28907251;"SPRF-RJ";"DEL01-RJ";"UOP02-DEL01-RJ"
742731;1663368;2025-12-31;"quarta-feira";"07:40:00";"PE";101;65,6;"RECIFE";"Sim";"Rea��o tardia ou ineficiente do condutor";1;"Colis�o com objeto";"Sem V�timas";"Pleno dia";"Decrescente";"C�u Claro";"Dupla";"Reta";"Sim";1326235;"Autom�vel";"HONDA/FIT LX/FIT LX";2006;"Condutor";"Ileso";53;"Masculino";1;0;0;0;-8,03008422;-34,94289637;"SPRF-PE";"DEL01-PE";"UOP01-DEL01-PE"
742732;1663328;2025-12-31;"quarta-feira";"07:10:00";"MG";381;697,4;"LAVRAS";"N�o";"Velocidade Incompat�vel";3;"Tombamento";"Sem V�timas";"Pleno dia";"Crescente";"Chuva";"Dupla";"Curva;Aclive";"N�o";1326210;"Autom�vel";"CHEV/SPIN 18L AT PREMIER/SPIN 18L AT PREMIER";2023;"Condutor";"Ileso";62;"Masculino";1;0;0;0;-21,2604621;-45,13999495;"SPRF-MG";"DEL04-MG";"UOP02-DEL04-MG"
742732;1663328;2025-12-31;"quarta-feira";"07:10:00";"MG";381;697,4;"LAVRAS";"N�o";"Velocidade Incompat�vel";2;"Colis�o com objeto";"Sem V�timas";"Pleno dia";"Crescente";"Chuva";"Dupla";"Curva;Aclive";"N�o";1326210;"Autom�vel";"CHEV/SPIN 18L AT PREMIER/SPIN 18L AT PREMIER";2023;"Condutor";"Ileso";62;"Masculino";1;0;0;0;-21,2604621;-45,13999495;"SPRF-MG";"DEL04-MG";"UOP02-DEL04-MG"
742732;1663328;2025-12-31;"quarta-feira";"07:10:00";"MG";381;697,4;"LAVRAS";"N�o";"Velocidade Incompat�vel";1;"Sa�da de leito carro��vel";"Sem V�timas";"Pleno dia";"Crescente";"Chuva";"Dupla";"Curva;Aclive";"N�o";1326210;"Autom�vel";"CHEV/SPIN 18L AT PREMIER/SPIN 18L AT PREMIER";2023;"Condutor";"Ileso";62;"Masculino";1;0;0;0;-21,2604621;-45,13999495;"SPRF-MG";"DEL04-MG";"UOP02-DEL04-MG"
742732;1663328;2025-12-31;"quarta-feira";"07:10:00";"MG";381;697,4;"LAVRAS";"N�o";"Acumulo de �gua sobre o pavimento";3;"Tombamento";"Sem V�timas";"Pleno dia";"Crescente";"Chuva";"Dupla";"Curva;Aclive";"N�o";1326210;"Autom�vel";"CHEV/SPIN 18L AT PREMIER/SPIN 18L AT PREMIER";2023;"Condutor";"Ileso";62;"Masculino";1;0;0;0;-21,2604621;-45,13999495;"SPRF-MG";"DEL04-MG";"UOP02-DEL04-MG"
742732;1663328;2025-12-31;"quarta-feira";"07:10:00";"MG";381;697,4;"LAVRAS";"N�o";"Acumulo de �gua sobre o pavimento";2;"Colis�o com objeto";"Sem V�timas";"Pleno dia";"Crescente";"Chuva";"Dupla";"Curva;Aclive";"N�o";1326210;"Autom�vel";"CHEV/SPIN 18L AT PREMIER/SPIN 18L AT PREMIER";2023;"Condutor";"Ileso";62;"Masculino";1;0;0;0;-21,2604621;-45,13999495;"SPRF-MG";"DEL04-MG";"UOP02-DEL04-MG"
742732;1663328;2025-12-31;"quarta-feira";"07:10:00";"MG";381;697,4;"LAVRAS";"N�o";"Acumulo de �gua sobre o pavimento";1;"Sa�da de leito carro��vel";"Sem V�timas";"Pleno dia";"Crescente";"Chuva";"Dupla";"Curva;Aclive";"N�o";1326210;"Autom�vel";"CHEV/SPIN 18L AT PREMIER/SPIN 18L AT PREMIER";2023;"Condutor";"Ileso";62;"Masculino";1;0;0;0;-21,2604621;-45,13999495;"SPRF-MG";"DEL04-MG";"UOP02-DEL04-MG"
742732;1663328;2025-12-31;"quarta-feira";"07:10:00";"MG";381;697,4;"LAVRAS";"Sim";"Chuva";3;"Tombamento";"Sem V�timas";"Pleno dia";"Crescente";"Chuva";"Dupla";"Curva;Aclive";"N�o";1326210;"Autom�vel";"CHEV/SPIN 18L AT PREMIER/SPIN 18L AT PREMIER";2023;"Condutor";"Ileso";62;"Masculino";1;0;0;0;-21,2604621;-45,13999495;"SPRF-MG";"DEL04-MG";"UOP02-DEL04-MG"
742732;1663328;2025-12-31;"quarta-feira";"07:10:00";"MG";381;697,4;"LAVRAS";"Sim";"Chuva";2;"Colis�o com objeto";"Sem V�timas";"Pleno dia";"Crescente";"Chuva";"Dupla";"Curva;Aclive";"N�o";1326210;"Autom�vel";"CHEV/SPIN 18L AT PREMIER/SPIN 18L AT PREMIER";2023;"Condutor";"Ileso";62;"Masculino";1;0;0;0;-21,2604621;-45,13999495;"SPRF-MG";"DEL04-MG";"UOP02-DEL04-MG"
742732;1663328;2025-12-31;"quarta-feira";"07:10:00";"MG";381;697,4;"LAVRAS";"Sim";"Chuva";1;"Sa�da de leito carro��vel";"Sem V�timas";"Pleno dia";"Crescente";"Chuva";"Dupla";"Curva;Aclive";"N�o";1326210;"Autom�vel";"CHEV/SPIN 18L AT PREMIER/SPIN 18L AT PREMIER";2023;"Condutor";"Ileso";62;"Masculino";1;0;0;0;-21,2604621;-45,13999495;"SPRF-MG";"DEL04-MG";"UOP02-DEL04-MG"
742733;1663341;2025-12-30;"ter�a-feira";"23:15:00";"RJ";116;56;"TERESOPOLIS";"Sim";"Transitar na contram�o";1;"Colis�o frontal";"Com V�timas Feridas";"Plena Noite";"Crescente";"Nublado";"Simples";"Reta";"N�o";1326215;"Caminh�o";"MERCEDES BENZ//";1970;"Condutor";"Ileso";42;"Masculino";1;0;0;0;-22,21386378;-42,90138292;"SPRF-RJ";"DEL04-RJ";"UOP01-DEL04-RJ"
742733;1667824;2025-12-30;"ter�a-feira";"23:15:00";"RJ";116;56;"TERESOPOLIS";"Sim";"Transitar na contram�o";1;"Colis�o frontal";"Com V�timas Feridas";"Plena Noite";"Crescente";"Nublado";"Simples";"Reta";"N�o";1326209;"Autom�vel";"VW/GOL 16V POWER/GOL 16V POWER";2001;"Condutor";"Les�es Graves";45;"Masculino";0;0;1;0;-22,21386378;-42,90138292;"SPRF-RJ";"DEL04-RJ";"UOP01-DEL04-RJ"
742734;1663354;2025-12-31;"quarta-feira";"08:05:00";"SC";282;565,1;"NOVA ERECHIM";"Sim";"Convers�o proibida";1;"Colis�o transversal";"Com V�timas Feridas";"Pleno dia";"Crescente";"Sol";"Simples";"Curva;Aclive";"N�o";1326228;"Autom�vel";"RENAULT/SANDERO EXPR 16/SANDERO EXPR 16";2016;"Passageiro";"Les�es Leves";44;"Feminino";0;1;0;0;-26,898589;-52,876605;"SPRF-SC";"DEL07-SC";"UOP02-DEL07-SC"
742734;1663351;2025-12-31;"quarta-feira";"08:05:00";"SC";282;565,1;"NOVA ERECHIM";"Sim";"Convers�o proibida";1;"Colis�o transversal";"Com V�timas Feridas";"Pleno dia";"Crescente";"Sol";"Simples";"Curva;Aclive";"N�o";1326228;"Autom�vel";"RENAULT/SANDERO EXPR 16/SANDERO EXPR 16";2016;"Condutor";"Ileso";23;"Feminino";1;0;0;0;-26,898589;-52,876605;"SPRF-SC";"DEL07-SC";"UOP02-DEL07-SC"
742734;1663350;2025-12-31;"quarta-feira";"08:05:00";"SC";282;565,1;"NOVA ERECHIM";"Sim";"Convers�o proibida";1;"Colis�o transversal";"Com V�timas Feridas";"Pleno dia";"Crescente";"Sol";"Simples";"Curva;Aclive";"N�o";1326226;"Caminhonete";"I/PEUGEOT EXPERT BUSINPK/PEUGEOT EXPERT BUSINPK";2018;"Passageiro";"Ileso";52;"Feminino";1;0;0;0;-26,898589;-52,876605;"SPRF-SC";"DEL07-SC";"UOP02-DEL07-SC"
742734;1663349;2025-12-31;"quarta-feira";"08:05:00";"SC";282;565,1;"NOVA ERECHIM";"Sim";"Convers�o proibida";1;"Colis�o transversal";"Com V�timas Feridas";"Pleno dia";"Crescente";"Sol";"Simples";"Curva;Aclive";"N�o";1326226;"Caminhonete";"I/PEUGEOT EXPERT BUSINPK/PEUGEOT EXPERT BUSINPK";2018;"Condutor";"Ileso";59;"Masculino";1;0;0;0;-26,898589;-52,876605;"SPRF-SC";"DEL07-SC";"UOP02-DEL07-SC"
742735;1663337;2025-12-26;"sexta-feira";"13:55:00";"RJ";116;173;"SAO JOAO DE MERITI";"Sim";"Rea��o tardia ou ineficiente do condutor";1;"Colis�o traseira";"Com V�timas Feridas";"Pleno dia";"Decrescente";"C�u Claro";"M�ltipla";"Reta";"Sim";1326217;"Caminh�o";"N�o Informado/N�o Informado/N�o Informado";0;"Condutor";"N�o Informado";NA;"N�o Informado";0;0;0;0;-22,8044705;-43,3451758;"SPRF-RJ";"DEL06-RJ";"UOP01-DEL06-RJ"
742735;1663336;2025-12-26;"sexta-feira";"13:55:00";"RJ";116;173;"SAO JOAO DE MERITI";"Sim";"Rea��o tardia ou ineficiente do condutor";1;"Colis�o traseira";"Com V�timas Feridas";"Pleno dia";"Decrescente";"C�u Claro";"M�ltipla";"Reta";"Sim";1326216;"Autom�vel";"TOYOTA/COROLLA XEI 20/COROLLA XEI 20";0;"Passageiro";"Les�es Leves";NA;"Feminino";0;1;0;0;-22,8044705;-43,3451758;"SPRF-RJ";"DEL06-RJ";"UOP01-DEL06-RJ"
742735;1663335;2025-12-26;"sexta-feira";"13:55:00";"RJ";116;173;"SAO JOAO DE MERITI";"Sim";"Rea��o tardia ou ineficiente do condutor";1;"Colis�o traseira";"Com V�timas Feridas";"Pleno dia";"Decrescente";"C�u Claro";"M�ltipla";"Reta";"Sim";1326216;"Autom�vel";"TOYOTA/COROLLA XEI 20/COROLLA XEI 20";0;"Condutor";"Ileso";NA;"Masculino";1;0;0;0;-22,8044705;-43,3451758;"SPRF-RJ";"DEL06-RJ";"UOP01-DEL06-RJ"
742737;1663399;2025-12-31;"quarta-feira";"08:03:00";"CE";116;42;"HORIZONTE";"N�o";"Rea��o tardia ou ineficiente do condutor";3;"Queda de ocupante de ve�culo";"Com V�timas Feridas";"Pleno dia";"Decrescente";"C�u Claro";"Dupla";"Reta";"Sim";1326255;"Motocicleta";"HONDA/XRE 190 ADV/XRE 190 ADV";2025;"Condutor";"Les�es Leves";36;"Masculino";0;1;0;0;-4,11336;-38,489882;"SPRF-CE";"DEL01-CE";"UOP02-DEL01-CE"
742737;1663398;2025-12-31;"quarta-feira";"08:03:00";"CE";116;42;"HORIZONTE";"N�o";"Rea��o tardia ou ineficiente do condutor";3;"Queda de ocupante de ve�culo";"Com V�timas Feridas";"Pleno dia";"Decrescente";"C�u Claro";"Dupla";"Reta";"Sim";1326254;"Autom�vel";"FIAT/PALIO ELX FLEX/PALIO ELX FLEX";2007;"Condutor";"Ileso";50;"Masculino";1;0;0;0;-4,11336;-38,489882;"SPRF-CE";"DEL01-CE";"UOP02-DEL01-CE"
742737;1663399;2025-12-31;"quarta-feira";"08:03:00";"CE";116;42;"HORIZONTE";"N�o";"Rea��o tardia ou ineficiente do condutor";2;"Tombamento";"Com V�timas Feridas";"Pleno dia";"Decrescente";"C�u Claro";"Dupla";"Reta";"Sim";1326255;"Motocicleta";"HONDA/XRE 190 ADV/XRE 190 ADV";2025;"Condutor";"Les�es Leves";36;"Masculino";0;1;0;0;-4,11336;-38,489882;"SPRF-CE";"DEL01-CE";"UOP02-DEL01-CE"
742737;1663398;2025-12-31;"quarta-feira";"08:03:00";"CE";116;42;"HORIZONTE";"N�o";"Rea��o tardia ou ineficiente do condutor";2;"Tombamento";"Com V�timas Feridas";"Pleno dia";"Decrescente";"C�u Claro";"Dupla";"Reta";"Sim";1326254;"Autom�vel";"FIAT/PALIO ELX FLEX/PALIO ELX FLEX";2007;"Condutor";"Ileso";50;"Masculino";1;0;0;0;-4,11336;-38,489882;"SPRF-CE";"DEL01-CE";"UOP02-DEL01-CE"
742737;1663399;2025-12-31;"quarta-feira";"08:03:00";"CE";116;42;"HORIZONTE";"N�o";"Rea��o tardia ou ineficiente do condutor";1;"Colis�o traseira";"Com V�timas Feridas";"Pleno dia";"Decrescente";"C�u Claro";"Dupla";"Reta";"Sim";1326255;"Motocicleta";"HONDA/XRE 190 ADV/XRE 190 ADV";2025;"Condutor";"Les�es Leves";36;"Masculino";0;1;0;0;-4,11336;-38,489882;"SPRF-CE";"DEL01-CE";"UOP02-DEL01-CE"
742737;1663398;2025-12-31;"quarta-feira";"08:03:00";"CE";116;42;"HORIZONTE";"N�o";"Rea��o tardia ou ineficiente do condutor";1;"Colis�o traseira";"Com V�timas Feridas";"Pleno dia";"Decrescente";"C�u Claro";"Dupla";"Reta";"Sim";1326254;"Autom�vel";"FIAT/PALIO ELX FLEX/PALIO ELX FLEX";2007;"Condutor";"Ileso";50;"Masculino";1;0;0;0;-4,11336;-38,489882;"SPRF-CE";"DEL01-CE";"UOP02-DEL01-CE"
742737;1663399;2025-12-31;"quarta-feira";"08:03:00";"CE";116;42;"HORIZONTE";"Sim";"Condutor deixou de manter dist�ncia do ve�culo da frente";3;"Queda de ocupante de ve�culo";"Com V�timas Feridas";"Pleno dia";"Decrescente";"C�u Claro";"Dupla";"Reta";"Sim";1326255;"Motocicleta";"HONDA/XRE 190 ADV/XRE 190 ADV";2025;"Condutor";"Les�es Leves";36;"Masculino";0;1;0;0;-4,11336;-38,489882;"SPRF-CE";"DEL01-CE";"UOP02-DEL01-CE"
742737;1663398;2025-12-31;"quarta-feira";"08:03:00";"CE";116;42;"HORIZONTE";"Sim";"Condutor deixou de manter dist�ncia do ve�culo da frente";3;"Queda de ocupante de ve�culo";"Com V�timas Feridas";"Pleno dia";"Decrescente";"C�u Claro";"Dupla";"Reta";"Sim";1326254;"Autom�vel";"FIAT/PALIO ELX FLEX/PALIO ELX FLEX";2007;"Condutor";"Ileso";50;"Masculino";1;0;0;0;-4,11336;-38,489882;"SPRF-CE";"DEL01-CE";"UOP02-DEL01-CE"
742737;1663399;2025-12-31;"quarta-feira";"08:03:00";"CE";116;42;"HORIZONTE";"Sim";"Condutor deixou de manter dist�ncia do ve�culo da frente";2;"Tombamento";"Com V�timas Feridas";"Pleno dia";"Decrescente";"C�u Claro";"Dupla";"Reta";"Sim";1326255;"Motocicleta";"HONDA/XRE 190 ADV/XRE 190 ADV";2025;"Condutor";"Les�es Leves";36;"Masculino";0;1;0;0;-4,11336;-38,489882;"SPRF-CE";"DEL01-CE";"UOP02-DEL01-CE"
742737;1663398;2025-12-31;"quarta-feira";"08:03:00";"CE";116;42;"HORIZONTE";"Sim";"Condutor deixou de manter dist�ncia do ve�culo da frente";2;"Tombamento";"Com V�timas Feridas";"Pleno dia";"Decrescente";"C�u Claro";"Dupla";"Reta";"Sim";1326254;"Autom�vel";"FIAT/PALIO ELX FLEX/PALIO ELX FLEX";2007;"Condutor";"Ileso";50;"Masculino";1;0;0;0;-4,11336;-38,489882;"SPRF-CE";"DEL01-CE";"UOP02-DEL01-CE"
742737;1663399;2025-12-31;"quarta-feira";"08:03:00";"CE";116;42;"HORIZONTE";"Sim";"Condutor deixou de manter dist�ncia do ve�culo da frente";1;"Colis�o traseira";"Com V�timas Feridas";"Pleno dia";"Decrescente";"C�u Claro";"Dupla";"Reta";"Sim";1326255;"Motocicleta";"HONDA/XRE 190 ADV/XRE 190 ADV";2025;"Condutor";"Les�es Leves";36;"Masculino";0;1;0;0;-4,11336;-38,489882;"SPRF-CE";"DEL01-CE";"UOP02-DEL01-CE"
742737;1663398;2025-12-31;"quarta-feira";"08:03:00";"CE";116;42;"HORIZONTE";"Sim";"Condutor deixou de manter dist�ncia do ve�culo da frente";1;"Colis�o traseira";"Com V�timas Feridas";"Pleno dia";"Decrescente";"C�u Claro";"Dupla";"Reta";"Sim";1326254;"Autom�vel";"FIAT/PALIO ELX FLEX/PALIO ELX FLEX";2007;"Condutor";"Ileso";50;"Masculino";1;0;0;0;-4,11336;-38,489882;"SPRF-CE";"DEL01-CE";"UOP02-DEL01-CE"
742738;1663367;2025-12-31;"quarta-feira";"07:04:00";"MT";364;327;"CAMPO VERDE";"Sim";"Rea��o tardia ou ineficiente do condutor";1;"Sa�da de leito carro��vel";"Com V�timas Feridas";"Pleno dia";"Crescente";"C�u Claro";"Dupla";"Curva";"N�o";1326234;"Autom�vel";"CHEVROLET/ONIX 1.0MT LT/ONIX 1.0MT LT";2015;"Passageiro";"Les�es Leves";36;"Feminino";0;1;0;0;-15,81744;-55,40392;"SPRF-MT";"DEL05-MT";"UOP02-DEL05-MT"
742738;1663365;2025-12-31;"quarta-feira";"07:04:00";"MT";364;327;"CAMPO VERDE";"Sim";"Rea��o tardia ou ineficiente do condutor";1;"Sa�da de leito carro��vel";"Com V�timas Feridas";"Pleno dia";"Crescente";"C�u Claro";"Dupla";"Curva";"N�o";1326234;"Autom�vel";"CHEVROLET/ONIX 1.0MT LT/ONIX 1.0MT LT";2015;"Condutor";"Ileso";27;"Masculino";1;0;0;0;-15,81744;-55,40392;"SPRF-MT";"DEL05-MT";"UOP02-DEL05-MT"
742738;1663366;2025-12-31;"quarta-feira";"07:04:00";"MT";364;327;"CAMPO VERDE";"Sim";"Rea��o tardia ou ineficiente do condutor";1;"Sa�da de leito carro��vel";"Com V�timas Feridas";"Pleno dia";"Crescente";"C�u Claro";"Dupla";"Curva";"N�o";1326234;"Autom�vel";"CHEVROLET/ONIX 1.0MT LT/ONIX 1.0MT LT";2015;"Passageiro";"Les�es Leves";3;"Masculino";0;1;0;0;-15,81744;-55,40392;"SPRF-MT";"DEL05-MT";"UOP02-DEL05-MT"
742739;1663404;2025-12-31;"quarta-feira";"08:00:00";"MS";60;371,4;"CAMPO GRANDE";"Sim";"Acostamento em desn�vel";1;"Sa�da de leito carro��vel";"Com V�timas Feridas";"Amanhecer";"Crescente";"C�u Claro";"Simples";"Reta";"N�o";1326257;"Caminh�o-trator";"SCANIA/R 440 A6X4/R 440 A6X4";2014;"Condutor";"Les�es Leves";56;"Masculino";0;1;0;0;-20,56791643;-54,68835032;"SPRF-MS";"DEL01-MS";"UOP04-DEL01-MS"
742739;NA;2025-12-31;"quarta-feira";"08:00:00";"MS";60;371,4;"CAMPO GRANDE";"Sim";"Acostamento em desn�vel";1;"Sa�da de leito carro��vel";"Com V�timas Feridas";"Amanhecer";"Crescente";"C�u Claro";"Simples";"Reta";"N�o";1326259;"Semireboque";"REB/RANDON SR GR TR/RANDON SR GR TR";1991;NA;NA;NA;NA;NA;NA;NA;NA;-20,56791643;-54,68835032;"SPRF-MS";"DEL01-MS";"UOP04-DEL01-MS"
742739;1663404;2025-12-31;"quarta-feira";"08:00:00";"MS";60;371,4;"CAMPO GRANDE";"Sim";"Acostamento em desn�vel";2;"Tombamento";"Com V�timas Feridas";"Amanhecer";"Crescente";"C�u Claro";"Simples";"Reta";"N�o";1326257;"Caminh�o-trator";"SCANIA/R 440 A6X4/R 440 A6X4";2014;"Condutor";"Les�es Leves";56;"Masculino";0;1;0;0;-20,56791643;-54,68835032;"SPRF-MS";"DEL01-MS";"UOP04-DEL01-MS"