"id";"pesid";"data_inversa";"dia_semana";"horario";"uf";"br";"km";"municipio";"causa_principal";"causa_acidente";"ordem_tipo_acidente";"tipo_acidente";"classificacao_acidente";"fase_dia";"sentido_via";"condicao_metereologica";"tipo_pista";"tracado_via";"uso_solo";"id_veiculo";"tipo_veiculo";"marca";"ano_fabricacao_veiculo";"tipo_envolvido";"estado_fisico";"idade";"sexo";"ilesos";"feridos_leves";"feridos_graves";"mortos";"latitude";"longitude";"regional";"delegacia";"uop"
742739;NA;2025-12-31;"quarta-feira";"08:00:00";"MS";60;371,4;"CAMPO GRANDE";"Sim";"Acostamento em desn�vel";2;"Tombamento";"Com V�timas Feridas";"Amanhecer";"Crescente";"C�u Claro";"Simples";"Reta";"N�o";1326259;"Semireboque";"REB/RANDON SR GR TR/RANDON SR GR TR";1991;NA;NA;NA;NA;NA;NA;NA;NA;-20,56791643;-54,68835032;"SPRF-MS";"DEL01-MS";"UOP04-DEL01-MS"
742740;1663502;2025-12-31;"quarta-feira";"08:40:00";"ES";101;92;"JAGUARE";"Sim";"Condutor deixou de manter dist�ncia do ve�culo da frente";1;"Colis�o traseira";"Com V�timas Feridas";"Pleno dia";"Crescente";"Sol";"Simples";"Reta";"N�o";1326333;"Motocicleta";"N�o Informado/N�o Informado/N�o Informado";0;"Condutor";"Les�es Graves";21;"Masculino";0;0;1;0;-18,97831576;-39,99004126;"SPRF-ES";"DEL04-ES";"UOP02-DEL04-ES"
742740;1663501;2025-12-31;"quarta-feira";"08:40:00";"ES";101;92;"JAGUARE";"Sim";"Condutor deixou de manter dist�ncia do ve�culo da frente";1;"Colis�o traseira";"Com V�timas Feridas";"Pleno dia";"Crescente";"Sol";"Simples";"Reta";"N�o";1326332;"Autom�vel";"N�o Informado/N�o Informado/N�o Informado";0;"Condutor";"N�o Informado";NA;"N�o Informado";0;0;0;0;-18,97831576;-39,99004126;"SPRF-ES";"DEL04-ES";"UOP02-DEL04-ES"
742742;1663694;2025-12-31;"quarta-feira";"09:11:00";"TO";153;148;"ARAGUAINA";"N�o";"Desrespeitar a prefer�ncia no cruzamento";2;"Queda de ocupante de ve�culo";"Com V�timas Feridas";"Pleno dia";"Crescente";"C�u Claro";"Dupla";"Rotat�ria";"Sim";1326455;"Autom�vel";"VW/GOL 1.0/GOL 1.0";2008;"Condutor";"Ileso";46;"Masculino";1;0;0;0;-7,23169;-48,253032;"SPRF-TO";"DEL02-TO";"UOP01-DEL02-TO"
742742;1663696;2025-12-31;"quarta-feira";"09:11:00";"TO";153;148;"ARAGUAINA";"N�o";"Desrespeitar a prefer�ncia no cruzamento";2;"Queda de ocupante de ve�culo";"Com V�timas Feridas";"Pleno dia";"Crescente";"C�u Claro";"Dupla";"Rotat�ria";"Sim";1326456;"Motoneta";"HONDA/BIZ 125/BIZ 125";2023;"Passageiro";"Ileso";9;"Feminino";1;0;0;0;-7,23169;-48,253032;"SPRF-TO";"DEL02-TO";"UOP01-DEL02-TO"
742742;1663695;2025-12-31;"quarta-feira";"09:11:00";"TO";153;148;"ARAGUAINA";"N�o";"Desrespeitar a prefer�ncia no cruzamento";2;"Queda de ocupante de ve�culo";"Com V�timas Feridas";"Pleno dia";"Crescente";"C�u Claro";"Dupla";"Rotat�ria";"Sim";1326456;"Motoneta";"HONDA/BIZ 125/BIZ 125";2023;"Condutor";"Les�es Leves";30;"Feminino";0;1;0;0;-7,23169;-48,253032;"SPRF-TO";"DEL02-TO";"UOP01-DEL02-TO"
742742;1663694;2025-12-31;"quarta-feira";"09:11:00";"TO";153;148;"ARAGUAINA";"N�o";"Desrespeitar a prefer�ncia no cruzamento";1;"Colis�o transversal";"Com V�timas Feridas";"Pleno dia";"Crescente";"C�u Claro";"Dupla";"Rotat�ria";"Sim";1326455;"Autom�vel";"VW/GOL 1.0/GOL 1.0";2008;"Condutor";"Ileso";46;"Masculino";1;0;0;0;-7,23169;-48,253032;"SPRF-TO";"DEL02-TO";"UOP01-DEL02-TO"
742742;1663696;2025-12-31;"quarta-feira";"09:11:00";"TO";153;148;"ARAGUAINA";"N�o";"Desrespeitar a prefer�ncia no cruzamento";1;"Colis�o transversal";"Com V�timas Feridas";"Pleno dia";"Crescente";"C�u Claro";"Dupla";"Rotat�ria";"Sim";1326456;"Motoneta";"HONDA/BIZ 125/BIZ 125";2023;"Passageiro";"Ileso";9;"Feminino";1;0;0;0;-7,23169;-48,253032;"SPRF-TO";"DEL02-TO";"UOP01-DEL02-TO"
742742;1663695;2025-12-31;"quarta-feira";"09:11:00";"TO";153;148;"ARAGUAINA";"N�o";"Desrespeitar a prefer�ncia no cruzamento";1;"Colis�o transversal";"Com V�timas Feridas";"Pleno dia";"Crescente";"C�u Claro";"Dupla";"Rotat�ria";"Sim";1326456;"Motoneta";"HONDA/BIZ 125/BIZ 125";2023;"Condutor";"Les�es Leves";30;"Feminino";0;1;0;0;-7,23169;-48,253032;"SPRF-TO";"DEL02-TO";"UOP01-DEL02-TO"
742742;1663694;2025-12-31;"quarta-feira";"09:11:00";"TO";153;148;"ARAGUAINA";"N�o";"Rea��o tardia ou ineficiente do condutor";2;"Queda de ocupante de ve�culo";"Com V�timas Feridas";"Pleno dia";"Crescente";"C�u Claro";"Dupla";"Rotat�ria";"Sim";1326455;"Autom�vel";"VW/GOL 1.0/GOL 1.0";2008;"Condutor";"Ileso";46;"Masculino";1;0;0;0;-7,23169;-48,253032;"SPRF-TO";"DEL02-TO";"UOP01-DEL02-TO"
742742;1663696;2025-12-31;"quarta-feira";"09:11:00";"TO";153;148;"ARAGUAINA";"N�o";"Rea��o tardia ou ineficiente do condutor";2;"Queda de ocupante de ve�culo";"Com V�timas Feridas";"Pleno dia";"Crescente";"C�u Claro";"Dupla";"Rotat�ria";"Sim";1326456;"Motoneta";"HONDA/BIZ 125/BIZ 125";2023;"Passageiro";"Ileso";9;"Feminino";1;0;0;0;-7,23169;-48,253032;"SPRF-TO";"DEL02-TO";"UOP01-DEL02-TO"
742742;1663695;2025-12-31;"quarta-feira";"09:11:00";"TO";153;148;"ARAGUAINA";"N�o";"Rea��o tardia ou ineficiente do condutor";2;"Queda de ocupante de ve�culo";"Com V�timas Feridas";"Pleno dia";"Crescente";"C�u Claro";"Dupla";"Rotat�ria";"Sim";1326456;"Motoneta";"HONDA/BIZ 125/BIZ 125";2023;"Condutor";"Les�es Leves";30;"Feminino";0;1;0;0;-7,23169;-48,253032;"SPRF-TO";"DEL02-TO";"UOP01-DEL02-TO"
742742;1663694;2025-12-31;"quarta-feira";"09:11:00";"TO";153;148;"ARAGUAINA";"N�o";"Rea��o tardia ou ineficiente do condutor";1;"Colis�o transversal";"Com V�timas Feridas";"Pleno dia";"Crescente";"C�u Claro";"Dupla";"Rotat�ria";"Sim";1326455;"Autom�vel";"VW/GOL 1.0/GOL 1.0";2008;"Condutor";"Ileso";46;"Masculino";1;0;0;0;-7,23169;-48,253032;"SPRF-TO";"DEL02-TO";"UOP01-DEL02-TO"
742742;1663696;2025-12-31;"quarta-feira";"09:11:00";"TO";153;148;"ARAGUAINA";"N�o";"Rea��o tardia ou ineficiente do condutor";1;"Colis�o transversal";"Com V�timas Feridas";"Pleno dia";"Crescente";"C�u Claro";"Dupla";"Rotat�ria";"Sim";1326456;"Motoneta";"HONDA/BIZ 125/BIZ 125";2023;"Passageiro";"Ileso";9;"Feminino";1;0;0;0;-7,23169;-48,253032;"SPRF-TO";"DEL02-TO";"UOP01-DEL02-TO"
742742;1663695;2025-12-31;"quarta-feira";"09:11:00";"TO";153;148;"ARAGUAINA";"N�o";"Rea��o tardia ou ineficiente do condutor";1;"Colis�o transversal";"Com V�timas Feridas";"Pleno dia";"Crescente";"C�u Claro";"Dupla";"Rotat�ria";"Sim";1326456;"Motoneta";"HONDA/BIZ 125/BIZ 125";2023;"Condutor";"Les�es Leves";30;"Feminino";0;1;0;0;-7,23169;-48,253032;"SPRF-TO";"DEL02-TO";"UOP01-DEL02-TO"
742742;1663694;2025-12-31;"quarta-feira";"09:11:00";"TO";153;148;"ARAGUAINA";"Sim";"Acessar a via sem observar a presen�a dos outros ve�culos";2;"Queda de ocupante de ve�culo";"Com V�timas Feridas";"Pleno dia";"Crescente";"C�u Claro";"Dupla";"Rotat�ria";"Sim";1326455;"Autom�vel";"VW/GOL 1.0/GOL 1.0";2008;"Condutor";"Ileso";46;"Masculino";1;0;0;0;-7,23169;-48,253032;"SPRF-TO";"DEL02-TO";"UOP01-DEL02-TO"
742742;1663696;2025-12-31;"quarta-feira";"09:11:00";"TO";153;148;"ARAGUAINA";"Sim";"Acessar a via sem observar a presen�a dos outros ve�culos";2;"Queda de ocupante de ve�culo";"Com V�timas Feridas";"Pleno dia";"Crescente";"C�u Claro";"Dupla";"Rotat�ria";"Sim";1326456;"Motoneta";"HONDA/BIZ 125/BIZ 125";2023;"Passageiro";"Ileso";9;"Feminino";1;0;0;0;-7,23169;-48,253032;"SPRF-TO";"DEL02-TO";"UOP01-DEL02-TO"
742742;1663695;2025-12-31;"quarta-feira";"09:11:00";"TO";153;148;"ARAGUAINA";"Sim";"Acessar a via sem observar a presen�a dos outros ve�culos";2;"Queda de ocupante de ve�culo";"Com V�timas Feridas";"Pleno dia";"Crescente";"C�u Claro";"Dupla";"Rotat�ria";"Sim";1326456;"Motoneta";"HONDA/BIZ 125/BIZ 125";2023;"Condutor";"Les�es Leves";30;"Feminino";0;1;0;0;-7,23169;-48,253032;"SPRF-TO";"DEL02-TO";"UOP01-DEL02-TO"
742742;1663694;2025-12-31;"quarta-feira";"09:11:00";"TO";153;148;"ARAGUAINA";"Sim";"Acessar a via sem observar a presen�a dos outros ve�culos";1;"Colis�o transversal";"Com V�timas Feridas";"Pleno dia";"Crescente";"C�u Claro";"Dupla";"Rotat�ria";"Sim";1326455;"Autom�vel";"VW/GOL 1.0/GOL 1.0";2008;"Condutor";"Ileso";46;"Masculino";1;0;0;0;-7,23169;-48,253032;"SPRF-TO";"DEL02-TO";"UOP01-DEL02-TO"
742742;1663696;2025-12-31;"quarta-feira";"09:11:00";"TO";153;148;"ARAGUAINA";"Sim";"Acessar a via sem observar a presen�a dos outros ve�culos";1;"Colis�o transversal";"Com V�timas Feridas";"Pleno dia";"Crescente";"C�u Claro";"Dupla";"Rotat�ria";"Sim";1326456;"Motoneta";"HONDA/BIZ 125/BIZ 125";2023;"Passageiro";"Ileso";9;"Feminino";1;0;0;0;-7,23169;-48,253032;"SPRF-TO";"DEL02-TO";"UOP01-DEL02-TO"
742742;1663695;2025-12-31;"quarta-feira";"09:11:00";"TO";153;148;"ARAGUAINA";"Sim";"Acessar a via sem observar a presen�a dos outros ve�culos";1;"Colis�o transversal";"Com V�timas Feridas";"Pleno dia";"Crescente";"C�u Claro";"Dupla";"Rotat�ria";"Sim";1326456;"Motoneta";"HONDA/BIZ 125/BIZ 125";2023;"Condutor";"Les�es Leves";30;"Feminino";0;1;0;0;-7,23169;-48,253032;"SPRF-TO";"DEL02-TO";"UOP01-DEL02-TO"
742743;1663369;2025-12-28;"domingo";"00:40:00";"BA";116;682;"JEQUIE";"Sim";"Aus�ncia de rea��o do condutor";1;"Colis�o lateral mesmo sentido";"Sem V�timas";"Plena Noite";"Decrescente";"C�u Claro";"Simples";"Reta";"N�o";1326230;"Autom�vel";"TOYOTA/COROLLA GLI18FLEX/COROLLA GLI18FLEX";2010;"Passageiro";"Ileso";18;"Feminino";1;0;0;0;-13,923474;-40,158001;"SPRF-BA";"DEL03-BA";"UOP01-DEL03-BA"
742743;1663370;2025-12-28;"domingo";"00:40:00";"BA";116;682;"JEQUIE";"Sim";"Aus�ncia de rea��o do condutor";1;"Colis�o lateral mesmo sentido";"Sem V�timas";"Plena Noite";"Decrescente";"C�u Claro";"Simples";"Reta";"N�o";1326230;"Autom�vel";"TOYOTA/COROLLA GLI18FLEX/COROLLA GLI18FLEX";2010;"Passageiro";"Ileso";6;"Masculino";1;0;0;0;-13,923474;-40,158001;"SPRF-BA";"DEL03-BA";"UOP01-DEL03-BA"
742743;1663371;2025-12-28;"domingo";"00:40:00";"BA";116;682;"JEQUIE";"Sim";"Aus�ncia de rea��o do condutor";1;"Colis�o lateral mesmo sentido";"Sem V�timas";"Plena Noite";"Decrescente";"C�u Claro";"Simples";"Reta";"N�o";1326230;"Autom�vel";"TOYOTA/COROLLA GLI18FLEX/COROLLA GLI18FLEX";2010;"Passageiro";"Ileso";51;"Feminino";1;0;0;0;-13,923474;-40,158001;"SPRF-BA";"DEL03-BA";"UOP01-DEL03-BA"
742743;1663359;2025-12-28;"domingo";"00:40:00";"BA";116;682;"JEQUIE";"Sim";"Aus�ncia de rea��o do condutor";1;"Colis�o lateral mesmo sentido";"Sem V�timas";"Plena Noite";"Decrescente";"C�u Claro";"Simples";"Reta";"N�o";1326230;"Autom�vel";"TOYOTA/COROLLA GLI18FLEX/COROLLA GLI18FLEX";2010;"Passageiro";"Ileso";57;"Masculino";1;0;0;0;-13,923474;-40,158001;"SPRF-BA";"DEL03-BA";"UOP01-DEL03-BA"
742743;1663358;2025-12-28;"domingo";"00:40:00";"BA";116;682;"JEQUIE";"Sim";"Aus�ncia de rea��o do condutor";1;"Colis�o lateral mesmo sentido";"Sem V�timas";"Plena Noite";"Decrescente";"C�u Claro";"Simples";"Reta";"N�o";1326230;"Autom�vel";"TOYOTA/COROLLA GLI18FLEX/COROLLA GLI18FLEX";2010;"Condutor";"Ileso";20;"Masculino";1;0;0;0;-13,923474;-40,158001;"SPRF-BA";"DEL03-BA";"UOP01-DEL03-BA"
742744;1663363;2025-12-31;"quarta-feira";"08:50:00";"MG";381;652;"SANTO ANTONIO DO AMPARO";"Sim";"Aus�ncia de rea��o do condutor";1;"Colis�o com objeto";"Com V�timas Feridas";"Pleno dia";"Decrescente";"Chuva";"Dupla";"Curva";"N�o";1326232;"Autom�vel";"FORD/FIESTA SEDAN1.6FLEX/FIESTA SEDAN1.6FLEX";2009;"Passageiro";"Les�es Leves";38;"Feminino";0;1;0;0;-20,959364;-44,922101;"SPRF-MG";"DEL04-MG";"UOP02-DEL04-MG"
742744;1663361;2025-12-31;"quarta-feira";"08:50:00";"MG";381;652;"SANTO ANTONIO DO AMPARO";"Sim";"Aus�ncia de rea��o do condutor";1;"Colis�o com objeto";"Com V�timas Feridas";"Pleno dia";"Decrescente";"Chuva";"Dupla";"Curva";"N�o";1326232;"Autom�vel";"FORD/FIESTA SEDAN1.6FLEX/FIESTA SEDAN1.6FLEX";2009;"Condutor";"Ileso";45;"Masculino";1;0;0;0;-20,959364;-44,922101;"SPRF-MG";"DEL04-MG";"UOP02-DEL04-MG"
742745;1663390;2025-12-31;"quarta-feira";"09:00:00";"BA";324;1;"FEIRA DE SANTANA";"Sim";"Rea��o tardia ou ineficiente do condutor";3;"Queda de ocupante de ve�culo";"Com V�timas Feridas";"Pleno dia";"Crescente";"C�u Claro";"Dupla";"Reta";"Sim";1326248;"Motocicleta";"YAMAHA/XTZ 125KC/XTZ 125KC";2012;"Passageiro";"Les�es Graves";36;"Feminino";0;0;1;0;-12,281971;-38,945695;"SPRF-BA";"DEL02-BA";"UOP01-DEL02-BA"
742745;1663388;2025-12-31;"quarta-feira";"09:00:00";"BA";324;1;"FEIRA DE SANTANA";"Sim";"Rea��o tardia ou ineficiente do condutor";3;"Queda de ocupante de ve�culo";"Com V�timas Feridas";"Pleno dia";"Crescente";"C�u Claro";"Dupla";"Reta";"Sim";1326248;"Motocicleta";"YAMAHA/XTZ 125KC/XTZ 125KC";2012;"Condutor";"Les�es Graves";44;"Masculino";0;0;1;0;-12,281971;-38,945695;"SPRF-BA";"DEL02-BA";"UOP01-DEL02-BA"
742745;1663389;2025-12-31;"quarta-feira";"09:00:00";"BA";324;1;"FEIRA DE SANTANA";"Sim";"Rea��o tardia ou ineficiente do condutor";3;"Queda de ocupante de ve�culo";"Com V�timas Feridas";"Pleno dia";"Crescente";"C�u Claro";"Dupla";"Reta";"Sim";1326249;"Caminhonete";"I/CHEV SILVERADO HC/CHEV SILVERADO HC";2024;"Condutor";"Ileso";44;"Masculino";1;0;0;0;-12,281971;-38,945695;"SPRF-BA";"DEL02-BA";"UOP01-DEL02-BA"
742745;1663390;2025-12-31;"quarta-feira";"09:00:00";"BA";324;1;"FEIRA DE SANTANA";"Sim";"Rea��o tardia ou ineficiente do condutor";2;"Sa�da de leito carro��vel";"Com V�timas Feridas";"Pleno dia";"Crescente";"C�u Claro";"Dupla";"Reta";"Sim";1326248;"Motocicleta";"YAMAHA/XTZ 125KC/XTZ 125KC";2012;"Passageiro";"Les�es Graves";36;"Feminino";0;0;1;0;-12,281971;-38,945695;"SPRF-BA";"DEL02-BA";"UOP01-DEL02-BA"
742745;1663388;2025-12-31;"quarta-feira";"09:00:00";"BA";324;1;"FEIRA DE SANTANA";"Sim";"Rea��o tardia ou ineficiente do condutor";2;"Sa�da de leito carro��vel";"Com V�timas Feridas";"Pleno dia";"Crescente";"C�u Claro";"Dupla";"Reta";"Sim";1326248;"Motocicleta";"YAMAHA/XTZ 125KC/XTZ 125KC";2012;"Condutor";"Les�es Graves";44;"Masculino";0;0;1;0;-12,281971;-38,945695;"SPRF-BA";"DEL02-BA";"UOP01-DEL02-BA"
742745;1663389;2025-12-31;"quarta-feira";"09:00:00";"BA";324;1;"FEIRA DE SANTANA";"Sim";"Rea��o tardia ou ineficiente do condutor";2;"Sa�da de leito carro��vel";"Com V�timas Feridas";"Pleno dia";"Crescente";"C�u Claro";"Dupla";"Reta";"Sim";1326249;"Caminhonete";"I/CHEV SILVERADO HC/CHEV SILVERADO HC";2024;"Condutor";"Ileso";44;"Masculino";1;0;0;0;-12,281971;-38,945695;"SPRF-BA";"DEL02-BA";"UOP01-DEL02-BA"
742745;1663390;2025-12-31;"quarta-feira";"09:00:00";"BA";324;1;"FEIRA DE SANTANA";"Sim";"Rea��o tardia ou ineficiente do condutor";1;"Colis�o traseira";"Com V�timas Feridas";"Pleno dia";"Crescente";"C�u Claro";"Dupla";"Reta";"Sim";1326248;"Motocicleta";"YAMAHA/XTZ 125KC/XTZ 125KC";2012;"Passageiro";"Les�es Graves";36;"Feminino";0;0;1;0;-12,281971;-38,945695;"SPRF-BA";"DEL02-BA";"UOP01-DEL02-BA"
742745;1663388;2025-12-31;"quarta-feira";"09:00:00";"BA";324;1;"FEIRA DE SANTANA";"Sim";"Rea��o tardia ou ineficiente do condutor";1;"Colis�o traseira";"Com V�timas Feridas";"Pleno dia";"Crescente";"C�u Claro";"Dupla";"Reta";"Sim";1326248;"Motocicleta";"YAMAHA/XTZ 125KC/XTZ 125KC";2012;"Condutor";"Les�es Graves";44;"Masculino";0;0;1;0;-12,281971;-38,945695;"SPRF-BA";"DEL02-BA";"UOP01-DEL02-BA"
742745;1663389;2025-12-31;"quarta-feira";"09:00:00";"BA";324;1;"FEIRA DE SANTANA";"Sim";"Rea��o tardia ou ineficiente do condutor";1;"Colis�o traseira";"Com V�timas Feridas";"Pleno dia";"Crescente";"C�u Claro";"Dupla";"Reta";"Sim";1326249;"Caminhonete";"I/CHEV SILVERADO HC/CHEV SILVERADO HC";2024;"Condutor";"Ileso";44;"Masculino";1;0;0;0;-12,281971;-38,945695;"SPRF-BA";"DEL02-BA";"UOP01-DEL02-BA"
742746;1663424;2025-12-31;"quarta-feira";"09:35:00";"MG";381;500;"BETIM";"Sim";"Demais falhas mec�nicas ou el�tricas";1;"Inc�ndio";"Com V�timas Feridas";"Pleno dia";"Decrescente";"C�u Claro";"Dupla";"Reta";"Sim";1326276;"Caminh�o";"IMP/IVECO FIATDAI.T3510B/IVECO FIATDAI.T3510B";1998;"Condutor";"Les�es Leves";33;"Masculino";0;1;0;0;-20,0064273;-44,2145977;"SPRF-MG";"DEL01-MG";"UOP03-DEL01-MG"
742747;1663432;2025-12-31;"quarta-feira";"09:50:00";"MG";459;65,9;"IPUIUNA";"N�o";"Chuva";1;"Sa�da de leito carro��vel";"Com V�timas Feridas";"Pleno dia";"Decrescente";"Chuva";"Simples";"Declive;Curva";"N�o";1326283;"Autom�vel";"GM/CELTA 2P SPIRIT/CELTA 2P SPIRIT";2005;"Condutor";"Ileso";50;"Masculino";1;0;0;0;-22,098637;-46,183423;"SPRF-MG";"DEL09-MG";"UOP01-DEL09-MG"
742747;1663435;2025-12-31;"quarta-feira";"09:50:00";"MG";459;65,9;"IPUIUNA";"N�o";"Chuva";1;"Sa�da de leito carro��vel";"Com V�timas Feridas";"Pleno dia";"Decrescente";"Chuva";"Simples";"Declive;Curva";"N�o";1326283;"Autom�vel";"GM/CELTA 2P SPIRIT/CELTA 2P SPIRIT";2005;"Passageiro";"Ileso";6;"Masculino";1;0;0;0;-22,098637;-46,183423;"SPRF-MG";"DEL09-MG";"UOP01-DEL09-MG"
742747;1663434;2025-12-31;"quarta-feira";"09:50:00";"MG";459;65,9;"IPUIUNA";"N�o";"Chuva";1;"Sa�da de leito carro��vel";"Com V�timas Feridas";"Pleno dia";"Decrescente";"Chuva";"Simples";"Declive;Curva";"N�o";1326283;"Autom�vel";"GM/CELTA 2P SPIRIT/CELTA 2P SPIRIT";2005;"Passageiro";"Les�es Leves";82;"Feminino";0;1;0;0;-22,098637;-46,183423;"SPRF-MG";"DEL09-MG";"UOP01-DEL09-MG"
742747;1663433;2025-12-31;"quarta-feira";"09:50:00";"MG";459;65,9;"IPUIUNA";"N�o";"Chuva";1;"Sa�da de leito carro��vel";"Com V�timas Feridas";"Pleno dia";"Decrescente";"Chuva";"Simples";"Declive;Curva";"N�o";1326283;"Autom�vel";"GM/CELTA 2P SPIRIT/CELTA 2P SPIRIT";2005;"Passageiro";"Ileso";42;"Feminino";1;0;0;0;-22,098637;-46,183423;"SPRF-MG";"DEL09-MG";"UOP01-DEL09-MG"
742747;1663432;2025-12-31;"quarta-feira";"09:50:00";"MG";459;65,9;"IPUIUNA";"Sim";"Avarias e/ou desgaste excessivo no pneu";1;"Sa�da de leito carro��vel";"Com V�timas Feridas";"Pleno dia";"Decrescente";"Chuva";"Simples";"Declive;Curva";"N�o";1326283;"Autom�vel";"GM/CELTA 2P SPIRIT/CELTA 2P SPIRIT";2005;"Condutor";"Ileso";50;"Masculino";1;0;0;0;-22,098637;-46,183423;"SPRF-MG";"DEL09-MG";"UOP01-DEL09-MG"
742747;1663435;2025-12-31;"quarta-feira";"09:50:00";"MG";459;65,9;"IPUIUNA";"Sim";"Avarias e/ou desgaste excessivo no pneu";1;"Sa�da de leito carro��vel";"Com V�timas Feridas";"Pleno dia";"Decrescente";"Chuva";"Simples";"Declive;Curva";"N�o";1326283;"Autom�vel";"GM/CELTA 2P SPIRIT/CELTA 2P SPIRIT";2005;"Passageiro";"Ileso";6;"Masculino";1;0;0;0;-22,098637;-46,183423;"SPRF-MG";"DEL09-MG";"UOP01-DEL09-MG"
742747;1663434;2025-12-31;"quarta-feira";"09:50:00";"MG";459;65,9;"IPUIUNA";"Sim";"Avarias e/ou desgaste excessivo no pneu";1;"Sa�da de leito carro��vel";"Com V�timas Feridas";"Pleno dia";"Decrescente";"Chuva";"Simples";"Declive;Curva";"N�o";1326283;"Autom�vel";"GM/CELTA 2P SPIRIT/CELTA 2P SPIRIT";2005;"Passageiro";"Les�es Leves";82;"Feminino";0;1;0;0;-22,098637;-46,183423;"SPRF-MG";"DEL09-MG";"UOP01-DEL09-MG"
742747;1663433;2025-12-31;"quarta-feira";"09:50:00";"MG";459;65,9;"IPUIUNA";"Sim";"Avarias e/ou desgaste excessivo no pneu";1;"Sa�da de leito carro��vel";"Com V�timas Feridas";"Pleno dia";"Decrescente";"Chuva";"Simples";"Declive;Curva";"N�o";1326283;"Autom�vel";"GM/CELTA 2P SPIRIT/CELTA 2P SPIRIT";2005;"Passageiro";"Ileso";42;"Feminino";1;0;0;0;-22,098637;-46,183423;"SPRF-MG";"DEL09-MG";"UOP01-DEL09-MG"
742748;1663364;2025-12-31;"quarta-feira";"07:20:00";"MG";116;528,3;"CARATINGA";"Sim";"Aus�ncia de rea��o do condutor";1;"Sa�da de leito carro��vel";"Com V�timas Feridas";"Pleno dia";"Crescente";"Nublado";"Simples";"Curva;Aclive";"Sim";1326233;"Autom�vel";"FORD/FIESTA HA 1.5L S/FIESTA HA 1.5L S";2013;"Condutor";"Les�es Leves";49;"Feminino";0;1;0;0;-19,79997869;-42,13861942;"SPRF-MG";"DEL06-MG";"UOP02-DEL06-MG"
742748;1663364;2025-12-31;"quarta-feira";"07:20:00";"MG";116;528,3;"CARATINGA";"Sim";"Aus�ncia de rea��o do condutor";2;"Colis�o com objeto";"Com V�timas Feridas";"Pleno dia";"Crescente";"Nublado";"Simples";"Curva;Aclive";"Sim";1326233;"Autom�vel";"FORD/FIESTA HA 1.5L S/FIESTA HA 1.5L S";2013;"Condutor";"Les�es Leves";49;"Feminino";0;1;0;0;-19,79997869;-42,13861942;"SPRF-MG";"DEL06-MG";"UOP02-DEL06-MG"
742749;1663360;2025-09-03;"quarta-feira";"00:25:00";"RJ";101;300;"SAO GONCALO";"Sim";"Animais na Pista";1;"Atropelamento de Animal";"Com V�timas Feridas";"Plena Noite";"Decrescente";"C�u Claro";"Dupla";"Reta";"Sim";1326231;"Autom�vel";"RENAULT/LOGAN ZEN10MT/LOGAN ZEN10MT";0;"Condutor";"Les�es Leves";NA;"Masculino";0;1;0;0;-22,77588968;-42,94529622;"SPRF-RJ";"DEL02-RJ";"UOP02-DEL02-RJ"
742750;1663384;2025-12-31;"quarta-feira";"09:50:00";"RN";405;2,9;"MOSSORO";"Sim";"Acessar a via sem observar a presen�a dos outros ve�culos";2;"Colis�o traseira";"Com V�timas Feridas";"Pleno dia";"Crescente";"C�u Claro";"Simples";"Interse��o de Vias;Reta;Viaduto";"Sim";1326243;"Ciclomotor";"I/TRAXX JL50Q 8/TRAXX JL50Q 8";2012;"Condutor";"Les�es Leves";43;"Masculino";0;1;0;0;-5,193754;-37,380095;"SPRF-RN";"DEL04-RN";"UOP02-DEL04-RN"
742750;1663385;2025-12-31;"quarta-feira";"09:50:00";"RN";405;2,9;"MOSSORO";"Sim";"Acessar a via sem observar a presen�a dos outros ve�culos";2;"Colis�o traseira";"Com V�timas Feridas";"Pleno dia";"Crescente";"C�u Claro";"Simples";"Interse��o de Vias;Reta;Viaduto";"Sim";1326245;"Caminh�o";"M.BENZ/710/710";2000;"Condutor";"Ileso";35;"Masculino";1;0;0;0;-5,193754;-37,380095;"SPRF-RN";"DEL04-RN";"UOP02-DEL04-RN"
742750;1663383;2025-12-31;"quarta-feira";"09:50:00";"RN";405;2,9;"MOSSORO";"Sim";"Acessar a via sem observar a presen�a dos outros ve�culos";2;"Colis�o traseira";"Com V�timas Feridas";"Pleno dia";"Crescente";"C�u Claro";"Simples";"Interse��o de Vias;Reta;Viaduto";"Sim";1326244;"Autom�vel";"FIAT/ARGO DRIVE 1.0/ARGO DRIVE 1.0";2019;"Condutor";"Ileso";33;"Masculino";1;0;0;0;-5,193754;-37,380095;"SPRF-RN";"DEL04-RN";"UOP02-DEL04-RN"
742750;1663384;2025-12-31;"quarta-feira";"09:50:00";"RN";405;2,9;"MOSSORO";"Sim";"Acessar a via sem observar a presen�a dos outros ve�culos";1;"Colis�o lateral mesmo sentido";"Com V�timas Feridas";"Pleno dia";"Crescente";"C�u Claro";"Simples";"Interse��o de Vias;Reta;Viaduto";"Sim";1326243;"Ciclomotor";"I/TRAXX JL50Q 8/TRAXX JL50Q 8";2012;"Condutor";"Les�es Leves";43;"Masculino";0;1;0;0;-5,193754;-37,380095;"SPRF-RN";"DEL04-RN";"UOP02-DEL04-RN"