"id";"pesid";"data_inversa";"dia_semana";"horario";"uf";"br";"km";"municipio";"causa_principal";"causa_acidente";"ordem_tipo_acidente";"tipo_acidente";"classificacao_acidente";"fase_dia";"sentido_via";"condicao_metereologica";"tipo_pista";"tracado_via";"uso_solo";"id_veiculo";"tipo_veiculo";"marca";"ano_fabricacao_veiculo";"tipo_envolvido";"estado_fisico";"idade";"sexo";"ilesos";"feridos_leves";"feridos_graves";"mortos";"latitude";"longitude";"regional";"delegacia";"uop"
742750;1663385;2025-12-31;"quarta-feira";"09:50:00";"RN";405;2,9;"MOSSORO";"Sim";"Acessar a via sem observar a presen�a dos outros ve�culos";1;"Colis�o lateral mesmo sentido";"Com V�timas Feridas";"Pleno dia";"Crescente";"C�u Claro";"Simples";"Interse��o de Vias;Reta;Viaduto";"Sim";1326245;"Caminh�o";"M.BENZ/710/710";2000;"Condutor";"Ileso";35;"Masculino";1;0;0;0;-5,193754;-37,380095;"SPRF-RN";"DEL04-RN";"UOP02-DEL04-RN"
742750;1663383;2025-12-31;"quarta-feira";"09:50:00";"RN";405;2,9;"MOSSORO";"Sim";"Acessar a via sem observar a presen�a dos outros ve�culos";1;"Colis�o lateral mesmo sentido";"Com V�timas Feridas";"Pleno dia";"Crescente";"C�u Claro";"Simples";"Interse��o de Vias;Reta;Viaduto";"Sim";1326244;"Autom�vel";"FIAT/ARGO DRIVE 1.0/ARGO DRIVE 1.0";2019;"Condutor";"Ileso";33;"Masculino";1;0;0;0;-5,193754;-37,380095;"SPRF-RN";"DEL04-RN";"UOP02-DEL04-RN"
742751;1663373;2025-12-31;"quarta-feira";"06:55:00";"RS";287;345,5;"JAGUARI";"Sim";"Ingest�o de �lcool pelo condutor";2;"Sa�da de leito carro��vel";"Com V�timas Fatais";"Amanhecer";"Decrescente";"C�u Claro";"Simples";"Reta";"N�o";1326238;"Bicicleta";"N�o Informado/N�o Informado/N�o Informado";0;"Condutor";"�bito";42;"Masculino";0;0;0;1;-29,55022177;-54,679528;"SPRF-RS";"DEL12-RS";"UOP02-DEL12-RS"
742751;1663372;2025-12-31;"quarta-feira";"06:55:00";"RS";287;345,5;"JAGUARI";"Sim";"Ingest�o de �lcool pelo condutor";2;"Sa�da de leito carro��vel";"Com V�timas Fatais";"Amanhecer";"Decrescente";"C�u Claro";"Simples";"Reta";"N�o";1326236;"Autom�vel";"FORD/KA FLEX/KA FLEX";2012;"Condutor";"Les�es Leves";28;"Feminino";0;1;0;0;-29,55022177;-54,679528;"SPRF-RS";"DEL12-RS";"UOP02-DEL12-RS"
742751;1663373;2025-12-31;"quarta-feira";"06:55:00";"RS";287;345,5;"JAGUARI";"Sim";"Ingest�o de �lcool pelo condutor";1;"Colis�o frontal";"Com V�timas Fatais";"Amanhecer";"Decrescente";"C�u Claro";"Simples";"Reta";"N�o";1326238;"Bicicleta";"N�o Informado/N�o Informado/N�o Informado";0;"Condutor";"�bito";42;"Masculino";0;0;0;1;-29,55022177;-54,679528;"SPRF-RS";"DEL12-RS";"UOP02-DEL12-RS"
742751;1663372;2025-12-31;"quarta-feira";"06:55:00";"RS";287;345,5;"JAGUARI";"Sim";"Ingest�o de �lcool pelo condutor";1;"Colis�o frontal";"Com V�timas Fatais";"Amanhecer";"Decrescente";"C�u Claro";"Simples";"Reta";"N�o";1326236;"Autom�vel";"FORD/KA FLEX/KA FLEX";2012;"Condutor";"Les�es Leves";28;"Feminino";0;1;0;0;-29,55022177;-54,679528;"SPRF-RS";"DEL12-RS";"UOP02-DEL12-RS"
742752;1663378;2025-12-31;"quarta-feira";"07:15:00";"RS";290;53;"GLORINHA";"Sim";"Aus�ncia de rea��o do condutor";3;"Queda de ocupante de ve�culo";"Com V�timas Feridas";"Pleno dia";"Crescente";"C�u Claro";"Dupla";"Declive;Reta";"N�o";1326239;"Autom�vel";"RENAULT/KWID ZEN 10MT/KWID ZEN 10MT";2018;"Condutor";"Ileso";34;"Masculino";1;0;0;0;-29,91251967;-50,79594523;"SPRF-RS";"DEL03-RS";"UOP01-DEL03-RS"
742752;1663375;2025-12-31;"quarta-feira";"07:15:00";"RS";290;53;"GLORINHA";"Sim";"Aus�ncia de rea��o do condutor";3;"Queda de ocupante de ve�culo";"Com V�timas Feridas";"Pleno dia";"Crescente";"C�u Claro";"Dupla";"Declive;Reta";"N�o";1326237;"Motocicleta";"YAMAHA/FACTOR YBR125 K/FACTOR YBR125 K";2008;"Passageiro";"Les�es Graves";16;"Feminino";0;0;1;0;-29,91251967;-50,79594523;"SPRF-RS";"DEL03-RS";"UOP01-DEL03-RS"
742752;1663376;2025-12-31;"quarta-feira";"07:15:00";"RS";290;53;"GLORINHA";"Sim";"Aus�ncia de rea��o do condutor";3;"Queda de ocupante de ve�culo";"Com V�timas Feridas";"Pleno dia";"Crescente";"C�u Claro";"Dupla";"Declive;Reta";"N�o";1326237;"Motocicleta";"YAMAHA/FACTOR YBR125 K/FACTOR YBR125 K";2008;"Condutor";"Les�es Leves";19;"Masculino";0;1;0;0;-29,91251967;-50,79594523;"SPRF-RS";"DEL03-RS";"UOP01-DEL03-RS"
742752;1663378;2025-12-31;"quarta-feira";"07:15:00";"RS";290;53;"GLORINHA";"Sim";"Aus�ncia de rea��o do condutor";2;"Tombamento";"Com V�timas Feridas";"Pleno dia";"Crescente";"C�u Claro";"Dupla";"Declive;Reta";"N�o";1326239;"Autom�vel";"RENAULT/KWID ZEN 10MT/KWID ZEN 10MT";2018;"Condutor";"Ileso";34;"Masculino";1;0;0;0;-29,91251967;-50,79594523;"SPRF-RS";"DEL03-RS";"UOP01-DEL03-RS"
742752;1663375;2025-12-31;"quarta-feira";"07:15:00";"RS";290;53;"GLORINHA";"Sim";"Aus�ncia de rea��o do condutor";2;"Tombamento";"Com V�timas Feridas";"Pleno dia";"Crescente";"C�u Claro";"Dupla";"Declive;Reta";"N�o";1326237;"Motocicleta";"YAMAHA/FACTOR YBR125 K/FACTOR YBR125 K";2008;"Passageiro";"Les�es Graves";16;"Feminino";0;0;1;0;-29,91251967;-50,79594523;"SPRF-RS";"DEL03-RS";"UOP01-DEL03-RS"
742752;1663376;2025-12-31;"quarta-feira";"07:15:00";"RS";290;53;"GLORINHA";"Sim";"Aus�ncia de rea��o do condutor";2;"Tombamento";"Com V�timas Feridas";"Pleno dia";"Crescente";"C�u Claro";"Dupla";"Declive;Reta";"N�o";1326237;"Motocicleta";"YAMAHA/FACTOR YBR125 K/FACTOR YBR125 K";2008;"Condutor";"Les�es Leves";19;"Masculino";0;1;0;0;-29,91251967;-50,79594523;"SPRF-RS";"DEL03-RS";"UOP01-DEL03-RS"
742752;1663378;2025-12-31;"quarta-feira";"07:15:00";"RS";290;53;"GLORINHA";"Sim";"Aus�ncia de rea��o do condutor";1;"Colis�o traseira";"Com V�timas Feridas";"Pleno dia";"Crescente";"C�u Claro";"Dupla";"Declive;Reta";"N�o";1326239;"Autom�vel";"RENAULT/KWID ZEN 10MT/KWID ZEN 10MT";2018;"Condutor";"Ileso";34;"Masculino";1;0;0;0;-29,91251967;-50,79594523;"SPRF-RS";"DEL03-RS";"UOP01-DEL03-RS"
742752;1663375;2025-12-31;"quarta-feira";"07:15:00";"RS";290;53;"GLORINHA";"Sim";"Aus�ncia de rea��o do condutor";1;"Colis�o traseira";"Com V�timas Feridas";"Pleno dia";"Crescente";"C�u Claro";"Dupla";"Declive;Reta";"N�o";1326237;"Motocicleta";"YAMAHA/FACTOR YBR125 K/FACTOR YBR125 K";2008;"Passageiro";"Les�es Graves";16;"Feminino";0;0;1;0;-29,91251967;-50,79594523;"SPRF-RS";"DEL03-RS";"UOP01-DEL03-RS"
742752;1663376;2025-12-31;"quarta-feira";"07:15:00";"RS";290;53;"GLORINHA";"Sim";"Aus�ncia de rea��o do condutor";1;"Colis�o traseira";"Com V�timas Feridas";"Pleno dia";"Crescente";"C�u Claro";"Dupla";"Declive;Reta";"N�o";1326237;"Motocicleta";"YAMAHA/FACTOR YBR125 K/FACTOR YBR125 K";2008;"Condutor";"Les�es Leves";19;"Masculino";0;1;0;0;-29,91251967;-50,79594523;"SPRF-RS";"DEL03-RS";"UOP01-DEL03-RS"
742753;1663374;2025-12-31;"quarta-feira";"07:50:00";"SC";282;642,6;"SAO MIGUEL DO OESTE";"Sim";"Rea��o tardia ou ineficiente do condutor";2;"Tombamento";"Com V�timas Feridas";"Pleno dia";"Crescente";"Nublado";"Simples";"Curva";"N�o";1326240;"Motocicleta";"HONDA/CG 150 TITAN KS/CG 150 TITAN KS";2009;"Condutor";"Les�es Leves";19;"Masculino";0;1;0;0;-26,76835339;-53,46704721;"SPRF-SC";"DEL07-SC";"UOP03-DEL07-SC"
742753;1663374;2025-12-31;"quarta-feira";"07:50:00";"SC";282;642,6;"SAO MIGUEL DO OESTE";"Sim";"Rea��o tardia ou ineficiente do condutor";1;"Sa�da de leito carro��vel";"Com V�timas Feridas";"Pleno dia";"Crescente";"Nublado";"Simples";"Curva";"N�o";1326240;"Motocicleta";"HONDA/CG 150 TITAN KS/CG 150 TITAN KS";2009;"Condutor";"Les�es Leves";19;"Masculino";0;1;0;0;-26,76835339;-53,46704721;"SPRF-SC";"DEL07-SC";"UOP03-DEL07-SC"
742754;1663377;2025-12-31;"quarta-feira";"10:00:00";"SC";282;541,5;"CHAPECO";"Sim";"Velocidade Incompat�vel";1;"Tombamento";"Com V�timas Feridas";"Pleno dia";"Decrescente";"Nublado";"Simples";"Curva;Retorno Regulamentado;Interse��o de Vias";"N�o";1326241;"Motocicleta";"KAWASAKI/NINJA ZX-10R/NINJA ZX-10R";2014;"Condutor";"Les�es Leves";40;"Masculino";0;1;0;0;-26,99754309;-52,70172857;"SPRF-SC";"DEL07-SC";"UOP01-DEL07-SC"
742755;1663400;2025-12-31;"quarta-feira";"10:30:00";"PE";101;57;"RECIFE";"Sim";"Acesso irregular";2;"Queda de ocupante de ve�culo";"Com V�timas Feridas";"Pleno dia";"Crescente";"C�u Claro";"Dupla";"Reta";"Sim";1326253;"Motocicleta";"HONDA/CG 160 TITAN/CG 160 TITAN";2025;"Passageiro";"Les�es Leves";40;"Feminino";0;1;0;0;-7,96279;-34,91523;"SPRF-PE";"DEL01-PE";"UOP02-DEL01-PE"
742755;1663397;2025-12-31;"quarta-feira";"10:30:00";"PE";101;57;"RECIFE";"Sim";"Acesso irregular";2;"Queda de ocupante de ve�culo";"Com V�timas Feridas";"Pleno dia";"Crescente";"C�u Claro";"Dupla";"Reta";"Sim";1326253;"Motocicleta";"HONDA/CG 160 TITAN/CG 160 TITAN";2025;"Condutor";"Les�es Leves";68;"Masculino";0;1;0;0;-7,96279;-34,91523;"SPRF-PE";"DEL01-PE";"UOP02-DEL01-PE"
742755;1663395;2025-12-31;"quarta-feira";"10:30:00";"PE";101;57;"RECIFE";"Sim";"Acesso irregular";2;"Queda de ocupante de ve�culo";"Com V�timas Feridas";"Pleno dia";"Crescente";"C�u Claro";"Dupla";"Reta";"Sim";1326252;"Autom�vel";"HYUNDAI/CRETA1TF LIMITED/CRETA1TF LIMITED";2025;"Condutor";"Ileso";52;"Masculino";1;0;0;0;-7,96279;-34,91523;"SPRF-PE";"DEL01-PE";"UOP02-DEL01-PE"
742755;1663400;2025-12-31;"quarta-feira";"10:30:00";"PE";101;57;"RECIFE";"Sim";"Acesso irregular";1;"Colis�o transversal";"Com V�timas Feridas";"Pleno dia";"Crescente";"C�u Claro";"Dupla";"Reta";"Sim";1326253;"Motocicleta";"HONDA/CG 160 TITAN/CG 160 TITAN";2025;"Passageiro";"Les�es Leves";40;"Feminino";0;1;0;0;-7,96279;-34,91523;"SPRF-PE";"DEL01-PE";"UOP02-DEL01-PE"
742755;1663397;2025-12-31;"quarta-feira";"10:30:00";"PE";101;57;"RECIFE";"Sim";"Acesso irregular";1;"Colis�o transversal";"Com V�timas Feridas";"Pleno dia";"Crescente";"C�u Claro";"Dupla";"Reta";"Sim";1326253;"Motocicleta";"HONDA/CG 160 TITAN/CG 160 TITAN";2025;"Condutor";"Les�es Leves";68;"Masculino";0;1;0;0;-7,96279;-34,91523;"SPRF-PE";"DEL01-PE";"UOP02-DEL01-PE"
742755;1663395;2025-12-31;"quarta-feira";"10:30:00";"PE";101;57;"RECIFE";"Sim";"Acesso irregular";1;"Colis�o transversal";"Com V�timas Feridas";"Pleno dia";"Crescente";"C�u Claro";"Dupla";"Reta";"Sim";1326252;"Autom�vel";"HYUNDAI/CRETA1TF LIMITED/CRETA1TF LIMITED";2025;"Condutor";"Ileso";52;"Masculino";1;0;0;0;-7,96279;-34,91523;"SPRF-PE";"DEL01-PE";"UOP02-DEL01-PE"
742756;1663419;2025-12-31;"quarta-feira";"10:20:00";"PE";101;70,9;"RECIFE";"Sim";"Condutor deixou de manter dist�ncia do ve�culo da frente";1;"Colis�o traseira";"Com V�timas Feridas";"Pleno dia";"Decrescente";"Sol";"Dupla";"Reta";"Sim";1326271;"Motocicleta";"YAMAHA/FZ25 FAZER/FZ25 FAZER";2021;"Condutor";"Les�es Leves";33;"Masculino";0;1;0;0;-8,07607;-34,94271;"SPRF-PE";"DEL01-PE";"UOP01-DEL01-PE"
742756;1663418;2025-12-31;"quarta-feira";"10:20:00";"PE";101;70,9;"RECIFE";"Sim";"Condutor deixou de manter dist�ncia do ve�culo da frente";1;"Colis�o traseira";"Com V�timas Feridas";"Pleno dia";"Decrescente";"Sol";"Dupla";"Reta";"Sim";1326270;"Caminh�o";"VW/13.180 CNM/13.180 CNM";2011;"Condutor";"Ileso";61;"Masculino";1;0;0;0;-8,07607;-34,94271;"SPRF-PE";"DEL01-PE";"UOP01-DEL01-PE"
742757;1663413;2025-12-31;"quarta-feira";"10:30:00";"RJ";101;299;"ITABORAI";"Sim";"Acesso irregular";1;"Atropelamento de Pedestre";"Com V�timas Feridas";"Pleno dia";"Decrescente";"C�u Claro";"Dupla";"Reta";"Sim";1326268;"Motocicleta";"HONDA/CG150 FAN ESDI/CG150 FAN ESDI";2013;"Passageiro";"Les�es Leves";22;"Feminino";0;1;0;0;-22,77386889;-42,93723678;"SPRF-RJ";"DEL02-RJ";"UOP02-DEL02-RJ"
742757;1663412;2025-12-31;"quarta-feira";"10:30:00";"RJ";101;299;"ITABORAI";"Sim";"Acesso irregular";1;"Atropelamento de Pedestre";"Com V�timas Feridas";"Pleno dia";"Decrescente";"C�u Claro";"Dupla";"Reta";"Sim";1326268;"Motocicleta";"HONDA/CG150 FAN ESDI/CG150 FAN ESDI";2013;"Condutor";"Les�es Leves";24;"Masculino";0;1;0;0;-22,77386889;-42,93723678;"SPRF-RJ";"DEL02-RJ";"UOP02-DEL02-RJ"
742757;1663411;2025-12-31;"quarta-feira";"10:30:00";"RJ";101;299;"ITABORAI";"Sim";"Acesso irregular";1;"Atropelamento de Pedestre";"Com V�timas Feridas";"Pleno dia";"Decrescente";"C�u Claro";"Dupla";"Reta";"Sim";1326267;"Autom�vel";"HYUNDAI/HB20 10M SENSE/HB20 10M SENSE";2023;"Condutor";"Ileso";36;"Masculino";1;0;0;0;-22,77386889;-42,93723678;"SPRF-RJ";"DEL02-RJ";"UOP02-DEL02-RJ"
742757;1663876;2025-12-31;"quarta-feira";"10:30:00";"RJ";101;299;"ITABORAI";"Sim";"Acesso irregular";1;"Atropelamento de Pedestre";"Com V�timas Feridas";"Pleno dia";"Decrescente";"C�u Claro";"Dupla";"Reta";"Sim";NA;NA;"NA/NA/NA";NA;"Pedestre";"Les�es Graves";NA;"Masculino";0;0;1;0;-22,77386889;-42,93723678;"SPRF-RJ";"DEL02-RJ";"UOP02-DEL02-RJ"
742758;1663590;2025-12-31;"quarta-feira";"10:25:00";"RS";116;362;"SENTINELA DO SUL";"N�o";"Condutor deixou de manter dist�ncia do ve�culo da frente";3;"Queda de ocupante de ve�culo";"Com V�timas Feridas";"Pleno dia";"Crescente";"C�u Claro";"Simples";"Rotat�ria";"N�o";1326378;"Autom�vel";"CHEV/PRISMA 1.0MT LT/PRISMA 1.0MT LT";2014;"Passageiro";"Ileso";53;"Feminino";1;0;0;0;-30,63721;-51,553529;"SPRF-RS";"DEL02-RS";"UOP02-DEL02-RS"
742758;1663589;2025-12-31;"quarta-feira";"10:25:00";"RS";116;362;"SENTINELA DO SUL";"N�o";"Condutor deixou de manter dist�ncia do ve�culo da frente";3;"Queda de ocupante de ve�culo";"Com V�timas Feridas";"Pleno dia";"Crescente";"C�u Claro";"Simples";"Rotat�ria";"N�o";1326378;"Autom�vel";"CHEV/PRISMA 1.0MT LT/PRISMA 1.0MT LT";2014;"Condutor";"Ileso";35;"Masculino";1;0;0;0;-30,63721;-51,553529;"SPRF-RS";"DEL02-RS";"UOP02-DEL02-RS"
742758;1663588;2025-12-31;"quarta-feira";"10:25:00";"RS";116;362;"SENTINELA DO SUL";"N�o";"Condutor deixou de manter dist�ncia do ve�culo da frente";3;"Queda de ocupante de ve�culo";"Com V�timas Feridas";"Pleno dia";"Crescente";"C�u Claro";"Simples";"Rotat�ria";"N�o";1326377;"Motocicleta";"HONDA/CB 300R/CB 300R";2011;"Passageiro";"Les�es Leves";20;"Feminino";0;1;0;0;-30,63721;-51,553529;"SPRF-RS";"DEL02-RS";"UOP02-DEL02-RS"
742758;1663587;2025-12-31;"quarta-feira";"10:25:00";"RS";116;362;"SENTINELA DO SUL";"N�o";"Condutor deixou de manter dist�ncia do ve�culo da frente";3;"Queda de ocupante de ve�culo";"Com V�timas Feridas";"Pleno dia";"Crescente";"C�u Claro";"Simples";"Rotat�ria";"N�o";1326377;"Motocicleta";"HONDA/CB 300R/CB 300R";2011;"Condutor";"Les�es Graves";20;"Masculino";0;0;1;0;-30,63721;-51,553529;"SPRF-RS";"DEL02-RS";"UOP02-DEL02-RS"
742758;1663590;2025-12-31;"quarta-feira";"10:25:00";"RS";116;362;"SENTINELA DO SUL";"N�o";"Condutor deixou de manter dist�ncia do ve�culo da frente";2;"Tombamento";"Com V�timas Feridas";"Pleno dia";"Crescente";"C�u Claro";"Simples";"Rotat�ria";"N�o";1326378;"Autom�vel";"CHEV/PRISMA 1.0MT LT/PRISMA 1.0MT LT";2014;"Passageiro";"Ileso";53;"Feminino";1;0;0;0;-30,63721;-51,553529;"SPRF-RS";"DEL02-RS";"UOP02-DEL02-RS"
742758;1663589;2025-12-31;"quarta-feira";"10:25:00";"RS";116;362;"SENTINELA DO SUL";"N�o";"Condutor deixou de manter dist�ncia do ve�culo da frente";2;"Tombamento";"Com V�timas Feridas";"Pleno dia";"Crescente";"C�u Claro";"Simples";"Rotat�ria";"N�o";1326378;"Autom�vel";"CHEV/PRISMA 1.0MT LT/PRISMA 1.0MT LT";2014;"Condutor";"Ileso";35;"Masculino";1;0;0;0;-30,63721;-51,553529;"SPRF-RS";"DEL02-RS";"UOP02-DEL02-RS"
742758;1663588;2025-12-31;"quarta-feira";"10:25:00";"RS";116;362;"SENTINELA DO SUL";"N�o";"Condutor deixou de manter dist�ncia do ve�culo da frente";2;"Tombamento";"Com V�timas Feridas";"Pleno dia";"Crescente";"C�u Claro";"Simples";"Rotat�ria";"N�o";1326377;"Motocicleta";"HONDA/CB 300R/CB 300R";2011;"Passageiro";"Les�es Leves";20;"Feminino";0;1;0;0;-30,63721;-51,553529;"SPRF-RS";"DEL02-RS";"UOP02-DEL02-RS"
742758;1663587;2025-12-31;"quarta-feira";"10:25:00";"RS";116;362;"SENTINELA DO SUL";"N�o";"Condutor deixou de manter dist�ncia do ve�culo da frente";2;"Tombamento";"Com V�timas Feridas";"Pleno dia";"Crescente";"C�u Claro";"Simples";"Rotat�ria";"N�o";1326377;"Motocicleta";"HONDA/CB 300R/CB 300R";2011;"Condutor";"Les�es Graves";20;"Masculino";0;0;1;0;-30,63721;-51,553529;"SPRF-RS";"DEL02-RS";"UOP02-DEL02-RS"
742758;1663590;2025-12-31;"quarta-feira";"10:25:00";"RS";116;362;"SENTINELA DO SUL";"N�o";"Condutor deixou de manter dist�ncia do ve�culo da frente";1;"Colis�o lateral mesmo sentido";"Com V�timas Feridas";"Pleno dia";"Crescente";"C�u Claro";"Simples";"Rotat�ria";"N�o";1326378;"Autom�vel";"CHEV/PRISMA 1.0MT LT/PRISMA 1.0MT LT";2014;"Passageiro";"Ileso";53;"Feminino";1;0;0;0;-30,63721;-51,553529;"SPRF-RS";"DEL02-RS";"UOP02-DEL02-RS"
742758;1663589;2025-12-31;"quarta-feira";"10:25:00";"RS";116;362;"SENTINELA DO SUL";"N�o";"Condutor deixou de manter dist�ncia do ve�culo da frente";1;"Colis�o lateral mesmo sentido";"Com V�timas Feridas";"Pleno dia";"Crescente";"C�u Claro";"Simples";"Rotat�ria";"N�o";1326378;"Autom�vel";"CHEV/PRISMA 1.0MT LT/PRISMA 1.0MT LT";2014;"Condutor";"Ileso";35;"Masculino";1;0;0;0;-30,63721;-51,553529;"SPRF-RS";"DEL02-RS";"UOP02-DEL02-RS"
742758;1663588;2025-12-31;"quarta-feira";"10:25:00";"RS";116;362;"SENTINELA DO SUL";"N�o";"Condutor deixou de manter dist�ncia do ve�culo da frente";1;"Colis�o lateral mesmo sentido";"Com V�timas Feridas";"Pleno dia";"Crescente";"C�u Claro";"Simples";"Rotat�ria";"N�o";1326377;"Motocicleta";"HONDA/CB 300R/CB 300R";2011;"Passageiro";"Les�es Leves";20;"Feminino";0;1;0;0;-30,63721;-51,553529;"SPRF-RS";"DEL02-RS";"UOP02-DEL02-RS"
742758;1663587;2025-12-31;"quarta-feira";"10:25:00";"RS";116;362;"SENTINELA DO SUL";"N�o";"Condutor deixou de manter dist�ncia do ve�culo da frente";1;"Colis�o lateral mesmo sentido";"Com V�timas Feridas";"Pleno dia";"Crescente";"C�u Claro";"Simples";"Rotat�ria";"N�o";1326377;"Motocicleta";"HONDA/CB 300R/CB 300R";2011;"Condutor";"Les�es Graves";20;"Masculino";0;0;1;0;-30,63721;-51,553529;"SPRF-RS";"DEL02-RS";"UOP02-DEL02-RS"
742758;1663590;2025-12-31;"quarta-feira";"10:25:00";"RS";116;362;"SENTINELA DO SUL";"Sim";"Ultrapassagem Indevida";3;"Queda de ocupante de ve�culo";"Com V�timas Feridas";"Pleno dia";"Crescente";"C�u Claro";"Simples";"Rotat�ria";"N�o";1326378;"Autom�vel";"CHEV/PRISMA 1.0MT LT/PRISMA 1.0MT LT";2014;"Passageiro";"Ileso";53;"Feminino";1;0;0;0;-30,63721;-51,553529;"SPRF-RS";"DEL02-RS";"UOP02-DEL02-RS"
742758;1663589;2025-12-31;"quarta-feira";"10:25:00";"RS";116;362;"SENTINELA DO SUL";"Sim";"Ultrapassagem Indevida";3;"Queda de ocupante de ve�culo";"Com V�timas Feridas";"Pleno dia";"Crescente";"C�u Claro";"Simples";"Rotat�ria";"N�o";1326378;"Autom�vel";"CHEV/PRISMA 1.0MT LT/PRISMA 1.0MT LT";2014;"Condutor";"Ileso";35;"Masculino";1;0;0;0;-30,63721;-51,553529;"SPRF-RS";"DEL02-RS";"UOP02-DEL02-RS"
742758;1663588;2025-12-31;"quarta-feira";"10:25:00";"RS";116;362;"SENTINELA DO SUL";"Sim";"Ultrapassagem Indevida";3;"Queda de ocupante de ve�culo";"Com V�timas Feridas";"Pleno dia";"Crescente";"C�u Claro";"Simples";"Rotat�ria";"N�o";1326377;"Motocicleta";"HONDA/CB 300R/CB 300R";2011;"Passageiro";"Les�es Leves";20;"Feminino";0;1;0;0;-30,63721;-51,553529;"SPRF-RS";"DEL02-RS";"UOP02-DEL02-RS"
742758;1663587;2025-12-31;"quarta-feira";"10:25:00";"RS";116;362;"SENTINELA DO SUL";"Sim";"Ultrapassagem Indevida";3;"Queda de ocupante de ve�culo";"Com V�timas Feridas";"Pleno dia";"Crescente";"C�u Claro";"Simples";"Rotat�ria";"N�o";1326377;"Motocicleta";"HONDA/CB 300R/CB 300R";2011;"Condutor";"Les�es Graves";20;"Masculino";0;0;1;0;-30,63721;-51,553529;"SPRF-RS";"DEL02-RS";"UOP02-DEL02-RS"
742758;1663590;2025-12-31;"quarta-feira";"10:25:00";"RS";116;362;"SENTINELA DO SUL";"Sim";"Ultrapassagem Indevida";2;"Tombamento";"Com V�timas Feridas";"Pleno dia";"Crescente";"C�u Claro";"Simples";"Rotat�ria";"N�o";1326378;"Autom�vel";"CHEV/PRISMA 1.0MT LT/PRISMA 1.0MT LT";2014;"Passageiro";"Ileso";53;"Feminino";1;0;0;0;-30,63721;-51,553529;"SPRF-RS";"DEL02-RS";"UOP02-DEL02-RS"
742758;1663589;2025-12-31;"quarta-feira";"10:25:00";"RS";116;362;"SENTINELA DO SUL";"Sim";"Ultrapassagem Indevida";2;"Tombamento";"Com V�timas Feridas";"Pleno dia";"Crescente";"C�u Claro";"Simples";"Rotat�ria";"N�o";1326378;"Autom�vel";"CHEV/PRISMA 1.0MT LT/PRISMA 1.0MT LT";2014;"Condutor";"Ileso";35;"Masculino";1;0;0;0;-30,63721;-51,553529;"SPRF-RS";"DEL02-RS";"UOP02-DEL02-RS"
742758;1663588;2025-12-31;"quarta-feira";"10:25:00";"RS";116;362;"SENTINELA DO SUL";"Sim";"Ultrapassagem Indevida";2;"Tombamento";"Com V�timas Feridas";"Pleno dia";"Crescente";"C�u Claro";"Simples";"Rotat�ria";"N�o";1326377;"Motocicleta";"HONDA/CB 300R/CB 300R";2011;"Passageiro";"Les�es Leves";20;"Feminino";0;1;0;0;-30,63721;-51,553529;"SPRF-RS";"DEL02-RS";"UOP02-DEL02-RS"
742758;1663587;2025-12-31;"quarta-feira";"10:25:00";"RS";116;362;"SENTINELA DO SUL";"Sim";"Ultrapassagem Indevida";2;"Tombamento";"Com V�timas Feridas";"Pleno dia";"Crescente";"C�u Claro";"Simples";"Rotat�ria";"N�o";1326377;"Motocicleta";"HONDA/CB 300R/CB 300R";2011;"Condutor";"Les�es Graves";20;"Masculino";0;0;1;0;-30,63721;-51,553529;"SPRF-RS";"DEL02-RS";"UOP02-DEL02-RS"
742758;1663590;2025-12-31;"quarta-feira";"10:25:00";"RS";116;362;"SENTINELA DO SUL";"Sim";"Ultrapassagem Indevida";1;"Colis�o lateral mesmo sentido";"Com V�timas Feridas";"Pleno dia";"Crescente";"C�u Claro";"Simples";"Rotat�ria";"N�o";1326378;"Autom�vel";"CHEV/PRISMA 1.0MT LT/PRISMA 1.0MT LT";2014;"Passageiro";"Ileso";53;"Feminino";1;0;0;0;-30,63721;-51,553529;"SPRF-RS";"DEL02-RS";"UOP02-DEL02-RS"
742758;1663589;2025-12-31;"quarta-feira";"10:25:00";"RS";116;362;"SENTINELA DO SUL";"Sim";"Ultrapassagem Indevida";1;"Colis�o lateral mesmo sentido";"Com V�timas Feridas";"Pleno dia";"Crescente";"C�u Claro";"Simples";"Rotat�ria";"N�o";1326378;"Autom�vel";"CHEV/PRISMA 1.0MT LT/PRISMA 1.0MT LT";2014;"Condutor";"Ileso";35;"Masculino";1;0;0;0;-30,63721;-51,553529;"SPRF-RS";"DEL02-RS";"UOP02-DEL02-RS"
742758;1663588;2025-12-31;"quarta-feira";"10:25:00";"RS";116;362;"SENTINELA DO SUL";"Sim";"Ultrapassagem Indevida";1;"Colis�o lateral mesmo sentido";"Com V�timas Feridas";"Pleno dia";"Crescente";"C�u Claro";"Simples";"Rotat�ria";"N�o";1326377;"Motocicleta";"HONDA/CB 300R/CB 300R";2011;"Passageiro";"Les�es Leves";20;"Feminino";0;1;0;0;-30,63721;-51,553529;"SPRF-RS";"DEL02-RS";"UOP02-DEL02-RS"