"id";"pesid";"data_inversa";"dia_semana";"horario";"uf";"br";"km";"municipio";"causa_principal";"causa_acidente";"ordem_tipo_acidente";"tipo_acidente";"classificacao_acidente";"fase_dia";"sentido_via";"condicao_metereologica";"tipo_pista";"tracado_via";"uso_solo";"id_veiculo";"tipo_veiculo";"marca";"ano_fabricacao_veiculo";"tipo_envolvido";"estado_fisico";"idade";"sexo";"ilesos";"feridos_leves";"feridos_graves";"mortos";"latitude";"longitude";"regional";"delegacia";"uop"
742758;1663587;2025-12-31;"quarta-feira";"10:25:00";"RS";116;362;"SENTINELA DO SUL";"Sim";"Ultrapassagem Indevida";1;"Colis�o lateral mesmo sentido";"Com V�timas Feridas";"Pleno dia";"Crescente";"C�u Claro";"Simples";"Rotat�ria";"N�o";1326377;"Motocicleta";"HONDA/CB 300R/CB 300R";2011;"Condutor";"Les�es Graves";20;"Masculino";0;0;1;0;-30,63721;-51,553529;"SPRF-RS";"DEL02-RS";"UOP02-DEL02-RS"
742759;1663387;2025-11-30;"domingo";"15:00:00";"PB";104;86,2;"REMIGIO";"Sim";"Acessar a via sem observar a presen�a dos outros ve�culos";1;"Colis�o transversal";"Sem V�timas";"Pleno dia";"Crescente";"Sol";"Simples";"Declive;Curva";"Sim";1326247;"Autom�vel";"TOYOTA/ETIOS SD X 15L MT/ETIOS SD X 15L MT";2016;"Condutor";"Ileso";60;"Masculino";1;0;0;0;-6,963011;-35,800416;"SPRF-PB";"DEL02-PB";"UOP04-DEL02-PB"
742759;1663386;2025-11-30;"domingo";"15:00:00";"PB";104;86,2;"REMIGIO";"Sim";"Acessar a via sem observar a presen�a dos outros ve�culos";1;"Colis�o transversal";"Sem V�timas";"Pleno dia";"Crescente";"Sol";"Simples";"Declive;Curva";"Sim";1326246;"Camioneta";"RENAULT/DUSTER ZEN 16/DUSTER ZEN 16";0;"Condutor";"Ileso";NA;"Masculino";1;0;0;0;-6,963011;-35,800416;"SPRF-PB";"DEL02-PB";"UOP04-DEL02-PB"
742760;1663442;2025-12-31;"quarta-feira";"10:30:00";"DF";20;10;"BRASILIA";"Sim";"Rea��o tardia ou ineficiente do condutor";2;"Queda de ocupante de ve�culo";"Com V�timas Feridas";"Pleno dia";"Decrescente";"C�u Claro";"Dupla";"Declive";"Sim";1326289;"Motocicleta";"HONDA/CG 160 FAN/CG 160 FAN";2025;"Condutor";"Les�es Graves";23;"Masculino";0;0;1;0;-15,9711232;-47,9789056;"SPRF-DF";"DEL02-DF";"UOP01-DEL02-DF"
742760;1666244;2025-12-31;"quarta-feira";"10:30:00";"DF";20;10;"BRASILIA";"Sim";"Rea��o tardia ou ineficiente do condutor";2;"Queda de ocupante de ve�culo";"Com V�timas Feridas";"Pleno dia";"Decrescente";"C�u Claro";"Dupla";"Declive";"Sim";NA;NA;"NA/NA/NA";NA;"Testemunha";"N�o Informado";NA;"N�o Informado";0;0;0;0;-15,9711232;-47,9789056;"SPRF-DF";"DEL02-DF";"UOP01-DEL02-DF"
742760;1663442;2025-12-31;"quarta-feira";"10:30:00";"DF";20;10;"BRASILIA";"Sim";"Rea��o tardia ou ineficiente do condutor";1;"Tombamento";"Com V�timas Feridas";"Pleno dia";"Decrescente";"C�u Claro";"Dupla";"Declive";"Sim";1326289;"Motocicleta";"HONDA/CG 160 FAN/CG 160 FAN";2025;"Condutor";"Les�es Graves";23;"Masculino";0;0;1;0;-15,9711232;-47,9789056;"SPRF-DF";"DEL02-DF";"UOP01-DEL02-DF"
742760;1666244;2025-12-31;"quarta-feira";"10:30:00";"DF";20;10;"BRASILIA";"Sim";"Rea��o tardia ou ineficiente do condutor";1;"Tombamento";"Com V�timas Feridas";"Pleno dia";"Decrescente";"C�u Claro";"Dupla";"Declive";"Sim";NA;NA;"NA/NA/NA";NA;"Testemunha";"N�o Informado";NA;"N�o Informado";0;0;0;0;-15,9711232;-47,9789056;"SPRF-DF";"DEL02-DF";"UOP01-DEL02-DF"
742761;1663407;2025-12-31;"quarta-feira";"10:20:00";"PB";104;116,8;"LAGOA SECA";"Sim";"Aus�ncia de rea��o do condutor";2;"Tombamento";"Com V�timas Feridas";"Pleno dia";"Crescente";"C�u Claro";"Simples";"Reta;Declive";"Sim";1326263;"Motoneta";"HONDA/BIZ EX/BIZ EX";2025;"Condutor";"Les�es Leves";72;"Masculino";0;1;0;0;-7,181258;-35,865115;"SPRF-PB";"DEL02-PB";"UOP04-DEL02-PB"
742761;1663408;2025-12-31;"quarta-feira";"10:20:00";"PB";104;116,8;"LAGOA SECA";"Sim";"Aus�ncia de rea��o do condutor";2;"Tombamento";"Com V�timas Feridas";"Pleno dia";"Crescente";"C�u Claro";"Simples";"Reta;Declive";"Sim";NA;NA;"NA/NA/NA";NA;"Testemunha";"N�o Informado";NA;"N�o Informado";0;0;0;0;-7,181258;-35,865115;"SPRF-PB";"DEL02-PB";"UOP04-DEL02-PB"
742761;1663407;2025-12-31;"quarta-feira";"10:20:00";"PB";104;116,8;"LAGOA SECA";"Sim";"Aus�ncia de rea��o do condutor";1;"Queda de ocupante de ve�culo";"Com V�timas Feridas";"Pleno dia";"Crescente";"C�u Claro";"Simples";"Reta;Declive";"Sim";1326263;"Motoneta";"HONDA/BIZ EX/BIZ EX";2025;"Condutor";"Les�es Leves";72;"Masculino";0;1;0;0;-7,181258;-35,865115;"SPRF-PB";"DEL02-PB";"UOP04-DEL02-PB"
742761;1663408;2025-12-31;"quarta-feira";"10:20:00";"PB";104;116,8;"LAGOA SECA";"Sim";"Aus�ncia de rea��o do condutor";1;"Queda de ocupante de ve�culo";"Com V�timas Feridas";"Pleno dia";"Crescente";"C�u Claro";"Simples";"Reta;Declive";"Sim";NA;NA;"NA/NA/NA";NA;"Testemunha";"N�o Informado";NA;"N�o Informado";0;0;0;0;-7,181258;-35,865115;"SPRF-PB";"DEL02-PB";"UOP04-DEL02-PB"
742762;1663402;2025-12-31;"quarta-feira";"11:00:00";"BA";324;592;"CANDEIAS";"Sim";"Aus�ncia de rea��o do condutor";1;"Queda de ocupante de ve�culo";"Com V�timas Feridas";"Pleno dia";"Decrescente";"C�u Claro";"M�ltipla";"Reta";"N�o";1326256;"Motocicleta";"YAMAHA/XTZ150 CROSSER ED/XTZ150 CROSSER ED";2014;"Condutor";"Les�es Leves";22;"Masculino";0;1;0;0;-12,66417703;-38,47054111;"SPRF-BA";"DEL01-BA";"UOP01-DEL01-BA"
742764;1663537;2025-12-31;"quarta-feira";"05:30:00";"MG";381;829;"SAO SEBASTIAO DA BELA VISTA";"N�o";"Faixas de tr�nsito com largura insuficiente";3;"Colis�o com objeto";"Com V�timas Feridas";"Amanhecer";"Decrescente";"Nublado";"Dupla";"Reta";"N�o";1326347;"Caminh�o-trator";"IVECO/STRALISHD 570S38TN/STRALISHD 570S38TN";2008;"Condutor";"Les�es Graves";28;"Masculino";0;0;1;0;-22,11989;-45,76063;"SPRF-MG";"DEL16-MG";"UOP01-DEL16-MG"
742764;1663547;2025-12-31;"quarta-feira";"05:30:00";"MG";381;829;"SAO SEBASTIAO DA BELA VISTA";"N�o";"Faixas de tr�nsito com largura insuficiente";3;"Colis�o com objeto";"Com V�timas Feridas";"Amanhecer";"Decrescente";"Nublado";"Dupla";"Reta";"N�o";1326349;"Caminh�o-trator";"DAF/XF105 FTS 460A/XF105 FTS 460A";2018;"Condutor";"Ileso";44;"Masculino";1;0;0;0;-22,11989;-45,76063;"SPRF-MG";"DEL16-MG";"UOP01-DEL16-MG"
742764;NA;2025-12-31;"quarta-feira";"05:30:00";"MG";381;829;"SAO SEBASTIAO DA BELA VISTA";"N�o";"Faixas de tr�nsito com largura insuficiente";3;"Colis�o com objeto";"Com V�timas Feridas";"Amanhecer";"Decrescente";"Nublado";"Dupla";"Reta";"N�o";1326350;"Semireboque";"SR/FACCHINI SRF CF/FACCHINI SRF CF";2021;NA;NA;NA;NA;NA;NA;NA;NA;-22,11989;-45,76063;"SPRF-MG";"DEL16-MG";"UOP01-DEL16-MG"
742764;NA;2025-12-31;"quarta-feira";"05:30:00";"MG";381;829;"SAO SEBASTIAO DA BELA VISTA";"N�o";"Faixas de tr�nsito com largura insuficiente";3;"Colis�o com objeto";"Com V�timas Feridas";"Amanhecer";"Decrescente";"Nublado";"Dupla";"Reta";"N�o";1326348;"Semireboque";"SR/RANDONSP SRFG CG/RANDONSP SRFG CG";2014;NA;NA;NA;NA;NA;NA;NA;NA;-22,11989;-45,76063;"SPRF-MG";"DEL16-MG";"UOP01-DEL16-MG"
742764;1663537;2025-12-31;"quarta-feira";"05:30:00";"MG";381;829;"SAO SEBASTIAO DA BELA VISTA";"N�o";"Faixas de tr�nsito com largura insuficiente";2;"Sa�da de leito carro��vel";"Com V�timas Feridas";"Amanhecer";"Decrescente";"Nublado";"Dupla";"Reta";"N�o";1326347;"Caminh�o-trator";"IVECO/STRALISHD 570S38TN/STRALISHD 570S38TN";2008;"Condutor";"Les�es Graves";28;"Masculino";0;0;1;0;-22,11989;-45,76063;"SPRF-MG";"DEL16-MG";"UOP01-DEL16-MG"
742764;1663547;2025-12-31;"quarta-feira";"05:30:00";"MG";381;829;"SAO SEBASTIAO DA BELA VISTA";"N�o";"Faixas de tr�nsito com largura insuficiente";2;"Sa�da de leito carro��vel";"Com V�timas Feridas";"Amanhecer";"Decrescente";"Nublado";"Dupla";"Reta";"N�o";1326349;"Caminh�o-trator";"DAF/XF105 FTS 460A/XF105 FTS 460A";2018;"Condutor";"Ileso";44;"Masculino";1;0;0;0;-22,11989;-45,76063;"SPRF-MG";"DEL16-MG";"UOP01-DEL16-MG"
742764;NA;2025-12-31;"quarta-feira";"05:30:00";"MG";381;829;"SAO SEBASTIAO DA BELA VISTA";"N�o";"Faixas de tr�nsito com largura insuficiente";2;"Sa�da de leito carro��vel";"Com V�timas Feridas";"Amanhecer";"Decrescente";"Nublado";"Dupla";"Reta";"N�o";1326350;"Semireboque";"SR/FACCHINI SRF CF/FACCHINI SRF CF";2021;NA;NA;NA;NA;NA;NA;NA;NA;-22,11989;-45,76063;"SPRF-MG";"DEL16-MG";"UOP01-DEL16-MG"
742764;NA;2025-12-31;"quarta-feira";"05:30:00";"MG";381;829;"SAO SEBASTIAO DA BELA VISTA";"N�o";"Faixas de tr�nsito com largura insuficiente";2;"Sa�da de leito carro��vel";"Com V�timas Feridas";"Amanhecer";"Decrescente";"Nublado";"Dupla";"Reta";"N�o";1326348;"Semireboque";"SR/RANDONSP SRFG CG/RANDONSP SRFG CG";2014;NA;NA;NA;NA;NA;NA;NA;NA;-22,11989;-45,76063;"SPRF-MG";"DEL16-MG";"UOP01-DEL16-MG"
742764;1663537;2025-12-31;"quarta-feira";"05:30:00";"MG";381;829;"SAO SEBASTIAO DA BELA VISTA";"N�o";"Faixas de tr�nsito com largura insuficiente";1;"Colis�o traseira";"Com V�timas Feridas";"Amanhecer";"Decrescente";"Nublado";"Dupla";"Reta";"N�o";1326347;"Caminh�o-trator";"IVECO/STRALISHD 570S38TN/STRALISHD 570S38TN";2008;"Condutor";"Les�es Graves";28;"Masculino";0;0;1;0;-22,11989;-45,76063;"SPRF-MG";"DEL16-MG";"UOP01-DEL16-MG"
742764;1663547;2025-12-31;"quarta-feira";"05:30:00";"MG";381;829;"SAO SEBASTIAO DA BELA VISTA";"N�o";"Faixas de tr�nsito com largura insuficiente";1;"Colis�o traseira";"Com V�timas Feridas";"Amanhecer";"Decrescente";"Nublado";"Dupla";"Reta";"N�o";1326349;"Caminh�o-trator";"DAF/XF105 FTS 460A/XF105 FTS 460A";2018;"Condutor";"Ileso";44;"Masculino";1;0;0;0;-22,11989;-45,76063;"SPRF-MG";"DEL16-MG";"UOP01-DEL16-MG"
742764;NA;2025-12-31;"quarta-feira";"05:30:00";"MG";381;829;"SAO SEBASTIAO DA BELA VISTA";"N�o";"Faixas de tr�nsito com largura insuficiente";1;"Colis�o traseira";"Com V�timas Feridas";"Amanhecer";"Decrescente";"Nublado";"Dupla";"Reta";"N�o";1326350;"Semireboque";"SR/FACCHINI SRF CF/FACCHINI SRF CF";2021;NA;NA;NA;NA;NA;NA;NA;NA;-22,11989;-45,76063;"SPRF-MG";"DEL16-MG";"UOP01-DEL16-MG"
742764;NA;2025-12-31;"quarta-feira";"05:30:00";"MG";381;829;"SAO SEBASTIAO DA BELA VISTA";"N�o";"Faixas de tr�nsito com largura insuficiente";1;"Colis�o traseira";"Com V�timas Feridas";"Amanhecer";"Decrescente";"Nublado";"Dupla";"Reta";"N�o";1326348;"Semireboque";"SR/RANDONSP SRFG CG/RANDONSP SRFG CG";2014;NA;NA;NA;NA;NA;NA;NA;NA;-22,11989;-45,76063;"SPRF-MG";"DEL16-MG";"UOP01-DEL16-MG"
742764;1663537;2025-12-31;"quarta-feira";"05:30:00";"MG";381;829;"SAO SEBASTIAO DA BELA VISTA";"N�o";"Demais falhas na via";3;"Colis�o com objeto";"Com V�timas Feridas";"Amanhecer";"Decrescente";"Nublado";"Dupla";"Reta";"N�o";1326347;"Caminh�o-trator";"IVECO/STRALISHD 570S38TN/STRALISHD 570S38TN";2008;"Condutor";"Les�es Graves";28;"Masculino";0;0;1;0;-22,11989;-45,76063;"SPRF-MG";"DEL16-MG";"UOP01-DEL16-MG"
742764;1663547;2025-12-31;"quarta-feira";"05:30:00";"MG";381;829;"SAO SEBASTIAO DA BELA VISTA";"N�o";"Demais falhas na via";3;"Colis�o com objeto";"Com V�timas Feridas";"Amanhecer";"Decrescente";"Nublado";"Dupla";"Reta";"N�o";1326349;"Caminh�o-trator";"DAF/XF105 FTS 460A/XF105 FTS 460A";2018;"Condutor";"Ileso";44;"Masculino";1;0;0;0;-22,11989;-45,76063;"SPRF-MG";"DEL16-MG";"UOP01-DEL16-MG"
742764;NA;2025-12-31;"quarta-feira";"05:30:00";"MG";381;829;"SAO SEBASTIAO DA BELA VISTA";"N�o";"Demais falhas na via";3;"Colis�o com objeto";"Com V�timas Feridas";"Amanhecer";"Decrescente";"Nublado";"Dupla";"Reta";"N�o";1326350;"Semireboque";"SR/FACCHINI SRF CF/FACCHINI SRF CF";2021;NA;NA;NA;NA;NA;NA;NA;NA;-22,11989;-45,76063;"SPRF-MG";"DEL16-MG";"UOP01-DEL16-MG"
742764;NA;2025-12-31;"quarta-feira";"05:30:00";"MG";381;829;"SAO SEBASTIAO DA BELA VISTA";"N�o";"Demais falhas na via";3;"Colis�o com objeto";"Com V�timas Feridas";"Amanhecer";"Decrescente";"Nublado";"Dupla";"Reta";"N�o";1326348;"Semireboque";"SR/RANDONSP SRFG CG/RANDONSP SRFG CG";2014;NA;NA;NA;NA;NA;NA;NA;NA;-22,11989;-45,76063;"SPRF-MG";"DEL16-MG";"UOP01-DEL16-MG"
742764;1663537;2025-12-31;"quarta-feira";"05:30:00";"MG";381;829;"SAO SEBASTIAO DA BELA VISTA";"N�o";"Demais falhas na via";2;"Sa�da de leito carro��vel";"Com V�timas Feridas";"Amanhecer";"Decrescente";"Nublado";"Dupla";"Reta";"N�o";1326347;"Caminh�o-trator";"IVECO/STRALISHD 570S38TN/STRALISHD 570S38TN";2008;"Condutor";"Les�es Graves";28;"Masculino";0;0;1;0;-22,11989;-45,76063;"SPRF-MG";"DEL16-MG";"UOP01-DEL16-MG"
742764;1663547;2025-12-31;"quarta-feira";"05:30:00";"MG";381;829;"SAO SEBASTIAO DA BELA VISTA";"N�o";"Demais falhas na via";2;"Sa�da de leito carro��vel";"Com V�timas Feridas";"Amanhecer";"Decrescente";"Nublado";"Dupla";"Reta";"N�o";1326349;"Caminh�o-trator";"DAF/XF105 FTS 460A/XF105 FTS 460A";2018;"Condutor";"Ileso";44;"Masculino";1;0;0;0;-22,11989;-45,76063;"SPRF-MG";"DEL16-MG";"UOP01-DEL16-MG"
742764;NA;2025-12-31;"quarta-feira";"05:30:00";"MG";381;829;"SAO SEBASTIAO DA BELA VISTA";"N�o";"Demais falhas na via";2;"Sa�da de leito carro��vel";"Com V�timas Feridas";"Amanhecer";"Decrescente";"Nublado";"Dupla";"Reta";"N�o";1326350;"Semireboque";"SR/FACCHINI SRF CF/FACCHINI SRF CF";2021;NA;NA;NA;NA;NA;NA;NA;NA;-22,11989;-45,76063;"SPRF-MG";"DEL16-MG";"UOP01-DEL16-MG"
742764;NA;2025-12-31;"quarta-feira";"05:30:00";"MG";381;829;"SAO SEBASTIAO DA BELA VISTA";"N�o";"Demais falhas na via";2;"Sa�da de leito carro��vel";"Com V�timas Feridas";"Amanhecer";"Decrescente";"Nublado";"Dupla";"Reta";"N�o";1326348;"Semireboque";"SR/RANDONSP SRFG CG/RANDONSP SRFG CG";2014;NA;NA;NA;NA;NA;NA;NA;NA;-22,11989;-45,76063;"SPRF-MG";"DEL16-MG";"UOP01-DEL16-MG"
742764;1663537;2025-12-31;"quarta-feira";"05:30:00";"MG";381;829;"SAO SEBASTIAO DA BELA VISTA";"N�o";"Demais falhas na via";1;"Colis�o traseira";"Com V�timas Feridas";"Amanhecer";"Decrescente";"Nublado";"Dupla";"Reta";"N�o";1326347;"Caminh�o-trator";"IVECO/STRALISHD 570S38TN/STRALISHD 570S38TN";2008;"Condutor";"Les�es Graves";28;"Masculino";0;0;1;0;-22,11989;-45,76063;"SPRF-MG";"DEL16-MG";"UOP01-DEL16-MG"
742764;1663547;2025-12-31;"quarta-feira";"05:30:00";"MG";381;829;"SAO SEBASTIAO DA BELA VISTA";"N�o";"Demais falhas na via";1;"Colis�o traseira";"Com V�timas Feridas";"Amanhecer";"Decrescente";"Nublado";"Dupla";"Reta";"N�o";1326349;"Caminh�o-trator";"DAF/XF105 FTS 460A/XF105 FTS 460A";2018;"Condutor";"Ileso";44;"Masculino";1;0;0;0;-22,11989;-45,76063;"SPRF-MG";"DEL16-MG";"UOP01-DEL16-MG"
742764;NA;2025-12-31;"quarta-feira";"05:30:00";"MG";381;829;"SAO SEBASTIAO DA BELA VISTA";"N�o";"Demais falhas na via";1;"Colis�o traseira";"Com V�timas Feridas";"Amanhecer";"Decrescente";"Nublado";"Dupla";"Reta";"N�o";1326350;"Semireboque";"SR/FACCHINI SRF CF/FACCHINI SRF CF";2021;NA;NA;NA;NA;NA;NA;NA;NA;-22,11989;-45,76063;"SPRF-MG";"DEL16-MG";"UOP01-DEL16-MG"
742764;NA;2025-12-31;"quarta-feira";"05:30:00";"MG";381;829;"SAO SEBASTIAO DA BELA VISTA";"N�o";"Demais falhas na via";1;"Colis�o traseira";"Com V�timas Feridas";"Amanhecer";"Decrescente";"Nublado";"Dupla";"Reta";"N�o";1326348;"Semireboque";"SR/RANDONSP SRFG CG/RANDONSP SRFG CG";2014;NA;NA;NA;NA;NA;NA;NA;NA;-22,11989;-45,76063;"SPRF-MG";"DEL16-MG";"UOP01-DEL16-MG"
742764;1663537;2025-12-31;"quarta-feira";"05:30:00";"MG";381;829;"SAO SEBASTIAO DA BELA VISTA";"Sim";"Rea��o tardia ou ineficiente do condutor";3;"Colis�o com objeto";"Com V�timas Feridas";"Amanhecer";"Decrescente";"Nublado";"Dupla";"Reta";"N�o";1326347;"Caminh�o-trator";"IVECO/STRALISHD 570S38TN/STRALISHD 570S38TN";2008;"Condutor";"Les�es Graves";28;"Masculino";0;0;1;0;-22,11989;-45,76063;"SPRF-MG";"DEL16-MG";"UOP01-DEL16-MG"
742764;1663547;2025-12-31;"quarta-feira";"05:30:00";"MG";381;829;"SAO SEBASTIAO DA BELA VISTA";"Sim";"Rea��o tardia ou ineficiente do condutor";3;"Colis�o com objeto";"Com V�timas Feridas";"Amanhecer";"Decrescente";"Nublado";"Dupla";"Reta";"N�o";1326349;"Caminh�o-trator";"DAF/XF105 FTS 460A/XF105 FTS 460A";2018;"Condutor";"Ileso";44;"Masculino";1;0;0;0;-22,11989;-45,76063;"SPRF-MG";"DEL16-MG";"UOP01-DEL16-MG"
742764;NA;2025-12-31;"quarta-feira";"05:30:00";"MG";381;829;"SAO SEBASTIAO DA BELA VISTA";"Sim";"Rea��o tardia ou ineficiente do condutor";3;"Colis�o com objeto";"Com V�timas Feridas";"Amanhecer";"Decrescente";"Nublado";"Dupla";"Reta";"N�o";1326350;"Semireboque";"SR/FACCHINI SRF CF/FACCHINI SRF CF";2021;NA;NA;NA;NA;NA;NA;NA;NA;-22,11989;-45,76063;"SPRF-MG";"DEL16-MG";"UOP01-DEL16-MG"
742764;NA;2025-12-31;"quarta-feira";"05:30:00";"MG";381;829;"SAO SEBASTIAO DA BELA VISTA";"Sim";"Rea��o tardia ou ineficiente do condutor";3;"Colis�o com objeto";"Com V�timas Feridas";"Amanhecer";"Decrescente";"Nublado";"Dupla";"Reta";"N�o";1326348;"Semireboque";"SR/RANDONSP SRFG CG/RANDONSP SRFG CG";2014;NA;NA;NA;NA;NA;NA;NA;NA;-22,11989;-45,76063;"SPRF-MG";"DEL16-MG";"UOP01-DEL16-MG"
742764;1663537;2025-12-31;"quarta-feira";"05:30:00";"MG";381;829;"SAO SEBASTIAO DA BELA VISTA";"Sim";"Rea��o tardia ou ineficiente do condutor";2;"Sa�da de leito carro��vel";"Com V�timas Feridas";"Amanhecer";"Decrescente";"Nublado";"Dupla";"Reta";"N�o";1326347;"Caminh�o-trator";"IVECO/STRALISHD 570S38TN/STRALISHD 570S38TN";2008;"Condutor";"Les�es Graves";28;"Masculino";0;0;1;0;-22,11989;-45,76063;"SPRF-MG";"DEL16-MG";"UOP01-DEL16-MG"
742764;1663547;2025-12-31;"quarta-feira";"05:30:00";"MG";381;829;"SAO SEBASTIAO DA BELA VISTA";"Sim";"Rea��o tardia ou ineficiente do condutor";2;"Sa�da de leito carro��vel";"Com V�timas Feridas";"Amanhecer";"Decrescente";"Nublado";"Dupla";"Reta";"N�o";1326349;"Caminh�o-trator";"DAF/XF105 FTS 460A/XF105 FTS 460A";2018;"Condutor";"Ileso";44;"Masculino";1;0;0;0;-22,11989;-45,76063;"SPRF-MG";"DEL16-MG";"UOP01-DEL16-MG"
742764;NA;2025-12-31;"quarta-feira";"05:30:00";"MG";381;829;"SAO SEBASTIAO DA BELA VISTA";"Sim";"Rea��o tardia ou ineficiente do condutor";2;"Sa�da de leito carro��vel";"Com V�timas Feridas";"Amanhecer";"Decrescente";"Nublado";"Dupla";"Reta";"N�o";1326350;"Semireboque";"SR/FACCHINI SRF CF/FACCHINI SRF CF";2021;NA;NA;NA;NA;NA;NA;NA;NA;-22,11989;-45,76063;"SPRF-MG";"DEL16-MG";"UOP01-DEL16-MG"
742764;NA;2025-12-31;"quarta-feira";"05:30:00";"MG";381;829;"SAO SEBASTIAO DA BELA VISTA";"Sim";"Rea��o tardia ou ineficiente do condutor";2;"Sa�da de leito carro��vel";"Com V�timas Feridas";"Amanhecer";"Decrescente";"Nublado";"Dupla";"Reta";"N�o";1326348;"Semireboque";"SR/RANDONSP SRFG CG/RANDONSP SRFG CG";2014;NA;NA;NA;NA;NA;NA;NA;NA;-22,11989;-45,76063;"SPRF-MG";"DEL16-MG";"UOP01-DEL16-MG"
742764;1663537;2025-12-31;"quarta-feira";"05:30:00";"MG";381;829;"SAO SEBASTIAO DA BELA VISTA";"Sim";"Rea��o tardia ou ineficiente do condutor";1;"Colis�o traseira";"Com V�timas Feridas";"Amanhecer";"Decrescente";"Nublado";"Dupla";"Reta";"N�o";1326347;"Caminh�o-trator";"IVECO/STRALISHD 570S38TN/STRALISHD 570S38TN";2008;"Condutor";"Les�es Graves";28;"Masculino";0;0;1;0;-22,11989;-45,76063;"SPRF-MG";"DEL16-MG";"UOP01-DEL16-MG"
742764;1663547;2025-12-31;"quarta-feira";"05:30:00";"MG";381;829;"SAO SEBASTIAO DA BELA VISTA";"Sim";"Rea��o tardia ou ineficiente do condutor";1;"Colis�o traseira";"Com V�timas Feridas";"Amanhecer";"Decrescente";"Nublado";"Dupla";"Reta";"N�o";1326349;"Caminh�o-trator";"DAF/XF105 FTS 460A/XF105 FTS 460A";2018;"Condutor";"Ileso";44;"Masculino";1;0;0;0;-22,11989;-45,76063;"SPRF-MG";"DEL16-MG";"UOP01-DEL16-MG"
742764;NA;2025-12-31;"quarta-feira";"05:30:00";"MG";381;829;"SAO SEBASTIAO DA BELA VISTA";"Sim";"Rea��o tardia ou ineficiente do condutor";1;"Colis�o traseira";"Com V�timas Feridas";"Amanhecer";"Decrescente";"Nublado";"Dupla";"Reta";"N�o";1326350;"Semireboque";"SR/FACCHINI SRF CF/FACCHINI SRF CF";2021;NA;NA;NA;NA;NA;NA;NA;NA;-22,11989;-45,76063;"SPRF-MG";"DEL16-MG";"UOP01-DEL16-MG"
742764;NA;2025-12-31;"quarta-feira";"05:30:00";"MG";381;829;"SAO SEBASTIAO DA BELA VISTA";"Sim";"Rea��o tardia ou ineficiente do condutor";1;"Colis�o traseira";"Com V�timas Feridas";"Amanhecer";"Decrescente";"Nublado";"Dupla";"Reta";"N�o";1326348;"Semireboque";"SR/RANDONSP SRFG CG/RANDONSP SRFG CG";2014;NA;NA;NA;NA;NA;NA;NA;NA;-22,11989;-45,76063;"SPRF-MG";"DEL16-MG";"UOP01-DEL16-MG"
742765;1663417;2025-12-31;"quarta-feira";"05:50:00";"MG";251;201,5;"AGUAS VERMELHAS";"N�o";"Problema na suspens�o";1;"Sa�da de leito carro��vel";"Com V�timas Feridas";"Amanhecer";"Decrescente";"Nublado";"Simples";"Reta";"N�o";1326269;"Caminhonete";"MMC/L200 TRITON SPO GL/L200 TRITON SPO GL";2021;"Passageiro";"Les�es Graves";34;"Feminino";0;0;1;0;-15,870808;-41,473634;"SPRF-MG";"DEL12-MG";"UOP02-DEL12-MG"
742765;1663416;2025-12-31;"quarta-feira";"05:50:00";"MG";251;201,5;"AGUAS VERMELHAS";"N�o";"Problema na suspens�o";1;"Sa�da de leito carro��vel";"Com V�timas Feridas";"Amanhecer";"Decrescente";"Nublado";"Simples";"Reta";"N�o";1326269;"Caminhonete";"MMC/L200 TRITON SPO GL/L200 TRITON SPO GL";2021;"Condutor";"Les�es Leves";35;"Masculino";0;1;0;0;-15,870808;-41,473634;"SPRF-MG";"DEL12-MG";"UOP02-DEL12-MG"
742765;1663417;2025-12-31;"quarta-feira";"05:50:00";"MG";251;201,5;"AGUAS VERMELHAS";"Sim";"Aus�ncia de rea��o do condutor";1;"Sa�da de leito carro��vel";"Com V�timas Feridas";"Amanhecer";"Decrescente";"Nublado";"Simples";"Reta";"N�o";1326269;"Caminhonete";"MMC/L200 TRITON SPO GL/L200 TRITON SPO GL";2021;"Passageiro";"Les�es Graves";34;"Feminino";0;0;1;0;-15,870808;-41,473634;"SPRF-MG";"DEL12-MG";"UOP02-DEL12-MG"
742765;1663416;2025-12-31;"quarta-feira";"05:50:00";"MG";251;201,5;"AGUAS VERMELHAS";"Sim";"Aus�ncia de rea��o do condutor";1;"Sa�da de leito carro��vel";"Com V�timas Feridas";"Amanhecer";"Decrescente";"Nublado";"Simples";"Reta";"N�o";1326269;"Caminhonete";"MMC/L200 TRITON SPO GL/L200 TRITON SPO GL";2021;"Condutor";"Les�es Leves";35;"Masculino";0;1;0;0;-15,870808;-41,473634;"SPRF-MG";"DEL12-MG";"UOP02-DEL12-MG"
742766;1663420;2025-12-31;"quarta-feira";"09:40:00";"SP";116;168,3;"JACAREI";"Sim";"Acessar a via sem observar a presen�a dos outros ve�culos";1;"Atropelamento de Pedestre";"Com V�timas Feridas";"Pleno dia";"Crescente";"Nublado";"Dupla";"Reta;Aclive";"N�o";1326272;"Caminh�o-trator";"SCANIA/G 420 A4X2/G 420 A4X2";2010;"Condutor";"Ileso";51;"Masculino";1;0;0;0;-23,30562039;-46,0371658;"SPRF-SP";"DEL02-SP";"UOP01-DEL02-SP"