"id";"pesid";"data_inversa";"dia_semana";"horario";"uf";"br";"km";"municipio";"causa_principal";"causa_acidente";"ordem_tipo_acidente";"tipo_acidente";"classificacao_acidente";"fase_dia";"sentido_via";"condicao_metereologica";"tipo_pista";"tracado_via";"uso_solo";"id_veiculo";"tipo_veiculo";"marca";"ano_fabricacao_veiculo";"tipo_envolvido";"estado_fisico";"idade";"sexo";"ilesos";"feridos_leves";"feridos_graves";"mortos";"latitude";"longitude";"regional";"delegacia";"uop"
742766;NA;2025-12-31;"quarta-feira";"09:40:00";"SP";116;168,3;"JACAREI";"Sim";"Acessar a via sem observar a presen�a dos outros ve�culos";1;"Atropelamento de Pedestre";"Com V�timas Feridas";"Pleno dia";"Crescente";"Nublado";"Dupla";"Reta;Aclive";"N�o";1326273;"Semireboque";"R/RANDON SR BA/RANDON SR BA";2010;NA;NA;NA;NA;NA;NA;NA;NA;-23,30562039;-46,0371658;"SPRF-SP";"DEL02-SP";"UOP01-DEL02-SP"
742766;1663421;2025-12-31;"quarta-feira";"09:40:00";"SP";116;168,3;"JACAREI";"Sim";"Acessar a via sem observar a presen�a dos outros ve�culos";1;"Atropelamento de Pedestre";"Com V�timas Feridas";"Pleno dia";"Crescente";"Nublado";"Dupla";"Reta;Aclive";"N�o";NA;NA;"NA/NA/NA";NA;"Pedestre";"Les�es Graves";33;"Masculino";0;0;1;0;-23,30562039;-46,0371658;"SPRF-SP";"DEL02-SP";"UOP01-DEL02-SP"
742767;1664465;2025-12-31;"quarta-feira";"11:25:00";"ES";NA;NA;"SERRA";"N�o";"Trafegar com motocicleta (ou similar) entre as faixas";4;"Queda de ocupante de ve�culo";"Com V�timas Feridas";"Pleno dia";"N�o Informado";"C�u Claro";"Dupla";"Reta";"Sim";1326339;"Utilit�rio";"CHEV/TRAILBLAZER LT D4A/TRAILBLAZER LT D4A";2024;"Condutor";"Ileso";31;"Masculino";1;0;0;0;-20,19367;-40,266663;"SPRF-ES";"DEL02-ES";"UOP01-DEL02-ES"
742767;1664466;2025-12-31;"quarta-feira";"11:25:00";"ES";NA;NA;"SERRA";"N�o";"Trafegar com motocicleta (ou similar) entre as faixas";4;"Queda de ocupante de ve�culo";"Com V�timas Feridas";"Pleno dia";"N�o Informado";"C�u Claro";"Dupla";"Reta";"Sim";1326339;"Utilit�rio";"CHEV/TRAILBLAZER LT D4A/TRAILBLAZER LT D4A";2024;"Passageiro";"Ileso";36;"Masculino";1;0;0;0;-20,19367;-40,266663;"SPRF-ES";"DEL02-ES";"UOP01-DEL02-ES"
742767;1663522;2025-12-31;"quarta-feira";"11:25:00";"ES";NA;NA;"SERRA";"N�o";"Trafegar com motocicleta (ou similar) entre as faixas";4;"Queda de ocupante de ve�culo";"Com V�timas Feridas";"Pleno dia";"N�o Informado";"C�u Claro";"Dupla";"Reta";"Sim";1326338;"Motocicleta";"HONDA/CBX 250 TWISTER/CBX 250 TWISTER";2006;"Condutor";"Les�es Leves";23;"Masculino";0;1;0;0;-20,19367;-40,266663;"SPRF-ES";"DEL02-ES";"UOP01-DEL02-ES"
742767;1664465;2025-12-31;"quarta-feira";"11:25:00";"ES";NA;NA;"SERRA";"N�o";"Trafegar com motocicleta (ou similar) entre as faixas";3;"Tombamento";"Com V�timas Feridas";"Pleno dia";"N�o Informado";"C�u Claro";"Dupla";"Reta";"Sim";1326339;"Utilit�rio";"CHEV/TRAILBLAZER LT D4A/TRAILBLAZER LT D4A";2024;"Condutor";"Ileso";31;"Masculino";1;0;0;0;-20,19367;-40,266663;"SPRF-ES";"DEL02-ES";"UOP01-DEL02-ES"
742767;1664466;2025-12-31;"quarta-feira";"11:25:00";"ES";NA;NA;"SERRA";"N�o";"Trafegar com motocicleta (ou similar) entre as faixas";3;"Tombamento";"Com V�timas Feridas";"Pleno dia";"N�o Informado";"C�u Claro";"Dupla";"Reta";"Sim";1326339;"Utilit�rio";"CHEV/TRAILBLAZER LT D4A/TRAILBLAZER LT D4A";2024;"Passageiro";"Ileso";36;"Masculino";1;0;0;0;-20,19367;-40,266663;"SPRF-ES";"DEL02-ES";"UOP01-DEL02-ES"
742767;1663522;2025-12-31;"quarta-feira";"11:25:00";"ES";NA;NA;"SERRA";"N�o";"Trafegar com motocicleta (ou similar) entre as faixas";3;"Tombamento";"Com V�timas Feridas";"Pleno dia";"N�o Informado";"C�u Claro";"Dupla";"Reta";"Sim";1326338;"Motocicleta";"HONDA/CBX 250 TWISTER/CBX 250 TWISTER";2006;"Condutor";"Les�es Leves";23;"Masculino";0;1;0;0;-20,19367;-40,266663;"SPRF-ES";"DEL02-ES";"UOP01-DEL02-ES"
742767;1664465;2025-12-31;"quarta-feira";"11:25:00";"ES";NA;NA;"SERRA";"N�o";"Trafegar com motocicleta (ou similar) entre as faixas";2;"Colis�o lateral mesmo sentido";"Com V�timas Feridas";"Pleno dia";"N�o Informado";"C�u Claro";"Dupla";"Reta";"Sim";1326339;"Utilit�rio";"CHEV/TRAILBLAZER LT D4A/TRAILBLAZER LT D4A";2024;"Condutor";"Ileso";31;"Masculino";1;0;0;0;-20,19367;-40,266663;"SPRF-ES";"DEL02-ES";"UOP01-DEL02-ES"
742767;1664466;2025-12-31;"quarta-feira";"11:25:00";"ES";NA;NA;"SERRA";"N�o";"Trafegar com motocicleta (ou similar) entre as faixas";2;"Colis�o lateral mesmo sentido";"Com V�timas Feridas";"Pleno dia";"N�o Informado";"C�u Claro";"Dupla";"Reta";"Sim";1326339;"Utilit�rio";"CHEV/TRAILBLAZER LT D4A/TRAILBLAZER LT D4A";2024;"Passageiro";"Ileso";36;"Masculino";1;0;0;0;-20,19367;-40,266663;"SPRF-ES";"DEL02-ES";"UOP01-DEL02-ES"
742767;1663522;2025-12-31;"quarta-feira";"11:25:00";"ES";NA;NA;"SERRA";"N�o";"Trafegar com motocicleta (ou similar) entre as faixas";2;"Colis�o lateral mesmo sentido";"Com V�timas Feridas";"Pleno dia";"N�o Informado";"C�u Claro";"Dupla";"Reta";"Sim";1326338;"Motocicleta";"HONDA/CBX 250 TWISTER/CBX 250 TWISTER";2006;"Condutor";"Les�es Leves";23;"Masculino";0;1;0;0;-20,19367;-40,266663;"SPRF-ES";"DEL02-ES";"UOP01-DEL02-ES"
742767;1664465;2025-12-31;"quarta-feira";"11:25:00";"ES";NA;NA;"SERRA";"N�o";"Trafegar com motocicleta (ou similar) entre as faixas";1;"Colis�o com objeto";"Com V�timas Feridas";"Pleno dia";"N�o Informado";"C�u Claro";"Dupla";"Reta";"Sim";1326339;"Utilit�rio";"CHEV/TRAILBLAZER LT D4A/TRAILBLAZER LT D4A";2024;"Condutor";"Ileso";31;"Masculino";1;0;0;0;-20,19367;-40,266663;"SPRF-ES";"DEL02-ES";"UOP01-DEL02-ES"
742767;1664466;2025-12-31;"quarta-feira";"11:25:00";"ES";NA;NA;"SERRA";"N�o";"Trafegar com motocicleta (ou similar) entre as faixas";1;"Colis�o com objeto";"Com V�timas Feridas";"Pleno dia";"N�o Informado";"C�u Claro";"Dupla";"Reta";"Sim";1326339;"Utilit�rio";"CHEV/TRAILBLAZER LT D4A/TRAILBLAZER LT D4A";2024;"Passageiro";"Ileso";36;"Masculino";1;0;0;0;-20,19367;-40,266663;"SPRF-ES";"DEL02-ES";"UOP01-DEL02-ES"
742767;1663522;2025-12-31;"quarta-feira";"11:25:00";"ES";NA;NA;"SERRA";"N�o";"Trafegar com motocicleta (ou similar) entre as faixas";1;"Colis�o com objeto";"Com V�timas Feridas";"Pleno dia";"N�o Informado";"C�u Claro";"Dupla";"Reta";"Sim";1326338;"Motocicleta";"HONDA/CBX 250 TWISTER/CBX 250 TWISTER";2006;"Condutor";"Les�es Leves";23;"Masculino";0;1;0;0;-20,19367;-40,266663;"SPRF-ES";"DEL02-ES";"UOP01-DEL02-ES"
742767;1664465;2025-12-31;"quarta-feira";"11:25:00";"ES";NA;NA;"SERRA";"N�o";"Manobra de mudan�a de faixa";4;"Queda de ocupante de ve�culo";"Com V�timas Feridas";"Pleno dia";"N�o Informado";"C�u Claro";"Dupla";"Reta";"Sim";1326339;"Utilit�rio";"CHEV/TRAILBLAZER LT D4A/TRAILBLAZER LT D4A";2024;"Condutor";"Ileso";31;"Masculino";1;0;0;0;-20,19367;-40,266663;"SPRF-ES";"DEL02-ES";"UOP01-DEL02-ES"
742767;1664466;2025-12-31;"quarta-feira";"11:25:00";"ES";NA;NA;"SERRA";"N�o";"Manobra de mudan�a de faixa";4;"Queda de ocupante de ve�culo";"Com V�timas Feridas";"Pleno dia";"N�o Informado";"C�u Claro";"Dupla";"Reta";"Sim";1326339;"Utilit�rio";"CHEV/TRAILBLAZER LT D4A/TRAILBLAZER LT D4A";2024;"Passageiro";"Ileso";36;"Masculino";1;0;0;0;-20,19367;-40,266663;"SPRF-ES";"DEL02-ES";"UOP01-DEL02-ES"
742767;1663522;2025-12-31;"quarta-feira";"11:25:00";"ES";NA;NA;"SERRA";"N�o";"Manobra de mudan�a de faixa";4;"Queda de ocupante de ve�culo";"Com V�timas Feridas";"Pleno dia";"N�o Informado";"C�u Claro";"Dupla";"Reta";"Sim";1326338;"Motocicleta";"HONDA/CBX 250 TWISTER/CBX 250 TWISTER";2006;"Condutor";"Les�es Leves";23;"Masculino";0;1;0;0;-20,19367;-40,266663;"SPRF-ES";"DEL02-ES";"UOP01-DEL02-ES"
742767;1664465;2025-12-31;"quarta-feira";"11:25:00";"ES";NA;NA;"SERRA";"N�o";"Manobra de mudan�a de faixa";3;"Tombamento";"Com V�timas Feridas";"Pleno dia";"N�o Informado";"C�u Claro";"Dupla";"Reta";"Sim";1326339;"Utilit�rio";"CHEV/TRAILBLAZER LT D4A/TRAILBLAZER LT D4A";2024;"Condutor";"Ileso";31;"Masculino";1;0;0;0;-20,19367;-40,266663;"SPRF-ES";"DEL02-ES";"UOP01-DEL02-ES"
742767;1664466;2025-12-31;"quarta-feira";"11:25:00";"ES";NA;NA;"SERRA";"N�o";"Manobra de mudan�a de faixa";3;"Tombamento";"Com V�timas Feridas";"Pleno dia";"N�o Informado";"C�u Claro";"Dupla";"Reta";"Sim";1326339;"Utilit�rio";"CHEV/TRAILBLAZER LT D4A/TRAILBLAZER LT D4A";2024;"Passageiro";"Ileso";36;"Masculino";1;0;0;0;-20,19367;-40,266663;"SPRF-ES";"DEL02-ES";"UOP01-DEL02-ES"
742767;1663522;2025-12-31;"quarta-feira";"11:25:00";"ES";NA;NA;"SERRA";"N�o";"Manobra de mudan�a de faixa";3;"Tombamento";"Com V�timas Feridas";"Pleno dia";"N�o Informado";"C�u Claro";"Dupla";"Reta";"Sim";1326338;"Motocicleta";"HONDA/CBX 250 TWISTER/CBX 250 TWISTER";2006;"Condutor";"Les�es Leves";23;"Masculino";0;1;0;0;-20,19367;-40,266663;"SPRF-ES";"DEL02-ES";"UOP01-DEL02-ES"
742767;1664465;2025-12-31;"quarta-feira";"11:25:00";"ES";NA;NA;"SERRA";"N�o";"Manobra de mudan�a de faixa";2;"Colis�o lateral mesmo sentido";"Com V�timas Feridas";"Pleno dia";"N�o Informado";"C�u Claro";"Dupla";"Reta";"Sim";1326339;"Utilit�rio";"CHEV/TRAILBLAZER LT D4A/TRAILBLAZER LT D4A";2024;"Condutor";"Ileso";31;"Masculino";1;0;0;0;-20,19367;-40,266663;"SPRF-ES";"DEL02-ES";"UOP01-DEL02-ES"
742767;1664466;2025-12-31;"quarta-feira";"11:25:00";"ES";NA;NA;"SERRA";"N�o";"Manobra de mudan�a de faixa";2;"Colis�o lateral mesmo sentido";"Com V�timas Feridas";"Pleno dia";"N�o Informado";"C�u Claro";"Dupla";"Reta";"Sim";1326339;"Utilit�rio";"CHEV/TRAILBLAZER LT D4A/TRAILBLAZER LT D4A";2024;"Passageiro";"Ileso";36;"Masculino";1;0;0;0;-20,19367;-40,266663;"SPRF-ES";"DEL02-ES";"UOP01-DEL02-ES"
742767;1663522;2025-12-31;"quarta-feira";"11:25:00";"ES";NA;NA;"SERRA";"N�o";"Manobra de mudan�a de faixa";2;"Colis�o lateral mesmo sentido";"Com V�timas Feridas";"Pleno dia";"N�o Informado";"C�u Claro";"Dupla";"Reta";"Sim";1326338;"Motocicleta";"HONDA/CBX 250 TWISTER/CBX 250 TWISTER";2006;"Condutor";"Les�es Leves";23;"Masculino";0;1;0;0;-20,19367;-40,266663;"SPRF-ES";"DEL02-ES";"UOP01-DEL02-ES"
742767;1664465;2025-12-31;"quarta-feira";"11:25:00";"ES";NA;NA;"SERRA";"N�o";"Manobra de mudan�a de faixa";1;"Colis�o com objeto";"Com V�timas Feridas";"Pleno dia";"N�o Informado";"C�u Claro";"Dupla";"Reta";"Sim";1326339;"Utilit�rio";"CHEV/TRAILBLAZER LT D4A/TRAILBLAZER LT D4A";2024;"Condutor";"Ileso";31;"Masculino";1;0;0;0;-20,19367;-40,266663;"SPRF-ES";"DEL02-ES";"UOP01-DEL02-ES"
742767;1664466;2025-12-31;"quarta-feira";"11:25:00";"ES";NA;NA;"SERRA";"N�o";"Manobra de mudan�a de faixa";1;"Colis�o com objeto";"Com V�timas Feridas";"Pleno dia";"N�o Informado";"C�u Claro";"Dupla";"Reta";"Sim";1326339;"Utilit�rio";"CHEV/TRAILBLAZER LT D4A/TRAILBLAZER LT D4A";2024;"Passageiro";"Ileso";36;"Masculino";1;0;0;0;-20,19367;-40,266663;"SPRF-ES";"DEL02-ES";"UOP01-DEL02-ES"
742767;1663522;2025-12-31;"quarta-feira";"11:25:00";"ES";NA;NA;"SERRA";"N�o";"Manobra de mudan�a de faixa";1;"Colis�o com objeto";"Com V�timas Feridas";"Pleno dia";"N�o Informado";"C�u Claro";"Dupla";"Reta";"Sim";1326338;"Motocicleta";"HONDA/CBX 250 TWISTER/CBX 250 TWISTER";2006;"Condutor";"Les�es Leves";23;"Masculino";0;1;0;0;-20,19367;-40,266663;"SPRF-ES";"DEL02-ES";"UOP01-DEL02-ES"
742767;1664465;2025-12-31;"quarta-feira";"11:25:00";"ES";NA;NA;"SERRA";"N�o";"Velocidade Incompat�vel";4;"Queda de ocupante de ve�culo";"Com V�timas Feridas";"Pleno dia";"N�o Informado";"C�u Claro";"Dupla";"Reta";"Sim";1326339;"Utilit�rio";"CHEV/TRAILBLAZER LT D4A/TRAILBLAZER LT D4A";2024;"Condutor";"Ileso";31;"Masculino";1;0;0;0;-20,19367;-40,266663;"SPRF-ES";"DEL02-ES";"UOP01-DEL02-ES"
742767;1664466;2025-12-31;"quarta-feira";"11:25:00";"ES";NA;NA;"SERRA";"N�o";"Velocidade Incompat�vel";4;"Queda de ocupante de ve�culo";"Com V�timas Feridas";"Pleno dia";"N�o Informado";"C�u Claro";"Dupla";"Reta";"Sim";1326339;"Utilit�rio";"CHEV/TRAILBLAZER LT D4A/TRAILBLAZER LT D4A";2024;"Passageiro";"Ileso";36;"Masculino";1;0;0;0;-20,19367;-40,266663;"SPRF-ES";"DEL02-ES";"UOP01-DEL02-ES"
742767;1663522;2025-12-31;"quarta-feira";"11:25:00";"ES";NA;NA;"SERRA";"N�o";"Velocidade Incompat�vel";4;"Queda de ocupante de ve�culo";"Com V�timas Feridas";"Pleno dia";"N�o Informado";"C�u Claro";"Dupla";"Reta";"Sim";1326338;"Motocicleta";"HONDA/CBX 250 TWISTER/CBX 250 TWISTER";2006;"Condutor";"Les�es Leves";23;"Masculino";0;1;0;0;-20,19367;-40,266663;"SPRF-ES";"DEL02-ES";"UOP01-DEL02-ES"
742767;1664465;2025-12-31;"quarta-feira";"11:25:00";"ES";NA;NA;"SERRA";"N�o";"Velocidade Incompat�vel";3;"Tombamento";"Com V�timas Feridas";"Pleno dia";"N�o Informado";"C�u Claro";"Dupla";"Reta";"Sim";1326339;"Utilit�rio";"CHEV/TRAILBLAZER LT D4A/TRAILBLAZER LT D4A";2024;"Condutor";"Ileso";31;"Masculino";1;0;0;0;-20,19367;-40,266663;"SPRF-ES";"DEL02-ES";"UOP01-DEL02-ES"
742767;1664466;2025-12-31;"quarta-feira";"11:25:00";"ES";NA;NA;"SERRA";"N�o";"Velocidade Incompat�vel";3;"Tombamento";"Com V�timas Feridas";"Pleno dia";"N�o Informado";"C�u Claro";"Dupla";"Reta";"Sim";1326339;"Utilit�rio";"CHEV/TRAILBLAZER LT D4A/TRAILBLAZER LT D4A";2024;"Passageiro";"Ileso";36;"Masculino";1;0;0;0;-20,19367;-40,266663;"SPRF-ES";"DEL02-ES";"UOP01-DEL02-ES"
742767;1663522;2025-12-31;"quarta-feira";"11:25:00";"ES";NA;NA;"SERRA";"N�o";"Velocidade Incompat�vel";3;"Tombamento";"Com V�timas Feridas";"Pleno dia";"N�o Informado";"C�u Claro";"Dupla";"Reta";"Sim";1326338;"Motocicleta";"HONDA/CBX 250 TWISTER/CBX 250 TWISTER";2006;"Condutor";"Les�es Leves";23;"Masculino";0;1;0;0;-20,19367;-40,266663;"SPRF-ES";"DEL02-ES";"UOP01-DEL02-ES"
742767;1664465;2025-12-31;"quarta-feira";"11:25:00";"ES";NA;NA;"SERRA";"N�o";"Velocidade Incompat�vel";2;"Colis�o lateral mesmo sentido";"Com V�timas Feridas";"Pleno dia";"N�o Informado";"C�u Claro";"Dupla";"Reta";"Sim";1326339;"Utilit�rio";"CHEV/TRAILBLAZER LT D4A/TRAILBLAZER LT D4A";2024;"Condutor";"Ileso";31;"Masculino";1;0;0;0;-20,19367;-40,266663;"SPRF-ES";"DEL02-ES";"UOP01-DEL02-ES"
742767;1664466;2025-12-31;"quarta-feira";"11:25:00";"ES";NA;NA;"SERRA";"N�o";"Velocidade Incompat�vel";2;"Colis�o lateral mesmo sentido";"Com V�timas Feridas";"Pleno dia";"N�o Informado";"C�u Claro";"Dupla";"Reta";"Sim";1326339;"Utilit�rio";"CHEV/TRAILBLAZER LT D4A/TRAILBLAZER LT D4A";2024;"Passageiro";"Ileso";36;"Masculino";1;0;0;0;-20,19367;-40,266663;"SPRF-ES";"DEL02-ES";"UOP01-DEL02-ES"
742767;1663522;2025-12-31;"quarta-feira";"11:25:00";"ES";NA;NA;"SERRA";"N�o";"Velocidade Incompat�vel";2;"Colis�o lateral mesmo sentido";"Com V�timas Feridas";"Pleno dia";"N�o Informado";"C�u Claro";"Dupla";"Reta";"Sim";1326338;"Motocicleta";"HONDA/CBX 250 TWISTER/CBX 250 TWISTER";2006;"Condutor";"Les�es Leves";23;"Masculino";0;1;0;0;-20,19367;-40,266663;"SPRF-ES";"DEL02-ES";"UOP01-DEL02-ES"
742767;1664465;2025-12-31;"quarta-feira";"11:25:00";"ES";NA;NA;"SERRA";"N�o";"Velocidade Incompat�vel";1;"Colis�o com objeto";"Com V�timas Feridas";"Pleno dia";"N�o Informado";"C�u Claro";"Dupla";"Reta";"Sim";1326339;"Utilit�rio";"CHEV/TRAILBLAZER LT D4A/TRAILBLAZER LT D4A";2024;"Condutor";"Ileso";31;"Masculino";1;0;0;0;-20,19367;-40,266663;"SPRF-ES";"DEL02-ES";"UOP01-DEL02-ES"
742767;1664466;2025-12-31;"quarta-feira";"11:25:00";"ES";NA;NA;"SERRA";"N�o";"Velocidade Incompat�vel";1;"Colis�o com objeto";"Com V�timas Feridas";"Pleno dia";"N�o Informado";"C�u Claro";"Dupla";"Reta";"Sim";1326339;"Utilit�rio";"CHEV/TRAILBLAZER LT D4A/TRAILBLAZER LT D4A";2024;"Passageiro";"Ileso";36;"Masculino";1;0;0;0;-20,19367;-40,266663;"SPRF-ES";"DEL02-ES";"UOP01-DEL02-ES"
742767;1663522;2025-12-31;"quarta-feira";"11:25:00";"ES";NA;NA;"SERRA";"N�o";"Velocidade Incompat�vel";1;"Colis�o com objeto";"Com V�timas Feridas";"Pleno dia";"N�o Informado";"C�u Claro";"Dupla";"Reta";"Sim";1326338;"Motocicleta";"HONDA/CBX 250 TWISTER/CBX 250 TWISTER";2006;"Condutor";"Les�es Leves";23;"Masculino";0;1;0;0;-20,19367;-40,266663;"SPRF-ES";"DEL02-ES";"UOP01-DEL02-ES"
742767;1664465;2025-12-31;"quarta-feira";"11:25:00";"ES";NA;NA;"SERRA";"Sim";"Rea��o tardia ou ineficiente do condutor";4;"Queda de ocupante de ve�culo";"Com V�timas Feridas";"Pleno dia";"N�o Informado";"C�u Claro";"Dupla";"Reta";"Sim";1326339;"Utilit�rio";"CHEV/TRAILBLAZER LT D4A/TRAILBLAZER LT D4A";2024;"Condutor";"Ileso";31;"Masculino";1;0;0;0;-20,19367;-40,266663;"SPRF-ES";"DEL02-ES";"UOP01-DEL02-ES"
742767;1664466;2025-12-31;"quarta-feira";"11:25:00";"ES";NA;NA;"SERRA";"Sim";"Rea��o tardia ou ineficiente do condutor";4;"Queda de ocupante de ve�culo";"Com V�timas Feridas";"Pleno dia";"N�o Informado";"C�u Claro";"Dupla";"Reta";"Sim";1326339;"Utilit�rio";"CHEV/TRAILBLAZER LT D4A/TRAILBLAZER LT D4A";2024;"Passageiro";"Ileso";36;"Masculino";1;0;0;0;-20,19367;-40,266663;"SPRF-ES";"DEL02-ES";"UOP01-DEL02-ES"
742767;1663522;2025-12-31;"quarta-feira";"11:25:00";"ES";NA;NA;"SERRA";"Sim";"Rea��o tardia ou ineficiente do condutor";4;"Queda de ocupante de ve�culo";"Com V�timas Feridas";"Pleno dia";"N�o Informado";"C�u Claro";"Dupla";"Reta";"Sim";1326338;"Motocicleta";"HONDA/CBX 250 TWISTER/CBX 250 TWISTER";2006;"Condutor";"Les�es Leves";23;"Masculino";0;1;0;0;-20,19367;-40,266663;"SPRF-ES";"DEL02-ES";"UOP01-DEL02-ES"
742767;1664465;2025-12-31;"quarta-feira";"11:25:00";"ES";NA;NA;"SERRA";"Sim";"Rea��o tardia ou ineficiente do condutor";3;"Tombamento";"Com V�timas Feridas";"Pleno dia";"N�o Informado";"C�u Claro";"Dupla";"Reta";"Sim";1326339;"Utilit�rio";"CHEV/TRAILBLAZER LT D4A/TRAILBLAZER LT D4A";2024;"Condutor";"Ileso";31;"Masculino";1;0;0;0;-20,19367;-40,266663;"SPRF-ES";"DEL02-ES";"UOP01-DEL02-ES"
742767;1664466;2025-12-31;"quarta-feira";"11:25:00";"ES";NA;NA;"SERRA";"Sim";"Rea��o tardia ou ineficiente do condutor";3;"Tombamento";"Com V�timas Feridas";"Pleno dia";"N�o Informado";"C�u Claro";"Dupla";"Reta";"Sim";1326339;"Utilit�rio";"CHEV/TRAILBLAZER LT D4A/TRAILBLAZER LT D4A";2024;"Passageiro";"Ileso";36;"Masculino";1;0;0;0;-20,19367;-40,266663;"SPRF-ES";"DEL02-ES";"UOP01-DEL02-ES"
742767;1663522;2025-12-31;"quarta-feira";"11:25:00";"ES";NA;NA;"SERRA";"Sim";"Rea��o tardia ou ineficiente do condutor";3;"Tombamento";"Com V�timas Feridas";"Pleno dia";"N�o Informado";"C�u Claro";"Dupla";"Reta";"Sim";1326338;"Motocicleta";"HONDA/CBX 250 TWISTER/CBX 250 TWISTER";2006;"Condutor";"Les�es Leves";23;"Masculino";0;1;0;0;-20,19367;-40,266663;"SPRF-ES";"DEL02-ES";"UOP01-DEL02-ES"
742767;1664465;2025-12-31;"quarta-feira";"11:25:00";"ES";NA;NA;"SERRA";"Sim";"Rea��o tardia ou ineficiente do condutor";2;"Colis�o lateral mesmo sentido";"Com V�timas Feridas";"Pleno dia";"N�o Informado";"C�u Claro";"Dupla";"Reta";"Sim";1326339;"Utilit�rio";"CHEV/TRAILBLAZER LT D4A/TRAILBLAZER LT D4A";2024;"Condutor";"Ileso";31;"Masculino";1;0;0;0;-20,19367;-40,266663;"SPRF-ES";"DEL02-ES";"UOP01-DEL02-ES"
742767;1664466;2025-12-31;"quarta-feira";"11:25:00";"ES";NA;NA;"SERRA";"Sim";"Rea��o tardia ou ineficiente do condutor";2;"Colis�o lateral mesmo sentido";"Com V�timas Feridas";"Pleno dia";"N�o Informado";"C�u Claro";"Dupla";"Reta";"Sim";1326339;"Utilit�rio";"CHEV/TRAILBLAZER LT D4A/TRAILBLAZER LT D4A";2024;"Passageiro";"Ileso";36;"Masculino";1;0;0;0;-20,19367;-40,266663;"SPRF-ES";"DEL02-ES";"UOP01-DEL02-ES"
742767;1663522;2025-12-31;"quarta-feira";"11:25:00";"ES";NA;NA;"SERRA";"Sim";"Rea��o tardia ou ineficiente do condutor";2;"Colis�o lateral mesmo sentido";"Com V�timas Feridas";"Pleno dia";"N�o Informado";"C�u Claro";"Dupla";"Reta";"Sim";1326338;"Motocicleta";"HONDA/CBX 250 TWISTER/CBX 250 TWISTER";2006;"Condutor";"Les�es Leves";23;"Masculino";0;1;0;0;-20,19367;-40,266663;"SPRF-ES";"DEL02-ES";"UOP01-DEL02-ES"
742767;1664465;2025-12-31;"quarta-feira";"11:25:00";"ES";NA;NA;"SERRA";"Sim";"Rea��o tardia ou ineficiente do condutor";1;"Colis�o com objeto";"Com V�timas Feridas";"Pleno dia";"N�o Informado";"C�u Claro";"Dupla";"Reta";"Sim";1326339;"Utilit�rio";"CHEV/TRAILBLAZER LT D4A/TRAILBLAZER LT D4A";2024;"Condutor";"Ileso";31;"Masculino";1;0;0;0;-20,19367;-40,266663;"SPRF-ES";"DEL02-ES";"UOP01-DEL02-ES"
742767;1664466;2025-12-31;"quarta-feira";"11:25:00";"ES";NA;NA;"SERRA";"Sim";"Rea��o tardia ou ineficiente do condutor";1;"Colis�o com objeto";"Com V�timas Feridas";"Pleno dia";"N�o Informado";"C�u Claro";"Dupla";"Reta";"Sim";1326339;"Utilit�rio";"CHEV/TRAILBLAZER LT D4A/TRAILBLAZER LT D4A";2024;"Passageiro";"Ileso";36;"Masculino";1;0;0;0;-20,19367;-40,266663;"SPRF-ES";"DEL02-ES";"UOP01-DEL02-ES"
742767;1663522;2025-12-31;"quarta-feira";"11:25:00";"ES";NA;NA;"SERRA";"Sim";"Rea��o tardia ou ineficiente do condutor";1;"Colis�o com objeto";"Com V�timas Feridas";"Pleno dia";"N�o Informado";"C�u Claro";"Dupla";"Reta";"Sim";1326338;"Motocicleta";"HONDA/CBX 250 TWISTER/CBX 250 TWISTER";2006;"Condutor";"Les�es Leves";23;"Masculino";0;1;0;0;-20,19367;-40,266663;"SPRF-ES";"DEL02-ES";"UOP01-DEL02-ES"
742768;1663705;2025-12-31;"quarta-feira";"07:40:00";"MA";135;13;"SAO LUIS";"N�o";"Frear bruscamente";3;"Queda de ocupante de ve�culo";"Com V�timas Feridas";"Pleno dia";"Decrescente";"C�u Claro";"Dupla";"Declive";"Sim";1326443;"�nibus";"N�o Informado/N�o Informado/N�o Informado";0;"Condutor";"N�o Informado";NA;"N�o Informado";0;0;0;0;-2,68682;-44,29879;"SPRF-MA";"DEL01-MA";"UOP01-DEL01-MA"
742768;1663409;2025-12-31;"quarta-feira";"07:40:00";"MA";135;13;"SAO LUIS";"N�o";"Frear bruscamente";3;"Queda de ocupante de ve�culo";"Com V�timas Feridas";"Pleno dia";"Decrescente";"C�u Claro";"Dupla";"Declive";"Sim";1326262;"Motoneta";"HONDA/PCX 150/PCX 150";2019;"Condutor";"Les�es Leves";40;"Masculino";0;1;0;0;-2,68682;-44,29879;"SPRF-MA";"DEL01-MA";"UOP01-DEL01-MA"
742768;1663705;2025-12-31;"quarta-feira";"07:40:00";"MA";135;13;"SAO LUIS";"N�o";"Frear bruscamente";2;"Tombamento";"Com V�timas Feridas";"Pleno dia";"Decrescente";"C�u Claro";"Dupla";"Declive";"Sim";1326443;"�nibus";"N�o Informado/N�o Informado/N�o Informado";0;"Condutor";"N�o Informado";NA;"N�o Informado";0;0;0;0;-2,68682;-44,29879;"SPRF-MA";"DEL01-MA";"UOP01-DEL01-MA"
742768;1663409;2025-12-31;"quarta-feira";"07:40:00";"MA";135;13;"SAO LUIS";"N�o";"Frear bruscamente";2;"Tombamento";"Com V�timas Feridas";"Pleno dia";"Decrescente";"C�u Claro";"Dupla";"Declive";"Sim";1326262;"Motoneta";"HONDA/PCX 150/PCX 150";2019;"Condutor";"Les�es Leves";40;"Masculino";0;1;0;0;-2,68682;-44,29879;"SPRF-MA";"DEL01-MA";"UOP01-DEL01-MA"