"id";"pesid";"data_inversa";"dia_semana";"horario";"uf";"br";"km";"municipio";"causa_principal";"causa_acidente";"ordem_tipo_acidente";"tipo_acidente";"classificacao_acidente";"fase_dia";"sentido_via";"condicao_metereologica";"tipo_pista";"tracado_via";"uso_solo";"id_veiculo";"tipo_veiculo";"marca";"ano_fabricacao_veiculo";"tipo_envolvido";"estado_fisico";"idade";"sexo";"ilesos";"feridos_leves";"feridos_graves";"mortos";"latitude";"longitude";"regional";"delegacia";"uop"
742768;1663705;2025-12-31;"quarta-feira";"07:40:00";"MA";135;13;"SAO LUIS";"N�o";"Frear bruscamente";1;"Colis�o lateral mesmo sentido";"Com V�timas Feridas";"Pleno dia";"Decrescente";"C�u Claro";"Dupla";"Declive";"Sim";1326443;"�nibus";"N�o Informado/N�o Informado/N�o Informado";0;"Condutor";"N�o Informado";NA;"N�o Informado";0;0;0;0;-2,68682;-44,29879;"SPRF-MA";"DEL01-MA";"UOP01-DEL01-MA"
742768;1663409;2025-12-31;"quarta-feira";"07:40:00";"MA";135;13;"SAO LUIS";"N�o";"Frear bruscamente";1;"Colis�o lateral mesmo sentido";"Com V�timas Feridas";"Pleno dia";"Decrescente";"C�u Claro";"Dupla";"Declive";"Sim";1326262;"Motoneta";"HONDA/PCX 150/PCX 150";2019;"Condutor";"Les�es Leves";40;"Masculino";0;1;0;0;-2,68682;-44,29879;"SPRF-MA";"DEL01-MA";"UOP01-DEL01-MA"
742768;1663705;2025-12-31;"quarta-feira";"07:40:00";"MA";135;13;"SAO LUIS";"Sim";"Manobra de mudan�a de faixa";3;"Queda de ocupante de ve�culo";"Com V�timas Feridas";"Pleno dia";"Decrescente";"C�u Claro";"Dupla";"Declive";"Sim";1326443;"�nibus";"N�o Informado/N�o Informado/N�o Informado";0;"Condutor";"N�o Informado";NA;"N�o Informado";0;0;0;0;-2,68682;-44,29879;"SPRF-MA";"DEL01-MA";"UOP01-DEL01-MA"
742768;1663409;2025-12-31;"quarta-feira";"07:40:00";"MA";135;13;"SAO LUIS";"Sim";"Manobra de mudan�a de faixa";3;"Queda de ocupante de ve�culo";"Com V�timas Feridas";"Pleno dia";"Decrescente";"C�u Claro";"Dupla";"Declive";"Sim";1326262;"Motoneta";"HONDA/PCX 150/PCX 150";2019;"Condutor";"Les�es Leves";40;"Masculino";0;1;0;0;-2,68682;-44,29879;"SPRF-MA";"DEL01-MA";"UOP01-DEL01-MA"
742768;1663705;2025-12-31;"quarta-feira";"07:40:00";"MA";135;13;"SAO LUIS";"Sim";"Manobra de mudan�a de faixa";2;"Tombamento";"Com V�timas Feridas";"Pleno dia";"Decrescente";"C�u Claro";"Dupla";"Declive";"Sim";1326443;"�nibus";"N�o Informado/N�o Informado/N�o Informado";0;"Condutor";"N�o Informado";NA;"N�o Informado";0;0;0;0;-2,68682;-44,29879;"SPRF-MA";"DEL01-MA";"UOP01-DEL01-MA"
742768;1663409;2025-12-31;"quarta-feira";"07:40:00";"MA";135;13;"SAO LUIS";"Sim";"Manobra de mudan�a de faixa";2;"Tombamento";"Com V�timas Feridas";"Pleno dia";"Decrescente";"C�u Claro";"Dupla";"Declive";"Sim";1326262;"Motoneta";"HONDA/PCX 150/PCX 150";2019;"Condutor";"Les�es Leves";40;"Masculino";0;1;0;0;-2,68682;-44,29879;"SPRF-MA";"DEL01-MA";"UOP01-DEL01-MA"
742768;1663705;2025-12-31;"quarta-feira";"07:40:00";"MA";135;13;"SAO LUIS";"Sim";"Manobra de mudan�a de faixa";1;"Colis�o lateral mesmo sentido";"Com V�timas Feridas";"Pleno dia";"Decrescente";"C�u Claro";"Dupla";"Declive";"Sim";1326443;"�nibus";"N�o Informado/N�o Informado/N�o Informado";0;"Condutor";"N�o Informado";NA;"N�o Informado";0;0;0;0;-2,68682;-44,29879;"SPRF-MA";"DEL01-MA";"UOP01-DEL01-MA"
742768;1663409;2025-12-31;"quarta-feira";"07:40:00";"MA";135;13;"SAO LUIS";"Sim";"Manobra de mudan�a de faixa";1;"Colis�o lateral mesmo sentido";"Com V�timas Feridas";"Pleno dia";"Decrescente";"C�u Claro";"Dupla";"Declive";"Sim";1326262;"Motoneta";"HONDA/PCX 150/PCX 150";2019;"Condutor";"Les�es Leves";40;"Masculino";0;1;0;0;-2,68682;-44,29879;"SPRF-MA";"DEL01-MA";"UOP01-DEL01-MA"
742769;1663455;2025-12-31;"quarta-feira";"11:30:00";"PE";232;51;"VITORIA DE SANTO ANTAO";"N�o";"Demais falhas na via";4;"Colis�o traseira";"Com V�timas Feridas";"Pleno dia";"Crescente";"C�u Claro";"Dupla";"Reta";"N�o";1326295;"Utilit�rio";"I/MMC OUTLANDER 2.2 D/MMC OUTLANDER 2.2 D";2016;"Condutor";"Ileso";37;"Feminino";1;0;0;0;-8,137602;-35,333387;"SPRF-PE";"DEL02-PE";"UOP02-DEL02PE"
742769;1663453;2025-12-31;"quarta-feira";"11:30:00";"PE";232;51;"VITORIA DE SANTO ANTAO";"N�o";"Demais falhas na via";4;"Colis�o traseira";"Com V�timas Feridas";"Pleno dia";"Crescente";"C�u Claro";"Dupla";"Reta";"N�o";1326294;"Motocicleta";"HONDA/NXR150 BROS ESD/NXR150 BROS ESD";2013;"Condutor";"Les�es Leves";40;"Masculino";0;1;0;0;-8,137602;-35,333387;"SPRF-PE";"DEL02-PE";"UOP02-DEL02PE"
742769;1663452;2025-12-31;"quarta-feira";"11:30:00";"PE";232;51;"VITORIA DE SANTO ANTAO";"N�o";"Demais falhas na via";4;"Colis�o traseira";"Com V�timas Feridas";"Pleno dia";"Crescente";"C�u Claro";"Dupla";"Reta";"N�o";1326293;"Autom�vel";"VW/GOL 1.0L MC4/GOL 1.0L MC4";2019;"Condutor";"Ileso";32;"Masculino";1;0;0;0;-8,137602;-35,333387;"SPRF-PE";"DEL02-PE";"UOP02-DEL02PE"
742769;1663457;2025-12-31;"quarta-feira";"11:30:00";"PE";232;51;"VITORIA DE SANTO ANTAO";"N�o";"Demais falhas na via";4;"Colis�o traseira";"Com V�timas Feridas";"Pleno dia";"Crescente";"C�u Claro";"Dupla";"Reta";"N�o";1326293;"Autom�vel";"VW/GOL 1.0L MC4/GOL 1.0L MC4";2019;"Passageiro";"Ileso";32;"Feminino";1;0;0;0;-8,137602;-35,333387;"SPRF-PE";"DEL02-PE";"UOP02-DEL02PE"
742769;1663455;2025-12-31;"quarta-feira";"11:30:00";"PE";232;51;"VITORIA DE SANTO ANTAO";"N�o";"Demais falhas na via";3;"Queda de ocupante de ve�culo";"Com V�timas Feridas";"Pleno dia";"Crescente";"C�u Claro";"Dupla";"Reta";"N�o";1326295;"Utilit�rio";"I/MMC OUTLANDER 2.2 D/MMC OUTLANDER 2.2 D";2016;"Condutor";"Ileso";37;"Feminino";1;0;0;0;-8,137602;-35,333387;"SPRF-PE";"DEL02-PE";"UOP02-DEL02PE"
742769;1663453;2025-12-31;"quarta-feira";"11:30:00";"PE";232;51;"VITORIA DE SANTO ANTAO";"N�o";"Demais falhas na via";3;"Queda de ocupante de ve�culo";"Com V�timas Feridas";"Pleno dia";"Crescente";"C�u Claro";"Dupla";"Reta";"N�o";1326294;"Motocicleta";"HONDA/NXR150 BROS ESD/NXR150 BROS ESD";2013;"Condutor";"Les�es Leves";40;"Masculino";0;1;0;0;-8,137602;-35,333387;"SPRF-PE";"DEL02-PE";"UOP02-DEL02PE"
742769;1663452;2025-12-31;"quarta-feira";"11:30:00";"PE";232;51;"VITORIA DE SANTO ANTAO";"N�o";"Demais falhas na via";3;"Queda de ocupante de ve�culo";"Com V�timas Feridas";"Pleno dia";"Crescente";"C�u Claro";"Dupla";"Reta";"N�o";1326293;"Autom�vel";"VW/GOL 1.0L MC4/GOL 1.0L MC4";2019;"Condutor";"Ileso";32;"Masculino";1;0;0;0;-8,137602;-35,333387;"SPRF-PE";"DEL02-PE";"UOP02-DEL02PE"
742769;1663457;2025-12-31;"quarta-feira";"11:30:00";"PE";232;51;"VITORIA DE SANTO ANTAO";"N�o";"Demais falhas na via";3;"Queda de ocupante de ve�culo";"Com V�timas Feridas";"Pleno dia";"Crescente";"C�u Claro";"Dupla";"Reta";"N�o";1326293;"Autom�vel";"VW/GOL 1.0L MC4/GOL 1.0L MC4";2019;"Passageiro";"Ileso";32;"Feminino";1;0;0;0;-8,137602;-35,333387;"SPRF-PE";"DEL02-PE";"UOP02-DEL02PE"
742769;1663455;2025-12-31;"quarta-feira";"11:30:00";"PE";232;51;"VITORIA DE SANTO ANTAO";"N�o";"Demais falhas na via";2;"Tombamento";"Com V�timas Feridas";"Pleno dia";"Crescente";"C�u Claro";"Dupla";"Reta";"N�o";1326295;"Utilit�rio";"I/MMC OUTLANDER 2.2 D/MMC OUTLANDER 2.2 D";2016;"Condutor";"Ileso";37;"Feminino";1;0;0;0;-8,137602;-35,333387;"SPRF-PE";"DEL02-PE";"UOP02-DEL02PE"
742769;1663453;2025-12-31;"quarta-feira";"11:30:00";"PE";232;51;"VITORIA DE SANTO ANTAO";"N�o";"Demais falhas na via";2;"Tombamento";"Com V�timas Feridas";"Pleno dia";"Crescente";"C�u Claro";"Dupla";"Reta";"N�o";1326294;"Motocicleta";"HONDA/NXR150 BROS ESD/NXR150 BROS ESD";2013;"Condutor";"Les�es Leves";40;"Masculino";0;1;0;0;-8,137602;-35,333387;"SPRF-PE";"DEL02-PE";"UOP02-DEL02PE"
742769;1663452;2025-12-31;"quarta-feira";"11:30:00";"PE";232;51;"VITORIA DE SANTO ANTAO";"N�o";"Demais falhas na via";2;"Tombamento";"Com V�timas Feridas";"Pleno dia";"Crescente";"C�u Claro";"Dupla";"Reta";"N�o";1326293;"Autom�vel";"VW/GOL 1.0L MC4/GOL 1.0L MC4";2019;"Condutor";"Ileso";32;"Masculino";1;0;0;0;-8,137602;-35,333387;"SPRF-PE";"DEL02-PE";"UOP02-DEL02PE"
742769;1663457;2025-12-31;"quarta-feira";"11:30:00";"PE";232;51;"VITORIA DE SANTO ANTAO";"N�o";"Demais falhas na via";2;"Tombamento";"Com V�timas Feridas";"Pleno dia";"Crescente";"C�u Claro";"Dupla";"Reta";"N�o";1326293;"Autom�vel";"VW/GOL 1.0L MC4/GOL 1.0L MC4";2019;"Passageiro";"Ileso";32;"Feminino";1;0;0;0;-8,137602;-35,333387;"SPRF-PE";"DEL02-PE";"UOP02-DEL02PE"
742769;1663455;2025-12-31;"quarta-feira";"11:30:00";"PE";232;51;"VITORIA DE SANTO ANTAO";"N�o";"Demais falhas na via";1;"Colis�o lateral mesmo sentido";"Com V�timas Feridas";"Pleno dia";"Crescente";"C�u Claro";"Dupla";"Reta";"N�o";1326295;"Utilit�rio";"I/MMC OUTLANDER 2.2 D/MMC OUTLANDER 2.2 D";2016;"Condutor";"Ileso";37;"Feminino";1;0;0;0;-8,137602;-35,333387;"SPRF-PE";"DEL02-PE";"UOP02-DEL02PE"
742769;1663453;2025-12-31;"quarta-feira";"11:30:00";"PE";232;51;"VITORIA DE SANTO ANTAO";"N�o";"Demais falhas na via";1;"Colis�o lateral mesmo sentido";"Com V�timas Feridas";"Pleno dia";"Crescente";"C�u Claro";"Dupla";"Reta";"N�o";1326294;"Motocicleta";"HONDA/NXR150 BROS ESD/NXR150 BROS ESD";2013;"Condutor";"Les�es Leves";40;"Masculino";0;1;0;0;-8,137602;-35,333387;"SPRF-PE";"DEL02-PE";"UOP02-DEL02PE"
742769;1663452;2025-12-31;"quarta-feira";"11:30:00";"PE";232;51;"VITORIA DE SANTO ANTAO";"N�o";"Demais falhas na via";1;"Colis�o lateral mesmo sentido";"Com V�timas Feridas";"Pleno dia";"Crescente";"C�u Claro";"Dupla";"Reta";"N�o";1326293;"Autom�vel";"VW/GOL 1.0L MC4/GOL 1.0L MC4";2019;"Condutor";"Ileso";32;"Masculino";1;0;0;0;-8,137602;-35,333387;"SPRF-PE";"DEL02-PE";"UOP02-DEL02PE"
742769;1663457;2025-12-31;"quarta-feira";"11:30:00";"PE";232;51;"VITORIA DE SANTO ANTAO";"N�o";"Demais falhas na via";1;"Colis�o lateral mesmo sentido";"Com V�timas Feridas";"Pleno dia";"Crescente";"C�u Claro";"Dupla";"Reta";"N�o";1326293;"Autom�vel";"VW/GOL 1.0L MC4/GOL 1.0L MC4";2019;"Passageiro";"Ileso";32;"Feminino";1;0;0;0;-8,137602;-35,333387;"SPRF-PE";"DEL02-PE";"UOP02-DEL02PE"
742769;1663455;2025-12-31;"quarta-feira";"11:30:00";"PE";232;51;"VITORIA DE SANTO ANTAO";"N�o";"Aus�ncia de rea��o do condutor";4;"Colis�o traseira";"Com V�timas Feridas";"Pleno dia";"Crescente";"C�u Claro";"Dupla";"Reta";"N�o";1326295;"Utilit�rio";"I/MMC OUTLANDER 2.2 D/MMC OUTLANDER 2.2 D";2016;"Condutor";"Ileso";37;"Feminino";1;0;0;0;-8,137602;-35,333387;"SPRF-PE";"DEL02-PE";"UOP02-DEL02PE"
742769;1663453;2025-12-31;"quarta-feira";"11:30:00";"PE";232;51;"VITORIA DE SANTO ANTAO";"N�o";"Aus�ncia de rea��o do condutor";4;"Colis�o traseira";"Com V�timas Feridas";"Pleno dia";"Crescente";"C�u Claro";"Dupla";"Reta";"N�o";1326294;"Motocicleta";"HONDA/NXR150 BROS ESD/NXR150 BROS ESD";2013;"Condutor";"Les�es Leves";40;"Masculino";0;1;0;0;-8,137602;-35,333387;"SPRF-PE";"DEL02-PE";"UOP02-DEL02PE"
742769;1663452;2025-12-31;"quarta-feira";"11:30:00";"PE";232;51;"VITORIA DE SANTO ANTAO";"N�o";"Aus�ncia de rea��o do condutor";4;"Colis�o traseira";"Com V�timas Feridas";"Pleno dia";"Crescente";"C�u Claro";"Dupla";"Reta";"N�o";1326293;"Autom�vel";"VW/GOL 1.0L MC4/GOL 1.0L MC4";2019;"Condutor";"Ileso";32;"Masculino";1;0;0;0;-8,137602;-35,333387;"SPRF-PE";"DEL02-PE";"UOP02-DEL02PE"
742769;1663457;2025-12-31;"quarta-feira";"11:30:00";"PE";232;51;"VITORIA DE SANTO ANTAO";"N�o";"Aus�ncia de rea��o do condutor";4;"Colis�o traseira";"Com V�timas Feridas";"Pleno dia";"Crescente";"C�u Claro";"Dupla";"Reta";"N�o";1326293;"Autom�vel";"VW/GOL 1.0L MC4/GOL 1.0L MC4";2019;"Passageiro";"Ileso";32;"Feminino";1;0;0;0;-8,137602;-35,333387;"SPRF-PE";"DEL02-PE";"UOP02-DEL02PE"
742769;1663455;2025-12-31;"quarta-feira";"11:30:00";"PE";232;51;"VITORIA DE SANTO ANTAO";"N�o";"Aus�ncia de rea��o do condutor";3;"Queda de ocupante de ve�culo";"Com V�timas Feridas";"Pleno dia";"Crescente";"C�u Claro";"Dupla";"Reta";"N�o";1326295;"Utilit�rio";"I/MMC OUTLANDER 2.2 D/MMC OUTLANDER 2.2 D";2016;"Condutor";"Ileso";37;"Feminino";1;0;0;0;-8,137602;-35,333387;"SPRF-PE";"DEL02-PE";"UOP02-DEL02PE"
742769;1663453;2025-12-31;"quarta-feira";"11:30:00";"PE";232;51;"VITORIA DE SANTO ANTAO";"N�o";"Aus�ncia de rea��o do condutor";3;"Queda de ocupante de ve�culo";"Com V�timas Feridas";"Pleno dia";"Crescente";"C�u Claro";"Dupla";"Reta";"N�o";1326294;"Motocicleta";"HONDA/NXR150 BROS ESD/NXR150 BROS ESD";2013;"Condutor";"Les�es Leves";40;"Masculino";0;1;0;0;-8,137602;-35,333387;"SPRF-PE";"DEL02-PE";"UOP02-DEL02PE"
742769;1663452;2025-12-31;"quarta-feira";"11:30:00";"PE";232;51;"VITORIA DE SANTO ANTAO";"N�o";"Aus�ncia de rea��o do condutor";3;"Queda de ocupante de ve�culo";"Com V�timas Feridas";"Pleno dia";"Crescente";"C�u Claro";"Dupla";"Reta";"N�o";1326293;"Autom�vel";"VW/GOL 1.0L MC4/GOL 1.0L MC4";2019;"Condutor";"Ileso";32;"Masculino";1;0;0;0;-8,137602;-35,333387;"SPRF-PE";"DEL02-PE";"UOP02-DEL02PE"
742769;1663457;2025-12-31;"quarta-feira";"11:30:00";"PE";232;51;"VITORIA DE SANTO ANTAO";"N�o";"Aus�ncia de rea��o do condutor";3;"Queda de ocupante de ve�culo";"Com V�timas Feridas";"Pleno dia";"Crescente";"C�u Claro";"Dupla";"Reta";"N�o";1326293;"Autom�vel";"VW/GOL 1.0L MC4/GOL 1.0L MC4";2019;"Passageiro";"Ileso";32;"Feminino";1;0;0;0;-8,137602;-35,333387;"SPRF-PE";"DEL02-PE";"UOP02-DEL02PE"
742769;1663455;2025-12-31;"quarta-feira";"11:30:00";"PE";232;51;"VITORIA DE SANTO ANTAO";"N�o";"Aus�ncia de rea��o do condutor";2;"Tombamento";"Com V�timas Feridas";"Pleno dia";"Crescente";"C�u Claro";"Dupla";"Reta";"N�o";1326295;"Utilit�rio";"I/MMC OUTLANDER 2.2 D/MMC OUTLANDER 2.2 D";2016;"Condutor";"Ileso";37;"Feminino";1;0;0;0;-8,137602;-35,333387;"SPRF-PE";"DEL02-PE";"UOP02-DEL02PE"
742769;1663453;2025-12-31;"quarta-feira";"11:30:00";"PE";232;51;"VITORIA DE SANTO ANTAO";"N�o";"Aus�ncia de rea��o do condutor";2;"Tombamento";"Com V�timas Feridas";"Pleno dia";"Crescente";"C�u Claro";"Dupla";"Reta";"N�o";1326294;"Motocicleta";"HONDA/NXR150 BROS ESD/NXR150 BROS ESD";2013;"Condutor";"Les�es Leves";40;"Masculino";0;1;0;0;-8,137602;-35,333387;"SPRF-PE";"DEL02-PE";"UOP02-DEL02PE"
742769;1663452;2025-12-31;"quarta-feira";"11:30:00";"PE";232;51;"VITORIA DE SANTO ANTAO";"N�o";"Aus�ncia de rea��o do condutor";2;"Tombamento";"Com V�timas Feridas";"Pleno dia";"Crescente";"C�u Claro";"Dupla";"Reta";"N�o";1326293;"Autom�vel";"VW/GOL 1.0L MC4/GOL 1.0L MC4";2019;"Condutor";"Ileso";32;"Masculino";1;0;0;0;-8,137602;-35,333387;"SPRF-PE";"DEL02-PE";"UOP02-DEL02PE"
742769;1663457;2025-12-31;"quarta-feira";"11:30:00";"PE";232;51;"VITORIA DE SANTO ANTAO";"N�o";"Aus�ncia de rea��o do condutor";2;"Tombamento";"Com V�timas Feridas";"Pleno dia";"Crescente";"C�u Claro";"Dupla";"Reta";"N�o";1326293;"Autom�vel";"VW/GOL 1.0L MC4/GOL 1.0L MC4";2019;"Passageiro";"Ileso";32;"Feminino";1;0;0;0;-8,137602;-35,333387;"SPRF-PE";"DEL02-PE";"UOP02-DEL02PE"
742769;1663455;2025-12-31;"quarta-feira";"11:30:00";"PE";232;51;"VITORIA DE SANTO ANTAO";"N�o";"Aus�ncia de rea��o do condutor";1;"Colis�o lateral mesmo sentido";"Com V�timas Feridas";"Pleno dia";"Crescente";"C�u Claro";"Dupla";"Reta";"N�o";1326295;"Utilit�rio";"I/MMC OUTLANDER 2.2 D/MMC OUTLANDER 2.2 D";2016;"Condutor";"Ileso";37;"Feminino";1;0;0;0;-8,137602;-35,333387;"SPRF-PE";"DEL02-PE";"UOP02-DEL02PE"
742769;1663453;2025-12-31;"quarta-feira";"11:30:00";"PE";232;51;"VITORIA DE SANTO ANTAO";"N�o";"Aus�ncia de rea��o do condutor";1;"Colis�o lateral mesmo sentido";"Com V�timas Feridas";"Pleno dia";"Crescente";"C�u Claro";"Dupla";"Reta";"N�o";1326294;"Motocicleta";"HONDA/NXR150 BROS ESD/NXR150 BROS ESD";2013;"Condutor";"Les�es Leves";40;"Masculino";0;1;0;0;-8,137602;-35,333387;"SPRF-PE";"DEL02-PE";"UOP02-DEL02PE"
742769;1663452;2025-12-31;"quarta-feira";"11:30:00";"PE";232;51;"VITORIA DE SANTO ANTAO";"N�o";"Aus�ncia de rea��o do condutor";1;"Colis�o lateral mesmo sentido";"Com V�timas Feridas";"Pleno dia";"Crescente";"C�u Claro";"Dupla";"Reta";"N�o";1326293;"Autom�vel";"VW/GOL 1.0L MC4/GOL 1.0L MC4";2019;"Condutor";"Ileso";32;"Masculino";1;0;0;0;-8,137602;-35,333387;"SPRF-PE";"DEL02-PE";"UOP02-DEL02PE"
742769;1663457;2025-12-31;"quarta-feira";"11:30:00";"PE";232;51;"VITORIA DE SANTO ANTAO";"N�o";"Aus�ncia de rea��o do condutor";1;"Colis�o lateral mesmo sentido";"Com V�timas Feridas";"Pleno dia";"Crescente";"C�u Claro";"Dupla";"Reta";"N�o";1326293;"Autom�vel";"VW/GOL 1.0L MC4/GOL 1.0L MC4";2019;"Passageiro";"Ileso";32;"Feminino";1;0;0;0;-8,137602;-35,333387;"SPRF-PE";"DEL02-PE";"UOP02-DEL02PE"
742769;1663455;2025-12-31;"quarta-feira";"11:30:00";"PE";232;51;"VITORIA DE SANTO ANTAO";"Sim";"Trafegar com motocicleta (ou similar) entre as faixas";4;"Colis�o traseira";"Com V�timas Feridas";"Pleno dia";"Crescente";"C�u Claro";"Dupla";"Reta";"N�o";1326295;"Utilit�rio";"I/MMC OUTLANDER 2.2 D/MMC OUTLANDER 2.2 D";2016;"Condutor";"Ileso";37;"Feminino";1;0;0;0;-8,137602;-35,333387;"SPRF-PE";"DEL02-PE";"UOP02-DEL02PE"
742769;1663453;2025-12-31;"quarta-feira";"11:30:00";"PE";232;51;"VITORIA DE SANTO ANTAO";"Sim";"Trafegar com motocicleta (ou similar) entre as faixas";4;"Colis�o traseira";"Com V�timas Feridas";"Pleno dia";"Crescente";"C�u Claro";"Dupla";"Reta";"N�o";1326294;"Motocicleta";"HONDA/NXR150 BROS ESD/NXR150 BROS ESD";2013;"Condutor";"Les�es Leves";40;"Masculino";0;1;0;0;-8,137602;-35,333387;"SPRF-PE";"DEL02-PE";"UOP02-DEL02PE"
742769;1663452;2025-12-31;"quarta-feira";"11:30:00";"PE";232;51;"VITORIA DE SANTO ANTAO";"Sim";"Trafegar com motocicleta (ou similar) entre as faixas";4;"Colis�o traseira";"Com V�timas Feridas";"Pleno dia";"Crescente";"C�u Claro";"Dupla";"Reta";"N�o";1326293;"Autom�vel";"VW/GOL 1.0L MC4/GOL 1.0L MC4";2019;"Condutor";"Ileso";32;"Masculino";1;0;0;0;-8,137602;-35,333387;"SPRF-PE";"DEL02-PE";"UOP02-DEL02PE"
742769;1663457;2025-12-31;"quarta-feira";"11:30:00";"PE";232;51;"VITORIA DE SANTO ANTAO";"Sim";"Trafegar com motocicleta (ou similar) entre as faixas";4;"Colis�o traseira";"Com V�timas Feridas";"Pleno dia";"Crescente";"C�u Claro";"Dupla";"Reta";"N�o";1326293;"Autom�vel";"VW/GOL 1.0L MC4/GOL 1.0L MC4";2019;"Passageiro";"Ileso";32;"Feminino";1;0;0;0;-8,137602;-35,333387;"SPRF-PE";"DEL02-PE";"UOP02-DEL02PE"
742769;1663455;2025-12-31;"quarta-feira";"11:30:00";"PE";232;51;"VITORIA DE SANTO ANTAO";"Sim";"Trafegar com motocicleta (ou similar) entre as faixas";3;"Queda de ocupante de ve�culo";"Com V�timas Feridas";"Pleno dia";"Crescente";"C�u Claro";"Dupla";"Reta";"N�o";1326295;"Utilit�rio";"I/MMC OUTLANDER 2.2 D/MMC OUTLANDER 2.2 D";2016;"Condutor";"Ileso";37;"Feminino";1;0;0;0;-8,137602;-35,333387;"SPRF-PE";"DEL02-PE";"UOP02-DEL02PE"
742769;1663453;2025-12-31;"quarta-feira";"11:30:00";"PE";232;51;"VITORIA DE SANTO ANTAO";"Sim";"Trafegar com motocicleta (ou similar) entre as faixas";3;"Queda de ocupante de ve�culo";"Com V�timas Feridas";"Pleno dia";"Crescente";"C�u Claro";"Dupla";"Reta";"N�o";1326294;"Motocicleta";"HONDA/NXR150 BROS ESD/NXR150 BROS ESD";2013;"Condutor";"Les�es Leves";40;"Masculino";0;1;0;0;-8,137602;-35,333387;"SPRF-PE";"DEL02-PE";"UOP02-DEL02PE"
742769;1663452;2025-12-31;"quarta-feira";"11:30:00";"PE";232;51;"VITORIA DE SANTO ANTAO";"Sim";"Trafegar com motocicleta (ou similar) entre as faixas";3;"Queda de ocupante de ve�culo";"Com V�timas Feridas";"Pleno dia";"Crescente";"C�u Claro";"Dupla";"Reta";"N�o";1326293;"Autom�vel";"VW/GOL 1.0L MC4/GOL 1.0L MC4";2019;"Condutor";"Ileso";32;"Masculino";1;0;0;0;-8,137602;-35,333387;"SPRF-PE";"DEL02-PE";"UOP02-DEL02PE"
742769;1663457;2025-12-31;"quarta-feira";"11:30:00";"PE";232;51;"VITORIA DE SANTO ANTAO";"Sim";"Trafegar com motocicleta (ou similar) entre as faixas";3;"Queda de ocupante de ve�culo";"Com V�timas Feridas";"Pleno dia";"Crescente";"C�u Claro";"Dupla";"Reta";"N�o";1326293;"Autom�vel";"VW/GOL 1.0L MC4/GOL 1.0L MC4";2019;"Passageiro";"Ileso";32;"Feminino";1;0;0;0;-8,137602;-35,333387;"SPRF-PE";"DEL02-PE";"UOP02-DEL02PE"
742769;1663455;2025-12-31;"quarta-feira";"11:30:00";"PE";232;51;"VITORIA DE SANTO ANTAO";"Sim";"Trafegar com motocicleta (ou similar) entre as faixas";2;"Tombamento";"Com V�timas Feridas";"Pleno dia";"Crescente";"C�u Claro";"Dupla";"Reta";"N�o";1326295;"Utilit�rio";"I/MMC OUTLANDER 2.2 D/MMC OUTLANDER 2.2 D";2016;"Condutor";"Ileso";37;"Feminino";1;0;0;0;-8,137602;-35,333387;"SPRF-PE";"DEL02-PE";"UOP02-DEL02PE"
742769;1663453;2025-12-31;"quarta-feira";"11:30:00";"PE";232;51;"VITORIA DE SANTO ANTAO";"Sim";"Trafegar com motocicleta (ou similar) entre as faixas";2;"Tombamento";"Com V�timas Feridas";"Pleno dia";"Crescente";"C�u Claro";"Dupla";"Reta";"N�o";1326294;"Motocicleta";"HONDA/NXR150 BROS ESD/NXR150 BROS ESD";2013;"Condutor";"Les�es Leves";40;"Masculino";0;1;0;0;-8,137602;-35,333387;"SPRF-PE";"DEL02-PE";"UOP02-DEL02PE"
742769;1663452;2025-12-31;"quarta-feira";"11:30:00";"PE";232;51;"VITORIA DE SANTO ANTAO";"Sim";"Trafegar com motocicleta (ou similar) entre as faixas";2;"Tombamento";"Com V�timas Feridas";"Pleno dia";"Crescente";"C�u Claro";"Dupla";"Reta";"N�o";1326293;"Autom�vel";"VW/GOL 1.0L MC4/GOL 1.0L MC4";2019;"Condutor";"Ileso";32;"Masculino";1;0;0;0;-8,137602;-35,333387;"SPRF-PE";"DEL02-PE";"UOP02-DEL02PE"
742769;1663457;2025-12-31;"quarta-feira";"11:30:00";"PE";232;51;"VITORIA DE SANTO ANTAO";"Sim";"Trafegar com motocicleta (ou similar) entre as faixas";2;"Tombamento";"Com V�timas Feridas";"Pleno dia";"Crescente";"C�u Claro";"Dupla";"Reta";"N�o";1326293;"Autom�vel";"VW/GOL 1.0L MC4/GOL 1.0L MC4";2019;"Passageiro";"Ileso";32;"Feminino";1;0;0;0;-8,137602;-35,333387;"SPRF-PE";"DEL02-PE";"UOP02-DEL02PE"
742769;1663455;2025-12-31;"quarta-feira";"11:30:00";"PE";232;51;"VITORIA DE SANTO ANTAO";"Sim";"Trafegar com motocicleta (ou similar) entre as faixas";1;"Colis�o lateral mesmo sentido";"Com V�timas Feridas";"Pleno dia";"Crescente";"C�u Claro";"Dupla";"Reta";"N�o";1326295;"Utilit�rio";"I/MMC OUTLANDER 2.2 D/MMC OUTLANDER 2.2 D";2016;"Condutor";"Ileso";37;"Feminino";1;0;0;0;-8,137602;-35,333387;"SPRF-PE";"DEL02-PE";"UOP02-DEL02PE"