"id";"pesid";"data_inversa";"dia_semana";"horario";"uf";"br";"km";"municipio";"causa_principal";"causa_acidente";"ordem_tipo_acidente";"tipo_acidente";"classificacao_acidente";"fase_dia";"sentido_via";"condicao_metereologica";"tipo_pista";"tracado_via";"uso_solo";"id_veiculo";"tipo_veiculo";"marca";"ano_fabricacao_veiculo";"tipo_envolvido";"estado_fisico";"idade";"sexo";"ilesos";"feridos_leves";"feridos_graves";"mortos";"latitude";"longitude";"regional";"delegacia";"uop"
742769;1663453;2025-12-31;"quarta-feira";"11:30:00";"PE";232;51;"VITORIA DE SANTO ANTAO";"Sim";"Trafegar com motocicleta (ou similar) entre as faixas";1;"Colis�o lateral mesmo sentido";"Com V�timas Feridas";"Pleno dia";"Crescente";"C�u Claro";"Dupla";"Reta";"N�o";1326294;"Motocicleta";"HONDA/NXR150 BROS ESD/NXR150 BROS ESD";2013;"Condutor";"Les�es Leves";40;"Masculino";0;1;0;0;-8,137602;-35,333387;"SPRF-PE";"DEL02-PE";"UOP02-DEL02PE"
742769;1663452;2025-12-31;"quarta-feira";"11:30:00";"PE";232;51;"VITORIA DE SANTO ANTAO";"Sim";"Trafegar com motocicleta (ou similar) entre as faixas";1;"Colis�o lateral mesmo sentido";"Com V�timas Feridas";"Pleno dia";"Crescente";"C�u Claro";"Dupla";"Reta";"N�o";1326293;"Autom�vel";"VW/GOL 1.0L MC4/GOL 1.0L MC4";2019;"Condutor";"Ileso";32;"Masculino";1;0;0;0;-8,137602;-35,333387;"SPRF-PE";"DEL02-PE";"UOP02-DEL02PE"
742769;1663457;2025-12-31;"quarta-feira";"11:30:00";"PE";232;51;"VITORIA DE SANTO ANTAO";"Sim";"Trafegar com motocicleta (ou similar) entre as faixas";1;"Colis�o lateral mesmo sentido";"Com V�timas Feridas";"Pleno dia";"Crescente";"C�u Claro";"Dupla";"Reta";"N�o";1326293;"Autom�vel";"VW/GOL 1.0L MC4/GOL 1.0L MC4";2019;"Passageiro";"Ileso";32;"Feminino";1;0;0;0;-8,137602;-35,333387;"SPRF-PE";"DEL02-PE";"UOP02-DEL02PE"
742770;1663796;2025-12-31;"quarta-feira";"11:30:00";"GO";452;3,4;"RIO VERDE";"N�o";"Avarias e/ou desgaste excessivo no pneu";2;"Sa�da de leito carro��vel";"Com V�timas Feridas";"Pleno dia";"Decrescente";"Nublado";"M�ltipla";"Curva;Retorno Regulamentado;Declive";"Sim";1326542;"Autom�vel";"CHEVROLET/COBALT 1.8 LTZ/COBALT 1.8 LTZ";2013;"Condutor";"Ileso";28;"Feminino";1;0;0;0;-17,802723;-50,873578;"SPRF-GO";"DEL04-GO";"UOP01-DEL04-GO"
742770;1663795;2025-12-31;"quarta-feira";"11:30:00";"GO";452;3,4;"RIO VERDE";"N�o";"Avarias e/ou desgaste excessivo no pneu";2;"Sa�da de leito carro��vel";"Com V�timas Feridas";"Pleno dia";"Decrescente";"Nublado";"M�ltipla";"Curva;Retorno Regulamentado;Declive";"Sim";1326540;"Autom�vel";"HYUNDAI/HB20S 10M EVOLUT/HB20S 10M EVOLUT";2022;"Passageiro";"Ileso";13;"Feminino";1;0;0;0;-17,802723;-50,873578;"SPRF-GO";"DEL04-GO";"UOP01-DEL04-GO"
742770;1663793;2025-12-31;"quarta-feira";"11:30:00";"GO";452;3,4;"RIO VERDE";"N�o";"Avarias e/ou desgaste excessivo no pneu";2;"Sa�da de leito carro��vel";"Com V�timas Feridas";"Pleno dia";"Decrescente";"Nublado";"M�ltipla";"Curva;Retorno Regulamentado;Declive";"Sim";1326540;"Autom�vel";"HYUNDAI/HB20S 10M EVOLUT/HB20S 10M EVOLUT";2022;"Condutor";"Ileso";35;"Masculino";1;0;0;0;-17,802723;-50,873578;"SPRF-GO";"DEL04-GO";"UOP01-DEL04-GO"
742770;1663794;2025-12-31;"quarta-feira";"11:30:00";"GO";452;3,4;"RIO VERDE";"N�o";"Avarias e/ou desgaste excessivo no pneu";2;"Sa�da de leito carro��vel";"Com V�timas Feridas";"Pleno dia";"Decrescente";"Nublado";"M�ltipla";"Curva;Retorno Regulamentado;Declive";"Sim";1326540;"Autom�vel";"HYUNDAI/HB20S 10M EVOLUT/HB20S 10M EVOLUT";2022;"Passageiro";"Les�es Leves";34;"Feminino";0;1;0;0;-17,802723;-50,873578;"SPRF-GO";"DEL04-GO";"UOP01-DEL04-GO"
742770;1663796;2025-12-31;"quarta-feira";"11:30:00";"GO";452;3,4;"RIO VERDE";"N�o";"Avarias e/ou desgaste excessivo no pneu";1;"Colis�o traseira";"Com V�timas Feridas";"Pleno dia";"Decrescente";"Nublado";"M�ltipla";"Curva;Retorno Regulamentado;Declive";"Sim";1326542;"Autom�vel";"CHEVROLET/COBALT 1.8 LTZ/COBALT 1.8 LTZ";2013;"Condutor";"Ileso";28;"Feminino";1;0;0;0;-17,802723;-50,873578;"SPRF-GO";"DEL04-GO";"UOP01-DEL04-GO"
742770;1663795;2025-12-31;"quarta-feira";"11:30:00";"GO";452;3,4;"RIO VERDE";"N�o";"Avarias e/ou desgaste excessivo no pneu";1;"Colis�o traseira";"Com V�timas Feridas";"Pleno dia";"Decrescente";"Nublado";"M�ltipla";"Curva;Retorno Regulamentado;Declive";"Sim";1326540;"Autom�vel";"HYUNDAI/HB20S 10M EVOLUT/HB20S 10M EVOLUT";2022;"Passageiro";"Ileso";13;"Feminino";1;0;0;0;-17,802723;-50,873578;"SPRF-GO";"DEL04-GO";"UOP01-DEL04-GO"
742770;1663793;2025-12-31;"quarta-feira";"11:30:00";"GO";452;3,4;"RIO VERDE";"N�o";"Avarias e/ou desgaste excessivo no pneu";1;"Colis�o traseira";"Com V�timas Feridas";"Pleno dia";"Decrescente";"Nublado";"M�ltipla";"Curva;Retorno Regulamentado;Declive";"Sim";1326540;"Autom�vel";"HYUNDAI/HB20S 10M EVOLUT/HB20S 10M EVOLUT";2022;"Condutor";"Ileso";35;"Masculino";1;0;0;0;-17,802723;-50,873578;"SPRF-GO";"DEL04-GO";"UOP01-DEL04-GO"
742770;1663794;2025-12-31;"quarta-feira";"11:30:00";"GO";452;3,4;"RIO VERDE";"N�o";"Avarias e/ou desgaste excessivo no pneu";1;"Colis�o traseira";"Com V�timas Feridas";"Pleno dia";"Decrescente";"Nublado";"M�ltipla";"Curva;Retorno Regulamentado;Declive";"Sim";1326540;"Autom�vel";"HYUNDAI/HB20S 10M EVOLUT/HB20S 10M EVOLUT";2022;"Passageiro";"Les�es Leves";34;"Feminino";0;1;0;0;-17,802723;-50,873578;"SPRF-GO";"DEL04-GO";"UOP01-DEL04-GO"
742770;1663796;2025-12-31;"quarta-feira";"11:30:00";"GO";452;3,4;"RIO VERDE";"N�o";"Restri��o de visibilidade em curvas horizontais";2;"Sa�da de leito carro��vel";"Com V�timas Feridas";"Pleno dia";"Decrescente";"Nublado";"M�ltipla";"Curva;Retorno Regulamentado;Declive";"Sim";1326542;"Autom�vel";"CHEVROLET/COBALT 1.8 LTZ/COBALT 1.8 LTZ";2013;"Condutor";"Ileso";28;"Feminino";1;0;0;0;-17,802723;-50,873578;"SPRF-GO";"DEL04-GO";"UOP01-DEL04-GO"
742770;1663795;2025-12-31;"quarta-feira";"11:30:00";"GO";452;3,4;"RIO VERDE";"N�o";"Restri��o de visibilidade em curvas horizontais";2;"Sa�da de leito carro��vel";"Com V�timas Feridas";"Pleno dia";"Decrescente";"Nublado";"M�ltipla";"Curva;Retorno Regulamentado;Declive";"Sim";1326540;"Autom�vel";"HYUNDAI/HB20S 10M EVOLUT/HB20S 10M EVOLUT";2022;"Passageiro";"Ileso";13;"Feminino";1;0;0;0;-17,802723;-50,873578;"SPRF-GO";"DEL04-GO";"UOP01-DEL04-GO"
742770;1663793;2025-12-31;"quarta-feira";"11:30:00";"GO";452;3,4;"RIO VERDE";"N�o";"Restri��o de visibilidade em curvas horizontais";2;"Sa�da de leito carro��vel";"Com V�timas Feridas";"Pleno dia";"Decrescente";"Nublado";"M�ltipla";"Curva;Retorno Regulamentado;Declive";"Sim";1326540;"Autom�vel";"HYUNDAI/HB20S 10M EVOLUT/HB20S 10M EVOLUT";2022;"Condutor";"Ileso";35;"Masculino";1;0;0;0;-17,802723;-50,873578;"SPRF-GO";"DEL04-GO";"UOP01-DEL04-GO"
742770;1663794;2025-12-31;"quarta-feira";"11:30:00";"GO";452;3,4;"RIO VERDE";"N�o";"Restri��o de visibilidade em curvas horizontais";2;"Sa�da de leito carro��vel";"Com V�timas Feridas";"Pleno dia";"Decrescente";"Nublado";"M�ltipla";"Curva;Retorno Regulamentado;Declive";"Sim";1326540;"Autom�vel";"HYUNDAI/HB20S 10M EVOLUT/HB20S 10M EVOLUT";2022;"Passageiro";"Les�es Leves";34;"Feminino";0;1;0;0;-17,802723;-50,873578;"SPRF-GO";"DEL04-GO";"UOP01-DEL04-GO"
742770;1663796;2025-12-31;"quarta-feira";"11:30:00";"GO";452;3,4;"RIO VERDE";"N�o";"Restri��o de visibilidade em curvas horizontais";1;"Colis�o traseira";"Com V�timas Feridas";"Pleno dia";"Decrescente";"Nublado";"M�ltipla";"Curva;Retorno Regulamentado;Declive";"Sim";1326542;"Autom�vel";"CHEVROLET/COBALT 1.8 LTZ/COBALT 1.8 LTZ";2013;"Condutor";"Ileso";28;"Feminino";1;0;0;0;-17,802723;-50,873578;"SPRF-GO";"DEL04-GO";"UOP01-DEL04-GO"
742770;1663795;2025-12-31;"quarta-feira";"11:30:00";"GO";452;3,4;"RIO VERDE";"N�o";"Restri��o de visibilidade em curvas horizontais";1;"Colis�o traseira";"Com V�timas Feridas";"Pleno dia";"Decrescente";"Nublado";"M�ltipla";"Curva;Retorno Regulamentado;Declive";"Sim";1326540;"Autom�vel";"HYUNDAI/HB20S 10M EVOLUT/HB20S 10M EVOLUT";2022;"Passageiro";"Ileso";13;"Feminino";1;0;0;0;-17,802723;-50,873578;"SPRF-GO";"DEL04-GO";"UOP01-DEL04-GO"
742770;1663793;2025-12-31;"quarta-feira";"11:30:00";"GO";452;3,4;"RIO VERDE";"N�o";"Restri��o de visibilidade em curvas horizontais";1;"Colis�o traseira";"Com V�timas Feridas";"Pleno dia";"Decrescente";"Nublado";"M�ltipla";"Curva;Retorno Regulamentado;Declive";"Sim";1326540;"Autom�vel";"HYUNDAI/HB20S 10M EVOLUT/HB20S 10M EVOLUT";2022;"Condutor";"Ileso";35;"Masculino";1;0;0;0;-17,802723;-50,873578;"SPRF-GO";"DEL04-GO";"UOP01-DEL04-GO"
742770;1663794;2025-12-31;"quarta-feira";"11:30:00";"GO";452;3,4;"RIO VERDE";"N�o";"Restri��o de visibilidade em curvas horizontais";1;"Colis�o traseira";"Com V�timas Feridas";"Pleno dia";"Decrescente";"Nublado";"M�ltipla";"Curva;Retorno Regulamentado;Declive";"Sim";1326540;"Autom�vel";"HYUNDAI/HB20S 10M EVOLUT/HB20S 10M EVOLUT";2022;"Passageiro";"Les�es Leves";34;"Feminino";0;1;0;0;-17,802723;-50,873578;"SPRF-GO";"DEL04-GO";"UOP01-DEL04-GO"
742770;1663796;2025-12-31;"quarta-feira";"11:30:00";"GO";452;3,4;"RIO VERDE";"N�o";"Rea��o tardia ou ineficiente do condutor";2;"Sa�da de leito carro��vel";"Com V�timas Feridas";"Pleno dia";"Decrescente";"Nublado";"M�ltipla";"Curva;Retorno Regulamentado;Declive";"Sim";1326542;"Autom�vel";"CHEVROLET/COBALT 1.8 LTZ/COBALT 1.8 LTZ";2013;"Condutor";"Ileso";28;"Feminino";1;0;0;0;-17,802723;-50,873578;"SPRF-GO";"DEL04-GO";"UOP01-DEL04-GO"
742770;1663795;2025-12-31;"quarta-feira";"11:30:00";"GO";452;3,4;"RIO VERDE";"N�o";"Rea��o tardia ou ineficiente do condutor";2;"Sa�da de leito carro��vel";"Com V�timas Feridas";"Pleno dia";"Decrescente";"Nublado";"M�ltipla";"Curva;Retorno Regulamentado;Declive";"Sim";1326540;"Autom�vel";"HYUNDAI/HB20S 10M EVOLUT/HB20S 10M EVOLUT";2022;"Passageiro";"Ileso";13;"Feminino";1;0;0;0;-17,802723;-50,873578;"SPRF-GO";"DEL04-GO";"UOP01-DEL04-GO"
742770;1663793;2025-12-31;"quarta-feira";"11:30:00";"GO";452;3,4;"RIO VERDE";"N�o";"Rea��o tardia ou ineficiente do condutor";2;"Sa�da de leito carro��vel";"Com V�timas Feridas";"Pleno dia";"Decrescente";"Nublado";"M�ltipla";"Curva;Retorno Regulamentado;Declive";"Sim";1326540;"Autom�vel";"HYUNDAI/HB20S 10M EVOLUT/HB20S 10M EVOLUT";2022;"Condutor";"Ileso";35;"Masculino";1;0;0;0;-17,802723;-50,873578;"SPRF-GO";"DEL04-GO";"UOP01-DEL04-GO"
742770;1663794;2025-12-31;"quarta-feira";"11:30:00";"GO";452;3,4;"RIO VERDE";"N�o";"Rea��o tardia ou ineficiente do condutor";2;"Sa�da de leito carro��vel";"Com V�timas Feridas";"Pleno dia";"Decrescente";"Nublado";"M�ltipla";"Curva;Retorno Regulamentado;Declive";"Sim";1326540;"Autom�vel";"HYUNDAI/HB20S 10M EVOLUT/HB20S 10M EVOLUT";2022;"Passageiro";"Les�es Leves";34;"Feminino";0;1;0;0;-17,802723;-50,873578;"SPRF-GO";"DEL04-GO";"UOP01-DEL04-GO"
742770;1663796;2025-12-31;"quarta-feira";"11:30:00";"GO";452;3,4;"RIO VERDE";"N�o";"Rea��o tardia ou ineficiente do condutor";1;"Colis�o traseira";"Com V�timas Feridas";"Pleno dia";"Decrescente";"Nublado";"M�ltipla";"Curva;Retorno Regulamentado;Declive";"Sim";1326542;"Autom�vel";"CHEVROLET/COBALT 1.8 LTZ/COBALT 1.8 LTZ";2013;"Condutor";"Ileso";28;"Feminino";1;0;0;0;-17,802723;-50,873578;"SPRF-GO";"DEL04-GO";"UOP01-DEL04-GO"
742770;1663795;2025-12-31;"quarta-feira";"11:30:00";"GO";452;3,4;"RIO VERDE";"N�o";"Rea��o tardia ou ineficiente do condutor";1;"Colis�o traseira";"Com V�timas Feridas";"Pleno dia";"Decrescente";"Nublado";"M�ltipla";"Curva;Retorno Regulamentado;Declive";"Sim";1326540;"Autom�vel";"HYUNDAI/HB20S 10M EVOLUT/HB20S 10M EVOLUT";2022;"Passageiro";"Ileso";13;"Feminino";1;0;0;0;-17,802723;-50,873578;"SPRF-GO";"DEL04-GO";"UOP01-DEL04-GO"
742770;1663793;2025-12-31;"quarta-feira";"11:30:00";"GO";452;3,4;"RIO VERDE";"N�o";"Rea��o tardia ou ineficiente do condutor";1;"Colis�o traseira";"Com V�timas Feridas";"Pleno dia";"Decrescente";"Nublado";"M�ltipla";"Curva;Retorno Regulamentado;Declive";"Sim";1326540;"Autom�vel";"HYUNDAI/HB20S 10M EVOLUT/HB20S 10M EVOLUT";2022;"Condutor";"Ileso";35;"Masculino";1;0;0;0;-17,802723;-50,873578;"SPRF-GO";"DEL04-GO";"UOP01-DEL04-GO"
742770;1663794;2025-12-31;"quarta-feira";"11:30:00";"GO";452;3,4;"RIO VERDE";"N�o";"Rea��o tardia ou ineficiente do condutor";1;"Colis�o traseira";"Com V�timas Feridas";"Pleno dia";"Decrescente";"Nublado";"M�ltipla";"Curva;Retorno Regulamentado;Declive";"Sim";1326540;"Autom�vel";"HYUNDAI/HB20S 10M EVOLUT/HB20S 10M EVOLUT";2022;"Passageiro";"Les�es Leves";34;"Feminino";0;1;0;0;-17,802723;-50,873578;"SPRF-GO";"DEL04-GO";"UOP01-DEL04-GO"
742770;1663796;2025-12-31;"quarta-feira";"11:30:00";"GO";452;3,4;"RIO VERDE";"Sim";"Acessar a via sem observar a presen�a dos outros ve�culos";2;"Sa�da de leito carro��vel";"Com V�timas Feridas";"Pleno dia";"Decrescente";"Nublado";"M�ltipla";"Curva;Retorno Regulamentado;Declive";"Sim";1326542;"Autom�vel";"CHEVROLET/COBALT 1.8 LTZ/COBALT 1.8 LTZ";2013;"Condutor";"Ileso";28;"Feminino";1;0;0;0;-17,802723;-50,873578;"SPRF-GO";"DEL04-GO";"UOP01-DEL04-GO"
742770;1663795;2025-12-31;"quarta-feira";"11:30:00";"GO";452;3,4;"RIO VERDE";"Sim";"Acessar a via sem observar a presen�a dos outros ve�culos";2;"Sa�da de leito carro��vel";"Com V�timas Feridas";"Pleno dia";"Decrescente";"Nublado";"M�ltipla";"Curva;Retorno Regulamentado;Declive";"Sim";1326540;"Autom�vel";"HYUNDAI/HB20S 10M EVOLUT/HB20S 10M EVOLUT";2022;"Passageiro";"Ileso";13;"Feminino";1;0;0;0;-17,802723;-50,873578;"SPRF-GO";"DEL04-GO";"UOP01-DEL04-GO"
742770;1663793;2025-12-31;"quarta-feira";"11:30:00";"GO";452;3,4;"RIO VERDE";"Sim";"Acessar a via sem observar a presen�a dos outros ve�culos";2;"Sa�da de leito carro��vel";"Com V�timas Feridas";"Pleno dia";"Decrescente";"Nublado";"M�ltipla";"Curva;Retorno Regulamentado;Declive";"Sim";1326540;"Autom�vel";"HYUNDAI/HB20S 10M EVOLUT/HB20S 10M EVOLUT";2022;"Condutor";"Ileso";35;"Masculino";1;0;0;0;-17,802723;-50,873578;"SPRF-GO";"DEL04-GO";"UOP01-DEL04-GO"
742770;1663794;2025-12-31;"quarta-feira";"11:30:00";"GO";452;3,4;"RIO VERDE";"Sim";"Acessar a via sem observar a presen�a dos outros ve�culos";2;"Sa�da de leito carro��vel";"Com V�timas Feridas";"Pleno dia";"Decrescente";"Nublado";"M�ltipla";"Curva;Retorno Regulamentado;Declive";"Sim";1326540;"Autom�vel";"HYUNDAI/HB20S 10M EVOLUT/HB20S 10M EVOLUT";2022;"Passageiro";"Les�es Leves";34;"Feminino";0;1;0;0;-17,802723;-50,873578;"SPRF-GO";"DEL04-GO";"UOP01-DEL04-GO"
742770;1663796;2025-12-31;"quarta-feira";"11:30:00";"GO";452;3,4;"RIO VERDE";"Sim";"Acessar a via sem observar a presen�a dos outros ve�culos";1;"Colis�o traseira";"Com V�timas Feridas";"Pleno dia";"Decrescente";"Nublado";"M�ltipla";"Curva;Retorno Regulamentado;Declive";"Sim";1326542;"Autom�vel";"CHEVROLET/COBALT 1.8 LTZ/COBALT 1.8 LTZ";2013;"Condutor";"Ileso";28;"Feminino";1;0;0;0;-17,802723;-50,873578;"SPRF-GO";"DEL04-GO";"UOP01-DEL04-GO"
742770;1663795;2025-12-31;"quarta-feira";"11:30:00";"GO";452;3,4;"RIO VERDE";"Sim";"Acessar a via sem observar a presen�a dos outros ve�culos";1;"Colis�o traseira";"Com V�timas Feridas";"Pleno dia";"Decrescente";"Nublado";"M�ltipla";"Curva;Retorno Regulamentado;Declive";"Sim";1326540;"Autom�vel";"HYUNDAI/HB20S 10M EVOLUT/HB20S 10M EVOLUT";2022;"Passageiro";"Ileso";13;"Feminino";1;0;0;0;-17,802723;-50,873578;"SPRF-GO";"DEL04-GO";"UOP01-DEL04-GO"
742770;1663793;2025-12-31;"quarta-feira";"11:30:00";"GO";452;3,4;"RIO VERDE";"Sim";"Acessar a via sem observar a presen�a dos outros ve�culos";1;"Colis�o traseira";"Com V�timas Feridas";"Pleno dia";"Decrescente";"Nublado";"M�ltipla";"Curva;Retorno Regulamentado;Declive";"Sim";1326540;"Autom�vel";"HYUNDAI/HB20S 10M EVOLUT/HB20S 10M EVOLUT";2022;"Condutor";"Ileso";35;"Masculino";1;0;0;0;-17,802723;-50,873578;"SPRF-GO";"DEL04-GO";"UOP01-DEL04-GO"
742770;1663794;2025-12-31;"quarta-feira";"11:30:00";"GO";452;3,4;"RIO VERDE";"Sim";"Acessar a via sem observar a presen�a dos outros ve�culos";1;"Colis�o traseira";"Com V�timas Feridas";"Pleno dia";"Decrescente";"Nublado";"M�ltipla";"Curva;Retorno Regulamentado;Declive";"Sim";1326540;"Autom�vel";"HYUNDAI/HB20S 10M EVOLUT/HB20S 10M EVOLUT";2022;"Passageiro";"Les�es Leves";34;"Feminino";0;1;0;0;-17,802723;-50,873578;"SPRF-GO";"DEL04-GO";"UOP01-DEL04-GO"
742771;1663580;2025-12-31;"quarta-feira";"08:45:00";"RS";101;60;"MAQUINE";"Sim";"Velocidade Incompat�vel";1;"Sa�da de leito carro��vel";"Com V�timas Feridas";"Pleno dia";"Crescente";"C�u Claro";"Dupla";"Curva";"N�o";1326371;"Autom�vel";"RENAULT/KWID ZEN 2/KWID ZEN 2";2024;"Condutor";"Les�es Leves";34;"Masculino";0;1;0;0;-29,67568789;-50,1416537;"SPRF-RS";"DEL03-RS";"UOP02-DEL03-RS"
742772;1663491;2025-12-31;"quarta-feira";"10:40:00";"MG";40;565;"NOVA LIMA";"N�o";"Rea��o tardia ou ineficiente do condutor";3;"Sa�da de leito carro��vel";"Com V�timas Feridas";"Pleno dia";"Decrescente";"Nublado";"Simples";"Aclive;Reta";"N�o";1326312;"Autom�vel";"VW/GOL 1.0/GOL 1.0";2010;"Passageiro";"Les�es Leves";55;"Feminino";0;1;0;0;-20,177983;-43,966275;"SPRF-MG";"DEL01-MG";"UOP02-DEL01-MG"
742772;1663489;2025-12-31;"quarta-feira";"10:40:00";"MG";40;565;"NOVA LIMA";"N�o";"Rea��o tardia ou ineficiente do condutor";3;"Sa�da de leito carro��vel";"Com V�timas Feridas";"Pleno dia";"Decrescente";"Nublado";"Simples";"Aclive;Reta";"N�o";1326312;"Autom�vel";"VW/GOL 1.0/GOL 1.0";2010;"Passageiro";"Ileso";23;"Feminino";1;0;0;0;-20,177983;-43,966275;"SPRF-MG";"DEL01-MG";"UOP02-DEL01-MG"
742772;1663487;2025-12-31;"quarta-feira";"10:40:00";"MG";40;565;"NOVA LIMA";"N�o";"Rea��o tardia ou ineficiente do condutor";3;"Sa�da de leito carro��vel";"Com V�timas Feridas";"Pleno dia";"Decrescente";"Nublado";"Simples";"Aclive;Reta";"N�o";1326312;"Autom�vel";"VW/GOL 1.0/GOL 1.0";2010;"Passageiro";"Ileso";55;"Masculino";1;0;0;0;-20,177983;-43,966275;"SPRF-MG";"DEL01-MG";"UOP02-DEL01-MG"
742772;1663485;2025-12-31;"quarta-feira";"10:40:00";"MG";40;565;"NOVA LIMA";"N�o";"Rea��o tardia ou ineficiente do condutor";3;"Sa�da de leito carro��vel";"Com V�timas Feridas";"Pleno dia";"Decrescente";"Nublado";"Simples";"Aclive;Reta";"N�o";1326312;"Autom�vel";"VW/GOL 1.0/GOL 1.0";2010;"Condutor";"Ileso";51;"Masculino";1;0;0;0;-20,177983;-43,966275;"SPRF-MG";"DEL01-MG";"UOP02-DEL01-MG"
742772;1663484;2025-12-31;"quarta-feira";"10:40:00";"MG";40;565;"NOVA LIMA";"N�o";"Rea��o tardia ou ineficiente do condutor";3;"Sa�da de leito carro��vel";"Com V�timas Feridas";"Pleno dia";"Decrescente";"Nublado";"Simples";"Aclive;Reta";"N�o";1326310;"Caminh�o-trator";"DAF/XF FTS 480/XF FTS 480";2023;"Passageiro";"Ileso";35;"Feminino";1;0;0;0;-20,177983;-43,966275;"SPRF-MG";"DEL01-MG";"UOP02-DEL01-MG"
742772;1663483;2025-12-31;"quarta-feira";"10:40:00";"MG";40;565;"NOVA LIMA";"N�o";"Rea��o tardia ou ineficiente do condutor";3;"Sa�da de leito carro��vel";"Com V�timas Feridas";"Pleno dia";"Decrescente";"Nublado";"Simples";"Aclive;Reta";"N�o";1326310;"Caminh�o-trator";"DAF/XF FTS 480/XF FTS 480";2023;"Condutor";"Ileso";33;"Masculino";1;0;0;0;-20,177983;-43,966275;"SPRF-MG";"DEL01-MG";"UOP02-DEL01-MG"
742772;NA;2025-12-31;"quarta-feira";"10:40:00";"MG";40;565;"NOVA LIMA";"N�o";"Rea��o tardia ou ineficiente do condutor";3;"Sa�da de leito carro��vel";"Com V�timas Feridas";"Pleno dia";"Decrescente";"Nublado";"Simples";"Aclive;Reta";"N�o";1327415;"Semireboque";"REB/ROSSETTI SRBA ST3.25/ROSSETTI SRBA ST3.25";2019;NA;NA;NA;NA;NA;NA;NA;NA;-20,177983;-43,966275;"SPRF-MG";"DEL01-MG";"UOP02-DEL01-MG"
742772;1663491;2025-12-31;"quarta-feira";"10:40:00";"MG";40;565;"NOVA LIMA";"N�o";"Rea��o tardia ou ineficiente do condutor";2;"Colis�o com objeto";"Com V�timas Feridas";"Pleno dia";"Decrescente";"Nublado";"Simples";"Aclive;Reta";"N�o";1326312;"Autom�vel";"VW/GOL 1.0/GOL 1.0";2010;"Passageiro";"Les�es Leves";55;"Feminino";0;1;0;0;-20,177983;-43,966275;"SPRF-MG";"DEL01-MG";"UOP02-DEL01-MG"
742772;1663489;2025-12-31;"quarta-feira";"10:40:00";"MG";40;565;"NOVA LIMA";"N�o";"Rea��o tardia ou ineficiente do condutor";2;"Colis�o com objeto";"Com V�timas Feridas";"Pleno dia";"Decrescente";"Nublado";"Simples";"Aclive;Reta";"N�o";1326312;"Autom�vel";"VW/GOL 1.0/GOL 1.0";2010;"Passageiro";"Ileso";23;"Feminino";1;0;0;0;-20,177983;-43,966275;"SPRF-MG";"DEL01-MG";"UOP02-DEL01-MG"
742772;1663487;2025-12-31;"quarta-feira";"10:40:00";"MG";40;565;"NOVA LIMA";"N�o";"Rea��o tardia ou ineficiente do condutor";2;"Colis�o com objeto";"Com V�timas Feridas";"Pleno dia";"Decrescente";"Nublado";"Simples";"Aclive;Reta";"N�o";1326312;"Autom�vel";"VW/GOL 1.0/GOL 1.0";2010;"Passageiro";"Ileso";55;"Masculino";1;0;0;0;-20,177983;-43,966275;"SPRF-MG";"DEL01-MG";"UOP02-DEL01-MG"
742772;1663485;2025-12-31;"quarta-feira";"10:40:00";"MG";40;565;"NOVA LIMA";"N�o";"Rea��o tardia ou ineficiente do condutor";2;"Colis�o com objeto";"Com V�timas Feridas";"Pleno dia";"Decrescente";"Nublado";"Simples";"Aclive;Reta";"N�o";1326312;"Autom�vel";"VW/GOL 1.0/GOL 1.0";2010;"Condutor";"Ileso";51;"Masculino";1;0;0;0;-20,177983;-43,966275;"SPRF-MG";"DEL01-MG";"UOP02-DEL01-MG"
742772;1663484;2025-12-31;"quarta-feira";"10:40:00";"MG";40;565;"NOVA LIMA";"N�o";"Rea��o tardia ou ineficiente do condutor";2;"Colis�o com objeto";"Com V�timas Feridas";"Pleno dia";"Decrescente";"Nublado";"Simples";"Aclive;Reta";"N�o";1326310;"Caminh�o-trator";"DAF/XF FTS 480/XF FTS 480";2023;"Passageiro";"Ileso";35;"Feminino";1;0;0;0;-20,177983;-43,966275;"SPRF-MG";"DEL01-MG";"UOP02-DEL01-MG"
742772;1663483;2025-12-31;"quarta-feira";"10:40:00";"MG";40;565;"NOVA LIMA";"N�o";"Rea��o tardia ou ineficiente do condutor";2;"Colis�o com objeto";"Com V�timas Feridas";"Pleno dia";"Decrescente";"Nublado";"Simples";"Aclive;Reta";"N�o";1326310;"Caminh�o-trator";"DAF/XF FTS 480/XF FTS 480";2023;"Condutor";"Ileso";33;"Masculino";1;0;0;0;-20,177983;-43,966275;"SPRF-MG";"DEL01-MG";"UOP02-DEL01-MG"
742772;NA;2025-12-31;"quarta-feira";"10:40:00";"MG";40;565;"NOVA LIMA";"N�o";"Rea��o tardia ou ineficiente do condutor";2;"Colis�o com objeto";"Com V�timas Feridas";"Pleno dia";"Decrescente";"Nublado";"Simples";"Aclive;Reta";"N�o";1327415;"Semireboque";"REB/ROSSETTI SRBA ST3.25/ROSSETTI SRBA ST3.25";2019;NA;NA;NA;NA;NA;NA;NA;NA;-20,177983;-43,966275;"SPRF-MG";"DEL01-MG";"UOP02-DEL01-MG"