"id";"pesid";"data_inversa";"dia_semana";"horario";"uf";"br";"km";"municipio";"causa_principal";"causa_acidente";"ordem_tipo_acidente";"tipo_acidente";"classificacao_acidente";"fase_dia";"sentido_via";"condicao_metereologica";"tipo_pista";"tracado_via";"uso_solo";"id_veiculo";"tipo_veiculo";"marca";"ano_fabricacao_veiculo";"tipo_envolvido";"estado_fisico";"idade";"sexo";"ilesos";"feridos_leves";"feridos_graves";"mortos";"latitude";"longitude";"regional";"delegacia";"uop"
742772;1663491;2025-12-31;"quarta-feira";"10:40:00";"MG";40;565;"NOVA LIMA";"N�o";"Rea��o tardia ou ineficiente do condutor";1;"Colis�o lateral mesmo sentido";"Com V�timas Feridas";"Pleno dia";"Decrescente";"Nublado";"Simples";"Aclive;Reta";"N�o";1326312;"Autom�vel";"VW/GOL 1.0/GOL 1.0";2010;"Passageiro";"Les�es Leves";55;"Feminino";0;1;0;0;-20,177983;-43,966275;"SPRF-MG";"DEL01-MG";"UOP02-DEL01-MG"
742772;1663489;2025-12-31;"quarta-feira";"10:40:00";"MG";40;565;"NOVA LIMA";"N�o";"Rea��o tardia ou ineficiente do condutor";1;"Colis�o lateral mesmo sentido";"Com V�timas Feridas";"Pleno dia";"Decrescente";"Nublado";"Simples";"Aclive;Reta";"N�o";1326312;"Autom�vel";"VW/GOL 1.0/GOL 1.0";2010;"Passageiro";"Ileso";23;"Feminino";1;0;0;0;-20,177983;-43,966275;"SPRF-MG";"DEL01-MG";"UOP02-DEL01-MG"
742772;1663487;2025-12-31;"quarta-feira";"10:40:00";"MG";40;565;"NOVA LIMA";"N�o";"Rea��o tardia ou ineficiente do condutor";1;"Colis�o lateral mesmo sentido";"Com V�timas Feridas";"Pleno dia";"Decrescente";"Nublado";"Simples";"Aclive;Reta";"N�o";1326312;"Autom�vel";"VW/GOL 1.0/GOL 1.0";2010;"Passageiro";"Ileso";55;"Masculino";1;0;0;0;-20,177983;-43,966275;"SPRF-MG";"DEL01-MG";"UOP02-DEL01-MG"
742772;1663485;2025-12-31;"quarta-feira";"10:40:00";"MG";40;565;"NOVA LIMA";"N�o";"Rea��o tardia ou ineficiente do condutor";1;"Colis�o lateral mesmo sentido";"Com V�timas Feridas";"Pleno dia";"Decrescente";"Nublado";"Simples";"Aclive;Reta";"N�o";1326312;"Autom�vel";"VW/GOL 1.0/GOL 1.0";2010;"Condutor";"Ileso";51;"Masculino";1;0;0;0;-20,177983;-43,966275;"SPRF-MG";"DEL01-MG";"UOP02-DEL01-MG"
742772;1663484;2025-12-31;"quarta-feira";"10:40:00";"MG";40;565;"NOVA LIMA";"N�o";"Rea��o tardia ou ineficiente do condutor";1;"Colis�o lateral mesmo sentido";"Com V�timas Feridas";"Pleno dia";"Decrescente";"Nublado";"Simples";"Aclive;Reta";"N�o";1326310;"Caminh�o-trator";"DAF/XF FTS 480/XF FTS 480";2023;"Passageiro";"Ileso";35;"Feminino";1;0;0;0;-20,177983;-43,966275;"SPRF-MG";"DEL01-MG";"UOP02-DEL01-MG"
742772;1663483;2025-12-31;"quarta-feira";"10:40:00";"MG";40;565;"NOVA LIMA";"N�o";"Rea��o tardia ou ineficiente do condutor";1;"Colis�o lateral mesmo sentido";"Com V�timas Feridas";"Pleno dia";"Decrescente";"Nublado";"Simples";"Aclive;Reta";"N�o";1326310;"Caminh�o-trator";"DAF/XF FTS 480/XF FTS 480";2023;"Condutor";"Ileso";33;"Masculino";1;0;0;0;-20,177983;-43,966275;"SPRF-MG";"DEL01-MG";"UOP02-DEL01-MG"
742772;NA;2025-12-31;"quarta-feira";"10:40:00";"MG";40;565;"NOVA LIMA";"N�o";"Rea��o tardia ou ineficiente do condutor";1;"Colis�o lateral mesmo sentido";"Com V�timas Feridas";"Pleno dia";"Decrescente";"Nublado";"Simples";"Aclive;Reta";"N�o";1327415;"Semireboque";"REB/ROSSETTI SRBA ST3.25/ROSSETTI SRBA ST3.25";2019;NA;NA;NA;NA;NA;NA;NA;NA;-20,177983;-43,966275;"SPRF-MG";"DEL01-MG";"UOP02-DEL01-MG"
742772;1663491;2025-12-31;"quarta-feira";"10:40:00";"MG";40;565;"NOVA LIMA";"N�o";"Aus�ncia de rea��o do condutor";3;"Sa�da de leito carro��vel";"Com V�timas Feridas";"Pleno dia";"Decrescente";"Nublado";"Simples";"Aclive;Reta";"N�o";1326312;"Autom�vel";"VW/GOL 1.0/GOL 1.0";2010;"Passageiro";"Les�es Leves";55;"Feminino";0;1;0;0;-20,177983;-43,966275;"SPRF-MG";"DEL01-MG";"UOP02-DEL01-MG"
742772;1663489;2025-12-31;"quarta-feira";"10:40:00";"MG";40;565;"NOVA LIMA";"N�o";"Aus�ncia de rea��o do condutor";3;"Sa�da de leito carro��vel";"Com V�timas Feridas";"Pleno dia";"Decrescente";"Nublado";"Simples";"Aclive;Reta";"N�o";1326312;"Autom�vel";"VW/GOL 1.0/GOL 1.0";2010;"Passageiro";"Ileso";23;"Feminino";1;0;0;0;-20,177983;-43,966275;"SPRF-MG";"DEL01-MG";"UOP02-DEL01-MG"
742772;1663487;2025-12-31;"quarta-feira";"10:40:00";"MG";40;565;"NOVA LIMA";"N�o";"Aus�ncia de rea��o do condutor";3;"Sa�da de leito carro��vel";"Com V�timas Feridas";"Pleno dia";"Decrescente";"Nublado";"Simples";"Aclive;Reta";"N�o";1326312;"Autom�vel";"VW/GOL 1.0/GOL 1.0";2010;"Passageiro";"Ileso";55;"Masculino";1;0;0;0;-20,177983;-43,966275;"SPRF-MG";"DEL01-MG";"UOP02-DEL01-MG"
742772;1663485;2025-12-31;"quarta-feira";"10:40:00";"MG";40;565;"NOVA LIMA";"N�o";"Aus�ncia de rea��o do condutor";3;"Sa�da de leito carro��vel";"Com V�timas Feridas";"Pleno dia";"Decrescente";"Nublado";"Simples";"Aclive;Reta";"N�o";1326312;"Autom�vel";"VW/GOL 1.0/GOL 1.0";2010;"Condutor";"Ileso";51;"Masculino";1;0;0;0;-20,177983;-43,966275;"SPRF-MG";"DEL01-MG";"UOP02-DEL01-MG"
742772;1663484;2025-12-31;"quarta-feira";"10:40:00";"MG";40;565;"NOVA LIMA";"N�o";"Aus�ncia de rea��o do condutor";3;"Sa�da de leito carro��vel";"Com V�timas Feridas";"Pleno dia";"Decrescente";"Nublado";"Simples";"Aclive;Reta";"N�o";1326310;"Caminh�o-trator";"DAF/XF FTS 480/XF FTS 480";2023;"Passageiro";"Ileso";35;"Feminino";1;0;0;0;-20,177983;-43,966275;"SPRF-MG";"DEL01-MG";"UOP02-DEL01-MG"
742772;1663483;2025-12-31;"quarta-feira";"10:40:00";"MG";40;565;"NOVA LIMA";"N�o";"Aus�ncia de rea��o do condutor";3;"Sa�da de leito carro��vel";"Com V�timas Feridas";"Pleno dia";"Decrescente";"Nublado";"Simples";"Aclive;Reta";"N�o";1326310;"Caminh�o-trator";"DAF/XF FTS 480/XF FTS 480";2023;"Condutor";"Ileso";33;"Masculino";1;0;0;0;-20,177983;-43,966275;"SPRF-MG";"DEL01-MG";"UOP02-DEL01-MG"
742772;NA;2025-12-31;"quarta-feira";"10:40:00";"MG";40;565;"NOVA LIMA";"N�o";"Aus�ncia de rea��o do condutor";3;"Sa�da de leito carro��vel";"Com V�timas Feridas";"Pleno dia";"Decrescente";"Nublado";"Simples";"Aclive;Reta";"N�o";1327415;"Semireboque";"REB/ROSSETTI SRBA ST3.25/ROSSETTI SRBA ST3.25";2019;NA;NA;NA;NA;NA;NA;NA;NA;-20,177983;-43,966275;"SPRF-MG";"DEL01-MG";"UOP02-DEL01-MG"
742772;1663491;2025-12-31;"quarta-feira";"10:40:00";"MG";40;565;"NOVA LIMA";"N�o";"Aus�ncia de rea��o do condutor";2;"Colis�o com objeto";"Com V�timas Feridas";"Pleno dia";"Decrescente";"Nublado";"Simples";"Aclive;Reta";"N�o";1326312;"Autom�vel";"VW/GOL 1.0/GOL 1.0";2010;"Passageiro";"Les�es Leves";55;"Feminino";0;1;0;0;-20,177983;-43,966275;"SPRF-MG";"DEL01-MG";"UOP02-DEL01-MG"
742772;1663489;2025-12-31;"quarta-feira";"10:40:00";"MG";40;565;"NOVA LIMA";"N�o";"Aus�ncia de rea��o do condutor";2;"Colis�o com objeto";"Com V�timas Feridas";"Pleno dia";"Decrescente";"Nublado";"Simples";"Aclive;Reta";"N�o";1326312;"Autom�vel";"VW/GOL 1.0/GOL 1.0";2010;"Passageiro";"Ileso";23;"Feminino";1;0;0;0;-20,177983;-43,966275;"SPRF-MG";"DEL01-MG";"UOP02-DEL01-MG"
742772;1663487;2025-12-31;"quarta-feira";"10:40:00";"MG";40;565;"NOVA LIMA";"N�o";"Aus�ncia de rea��o do condutor";2;"Colis�o com objeto";"Com V�timas Feridas";"Pleno dia";"Decrescente";"Nublado";"Simples";"Aclive;Reta";"N�o";1326312;"Autom�vel";"VW/GOL 1.0/GOL 1.0";2010;"Passageiro";"Ileso";55;"Masculino";1;0;0;0;-20,177983;-43,966275;"SPRF-MG";"DEL01-MG";"UOP02-DEL01-MG"
742772;1663485;2025-12-31;"quarta-feira";"10:40:00";"MG";40;565;"NOVA LIMA";"N�o";"Aus�ncia de rea��o do condutor";2;"Colis�o com objeto";"Com V�timas Feridas";"Pleno dia";"Decrescente";"Nublado";"Simples";"Aclive;Reta";"N�o";1326312;"Autom�vel";"VW/GOL 1.0/GOL 1.0";2010;"Condutor";"Ileso";51;"Masculino";1;0;0;0;-20,177983;-43,966275;"SPRF-MG";"DEL01-MG";"UOP02-DEL01-MG"
742772;1663484;2025-12-31;"quarta-feira";"10:40:00";"MG";40;565;"NOVA LIMA";"N�o";"Aus�ncia de rea��o do condutor";2;"Colis�o com objeto";"Com V�timas Feridas";"Pleno dia";"Decrescente";"Nublado";"Simples";"Aclive;Reta";"N�o";1326310;"Caminh�o-trator";"DAF/XF FTS 480/XF FTS 480";2023;"Passageiro";"Ileso";35;"Feminino";1;0;0;0;-20,177983;-43,966275;"SPRF-MG";"DEL01-MG";"UOP02-DEL01-MG"
742772;1663483;2025-12-31;"quarta-feira";"10:40:00";"MG";40;565;"NOVA LIMA";"N�o";"Aus�ncia de rea��o do condutor";2;"Colis�o com objeto";"Com V�timas Feridas";"Pleno dia";"Decrescente";"Nublado";"Simples";"Aclive;Reta";"N�o";1326310;"Caminh�o-trator";"DAF/XF FTS 480/XF FTS 480";2023;"Condutor";"Ileso";33;"Masculino";1;0;0;0;-20,177983;-43,966275;"SPRF-MG";"DEL01-MG";"UOP02-DEL01-MG"
742772;NA;2025-12-31;"quarta-feira";"10:40:00";"MG";40;565;"NOVA LIMA";"N�o";"Aus�ncia de rea��o do condutor";2;"Colis�o com objeto";"Com V�timas Feridas";"Pleno dia";"Decrescente";"Nublado";"Simples";"Aclive;Reta";"N�o";1327415;"Semireboque";"REB/ROSSETTI SRBA ST3.25/ROSSETTI SRBA ST3.25";2019;NA;NA;NA;NA;NA;NA;NA;NA;-20,177983;-43,966275;"SPRF-MG";"DEL01-MG";"UOP02-DEL01-MG"
742772;1663491;2025-12-31;"quarta-feira";"10:40:00";"MG";40;565;"NOVA LIMA";"N�o";"Aus�ncia de rea��o do condutor";1;"Colis�o lateral mesmo sentido";"Com V�timas Feridas";"Pleno dia";"Decrescente";"Nublado";"Simples";"Aclive;Reta";"N�o";1326312;"Autom�vel";"VW/GOL 1.0/GOL 1.0";2010;"Passageiro";"Les�es Leves";55;"Feminino";0;1;0;0;-20,177983;-43,966275;"SPRF-MG";"DEL01-MG";"UOP02-DEL01-MG"
742772;1663489;2025-12-31;"quarta-feira";"10:40:00";"MG";40;565;"NOVA LIMA";"N�o";"Aus�ncia de rea��o do condutor";1;"Colis�o lateral mesmo sentido";"Com V�timas Feridas";"Pleno dia";"Decrescente";"Nublado";"Simples";"Aclive;Reta";"N�o";1326312;"Autom�vel";"VW/GOL 1.0/GOL 1.0";2010;"Passageiro";"Ileso";23;"Feminino";1;0;0;0;-20,177983;-43,966275;"SPRF-MG";"DEL01-MG";"UOP02-DEL01-MG"
742772;1663487;2025-12-31;"quarta-feira";"10:40:00";"MG";40;565;"NOVA LIMA";"N�o";"Aus�ncia de rea��o do condutor";1;"Colis�o lateral mesmo sentido";"Com V�timas Feridas";"Pleno dia";"Decrescente";"Nublado";"Simples";"Aclive;Reta";"N�o";1326312;"Autom�vel";"VW/GOL 1.0/GOL 1.0";2010;"Passageiro";"Ileso";55;"Masculino";1;0;0;0;-20,177983;-43,966275;"SPRF-MG";"DEL01-MG";"UOP02-DEL01-MG"
742772;1663485;2025-12-31;"quarta-feira";"10:40:00";"MG";40;565;"NOVA LIMA";"N�o";"Aus�ncia de rea��o do condutor";1;"Colis�o lateral mesmo sentido";"Com V�timas Feridas";"Pleno dia";"Decrescente";"Nublado";"Simples";"Aclive;Reta";"N�o";1326312;"Autom�vel";"VW/GOL 1.0/GOL 1.0";2010;"Condutor";"Ileso";51;"Masculino";1;0;0;0;-20,177983;-43,966275;"SPRF-MG";"DEL01-MG";"UOP02-DEL01-MG"
742772;1663484;2025-12-31;"quarta-feira";"10:40:00";"MG";40;565;"NOVA LIMA";"N�o";"Aus�ncia de rea��o do condutor";1;"Colis�o lateral mesmo sentido";"Com V�timas Feridas";"Pleno dia";"Decrescente";"Nublado";"Simples";"Aclive;Reta";"N�o";1326310;"Caminh�o-trator";"DAF/XF FTS 480/XF FTS 480";2023;"Passageiro";"Ileso";35;"Feminino";1;0;0;0;-20,177983;-43,966275;"SPRF-MG";"DEL01-MG";"UOP02-DEL01-MG"
742772;1663483;2025-12-31;"quarta-feira";"10:40:00";"MG";40;565;"NOVA LIMA";"N�o";"Aus�ncia de rea��o do condutor";1;"Colis�o lateral mesmo sentido";"Com V�timas Feridas";"Pleno dia";"Decrescente";"Nublado";"Simples";"Aclive;Reta";"N�o";1326310;"Caminh�o-trator";"DAF/XF FTS 480/XF FTS 480";2023;"Condutor";"Ileso";33;"Masculino";1;0;0;0;-20,177983;-43,966275;"SPRF-MG";"DEL01-MG";"UOP02-DEL01-MG"
742772;NA;2025-12-31;"quarta-feira";"10:40:00";"MG";40;565;"NOVA LIMA";"N�o";"Aus�ncia de rea��o do condutor";1;"Colis�o lateral mesmo sentido";"Com V�timas Feridas";"Pleno dia";"Decrescente";"Nublado";"Simples";"Aclive;Reta";"N�o";1327415;"Semireboque";"REB/ROSSETTI SRBA ST3.25/ROSSETTI SRBA ST3.25";2019;NA;NA;NA;NA;NA;NA;NA;NA;-20,177983;-43,966275;"SPRF-MG";"DEL01-MG";"UOP02-DEL01-MG"
742772;1663491;2025-12-31;"quarta-feira";"10:40:00";"MG";40;565;"NOVA LIMA";"Sim";"Manobra de mudan�a de faixa";3;"Sa�da de leito carro��vel";"Com V�timas Feridas";"Pleno dia";"Decrescente";"Nublado";"Simples";"Aclive;Reta";"N�o";1326312;"Autom�vel";"VW/GOL 1.0/GOL 1.0";2010;"Passageiro";"Les�es Leves";55;"Feminino";0;1;0;0;-20,177983;-43,966275;"SPRF-MG";"DEL01-MG";"UOP02-DEL01-MG"
742772;1663489;2025-12-31;"quarta-feira";"10:40:00";"MG";40;565;"NOVA LIMA";"Sim";"Manobra de mudan�a de faixa";3;"Sa�da de leito carro��vel";"Com V�timas Feridas";"Pleno dia";"Decrescente";"Nublado";"Simples";"Aclive;Reta";"N�o";1326312;"Autom�vel";"VW/GOL 1.0/GOL 1.0";2010;"Passageiro";"Ileso";23;"Feminino";1;0;0;0;-20,177983;-43,966275;"SPRF-MG";"DEL01-MG";"UOP02-DEL01-MG"
742772;1663487;2025-12-31;"quarta-feira";"10:40:00";"MG";40;565;"NOVA LIMA";"Sim";"Manobra de mudan�a de faixa";3;"Sa�da de leito carro��vel";"Com V�timas Feridas";"Pleno dia";"Decrescente";"Nublado";"Simples";"Aclive;Reta";"N�o";1326312;"Autom�vel";"VW/GOL 1.0/GOL 1.0";2010;"Passageiro";"Ileso";55;"Masculino";1;0;0;0;-20,177983;-43,966275;"SPRF-MG";"DEL01-MG";"UOP02-DEL01-MG"
742772;1663485;2025-12-31;"quarta-feira";"10:40:00";"MG";40;565;"NOVA LIMA";"Sim";"Manobra de mudan�a de faixa";3;"Sa�da de leito carro��vel";"Com V�timas Feridas";"Pleno dia";"Decrescente";"Nublado";"Simples";"Aclive;Reta";"N�o";1326312;"Autom�vel";"VW/GOL 1.0/GOL 1.0";2010;"Condutor";"Ileso";51;"Masculino";1;0;0;0;-20,177983;-43,966275;"SPRF-MG";"DEL01-MG";"UOP02-DEL01-MG"
742772;1663484;2025-12-31;"quarta-feira";"10:40:00";"MG";40;565;"NOVA LIMA";"Sim";"Manobra de mudan�a de faixa";3;"Sa�da de leito carro��vel";"Com V�timas Feridas";"Pleno dia";"Decrescente";"Nublado";"Simples";"Aclive;Reta";"N�o";1326310;"Caminh�o-trator";"DAF/XF FTS 480/XF FTS 480";2023;"Passageiro";"Ileso";35;"Feminino";1;0;0;0;-20,177983;-43,966275;"SPRF-MG";"DEL01-MG";"UOP02-DEL01-MG"
742772;1663483;2025-12-31;"quarta-feira";"10:40:00";"MG";40;565;"NOVA LIMA";"Sim";"Manobra de mudan�a de faixa";3;"Sa�da de leito carro��vel";"Com V�timas Feridas";"Pleno dia";"Decrescente";"Nublado";"Simples";"Aclive;Reta";"N�o";1326310;"Caminh�o-trator";"DAF/XF FTS 480/XF FTS 480";2023;"Condutor";"Ileso";33;"Masculino";1;0;0;0;-20,177983;-43,966275;"SPRF-MG";"DEL01-MG";"UOP02-DEL01-MG"
742772;NA;2025-12-31;"quarta-feira";"10:40:00";"MG";40;565;"NOVA LIMA";"Sim";"Manobra de mudan�a de faixa";3;"Sa�da de leito carro��vel";"Com V�timas Feridas";"Pleno dia";"Decrescente";"Nublado";"Simples";"Aclive;Reta";"N�o";1327415;"Semireboque";"REB/ROSSETTI SRBA ST3.25/ROSSETTI SRBA ST3.25";2019;NA;NA;NA;NA;NA;NA;NA;NA;-20,177983;-43,966275;"SPRF-MG";"DEL01-MG";"UOP02-DEL01-MG"
742772;1663491;2025-12-31;"quarta-feira";"10:40:00";"MG";40;565;"NOVA LIMA";"Sim";"Manobra de mudan�a de faixa";2;"Colis�o com objeto";"Com V�timas Feridas";"Pleno dia";"Decrescente";"Nublado";"Simples";"Aclive;Reta";"N�o";1326312;"Autom�vel";"VW/GOL 1.0/GOL 1.0";2010;"Passageiro";"Les�es Leves";55;"Feminino";0;1;0;0;-20,177983;-43,966275;"SPRF-MG";"DEL01-MG";"UOP02-DEL01-MG"
742772;1663489;2025-12-31;"quarta-feira";"10:40:00";"MG";40;565;"NOVA LIMA";"Sim";"Manobra de mudan�a de faixa";2;"Colis�o com objeto";"Com V�timas Feridas";"Pleno dia";"Decrescente";"Nublado";"Simples";"Aclive;Reta";"N�o";1326312;"Autom�vel";"VW/GOL 1.0/GOL 1.0";2010;"Passageiro";"Ileso";23;"Feminino";1;0;0;0;-20,177983;-43,966275;"SPRF-MG";"DEL01-MG";"UOP02-DEL01-MG"
742772;1663487;2025-12-31;"quarta-feira";"10:40:00";"MG";40;565;"NOVA LIMA";"Sim";"Manobra de mudan�a de faixa";2;"Colis�o com objeto";"Com V�timas Feridas";"Pleno dia";"Decrescente";"Nublado";"Simples";"Aclive;Reta";"N�o";1326312;"Autom�vel";"VW/GOL 1.0/GOL 1.0";2010;"Passageiro";"Ileso";55;"Masculino";1;0;0;0;-20,177983;-43,966275;"SPRF-MG";"DEL01-MG";"UOP02-DEL01-MG"
742772;1663485;2025-12-31;"quarta-feira";"10:40:00";"MG";40;565;"NOVA LIMA";"Sim";"Manobra de mudan�a de faixa";2;"Colis�o com objeto";"Com V�timas Feridas";"Pleno dia";"Decrescente";"Nublado";"Simples";"Aclive;Reta";"N�o";1326312;"Autom�vel";"VW/GOL 1.0/GOL 1.0";2010;"Condutor";"Ileso";51;"Masculino";1;0;0;0;-20,177983;-43,966275;"SPRF-MG";"DEL01-MG";"UOP02-DEL01-MG"
742772;1663484;2025-12-31;"quarta-feira";"10:40:00";"MG";40;565;"NOVA LIMA";"Sim";"Manobra de mudan�a de faixa";2;"Colis�o com objeto";"Com V�timas Feridas";"Pleno dia";"Decrescente";"Nublado";"Simples";"Aclive;Reta";"N�o";1326310;"Caminh�o-trator";"DAF/XF FTS 480/XF FTS 480";2023;"Passageiro";"Ileso";35;"Feminino";1;0;0;0;-20,177983;-43,966275;"SPRF-MG";"DEL01-MG";"UOP02-DEL01-MG"
742772;1663483;2025-12-31;"quarta-feira";"10:40:00";"MG";40;565;"NOVA LIMA";"Sim";"Manobra de mudan�a de faixa";2;"Colis�o com objeto";"Com V�timas Feridas";"Pleno dia";"Decrescente";"Nublado";"Simples";"Aclive;Reta";"N�o";1326310;"Caminh�o-trator";"DAF/XF FTS 480/XF FTS 480";2023;"Condutor";"Ileso";33;"Masculino";1;0;0;0;-20,177983;-43,966275;"SPRF-MG";"DEL01-MG";"UOP02-DEL01-MG"
742772;NA;2025-12-31;"quarta-feira";"10:40:00";"MG";40;565;"NOVA LIMA";"Sim";"Manobra de mudan�a de faixa";2;"Colis�o com objeto";"Com V�timas Feridas";"Pleno dia";"Decrescente";"Nublado";"Simples";"Aclive;Reta";"N�o";1327415;"Semireboque";"REB/ROSSETTI SRBA ST3.25/ROSSETTI SRBA ST3.25";2019;NA;NA;NA;NA;NA;NA;NA;NA;-20,177983;-43,966275;"SPRF-MG";"DEL01-MG";"UOP02-DEL01-MG"
742772;1663491;2025-12-31;"quarta-feira";"10:40:00";"MG";40;565;"NOVA LIMA";"Sim";"Manobra de mudan�a de faixa";1;"Colis�o lateral mesmo sentido";"Com V�timas Feridas";"Pleno dia";"Decrescente";"Nublado";"Simples";"Aclive;Reta";"N�o";1326312;"Autom�vel";"VW/GOL 1.0/GOL 1.0";2010;"Passageiro";"Les�es Leves";55;"Feminino";0;1;0;0;-20,177983;-43,966275;"SPRF-MG";"DEL01-MG";"UOP02-DEL01-MG"
742772;1663489;2025-12-31;"quarta-feira";"10:40:00";"MG";40;565;"NOVA LIMA";"Sim";"Manobra de mudan�a de faixa";1;"Colis�o lateral mesmo sentido";"Com V�timas Feridas";"Pleno dia";"Decrescente";"Nublado";"Simples";"Aclive;Reta";"N�o";1326312;"Autom�vel";"VW/GOL 1.0/GOL 1.0";2010;"Passageiro";"Ileso";23;"Feminino";1;0;0;0;-20,177983;-43,966275;"SPRF-MG";"DEL01-MG";"UOP02-DEL01-MG"
742772;1663487;2025-12-31;"quarta-feira";"10:40:00";"MG";40;565;"NOVA LIMA";"Sim";"Manobra de mudan�a de faixa";1;"Colis�o lateral mesmo sentido";"Com V�timas Feridas";"Pleno dia";"Decrescente";"Nublado";"Simples";"Aclive;Reta";"N�o";1326312;"Autom�vel";"VW/GOL 1.0/GOL 1.0";2010;"Passageiro";"Ileso";55;"Masculino";1;0;0;0;-20,177983;-43,966275;"SPRF-MG";"DEL01-MG";"UOP02-DEL01-MG"
742772;1663485;2025-12-31;"quarta-feira";"10:40:00";"MG";40;565;"NOVA LIMA";"Sim";"Manobra de mudan�a de faixa";1;"Colis�o lateral mesmo sentido";"Com V�timas Feridas";"Pleno dia";"Decrescente";"Nublado";"Simples";"Aclive;Reta";"N�o";1326312;"Autom�vel";"VW/GOL 1.0/GOL 1.0";2010;"Condutor";"Ileso";51;"Masculino";1;0;0;0;-20,177983;-43,966275;"SPRF-MG";"DEL01-MG";"UOP02-DEL01-MG"
742772;1663484;2025-12-31;"quarta-feira";"10:40:00";"MG";40;565;"NOVA LIMA";"Sim";"Manobra de mudan�a de faixa";1;"Colis�o lateral mesmo sentido";"Com V�timas Feridas";"Pleno dia";"Decrescente";"Nublado";"Simples";"Aclive;Reta";"N�o";1326310;"Caminh�o-trator";"DAF/XF FTS 480/XF FTS 480";2023;"Passageiro";"Ileso";35;"Feminino";1;0;0;0;-20,177983;-43,966275;"SPRF-MG";"DEL01-MG";"UOP02-DEL01-MG"
742772;1663483;2025-12-31;"quarta-feira";"10:40:00";"MG";40;565;"NOVA LIMA";"Sim";"Manobra de mudan�a de faixa";1;"Colis�o lateral mesmo sentido";"Com V�timas Feridas";"Pleno dia";"Decrescente";"Nublado";"Simples";"Aclive;Reta";"N�o";1326310;"Caminh�o-trator";"DAF/XF FTS 480/XF FTS 480";2023;"Condutor";"Ileso";33;"Masculino";1;0;0;0;-20,177983;-43,966275;"SPRF-MG";"DEL01-MG";"UOP02-DEL01-MG"
742772;NA;2025-12-31;"quarta-feira";"10:40:00";"MG";40;565;"NOVA LIMA";"Sim";"Manobra de mudan�a de faixa";1;"Colis�o lateral mesmo sentido";"Com V�timas Feridas";"Pleno dia";"Decrescente";"Nublado";"Simples";"Aclive;Reta";"N�o";1327415;"Semireboque";"REB/ROSSETTI SRBA ST3.25/ROSSETTI SRBA ST3.25";2019;NA;NA;NA;NA;NA;NA;NA;NA;-20,177983;-43,966275;"SPRF-MG";"DEL01-MG";"UOP02-DEL01-MG"
742773;1663477;2025-12-31;"quarta-feira";"10:40:00";"MT";364;204;"RONDONOPOLIS";"N�o";"Rea��o tardia ou ineficiente do condutor";2;"Tombamento";"Com V�timas Feridas";"Pleno dia";"Decrescente";"Sol";"Simples";"Curva";"Sim";1326308;"Motoneta";"HONDA/BIZ 125 KS/BIZ 125 KS";2006;"Condutor";"Les�es Leves";35;"Masculino";0;1;0;0;-16,47117906;-54,65566847;"SPRF-MT";"DEL02-MT";"UOP01-DEL02-MT"
742773;1663476;2025-12-31;"quarta-feira";"10:40:00";"MT";364;204;"RONDONOPOLIS";"N�o";"Rea��o tardia ou ineficiente do condutor";2;"Tombamento";"Com V�timas Feridas";"Pleno dia";"Decrescente";"Sol";"Simples";"Curva";"Sim";1326306;"Autom�vel";"GM/ASTRA HB 4P ADVANTAGE/ASTRA HB 4P ADVANTAGE";2007;"Condutor";"Ileso";58;"Masculino";1;0;0;0;-16,47117906;-54,65566847;"SPRF-MT";"DEL02-MT";"UOP01-DEL02-MT"
742773;1663477;2025-12-31;"quarta-feira";"10:40:00";"MT";364;204;"RONDONOPOLIS";"N�o";"Rea��o tardia ou ineficiente do condutor";1;"Colis�o frontal";"Com V�timas Feridas";"Pleno dia";"Decrescente";"Sol";"Simples";"Curva";"Sim";1326308;"Motoneta";"HONDA/BIZ 125 KS/BIZ 125 KS";2006;"Condutor";"Les�es Leves";35;"Masculino";0;1;0;0;-16,47117906;-54,65566847;"SPRF-MT";"DEL02-MT";"UOP01-DEL02-MT"
742773;1663476;2025-12-31;"quarta-feira";"10:40:00";"MT";364;204;"RONDONOPOLIS";"N�o";"Rea��o tardia ou ineficiente do condutor";1;"Colis�o frontal";"Com V�timas Feridas";"Pleno dia";"Decrescente";"Sol";"Simples";"Curva";"Sim";1326306;"Autom�vel";"GM/ASTRA HB 4P ADVANTAGE/ASTRA HB 4P ADVANTAGE";2007;"Condutor";"Ileso";58;"Masculino";1;0;0;0;-16,47117906;-54,65566847;"SPRF-MT";"DEL02-MT";"UOP01-DEL02-MT"
742773;1663477;2025-12-31;"quarta-feira";"10:40:00";"MT";364;204;"RONDONOPOLIS";"N�o";"Aus�ncia de rea��o do condutor";2;"Tombamento";"Com V�timas Feridas";"Pleno dia";"Decrescente";"Sol";"Simples";"Curva";"Sim";1326308;"Motoneta";"HONDA/BIZ 125 KS/BIZ 125 KS";2006;"Condutor";"Les�es Leves";35;"Masculino";0;1;0;0;-16,47117906;-54,65566847;"SPRF-MT";"DEL02-MT";"UOP01-DEL02-MT"
742773;1663476;2025-12-31;"quarta-feira";"10:40:00";"MT";364;204;"RONDONOPOLIS";"N�o";"Aus�ncia de rea��o do condutor";2;"Tombamento";"Com V�timas Feridas";"Pleno dia";"Decrescente";"Sol";"Simples";"Curva";"Sim";1326306;"Autom�vel";"GM/ASTRA HB 4P ADVANTAGE/ASTRA HB 4P ADVANTAGE";2007;"Condutor";"Ileso";58;"Masculino";1;0;0;0;-16,47117906;-54,65566847;"SPRF-MT";"DEL02-MT";"UOP01-DEL02-MT"