"id";"pesid";"data_inversa";"dia_semana";"horario";"uf";"br";"km";"municipio";"causa_principal";"causa_acidente";"ordem_tipo_acidente";"tipo_acidente";"classificacao_acidente";"fase_dia";"sentido_via";"condicao_metereologica";"tipo_pista";"tracado_via";"uso_solo";"id_veiculo";"tipo_veiculo";"marca";"ano_fabricacao_veiculo";"tipo_envolvido";"estado_fisico";"idade";"sexo";"ilesos";"feridos_leves";"feridos_graves";"mortos";"latitude";"longitude";"regional";"delegacia";"uop"
742773;1663477;2025-12-31;"quarta-feira";"10:40:00";"MT";364;204;"RONDONOPOLIS";"N�o";"Aus�ncia de rea��o do condutor";1;"Colis�o frontal";"Com V�timas Feridas";"Pleno dia";"Decrescente";"Sol";"Simples";"Curva";"Sim";1326308;"Motoneta";"HONDA/BIZ 125 KS/BIZ 125 KS";2006;"Condutor";"Les�es Leves";35;"Masculino";0;1;0;0;-16,47117906;-54,65566847;"SPRF-MT";"DEL02-MT";"UOP01-DEL02-MT"
742773;1663476;2025-12-31;"quarta-feira";"10:40:00";"MT";364;204;"RONDONOPOLIS";"N�o";"Aus�ncia de rea��o do condutor";1;"Colis�o frontal";"Com V�timas Feridas";"Pleno dia";"Decrescente";"Sol";"Simples";"Curva";"Sim";1326306;"Autom�vel";"GM/ASTRA HB 4P ADVANTAGE/ASTRA HB 4P ADVANTAGE";2007;"Condutor";"Ileso";58;"Masculino";1;0;0;0;-16,47117906;-54,65566847;"SPRF-MT";"DEL02-MT";"UOP01-DEL02-MT"
742773;1663477;2025-12-31;"quarta-feira";"10:40:00";"MT";364;204;"RONDONOPOLIS";"Sim";"Transitar na contram�o";2;"Tombamento";"Com V�timas Feridas";"Pleno dia";"Decrescente";"Sol";"Simples";"Curva";"Sim";1326308;"Motoneta";"HONDA/BIZ 125 KS/BIZ 125 KS";2006;"Condutor";"Les�es Leves";35;"Masculino";0;1;0;0;-16,47117906;-54,65566847;"SPRF-MT";"DEL02-MT";"UOP01-DEL02-MT"
742773;1663476;2025-12-31;"quarta-feira";"10:40:00";"MT";364;204;"RONDONOPOLIS";"Sim";"Transitar na contram�o";2;"Tombamento";"Com V�timas Feridas";"Pleno dia";"Decrescente";"Sol";"Simples";"Curva";"Sim";1326306;"Autom�vel";"GM/ASTRA HB 4P ADVANTAGE/ASTRA HB 4P ADVANTAGE";2007;"Condutor";"Ileso";58;"Masculino";1;0;0;0;-16,47117906;-54,65566847;"SPRF-MT";"DEL02-MT";"UOP01-DEL02-MT"
742773;1663477;2025-12-31;"quarta-feira";"10:40:00";"MT";364;204;"RONDONOPOLIS";"Sim";"Transitar na contram�o";1;"Colis�o frontal";"Com V�timas Feridas";"Pleno dia";"Decrescente";"Sol";"Simples";"Curva";"Sim";1326308;"Motoneta";"HONDA/BIZ 125 KS/BIZ 125 KS";2006;"Condutor";"Les�es Leves";35;"Masculino";0;1;0;0;-16,47117906;-54,65566847;"SPRF-MT";"DEL02-MT";"UOP01-DEL02-MT"
742773;1663476;2025-12-31;"quarta-feira";"10:40:00";"MT";364;204;"RONDONOPOLIS";"Sim";"Transitar na contram�o";1;"Colis�o frontal";"Com V�timas Feridas";"Pleno dia";"Decrescente";"Sol";"Simples";"Curva";"Sim";1326306;"Autom�vel";"GM/ASTRA HB 4P ADVANTAGE/ASTRA HB 4P ADVANTAGE";2007;"Condutor";"Ileso";58;"Masculino";1;0;0;0;-16,47117906;-54,65566847;"SPRF-MT";"DEL02-MT";"UOP01-DEL02-MT"
742774;1663449;2025-12-31;"quarta-feira";"11:40:00";"SP";381;35;"ATIBAIA";"Sim";"Demais falhas mec�nicas ou el�tricas";1;"Capotamento";"Com V�timas Feridas";"Pleno dia";"Crescente";"C�u Claro";"Dupla";"Reta";"Sim";1326290;"Autom�vel";"VW/GOL 1000/GOL 1000";1994;"Passageiro";"Les�es Leves";6;"Masculino";0;1;0;0;-23,08210583;-46,56994772;"SPRF-SP";"DEL03-SP";"UOP02-DEL03-SP"
742774;1663448;2025-12-31;"quarta-feira";"11:40:00";"SP";381;35;"ATIBAIA";"Sim";"Demais falhas mec�nicas ou el�tricas";1;"Capotamento";"Com V�timas Feridas";"Pleno dia";"Crescente";"C�u Claro";"Dupla";"Reta";"Sim";1326290;"Autom�vel";"VW/GOL 1000/GOL 1000";1994;"Passageiro";"Les�es Leves";28;"Feminino";0;1;0;0;-23,08210583;-46,56994772;"SPRF-SP";"DEL03-SP";"UOP02-DEL03-SP"
742774;1663446;2025-12-31;"quarta-feira";"11:40:00";"SP";381;35;"ATIBAIA";"Sim";"Demais falhas mec�nicas ou el�tricas";1;"Capotamento";"Com V�timas Feridas";"Pleno dia";"Crescente";"C�u Claro";"Dupla";"Reta";"Sim";1326290;"Autom�vel";"VW/GOL 1000/GOL 1000";1994;"Passageiro";"Les�es Leves";10;"Masculino";0;1;0;0;-23,08210583;-46,56994772;"SPRF-SP";"DEL03-SP";"UOP02-DEL03-SP"
742774;1663443;2025-12-31;"quarta-feira";"11:40:00";"SP";381;35;"ATIBAIA";"Sim";"Demais falhas mec�nicas ou el�tricas";1;"Capotamento";"Com V�timas Feridas";"Pleno dia";"Crescente";"C�u Claro";"Dupla";"Reta";"Sim";1326290;"Autom�vel";"VW/GOL 1000/GOL 1000";1994;"Condutor";"Ileso";30;"Masculino";1;0;0;0;-23,08210583;-46,56994772;"SPRF-SP";"DEL03-SP";"UOP02-DEL03-SP"
742775;1663488;2025-12-31;"quarta-feira";"12:49:00";"RN";101;105,9;"PARNAMIRIM";"Sim";"Manobra de mudan�a de faixa";1;"Colis�o lateral mesmo sentido";"Com V�timas Feridas";"Pleno dia";"Crescente";"C�u Claro";"Dupla";"Reta";"N�o";1326314;"Utilit�rio";"JEEP/RENEGADE LNGTD AT D/RENEGADE LNGTD AT D";2021;"Condutor";"Ileso";30;"Masculino";1;0;0;0;-5,900775;-35,259078;"SPRF-RN";"DEL01-RN";"UOP01-DEL01-RN"
742775;1663490;2025-12-31;"quarta-feira";"12:49:00";"RN";101;105,9;"PARNAMIRIM";"Sim";"Manobra de mudan�a de faixa";1;"Colis�o lateral mesmo sentido";"Com V�timas Feridas";"Pleno dia";"Crescente";"C�u Claro";"Dupla";"Reta";"N�o";1326316;"Motocicleta";"HONDA/CG 125 TITAN/CG 125 TITAN";1997;"Condutor";"Les�es Leves";41;"Masculino";0;1;0;0;-5,900775;-35,259078;"SPRF-RN";"DEL01-RN";"UOP01-DEL01-RN"
742775;1663486;2025-12-31;"quarta-feira";"12:49:00";"RN";101;105,9;"PARNAMIRIM";"Sim";"Manobra de mudan�a de faixa";1;"Colis�o lateral mesmo sentido";"Com V�timas Feridas";"Pleno dia";"Crescente";"C�u Claro";"Dupla";"Reta";"N�o";1326313;"Autom�vel";"TOYOTA/COROLLA XEI18FLEX/COROLLA XEI18FLEX";2009;"Condutor";"Ileso";36;"Feminino";1;0;0;0;-5,900775;-35,259078;"SPRF-RN";"DEL01-RN";"UOP01-DEL01-RN"
742775;NA;2025-12-31;"quarta-feira";"12:49:00";"RN";101;105,9;"PARNAMIRIM";"Sim";"Manobra de mudan�a de faixa";1;"Colis�o lateral mesmo sentido";"Com V�timas Feridas";"Pleno dia";"Crescente";"C�u Claro";"Dupla";"Reta";"N�o";1326315;"Reboque";"REB/VITORIA LBM CS/VITORIA LBM CS";2021;NA;NA;NA;NA;NA;NA;NA;NA;-5,900775;-35,259078;"SPRF-RN";"DEL01-RN";"UOP01-DEL01-RN"
742775;1663488;2025-12-31;"quarta-feira";"12:49:00";"RN";101;105,9;"PARNAMIRIM";"Sim";"Manobra de mudan�a de faixa";2;"Colis�o transversal";"Com V�timas Feridas";"Pleno dia";"Crescente";"C�u Claro";"Dupla";"Reta";"N�o";1326314;"Utilit�rio";"JEEP/RENEGADE LNGTD AT D/RENEGADE LNGTD AT D";2021;"Condutor";"Ileso";30;"Masculino";1;0;0;0;-5,900775;-35,259078;"SPRF-RN";"DEL01-RN";"UOP01-DEL01-RN"
742775;1663490;2025-12-31;"quarta-feira";"12:49:00";"RN";101;105,9;"PARNAMIRIM";"Sim";"Manobra de mudan�a de faixa";2;"Colis�o transversal";"Com V�timas Feridas";"Pleno dia";"Crescente";"C�u Claro";"Dupla";"Reta";"N�o";1326316;"Motocicleta";"HONDA/CG 125 TITAN/CG 125 TITAN";1997;"Condutor";"Les�es Leves";41;"Masculino";0;1;0;0;-5,900775;-35,259078;"SPRF-RN";"DEL01-RN";"UOP01-DEL01-RN"
742775;1663486;2025-12-31;"quarta-feira";"12:49:00";"RN";101;105,9;"PARNAMIRIM";"Sim";"Manobra de mudan�a de faixa";2;"Colis�o transversal";"Com V�timas Feridas";"Pleno dia";"Crescente";"C�u Claro";"Dupla";"Reta";"N�o";1326313;"Autom�vel";"TOYOTA/COROLLA XEI18FLEX/COROLLA XEI18FLEX";2009;"Condutor";"Ileso";36;"Feminino";1;0;0;0;-5,900775;-35,259078;"SPRF-RN";"DEL01-RN";"UOP01-DEL01-RN"
742775;NA;2025-12-31;"quarta-feira";"12:49:00";"RN";101;105,9;"PARNAMIRIM";"Sim";"Manobra de mudan�a de faixa";2;"Colis�o transversal";"Com V�timas Feridas";"Pleno dia";"Crescente";"C�u Claro";"Dupla";"Reta";"N�o";1326315;"Reboque";"REB/VITORIA LBM CS/VITORIA LBM CS";2021;NA;NA;NA;NA;NA;NA;NA;NA;-5,900775;-35,259078;"SPRF-RN";"DEL01-RN";"UOP01-DEL01-RN"
742776;1663423;2025-12-31;"quarta-feira";"11:23:00";"SP";116;469;"JACUPIRANGA";"Sim";"Aus�ncia de rea��o do condutor";2;"Queda de ocupante de ve�culo";"Com V�timas Feridas";"Pleno dia";"Crescente";"C�u Claro";"Dupla";"Reta";"N�o";1326274;"Motocicleta";"YAMAHA/YZF R15 ABS/YZF R15 ABS";2025;"Passageiro";"Les�es Graves";29;"Masculino";0;0;1;0;-24,66346178;-47,97278345;"SPRF-SP";"DEL05-SP";"UOP01-DEL05-SP"
742776;1663422;2025-12-31;"quarta-feira";"11:23:00";"SP";116;469;"JACUPIRANGA";"Sim";"Aus�ncia de rea��o do condutor";2;"Queda de ocupante de ve�culo";"Com V�timas Feridas";"Pleno dia";"Crescente";"C�u Claro";"Dupla";"Reta";"N�o";1326274;"Motocicleta";"YAMAHA/YZF R15 ABS/YZF R15 ABS";2025;"Condutor";"Les�es Graves";22;"Feminino";0;0;1;0;-24,66346178;-47,97278345;"SPRF-SP";"DEL05-SP";"UOP01-DEL05-SP"
742776;1663423;2025-12-31;"quarta-feira";"11:23:00";"SP";116;469;"JACUPIRANGA";"Sim";"Aus�ncia de rea��o do condutor";1;"Tombamento";"Com V�timas Feridas";"Pleno dia";"Crescente";"C�u Claro";"Dupla";"Reta";"N�o";1326274;"Motocicleta";"YAMAHA/YZF R15 ABS/YZF R15 ABS";2025;"Passageiro";"Les�es Graves";29;"Masculino";0;0;1;0;-24,66346178;-47,97278345;"SPRF-SP";"DEL05-SP";"UOP01-DEL05-SP"
742776;1663422;2025-12-31;"quarta-feira";"11:23:00";"SP";116;469;"JACUPIRANGA";"Sim";"Aus�ncia de rea��o do condutor";1;"Tombamento";"Com V�timas Feridas";"Pleno dia";"Crescente";"C�u Claro";"Dupla";"Reta";"N�o";1326274;"Motocicleta";"YAMAHA/YZF R15 ABS/YZF R15 ABS";2025;"Condutor";"Les�es Graves";22;"Feminino";0;0;1;0;-24,66346178;-47,97278345;"SPRF-SP";"DEL05-SP";"UOP01-DEL05-SP"
742777;1663431;2025-12-31;"quarta-feira";"12:51:00";"PE";101;65,6;"RECIFE";"N�o";"Velocidade Incompat�vel";3;"Tombamento";"Com V�timas Feridas";"Pleno dia";"Crescente";"Sol";"M�ltipla";"Reta";"Sim";1326284;"Motocicleta";"I/SHINERAY XY200GY-04/SHINERAY XY200GY-04";2025;"Condutor";"Les�es Graves";22;"Masculino";0;0;1;0;-8,02993068;-34,94304657;"SPRF-PE";"DEL01-PE";"UOP01-DEL01-PE"
742777;1663430;2025-12-31;"quarta-feira";"12:51:00";"PE";101;65,6;"RECIFE";"N�o";"Velocidade Incompat�vel";3;"Tombamento";"Com V�timas Feridas";"Pleno dia";"Crescente";"Sol";"M�ltipla";"Reta";"Sim";1326282;"Autom�vel";"FIAT/ARGO DRIVE 1.0/ARGO DRIVE 1.0";2025;"Condutor";"Ileso";39;"Masculino";1;0;0;0;-8,02993068;-34,94304657;"SPRF-PE";"DEL01-PE";"UOP01-DEL01-PE"
742777;1663431;2025-12-31;"quarta-feira";"12:51:00";"PE";101;65,6;"RECIFE";"N�o";"Velocidade Incompat�vel";2;"Queda de ocupante de ve�culo";"Com V�timas Feridas";"Pleno dia";"Crescente";"Sol";"M�ltipla";"Reta";"Sim";1326284;"Motocicleta";"I/SHINERAY XY200GY-04/SHINERAY XY200GY-04";2025;"Condutor";"Les�es Graves";22;"Masculino";0;0;1;0;-8,02993068;-34,94304657;"SPRF-PE";"DEL01-PE";"UOP01-DEL01-PE"
742777;1663430;2025-12-31;"quarta-feira";"12:51:00";"PE";101;65,6;"RECIFE";"N�o";"Velocidade Incompat�vel";2;"Queda de ocupante de ve�culo";"Com V�timas Feridas";"Pleno dia";"Crescente";"Sol";"M�ltipla";"Reta";"Sim";1326282;"Autom�vel";"FIAT/ARGO DRIVE 1.0/ARGO DRIVE 1.0";2025;"Condutor";"Ileso";39;"Masculino";1;0;0;0;-8,02993068;-34,94304657;"SPRF-PE";"DEL01-PE";"UOP01-DEL01-PE"
742777;1663431;2025-12-31;"quarta-feira";"12:51:00";"PE";101;65,6;"RECIFE";"N�o";"Velocidade Incompat�vel";1;"Colis�o traseira";"Com V�timas Feridas";"Pleno dia";"Crescente";"Sol";"M�ltipla";"Reta";"Sim";1326284;"Motocicleta";"I/SHINERAY XY200GY-04/SHINERAY XY200GY-04";2025;"Condutor";"Les�es Graves";22;"Masculino";0;0;1;0;-8,02993068;-34,94304657;"SPRF-PE";"DEL01-PE";"UOP01-DEL01-PE"
742777;1663430;2025-12-31;"quarta-feira";"12:51:00";"PE";101;65,6;"RECIFE";"N�o";"Velocidade Incompat�vel";1;"Colis�o traseira";"Com V�timas Feridas";"Pleno dia";"Crescente";"Sol";"M�ltipla";"Reta";"Sim";1326282;"Autom�vel";"FIAT/ARGO DRIVE 1.0/ARGO DRIVE 1.0";2025;"Condutor";"Ileso";39;"Masculino";1;0;0;0;-8,02993068;-34,94304657;"SPRF-PE";"DEL01-PE";"UOP01-DEL01-PE"
742777;1663431;2025-12-31;"quarta-feira";"12:51:00";"PE";101;65,6;"RECIFE";"Sim";"Rea��o tardia ou ineficiente do condutor";3;"Tombamento";"Com V�timas Feridas";"Pleno dia";"Crescente";"Sol";"M�ltipla";"Reta";"Sim";1326284;"Motocicleta";"I/SHINERAY XY200GY-04/SHINERAY XY200GY-04";2025;"Condutor";"Les�es Graves";22;"Masculino";0;0;1;0;-8,02993068;-34,94304657;"SPRF-PE";"DEL01-PE";"UOP01-DEL01-PE"
742777;1663430;2025-12-31;"quarta-feira";"12:51:00";"PE";101;65,6;"RECIFE";"Sim";"Rea��o tardia ou ineficiente do condutor";3;"Tombamento";"Com V�timas Feridas";"Pleno dia";"Crescente";"Sol";"M�ltipla";"Reta";"Sim";1326282;"Autom�vel";"FIAT/ARGO DRIVE 1.0/ARGO DRIVE 1.0";2025;"Condutor";"Ileso";39;"Masculino";1;0;0;0;-8,02993068;-34,94304657;"SPRF-PE";"DEL01-PE";"UOP01-DEL01-PE"
742777;1663431;2025-12-31;"quarta-feira";"12:51:00";"PE";101;65,6;"RECIFE";"Sim";"Rea��o tardia ou ineficiente do condutor";2;"Queda de ocupante de ve�culo";"Com V�timas Feridas";"Pleno dia";"Crescente";"Sol";"M�ltipla";"Reta";"Sim";1326284;"Motocicleta";"I/SHINERAY XY200GY-04/SHINERAY XY200GY-04";2025;"Condutor";"Les�es Graves";22;"Masculino";0;0;1;0;-8,02993068;-34,94304657;"SPRF-PE";"DEL01-PE";"UOP01-DEL01-PE"
742777;1663430;2025-12-31;"quarta-feira";"12:51:00";"PE";101;65,6;"RECIFE";"Sim";"Rea��o tardia ou ineficiente do condutor";2;"Queda de ocupante de ve�culo";"Com V�timas Feridas";"Pleno dia";"Crescente";"Sol";"M�ltipla";"Reta";"Sim";1326282;"Autom�vel";"FIAT/ARGO DRIVE 1.0/ARGO DRIVE 1.0";2025;"Condutor";"Ileso";39;"Masculino";1;0;0;0;-8,02993068;-34,94304657;"SPRF-PE";"DEL01-PE";"UOP01-DEL01-PE"
742777;1663431;2025-12-31;"quarta-feira";"12:51:00";"PE";101;65,6;"RECIFE";"Sim";"Rea��o tardia ou ineficiente do condutor";1;"Colis�o traseira";"Com V�timas Feridas";"Pleno dia";"Crescente";"Sol";"M�ltipla";"Reta";"Sim";1326284;"Motocicleta";"I/SHINERAY XY200GY-04/SHINERAY XY200GY-04";2025;"Condutor";"Les�es Graves";22;"Masculino";0;0;1;0;-8,02993068;-34,94304657;"SPRF-PE";"DEL01-PE";"UOP01-DEL01-PE"
742777;1663430;2025-12-31;"quarta-feira";"12:51:00";"PE";101;65,6;"RECIFE";"Sim";"Rea��o tardia ou ineficiente do condutor";1;"Colis�o traseira";"Com V�timas Feridas";"Pleno dia";"Crescente";"Sol";"M�ltipla";"Reta";"Sim";1326282;"Autom�vel";"FIAT/ARGO DRIVE 1.0/ARGO DRIVE 1.0";2025;"Condutor";"Ileso";39;"Masculino";1;0;0;0;-8,02993068;-34,94304657;"SPRF-PE";"DEL01-PE";"UOP01-DEL01-PE"
742778;1663471;2025-12-31;"quarta-feira";"12:10:00";"RJ";40;51;"PETROPOLIS";"Sim";"Acessar a via sem observar a presen�a dos outros ve�culos";1;"Colis�o frontal";"Com V�timas Feridas";"Pleno dia";"Decrescente";"C�u Claro";"Simples";"Viaduto";"N�o";1326303;"Motoneta";"HONDA/BIZ 110I/BIZ 110I";2018;"Condutor";"Les�es Leves";27;"Masculino";0;1;0;0;-22,33336657;-43,13353655;"SPRF-RJ";"DEL05-RJ";"UOP02-DEL05-RJ"
742778;1663468;2025-12-31;"quarta-feira";"12:10:00";"RJ";40;51;"PETROPOLIS";"Sim";"Acessar a via sem observar a presen�a dos outros ve�culos";1;"Colis�o frontal";"Com V�timas Feridas";"Pleno dia";"Decrescente";"C�u Claro";"Simples";"Viaduto";"N�o";1326302;"Autom�vel";"RENAULT/KWID ZEN 2/KWID ZEN 2";2025;"Passageiro";"Ileso";26;"Feminino";1;0;0;0;-22,33336657;-43,13353655;"SPRF-RJ";"DEL05-RJ";"UOP02-DEL05-RJ"
742778;1663467;2025-12-31;"quarta-feira";"12:10:00";"RJ";40;51;"PETROPOLIS";"Sim";"Acessar a via sem observar a presen�a dos outros ve�culos";1;"Colis�o frontal";"Com V�timas Feridas";"Pleno dia";"Decrescente";"C�u Claro";"Simples";"Viaduto";"N�o";1326302;"Autom�vel";"RENAULT/KWID ZEN 2/KWID ZEN 2";2025;"Condutor";"Ileso";26;"Masculino";1;0;0;0;-22,33336657;-43,13353655;"SPRF-RJ";"DEL05-RJ";"UOP02-DEL05-RJ"
742779;1663534;2025-12-31;"quarta-feira";"13:40:00";"ES";101;144;"LINHARES";"Sim";"Aus�ncia de rea��o do condutor";1;"Tombamento";"Sem V�timas";"Pleno dia";"Crescente";"C�u Claro";"Simples";"Reta";"Sim";1326345;"Bicicleta";"N�o Informado/N�o Informado/N�o Informado";0;"Condutor";"N�o Informado";NA;"N�o Informado";0;0;0;0;-19,35685855;-40,0640367;"SPRF-ES";"DEL04-ES";"UOP01-DEL04-ES"
742780;1663426;2025-12-31;"quarta-feira";"11:30:00";"MG";116;702;"MURIAE";"Sim";"Acesso irregular";1;"Colis�o traseira";"Com V�timas Feridas";"Pleno dia";"Decrescente";"C�u Claro";"Simples";"Curva";"Sim";1326277;"Motocicleta";"HONDA/NXR150 BROS ESD/NXR150 BROS ESD";2013;"Condutor";"Ileso";34;"Masculino";1;0;0;0;-21,1464635;-42,3813569;"SPRF-MG";"DEL07-MG";"UOP02-DEL07-MG"
742780;1663427;2025-12-31;"quarta-feira";"11:30:00";"MG";116;702;"MURIAE";"Sim";"Acesso irregular";1;"Colis�o traseira";"Com V�timas Feridas";"Pleno dia";"Decrescente";"C�u Claro";"Simples";"Curva";"Sim";1326278;"Bicicleta";"N�o Informado/N�o Informado/N�o Informado";0;"Condutor";"Les�es Leves";81;"Masculino";0;1;0;0;-21,1464635;-42,3813569;"SPRF-MG";"DEL07-MG";"UOP02-DEL07-MG"
742781;1663428;2025-12-31;"quarta-feira";"11:40:00";"RS";470;185;"VERANOPOLIS";"N�o";"Velocidade Incompat�vel";1;"Queda de ocupante de ve�culo";"Com V�timas Feridas";"Pleno dia";"Decrescente";"C�u Claro";"Simples";"Aclive;Curva";"N�o";1326281;"Motocicleta";"YAMAHA/FACTOR YBR125 ED/FACTOR YBR125 ED";2011;"Condutor";"Les�es Leves";41;"Masculino";0;1;0;0;-29,0062774;-51,55023186;"SPRF-RS";"DEL06-RS";"UOP02-DEL06-RS"
742781;1663428;2025-12-31;"quarta-feira";"11:40:00";"RS";470;185;"VERANOPOLIS";"Sim";"Avarias e/ou desgaste excessivo no pneu";1;"Queda de ocupante de ve�culo";"Com V�timas Feridas";"Pleno dia";"Decrescente";"C�u Claro";"Simples";"Aclive;Curva";"N�o";1326281;"Motocicleta";"YAMAHA/FACTOR YBR125 ED/FACTOR YBR125 ED";2011;"Condutor";"Les�es Leves";41;"Masculino";0;1;0;0;-29,0062774;-51,55023186;"SPRF-RS";"DEL06-RS";"UOP02-DEL06-RS"
742782;1663459;2025-12-31;"quarta-feira";"13:30:00";"MG";40;645,6;"CRISTIANO OTONI";"N�o";"Aus�ncia de rea��o do condutor";2;"Queda de ocupante de ve�culo";"Com V�timas Feridas";"Pleno dia";"Decrescente";"C�u Claro";"Simples";"Reta";"N�o";1326296;"Motocicleta";"HONDA/CB 300R/CB 300R";2010;"Passageiro";"Ileso";23;"Feminino";1;0;0;0;-20,79161;-43,810451;"SPRF-MG";"DEL05-MG";"UOP02-DEL05-MG"
742782;1663458;2025-12-31;"quarta-feira";"13:30:00";"MG";40;645,6;"CRISTIANO OTONI";"N�o";"Aus�ncia de rea��o do condutor";2;"Queda de ocupante de ve�culo";"Com V�timas Feridas";"Pleno dia";"Decrescente";"C�u Claro";"Simples";"Reta";"N�o";1326296;"Motocicleta";"HONDA/CB 300R/CB 300R";2010;"Condutor";"Les�es Leves";29;"Masculino";0;1;0;0;-20,79161;-43,810451;"SPRF-MG";"DEL05-MG";"UOP02-DEL05-MG"
742782;1663459;2025-12-31;"quarta-feira";"13:30:00";"MG";40;645,6;"CRISTIANO OTONI";"N�o";"Aus�ncia de rea��o do condutor";1;"Tombamento";"Com V�timas Feridas";"Pleno dia";"Decrescente";"C�u Claro";"Simples";"Reta";"N�o";1326296;"Motocicleta";"HONDA/CB 300R/CB 300R";2010;"Passageiro";"Ileso";23;"Feminino";1;0;0;0;-20,79161;-43,810451;"SPRF-MG";"DEL05-MG";"UOP02-DEL05-MG"
742782;1663458;2025-12-31;"quarta-feira";"13:30:00";"MG";40;645,6;"CRISTIANO OTONI";"N�o";"Aus�ncia de rea��o do condutor";1;"Tombamento";"Com V�timas Feridas";"Pleno dia";"Decrescente";"C�u Claro";"Simples";"Reta";"N�o";1326296;"Motocicleta";"HONDA/CB 300R/CB 300R";2010;"Condutor";"Les�es Leves";29;"Masculino";0;1;0;0;-20,79161;-43,810451;"SPRF-MG";"DEL05-MG";"UOP02-DEL05-MG"
742782;1663459;2025-12-31;"quarta-feira";"13:30:00";"MG";40;645,6;"CRISTIANO OTONI";"Sim";"Mal s�bito do condutor";2;"Queda de ocupante de ve�culo";"Com V�timas Feridas";"Pleno dia";"Decrescente";"C�u Claro";"Simples";"Reta";"N�o";1326296;"Motocicleta";"HONDA/CB 300R/CB 300R";2010;"Passageiro";"Ileso";23;"Feminino";1;0;0;0;-20,79161;-43,810451;"SPRF-MG";"DEL05-MG";"UOP02-DEL05-MG"
742782;1663458;2025-12-31;"quarta-feira";"13:30:00";"MG";40;645,6;"CRISTIANO OTONI";"Sim";"Mal s�bito do condutor";2;"Queda de ocupante de ve�culo";"Com V�timas Feridas";"Pleno dia";"Decrescente";"C�u Claro";"Simples";"Reta";"N�o";1326296;"Motocicleta";"HONDA/CB 300R/CB 300R";2010;"Condutor";"Les�es Leves";29;"Masculino";0;1;0;0;-20,79161;-43,810451;"SPRF-MG";"DEL05-MG";"UOP02-DEL05-MG"
742782;1663459;2025-12-31;"quarta-feira";"13:30:00";"MG";40;645,6;"CRISTIANO OTONI";"Sim";"Mal s�bito do condutor";1;"Tombamento";"Com V�timas Feridas";"Pleno dia";"Decrescente";"C�u Claro";"Simples";"Reta";"N�o";1326296;"Motocicleta";"HONDA/CB 300R/CB 300R";2010;"Passageiro";"Ileso";23;"Feminino";1;0;0;0;-20,79161;-43,810451;"SPRF-MG";"DEL05-MG";"UOP02-DEL05-MG"
742782;1663458;2025-12-31;"quarta-feira";"13:30:00";"MG";40;645,6;"CRISTIANO OTONI";"Sim";"Mal s�bito do condutor";1;"Tombamento";"Com V�timas Feridas";"Pleno dia";"Decrescente";"C�u Claro";"Simples";"Reta";"N�o";1326296;"Motocicleta";"HONDA/CB 300R/CB 300R";2010;"Condutor";"Les�es Leves";29;"Masculino";0;1;0;0;-20,79161;-43,810451;"SPRF-MG";"DEL05-MG";"UOP02-DEL05-MG"
742783;1663439;2025-11-25;"ter�a-feira";"06:40:00";"RJ";101;481,6;"ANGRA DOS REIS";"Sim";"Aus�ncia de rea��o do condutor";3;"Colis�o frontal";"Com V�timas Feridas";"Pleno dia";"Crescente";"C�u Claro";"Simples";"Curva";"N�o";1326288;"Autom�vel";"CHEVROLET/CLASSIC/CLASSIC";2010;"Passageiro";"Ileso";50;"Masculino";1;0;0;0;-23,01394;-44,285597;"SPRF-RJ";"DEL03-RJ";"UOP03-DEL03-RJ"
742783;1663438;2025-11-25;"ter�a-feira";"06:40:00";"RJ";101;481,6;"ANGRA DOS REIS";"Sim";"Aus�ncia de rea��o do condutor";3;"Colis�o frontal";"Com V�timas Feridas";"Pleno dia";"Crescente";"C�u Claro";"Simples";"Curva";"N�o";1326288;"Autom�vel";"CHEVROLET/CLASSIC/CLASSIC";2010;"Condutor";"Ileso";22;"Masculino";1;0;0;0;-23,01394;-44,285597;"SPRF-RJ";"DEL03-RJ";"UOP03-DEL03-RJ"
742783;1663437;2025-11-25;"ter�a-feira";"06:40:00";"RJ";101;481,6;"ANGRA DOS REIS";"Sim";"Aus�ncia de rea��o do condutor";3;"Colis�o frontal";"Com V�timas Feridas";"Pleno dia";"Crescente";"C�u Claro";"Simples";"Curva";"N�o";1326287;"Motocicleta";"HONDA/CG 160 FAN/CG 160 FAN";2020;"Condutor";"Les�es Graves";31;"Masculino";0;0;1;0;-23,01394;-44,285597;"SPRF-RJ";"DEL03-RJ";"UOP03-DEL03-RJ"
742783;1663439;2025-11-25;"ter�a-feira";"06:40:00";"RJ";101;481,6;"ANGRA DOS REIS";"Sim";"Aus�ncia de rea��o do condutor";2;"Queda de ocupante de ve�culo";"Com V�timas Feridas";"Pleno dia";"Crescente";"C�u Claro";"Simples";"Curva";"N�o";1326288;"Autom�vel";"CHEVROLET/CLASSIC/CLASSIC";2010;"Passageiro";"Ileso";50;"Masculino";1;0;0;0;-23,01394;-44,285597;"SPRF-RJ";"DEL03-RJ";"UOP03-DEL03-RJ"