"id";"pesid";"data_inversa";"dia_semana";"horario";"uf";"br";"km";"municipio";"causa_principal";"causa_acidente";"ordem_tipo_acidente";"tipo_acidente";"classificacao_acidente";"fase_dia";"sentido_via";"condicao_metereologica";"tipo_pista";"tracado_via";"uso_solo";"id_veiculo";"tipo_veiculo";"marca";"ano_fabricacao_veiculo";"tipo_envolvido";"estado_fisico";"idade";"sexo";"ilesos";"feridos_leves";"feridos_graves";"mortos";"latitude";"longitude";"regional";"delegacia";"uop"
742783;1663438;2025-11-25;"ter�a-feira";"06:40:00";"RJ";101;481,6;"ANGRA DOS REIS";"Sim";"Aus�ncia de rea��o do condutor";2;"Queda de ocupante de ve�culo";"Com V�timas Feridas";"Pleno dia";"Crescente";"C�u Claro";"Simples";"Curva";"N�o";1326288;"Autom�vel";"CHEVROLET/CLASSIC/CLASSIC";2010;"Condutor";"Ileso";22;"Masculino";1;0;0;0;-23,01394;-44,285597;"SPRF-RJ";"DEL03-RJ";"UOP03-DEL03-RJ"
742783;1663437;2025-11-25;"ter�a-feira";"06:40:00";"RJ";101;481,6;"ANGRA DOS REIS";"Sim";"Aus�ncia de rea��o do condutor";2;"Queda de ocupante de ve�culo";"Com V�timas Feridas";"Pleno dia";"Crescente";"C�u Claro";"Simples";"Curva";"N�o";1326287;"Motocicleta";"HONDA/CG 160 FAN/CG 160 FAN";2020;"Condutor";"Les�es Graves";31;"Masculino";0;0;1;0;-23,01394;-44,285597;"SPRF-RJ";"DEL03-RJ";"UOP03-DEL03-RJ"
742783;1663439;2025-11-25;"ter�a-feira";"06:40:00";"RJ";101;481,6;"ANGRA DOS REIS";"Sim";"Aus�ncia de rea��o do condutor";1;"Tombamento";"Com V�timas Feridas";"Pleno dia";"Crescente";"C�u Claro";"Simples";"Curva";"N�o";1326288;"Autom�vel";"CHEVROLET/CLASSIC/CLASSIC";2010;"Passageiro";"Ileso";50;"Masculino";1;0;0;0;-23,01394;-44,285597;"SPRF-RJ";"DEL03-RJ";"UOP03-DEL03-RJ"
742783;1663438;2025-11-25;"ter�a-feira";"06:40:00";"RJ";101;481,6;"ANGRA DOS REIS";"Sim";"Aus�ncia de rea��o do condutor";1;"Tombamento";"Com V�timas Feridas";"Pleno dia";"Crescente";"C�u Claro";"Simples";"Curva";"N�o";1326288;"Autom�vel";"CHEVROLET/CLASSIC/CLASSIC";2010;"Condutor";"Ileso";22;"Masculino";1;0;0;0;-23,01394;-44,285597;"SPRF-RJ";"DEL03-RJ";"UOP03-DEL03-RJ"
742783;1663437;2025-11-25;"ter�a-feira";"06:40:00";"RJ";101;481,6;"ANGRA DOS REIS";"Sim";"Aus�ncia de rea��o do condutor";1;"Tombamento";"Com V�timas Feridas";"Pleno dia";"Crescente";"C�u Claro";"Simples";"Curva";"N�o";1326287;"Motocicleta";"HONDA/CG 160 FAN/CG 160 FAN";2020;"Condutor";"Les�es Graves";31;"Masculino";0;0;1;0;-23,01394;-44,285597;"SPRF-RJ";"DEL03-RJ";"UOP03-DEL03-RJ"
742784;1663510;2025-12-31;"quarta-feira";"13:20:00";"PE";101;46;"IGARASSU";"Sim";"Rea��o tardia ou ineficiente do condutor";1;"Colis�o traseira";"Sem V�timas";"Pleno dia";"Decrescente";"C�u Claro";"Simples";"Reta";"Sim";1326317;"Caminh�o";"RENAULT/MASTER PRO L2/MASTER PRO L2";2025;"Condutor";"Ileso";34;"Masculino";1;0;0;0;-7,866143;-34,9070031;"SPRF-PE";"DEL01-PE";"UOP02-DEL01-PE"
742784;1663512;2025-12-31;"quarta-feira";"13:20:00";"PE";101;46;"IGARASSU";"Sim";"Rea��o tardia ou ineficiente do condutor";1;"Colis�o traseira";"Sem V�timas";"Pleno dia";"Decrescente";"C�u Claro";"Simples";"Reta";"Sim";1326318;"Autom�vel";"VW/VIRTUS AB/VIRTUS AB";2025;"Condutor";"Ileso";46;"Masculino";1;0;0;0;-7,866143;-34,9070031;"SPRF-PE";"DEL01-PE";"UOP02-DEL01-PE"
742784;1663513;2025-12-31;"quarta-feira";"13:20:00";"PE";101;46;"IGARASSU";"Sim";"Rea��o tardia ou ineficiente do condutor";1;"Colis�o traseira";"Sem V�timas";"Pleno dia";"Decrescente";"C�u Claro";"Simples";"Reta";"Sim";1326319;"Autom�vel";"FORD/FIESTA FLEX/FIESTA FLEX";2012;"Condutor";"Ileso";42;"Feminino";1;0;0;0;-7,866143;-34,9070031;"SPRF-PE";"DEL01-PE";"UOP02-DEL01-PE"
742785;1663630;2025-12-31;"quarta-feira";"11:30:00";"MT";70;66;"BARRA DO GARCAS";"Sim";"Aus�ncia de rea��o do condutor";1;"Colis�o frontal";"Com V�timas Fatais";"Pleno dia";"Decrescente";"C�u Claro";"Simples";"Declive;Reta";"N�o";1326414;"Autom�vel";"PEUGEOT/208 ACTIVE/208 ACTIVE";2016;"Condutor";"Les�es Graves";34;"Feminino";0;0;1;0;-15,70448;-52,73151;"SPRF-MT";"DEL07-MT";"UOP01-DEL07-MT"
742785;1663635;2025-12-31;"quarta-feira";"11:30:00";"MT";70;66;"BARRA DO GARCAS";"Sim";"Aus�ncia de rea��o do condutor";1;"Colis�o frontal";"Com V�timas Fatais";"Pleno dia";"Decrescente";"C�u Claro";"Simples";"Declive;Reta";"N�o";1326414;"Autom�vel";"PEUGEOT/208 ACTIVE/208 ACTIVE";2016;"Passageiro";"�bito";20;"Masculino";0;0;0;1;-15,70448;-52,73151;"SPRF-MT";"DEL07-MT";"UOP01-DEL07-MT"
742785;1663634;2025-12-31;"quarta-feira";"11:30:00";"MT";70;66;"BARRA DO GARCAS";"Sim";"Aus�ncia de rea��o do condutor";1;"Colis�o frontal";"Com V�timas Fatais";"Pleno dia";"Decrescente";"C�u Claro";"Simples";"Declive;Reta";"N�o";1326414;"Autom�vel";"PEUGEOT/208 ACTIVE/208 ACTIVE";2016;"Passageiro";"Les�es Graves";39;"Feminino";0;0;1;0;-15,70448;-52,73151;"SPRF-MT";"DEL07-MT";"UOP01-DEL07-MT"
742785;1663632;2025-12-31;"quarta-feira";"11:30:00";"MT";70;66;"BARRA DO GARCAS";"Sim";"Aus�ncia de rea��o do condutor";1;"Colis�o frontal";"Com V�timas Fatais";"Pleno dia";"Decrescente";"C�u Claro";"Simples";"Declive;Reta";"N�o";1326414;"Autom�vel";"PEUGEOT/208 ACTIVE/208 ACTIVE";2016;"Passageiro";"Les�es Leves";12;"Feminino";0;1;0;0;-15,70448;-52,73151;"SPRF-MT";"DEL07-MT";"UOP01-DEL07-MT"
742785;1663631;2025-12-31;"quarta-feira";"11:30:00";"MT";70;66;"BARRA DO GARCAS";"Sim";"Aus�ncia de rea��o do condutor";1;"Colis�o frontal";"Com V�timas Fatais";"Pleno dia";"Decrescente";"C�u Claro";"Simples";"Declive;Reta";"N�o";1326414;"Autom�vel";"PEUGEOT/208 ACTIVE/208 ACTIVE";2016;"Passageiro";"�bito";18;"Feminino";0;0;0;1;-15,70448;-52,73151;"SPRF-MT";"DEL07-MT";"UOP01-DEL07-MT"
742785;1663629;2025-12-31;"quarta-feira";"11:30:00";"MT";70;66;"BARRA DO GARCAS";"Sim";"Aus�ncia de rea��o do condutor";1;"Colis�o frontal";"Com V�timas Fatais";"Pleno dia";"Decrescente";"C�u Claro";"Simples";"Declive;Reta";"N�o";1326409;"Caminh�o-trator";"SCANIA/R500 A6X4/R500 A6X4";2022;"Condutor";"Ileso";36;"Masculino";1;0;0;0;-15,70448;-52,73151;"SPRF-MT";"DEL07-MT";"UOP01-DEL07-MT"
742785;NA;2025-12-31;"quarta-feira";"11:30:00";"MT";70;66;"BARRA DO GARCAS";"Sim";"Aus�ncia de rea��o do condutor";1;"Colis�o frontal";"Com V�timas Fatais";"Pleno dia";"Decrescente";"C�u Claro";"Simples";"Declive;Reta";"N�o";1326413;"Reboque";"R/RANDON RE DL 2E/RANDON RE DL 2E";2022;NA;NA;NA;NA;NA;NA;NA;NA;-15,70448;-52,73151;"SPRF-MT";"DEL07-MT";"UOP01-DEL07-MT"
742785;NA;2025-12-31;"quarta-feira";"11:30:00";"MT";70;66;"BARRA DO GARCAS";"Sim";"Aus�ncia de rea��o do condutor";1;"Colis�o frontal";"Com V�timas Fatais";"Pleno dia";"Decrescente";"C�u Claro";"Simples";"Declive;Reta";"N�o";1326412;"Semireboque";"SR/RANDON SR CA RTD2E/RANDON SR CA RTD2E";2022;NA;NA;NA;NA;NA;NA;NA;NA;-15,70448;-52,73151;"SPRF-MT";"DEL07-MT";"UOP01-DEL07-MT"
742785;NA;2025-12-31;"quarta-feira";"11:30:00";"MT";70;66;"BARRA DO GARCAS";"Sim";"Aus�ncia de rea��o do condutor";1;"Colis�o frontal";"Com V�timas Fatais";"Pleno dia";"Decrescente";"C�u Claro";"Simples";"Declive;Reta";"N�o";1326411;"Semireboque";"SR/RANDON SR CA/RANDON SR CA";2022;NA;NA;NA;NA;NA;NA;NA;NA;-15,70448;-52,73151;"SPRF-MT";"DEL07-MT";"UOP01-DEL07-MT"
742785;1664234;2025-12-31;"quarta-feira";"11:30:00";"MT";70;66;"BARRA DO GARCAS";"Sim";"Aus�ncia de rea��o do condutor";1;"Colis�o frontal";"Com V�timas Fatais";"Pleno dia";"Decrescente";"C�u Claro";"Simples";"Declive;Reta";"N�o";NA;NA;"NA/NA/NA";NA;"Testemunha";"N�o Informado";NA;"N�o Informado";0;0;0;0;-15,70448;-52,73151;"SPRF-MT";"DEL07-MT";"UOP01-DEL07-MT"
742786;1663531;2025-12-31;"quarta-feira";"13:05:00";"SC";282;343;"CAMPOS NOVOS";"Sim";"Acessar a via sem observar a presen�a dos outros ve�culos";1;"Colis�o transversal";"Com V�timas Feridas";"Pleno dia";"Crescente";"Nublado";"Simples";"Reta;Declive";"N�o";1326292;"Autom�vel";"VW/POLO TRACK MA/POLO TRACK MA";2023;"Passageiro";"Les�es Leves";38;"Feminino";0;1;0;0;-27,39008747;-51,22418404;"SPRF-SC";"DEL07-SC";"UOP06-DEL07-SC"
742786;1663530;2025-12-31;"quarta-feira";"13:05:00";"SC";282;343;"CAMPOS NOVOS";"Sim";"Acessar a via sem observar a presen�a dos outros ve�culos";1;"Colis�o transversal";"Com V�timas Feridas";"Pleno dia";"Crescente";"Nublado";"Simples";"Reta;Declive";"N�o";1326292;"Autom�vel";"VW/POLO TRACK MA/POLO TRACK MA";2023;"Passageiro";"Les�es Leves";11;"Masculino";0;1;0;0;-27,39008747;-51,22418404;"SPRF-SC";"DEL07-SC";"UOP06-DEL07-SC"
742786;1663456;2025-12-31;"quarta-feira";"13:05:00";"SC";282;343;"CAMPOS NOVOS";"Sim";"Acessar a via sem observar a presen�a dos outros ve�culos";1;"Colis�o transversal";"Com V�timas Feridas";"Pleno dia";"Crescente";"Nublado";"Simples";"Reta;Declive";"N�o";1326292;"Autom�vel";"VW/POLO TRACK MA/POLO TRACK MA";2023;"Condutor";"Ileso";43;"Masculino";1;0;0;0;-27,39008747;-51,22418404;"SPRF-SC";"DEL07-SC";"UOP06-DEL07-SC"
742786;1663454;2025-12-31;"quarta-feira";"13:05:00";"SC";282;343;"CAMPOS NOVOS";"Sim";"Acessar a via sem observar a presen�a dos outros ve�culos";1;"Colis�o transversal";"Com V�timas Feridas";"Pleno dia";"Crescente";"Nublado";"Simples";"Reta;Declive";"N�o";1326291;"Autom�vel";"VW/T CROSS CL TSI/T CROSS CL TSI";2022;"Condutor";"Ileso";79;"Masculino";1;0;0;0;-27,39008747;-51,22418404;"SPRF-SC";"DEL07-SC";"UOP06-DEL07-SC"
742787;1663948;2025-12-31;"quarta-feira";"14:00:00";"ES";101;268;"SERRA";"Sim";"Acessar a via sem observar a presen�a dos outros ve�culos";1;"Colis�o lateral mesmo sentido";"Com V�timas Feridas";"Pleno dia";"Decrescente";"C�u Claro";"Dupla";"Reta";"Sim";1326659;"Autom�vel";"HONDA/FIT LX/FIT LX";2004;"Passageiro";"Les�es Graves";18;"Feminino";0;0;1;0;-20,2042113;-40,26990892;"SPRF-ES";"DEL02-ES";"UOP01-DEL02-ES"
742787;1663946;2025-12-31;"quarta-feira";"14:00:00";"ES";101;268;"SERRA";"Sim";"Acessar a via sem observar a presen�a dos outros ve�culos";1;"Colis�o lateral mesmo sentido";"Com V�timas Feridas";"Pleno dia";"Decrescente";"C�u Claro";"Dupla";"Reta";"Sim";1326659;"Autom�vel";"HONDA/FIT LX/FIT LX";2004;"Condutor";"Les�es Graves";47;"Masculino";0;0;1;0;-20,2042113;-40,26990892;"SPRF-ES";"DEL02-ES";"UOP01-DEL02-ES"
742787;1663945;2025-12-31;"quarta-feira";"14:00:00";"ES";101;268;"SERRA";"Sim";"Acessar a via sem observar a presen�a dos outros ve�culos";1;"Colis�o lateral mesmo sentido";"Com V�timas Feridas";"Pleno dia";"Decrescente";"C�u Claro";"Dupla";"Reta";"Sim";1326658;"Utilit�rio";"MMC/ASX 2.0 AWD CVT FLEX/ASX 2.0 AWD CVT FLEX";2017;"Condutor";"Ileso";69;"Feminino";1;0;0;0;-20,2042113;-40,26990892;"SPRF-ES";"DEL02-ES";"UOP01-DEL02-ES"
742787;1663944;2025-12-31;"quarta-feira";"14:00:00";"ES";101;268;"SERRA";"Sim";"Acessar a via sem observar a presen�a dos outros ve�culos";1;"Colis�o lateral mesmo sentido";"Com V�timas Feridas";"Pleno dia";"Decrescente";"C�u Claro";"Dupla";"Reta";"Sim";1326657;"�nibus";"M.BENZ/INDUSCAR MILLEN A/INDUSCAR MILLEN A";2013;"Condutor";"Ileso";47;"Masculino";1;0;0;0;-20,2042113;-40,26990892;"SPRF-ES";"DEL02-ES";"UOP01-DEL02-ES"
742788;1663496;2025-12-31;"quarta-feira";"14:10:00";"PR";116;41,7;"CAMPINA GRANDE DO SUL";"Sim";"Velocidade Incompat�vel";2;"Queda de ocupante de ve�culo";"Com V�timas Feridas";"Pleno dia";"Decrescente";"Chuva";"Dupla";"Curva";"N�o";1326328;"Motocicleta";"BMW/G650 GS/G650 GS";2015;"Condutor";"Les�es Leves";50;"Masculino";0;1;0;0;-25,17651861;-48,87416017;"SPRF-PR";"DEL01-PR";"UOP02-DEL01-PR"
742788;1663497;2025-12-31;"quarta-feira";"14:10:00";"PR";116;41,7;"CAMPINA GRANDE DO SUL";"Sim";"Velocidade Incompat�vel";2;"Queda de ocupante de ve�culo";"Com V�timas Feridas";"Pleno dia";"Decrescente";"Chuva";"Dupla";"Curva";"N�o";1326328;"Motocicleta";"BMW/G650 GS/G650 GS";2015;"Passageiro";"Les�es Leves";43;"Feminino";0;1;0;0;-25,17651861;-48,87416017;"SPRF-PR";"DEL01-PR";"UOP02-DEL01-PR"
742788;1663496;2025-12-31;"quarta-feira";"14:10:00";"PR";116;41,7;"CAMPINA GRANDE DO SUL";"Sim";"Velocidade Incompat�vel";1;"Tombamento";"Com V�timas Feridas";"Pleno dia";"Decrescente";"Chuva";"Dupla";"Curva";"N�o";1326328;"Motocicleta";"BMW/G650 GS/G650 GS";2015;"Condutor";"Les�es Leves";50;"Masculino";0;1;0;0;-25,17651861;-48,87416017;"SPRF-PR";"DEL01-PR";"UOP02-DEL01-PR"
742788;1663497;2025-12-31;"quarta-feira";"14:10:00";"PR";116;41,7;"CAMPINA GRANDE DO SUL";"Sim";"Velocidade Incompat�vel";1;"Tombamento";"Com V�timas Feridas";"Pleno dia";"Decrescente";"Chuva";"Dupla";"Curva";"N�o";1326328;"Motocicleta";"BMW/G650 GS/G650 GS";2015;"Passageiro";"Les�es Leves";43;"Feminino";0;1;0;0;-25,17651861;-48,87416017;"SPRF-PR";"DEL01-PR";"UOP02-DEL01-PR"
742789;1663466;2025-12-31;"quarta-feira";"13:30:00";"PR";277;132;"BALSA NOVA";"N�o";"Redutor de velocidade em desacordo";1;"Sa�da de leito carro��vel";"Com V�timas Feridas";"Pleno dia";"Decrescente";"C�u Claro";"Simples";"Curva";"Sim";1326304;"Caminh�o-trator";"M.BENZ/AXOR 2041 LS/AXOR 2041 LS";2019;"Condutor";"Les�es Graves";46;"Masculino";0;0;1;0;-25,462604;-49,585702;"SPRF-PR";"DEL03-PR";"UOP03-DEL03-PR"
742789;NA;2025-12-31;"quarta-feira";"13:30:00";"PR";277;132;"BALSA NOVA";"N�o";"Redutor de velocidade em desacordo";1;"Sa�da de leito carro��vel";"Com V�timas Feridas";"Pleno dia";"Decrescente";"C�u Claro";"Simples";"Curva";"Sim";1326320;"Semireboque";"SR/NOSTRA SRCF 3E/NOSTRA SRCF 3E";2023;NA;NA;NA;NA;NA;NA;NA;NA;-25,462604;-49,585702;"SPRF-PR";"DEL03-PR";"UOP03-DEL03-PR"
742789;1663466;2025-12-31;"quarta-feira";"13:30:00";"PR";277;132;"BALSA NOVA";"N�o";"Demais falhas mec�nicas ou el�tricas";1;"Sa�da de leito carro��vel";"Com V�timas Feridas";"Pleno dia";"Decrescente";"C�u Claro";"Simples";"Curva";"Sim";1326304;"Caminh�o-trator";"M.BENZ/AXOR 2041 LS/AXOR 2041 LS";2019;"Condutor";"Les�es Graves";46;"Masculino";0;0;1;0;-25,462604;-49,585702;"SPRF-PR";"DEL03-PR";"UOP03-DEL03-PR"
742789;NA;2025-12-31;"quarta-feira";"13:30:00";"PR";277;132;"BALSA NOVA";"N�o";"Demais falhas mec�nicas ou el�tricas";1;"Sa�da de leito carro��vel";"Com V�timas Feridas";"Pleno dia";"Decrescente";"C�u Claro";"Simples";"Curva";"Sim";1326320;"Semireboque";"SR/NOSTRA SRCF 3E/NOSTRA SRCF 3E";2023;NA;NA;NA;NA;NA;NA;NA;NA;-25,462604;-49,585702;"SPRF-PR";"DEL03-PR";"UOP03-DEL03-PR"
742789;1663466;2025-12-31;"quarta-feira";"13:30:00";"PR";277;132;"BALSA NOVA";"N�o";"Condutor deixou de manter dist�ncia do ve�culo da frente";1;"Sa�da de leito carro��vel";"Com V�timas Feridas";"Pleno dia";"Decrescente";"C�u Claro";"Simples";"Curva";"Sim";1326304;"Caminh�o-trator";"M.BENZ/AXOR 2041 LS/AXOR 2041 LS";2019;"Condutor";"Les�es Graves";46;"Masculino";0;0;1;0;-25,462604;-49,585702;"SPRF-PR";"DEL03-PR";"UOP03-DEL03-PR"
742789;NA;2025-12-31;"quarta-feira";"13:30:00";"PR";277;132;"BALSA NOVA";"N�o";"Condutor deixou de manter dist�ncia do ve�culo da frente";1;"Sa�da de leito carro��vel";"Com V�timas Feridas";"Pleno dia";"Decrescente";"C�u Claro";"Simples";"Curva";"Sim";1326320;"Semireboque";"SR/NOSTRA SRCF 3E/NOSTRA SRCF 3E";2023;NA;NA;NA;NA;NA;NA;NA;NA;-25,462604;-49,585702;"SPRF-PR";"DEL03-PR";"UOP03-DEL03-PR"
742789;1663466;2025-12-31;"quarta-feira";"13:30:00";"PR";277;132;"BALSA NOVA";"Sim";"Rea��o tardia ou ineficiente do condutor";1;"Sa�da de leito carro��vel";"Com V�timas Feridas";"Pleno dia";"Decrescente";"C�u Claro";"Simples";"Curva";"Sim";1326304;"Caminh�o-trator";"M.BENZ/AXOR 2041 LS/AXOR 2041 LS";2019;"Condutor";"Les�es Graves";46;"Masculino";0;0;1;0;-25,462604;-49,585702;"SPRF-PR";"DEL03-PR";"UOP03-DEL03-PR"
742789;NA;2025-12-31;"quarta-feira";"13:30:00";"PR";277;132;"BALSA NOVA";"Sim";"Rea��o tardia ou ineficiente do condutor";1;"Sa�da de leito carro��vel";"Com V�timas Feridas";"Pleno dia";"Decrescente";"C�u Claro";"Simples";"Curva";"Sim";1326320;"Semireboque";"SR/NOSTRA SRCF 3E/NOSTRA SRCF 3E";2023;NA;NA;NA;NA;NA;NA;NA;NA;-25,462604;-49,585702;"SPRF-PR";"DEL03-PR";"UOP03-DEL03-PR"
742790;1663493;2025-12-31;"quarta-feira";"11:30:00";"PB";101;19;"RIO TINTO";"Sim";"Suic�dio (presumido)";2;"Capotamento";"Com V�timas Fatais";"Pleno dia";"Decrescente";"C�u Claro";"Dupla";"Reta;Declive";"N�o";1326323;"Autom�vel";"FIAT/UNO MILLE FIRE/UNO MILLE FIRE";2001;"Condutor";"�bito";42;"Masculino";0;0;0;1;-6,66263454;-35,11434706;"SPRF-PB";"DEL01-PB";"UOP03-DEL01-PB"
742790;1663493;2025-12-31;"quarta-feira";"11:30:00";"PB";101;19;"RIO TINTO";"Sim";"Suic�dio (presumido)";1;"Sa�da de leito carro��vel";"Com V�timas Fatais";"Pleno dia";"Decrescente";"C�u Claro";"Dupla";"Reta;Declive";"N�o";1326323;"Autom�vel";"FIAT/UNO MILLE FIRE/UNO MILLE FIRE";2001;"Condutor";"�bito";42;"Masculino";0;0;0;1;-6,66263454;-35,11434706;"SPRF-PB";"DEL01-PB";"UOP03-DEL01-PB"
742791;1663462;2025-12-31;"quarta-feira";"12:40:00";"PR";373;446,2;"CHOPINZINHO";"N�o";"Pista esburacada";2;"Capotamento";"Com V�timas Feridas";"Pleno dia";"Decrescente";"Nublado";"Simples";"Curva;Aclive";"N�o";1326297;"Autom�vel";"I/RENAULT CLIO CAM1016VH/RENAULT CLIO CAM1016VH";2010;"Passageiro";"Les�es Leves";16;"Masculino";0;1;0;0;-25,79618192;-52,27226257;"SPRF-PR";"DEL02-PR";"UOP01-DEL02-PR"
742791;1663460;2025-12-31;"quarta-feira";"12:40:00";"PR";373;446,2;"CHOPINZINHO";"N�o";"Pista esburacada";2;"Capotamento";"Com V�timas Feridas";"Pleno dia";"Decrescente";"Nublado";"Simples";"Curva;Aclive";"N�o";1326297;"Autom�vel";"I/RENAULT CLIO CAM1016VH/RENAULT CLIO CAM1016VH";2010;"Condutor";"Les�es Leves";31;"Feminino";0;1;0;0;-25,79618192;-52,27226257;"SPRF-PR";"DEL02-PR";"UOP01-DEL02-PR"
742791;1663461;2025-12-31;"quarta-feira";"12:40:00";"PR";373;446,2;"CHOPINZINHO";"N�o";"Pista esburacada";2;"Capotamento";"Com V�timas Feridas";"Pleno dia";"Decrescente";"Nublado";"Simples";"Curva;Aclive";"N�o";1326297;"Autom�vel";"I/RENAULT CLIO CAM1016VH/RENAULT CLIO CAM1016VH";2010;"Passageiro";"Les�es Leves";14;"Masculino";0;1;0;0;-25,79618192;-52,27226257;"SPRF-PR";"DEL02-PR";"UOP01-DEL02-PR"
742791;1663462;2025-12-31;"quarta-feira";"12:40:00";"PR";373;446,2;"CHOPINZINHO";"N�o";"Pista esburacada";1;"Sa�da de leito carro��vel";"Com V�timas Feridas";"Pleno dia";"Decrescente";"Nublado";"Simples";"Curva;Aclive";"N�o";1326297;"Autom�vel";"I/RENAULT CLIO CAM1016VH/RENAULT CLIO CAM1016VH";2010;"Passageiro";"Les�es Leves";16;"Masculino";0;1;0;0;-25,79618192;-52,27226257;"SPRF-PR";"DEL02-PR";"UOP01-DEL02-PR"
742791;1663460;2025-12-31;"quarta-feira";"12:40:00";"PR";373;446,2;"CHOPINZINHO";"N�o";"Pista esburacada";1;"Sa�da de leito carro��vel";"Com V�timas Feridas";"Pleno dia";"Decrescente";"Nublado";"Simples";"Curva;Aclive";"N�o";1326297;"Autom�vel";"I/RENAULT CLIO CAM1016VH/RENAULT CLIO CAM1016VH";2010;"Condutor";"Les�es Leves";31;"Feminino";0;1;0;0;-25,79618192;-52,27226257;"SPRF-PR";"DEL02-PR";"UOP01-DEL02-PR"
742791;1663461;2025-12-31;"quarta-feira";"12:40:00";"PR";373;446,2;"CHOPINZINHO";"N�o";"Pista esburacada";1;"Sa�da de leito carro��vel";"Com V�timas Feridas";"Pleno dia";"Decrescente";"Nublado";"Simples";"Curva;Aclive";"N�o";1326297;"Autom�vel";"I/RENAULT CLIO CAM1016VH/RENAULT CLIO CAM1016VH";2010;"Passageiro";"Les�es Leves";14;"Masculino";0;1;0;0;-25,79618192;-52,27226257;"SPRF-PR";"DEL02-PR";"UOP01-DEL02-PR"
742791;1663462;2025-12-31;"quarta-feira";"12:40:00";"PR";373;446,2;"CHOPINZINHO";"Sim";"Velocidade Incompat�vel";2;"Capotamento";"Com V�timas Feridas";"Pleno dia";"Decrescente";"Nublado";"Simples";"Curva;Aclive";"N�o";1326297;"Autom�vel";"I/RENAULT CLIO CAM1016VH/RENAULT CLIO CAM1016VH";2010;"Passageiro";"Les�es Leves";16;"Masculino";0;1;0;0;-25,79618192;-52,27226257;"SPRF-PR";"DEL02-PR";"UOP01-DEL02-PR"
742791;1663460;2025-12-31;"quarta-feira";"12:40:00";"PR";373;446,2;"CHOPINZINHO";"Sim";"Velocidade Incompat�vel";2;"Capotamento";"Com V�timas Feridas";"Pleno dia";"Decrescente";"Nublado";"Simples";"Curva;Aclive";"N�o";1326297;"Autom�vel";"I/RENAULT CLIO CAM1016VH/RENAULT CLIO CAM1016VH";2010;"Condutor";"Les�es Leves";31;"Feminino";0;1;0;0;-25,79618192;-52,27226257;"SPRF-PR";"DEL02-PR";"UOP01-DEL02-PR"
742791;1663461;2025-12-31;"quarta-feira";"12:40:00";"PR";373;446,2;"CHOPINZINHO";"Sim";"Velocidade Incompat�vel";2;"Capotamento";"Com V�timas Feridas";"Pleno dia";"Decrescente";"Nublado";"Simples";"Curva;Aclive";"N�o";1326297;"Autom�vel";"I/RENAULT CLIO CAM1016VH/RENAULT CLIO CAM1016VH";2010;"Passageiro";"Les�es Leves";14;"Masculino";0;1;0;0;-25,79618192;-52,27226257;"SPRF-PR";"DEL02-PR";"UOP01-DEL02-PR"
742791;1663462;2025-12-31;"quarta-feira";"12:40:00";"PR";373;446,2;"CHOPINZINHO";"Sim";"Velocidade Incompat�vel";1;"Sa�da de leito carro��vel";"Com V�timas Feridas";"Pleno dia";"Decrescente";"Nublado";"Simples";"Curva;Aclive";"N�o";1326297;"Autom�vel";"I/RENAULT CLIO CAM1016VH/RENAULT CLIO CAM1016VH";2010;"Passageiro";"Les�es Leves";16;"Masculino";0;1;0;0;-25,79618192;-52,27226257;"SPRF-PR";"DEL02-PR";"UOP01-DEL02-PR"
742791;1663460;2025-12-31;"quarta-feira";"12:40:00";"PR";373;446,2;"CHOPINZINHO";"Sim";"Velocidade Incompat�vel";1;"Sa�da de leito carro��vel";"Com V�timas Feridas";"Pleno dia";"Decrescente";"Nublado";"Simples";"Curva;Aclive";"N�o";1326297;"Autom�vel";"I/RENAULT CLIO CAM1016VH/RENAULT CLIO CAM1016VH";2010;"Condutor";"Les�es Leves";31;"Feminino";0;1;0;0;-25,79618192;-52,27226257;"SPRF-PR";"DEL02-PR";"UOP01-DEL02-PR"
742791;1663461;2025-12-31;"quarta-feira";"12:40:00";"PR";373;446,2;"CHOPINZINHO";"Sim";"Velocidade Incompat�vel";1;"Sa�da de leito carro��vel";"Com V�timas Feridas";"Pleno dia";"Decrescente";"Nublado";"Simples";"Curva;Aclive";"N�o";1326297;"Autom�vel";"I/RENAULT CLIO CAM1016VH/RENAULT CLIO CAM1016VH";2010;"Passageiro";"Les�es Leves";14;"Masculino";0;1;0;0;-25,79618192;-52,27226257;"SPRF-PR";"DEL02-PR";"UOP01-DEL02-PR"
742792;1663465;2025-12-31;"quarta-feira";"06:20:00";"ES";101;257;"SERRA";"Sim";"Acesso irregular";1;"Colis�o lateral mesmo sentido";"Com V�timas Feridas";"Amanhecer";"Crescente";"C�u Claro";"Dupla";"Reta";"N�o";1326299;"Motocicleta";"YAMAHA/XTZ150 CROSSER Z/XTZ150 CROSSER Z";2020;"Passageiro";"Les�es Leves";30;"Feminino";0;1;0;0;-20,12374993;-40,30476843;"SPRF-ES";"DEL02-ES";"UOP01-DEL02-ES"
742792;1663464;2025-12-31;"quarta-feira";"06:20:00";"ES";101;257;"SERRA";"Sim";"Acesso irregular";1;"Colis�o lateral mesmo sentido";"Com V�timas Feridas";"Amanhecer";"Crescente";"C�u Claro";"Dupla";"Reta";"N�o";1326299;"Motocicleta";"YAMAHA/XTZ150 CROSSER Z/XTZ150 CROSSER Z";2020;"Condutor";"Les�es Leves";21;"Masculino";0;1;0;0;-20,12374993;-40,30476843;"SPRF-ES";"DEL02-ES";"UOP01-DEL02-ES"