"id";"pesid";"data_inversa";"dia_semana";"horario";"uf";"br";"km";"municipio";"causa_principal";"causa_acidente";"ordem_tipo_acidente";"tipo_acidente";"classificacao_acidente";"fase_dia";"sentido_via";"condicao_metereologica";"tipo_pista";"tracado_via";"uso_solo";"id_veiculo";"tipo_veiculo";"marca";"ano_fabricacao_veiculo";"tipo_envolvido";"estado_fisico";"idade";"sexo";"ilesos";"feridos_leves";"feridos_graves";"mortos";"latitude";"longitude";"regional";"delegacia";"uop"
742792;1663463;2025-12-31;"quarta-feira";"06:20:00";"ES";101;257;"SERRA";"Sim";"Acesso irregular";1;"Colis�o lateral mesmo sentido";"Com V�timas Feridas";"Amanhecer";"Crescente";"C�u Claro";"Dupla";"Reta";"N�o";1326298;"Autom�vel";"N�o Informado/N�o Informado/N�o Informado";0;"Condutor";"N�o Informado";NA;"N�o Informado";0;0;0;0;-20,12374993;-40,30476843;"SPRF-ES";"DEL02-ES";"UOP01-DEL02-ES"
742793;1665518;2025-12-31;"quarta-feira";"11:00:00";"MT";70;700;"CACERES";"Sim";"Rea��o tardia ou ineficiente do condutor";1;"Sa�da de leito carro��vel";"Com V�timas Feridas";"Pleno dia";"Decrescente";"Nublado";"Simples";"Curva";"N�o";1326410;"Autom�vel";"CHEV/ONIX PLUS 10TAT PR2/ONIX PLUS 10TAT PR2";2020;"Passageiro";"Ileso";5;"Feminino";1;0;0;0;-16,24919;-57,515277;"SPRF-MT";"DEL03-MT";"UOP01-DEL03-MT"
742793;1663637;2025-12-31;"quarta-feira";"11:00:00";"MT";70;700;"CACERES";"Sim";"Rea��o tardia ou ineficiente do condutor";1;"Sa�da de leito carro��vel";"Com V�timas Feridas";"Pleno dia";"Decrescente";"Nublado";"Simples";"Curva";"N�o";1326410;"Autom�vel";"CHEV/ONIX PLUS 10TAT PR2/ONIX PLUS 10TAT PR2";2020;"Condutor";"Les�es Leves";40;"Masculino";0;1;0;0;-16,24919;-57,515277;"SPRF-MT";"DEL03-MT";"UOP01-DEL03-MT"
742793;1665518;2025-12-31;"quarta-feira";"11:00:00";"MT";70;700;"CACERES";"N�o";"Curva acentuada";1;"Sa�da de leito carro��vel";"Com V�timas Feridas";"Pleno dia";"Decrescente";"Nublado";"Simples";"Curva";"N�o";1326410;"Autom�vel";"CHEV/ONIX PLUS 10TAT PR2/ONIX PLUS 10TAT PR2";2020;"Passageiro";"Ileso";5;"Feminino";1;0;0;0;-16,24919;-57,515277;"SPRF-MT";"DEL03-MT";"UOP01-DEL03-MT"
742793;1663637;2025-12-31;"quarta-feira";"11:00:00";"MT";70;700;"CACERES";"N�o";"Curva acentuada";1;"Sa�da de leito carro��vel";"Com V�timas Feridas";"Pleno dia";"Decrescente";"Nublado";"Simples";"Curva";"N�o";1326410;"Autom�vel";"CHEV/ONIX PLUS 10TAT PR2/ONIX PLUS 10TAT PR2";2020;"Condutor";"Les�es Leves";40;"Masculino";0;1;0;0;-16,24919;-57,515277;"SPRF-MT";"DEL03-MT";"UOP01-DEL03-MT"
742794;1663470;2025-12-31;"quarta-feira";"14:45:00";"DF";70;13;"BRASILIA";"Sim";"Acumulo de �gua sobre o pavimento";1;"Colis�o traseira";"Sem V�timas";"Pleno dia";"Crescente";"Chuva";"Dupla";"Reta";"Sim";1326301;"Caminhonete";"I/FORD RANGER XLSCD4A22C/FORD RANGER XLSCD4A22C";2018;"Condutor";"Ileso";41;"Masculino";1;0;0;0;-15,79721112;-48,17642033;"SPRF-DF";"DEL03-DF";"UOP02-DEL03-DF"
742794;1663469;2025-12-31;"quarta-feira";"14:45:00";"DF";70;13;"BRASILIA";"Sim";"Acumulo de �gua sobre o pavimento";1;"Colis�o traseira";"Sem V�timas";"Pleno dia";"Crescente";"Chuva";"Dupla";"Reta";"Sim";1326300;"Autom�vel";"I/FIAT SIENA FIRE FLEX/FIAT SIENA FIRE FLEX";2011;"Condutor";"Ileso";39;"Masculino";1;0;0;0;-15,79721112;-48,17642033;"SPRF-DF";"DEL03-DF";"UOP02-DEL03-DF"
742794;1663472;2025-12-31;"quarta-feira";"14:45:00";"DF";70;13;"BRASILIA";"Sim";"Acumulo de �gua sobre o pavimento";1;"Colis�o traseira";"Sem V�timas";"Pleno dia";"Crescente";"Chuva";"Dupla";"Reta";"Sim";NA;NA;"NA/NA/NA";NA;"Testemunha";"N�o Informado";NA;"N�o Informado";0;0;0;0;-15,79721112;-48,17642033;"SPRF-DF";"DEL03-DF";"UOP02-DEL03-DF"
742795;1663785;2025-12-31;"quarta-feira";"14:51:00";"GO";60;372,9;"RIO VERDE";"N�o";"Manobra de mudan�a de faixa";3;"Queda de ocupante de ve�culo";"Com V�timas Fatais";"Pleno dia";"Decrescente";"C�u Claro";"Dupla";"Reta;Aclive";"N�o";1326535;"Motocicleta";"HONDA/CBX 250 TWISTER/CBX 250 TWISTER";2006;"Condutor";"�bito";42;"Masculino";0;0;0;1;-17,725478;-50,86242;"SPRF-GO";"DEL04-GO";"UOP02-DEL04-GO"
742795;1663784;2025-12-31;"quarta-feira";"14:51:00";"GO";60;372,9;"RIO VERDE";"N�o";"Manobra de mudan�a de faixa";3;"Queda de ocupante de ve�culo";"Com V�timas Fatais";"Pleno dia";"Decrescente";"C�u Claro";"Dupla";"Reta;Aclive";"N�o";1326531;"Caminh�o-trator";"DAF/XF FTT 530/XF FTT 530";2022;"Condutor";"Ileso";47;"Masculino";1;0;0;0;-17,725478;-50,86242;"SPRF-GO";"DEL04-GO";"UOP02-DEL04-GO"
742795;NA;2025-12-31;"quarta-feira";"14:51:00";"GO";60;372,9;"RIO VERDE";"N�o";"Manobra de mudan�a de faixa";3;"Queda de ocupante de ve�culo";"Com V�timas Fatais";"Pleno dia";"Decrescente";"C�u Claro";"Dupla";"Reta;Aclive";"N�o";1326534;"Semireboque";"SR/RANDON TQ PP 03E/RANDON TQ PP 03E";2022;NA;NA;NA;NA;NA;NA;NA;NA;-17,725478;-50,86242;"SPRF-GO";"DEL04-GO";"UOP02-DEL04-GO"
742795;NA;2025-12-31;"quarta-feira";"14:51:00";"GO";60;372,9;"RIO VERDE";"N�o";"Manobra de mudan�a de faixa";3;"Queda de ocupante de ve�culo";"Com V�timas Fatais";"Pleno dia";"Decrescente";"C�u Claro";"Dupla";"Reta;Aclive";"N�o";1326532;"Semireboque";"SR/RANDON SR TQ PP BTD3E/RANDON SR TQ PP BTD3E";2022;NA;NA;NA;NA;NA;NA;NA;NA;-17,725478;-50,86242;"SPRF-GO";"DEL04-GO";"UOP02-DEL04-GO"
742795;1663785;2025-12-31;"quarta-feira";"14:51:00";"GO";60;372,9;"RIO VERDE";"N�o";"Manobra de mudan�a de faixa";2;"Tombamento";"Com V�timas Fatais";"Pleno dia";"Decrescente";"C�u Claro";"Dupla";"Reta;Aclive";"N�o";1326535;"Motocicleta";"HONDA/CBX 250 TWISTER/CBX 250 TWISTER";2006;"Condutor";"�bito";42;"Masculino";0;0;0;1;-17,725478;-50,86242;"SPRF-GO";"DEL04-GO";"UOP02-DEL04-GO"
742795;1663784;2025-12-31;"quarta-feira";"14:51:00";"GO";60;372,9;"RIO VERDE";"N�o";"Manobra de mudan�a de faixa";2;"Tombamento";"Com V�timas Fatais";"Pleno dia";"Decrescente";"C�u Claro";"Dupla";"Reta;Aclive";"N�o";1326531;"Caminh�o-trator";"DAF/XF FTT 530/XF FTT 530";2022;"Condutor";"Ileso";47;"Masculino";1;0;0;0;-17,725478;-50,86242;"SPRF-GO";"DEL04-GO";"UOP02-DEL04-GO"
742795;NA;2025-12-31;"quarta-feira";"14:51:00";"GO";60;372,9;"RIO VERDE";"N�o";"Manobra de mudan�a de faixa";2;"Tombamento";"Com V�timas Fatais";"Pleno dia";"Decrescente";"C�u Claro";"Dupla";"Reta;Aclive";"N�o";1326534;"Semireboque";"SR/RANDON TQ PP 03E/RANDON TQ PP 03E";2022;NA;NA;NA;NA;NA;NA;NA;NA;-17,725478;-50,86242;"SPRF-GO";"DEL04-GO";"UOP02-DEL04-GO"
742795;NA;2025-12-31;"quarta-feira";"14:51:00";"GO";60;372,9;"RIO VERDE";"N�o";"Manobra de mudan�a de faixa";2;"Tombamento";"Com V�timas Fatais";"Pleno dia";"Decrescente";"C�u Claro";"Dupla";"Reta;Aclive";"N�o";1326532;"Semireboque";"SR/RANDON SR TQ PP BTD3E/RANDON SR TQ PP BTD3E";2022;NA;NA;NA;NA;NA;NA;NA;NA;-17,725478;-50,86242;"SPRF-GO";"DEL04-GO";"UOP02-DEL04-GO"
742795;1663785;2025-12-31;"quarta-feira";"14:51:00";"GO";60;372,9;"RIO VERDE";"N�o";"Manobra de mudan�a de faixa";1;"Colis�o traseira";"Com V�timas Fatais";"Pleno dia";"Decrescente";"C�u Claro";"Dupla";"Reta;Aclive";"N�o";1326535;"Motocicleta";"HONDA/CBX 250 TWISTER/CBX 250 TWISTER";2006;"Condutor";"�bito";42;"Masculino";0;0;0;1;-17,725478;-50,86242;"SPRF-GO";"DEL04-GO";"UOP02-DEL04-GO"
742795;1663784;2025-12-31;"quarta-feira";"14:51:00";"GO";60;372,9;"RIO VERDE";"N�o";"Manobra de mudan�a de faixa";1;"Colis�o traseira";"Com V�timas Fatais";"Pleno dia";"Decrescente";"C�u Claro";"Dupla";"Reta;Aclive";"N�o";1326531;"Caminh�o-trator";"DAF/XF FTT 530/XF FTT 530";2022;"Condutor";"Ileso";47;"Masculino";1;0;0;0;-17,725478;-50,86242;"SPRF-GO";"DEL04-GO";"UOP02-DEL04-GO"
742795;NA;2025-12-31;"quarta-feira";"14:51:00";"GO";60;372,9;"RIO VERDE";"N�o";"Manobra de mudan�a de faixa";1;"Colis�o traseira";"Com V�timas Fatais";"Pleno dia";"Decrescente";"C�u Claro";"Dupla";"Reta;Aclive";"N�o";1326534;"Semireboque";"SR/RANDON TQ PP 03E/RANDON TQ PP 03E";2022;NA;NA;NA;NA;NA;NA;NA;NA;-17,725478;-50,86242;"SPRF-GO";"DEL04-GO";"UOP02-DEL04-GO"
742795;NA;2025-12-31;"quarta-feira";"14:51:00";"GO";60;372,9;"RIO VERDE";"N�o";"Manobra de mudan�a de faixa";1;"Colis�o traseira";"Com V�timas Fatais";"Pleno dia";"Decrescente";"C�u Claro";"Dupla";"Reta;Aclive";"N�o";1326532;"Semireboque";"SR/RANDON SR TQ PP BTD3E/RANDON SR TQ PP BTD3E";2022;NA;NA;NA;NA;NA;NA;NA;NA;-17,725478;-50,86242;"SPRF-GO";"DEL04-GO";"UOP02-DEL04-GO"
742795;1663785;2025-12-31;"quarta-feira";"14:51:00";"GO";60;372,9;"RIO VERDE";"Sim";"Rea��o tardia ou ineficiente do condutor";3;"Queda de ocupante de ve�culo";"Com V�timas Fatais";"Pleno dia";"Decrescente";"C�u Claro";"Dupla";"Reta;Aclive";"N�o";1326535;"Motocicleta";"HONDA/CBX 250 TWISTER/CBX 250 TWISTER";2006;"Condutor";"�bito";42;"Masculino";0;0;0;1;-17,725478;-50,86242;"SPRF-GO";"DEL04-GO";"UOP02-DEL04-GO"
742795;1663784;2025-12-31;"quarta-feira";"14:51:00";"GO";60;372,9;"RIO VERDE";"Sim";"Rea��o tardia ou ineficiente do condutor";3;"Queda de ocupante de ve�culo";"Com V�timas Fatais";"Pleno dia";"Decrescente";"C�u Claro";"Dupla";"Reta;Aclive";"N�o";1326531;"Caminh�o-trator";"DAF/XF FTT 530/XF FTT 530";2022;"Condutor";"Ileso";47;"Masculino";1;0;0;0;-17,725478;-50,86242;"SPRF-GO";"DEL04-GO";"UOP02-DEL04-GO"
742795;NA;2025-12-31;"quarta-feira";"14:51:00";"GO";60;372,9;"RIO VERDE";"Sim";"Rea��o tardia ou ineficiente do condutor";3;"Queda de ocupante de ve�culo";"Com V�timas Fatais";"Pleno dia";"Decrescente";"C�u Claro";"Dupla";"Reta;Aclive";"N�o";1326534;"Semireboque";"SR/RANDON TQ PP 03E/RANDON TQ PP 03E";2022;NA;NA;NA;NA;NA;NA;NA;NA;-17,725478;-50,86242;"SPRF-GO";"DEL04-GO";"UOP02-DEL04-GO"
742795;NA;2025-12-31;"quarta-feira";"14:51:00";"GO";60;372,9;"RIO VERDE";"Sim";"Rea��o tardia ou ineficiente do condutor";3;"Queda de ocupante de ve�culo";"Com V�timas Fatais";"Pleno dia";"Decrescente";"C�u Claro";"Dupla";"Reta;Aclive";"N�o";1326532;"Semireboque";"SR/RANDON SR TQ PP BTD3E/RANDON SR TQ PP BTD3E";2022;NA;NA;NA;NA;NA;NA;NA;NA;-17,725478;-50,86242;"SPRF-GO";"DEL04-GO";"UOP02-DEL04-GO"
742795;1663785;2025-12-31;"quarta-feira";"14:51:00";"GO";60;372,9;"RIO VERDE";"Sim";"Rea��o tardia ou ineficiente do condutor";2;"Tombamento";"Com V�timas Fatais";"Pleno dia";"Decrescente";"C�u Claro";"Dupla";"Reta;Aclive";"N�o";1326535;"Motocicleta";"HONDA/CBX 250 TWISTER/CBX 250 TWISTER";2006;"Condutor";"�bito";42;"Masculino";0;0;0;1;-17,725478;-50,86242;"SPRF-GO";"DEL04-GO";"UOP02-DEL04-GO"
742795;1663784;2025-12-31;"quarta-feira";"14:51:00";"GO";60;372,9;"RIO VERDE";"Sim";"Rea��o tardia ou ineficiente do condutor";2;"Tombamento";"Com V�timas Fatais";"Pleno dia";"Decrescente";"C�u Claro";"Dupla";"Reta;Aclive";"N�o";1326531;"Caminh�o-trator";"DAF/XF FTT 530/XF FTT 530";2022;"Condutor";"Ileso";47;"Masculino";1;0;0;0;-17,725478;-50,86242;"SPRF-GO";"DEL04-GO";"UOP02-DEL04-GO"
742795;NA;2025-12-31;"quarta-feira";"14:51:00";"GO";60;372,9;"RIO VERDE";"Sim";"Rea��o tardia ou ineficiente do condutor";2;"Tombamento";"Com V�timas Fatais";"Pleno dia";"Decrescente";"C�u Claro";"Dupla";"Reta;Aclive";"N�o";1326534;"Semireboque";"SR/RANDON TQ PP 03E/RANDON TQ PP 03E";2022;NA;NA;NA;NA;NA;NA;NA;NA;-17,725478;-50,86242;"SPRF-GO";"DEL04-GO";"UOP02-DEL04-GO"
742795;NA;2025-12-31;"quarta-feira";"14:51:00";"GO";60;372,9;"RIO VERDE";"Sim";"Rea��o tardia ou ineficiente do condutor";2;"Tombamento";"Com V�timas Fatais";"Pleno dia";"Decrescente";"C�u Claro";"Dupla";"Reta;Aclive";"N�o";1326532;"Semireboque";"SR/RANDON SR TQ PP BTD3E/RANDON SR TQ PP BTD3E";2022;NA;NA;NA;NA;NA;NA;NA;NA;-17,725478;-50,86242;"SPRF-GO";"DEL04-GO";"UOP02-DEL04-GO"
742795;1663785;2025-12-31;"quarta-feira";"14:51:00";"GO";60;372,9;"RIO VERDE";"Sim";"Rea��o tardia ou ineficiente do condutor";1;"Colis�o traseira";"Com V�timas Fatais";"Pleno dia";"Decrescente";"C�u Claro";"Dupla";"Reta;Aclive";"N�o";1326535;"Motocicleta";"HONDA/CBX 250 TWISTER/CBX 250 TWISTER";2006;"Condutor";"�bito";42;"Masculino";0;0;0;1;-17,725478;-50,86242;"SPRF-GO";"DEL04-GO";"UOP02-DEL04-GO"
742795;1663784;2025-12-31;"quarta-feira";"14:51:00";"GO";60;372,9;"RIO VERDE";"Sim";"Rea��o tardia ou ineficiente do condutor";1;"Colis�o traseira";"Com V�timas Fatais";"Pleno dia";"Decrescente";"C�u Claro";"Dupla";"Reta;Aclive";"N�o";1326531;"Caminh�o-trator";"DAF/XF FTT 530/XF FTT 530";2022;"Condutor";"Ileso";47;"Masculino";1;0;0;0;-17,725478;-50,86242;"SPRF-GO";"DEL04-GO";"UOP02-DEL04-GO"
742795;NA;2025-12-31;"quarta-feira";"14:51:00";"GO";60;372,9;"RIO VERDE";"Sim";"Rea��o tardia ou ineficiente do condutor";1;"Colis�o traseira";"Com V�timas Fatais";"Pleno dia";"Decrescente";"C�u Claro";"Dupla";"Reta;Aclive";"N�o";1326534;"Semireboque";"SR/RANDON TQ PP 03E/RANDON TQ PP 03E";2022;NA;NA;NA;NA;NA;NA;NA;NA;-17,725478;-50,86242;"SPRF-GO";"DEL04-GO";"UOP02-DEL04-GO"
742795;NA;2025-12-31;"quarta-feira";"14:51:00";"GO";60;372,9;"RIO VERDE";"Sim";"Rea��o tardia ou ineficiente do condutor";1;"Colis�o traseira";"Com V�timas Fatais";"Pleno dia";"Decrescente";"C�u Claro";"Dupla";"Reta;Aclive";"N�o";1326532;"Semireboque";"SR/RANDON SR TQ PP BTD3E/RANDON SR TQ PP BTD3E";2022;NA;NA;NA;NA;NA;NA;NA;NA;-17,725478;-50,86242;"SPRF-GO";"DEL04-GO";"UOP02-DEL04-GO"
742796;1663499;2025-12-31;"quarta-feira";"15:30:00";"PR";116;17;"CAMPINA GRANDE DO SUL";"Sim";"Rea��o tardia ou ineficiente do condutor";1;"Sa�da de leito carro��vel";"Com V�timas Feridas";"Pleno dia";"Decrescente";"Chuva";"Dupla";"Reta";"N�o";1326326;"Autom�vel";"VW/NOVO FOX TL ME/NOVO FOX TL ME";2015;"Passageiro";"Les�es Leves";65;"Masculino";0;1;0;0;-25,1115304;-48,81009936;"SPRF-PR";"DEL01-PR";"UOP02-DEL01-PR"
742796;1663498;2025-12-31;"quarta-feira";"15:30:00";"PR";116;17;"CAMPINA GRANDE DO SUL";"Sim";"Rea��o tardia ou ineficiente do condutor";1;"Sa�da de leito carro��vel";"Com V�timas Feridas";"Pleno dia";"Decrescente";"Chuva";"Dupla";"Reta";"N�o";1326326;"Autom�vel";"VW/NOVO FOX TL ME/NOVO FOX TL ME";2015;"Condutor";"Les�es Leves";59;"Masculino";0;1;0;0;-25,1115304;-48,81009936;"SPRF-PR";"DEL01-PR";"UOP02-DEL01-PR"
742798;1663492;2025-12-31;"quarta-feira";"11:50:00";"GO";364;100;"CACHOEIRA ALTA";"Sim";"Demais falhas mec�nicas ou el�tricas";1;"Inc�ndio";"Sem V�timas";"Pleno dia";"Decrescente";"C�u Claro";"Simples";"Aclive;Reta";"N�o";1326311;"Caminhonete";"FIAT/TORO FREEDOM AT/TORO FREEDOM AT";2017;"Passageiro";"Ileso";4;"Masculino";1;0;0;0;-18,41595167;-51,09539833;"SPRF-GO";"DEL05-GO";"UOP02-DEL05-GO"
742798;1663482;2025-12-31;"quarta-feira";"11:50:00";"GO";364;100;"CACHOEIRA ALTA";"Sim";"Demais falhas mec�nicas ou el�tricas";1;"Inc�ndio";"Sem V�timas";"Pleno dia";"Decrescente";"C�u Claro";"Simples";"Aclive;Reta";"N�o";1326311;"Caminhonete";"FIAT/TORO FREEDOM AT/TORO FREEDOM AT";2017;"Passageiro";"Ileso";28;"Feminino";1;0;0;0;-18,41595167;-51,09539833;"SPRF-GO";"DEL05-GO";"UOP02-DEL05-GO"
742798;1663481;2025-12-31;"quarta-feira";"11:50:00";"GO";364;100;"CACHOEIRA ALTA";"Sim";"Demais falhas mec�nicas ou el�tricas";1;"Inc�ndio";"Sem V�timas";"Pleno dia";"Decrescente";"C�u Claro";"Simples";"Aclive;Reta";"N�o";1326311;"Caminhonete";"FIAT/TORO FREEDOM AT/TORO FREEDOM AT";2017;"Condutor";"Ileso";33;"Masculino";1;0;0;0;-18,41595167;-51,09539833;"SPRF-GO";"DEL05-GO";"UOP02-DEL05-GO"
742799;1663511;2025-12-31;"quarta-feira";"14:00:00";"PR";369;152,7;"LONDRINA";"N�o";"Aus�ncia de rea��o do condutor";1;"Colis�o traseira";"Com V�timas Feridas";"Pleno dia";"Crescente";"C�u Claro";"Dupla";"Reta";"Sim";1326331;"Motocicleta";"MOTTU/SPORT 110I/SPORT 110I";2024;"Condutor";"Ileso";59;"Masculino";1;0;0;0;-23,29329316;-51,18693922;"SPRF-PR";"DEL07-PR";"UOP01-DEL07-PR"
742799;1663507;2025-12-31;"quarta-feira";"14:00:00";"PR";369;152,7;"LONDRINA";"N�o";"Aus�ncia de rea��o do condutor";1;"Colis�o traseira";"Com V�timas Feridas";"Pleno dia";"Crescente";"C�u Claro";"Dupla";"Reta";"Sim";1326330;"Utilit�rio";"BMW/X1 S20I ACTIVEFLEX/X1 S20I ACTIVEFLEX";2021;"Passageiro";"Les�es Leves";30;"Feminino";0;1;0;0;-23,29329316;-51,18693922;"SPRF-PR";"DEL07-PR";"UOP01-DEL07-PR"
742799;1663506;2025-12-31;"quarta-feira";"14:00:00";"PR";369;152,7;"LONDRINA";"N�o";"Aus�ncia de rea��o do condutor";1;"Colis�o traseira";"Com V�timas Feridas";"Pleno dia";"Crescente";"C�u Claro";"Dupla";"Reta";"Sim";1326330;"Utilit�rio";"BMW/X1 S20I ACTIVEFLEX/X1 S20I ACTIVEFLEX";2021;"Condutor";"Ileso";29;"Masculino";1;0;0;0;-23,29329316;-51,18693922;"SPRF-PR";"DEL07-PR";"UOP01-DEL07-PR"
742799;1663504;2025-12-31;"quarta-feira";"14:00:00";"PR";369;152,7;"LONDRINA";"N�o";"Aus�ncia de rea��o do condutor";1;"Colis�o traseira";"Com V�timas Feridas";"Pleno dia";"Crescente";"C�u Claro";"Dupla";"Reta";"Sim";1326329;"Autom�vel";"FORD/BELINA II L/BELINA II L";1983;"Condutor";"Ileso";43;"Masculino";1;0;0;0;-23,29329316;-51,18693922;"SPRF-PR";"DEL07-PR";"UOP01-DEL07-PR"
742799;1663503;2025-12-31;"quarta-feira";"14:00:00";"PR";369;152,7;"LONDRINA";"N�o";"Aus�ncia de rea��o do condutor";1;"Colis�o traseira";"Com V�timas Feridas";"Pleno dia";"Crescente";"C�u Claro";"Dupla";"Reta";"Sim";1326327;"Autom�vel";"GM/ASTRA SEDAN ELEGANCE/ASTRA SEDAN ELEGANCE";2008;"Passageiro";"Les�es Leves";22;"Feminino";0;1;0;0;-23,29329316;-51,18693922;"SPRF-PR";"DEL07-PR";"UOP01-DEL07-PR"
742799;1663500;2025-12-31;"quarta-feira";"14:00:00";"PR";369;152,7;"LONDRINA";"N�o";"Aus�ncia de rea��o do condutor";1;"Colis�o traseira";"Com V�timas Feridas";"Pleno dia";"Crescente";"C�u Claro";"Dupla";"Reta";"Sim";1326327;"Autom�vel";"GM/ASTRA SEDAN ELEGANCE/ASTRA SEDAN ELEGANCE";2008;"Condutor";"Les�es Leves";26;"Masculino";0;1;0;0;-23,29329316;-51,18693922;"SPRF-PR";"DEL07-PR";"UOP01-DEL07-PR"
742799;1663511;2025-12-31;"quarta-feira";"14:00:00";"PR";369;152,7;"LONDRINA";"Sim";"Velocidade Incompat�vel";1;"Colis�o traseira";"Com V�timas Feridas";"Pleno dia";"Crescente";"C�u Claro";"Dupla";"Reta";"Sim";1326331;"Motocicleta";"MOTTU/SPORT 110I/SPORT 110I";2024;"Condutor";"Ileso";59;"Masculino";1;0;0;0;-23,29329316;-51,18693922;"SPRF-PR";"DEL07-PR";"UOP01-DEL07-PR"
742799;1663507;2025-12-31;"quarta-feira";"14:00:00";"PR";369;152,7;"LONDRINA";"Sim";"Velocidade Incompat�vel";1;"Colis�o traseira";"Com V�timas Feridas";"Pleno dia";"Crescente";"C�u Claro";"Dupla";"Reta";"Sim";1326330;"Utilit�rio";"BMW/X1 S20I ACTIVEFLEX/X1 S20I ACTIVEFLEX";2021;"Passageiro";"Les�es Leves";30;"Feminino";0;1;0;0;-23,29329316;-51,18693922;"SPRF-PR";"DEL07-PR";"UOP01-DEL07-PR"
742799;1663506;2025-12-31;"quarta-feira";"14:00:00";"PR";369;152,7;"LONDRINA";"Sim";"Velocidade Incompat�vel";1;"Colis�o traseira";"Com V�timas Feridas";"Pleno dia";"Crescente";"C�u Claro";"Dupla";"Reta";"Sim";1326330;"Utilit�rio";"BMW/X1 S20I ACTIVEFLEX/X1 S20I ACTIVEFLEX";2021;"Condutor";"Ileso";29;"Masculino";1;0;0;0;-23,29329316;-51,18693922;"SPRF-PR";"DEL07-PR";"UOP01-DEL07-PR"
742799;1663504;2025-12-31;"quarta-feira";"14:00:00";"PR";369;152,7;"LONDRINA";"Sim";"Velocidade Incompat�vel";1;"Colis�o traseira";"Com V�timas Feridas";"Pleno dia";"Crescente";"C�u Claro";"Dupla";"Reta";"Sim";1326329;"Autom�vel";"FORD/BELINA II L/BELINA II L";1983;"Condutor";"Ileso";43;"Masculino";1;0;0;0;-23,29329316;-51,18693922;"SPRF-PR";"DEL07-PR";"UOP01-DEL07-PR"
742799;1663503;2025-12-31;"quarta-feira";"14:00:00";"PR";369;152,7;"LONDRINA";"Sim";"Velocidade Incompat�vel";1;"Colis�o traseira";"Com V�timas Feridas";"Pleno dia";"Crescente";"C�u Claro";"Dupla";"Reta";"Sim";1326327;"Autom�vel";"GM/ASTRA SEDAN ELEGANCE/ASTRA SEDAN ELEGANCE";2008;"Passageiro";"Les�es Leves";22;"Feminino";0;1;0;0;-23,29329316;-51,18693922;"SPRF-PR";"DEL07-PR";"UOP01-DEL07-PR"
742799;1663500;2025-12-31;"quarta-feira";"14:00:00";"PR";369;152,7;"LONDRINA";"Sim";"Velocidade Incompat�vel";1;"Colis�o traseira";"Com V�timas Feridas";"Pleno dia";"Crescente";"C�u Claro";"Dupla";"Reta";"Sim";1326327;"Autom�vel";"GM/ASTRA SEDAN ELEGANCE/ASTRA SEDAN ELEGANCE";2008;"Condutor";"Les�es Leves";26;"Masculino";0;1;0;0;-23,29329316;-51,18693922;"SPRF-PR";"DEL07-PR";"UOP01-DEL07-PR"
742800;1663591;2025-12-31;"quarta-feira";"15:29:00";"RS";116;454,6;"SAO LOURENCO DO SUL";"Sim";"Aus�ncia de rea��o do condutor";2;"Queda de ocupante de ve�culo";"Com V�timas Feridas";"Pleno dia";"Crescente";"C�u Claro";"Dupla";"Reta";"N�o";1326379;"Motocicleta";"HONDA/CG 150 TITAN KS/CG 150 TITAN KS";2006;"Condutor";"Les�es Leves";64;"Masculino";0;1;0;0;-31,260593;-52,001099;"SPRF-RS";"DEL02-RS";"UOP02-DEL02-RS"
742800;1663591;2025-12-31;"quarta-feira";"15:29:00";"RS";116;454,6;"SAO LOURENCO DO SUL";"Sim";"Aus�ncia de rea��o do condutor";1;"Tombamento";"Com V�timas Feridas";"Pleno dia";"Crescente";"C�u Claro";"Dupla";"Reta";"N�o";1326379;"Motocicleta";"HONDA/CG 150 TITAN KS/CG 150 TITAN KS";2006;"Condutor";"Les�es Leves";64;"Masculino";0;1;0;0;-31,260593;-52,001099;"SPRF-RS";"DEL02-RS";"UOP02-DEL02-RS"
742802;1664233;2025-12-31;"quarta-feira";"15:30:00";"SC";470;172;"POUSO REDONDO";"N�o";"Chuva";1;"Colis�o frontal";"Com V�timas Feridas";"Pleno dia";"Crescente";"Garoa/Chuvisco";"Simples";"Curva";"Sim";1326324;"Caminh�o-trator";"SCANIA/R450 A6X2/R450 A6X2";2024;"Passageiro";"Ileso";NA;"Masculino";1;0;0;0;-27,2584492;-49,9155176;"SPRF-SC";"DEL04-SC";"UOP02-DEL04-SC"
742802;1664232;2025-12-31;"quarta-feira";"15:30:00";"SC";470;172;"POUSO REDONDO";"N�o";"Chuva";1;"Colis�o frontal";"Com V�timas Feridas";"Pleno dia";"Crescente";"Garoa/Chuvisco";"Simples";"Curva";"Sim";1326324;"Caminh�o-trator";"SCANIA/R450 A6X2/R450 A6X2";2024;"Passageiro";"Ileso";NA;"Feminino";1;0;0;0;-27,2584492;-49,9155176;"SPRF-SC";"DEL04-SC";"UOP02-DEL04-SC"
742802;1664231;2025-12-31;"quarta-feira";"15:30:00";"SC";470;172;"POUSO REDONDO";"N�o";"Chuva";1;"Colis�o frontal";"Com V�timas Feridas";"Pleno dia";"Crescente";"Garoa/Chuvisco";"Simples";"Curva";"Sim";1326324;"Caminh�o-trator";"SCANIA/R450 A6X2/R450 A6X2";2024;"Passageiro";"Les�es Leves";41;"Feminino";0;1;0;0;-27,2584492;-49,9155176;"SPRF-SC";"DEL04-SC";"UOP02-DEL04-SC"