"id";"pesid";"data_inversa";"dia_semana";"horario";"uf";"br";"km";"municipio";"causa_principal";"causa_acidente";"ordem_tipo_acidente";"tipo_acidente";"classificacao_acidente";"fase_dia";"sentido_via";"condicao_metereologica";"tipo_pista";"tracado_via";"uso_solo";"id_veiculo";"tipo_veiculo";"marca";"ano_fabricacao_veiculo";"tipo_envolvido";"estado_fisico";"idade";"sexo";"ilesos";"feridos_leves";"feridos_graves";"mortos";"latitude";"longitude";"regional";"delegacia";"uop"
742802;1664230;2025-12-31;"quarta-feira";"15:30:00";"SC";470;172;"POUSO REDONDO";"N�o";"Chuva";1;"Colis�o frontal";"Com V�timas Feridas";"Pleno dia";"Crescente";"Garoa/Chuvisco";"Simples";"Curva";"Sim";1326324;"Caminh�o-trator";"SCANIA/R450 A6X2/R450 A6X2";2024;"Passageiro";"Ileso";NA;"Feminino";1;0;0;0;-27,2584492;-49,9155176;"SPRF-SC";"DEL04-SC";"UOP02-DEL04-SC"
742802;1663494;2025-12-31;"quarta-feira";"15:30:00";"SC";470;172;"POUSO REDONDO";"N�o";"Chuva";1;"Colis�o frontal";"Com V�timas Feridas";"Pleno dia";"Crescente";"Garoa/Chuvisco";"Simples";"Curva";"Sim";1326324;"Caminh�o-trator";"SCANIA/R450 A6X2/R450 A6X2";2024;"Condutor";"Ileso";54;"Masculino";1;0;0;0;-27,2584492;-49,9155176;"SPRF-SC";"DEL04-SC";"UOP02-DEL04-SC"
742802;1663495;2025-12-31;"quarta-feira";"15:30:00";"SC";470;172;"POUSO REDONDO";"N�o";"Chuva";1;"Colis�o frontal";"Com V�timas Feridas";"Pleno dia";"Crescente";"Garoa/Chuvisco";"Simples";"Curva";"Sim";1326321;"Caminh�o-trator";"MAN/TGX 28.440 6X2 T/TGX 28.440 6X2 T";2020;"Condutor";"Les�es Leves";44;"Masculino";0;1;0;0;-27,2584492;-49,9155176;"SPRF-SC";"DEL04-SC";"UOP02-DEL04-SC"
742802;NA;2025-12-31;"quarta-feira";"15:30:00";"SC";470;172;"POUSO REDONDO";"N�o";"Chuva";1;"Colis�o frontal";"Com V�timas Feridas";"Pleno dia";"Crescente";"Garoa/Chuvisco";"Simples";"Curva";"Sim";1326325;"Semireboque";"SR/FACCHINI SRF PC/FACCHINI SRF PC";2024;NA;NA;NA;NA;NA;NA;NA;NA;-27,2584492;-49,9155176;"SPRF-SC";"DEL04-SC";"UOP02-DEL04-SC"
742802;NA;2025-12-31;"quarta-feira";"15:30:00";"SC";470;172;"POUSO REDONDO";"N�o";"Chuva";1;"Colis�o frontal";"Com V�timas Feridas";"Pleno dia";"Crescente";"Garoa/Chuvisco";"Simples";"Curva";"Sim";1326322;"Semireboque";"SR/LIBRELATO SRCT 2E/LIBRELATO SRCT 2E";2018;NA;NA;NA;NA;NA;NA;NA;NA;-27,2584492;-49,9155176;"SPRF-SC";"DEL04-SC";"UOP02-DEL04-SC"
742802;1664233;2025-12-31;"quarta-feira";"15:30:00";"SC";470;172;"POUSO REDONDO";"Sim";"Acumulo de �leo sobre o pavimento";1;"Colis�o frontal";"Com V�timas Feridas";"Pleno dia";"Crescente";"Garoa/Chuvisco";"Simples";"Curva";"Sim";1326324;"Caminh�o-trator";"SCANIA/R450 A6X2/R450 A6X2";2024;"Passageiro";"Ileso";NA;"Masculino";1;0;0;0;-27,2584492;-49,9155176;"SPRF-SC";"DEL04-SC";"UOP02-DEL04-SC"
742802;1664232;2025-12-31;"quarta-feira";"15:30:00";"SC";470;172;"POUSO REDONDO";"Sim";"Acumulo de �leo sobre o pavimento";1;"Colis�o frontal";"Com V�timas Feridas";"Pleno dia";"Crescente";"Garoa/Chuvisco";"Simples";"Curva";"Sim";1326324;"Caminh�o-trator";"SCANIA/R450 A6X2/R450 A6X2";2024;"Passageiro";"Ileso";NA;"Feminino";1;0;0;0;-27,2584492;-49,9155176;"SPRF-SC";"DEL04-SC";"UOP02-DEL04-SC"
742802;1664231;2025-12-31;"quarta-feira";"15:30:00";"SC";470;172;"POUSO REDONDO";"Sim";"Acumulo de �leo sobre o pavimento";1;"Colis�o frontal";"Com V�timas Feridas";"Pleno dia";"Crescente";"Garoa/Chuvisco";"Simples";"Curva";"Sim";1326324;"Caminh�o-trator";"SCANIA/R450 A6X2/R450 A6X2";2024;"Passageiro";"Les�es Leves";41;"Feminino";0;1;0;0;-27,2584492;-49,9155176;"SPRF-SC";"DEL04-SC";"UOP02-DEL04-SC"
742802;1664230;2025-12-31;"quarta-feira";"15:30:00";"SC";470;172;"POUSO REDONDO";"Sim";"Acumulo de �leo sobre o pavimento";1;"Colis�o frontal";"Com V�timas Feridas";"Pleno dia";"Crescente";"Garoa/Chuvisco";"Simples";"Curva";"Sim";1326324;"Caminh�o-trator";"SCANIA/R450 A6X2/R450 A6X2";2024;"Passageiro";"Ileso";NA;"Feminino";1;0;0;0;-27,2584492;-49,9155176;"SPRF-SC";"DEL04-SC";"UOP02-DEL04-SC"
742802;1663494;2025-12-31;"quarta-feira";"15:30:00";"SC";470;172;"POUSO REDONDO";"Sim";"Acumulo de �leo sobre o pavimento";1;"Colis�o frontal";"Com V�timas Feridas";"Pleno dia";"Crescente";"Garoa/Chuvisco";"Simples";"Curva";"Sim";1326324;"Caminh�o-trator";"SCANIA/R450 A6X2/R450 A6X2";2024;"Condutor";"Ileso";54;"Masculino";1;0;0;0;-27,2584492;-49,9155176;"SPRF-SC";"DEL04-SC";"UOP02-DEL04-SC"
742802;1663495;2025-12-31;"quarta-feira";"15:30:00";"SC";470;172;"POUSO REDONDO";"Sim";"Acumulo de �leo sobre o pavimento";1;"Colis�o frontal";"Com V�timas Feridas";"Pleno dia";"Crescente";"Garoa/Chuvisco";"Simples";"Curva";"Sim";1326321;"Caminh�o-trator";"MAN/TGX 28.440 6X2 T/TGX 28.440 6X2 T";2020;"Condutor";"Les�es Leves";44;"Masculino";0;1;0;0;-27,2584492;-49,9155176;"SPRF-SC";"DEL04-SC";"UOP02-DEL04-SC"
742802;NA;2025-12-31;"quarta-feira";"15:30:00";"SC";470;172;"POUSO REDONDO";"Sim";"Acumulo de �leo sobre o pavimento";1;"Colis�o frontal";"Com V�timas Feridas";"Pleno dia";"Crescente";"Garoa/Chuvisco";"Simples";"Curva";"Sim";1326325;"Semireboque";"SR/FACCHINI SRF PC/FACCHINI SRF PC";2024;NA;NA;NA;NA;NA;NA;NA;NA;-27,2584492;-49,9155176;"SPRF-SC";"DEL04-SC";"UOP02-DEL04-SC"
742802;NA;2025-12-31;"quarta-feira";"15:30:00";"SC";470;172;"POUSO REDONDO";"Sim";"Acumulo de �leo sobre o pavimento";1;"Colis�o frontal";"Com V�timas Feridas";"Pleno dia";"Crescente";"Garoa/Chuvisco";"Simples";"Curva";"Sim";1326322;"Semireboque";"SR/LIBRELATO SRCT 2E/LIBRELATO SRCT 2E";2018;NA;NA;NA;NA;NA;NA;NA;NA;-27,2584492;-49,9155176;"SPRF-SC";"DEL04-SC";"UOP02-DEL04-SC"
742803;1663577;2025-12-31;"quarta-feira";"16:00:00";"RJ";101;314;"SAO GONCALO";"Sim";"Condutor deixou de manter dist�ncia do ve�culo da frente";3;"Queda de ocupante de ve�culo";"Com V�timas Feridas";"Pleno dia";"Decrescente";"C�u Claro";"Dupla";"Reta";"Sim";1326368;"Motocicleta";"N�o Informado/N�o Informado/N�o Informado";0;"Condutor";"Les�es Graves";25;"Masculino";0;0;1;0;-22,81534377;-43,07597486;"SPRF-RJ";"DEL02-RJ";"UOP02-DEL02-RJ"
742803;1663566;2025-12-31;"quarta-feira";"16:00:00";"RJ";101;314;"SAO GONCALO";"Sim";"Condutor deixou de manter dist�ncia do ve�culo da frente";3;"Queda de ocupante de ve�culo";"Com V�timas Feridas";"Pleno dia";"Decrescente";"C�u Claro";"Dupla";"Reta";"Sim";1326366;"Autom�vel";"VW/GOL MPI/GOL MPI";2022;"Condutor";"Ileso";27;"Masculino";1;0;0;0;-22,81534377;-43,07597486;"SPRF-RJ";"DEL02-RJ";"UOP02-DEL02-RJ"
742803;1663577;2025-12-31;"quarta-feira";"16:00:00";"RJ";101;314;"SAO GONCALO";"Sim";"Condutor deixou de manter dist�ncia do ve�culo da frente";2;"Tombamento";"Com V�timas Feridas";"Pleno dia";"Decrescente";"C�u Claro";"Dupla";"Reta";"Sim";1326368;"Motocicleta";"N�o Informado/N�o Informado/N�o Informado";0;"Condutor";"Les�es Graves";25;"Masculino";0;0;1;0;-22,81534377;-43,07597486;"SPRF-RJ";"DEL02-RJ";"UOP02-DEL02-RJ"
742803;1663566;2025-12-31;"quarta-feira";"16:00:00";"RJ";101;314;"SAO GONCALO";"Sim";"Condutor deixou de manter dist�ncia do ve�culo da frente";2;"Tombamento";"Com V�timas Feridas";"Pleno dia";"Decrescente";"C�u Claro";"Dupla";"Reta";"Sim";1326366;"Autom�vel";"VW/GOL MPI/GOL MPI";2022;"Condutor";"Ileso";27;"Masculino";1;0;0;0;-22,81534377;-43,07597486;"SPRF-RJ";"DEL02-RJ";"UOP02-DEL02-RJ"
742803;1663577;2025-12-31;"quarta-feira";"16:00:00";"RJ";101;314;"SAO GONCALO";"Sim";"Condutor deixou de manter dist�ncia do ve�culo da frente";1;"Colis�o traseira";"Com V�timas Feridas";"Pleno dia";"Decrescente";"C�u Claro";"Dupla";"Reta";"Sim";1326368;"Motocicleta";"N�o Informado/N�o Informado/N�o Informado";0;"Condutor";"Les�es Graves";25;"Masculino";0;0;1;0;-22,81534377;-43,07597486;"SPRF-RJ";"DEL02-RJ";"UOP02-DEL02-RJ"
742803;1663566;2025-12-31;"quarta-feira";"16:00:00";"RJ";101;314;"SAO GONCALO";"Sim";"Condutor deixou de manter dist�ncia do ve�culo da frente";1;"Colis�o traseira";"Com V�timas Feridas";"Pleno dia";"Decrescente";"C�u Claro";"Dupla";"Reta";"Sim";1326366;"Autom�vel";"VW/GOL MPI/GOL MPI";2022;"Condutor";"Ileso";27;"Masculino";1;0;0;0;-22,81534377;-43,07597486;"SPRF-RJ";"DEL02-RJ";"UOP02-DEL02-RJ"
742804;1665942;2025-12-31;"quarta-feira";"15:45:00";"DF";70;11;"BRASILIA";"N�o";"Velocidade Incompat�vel";1;"Sa�da de leito carro��vel";"Com V�timas Fatais";"Pleno dia";"Decrescente";"Garoa/Chuvisco";"Dupla";"Reta";"Sim";1327917;"Autom�vel";"HONDA/CIVIC EX CVT/CIVIC EX CVT";2018;"Condutor";"�bito";53;"Masculino";0;0;0;1;-15,789325;-48,147852;"SPRF-DF";"DEL03-DF";"UOP02-DEL03-DF"
742804;1665942;2025-12-31;"quarta-feira";"15:45:00";"DF";70;11;"BRASILIA";"N�o";"Velocidade Incompat�vel";2;"Colis�o com objeto";"Com V�timas Fatais";"Pleno dia";"Decrescente";"Garoa/Chuvisco";"Dupla";"Reta";"Sim";1327917;"Autom�vel";"HONDA/CIVIC EX CVT/CIVIC EX CVT";2018;"Condutor";"�bito";53;"Masculino";0;0;0;1;-15,789325;-48,147852;"SPRF-DF";"DEL03-DF";"UOP02-DEL03-DF"
742804;1665942;2025-12-31;"quarta-feira";"15:45:00";"DF";70;11;"BRASILIA";"N�o";"Rea��o tardia ou ineficiente do condutor";1;"Sa�da de leito carro��vel";"Com V�timas Fatais";"Pleno dia";"Decrescente";"Garoa/Chuvisco";"Dupla";"Reta";"Sim";1327917;"Autom�vel";"HONDA/CIVIC EX CVT/CIVIC EX CVT";2018;"Condutor";"�bito";53;"Masculino";0;0;0;1;-15,789325;-48,147852;"SPRF-DF";"DEL03-DF";"UOP02-DEL03-DF"
742804;1665942;2025-12-31;"quarta-feira";"15:45:00";"DF";70;11;"BRASILIA";"N�o";"Rea��o tardia ou ineficiente do condutor";2;"Colis�o com objeto";"Com V�timas Fatais";"Pleno dia";"Decrescente";"Garoa/Chuvisco";"Dupla";"Reta";"Sim";1327917;"Autom�vel";"HONDA/CIVIC EX CVT/CIVIC EX CVT";2018;"Condutor";"�bito";53;"Masculino";0;0;0;1;-15,789325;-48,147852;"SPRF-DF";"DEL03-DF";"UOP02-DEL03-DF"
742804;1665942;2025-12-31;"quarta-feira";"15:45:00";"DF";70;11;"BRASILIA";"Sim";"Pista Escorregadia";1;"Sa�da de leito carro��vel";"Com V�timas Fatais";"Pleno dia";"Decrescente";"Garoa/Chuvisco";"Dupla";"Reta";"Sim";1327917;"Autom�vel";"HONDA/CIVIC EX CVT/CIVIC EX CVT";2018;"Condutor";"�bito";53;"Masculino";0;0;0;1;-15,789325;-48,147852;"SPRF-DF";"DEL03-DF";"UOP02-DEL03-DF"
742804;1665942;2025-12-31;"quarta-feira";"15:45:00";"DF";70;11;"BRASILIA";"Sim";"Pista Escorregadia";2;"Colis�o com objeto";"Com V�timas Fatais";"Pleno dia";"Decrescente";"Garoa/Chuvisco";"Dupla";"Reta";"Sim";1327917;"Autom�vel";"HONDA/CIVIC EX CVT/CIVIC EX CVT";2018;"Condutor";"�bito";53;"Masculino";0;0;0;1;-15,789325;-48,147852;"SPRF-DF";"DEL03-DF";"UOP02-DEL03-DF"
742805;1663747;2025-12-31;"quarta-feira";"16:00:00";"MG";251;492;"FRANCISCO SA";"N�o";"Frear bruscamente";2;"Colis�o frontal";"Com V�timas Feridas";"Pleno dia";"Crescente";"Chuva";"Simples";"Declive;Reta";"N�o";1326500;"Caminh�o-trator";"VOLVO/FH 400 6X2T/FH 400 6X2T";2009;"Condutor";"Ileso";38;"Masculino";1;0;0;0;-16,63874497;-43,68086035;"SPRF-MG";"DEL12-MG";"UOP01-DEL12-MG"
742805;1663748;2025-12-31;"quarta-feira";"16:00:00";"MG";251;492;"FRANCISCO SA";"N�o";"Frear bruscamente";2;"Colis�o frontal";"Com V�timas Feridas";"Pleno dia";"Crescente";"Chuva";"Simples";"Declive;Reta";"N�o";1326504;"Caminh�o";"SCANIA/P320 B8X2/P320 B8X2";2019;"Condutor";"Les�es Leves";41;"Masculino";0;1;0;0;-16,63874497;-43,68086035;"SPRF-MG";"DEL12-MG";"UOP01-DEL12-MG"
742805;1663746;2025-12-31;"quarta-feira";"16:00:00";"MG";251;492;"FRANCISCO SA";"N�o";"Frear bruscamente";2;"Colis�o frontal";"Com V�timas Feridas";"Pleno dia";"Crescente";"Chuva";"Simples";"Declive;Reta";"N�o";1326495;"Caminh�o-trator";"VOLVO/FH 460 6X4T/FH 460 6X4T";2012;"Condutor";"Ileso";51;"Masculino";1;0;0;0;-16,63874497;-43,68086035;"SPRF-MG";"DEL12-MG";"UOP01-DEL12-MG"
742805;NA;2025-12-31;"quarta-feira";"16:00:00";"MG";251;492;"FRANCISCO SA";"N�o";"Frear bruscamente";2;"Colis�o frontal";"Com V�timas Feridas";"Pleno dia";"Crescente";"Chuva";"Simples";"Declive;Reta";"N�o";1326502;"Semireboque";"SR/UNICARR SRCF 3E/UNICARR SRCF 3E";2007;NA;NA;NA;NA;NA;NA;NA;NA;-16,63874497;-43,68086035;"SPRF-MG";"DEL12-MG";"UOP01-DEL12-MG"
742805;NA;2025-12-31;"quarta-feira";"16:00:00";"MG";251;492;"FRANCISCO SA";"N�o";"Frear bruscamente";2;"Colis�o frontal";"Com V�timas Feridas";"Pleno dia";"Crescente";"Chuva";"Simples";"Declive;Reta";"N�o";1326498;"Semireboque";"SR/RANDONSP SRFG LO/RANDONSP SRFG LO";2013;NA;NA;NA;NA;NA;NA;NA;NA;-16,63874497;-43,68086035;"SPRF-MG";"DEL12-MG";"UOP01-DEL12-MG"
742805;NA;2025-12-31;"quarta-feira";"16:00:00";"MG";251;492;"FRANCISCO SA";"N�o";"Frear bruscamente";2;"Colis�o frontal";"Com V�timas Feridas";"Pleno dia";"Crescente";"Chuva";"Simples";"Declive;Reta";"N�o";1326496;"Semireboque";"SR/RANDONSP SRFG LO/RANDONSP SRFG LO";2013;NA;NA;NA;NA;NA;NA;NA;NA;-16,63874497;-43,68086035;"SPRF-MG";"DEL12-MG";"UOP01-DEL12-MG"
742805;1663747;2025-12-31;"quarta-feira";"16:00:00";"MG";251;492;"FRANCISCO SA";"N�o";"Frear bruscamente";1;"Colis�o frontal";"Com V�timas Feridas";"Pleno dia";"Crescente";"Chuva";"Simples";"Declive;Reta";"N�o";1326500;"Caminh�o-trator";"VOLVO/FH 400 6X2T/FH 400 6X2T";2009;"Condutor";"Ileso";38;"Masculino";1;0;0;0;-16,63874497;-43,68086035;"SPRF-MG";"DEL12-MG";"UOP01-DEL12-MG"
742805;1663748;2025-12-31;"quarta-feira";"16:00:00";"MG";251;492;"FRANCISCO SA";"N�o";"Frear bruscamente";1;"Colis�o frontal";"Com V�timas Feridas";"Pleno dia";"Crescente";"Chuva";"Simples";"Declive;Reta";"N�o";1326504;"Caminh�o";"SCANIA/P320 B8X2/P320 B8X2";2019;"Condutor";"Les�es Leves";41;"Masculino";0;1;0;0;-16,63874497;-43,68086035;"SPRF-MG";"DEL12-MG";"UOP01-DEL12-MG"
742805;1663746;2025-12-31;"quarta-feira";"16:00:00";"MG";251;492;"FRANCISCO SA";"N�o";"Frear bruscamente";1;"Colis�o frontal";"Com V�timas Feridas";"Pleno dia";"Crescente";"Chuva";"Simples";"Declive;Reta";"N�o";1326495;"Caminh�o-trator";"VOLVO/FH 460 6X4T/FH 460 6X4T";2012;"Condutor";"Ileso";51;"Masculino";1;0;0;0;-16,63874497;-43,68086035;"SPRF-MG";"DEL12-MG";"UOP01-DEL12-MG"
742805;NA;2025-12-31;"quarta-feira";"16:00:00";"MG";251;492;"FRANCISCO SA";"N�o";"Frear bruscamente";1;"Colis�o frontal";"Com V�timas Feridas";"Pleno dia";"Crescente";"Chuva";"Simples";"Declive;Reta";"N�o";1326502;"Semireboque";"SR/UNICARR SRCF 3E/UNICARR SRCF 3E";2007;NA;NA;NA;NA;NA;NA;NA;NA;-16,63874497;-43,68086035;"SPRF-MG";"DEL12-MG";"UOP01-DEL12-MG"
742805;NA;2025-12-31;"quarta-feira";"16:00:00";"MG";251;492;"FRANCISCO SA";"N�o";"Frear bruscamente";1;"Colis�o frontal";"Com V�timas Feridas";"Pleno dia";"Crescente";"Chuva";"Simples";"Declive;Reta";"N�o";1326498;"Semireboque";"SR/RANDONSP SRFG LO/RANDONSP SRFG LO";2013;NA;NA;NA;NA;NA;NA;NA;NA;-16,63874497;-43,68086035;"SPRF-MG";"DEL12-MG";"UOP01-DEL12-MG"
742805;NA;2025-12-31;"quarta-feira";"16:00:00";"MG";251;492;"FRANCISCO SA";"N�o";"Frear bruscamente";1;"Colis�o frontal";"Com V�timas Feridas";"Pleno dia";"Crescente";"Chuva";"Simples";"Declive;Reta";"N�o";1326496;"Semireboque";"SR/RANDONSP SRFG LO/RANDONSP SRFG LO";2013;NA;NA;NA;NA;NA;NA;NA;NA;-16,63874497;-43,68086035;"SPRF-MG";"DEL12-MG";"UOP01-DEL12-MG"
742805;1663747;2025-12-31;"quarta-feira";"16:00:00";"MG";251;492;"FRANCISCO SA";"N�o";"Declive acentuado";2;"Colis�o frontal";"Com V�timas Feridas";"Pleno dia";"Crescente";"Chuva";"Simples";"Declive;Reta";"N�o";1326500;"Caminh�o-trator";"VOLVO/FH 400 6X2T/FH 400 6X2T";2009;"Condutor";"Ileso";38;"Masculino";1;0;0;0;-16,63874497;-43,68086035;"SPRF-MG";"DEL12-MG";"UOP01-DEL12-MG"
742805;1663748;2025-12-31;"quarta-feira";"16:00:00";"MG";251;492;"FRANCISCO SA";"N�o";"Declive acentuado";2;"Colis�o frontal";"Com V�timas Feridas";"Pleno dia";"Crescente";"Chuva";"Simples";"Declive;Reta";"N�o";1326504;"Caminh�o";"SCANIA/P320 B8X2/P320 B8X2";2019;"Condutor";"Les�es Leves";41;"Masculino";0;1;0;0;-16,63874497;-43,68086035;"SPRF-MG";"DEL12-MG";"UOP01-DEL12-MG"
742805;1663746;2025-12-31;"quarta-feira";"16:00:00";"MG";251;492;"FRANCISCO SA";"N�o";"Declive acentuado";2;"Colis�o frontal";"Com V�timas Feridas";"Pleno dia";"Crescente";"Chuva";"Simples";"Declive;Reta";"N�o";1326495;"Caminh�o-trator";"VOLVO/FH 460 6X4T/FH 460 6X4T";2012;"Condutor";"Ileso";51;"Masculino";1;0;0;0;-16,63874497;-43,68086035;"SPRF-MG";"DEL12-MG";"UOP01-DEL12-MG"
742805;NA;2025-12-31;"quarta-feira";"16:00:00";"MG";251;492;"FRANCISCO SA";"N�o";"Declive acentuado";2;"Colis�o frontal";"Com V�timas Feridas";"Pleno dia";"Crescente";"Chuva";"Simples";"Declive;Reta";"N�o";1326502;"Semireboque";"SR/UNICARR SRCF 3E/UNICARR SRCF 3E";2007;NA;NA;NA;NA;NA;NA;NA;NA;-16,63874497;-43,68086035;"SPRF-MG";"DEL12-MG";"UOP01-DEL12-MG"
742805;NA;2025-12-31;"quarta-feira";"16:00:00";"MG";251;492;"FRANCISCO SA";"N�o";"Declive acentuado";2;"Colis�o frontal";"Com V�timas Feridas";"Pleno dia";"Crescente";"Chuva";"Simples";"Declive;Reta";"N�o";1326498;"Semireboque";"SR/RANDONSP SRFG LO/RANDONSP SRFG LO";2013;NA;NA;NA;NA;NA;NA;NA;NA;-16,63874497;-43,68086035;"SPRF-MG";"DEL12-MG";"UOP01-DEL12-MG"
742805;NA;2025-12-31;"quarta-feira";"16:00:00";"MG";251;492;"FRANCISCO SA";"N�o";"Declive acentuado";2;"Colis�o frontal";"Com V�timas Feridas";"Pleno dia";"Crescente";"Chuva";"Simples";"Declive;Reta";"N�o";1326496;"Semireboque";"SR/RANDONSP SRFG LO/RANDONSP SRFG LO";2013;NA;NA;NA;NA;NA;NA;NA;NA;-16,63874497;-43,68086035;"SPRF-MG";"DEL12-MG";"UOP01-DEL12-MG"
742805;1663747;2025-12-31;"quarta-feira";"16:00:00";"MG";251;492;"FRANCISCO SA";"N�o";"Declive acentuado";1;"Colis�o frontal";"Com V�timas Feridas";"Pleno dia";"Crescente";"Chuva";"Simples";"Declive;Reta";"N�o";1326500;"Caminh�o-trator";"VOLVO/FH 400 6X2T/FH 400 6X2T";2009;"Condutor";"Ileso";38;"Masculino";1;0;0;0;-16,63874497;-43,68086035;"SPRF-MG";"DEL12-MG";"UOP01-DEL12-MG"
742805;1663748;2025-12-31;"quarta-feira";"16:00:00";"MG";251;492;"FRANCISCO SA";"N�o";"Declive acentuado";1;"Colis�o frontal";"Com V�timas Feridas";"Pleno dia";"Crescente";"Chuva";"Simples";"Declive;Reta";"N�o";1326504;"Caminh�o";"SCANIA/P320 B8X2/P320 B8X2";2019;"Condutor";"Les�es Leves";41;"Masculino";0;1;0;0;-16,63874497;-43,68086035;"SPRF-MG";"DEL12-MG";"UOP01-DEL12-MG"
742805;1663746;2025-12-31;"quarta-feira";"16:00:00";"MG";251;492;"FRANCISCO SA";"N�o";"Declive acentuado";1;"Colis�o frontal";"Com V�timas Feridas";"Pleno dia";"Crescente";"Chuva";"Simples";"Declive;Reta";"N�o";1326495;"Caminh�o-trator";"VOLVO/FH 460 6X4T/FH 460 6X4T";2012;"Condutor";"Ileso";51;"Masculino";1;0;0;0;-16,63874497;-43,68086035;"SPRF-MG";"DEL12-MG";"UOP01-DEL12-MG"
742805;NA;2025-12-31;"quarta-feira";"16:00:00";"MG";251;492;"FRANCISCO SA";"N�o";"Declive acentuado";1;"Colis�o frontal";"Com V�timas Feridas";"Pleno dia";"Crescente";"Chuva";"Simples";"Declive;Reta";"N�o";1326502;"Semireboque";"SR/UNICARR SRCF 3E/UNICARR SRCF 3E";2007;NA;NA;NA;NA;NA;NA;NA;NA;-16,63874497;-43,68086035;"SPRF-MG";"DEL12-MG";"UOP01-DEL12-MG"
742805;NA;2025-12-31;"quarta-feira";"16:00:00";"MG";251;492;"FRANCISCO SA";"N�o";"Declive acentuado";1;"Colis�o frontal";"Com V�timas Feridas";"Pleno dia";"Crescente";"Chuva";"Simples";"Declive;Reta";"N�o";1326498;"Semireboque";"SR/RANDONSP SRFG LO/RANDONSP SRFG LO";2013;NA;NA;NA;NA;NA;NA;NA;NA;-16,63874497;-43,68086035;"SPRF-MG";"DEL12-MG";"UOP01-DEL12-MG"
742805;NA;2025-12-31;"quarta-feira";"16:00:00";"MG";251;492;"FRANCISCO SA";"N�o";"Declive acentuado";1;"Colis�o frontal";"Com V�timas Feridas";"Pleno dia";"Crescente";"Chuva";"Simples";"Declive;Reta";"N�o";1326496;"Semireboque";"SR/RANDONSP SRFG LO/RANDONSP SRFG LO";2013;NA;NA;NA;NA;NA;NA;NA;NA;-16,63874497;-43,68086035;"SPRF-MG";"DEL12-MG";"UOP01-DEL12-MG"
742805;1663747;2025-12-31;"quarta-feira";"16:00:00";"MG";251;492;"FRANCISCO SA";"Sim";"Pista Escorregadia";2;"Colis�o frontal";"Com V�timas Feridas";"Pleno dia";"Crescente";"Chuva";"Simples";"Declive;Reta";"N�o";1326500;"Caminh�o-trator";"VOLVO/FH 400 6X2T/FH 400 6X2T";2009;"Condutor";"Ileso";38;"Masculino";1;0;0;0;-16,63874497;-43,68086035;"SPRF-MG";"DEL12-MG";"UOP01-DEL12-MG"
742805;1663748;2025-12-31;"quarta-feira";"16:00:00";"MG";251;492;"FRANCISCO SA";"Sim";"Pista Escorregadia";2;"Colis�o frontal";"Com V�timas Feridas";"Pleno dia";"Crescente";"Chuva";"Simples";"Declive;Reta";"N�o";1326504;"Caminh�o";"SCANIA/P320 B8X2/P320 B8X2";2019;"Condutor";"Les�es Leves";41;"Masculino";0;1;0;0;-16,63874497;-43,68086035;"SPRF-MG";"DEL12-MG";"UOP01-DEL12-MG"
742805;1663746;2025-12-31;"quarta-feira";"16:00:00";"MG";251;492;"FRANCISCO SA";"Sim";"Pista Escorregadia";2;"Colis�o frontal";"Com V�timas Feridas";"Pleno dia";"Crescente";"Chuva";"Simples";"Declive;Reta";"N�o";1326495;"Caminh�o-trator";"VOLVO/FH 460 6X4T/FH 460 6X4T";2012;"Condutor";"Ileso";51;"Masculino";1;0;0;0;-16,63874497;-43,68086035;"SPRF-MG";"DEL12-MG";"UOP01-DEL12-MG"
742805;NA;2025-12-31;"quarta-feira";"16:00:00";"MG";251;492;"FRANCISCO SA";"Sim";"Pista Escorregadia";2;"Colis�o frontal";"Com V�timas Feridas";"Pleno dia";"Crescente";"Chuva";"Simples";"Declive;Reta";"N�o";1326502;"Semireboque";"SR/UNICARR SRCF 3E/UNICARR SRCF 3E";2007;NA;NA;NA;NA;NA;NA;NA;NA;-16,63874497;-43,68086035;"SPRF-MG";"DEL12-MG";"UOP01-DEL12-MG"
742805;NA;2025-12-31;"quarta-feira";"16:00:00";"MG";251;492;"FRANCISCO SA";"Sim";"Pista Escorregadia";2;"Colis�o frontal";"Com V�timas Feridas";"Pleno dia";"Crescente";"Chuva";"Simples";"Declive;Reta";"N�o";1326498;"Semireboque";"SR/RANDONSP SRFG LO/RANDONSP SRFG LO";2013;NA;NA;NA;NA;NA;NA;NA;NA;-16,63874497;-43,68086035;"SPRF-MG";"DEL12-MG";"UOP01-DEL12-MG"
742805;NA;2025-12-31;"quarta-feira";"16:00:00";"MG";251;492;"FRANCISCO SA";"Sim";"Pista Escorregadia";2;"Colis�o frontal";"Com V�timas Feridas";"Pleno dia";"Crescente";"Chuva";"Simples";"Declive;Reta";"N�o";1326496;"Semireboque";"SR/RANDONSP SRFG LO/RANDONSP SRFG LO";2013;NA;NA;NA;NA;NA;NA;NA;NA;-16,63874497;-43,68086035;"SPRF-MG";"DEL12-MG";"UOP01-DEL12-MG"
742805;1663747;2025-12-31;"quarta-feira";"16:00:00";"MG";251;492;"FRANCISCO SA";"Sim";"Pista Escorregadia";1;"Colis�o frontal";"Com V�timas Feridas";"Pleno dia";"Crescente";"Chuva";"Simples";"Declive;Reta";"N�o";1326500;"Caminh�o-trator";"VOLVO/FH 400 6X2T/FH 400 6X2T";2009;"Condutor";"Ileso";38;"Masculino";1;0;0;0;-16,63874497;-43,68086035;"SPRF-MG";"DEL12-MG";"UOP01-DEL12-MG"