"id";"pesid";"data_inversa";"dia_semana";"horario";"uf";"br";"km";"municipio";"causa_principal";"causa_acidente";"ordem_tipo_acidente";"tipo_acidente";"classificacao_acidente";"fase_dia";"sentido_via";"condicao_metereologica";"tipo_pista";"tracado_via";"uso_solo";"id_veiculo";"tipo_veiculo";"marca";"ano_fabricacao_veiculo";"tipo_envolvido";"estado_fisico";"idade";"sexo";"ilesos";"feridos_leves";"feridos_graves";"mortos";"latitude";"longitude";"regional";"delegacia";"uop"
742805;1663748;2025-12-31;"quarta-feira";"16:00:00";"MG";251;492;"FRANCISCO SA";"Sim";"Pista Escorregadia";1;"Colis�o frontal";"Com V�timas Feridas";"Pleno dia";"Crescente";"Chuva";"Simples";"Declive;Reta";"N�o";1326504;"Caminh�o";"SCANIA/P320 B8X2/P320 B8X2";2019;"Condutor";"Les�es Leves";41;"Masculino";0;1;0;0;-16,63874497;-43,68086035;"SPRF-MG";"DEL12-MG";"UOP01-DEL12-MG"
742805;1663746;2025-12-31;"quarta-feira";"16:00:00";"MG";251;492;"FRANCISCO SA";"Sim";"Pista Escorregadia";1;"Colis�o frontal";"Com V�timas Feridas";"Pleno dia";"Crescente";"Chuva";"Simples";"Declive;Reta";"N�o";1326495;"Caminh�o-trator";"VOLVO/FH 460 6X4T/FH 460 6X4T";2012;"Condutor";"Ileso";51;"Masculino";1;0;0;0;-16,63874497;-43,68086035;"SPRF-MG";"DEL12-MG";"UOP01-DEL12-MG"
742805;NA;2025-12-31;"quarta-feira";"16:00:00";"MG";251;492;"FRANCISCO SA";"Sim";"Pista Escorregadia";1;"Colis�o frontal";"Com V�timas Feridas";"Pleno dia";"Crescente";"Chuva";"Simples";"Declive;Reta";"N�o";1326502;"Semireboque";"SR/UNICARR SRCF 3E/UNICARR SRCF 3E";2007;NA;NA;NA;NA;NA;NA;NA;NA;-16,63874497;-43,68086035;"SPRF-MG";"DEL12-MG";"UOP01-DEL12-MG"
742805;NA;2025-12-31;"quarta-feira";"16:00:00";"MG";251;492;"FRANCISCO SA";"Sim";"Pista Escorregadia";1;"Colis�o frontal";"Com V�timas Feridas";"Pleno dia";"Crescente";"Chuva";"Simples";"Declive;Reta";"N�o";1326498;"Semireboque";"SR/RANDONSP SRFG LO/RANDONSP SRFG LO";2013;NA;NA;NA;NA;NA;NA;NA;NA;-16,63874497;-43,68086035;"SPRF-MG";"DEL12-MG";"UOP01-DEL12-MG"
742805;NA;2025-12-31;"quarta-feira";"16:00:00";"MG";251;492;"FRANCISCO SA";"Sim";"Pista Escorregadia";1;"Colis�o frontal";"Com V�timas Feridas";"Pleno dia";"Crescente";"Chuva";"Simples";"Declive;Reta";"N�o";1326496;"Semireboque";"SR/RANDONSP SRFG LO/RANDONSP SRFG LO";2013;NA;NA;NA;NA;NA;NA;NA;NA;-16,63874497;-43,68086035;"SPRF-MG";"DEL12-MG";"UOP01-DEL12-MG"
742806;NA;2025-12-31;"quarta-feira";"16:00:00";"SP";116;112;"TAUBATE";"Sim";"Suic�dio (presumido)";1;"Atropelamento de Pedestre";"Com V�timas Feridas";"Pleno dia";"Crescente";"C�u Claro";"Dupla";"Reta";"N�o";1327962;"Semireboque";"SR/FACCHINI SRF LOED/FACCHINI SRF LOED";2020;NA;NA;NA;NA;NA;NA;NA;NA;-23,04311755;-45,57400351;"SPRF-SP";"DEL02-SP";"UOP02-DEL02-SP"
742806;1663664;2025-12-31;"quarta-feira";"16:00:00";"SP";116;112;"TAUBATE";"Sim";"Suic�dio (presumido)";1;"Atropelamento de Pedestre";"Com V�timas Feridas";"Pleno dia";"Crescente";"C�u Claro";"Dupla";"Reta";"N�o";1326438;"Caminh�o-trator";"VW/25.420 CTC 6X2/25.420 CTC 6X2";2022;"Condutor";"Ileso";62;"Masculino";1;0;0;0;-23,04311755;-45,57400351;"SPRF-SP";"DEL02-SP";"UOP02-DEL02-SP"
742806;1663666;2025-12-31;"quarta-feira";"16:00:00";"SP";116;112;"TAUBATE";"Sim";"Suic�dio (presumido)";1;"Atropelamento de Pedestre";"Com V�timas Feridas";"Pleno dia";"Crescente";"C�u Claro";"Dupla";"Reta";"N�o";NA;NA;"NA/NA/NA";NA;"Pedestre";"Les�es Graves";22;"Feminino";0;0;1;0;-23,04311755;-45,57400351;"SPRF-SP";"DEL02-SP";"UOP02-DEL02-SP"
742807;1663532;2025-12-31;"quarta-feira";"16:30:00";"SE";235;44;"ITABAIANA";"Sim";"Demais falhas mec�nicas ou el�tricas";1;"Queda de ocupante de ve�culo";"Com V�timas Feridas";"Pleno dia";"Crescente";"C�u Claro";"Simples";"Reta";"N�o";1326335;"Ciclomotor";"I/HAOJIAN AVELLOZ AZ1/HAOJIAN AVELLOZ AZ1";2024;"Condutor";"Les�es Graves";29;"Masculino";0;0;1;0;-10,751279;-37,397224;"SPRF-SE";"DEL01-SE";"UOP02-DEL01-SE"
742808;1663518;2025-12-31;"quarta-feira";"12:00:00";"MG";116;324;"ITAMBACURI";"Sim";"Condutor Dormindo";1;"Capotamento";"Com V�timas Feridas";"Pleno dia";"Decrescente";"C�u Claro";"Simples";"Reta";"N�o";1326334;"Autom�vel";"I/NISSAN SENTRA 20SLFLEX/NISSAN SENTRA 20SLFLEX";2011;"Passageiro";"Ileso";30;"Masculino";1;0;0;0;-18,1789358;-41,7083069;"SPRF-MG";"DEL11-MG";"UOP01-DEL11-MG"
742808;1663517;2025-12-31;"quarta-feira";"12:00:00";"MG";116;324;"ITAMBACURI";"Sim";"Condutor Dormindo";1;"Capotamento";"Com V�timas Feridas";"Pleno dia";"Decrescente";"C�u Claro";"Simples";"Reta";"N�o";1326334;"Autom�vel";"I/NISSAN SENTRA 20SLFLEX/NISSAN SENTRA 20SLFLEX";2011;"Passageiro";"Ileso";15;"Feminino";1;0;0;0;-18,1789358;-41,7083069;"SPRF-MG";"DEL11-MG";"UOP01-DEL11-MG"
742808;1663516;2025-12-31;"quarta-feira";"12:00:00";"MG";116;324;"ITAMBACURI";"Sim";"Condutor Dormindo";1;"Capotamento";"Com V�timas Feridas";"Pleno dia";"Decrescente";"C�u Claro";"Simples";"Reta";"N�o";1326334;"Autom�vel";"I/NISSAN SENTRA 20SLFLEX/NISSAN SENTRA 20SLFLEX";2011;"Passageiro";"Les�es Leves";22;"Feminino";0;1;0;0;-18,1789358;-41,7083069;"SPRF-MG";"DEL11-MG";"UOP01-DEL11-MG"
742808;1663515;2025-12-31;"quarta-feira";"12:00:00";"MG";116;324;"ITAMBACURI";"Sim";"Condutor Dormindo";1;"Capotamento";"Com V�timas Feridas";"Pleno dia";"Decrescente";"C�u Claro";"Simples";"Reta";"N�o";1326334;"Autom�vel";"I/NISSAN SENTRA 20SLFLEX/NISSAN SENTRA 20SLFLEX";2011;"Passageiro";"Les�es Graves";62;"Masculino";0;0;1;0;-18,1789358;-41,7083069;"SPRF-MG";"DEL11-MG";"UOP01-DEL11-MG"
742808;1663514;2025-12-31;"quarta-feira";"12:00:00";"MG";116;324;"ITAMBACURI";"Sim";"Condutor Dormindo";1;"Capotamento";"Com V�timas Feridas";"Pleno dia";"Decrescente";"C�u Claro";"Simples";"Reta";"N�o";1326334;"Autom�vel";"I/NISSAN SENTRA 20SLFLEX/NISSAN SENTRA 20SLFLEX";2011;"Condutor";"Ileso";50;"Feminino";1;0;0;0;-18,1789358;-41,7083069;"SPRF-MG";"DEL11-MG";"UOP01-DEL11-MG"
742811;1663703;2025-12-31;"quarta-feira";"16:40:00";"ES";262;36;"DOMINGOS MARTINS";"Sim";"Aus�ncia de rea��o do condutor";1;"Colis�o com objeto";"Com V�timas Feridas";"Pleno dia";"Crescente";"C�u Claro";"Simples";"Curva;Declive";"N�o";1326463;"Motocicleta";"YAMAHA/LANDER XTZ250/LANDER XTZ250";2008;"Passageiro";"Les�es Graves";20;"Masculino";0;0;1;0;-20,382492;-40,603608;"SPRF-ES";"DEL01-ES";"UOP01-DEL01-ES"
742811;1663702;2025-12-31;"quarta-feira";"16:40:00";"ES";262;36;"DOMINGOS MARTINS";"Sim";"Aus�ncia de rea��o do condutor";1;"Colis�o com objeto";"Com V�timas Feridas";"Pleno dia";"Crescente";"C�u Claro";"Simples";"Curva;Declive";"N�o";1326463;"Motocicleta";"YAMAHA/LANDER XTZ250/LANDER XTZ250";2008;"Condutor";"Les�es Graves";24;"Masculino";0;0;1;0;-20,382492;-40,603608;"SPRF-ES";"DEL01-ES";"UOP01-DEL01-ES"
742812;1663524;2025-12-31;"quarta-feira";"14:10:00";"RJ";116;148;"DUQUE DE CAXIAS";"N�o";"Acessar a via sem observar a presen�a dos outros ve�culos";2;"Capotamento";"Com V�timas Feridas";"Pleno dia";"Decrescente";"C�u Claro";"M�ltipla";"Reta";"N�o";1326340;"Autom�vel";"RENAULT/SANDERO AUTH 10/SANDERO AUTH 10";2017;"Passageiro";"Ileso";28;"Feminino";1;0;0;0;-22,67201604;-43,28583241;"SPRF-RJ";"DEL01-RJ";"UOP02-DEL01-RJ"
742812;1663523;2025-12-31;"quarta-feira";"14:10:00";"RJ";116;148;"DUQUE DE CAXIAS";"N�o";"Acessar a via sem observar a presen�a dos outros ve�culos";2;"Capotamento";"Com V�timas Feridas";"Pleno dia";"Decrescente";"C�u Claro";"M�ltipla";"Reta";"N�o";1326340;"Autom�vel";"RENAULT/SANDERO AUTH 10/SANDERO AUTH 10";2017;"Condutor";"Les�es Leves";27;"Masculino";0;1;0;0;-22,67201604;-43,28583241;"SPRF-RJ";"DEL01-RJ";"UOP02-DEL01-RJ"
742812;1663524;2025-12-31;"quarta-feira";"14:10:00";"RJ";116;148;"DUQUE DE CAXIAS";"N�o";"Acessar a via sem observar a presen�a dos outros ve�culos";1;"Colis�o com objeto";"Com V�timas Feridas";"Pleno dia";"Decrescente";"C�u Claro";"M�ltipla";"Reta";"N�o";1326340;"Autom�vel";"RENAULT/SANDERO AUTH 10/SANDERO AUTH 10";2017;"Passageiro";"Ileso";28;"Feminino";1;0;0;0;-22,67201604;-43,28583241;"SPRF-RJ";"DEL01-RJ";"UOP02-DEL01-RJ"
742812;1663523;2025-12-31;"quarta-feira";"14:10:00";"RJ";116;148;"DUQUE DE CAXIAS";"N�o";"Acessar a via sem observar a presen�a dos outros ve�culos";1;"Colis�o com objeto";"Com V�timas Feridas";"Pleno dia";"Decrescente";"C�u Claro";"M�ltipla";"Reta";"N�o";1326340;"Autom�vel";"RENAULT/SANDERO AUTH 10/SANDERO AUTH 10";2017;"Condutor";"Les�es Leves";27;"Masculino";0;1;0;0;-22,67201604;-43,28583241;"SPRF-RJ";"DEL01-RJ";"UOP02-DEL01-RJ"
742812;1663524;2025-12-31;"quarta-feira";"14:10:00";"RJ";116;148;"DUQUE DE CAXIAS";"Sim";"Rea��o tardia ou ineficiente do condutor";2;"Capotamento";"Com V�timas Feridas";"Pleno dia";"Decrescente";"C�u Claro";"M�ltipla";"Reta";"N�o";1326340;"Autom�vel";"RENAULT/SANDERO AUTH 10/SANDERO AUTH 10";2017;"Passageiro";"Ileso";28;"Feminino";1;0;0;0;-22,67201604;-43,28583241;"SPRF-RJ";"DEL01-RJ";"UOP02-DEL01-RJ"
742812;1663523;2025-12-31;"quarta-feira";"14:10:00";"RJ";116;148;"DUQUE DE CAXIAS";"Sim";"Rea��o tardia ou ineficiente do condutor";2;"Capotamento";"Com V�timas Feridas";"Pleno dia";"Decrescente";"C�u Claro";"M�ltipla";"Reta";"N�o";1326340;"Autom�vel";"RENAULT/SANDERO AUTH 10/SANDERO AUTH 10";2017;"Condutor";"Les�es Leves";27;"Masculino";0;1;0;0;-22,67201604;-43,28583241;"SPRF-RJ";"DEL01-RJ";"UOP02-DEL01-RJ"
742812;1663524;2025-12-31;"quarta-feira";"14:10:00";"RJ";116;148;"DUQUE DE CAXIAS";"Sim";"Rea��o tardia ou ineficiente do condutor";1;"Colis�o com objeto";"Com V�timas Feridas";"Pleno dia";"Decrescente";"C�u Claro";"M�ltipla";"Reta";"N�o";1326340;"Autom�vel";"RENAULT/SANDERO AUTH 10/SANDERO AUTH 10";2017;"Passageiro";"Ileso";28;"Feminino";1;0;0;0;-22,67201604;-43,28583241;"SPRF-RJ";"DEL01-RJ";"UOP02-DEL01-RJ"
742812;1663523;2025-12-31;"quarta-feira";"14:10:00";"RJ";116;148;"DUQUE DE CAXIAS";"Sim";"Rea��o tardia ou ineficiente do condutor";1;"Colis�o com objeto";"Com V�timas Feridas";"Pleno dia";"Decrescente";"C�u Claro";"M�ltipla";"Reta";"N�o";1326340;"Autom�vel";"RENAULT/SANDERO AUTH 10/SANDERO AUTH 10";2017;"Condutor";"Les�es Leves";27;"Masculino";0;1;0;0;-22,67201604;-43,28583241;"SPRF-RJ";"DEL01-RJ";"UOP02-DEL01-RJ"
742813;1663808;2025-12-31;"quarta-feira";"00:30:00";"PR";153;125,7;"IBAITI";"Sim";"Velocidade Incompat�vel";2;"Capotamento";"Com V�timas Feridas";"Plena Noite";"Crescente";"C�u Claro";"Simples";"Declive;Curva";"N�o";1326549;"Caminh�o";"M.BENZ/ATEGO 2426/ATEGO 2426";2012;"Condutor";"Les�es Graves";34;"Masculino";0;0;1;0;-23,96956633;-50,23553646;"SPRF-PR";"DEL07-PR";"UOP04-DEL07-PR"
742813;1663808;2025-12-31;"quarta-feira";"00:30:00";"PR";153;125,7;"IBAITI";"Sim";"Velocidade Incompat�vel";1;"Tombamento";"Com V�timas Feridas";"Plena Noite";"Crescente";"C�u Claro";"Simples";"Declive;Curva";"N�o";1326549;"Caminh�o";"M.BENZ/ATEGO 2426/ATEGO 2426";2012;"Condutor";"Les�es Graves";34;"Masculino";0;0;1;0;-23,96956633;-50,23553646;"SPRF-PR";"DEL07-PR";"UOP04-DEL07-PR"
742814;1663900;2025-12-31;"quarta-feira";"16:35:00";"GO";153;506;"APARECIDA DE GOIANIA";"N�o";"Velocidade Incompat�vel";3;"Queda de ocupante de ve�culo";"Com V�timas Feridas";"Pleno dia";"Decrescente";"Chuva";"Dupla";"Declive;Reta";"Sim";1326393;"Motocicleta";"HONDA/CG 125 FAN ES/CG 125 FAN ES";2009;"Condutor";"Les�es Graves";22;"Masculino";0;0;1;0;-16,761793;-49,240097;"SPRF-GO";"DEL01-GO";"UOP01-DEL01-GO"
742814;1663899;2025-12-31;"quarta-feira";"16:35:00";"GO";153;506;"APARECIDA DE GOIANIA";"N�o";"Velocidade Incompat�vel";3;"Queda de ocupante de ve�culo";"Com V�timas Feridas";"Pleno dia";"Decrescente";"Chuva";"Dupla";"Declive;Reta";"Sim";1326388;"Caminh�o";"VW/26.260 CRM 6X2/26.260 CRM 6X2";2025;"Condutor";"Ileso";39;"Masculino";1;0;0;0;-16,761793;-49,240097;"SPRF-GO";"DEL01-GO";"UOP01-DEL01-GO"
742814;1663900;2025-12-31;"quarta-feira";"16:35:00";"GO";153;506;"APARECIDA DE GOIANIA";"N�o";"Velocidade Incompat�vel";2;"Colis�o com objeto";"Com V�timas Feridas";"Pleno dia";"Decrescente";"Chuva";"Dupla";"Declive;Reta";"Sim";1326393;"Motocicleta";"HONDA/CG 125 FAN ES/CG 125 FAN ES";2009;"Condutor";"Les�es Graves";22;"Masculino";0;0;1;0;-16,761793;-49,240097;"SPRF-GO";"DEL01-GO";"UOP01-DEL01-GO"
742814;1663899;2025-12-31;"quarta-feira";"16:35:00";"GO";153;506;"APARECIDA DE GOIANIA";"N�o";"Velocidade Incompat�vel";2;"Colis�o com objeto";"Com V�timas Feridas";"Pleno dia";"Decrescente";"Chuva";"Dupla";"Declive;Reta";"Sim";1326388;"Caminh�o";"VW/26.260 CRM 6X2/26.260 CRM 6X2";2025;"Condutor";"Ileso";39;"Masculino";1;0;0;0;-16,761793;-49,240097;"SPRF-GO";"DEL01-GO";"UOP01-DEL01-GO"
742814;1663900;2025-12-31;"quarta-feira";"16:35:00";"GO";153;506;"APARECIDA DE GOIANIA";"N�o";"Velocidade Incompat�vel";1;"Colis�o com objeto";"Com V�timas Feridas";"Pleno dia";"Decrescente";"Chuva";"Dupla";"Declive;Reta";"Sim";1326393;"Motocicleta";"HONDA/CG 125 FAN ES/CG 125 FAN ES";2009;"Condutor";"Les�es Graves";22;"Masculino";0;0;1;0;-16,761793;-49,240097;"SPRF-GO";"DEL01-GO";"UOP01-DEL01-GO"
742814;1663899;2025-12-31;"quarta-feira";"16:35:00";"GO";153;506;"APARECIDA DE GOIANIA";"N�o";"Velocidade Incompat�vel";1;"Colis�o com objeto";"Com V�timas Feridas";"Pleno dia";"Decrescente";"Chuva";"Dupla";"Declive;Reta";"Sim";1326388;"Caminh�o";"VW/26.260 CRM 6X2/26.260 CRM 6X2";2025;"Condutor";"Ileso";39;"Masculino";1;0;0;0;-16,761793;-49,240097;"SPRF-GO";"DEL01-GO";"UOP01-DEL01-GO"
742814;1663900;2025-12-31;"quarta-feira";"16:35:00";"GO";153;506;"APARECIDA DE GOIANIA";"N�o";"Chuva";3;"Queda de ocupante de ve�culo";"Com V�timas Feridas";"Pleno dia";"Decrescente";"Chuva";"Dupla";"Declive;Reta";"Sim";1326393;"Motocicleta";"HONDA/CG 125 FAN ES/CG 125 FAN ES";2009;"Condutor";"Les�es Graves";22;"Masculino";0;0;1;0;-16,761793;-49,240097;"SPRF-GO";"DEL01-GO";"UOP01-DEL01-GO"
742814;1663899;2025-12-31;"quarta-feira";"16:35:00";"GO";153;506;"APARECIDA DE GOIANIA";"N�o";"Chuva";3;"Queda de ocupante de ve�culo";"Com V�timas Feridas";"Pleno dia";"Decrescente";"Chuva";"Dupla";"Declive;Reta";"Sim";1326388;"Caminh�o";"VW/26.260 CRM 6X2/26.260 CRM 6X2";2025;"Condutor";"Ileso";39;"Masculino";1;0;0;0;-16,761793;-49,240097;"SPRF-GO";"DEL01-GO";"UOP01-DEL01-GO"
742814;1663900;2025-12-31;"quarta-feira";"16:35:00";"GO";153;506;"APARECIDA DE GOIANIA";"N�o";"Chuva";2;"Colis�o com objeto";"Com V�timas Feridas";"Pleno dia";"Decrescente";"Chuva";"Dupla";"Declive;Reta";"Sim";1326393;"Motocicleta";"HONDA/CG 125 FAN ES/CG 125 FAN ES";2009;"Condutor";"Les�es Graves";22;"Masculino";0;0;1;0;-16,761793;-49,240097;"SPRF-GO";"DEL01-GO";"UOP01-DEL01-GO"
742814;1663899;2025-12-31;"quarta-feira";"16:35:00";"GO";153;506;"APARECIDA DE GOIANIA";"N�o";"Chuva";2;"Colis�o com objeto";"Com V�timas Feridas";"Pleno dia";"Decrescente";"Chuva";"Dupla";"Declive;Reta";"Sim";1326388;"Caminh�o";"VW/26.260 CRM 6X2/26.260 CRM 6X2";2025;"Condutor";"Ileso";39;"Masculino";1;0;0;0;-16,761793;-49,240097;"SPRF-GO";"DEL01-GO";"UOP01-DEL01-GO"
742814;1663900;2025-12-31;"quarta-feira";"16:35:00";"GO";153;506;"APARECIDA DE GOIANIA";"N�o";"Chuva";1;"Colis�o com objeto";"Com V�timas Feridas";"Pleno dia";"Decrescente";"Chuva";"Dupla";"Declive;Reta";"Sim";1326393;"Motocicleta";"HONDA/CG 125 FAN ES/CG 125 FAN ES";2009;"Condutor";"Les�es Graves";22;"Masculino";0;0;1;0;-16,761793;-49,240097;"SPRF-GO";"DEL01-GO";"UOP01-DEL01-GO"
742814;1663899;2025-12-31;"quarta-feira";"16:35:00";"GO";153;506;"APARECIDA DE GOIANIA";"N�o";"Chuva";1;"Colis�o com objeto";"Com V�timas Feridas";"Pleno dia";"Decrescente";"Chuva";"Dupla";"Declive;Reta";"Sim";1326388;"Caminh�o";"VW/26.260 CRM 6X2/26.260 CRM 6X2";2025;"Condutor";"Ileso";39;"Masculino";1;0;0;0;-16,761793;-49,240097;"SPRF-GO";"DEL01-GO";"UOP01-DEL01-GO"
742814;1663900;2025-12-31;"quarta-feira";"16:35:00";"GO";153;506;"APARECIDA DE GOIANIA";"Sim";"Acumulo de �gua sobre o pavimento";3;"Queda de ocupante de ve�culo";"Com V�timas Feridas";"Pleno dia";"Decrescente";"Chuva";"Dupla";"Declive;Reta";"Sim";1326393;"Motocicleta";"HONDA/CG 125 FAN ES/CG 125 FAN ES";2009;"Condutor";"Les�es Graves";22;"Masculino";0;0;1;0;-16,761793;-49,240097;"SPRF-GO";"DEL01-GO";"UOP01-DEL01-GO"
742814;1663899;2025-12-31;"quarta-feira";"16:35:00";"GO";153;506;"APARECIDA DE GOIANIA";"Sim";"Acumulo de �gua sobre o pavimento";3;"Queda de ocupante de ve�culo";"Com V�timas Feridas";"Pleno dia";"Decrescente";"Chuva";"Dupla";"Declive;Reta";"Sim";1326388;"Caminh�o";"VW/26.260 CRM 6X2/26.260 CRM 6X2";2025;"Condutor";"Ileso";39;"Masculino";1;0;0;0;-16,761793;-49,240097;"SPRF-GO";"DEL01-GO";"UOP01-DEL01-GO"
742814;1663900;2025-12-31;"quarta-feira";"16:35:00";"GO";153;506;"APARECIDA DE GOIANIA";"Sim";"Acumulo de �gua sobre o pavimento";2;"Colis�o com objeto";"Com V�timas Feridas";"Pleno dia";"Decrescente";"Chuva";"Dupla";"Declive;Reta";"Sim";1326393;"Motocicleta";"HONDA/CG 125 FAN ES/CG 125 FAN ES";2009;"Condutor";"Les�es Graves";22;"Masculino";0;0;1;0;-16,761793;-49,240097;"SPRF-GO";"DEL01-GO";"UOP01-DEL01-GO"
742814;1663899;2025-12-31;"quarta-feira";"16:35:00";"GO";153;506;"APARECIDA DE GOIANIA";"Sim";"Acumulo de �gua sobre o pavimento";2;"Colis�o com objeto";"Com V�timas Feridas";"Pleno dia";"Decrescente";"Chuva";"Dupla";"Declive;Reta";"Sim";1326388;"Caminh�o";"VW/26.260 CRM 6X2/26.260 CRM 6X2";2025;"Condutor";"Ileso";39;"Masculino";1;0;0;0;-16,761793;-49,240097;"SPRF-GO";"DEL01-GO";"UOP01-DEL01-GO"
742814;1663900;2025-12-31;"quarta-feira";"16:35:00";"GO";153;506;"APARECIDA DE GOIANIA";"Sim";"Acumulo de �gua sobre o pavimento";1;"Colis�o com objeto";"Com V�timas Feridas";"Pleno dia";"Decrescente";"Chuva";"Dupla";"Declive;Reta";"Sim";1326393;"Motocicleta";"HONDA/CG 125 FAN ES/CG 125 FAN ES";2009;"Condutor";"Les�es Graves";22;"Masculino";0;0;1;0;-16,761793;-49,240097;"SPRF-GO";"DEL01-GO";"UOP01-DEL01-GO"
742814;1663899;2025-12-31;"quarta-feira";"16:35:00";"GO";153;506;"APARECIDA DE GOIANIA";"Sim";"Acumulo de �gua sobre o pavimento";1;"Colis�o com objeto";"Com V�timas Feridas";"Pleno dia";"Decrescente";"Chuva";"Dupla";"Declive;Reta";"Sim";1326388;"Caminh�o";"VW/26.260 CRM 6X2/26.260 CRM 6X2";2025;"Condutor";"Ileso";39;"Masculino";1;0;0;0;-16,761793;-49,240097;"SPRF-GO";"DEL01-GO";"UOP01-DEL01-GO"
742815;1663557;2025-12-31;"quarta-feira";"17:20:00";"RN";101;104;"PARNAMIRIM";"Sim";"Aus�ncia de rea��o do condutor";1;"Colis�o traseira";"Com V�timas Feridas";"Anoitecer";"Decrescente";"C�u Claro";"M�ltipla";"Reta";"Sim";1326358;"�nibus";"MARCOPOLO/VOLARE WL ON/VOLARE WL ON";2013;"Condutor";"Ileso";45;"Masculino";1;0;0;0;-5,90205106;-35,25885522;"SPRF-RN";"DEL01-RN";"UOP01-DEL01-RN"
742815;1663556;2025-12-31;"quarta-feira";"17:20:00";"RN";101;104;"PARNAMIRIM";"Sim";"Aus�ncia de rea��o do condutor";1;"Colis�o traseira";"Com V�timas Feridas";"Anoitecer";"Decrescente";"C�u Claro";"M�ltipla";"Reta";"Sim";1326357;"Motocicleta";"MOTTU/SPORT 110I/SPORT 110I";2023;"Condutor";"Les�es Leves";37;"Masculino";0;1;0;0;-5,90205106;-35,25885522;"SPRF-RN";"DEL01-RN";"UOP01-DEL01-RN"
742816;1663692;2025-12-31;"quarta-feira";"17:00:00";"SP";381;90;"GUARULHOS";"Sim";"Condutor deixou de manter dist�ncia do ve�culo da frente";1;"Colis�o lateral mesmo sentido";"Com V�timas Feridas";"Pleno dia";"Crescente";"C�u Claro";"M�ltipla";"Curva";"Sim";1326451;"Motoneta";"YAMAHA/XMAX/XMAX";2025;"Condutor";"Ileso";41;"Masculino";1;0;0;0;-23,49708232;-46,55982826;"SPRF-SP";"DEL03-SP";"UOP01-DEL03-SP"
742816;1663691;2025-12-31;"quarta-feira";"17:00:00";"SP";381;90;"GUARULHOS";"Sim";"Condutor deixou de manter dist�ncia do ve�culo da frente";1;"Colis�o lateral mesmo sentido";"Com V�timas Feridas";"Pleno dia";"Crescente";"C�u Claro";"M�ltipla";"Curva";"Sim";1326449;"Motocicleta";"JTZ/DK150/DK150";2024;"Condutor";"Les�es Leves";31;"Masculino";0;1;0;0;-23,49708232;-46,55982826;"SPRF-SP";"DEL03-SP";"UOP01-DEL03-SP"
742817;1663527;2025-12-31;"quarta-feira";"16:48:00";"MG";116;526,3;"CARATINGA";"N�o";"Desrespeitar a prefer�ncia no cruzamento";1;"Colis�o transversal";"Com V�timas Feridas";"Pleno dia";"Decrescente";"Nublado";"Simples";"Interse��o de Vias;Reta";"Sim";1326342;"Motoneta";"HONDA/PCX 160/PCX 160";2024;"Condutor";"Les�es Graves";54;"Feminino";0;0;1;0;-19,78137333;-42,13270783;"SPRF-MG";"DEL06-MG";"UOP02-DEL06-MG"
742817;1663535;2025-12-31;"quarta-feira";"16:48:00";"MG";116;526,3;"CARATINGA";"N�o";"Desrespeitar a prefer�ncia no cruzamento";1;"Colis�o transversal";"Com V�timas Feridas";"Pleno dia";"Decrescente";"Nublado";"Simples";"Interse��o de Vias;Reta";"Sim";1326341;"Motocicleta";"TRIUMPH/TIGER 900 RALLYP/TIGER 900 RALLYP";2022;"Passageiro";"Ileso";20;"Feminino";1;0;0;0;-19,78137333;-42,13270783;"SPRF-MG";"DEL06-MG";"UOP02-DEL06-MG"
742817;1663525;2025-12-31;"quarta-feira";"16:48:00";"MG";116;526,3;"CARATINGA";"N�o";"Desrespeitar a prefer�ncia no cruzamento";1;"Colis�o transversal";"Com V�timas Feridas";"Pleno dia";"Decrescente";"Nublado";"Simples";"Interse��o de Vias;Reta";"Sim";1326341;"Motocicleta";"TRIUMPH/TIGER 900 RALLYP/TIGER 900 RALLYP";2022;"Condutor";"Ileso";23;"Masculino";1;0;0;0;-19,78137333;-42,13270783;"SPRF-MG";"DEL06-MG";"UOP02-DEL06-MG"
742817;1663527;2025-12-31;"quarta-feira";"16:48:00";"MG";116;526,3;"CARATINGA";"N�o";"Aus�ncia de rea��o do condutor";1;"Colis�o transversal";"Com V�timas Feridas";"Pleno dia";"Decrescente";"Nublado";"Simples";"Interse��o de Vias;Reta";"Sim";1326342;"Motoneta";"HONDA/PCX 160/PCX 160";2024;"Condutor";"Les�es Graves";54;"Feminino";0;0;1;0;-19,78137333;-42,13270783;"SPRF-MG";"DEL06-MG";"UOP02-DEL06-MG"
742817;1663535;2025-12-31;"quarta-feira";"16:48:00";"MG";116;526,3;"CARATINGA";"N�o";"Aus�ncia de rea��o do condutor";1;"Colis�o transversal";"Com V�timas Feridas";"Pleno dia";"Decrescente";"Nublado";"Simples";"Interse��o de Vias;Reta";"Sim";1326341;"Motocicleta";"TRIUMPH/TIGER 900 RALLYP/TIGER 900 RALLYP";2022;"Passageiro";"Ileso";20;"Feminino";1;0;0;0;-19,78137333;-42,13270783;"SPRF-MG";"DEL06-MG";"UOP02-DEL06-MG"
742817;1663525;2025-12-31;"quarta-feira";"16:48:00";"MG";116;526,3;"CARATINGA";"N�o";"Aus�ncia de rea��o do condutor";1;"Colis�o transversal";"Com V�timas Feridas";"Pleno dia";"Decrescente";"Nublado";"Simples";"Interse��o de Vias;Reta";"Sim";1326341;"Motocicleta";"TRIUMPH/TIGER 900 RALLYP/TIGER 900 RALLYP";2022;"Condutor";"Ileso";23;"Masculino";1;0;0;0;-19,78137333;-42,13270783;"SPRF-MG";"DEL06-MG";"UOP02-DEL06-MG"