"id";"pesid";"data_inversa";"dia_semana";"horario";"uf";"br";"km";"municipio";"causa_principal";"causa_acidente";"ordem_tipo_acidente";"tipo_acidente";"classificacao_acidente";"fase_dia";"sentido_via";"condicao_metereologica";"tipo_pista";"tracado_via";"uso_solo";"id_veiculo";"tipo_veiculo";"marca";"ano_fabricacao_veiculo";"tipo_envolvido";"estado_fisico";"idade";"sexo";"ilesos";"feridos_leves";"feridos_graves";"mortos";"latitude";"longitude";"regional";"delegacia";"uop"
742817;1663527;2025-12-31;"quarta-feira";"16:48:00";"MG";116;526,3;"CARATINGA";"Sim";"Acessar a via sem observar a presen�a dos outros ve�culos";1;"Colis�o transversal";"Com V�timas Feridas";"Pleno dia";"Decrescente";"Nublado";"Simples";"Interse��o de Vias;Reta";"Sim";1326342;"Motoneta";"HONDA/PCX 160/PCX 160";2024;"Condutor";"Les�es Graves";54;"Feminino";0;0;1;0;-19,78137333;-42,13270783;"SPRF-MG";"DEL06-MG";"UOP02-DEL06-MG"
742817;1663535;2025-12-31;"quarta-feira";"16:48:00";"MG";116;526,3;"CARATINGA";"Sim";"Acessar a via sem observar a presen�a dos outros ve�culos";1;"Colis�o transversal";"Com V�timas Feridas";"Pleno dia";"Decrescente";"Nublado";"Simples";"Interse��o de Vias;Reta";"Sim";1326341;"Motocicleta";"TRIUMPH/TIGER 900 RALLYP/TIGER 900 RALLYP";2022;"Passageiro";"Ileso";20;"Feminino";1;0;0;0;-19,78137333;-42,13270783;"SPRF-MG";"DEL06-MG";"UOP02-DEL06-MG"
742817;1663525;2025-12-31;"quarta-feira";"16:48:00";"MG";116;526,3;"CARATINGA";"Sim";"Acessar a via sem observar a presen�a dos outros ve�culos";1;"Colis�o transversal";"Com V�timas Feridas";"Pleno dia";"Decrescente";"Nublado";"Simples";"Interse��o de Vias;Reta";"Sim";1326341;"Motocicleta";"TRIUMPH/TIGER 900 RALLYP/TIGER 900 RALLYP";2022;"Condutor";"Ileso";23;"Masculino";1;0;0;0;-19,78137333;-42,13270783;"SPRF-MG";"DEL06-MG";"UOP02-DEL06-MG"
742818;1665947;2025-12-31;"quarta-feira";"16:20:00";"ES";101;213;"IBIRACU";"N�o";"Ingest�o de subst�ncias psicoativas pelo condutor";1;"Colis�o frontal";"Com V�timas Feridas";"Pleno dia";"Crescente";"C�u Claro";"Simples";"Reta";"Sim";1326992;"Autom�vel";"FIAT/PUNTO ATTRACTIVE/PUNTO ATTRACTIVE";2011;"Condutor";"Les�es Graves";27;"Masculino";0;0;1;0;-19,820442;-40,368803;"SPRF-ES";"DEL02-ES";"UOP01-DEL02-ES"
742818;NA;2025-12-31;"quarta-feira";"16:20:00";"ES";101;213;"IBIRACU";"N�o";"Ingest�o de subst�ncias psicoativas pelo condutor";1;"Colis�o frontal";"Com V�timas Feridas";"Pleno dia";"Crescente";"C�u Claro";"Simples";"Reta";"Sim";1326990;"Semireboque";"SR/TANESFIL TQ 03ED/TANESFIL TQ 03ED";2021;NA;NA;NA;NA;NA;NA;NA;NA;-19,820442;-40,368803;"SPRF-ES";"DEL02-ES";"UOP01-DEL02-ES"
742818;1663699;2025-12-31;"quarta-feira";"16:20:00";"ES";101;213;"IBIRACU";"N�o";"Ingest�o de subst�ncias psicoativas pelo condutor";1;"Colis�o frontal";"Com V�timas Feridas";"Pleno dia";"Crescente";"C�u Claro";"Simples";"Reta";"Sim";1326459;"Caminh�o-trator";"VOLVO/FH 460 6X2T/FH 460 6X2T";2020;"Condutor";"Ileso";58;"Masculino";1;0;0;0;-19,820442;-40,368803;"SPRF-ES";"DEL02-ES";"UOP01-DEL02-ES"
742818;1665947;2025-12-31;"quarta-feira";"16:20:00";"ES";101;213;"IBIRACU";"N�o";"Mal s�bito do condutor";1;"Colis�o frontal";"Com V�timas Feridas";"Pleno dia";"Crescente";"C�u Claro";"Simples";"Reta";"Sim";1326992;"Autom�vel";"FIAT/PUNTO ATTRACTIVE/PUNTO ATTRACTIVE";2011;"Condutor";"Les�es Graves";27;"Masculino";0;0;1;0;-19,820442;-40,368803;"SPRF-ES";"DEL02-ES";"UOP01-DEL02-ES"
742818;NA;2025-12-31;"quarta-feira";"16:20:00";"ES";101;213;"IBIRACU";"N�o";"Mal s�bito do condutor";1;"Colis�o frontal";"Com V�timas Feridas";"Pleno dia";"Crescente";"C�u Claro";"Simples";"Reta";"Sim";1326990;"Semireboque";"SR/TANESFIL TQ 03ED/TANESFIL TQ 03ED";2021;NA;NA;NA;NA;NA;NA;NA;NA;-19,820442;-40,368803;"SPRF-ES";"DEL02-ES";"UOP01-DEL02-ES"
742818;1663699;2025-12-31;"quarta-feira";"16:20:00";"ES";101;213;"IBIRACU";"N�o";"Mal s�bito do condutor";1;"Colis�o frontal";"Com V�timas Feridas";"Pleno dia";"Crescente";"C�u Claro";"Simples";"Reta";"Sim";1326459;"Caminh�o-trator";"VOLVO/FH 460 6X2T/FH 460 6X2T";2020;"Condutor";"Ileso";58;"Masculino";1;0;0;0;-19,820442;-40,368803;"SPRF-ES";"DEL02-ES";"UOP01-DEL02-ES"
742818;1665947;2025-12-31;"quarta-feira";"16:20:00";"ES";101;213;"IBIRACU";"N�o";"Velocidade Incompat�vel";1;"Colis�o frontal";"Com V�timas Feridas";"Pleno dia";"Crescente";"C�u Claro";"Simples";"Reta";"Sim";1326992;"Autom�vel";"FIAT/PUNTO ATTRACTIVE/PUNTO ATTRACTIVE";2011;"Condutor";"Les�es Graves";27;"Masculino";0;0;1;0;-19,820442;-40,368803;"SPRF-ES";"DEL02-ES";"UOP01-DEL02-ES"
742818;NA;2025-12-31;"quarta-feira";"16:20:00";"ES";101;213;"IBIRACU";"N�o";"Velocidade Incompat�vel";1;"Colis�o frontal";"Com V�timas Feridas";"Pleno dia";"Crescente";"C�u Claro";"Simples";"Reta";"Sim";1326990;"Semireboque";"SR/TANESFIL TQ 03ED/TANESFIL TQ 03ED";2021;NA;NA;NA;NA;NA;NA;NA;NA;-19,820442;-40,368803;"SPRF-ES";"DEL02-ES";"UOP01-DEL02-ES"
742818;1663699;2025-12-31;"quarta-feira";"16:20:00";"ES";101;213;"IBIRACU";"N�o";"Velocidade Incompat�vel";1;"Colis�o frontal";"Com V�timas Feridas";"Pleno dia";"Crescente";"C�u Claro";"Simples";"Reta";"Sim";1326459;"Caminh�o-trator";"VOLVO/FH 460 6X2T/FH 460 6X2T";2020;"Condutor";"Ileso";58;"Masculino";1;0;0;0;-19,820442;-40,368803;"SPRF-ES";"DEL02-ES";"UOP01-DEL02-ES"
742818;1665947;2025-12-31;"quarta-feira";"16:20:00";"ES";101;213;"IBIRACU";"N�o";"Condutor usando celular";1;"Colis�o frontal";"Com V�timas Feridas";"Pleno dia";"Crescente";"C�u Claro";"Simples";"Reta";"Sim";1326992;"Autom�vel";"FIAT/PUNTO ATTRACTIVE/PUNTO ATTRACTIVE";2011;"Condutor";"Les�es Graves";27;"Masculino";0;0;1;0;-19,820442;-40,368803;"SPRF-ES";"DEL02-ES";"UOP01-DEL02-ES"
742818;NA;2025-12-31;"quarta-feira";"16:20:00";"ES";101;213;"IBIRACU";"N�o";"Condutor usando celular";1;"Colis�o frontal";"Com V�timas Feridas";"Pleno dia";"Crescente";"C�u Claro";"Simples";"Reta";"Sim";1326990;"Semireboque";"SR/TANESFIL TQ 03ED/TANESFIL TQ 03ED";2021;NA;NA;NA;NA;NA;NA;NA;NA;-19,820442;-40,368803;"SPRF-ES";"DEL02-ES";"UOP01-DEL02-ES"
742818;1663699;2025-12-31;"quarta-feira";"16:20:00";"ES";101;213;"IBIRACU";"N�o";"Condutor usando celular";1;"Colis�o frontal";"Com V�timas Feridas";"Pleno dia";"Crescente";"C�u Claro";"Simples";"Reta";"Sim";1326459;"Caminh�o-trator";"VOLVO/FH 460 6X2T/FH 460 6X2T";2020;"Condutor";"Ileso";58;"Masculino";1;0;0;0;-19,820442;-40,368803;"SPRF-ES";"DEL02-ES";"UOP01-DEL02-ES"
742818;1665947;2025-12-31;"quarta-feira";"16:20:00";"ES";101;213;"IBIRACU";"Sim";"Transitar na contram�o";1;"Colis�o frontal";"Com V�timas Feridas";"Pleno dia";"Crescente";"C�u Claro";"Simples";"Reta";"Sim";1326992;"Autom�vel";"FIAT/PUNTO ATTRACTIVE/PUNTO ATTRACTIVE";2011;"Condutor";"Les�es Graves";27;"Masculino";0;0;1;0;-19,820442;-40,368803;"SPRF-ES";"DEL02-ES";"UOP01-DEL02-ES"
742818;NA;2025-12-31;"quarta-feira";"16:20:00";"ES";101;213;"IBIRACU";"Sim";"Transitar na contram�o";1;"Colis�o frontal";"Com V�timas Feridas";"Pleno dia";"Crescente";"C�u Claro";"Simples";"Reta";"Sim";1326990;"Semireboque";"SR/TANESFIL TQ 03ED/TANESFIL TQ 03ED";2021;NA;NA;NA;NA;NA;NA;NA;NA;-19,820442;-40,368803;"SPRF-ES";"DEL02-ES";"UOP01-DEL02-ES"
742818;1663699;2025-12-31;"quarta-feira";"16:20:00";"ES";101;213;"IBIRACU";"Sim";"Transitar na contram�o";1;"Colis�o frontal";"Com V�timas Feridas";"Pleno dia";"Crescente";"C�u Claro";"Simples";"Reta";"Sim";1326459;"Caminh�o-trator";"VOLVO/FH 460 6X2T/FH 460 6X2T";2020;"Condutor";"Ileso";58;"Masculino";1;0;0;0;-19,820442;-40,368803;"SPRF-ES";"DEL02-ES";"UOP01-DEL02-ES"
742819;1664267;2025-12-31;"quarta-feira";"17:30:00";"SP";381;88;"GUARULHOS";"Sim";"Aus�ncia de rea��o do condutor";1;"Colis�o traseira";"Sem V�timas";"Pleno dia";"Decrescente";"Nublado";"Dupla";"Reta";"Sim";1326395;"Motocicleta";"HONDA/CB300F TWISTER ABS/CB300F TWISTER ABS";2024;"Passageiro";"N�o Informado";NA;"N�o Informado";0;0;0;0;-23,48649045;-46,55849218;"SPRF-SP";"DEL03-SP";"UOP01-DEL03-SP"
742819;1663611;2025-12-31;"quarta-feira";"17:30:00";"SP";381;88;"GUARULHOS";"Sim";"Aus�ncia de rea��o do condutor";1;"Colis�o traseira";"Sem V�timas";"Pleno dia";"Decrescente";"Nublado";"Dupla";"Reta";"Sim";1326395;"Motocicleta";"HONDA/CB300F TWISTER ABS/CB300F TWISTER ABS";2024;"Condutor";"Ileso";27;"Masculino";1;0;0;0;-23,48649045;-46,55849218;"SPRF-SP";"DEL03-SP";"UOP01-DEL03-SP"
742819;1663610;2025-12-31;"quarta-feira";"17:30:00";"SP";381;88;"GUARULHOS";"Sim";"Aus�ncia de rea��o do condutor";1;"Colis�o traseira";"Sem V�timas";"Pleno dia";"Decrescente";"Nublado";"Dupla";"Reta";"Sim";1326394;"Autom�vel";"FIAT/IDEA ADVENTURE 1.8/IDEA ADVENTURE 1.8";2011;"Condutor";"Ileso";38;"Masculino";1;0;0;0;-23,48649045;-46,55849218;"SPRF-SP";"DEL03-SP";"UOP01-DEL03-SP"
742820;1663529;2025-12-31;"quarta-feira";"16:45:00";"PR";376;645,5;"TIJUCAS DO SUL";"N�o";"Ingest�o de �lcool pelo condutor";2;"Colis�o com objeto";"Sem V�timas";"Pleno dia";"Crescente";"Nublado";"Dupla";"Reta";"N�o";1326343;"Autom�vel";"GM/CORSA SEDAN JOY/CORSA SEDAN JOY";2006;"Condutor";"Ileso";29;"Masculino";1;0;0;0;-25,829749;-49,116659;"SPRF-PR";"DEL01-PR";"UOP04-DEL01-PR"
742820;1663529;2025-12-31;"quarta-feira";"16:45:00";"PR";376;645,5;"TIJUCAS DO SUL";"N�o";"Ingest�o de �lcool pelo condutor";1;"Sa�da de leito carro��vel";"Sem V�timas";"Pleno dia";"Crescente";"Nublado";"Dupla";"Reta";"N�o";1326343;"Autom�vel";"GM/CORSA SEDAN JOY/CORSA SEDAN JOY";2006;"Condutor";"Ileso";29;"Masculino";1;0;0;0;-25,829749;-49,116659;"SPRF-PR";"DEL01-PR";"UOP04-DEL01-PR"
742820;1663529;2025-12-31;"quarta-feira";"16:45:00";"PR";376;645,5;"TIJUCAS DO SUL";"N�o";"Velocidade Incompat�vel";2;"Colis�o com objeto";"Sem V�timas";"Pleno dia";"Crescente";"Nublado";"Dupla";"Reta";"N�o";1326343;"Autom�vel";"GM/CORSA SEDAN JOY/CORSA SEDAN JOY";2006;"Condutor";"Ileso";29;"Masculino";1;0;0;0;-25,829749;-49,116659;"SPRF-PR";"DEL01-PR";"UOP04-DEL01-PR"
742820;1663529;2025-12-31;"quarta-feira";"16:45:00";"PR";376;645,5;"TIJUCAS DO SUL";"N�o";"Velocidade Incompat�vel";1;"Sa�da de leito carro��vel";"Sem V�timas";"Pleno dia";"Crescente";"Nublado";"Dupla";"Reta";"N�o";1326343;"Autom�vel";"GM/CORSA SEDAN JOY/CORSA SEDAN JOY";2006;"Condutor";"Ileso";29;"Masculino";1;0;0;0;-25,829749;-49,116659;"SPRF-PR";"DEL01-PR";"UOP04-DEL01-PR"
742820;1663529;2025-12-31;"quarta-feira";"16:45:00";"PR";376;645,5;"TIJUCAS DO SUL";"N�o";"Falta de elemento de conten��o que evite a sa�da do leito carro��vel";2;"Colis�o com objeto";"Sem V�timas";"Pleno dia";"Crescente";"Nublado";"Dupla";"Reta";"N�o";1326343;"Autom�vel";"GM/CORSA SEDAN JOY/CORSA SEDAN JOY";2006;"Condutor";"Ileso";29;"Masculino";1;0;0;0;-25,829749;-49,116659;"SPRF-PR";"DEL01-PR";"UOP04-DEL01-PR"
742820;1663529;2025-12-31;"quarta-feira";"16:45:00";"PR";376;645,5;"TIJUCAS DO SUL";"N�o";"Falta de elemento de conten��o que evite a sa�da do leito carro��vel";1;"Sa�da de leito carro��vel";"Sem V�timas";"Pleno dia";"Crescente";"Nublado";"Dupla";"Reta";"N�o";1326343;"Autom�vel";"GM/CORSA SEDAN JOY/CORSA SEDAN JOY";2006;"Condutor";"Ileso";29;"Masculino";1;0;0;0;-25,829749;-49,116659;"SPRF-PR";"DEL01-PR";"UOP04-DEL01-PR"
742820;1663529;2025-12-31;"quarta-feira";"16:45:00";"PR";376;645,5;"TIJUCAS DO SUL";"N�o";"Aus�ncia de rea��o do condutor";2;"Colis�o com objeto";"Sem V�timas";"Pleno dia";"Crescente";"Nublado";"Dupla";"Reta";"N�o";1326343;"Autom�vel";"GM/CORSA SEDAN JOY/CORSA SEDAN JOY";2006;"Condutor";"Ileso";29;"Masculino";1;0;0;0;-25,829749;-49,116659;"SPRF-PR";"DEL01-PR";"UOP04-DEL01-PR"
742820;1663529;2025-12-31;"quarta-feira";"16:45:00";"PR";376;645,5;"TIJUCAS DO SUL";"N�o";"Aus�ncia de rea��o do condutor";1;"Sa�da de leito carro��vel";"Sem V�timas";"Pleno dia";"Crescente";"Nublado";"Dupla";"Reta";"N�o";1326343;"Autom�vel";"GM/CORSA SEDAN JOY/CORSA SEDAN JOY";2006;"Condutor";"Ileso";29;"Masculino";1;0;0;0;-25,829749;-49,116659;"SPRF-PR";"DEL01-PR";"UOP04-DEL01-PR"
742820;1663529;2025-12-31;"quarta-feira";"16:45:00";"PR";376;645,5;"TIJUCAS DO SUL";"Sim";"Avarias e/ou desgaste excessivo no pneu";2;"Colis�o com objeto";"Sem V�timas";"Pleno dia";"Crescente";"Nublado";"Dupla";"Reta";"N�o";1326343;"Autom�vel";"GM/CORSA SEDAN JOY/CORSA SEDAN JOY";2006;"Condutor";"Ileso";29;"Masculino";1;0;0;0;-25,829749;-49,116659;"SPRF-PR";"DEL01-PR";"UOP04-DEL01-PR"
742820;1663529;2025-12-31;"quarta-feira";"16:45:00";"PR";376;645,5;"TIJUCAS DO SUL";"Sim";"Avarias e/ou desgaste excessivo no pneu";1;"Sa�da de leito carro��vel";"Sem V�timas";"Pleno dia";"Crescente";"Nublado";"Dupla";"Reta";"N�o";1326343;"Autom�vel";"GM/CORSA SEDAN JOY/CORSA SEDAN JOY";2006;"Condutor";"Ileso";29;"Masculino";1;0;0;0;-25,829749;-49,116659;"SPRF-PR";"DEL01-PR";"UOP04-DEL01-PR"
742821;1663567;2025-12-31;"quarta-feira";"16:50:00";"MA";135;6,6;"SAO LUIS";"N�o";"Rea��o tardia ou ineficiente do condutor";1;"Sa�da de leito carro��vel";"Com V�timas Feridas";"Pleno dia";"Decrescente";"C�u Claro";"Dupla";"Reta";"Sim";1326344;"Autom�vel";"I/BYD DOLPHIN MINI GS5EV/BYD DOLPHIN MINI GS5EV";2025;"Passageiro";"Les�es Leves";44;"Feminino";0;1;0;0;-2,633668;-44,266687;"SPRF-MA";"DEL01-MA";"UOP01-DEL01-MA"
742821;1663552;2025-12-31;"quarta-feira";"16:50:00";"MA";135;6,6;"SAO LUIS";"N�o";"Rea��o tardia ou ineficiente do condutor";1;"Sa�da de leito carro��vel";"Com V�timas Feridas";"Pleno dia";"Decrescente";"C�u Claro";"Dupla";"Reta";"Sim";1326344;"Autom�vel";"I/BYD DOLPHIN MINI GS5EV/BYD DOLPHIN MINI GS5EV";2025;"Passageiro";"Les�es Leves";64;"Feminino";0;1;0;0;-2,633668;-44,266687;"SPRF-MA";"DEL01-MA";"UOP01-DEL01-MA"
742821;1663551;2025-12-31;"quarta-feira";"16:50:00";"MA";135;6,6;"SAO LUIS";"N�o";"Rea��o tardia ou ineficiente do condutor";1;"Sa�da de leito carro��vel";"Com V�timas Feridas";"Pleno dia";"Decrescente";"C�u Claro";"Dupla";"Reta";"Sim";1326344;"Autom�vel";"I/BYD DOLPHIN MINI GS5EV/BYD DOLPHIN MINI GS5EV";2025;"Passageiro";"Ileso";25;"Masculino";1;0;0;0;-2,633668;-44,266687;"SPRF-MA";"DEL01-MA";"UOP01-DEL01-MA"
742821;1663550;2025-12-31;"quarta-feira";"16:50:00";"MA";135;6,6;"SAO LUIS";"N�o";"Rea��o tardia ou ineficiente do condutor";1;"Sa�da de leito carro��vel";"Com V�timas Feridas";"Pleno dia";"Decrescente";"C�u Claro";"Dupla";"Reta";"Sim";1326344;"Autom�vel";"I/BYD DOLPHIN MINI GS5EV/BYD DOLPHIN MINI GS5EV";2025;"Passageiro";"Ileso";23;"Feminino";1;0;0;0;-2,633668;-44,266687;"SPRF-MA";"DEL01-MA";"UOP01-DEL01-MA"
742821;1663533;2025-12-31;"quarta-feira";"16:50:00";"MA";135;6,6;"SAO LUIS";"N�o";"Rea��o tardia ou ineficiente do condutor";1;"Sa�da de leito carro��vel";"Com V�timas Feridas";"Pleno dia";"Decrescente";"C�u Claro";"Dupla";"Reta";"Sim";1326344;"Autom�vel";"I/BYD DOLPHIN MINI GS5EV/BYD DOLPHIN MINI GS5EV";2025;"Condutor";"Les�es Leves";48;"Masculino";0;1;0;0;-2,633668;-44,266687;"SPRF-MA";"DEL01-MA";"UOP01-DEL01-MA"
742821;1663567;2025-12-31;"quarta-feira";"16:50:00";"MA";135;6,6;"SAO LUIS";"Sim";"Falta de elemento de conten��o que evite a sa�da do leito carro��vel";1;"Sa�da de leito carro��vel";"Com V�timas Feridas";"Pleno dia";"Decrescente";"C�u Claro";"Dupla";"Reta";"Sim";1326344;"Autom�vel";"I/BYD DOLPHIN MINI GS5EV/BYD DOLPHIN MINI GS5EV";2025;"Passageiro";"Les�es Leves";44;"Feminino";0;1;0;0;-2,633668;-44,266687;"SPRF-MA";"DEL01-MA";"UOP01-DEL01-MA"
742821;1663552;2025-12-31;"quarta-feira";"16:50:00";"MA";135;6,6;"SAO LUIS";"Sim";"Falta de elemento de conten��o que evite a sa�da do leito carro��vel";1;"Sa�da de leito carro��vel";"Com V�timas Feridas";"Pleno dia";"Decrescente";"C�u Claro";"Dupla";"Reta";"Sim";1326344;"Autom�vel";"I/BYD DOLPHIN MINI GS5EV/BYD DOLPHIN MINI GS5EV";2025;"Passageiro";"Les�es Leves";64;"Feminino";0;1;0;0;-2,633668;-44,266687;"SPRF-MA";"DEL01-MA";"UOP01-DEL01-MA"
742821;1663551;2025-12-31;"quarta-feira";"16:50:00";"MA";135;6,6;"SAO LUIS";"Sim";"Falta de elemento de conten��o que evite a sa�da do leito carro��vel";1;"Sa�da de leito carro��vel";"Com V�timas Feridas";"Pleno dia";"Decrescente";"C�u Claro";"Dupla";"Reta";"Sim";1326344;"Autom�vel";"I/BYD DOLPHIN MINI GS5EV/BYD DOLPHIN MINI GS5EV";2025;"Passageiro";"Ileso";25;"Masculino";1;0;0;0;-2,633668;-44,266687;"SPRF-MA";"DEL01-MA";"UOP01-DEL01-MA"
742821;1663550;2025-12-31;"quarta-feira";"16:50:00";"MA";135;6,6;"SAO LUIS";"Sim";"Falta de elemento de conten��o que evite a sa�da do leito carro��vel";1;"Sa�da de leito carro��vel";"Com V�timas Feridas";"Pleno dia";"Decrescente";"C�u Claro";"Dupla";"Reta";"Sim";1326344;"Autom�vel";"I/BYD DOLPHIN MINI GS5EV/BYD DOLPHIN MINI GS5EV";2025;"Passageiro";"Ileso";23;"Feminino";1;0;0;0;-2,633668;-44,266687;"SPRF-MA";"DEL01-MA";"UOP01-DEL01-MA"
742821;1663533;2025-12-31;"quarta-feira";"16:50:00";"MA";135;6,6;"SAO LUIS";"Sim";"Falta de elemento de conten��o que evite a sa�da do leito carro��vel";1;"Sa�da de leito carro��vel";"Com V�timas Feridas";"Pleno dia";"Decrescente";"C�u Claro";"Dupla";"Reta";"Sim";1326344;"Autom�vel";"I/BYD DOLPHIN MINI GS5EV/BYD DOLPHIN MINI GS5EV";2025;"Condutor";"Les�es Leves";48;"Masculino";0;1;0;0;-2,633668;-44,266687;"SPRF-MA";"DEL01-MA";"UOP01-DEL01-MA"
742822;1663660;2025-12-31;"quarta-feira";"18:20:00";"SP";116;129;"CACAPAVA";"Sim";"Avarias e/ou desgaste excessivo no pneu";1;"Tombamento";"Com V�timas Feridas";"Anoitecer";"Decrescente";"C�u Claro";"Dupla";"Reta";"N�o";1326434;"Motocicleta";"HONDA/CG 150 TITAN ESD/CG 150 TITAN ESD";2008;"Passageiro";"Ileso";29;"Masculino";1;0;0;0;-23,11822756;-45,71840104;"SPRF-SP";"DEL02-SP";"UOP02-DEL02-SP"
742822;1663659;2025-12-31;"quarta-feira";"18:20:00";"SP";116;129;"CACAPAVA";"Sim";"Avarias e/ou desgaste excessivo no pneu";1;"Tombamento";"Com V�timas Feridas";"Anoitecer";"Decrescente";"C�u Claro";"Dupla";"Reta";"N�o";1326434;"Motocicleta";"HONDA/CG 150 TITAN ESD/CG 150 TITAN ESD";2008;"Condutor";"Les�es Leves";46;"Feminino";0;1;0;0;-23,11822756;-45,71840104;"SPRF-SP";"DEL02-SP";"UOP02-DEL02-SP"
742825;NA;2025-12-19;"sexta-feira";"23:10:00";"RS";386;183,3;"CARAZINHO";"Sim";"Rea��o tardia ou ineficiente do condutor";3;"Inc�ndio";"Com V�timas Fatais";"Plena Noite";"Crescente";"C�u Claro";"Simples";"Reta";"N�o";1326353;"Semireboque";"SR/RDVL BSC 4E B/RDVL BSC 4E B";2023;NA;NA;NA;NA;NA;NA;NA;NA;-28,31608314;-52,73280717;"SPRF-RS";"DEL08-RS";"UOP01-DEL08-RS"
742825;1663549;2025-12-19;"sexta-feira";"23:10:00";"RS";386;183,3;"CARAZINHO";"Sim";"Rea��o tardia ou ineficiente do condutor";3;"Inc�ndio";"Com V�timas Fatais";"Plena Noite";"Crescente";"C�u Claro";"Simples";"Reta";"N�o";1326352;"Micro-�nibus";"I/M.BENZ 516SPRINTER A4/M.BENZ 516SPRINTER A4";2020;"Passageiro";"�bito";78;"Feminino";0;0;0;1;-28,31608314;-52,73280717;"SPRF-RS";"DEL08-RS";"UOP01-DEL08-RS"
742825;1663546;2025-12-19;"sexta-feira";"23:10:00";"RS";386;183,3;"CARAZINHO";"Sim";"Rea��o tardia ou ineficiente do condutor";3;"Inc�ndio";"Com V�timas Fatais";"Plena Noite";"Crescente";"C�u Claro";"Simples";"Reta";"N�o";1326352;"Micro-�nibus";"I/M.BENZ 516SPRINTER A4/M.BENZ 516SPRINTER A4";2020;"Condutor";"�bito";42;"Masculino";0;0;0;1;-28,31608314;-52,73280717;"SPRF-RS";"DEL08-RS";"UOP01-DEL08-RS"
742825;1663545;2025-12-19;"sexta-feira";"23:10:00";"RS";386;183,3;"CARAZINHO";"Sim";"Rea��o tardia ou ineficiente do condutor";3;"Inc�ndio";"Com V�timas Fatais";"Plena Noite";"Crescente";"C�u Claro";"Simples";"Reta";"N�o";1326352;"Micro-�nibus";"I/M.BENZ 516SPRINTER A4/M.BENZ 516SPRINTER A4";2020;"Passageiro";"�bito";72;"Masculino";0;0;0;1;-28,31608314;-52,73280717;"SPRF-RS";"DEL08-RS";"UOP01-DEL08-RS"
742825;1663543;2025-12-19;"sexta-feira";"23:10:00";"RS";386;183,3;"CARAZINHO";"Sim";"Rea��o tardia ou ineficiente do condutor";3;"Inc�ndio";"Com V�timas Fatais";"Plena Noite";"Crescente";"C�u Claro";"Simples";"Reta";"N�o";1326352;"Micro-�nibus";"I/M.BENZ 516SPRINTER A4/M.BENZ 516SPRINTER A4";2020;"Passageiro";"�bito";8;"Feminino";0;0;0;1;-28,31608314;-52,73280717;"SPRF-RS";"DEL08-RS";"UOP01-DEL08-RS"
742825;1663542;2025-12-19;"sexta-feira";"23:10:00";"RS";386;183,3;"CARAZINHO";"Sim";"Rea��o tardia ou ineficiente do condutor";3;"Inc�ndio";"Com V�timas Fatais";"Plena Noite";"Crescente";"C�u Claro";"Simples";"Reta";"N�o";1326352;"Micro-�nibus";"I/M.BENZ 516SPRINTER A4/M.BENZ 516SPRINTER A4";2020;"Passageiro";"Les�es Graves";64;"Masculino";0;0;1;0;-28,31608314;-52,73280717;"SPRF-RS";"DEL08-RS";"UOP01-DEL08-RS"
742825;1663541;2025-12-19;"sexta-feira";"23:10:00";"RS";386;183,3;"CARAZINHO";"Sim";"Rea��o tardia ou ineficiente do condutor";3;"Inc�ndio";"Com V�timas Fatais";"Plena Noite";"Crescente";"C�u Claro";"Simples";"Reta";"N�o";1326352;"Micro-�nibus";"I/M.BENZ 516SPRINTER A4/M.BENZ 516SPRINTER A4";2020;"Passageiro";"Les�es Graves";32;"Feminino";0;0;1;0;-28,31608314;-52,73280717;"SPRF-RS";"DEL08-RS";"UOP01-DEL08-RS"
742825;1663540;2025-12-19;"sexta-feira";"23:10:00";"RS";386;183,3;"CARAZINHO";"Sim";"Rea��o tardia ou ineficiente do condutor";3;"Inc�ndio";"Com V�timas Fatais";"Plena Noite";"Crescente";"C�u Claro";"Simples";"Reta";"N�o";1326352;"Micro-�nibus";"I/M.BENZ 516SPRINTER A4/M.BENZ 516SPRINTER A4";2020;"Passageiro";"�bito";39;"Masculino";0;0;0;1;-28,31608314;-52,73280717;"SPRF-RS";"DEL08-RS";"UOP01-DEL08-RS"
742825;1663539;2025-12-19;"sexta-feira";"23:10:00";"RS";386;183,3;"CARAZINHO";"Sim";"Rea��o tardia ou ineficiente do condutor";3;"Inc�ndio";"Com V�timas Fatais";"Plena Noite";"Crescente";"C�u Claro";"Simples";"Reta";"N�o";1326352;"Micro-�nibus";"I/M.BENZ 516SPRINTER A4/M.BENZ 516SPRINTER A4";2020;"Passageiro";"Les�es Graves";65;"Masculino";0;0;1;0;-28,31608314;-52,73280717;"SPRF-RS";"DEL08-RS";"UOP01-DEL08-RS"
742825;1663538;2025-12-19;"sexta-feira";"23:10:00";"RS";386;183,3;"CARAZINHO";"Sim";"Rea��o tardia ou ineficiente do condutor";3;"Inc�ndio";"Com V�timas Fatais";"Plena Noite";"Crescente";"C�u Claro";"Simples";"Reta";"N�o";1326351;"Caminh�o-trator";"VOLVO/FH 460 6X2T/FH 460 6X2T";2022;"Condutor";"Les�es Graves";46;"Masculino";0;0;1;0;-28,31608314;-52,73280717;"SPRF-RS";"DEL08-RS";"UOP01-DEL08-RS"