"id";"pesid";"data_inversa";"dia_semana";"horario";"uf";"br";"km";"municipio";"causa_principal";"causa_acidente";"ordem_tipo_acidente";"tipo_acidente";"classificacao_acidente";"fase_dia";"sentido_via";"condicao_metereologica";"tipo_pista";"tracado_via";"uso_solo";"id_veiculo";"tipo_veiculo";"marca";"ano_fabricacao_veiculo";"tipo_envolvido";"estado_fisico";"idade";"sexo";"ilesos";"feridos_leves";"feridos_graves";"mortos";"latitude";"longitude";"regional";"delegacia";"uop"
742825;NA;2025-12-19;"sexta-feira";"23:10:00";"RS";386;183,3;"CARAZINHO";"Sim";"Rea��o tardia ou ineficiente do condutor";2;"Tombamento";"Com V�timas Fatais";"Plena Noite";"Crescente";"C�u Claro";"Simples";"Reta";"N�o";1326353;"Semireboque";"SR/RDVL BSC 4E B/RDVL BSC 4E B";2023;NA;NA;NA;NA;NA;NA;NA;NA;-28,31608314;-52,73280717;"SPRF-RS";"DEL08-RS";"UOP01-DEL08-RS"
742825;1663549;2025-12-19;"sexta-feira";"23:10:00";"RS";386;183,3;"CARAZINHO";"Sim";"Rea��o tardia ou ineficiente do condutor";2;"Tombamento";"Com V�timas Fatais";"Plena Noite";"Crescente";"C�u Claro";"Simples";"Reta";"N�o";1326352;"Micro-�nibus";"I/M.BENZ 516SPRINTER A4/M.BENZ 516SPRINTER A4";2020;"Passageiro";"�bito";78;"Feminino";0;0;0;1;-28,31608314;-52,73280717;"SPRF-RS";"DEL08-RS";"UOP01-DEL08-RS"
742825;1663546;2025-12-19;"sexta-feira";"23:10:00";"RS";386;183,3;"CARAZINHO";"Sim";"Rea��o tardia ou ineficiente do condutor";2;"Tombamento";"Com V�timas Fatais";"Plena Noite";"Crescente";"C�u Claro";"Simples";"Reta";"N�o";1326352;"Micro-�nibus";"I/M.BENZ 516SPRINTER A4/M.BENZ 516SPRINTER A4";2020;"Condutor";"�bito";42;"Masculino";0;0;0;1;-28,31608314;-52,73280717;"SPRF-RS";"DEL08-RS";"UOP01-DEL08-RS"
742825;1663545;2025-12-19;"sexta-feira";"23:10:00";"RS";386;183,3;"CARAZINHO";"Sim";"Rea��o tardia ou ineficiente do condutor";2;"Tombamento";"Com V�timas Fatais";"Plena Noite";"Crescente";"C�u Claro";"Simples";"Reta";"N�o";1326352;"Micro-�nibus";"I/M.BENZ 516SPRINTER A4/M.BENZ 516SPRINTER A4";2020;"Passageiro";"�bito";72;"Masculino";0;0;0;1;-28,31608314;-52,73280717;"SPRF-RS";"DEL08-RS";"UOP01-DEL08-RS"
742825;1663543;2025-12-19;"sexta-feira";"23:10:00";"RS";386;183,3;"CARAZINHO";"Sim";"Rea��o tardia ou ineficiente do condutor";2;"Tombamento";"Com V�timas Fatais";"Plena Noite";"Crescente";"C�u Claro";"Simples";"Reta";"N�o";1326352;"Micro-�nibus";"I/M.BENZ 516SPRINTER A4/M.BENZ 516SPRINTER A4";2020;"Passageiro";"�bito";8;"Feminino";0;0;0;1;-28,31608314;-52,73280717;"SPRF-RS";"DEL08-RS";"UOP01-DEL08-RS"
742825;1663542;2025-12-19;"sexta-feira";"23:10:00";"RS";386;183,3;"CARAZINHO";"Sim";"Rea��o tardia ou ineficiente do condutor";2;"Tombamento";"Com V�timas Fatais";"Plena Noite";"Crescente";"C�u Claro";"Simples";"Reta";"N�o";1326352;"Micro-�nibus";"I/M.BENZ 516SPRINTER A4/M.BENZ 516SPRINTER A4";2020;"Passageiro";"Les�es Graves";64;"Masculino";0;0;1;0;-28,31608314;-52,73280717;"SPRF-RS";"DEL08-RS";"UOP01-DEL08-RS"
742825;1663541;2025-12-19;"sexta-feira";"23:10:00";"RS";386;183,3;"CARAZINHO";"Sim";"Rea��o tardia ou ineficiente do condutor";2;"Tombamento";"Com V�timas Fatais";"Plena Noite";"Crescente";"C�u Claro";"Simples";"Reta";"N�o";1326352;"Micro-�nibus";"I/M.BENZ 516SPRINTER A4/M.BENZ 516SPRINTER A4";2020;"Passageiro";"Les�es Graves";32;"Feminino";0;0;1;0;-28,31608314;-52,73280717;"SPRF-RS";"DEL08-RS";"UOP01-DEL08-RS"
742825;1663540;2025-12-19;"sexta-feira";"23:10:00";"RS";386;183,3;"CARAZINHO";"Sim";"Rea��o tardia ou ineficiente do condutor";2;"Tombamento";"Com V�timas Fatais";"Plena Noite";"Crescente";"C�u Claro";"Simples";"Reta";"N�o";1326352;"Micro-�nibus";"I/M.BENZ 516SPRINTER A4/M.BENZ 516SPRINTER A4";2020;"Passageiro";"�bito";39;"Masculino";0;0;0;1;-28,31608314;-52,73280717;"SPRF-RS";"DEL08-RS";"UOP01-DEL08-RS"
742825;1663539;2025-12-19;"sexta-feira";"23:10:00";"RS";386;183,3;"CARAZINHO";"Sim";"Rea��o tardia ou ineficiente do condutor";2;"Tombamento";"Com V�timas Fatais";"Plena Noite";"Crescente";"C�u Claro";"Simples";"Reta";"N�o";1326352;"Micro-�nibus";"I/M.BENZ 516SPRINTER A4/M.BENZ 516SPRINTER A4";2020;"Passageiro";"Les�es Graves";65;"Masculino";0;0;1;0;-28,31608314;-52,73280717;"SPRF-RS";"DEL08-RS";"UOP01-DEL08-RS"
742825;1663538;2025-12-19;"sexta-feira";"23:10:00";"RS";386;183,3;"CARAZINHO";"Sim";"Rea��o tardia ou ineficiente do condutor";2;"Tombamento";"Com V�timas Fatais";"Plena Noite";"Crescente";"C�u Claro";"Simples";"Reta";"N�o";1326351;"Caminh�o-trator";"VOLVO/FH 460 6X2T/FH 460 6X2T";2022;"Condutor";"Les�es Graves";46;"Masculino";0;0;1;0;-28,31608314;-52,73280717;"SPRF-RS";"DEL08-RS";"UOP01-DEL08-RS"
742825;NA;2025-12-19;"sexta-feira";"23:10:00";"RS";386;183,3;"CARAZINHO";"Sim";"Rea��o tardia ou ineficiente do condutor";1;"Colis�o frontal";"Com V�timas Fatais";"Plena Noite";"Crescente";"C�u Claro";"Simples";"Reta";"N�o";1326353;"Semireboque";"SR/RDVL BSC 4E B/RDVL BSC 4E B";2023;NA;NA;NA;NA;NA;NA;NA;NA;-28,31608314;-52,73280717;"SPRF-RS";"DEL08-RS";"UOP01-DEL08-RS"
742825;1663549;2025-12-19;"sexta-feira";"23:10:00";"RS";386;183,3;"CARAZINHO";"Sim";"Rea��o tardia ou ineficiente do condutor";1;"Colis�o frontal";"Com V�timas Fatais";"Plena Noite";"Crescente";"C�u Claro";"Simples";"Reta";"N�o";1326352;"Micro-�nibus";"I/M.BENZ 516SPRINTER A4/M.BENZ 516SPRINTER A4";2020;"Passageiro";"�bito";78;"Feminino";0;0;0;1;-28,31608314;-52,73280717;"SPRF-RS";"DEL08-RS";"UOP01-DEL08-RS"
742825;1663546;2025-12-19;"sexta-feira";"23:10:00";"RS";386;183,3;"CARAZINHO";"Sim";"Rea��o tardia ou ineficiente do condutor";1;"Colis�o frontal";"Com V�timas Fatais";"Plena Noite";"Crescente";"C�u Claro";"Simples";"Reta";"N�o";1326352;"Micro-�nibus";"I/M.BENZ 516SPRINTER A4/M.BENZ 516SPRINTER A4";2020;"Condutor";"�bito";42;"Masculino";0;0;0;1;-28,31608314;-52,73280717;"SPRF-RS";"DEL08-RS";"UOP01-DEL08-RS"
742825;1663545;2025-12-19;"sexta-feira";"23:10:00";"RS";386;183,3;"CARAZINHO";"Sim";"Rea��o tardia ou ineficiente do condutor";1;"Colis�o frontal";"Com V�timas Fatais";"Plena Noite";"Crescente";"C�u Claro";"Simples";"Reta";"N�o";1326352;"Micro-�nibus";"I/M.BENZ 516SPRINTER A4/M.BENZ 516SPRINTER A4";2020;"Passageiro";"�bito";72;"Masculino";0;0;0;1;-28,31608314;-52,73280717;"SPRF-RS";"DEL08-RS";"UOP01-DEL08-RS"
742825;1663543;2025-12-19;"sexta-feira";"23:10:00";"RS";386;183,3;"CARAZINHO";"Sim";"Rea��o tardia ou ineficiente do condutor";1;"Colis�o frontal";"Com V�timas Fatais";"Plena Noite";"Crescente";"C�u Claro";"Simples";"Reta";"N�o";1326352;"Micro-�nibus";"I/M.BENZ 516SPRINTER A4/M.BENZ 516SPRINTER A4";2020;"Passageiro";"�bito";8;"Feminino";0;0;0;1;-28,31608314;-52,73280717;"SPRF-RS";"DEL08-RS";"UOP01-DEL08-RS"
742825;1663542;2025-12-19;"sexta-feira";"23:10:00";"RS";386;183,3;"CARAZINHO";"Sim";"Rea��o tardia ou ineficiente do condutor";1;"Colis�o frontal";"Com V�timas Fatais";"Plena Noite";"Crescente";"C�u Claro";"Simples";"Reta";"N�o";1326352;"Micro-�nibus";"I/M.BENZ 516SPRINTER A4/M.BENZ 516SPRINTER A4";2020;"Passageiro";"Les�es Graves";64;"Masculino";0;0;1;0;-28,31608314;-52,73280717;"SPRF-RS";"DEL08-RS";"UOP01-DEL08-RS"
742825;1663541;2025-12-19;"sexta-feira";"23:10:00";"RS";386;183,3;"CARAZINHO";"Sim";"Rea��o tardia ou ineficiente do condutor";1;"Colis�o frontal";"Com V�timas Fatais";"Plena Noite";"Crescente";"C�u Claro";"Simples";"Reta";"N�o";1326352;"Micro-�nibus";"I/M.BENZ 516SPRINTER A4/M.BENZ 516SPRINTER A4";2020;"Passageiro";"Les�es Graves";32;"Feminino";0;0;1;0;-28,31608314;-52,73280717;"SPRF-RS";"DEL08-RS";"UOP01-DEL08-RS"
742825;1663540;2025-12-19;"sexta-feira";"23:10:00";"RS";386;183,3;"CARAZINHO";"Sim";"Rea��o tardia ou ineficiente do condutor";1;"Colis�o frontal";"Com V�timas Fatais";"Plena Noite";"Crescente";"C�u Claro";"Simples";"Reta";"N�o";1326352;"Micro-�nibus";"I/M.BENZ 516SPRINTER A4/M.BENZ 516SPRINTER A4";2020;"Passageiro";"�bito";39;"Masculino";0;0;0;1;-28,31608314;-52,73280717;"SPRF-RS";"DEL08-RS";"UOP01-DEL08-RS"
742825;1663539;2025-12-19;"sexta-feira";"23:10:00";"RS";386;183,3;"CARAZINHO";"Sim";"Rea��o tardia ou ineficiente do condutor";1;"Colis�o frontal";"Com V�timas Fatais";"Plena Noite";"Crescente";"C�u Claro";"Simples";"Reta";"N�o";1326352;"Micro-�nibus";"I/M.BENZ 516SPRINTER A4/M.BENZ 516SPRINTER A4";2020;"Passageiro";"Les�es Graves";65;"Masculino";0;0;1;0;-28,31608314;-52,73280717;"SPRF-RS";"DEL08-RS";"UOP01-DEL08-RS"
742825;1663538;2025-12-19;"sexta-feira";"23:10:00";"RS";386;183,3;"CARAZINHO";"Sim";"Rea��o tardia ou ineficiente do condutor";1;"Colis�o frontal";"Com V�timas Fatais";"Plena Noite";"Crescente";"C�u Claro";"Simples";"Reta";"N�o";1326351;"Caminh�o-trator";"VOLVO/FH 460 6X2T/FH 460 6X2T";2022;"Condutor";"Les�es Graves";46;"Masculino";0;0;1;0;-28,31608314;-52,73280717;"SPRF-RS";"DEL08-RS";"UOP01-DEL08-RS"
742826;1663655;2025-12-31;"quarta-feira";"15:10:00";"RJ";101;455;"MANGARATIBA";"Sim";"Retorno proibido";1;"Colis�o transversal";"Sem V�timas";"Pleno dia";"Crescente";"Sol";"Simples";"Curva";"N�o";1326361;"Autom�vel";"CHEVROLET/COBALT 1.8 LT/COBALT 1.8 LT";2013;"Condutor";"Ileso";53;"Masculino";1;0;0;0;-23,0309;-44,1597;"SPRF-RJ";"DEL03-RJ";"UOP02-DEL03-RJ"
742826;1663656;2025-12-31;"quarta-feira";"15:10:00";"RJ";101;455;"MANGARATIBA";"Sim";"Retorno proibido";1;"Colis�o transversal";"Sem V�timas";"Pleno dia";"Crescente";"Sol";"Simples";"Curva";"N�o";1326362;"Utilit�rio";"I/KIA SPORTAGE TMHEV EXP/KIA SPORTAGE TMHEV EXP";2024;"Condutor";"Ileso";22;"Masculino";1;0;0;0;-23,0309;-44,1597;"SPRF-RJ";"DEL03-RJ";"UOP02-DEL03-RJ"
742827;1663679;2025-12-31;"quarta-feira";"17:25:00";"RO";364;178,2;"PIMENTA BUENO";"Sim";"Avarias e/ou desgaste excessivo no pneu";2;"Queda de ocupante de ve�culo";"Com V�timas Feridas";"Pleno dia";"Crescente";"C�u Claro";"Simples";"Reta";"N�o";1326439;"Motocicleta";"YAMAHA/YBR 125E/YBR 125E";2006;"Passageiro";"Les�es Leves";58;"Feminino";0;1;0;0;-11,790178;-61,063813;"SPRF-RO";"DEL02-RO";"UOP02-DEL02-RO"
742827;1663678;2025-12-31;"quarta-feira";"17:25:00";"RO";364;178,2;"PIMENTA BUENO";"Sim";"Avarias e/ou desgaste excessivo no pneu";2;"Queda de ocupante de ve�culo";"Com V�timas Feridas";"Pleno dia";"Crescente";"C�u Claro";"Simples";"Reta";"N�o";1326439;"Motocicleta";"YAMAHA/YBR 125E/YBR 125E";2006;"Condutor";"Les�es Leves";63;"Masculino";0;1;0;0;-11,790178;-61,063813;"SPRF-RO";"DEL02-RO";"UOP02-DEL02-RO"
742827;1663679;2025-12-31;"quarta-feira";"17:25:00";"RO";364;178,2;"PIMENTA BUENO";"Sim";"Avarias e/ou desgaste excessivo no pneu";1;"Tombamento";"Com V�timas Feridas";"Pleno dia";"Crescente";"C�u Claro";"Simples";"Reta";"N�o";1326439;"Motocicleta";"YAMAHA/YBR 125E/YBR 125E";2006;"Passageiro";"Les�es Leves";58;"Feminino";0;1;0;0;-11,790178;-61,063813;"SPRF-RO";"DEL02-RO";"UOP02-DEL02-RO"
742827;1663678;2025-12-31;"quarta-feira";"17:25:00";"RO";364;178,2;"PIMENTA BUENO";"Sim";"Avarias e/ou desgaste excessivo no pneu";1;"Tombamento";"Com V�timas Feridas";"Pleno dia";"Crescente";"C�u Claro";"Simples";"Reta";"N�o";1326439;"Motocicleta";"YAMAHA/YBR 125E/YBR 125E";2006;"Condutor";"Les�es Leves";63;"Masculino";0;1;0;0;-11,790178;-61,063813;"SPRF-RO";"DEL02-RO";"UOP02-DEL02-RO"
742828;1663560;2025-12-31;"quarta-feira";"13:30:00";"PB";230;253;"JUAZEIRINHO";"N�o";"Ingest�o de subst�ncias psicoativas pelo condutor";2;"Capotamento";"Sem V�timas";"Pleno dia";"Crescente";"C�u Claro";"Simples";"Reta";"N�o";1326363;"Autom�vel";"HYUNDAI/HB20 1.0M COMFOR/HB20 1.0M COMFOR";2015;"Condutor";"N�o Informado";NA;"N�o Informado";0;0;0;0;-7,040498;-36,661038;"SPRF-PB";"DEL03-PB";"UOP01-DEL03-PB"
742828;1663560;2025-12-31;"quarta-feira";"13:30:00";"PB";230;253;"JUAZEIRINHO";"N�o";"Ingest�o de subst�ncias psicoativas pelo condutor";1;"Sa�da de leito carro��vel";"Sem V�timas";"Pleno dia";"Crescente";"C�u Claro";"Simples";"Reta";"N�o";1326363;"Autom�vel";"HYUNDAI/HB20 1.0M COMFOR/HB20 1.0M COMFOR";2015;"Condutor";"N�o Informado";NA;"N�o Informado";0;0;0;0;-7,040498;-36,661038;"SPRF-PB";"DEL03-PB";"UOP01-DEL03-PB"
742828;1663560;2025-12-31;"quarta-feira";"13:30:00";"PB";230;253;"JUAZEIRINHO";"N�o";"Ingest�o de �lcool pelo condutor";2;"Capotamento";"Sem V�timas";"Pleno dia";"Crescente";"C�u Claro";"Simples";"Reta";"N�o";1326363;"Autom�vel";"HYUNDAI/HB20 1.0M COMFOR/HB20 1.0M COMFOR";2015;"Condutor";"N�o Informado";NA;"N�o Informado";0;0;0;0;-7,040498;-36,661038;"SPRF-PB";"DEL03-PB";"UOP01-DEL03-PB"
742828;1663560;2025-12-31;"quarta-feira";"13:30:00";"PB";230;253;"JUAZEIRINHO";"N�o";"Ingest�o de �lcool pelo condutor";1;"Sa�da de leito carro��vel";"Sem V�timas";"Pleno dia";"Crescente";"C�u Claro";"Simples";"Reta";"N�o";1326363;"Autom�vel";"HYUNDAI/HB20 1.0M COMFOR/HB20 1.0M COMFOR";2015;"Condutor";"N�o Informado";NA;"N�o Informado";0;0;0;0;-7,040498;-36,661038;"SPRF-PB";"DEL03-PB";"UOP01-DEL03-PB"
742828;1663560;2025-12-31;"quarta-feira";"13:30:00";"PB";230;253;"JUAZEIRINHO";"N�o";"Falta de elemento de conten��o que evite a sa�da do leito carro��vel";2;"Capotamento";"Sem V�timas";"Pleno dia";"Crescente";"C�u Claro";"Simples";"Reta";"N�o";1326363;"Autom�vel";"HYUNDAI/HB20 1.0M COMFOR/HB20 1.0M COMFOR";2015;"Condutor";"N�o Informado";NA;"N�o Informado";0;0;0;0;-7,040498;-36,661038;"SPRF-PB";"DEL03-PB";"UOP01-DEL03-PB"
742828;1663560;2025-12-31;"quarta-feira";"13:30:00";"PB";230;253;"JUAZEIRINHO";"N�o";"Falta de elemento de conten��o que evite a sa�da do leito carro��vel";1;"Sa�da de leito carro��vel";"Sem V�timas";"Pleno dia";"Crescente";"C�u Claro";"Simples";"Reta";"N�o";1326363;"Autom�vel";"HYUNDAI/HB20 1.0M COMFOR/HB20 1.0M COMFOR";2015;"Condutor";"N�o Informado";NA;"N�o Informado";0;0;0;0;-7,040498;-36,661038;"SPRF-PB";"DEL03-PB";"UOP01-DEL03-PB"
742828;1663560;2025-12-31;"quarta-feira";"13:30:00";"PB";230;253;"JUAZEIRINHO";"N�o";"Condutor usando celular";2;"Capotamento";"Sem V�timas";"Pleno dia";"Crescente";"C�u Claro";"Simples";"Reta";"N�o";1326363;"Autom�vel";"HYUNDAI/HB20 1.0M COMFOR/HB20 1.0M COMFOR";2015;"Condutor";"N�o Informado";NA;"N�o Informado";0;0;0;0;-7,040498;-36,661038;"SPRF-PB";"DEL03-PB";"UOP01-DEL03-PB"
742828;1663560;2025-12-31;"quarta-feira";"13:30:00";"PB";230;253;"JUAZEIRINHO";"N�o";"Condutor usando celular";1;"Sa�da de leito carro��vel";"Sem V�timas";"Pleno dia";"Crescente";"C�u Claro";"Simples";"Reta";"N�o";1326363;"Autom�vel";"HYUNDAI/HB20 1.0M COMFOR/HB20 1.0M COMFOR";2015;"Condutor";"N�o Informado";NA;"N�o Informado";0;0;0;0;-7,040498;-36,661038;"SPRF-PB";"DEL03-PB";"UOP01-DEL03-PB"
742828;1663560;2025-12-31;"quarta-feira";"13:30:00";"PB";230;253;"JUAZEIRINHO";"N�o";"Condutor Dormindo";2;"Capotamento";"Sem V�timas";"Pleno dia";"Crescente";"C�u Claro";"Simples";"Reta";"N�o";1326363;"Autom�vel";"HYUNDAI/HB20 1.0M COMFOR/HB20 1.0M COMFOR";2015;"Condutor";"N�o Informado";NA;"N�o Informado";0;0;0;0;-7,040498;-36,661038;"SPRF-PB";"DEL03-PB";"UOP01-DEL03-PB"
742828;1663560;2025-12-31;"quarta-feira";"13:30:00";"PB";230;253;"JUAZEIRINHO";"N�o";"Condutor Dormindo";1;"Sa�da de leito carro��vel";"Sem V�timas";"Pleno dia";"Crescente";"C�u Claro";"Simples";"Reta";"N�o";1326363;"Autom�vel";"HYUNDAI/HB20 1.0M COMFOR/HB20 1.0M COMFOR";2015;"Condutor";"N�o Informado";NA;"N�o Informado";0;0;0;0;-7,040498;-36,661038;"SPRF-PB";"DEL03-PB";"UOP01-DEL03-PB"
742828;1663560;2025-12-31;"quarta-feira";"13:30:00";"PB";230;253;"JUAZEIRINHO";"Sim";"Aus�ncia de rea��o do condutor";2;"Capotamento";"Sem V�timas";"Pleno dia";"Crescente";"C�u Claro";"Simples";"Reta";"N�o";1326363;"Autom�vel";"HYUNDAI/HB20 1.0M COMFOR/HB20 1.0M COMFOR";2015;"Condutor";"N�o Informado";NA;"N�o Informado";0;0;0;0;-7,040498;-36,661038;"SPRF-PB";"DEL03-PB";"UOP01-DEL03-PB"
742828;1663560;2025-12-31;"quarta-feira";"13:30:00";"PB";230;253;"JUAZEIRINHO";"Sim";"Aus�ncia de rea��o do condutor";1;"Sa�da de leito carro��vel";"Sem V�timas";"Pleno dia";"Crescente";"C�u Claro";"Simples";"Reta";"N�o";1326363;"Autom�vel";"HYUNDAI/HB20 1.0M COMFOR/HB20 1.0M COMFOR";2015;"Condutor";"N�o Informado";NA;"N�o Informado";0;0;0;0;-7,040498;-36,661038;"SPRF-PB";"DEL03-PB";"UOP01-DEL03-PB"
742829;1663582;2025-12-31;"quarta-feira";"18:45:00";"RS";285;418,9;"PANAMBI";"N�o";"Avarias e/ou desgaste excessivo no pneu";2;"Colis�o com objeto";"Com V�timas Feridas";"Anoitecer";"Decrescente";"Chuva";"Simples";"Reta";"N�o";1326373;"Autom�vel";"CHEVROLET/COBALT 1.8 LTZ/COBALT 1.8 LTZ";2013;"Condutor";"Ileso";44;"Masculino";1;0;0;0;-28,34226611;-53,54542907;"SPRF-RS";"DEL10-RS";"UOP01-DEL10-RS"
742829;1663584;2025-12-31;"quarta-feira";"18:45:00";"RS";285;418,9;"PANAMBI";"N�o";"Avarias e/ou desgaste excessivo no pneu";2;"Colis�o com objeto";"Com V�timas Feridas";"Anoitecer";"Decrescente";"Chuva";"Simples";"Reta";"N�o";1326373;"Autom�vel";"CHEVROLET/COBALT 1.8 LTZ/COBALT 1.8 LTZ";2013;"Passageiro";"Les�es Leves";13;"Feminino";0;1;0;0;-28,34226611;-53,54542907;"SPRF-RS";"DEL10-RS";"UOP01-DEL10-RS"
742829;1663583;2025-12-31;"quarta-feira";"18:45:00";"RS";285;418,9;"PANAMBI";"N�o";"Avarias e/ou desgaste excessivo no pneu";2;"Colis�o com objeto";"Com V�timas Feridas";"Anoitecer";"Decrescente";"Chuva";"Simples";"Reta";"N�o";1326373;"Autom�vel";"CHEVROLET/COBALT 1.8 LTZ/COBALT 1.8 LTZ";2013;"Passageiro";"Les�es Leves";38;"Feminino";0;1;0;0;-28,34226611;-53,54542907;"SPRF-RS";"DEL10-RS";"UOP01-DEL10-RS"
742829;1663582;2025-12-31;"quarta-feira";"18:45:00";"RS";285;418,9;"PANAMBI";"N�o";"Avarias e/ou desgaste excessivo no pneu";4;"Capotamento";"Com V�timas Feridas";"Anoitecer";"Decrescente";"Chuva";"Simples";"Reta";"N�o";1326373;"Autom�vel";"CHEVROLET/COBALT 1.8 LTZ/COBALT 1.8 LTZ";2013;"Condutor";"Ileso";44;"Masculino";1;0;0;0;-28,34226611;-53,54542907;"SPRF-RS";"DEL10-RS";"UOP01-DEL10-RS"
742829;1663584;2025-12-31;"quarta-feira";"18:45:00";"RS";285;418,9;"PANAMBI";"N�o";"Avarias e/ou desgaste excessivo no pneu";4;"Capotamento";"Com V�timas Feridas";"Anoitecer";"Decrescente";"Chuva";"Simples";"Reta";"N�o";1326373;"Autom�vel";"CHEVROLET/COBALT 1.8 LTZ/COBALT 1.8 LTZ";2013;"Passageiro";"Les�es Leves";13;"Feminino";0;1;0;0;-28,34226611;-53,54542907;"SPRF-RS";"DEL10-RS";"UOP01-DEL10-RS"
742829;1663583;2025-12-31;"quarta-feira";"18:45:00";"RS";285;418,9;"PANAMBI";"N�o";"Avarias e/ou desgaste excessivo no pneu";4;"Capotamento";"Com V�timas Feridas";"Anoitecer";"Decrescente";"Chuva";"Simples";"Reta";"N�o";1326373;"Autom�vel";"CHEVROLET/COBALT 1.8 LTZ/COBALT 1.8 LTZ";2013;"Passageiro";"Les�es Leves";38;"Feminino";0;1;0;0;-28,34226611;-53,54542907;"SPRF-RS";"DEL10-RS";"UOP01-DEL10-RS"
742829;1663582;2025-12-31;"quarta-feira";"18:45:00";"RS";285;418,9;"PANAMBI";"N�o";"Avarias e/ou desgaste excessivo no pneu";3;"Colis�o com objeto";"Com V�timas Feridas";"Anoitecer";"Decrescente";"Chuva";"Simples";"Reta";"N�o";1326373;"Autom�vel";"CHEVROLET/COBALT 1.8 LTZ/COBALT 1.8 LTZ";2013;"Condutor";"Ileso";44;"Masculino";1;0;0;0;-28,34226611;-53,54542907;"SPRF-RS";"DEL10-RS";"UOP01-DEL10-RS"
742829;1663584;2025-12-31;"quarta-feira";"18:45:00";"RS";285;418,9;"PANAMBI";"N�o";"Avarias e/ou desgaste excessivo no pneu";3;"Colis�o com objeto";"Com V�timas Feridas";"Anoitecer";"Decrescente";"Chuva";"Simples";"Reta";"N�o";1326373;"Autom�vel";"CHEVROLET/COBALT 1.8 LTZ/COBALT 1.8 LTZ";2013;"Passageiro";"Les�es Leves";13;"Feminino";0;1;0;0;-28,34226611;-53,54542907;"SPRF-RS";"DEL10-RS";"UOP01-DEL10-RS"
742829;1663583;2025-12-31;"quarta-feira";"18:45:00";"RS";285;418,9;"PANAMBI";"N�o";"Avarias e/ou desgaste excessivo no pneu";3;"Colis�o com objeto";"Com V�timas Feridas";"Anoitecer";"Decrescente";"Chuva";"Simples";"Reta";"N�o";1326373;"Autom�vel";"CHEVROLET/COBALT 1.8 LTZ/COBALT 1.8 LTZ";2013;"Passageiro";"Les�es Leves";38;"Feminino";0;1;0;0;-28,34226611;-53,54542907;"SPRF-RS";"DEL10-RS";"UOP01-DEL10-RS"
742829;1663582;2025-12-31;"quarta-feira";"18:45:00";"RS";285;418,9;"PANAMBI";"N�o";"Avarias e/ou desgaste excessivo no pneu";1;"Sa�da de leito carro��vel";"Com V�timas Feridas";"Anoitecer";"Decrescente";"Chuva";"Simples";"Reta";"N�o";1326373;"Autom�vel";"CHEVROLET/COBALT 1.8 LTZ/COBALT 1.8 LTZ";2013;"Condutor";"Ileso";44;"Masculino";1;0;0;0;-28,34226611;-53,54542907;"SPRF-RS";"DEL10-RS";"UOP01-DEL10-RS"
742829;1663584;2025-12-31;"quarta-feira";"18:45:00";"RS";285;418,9;"PANAMBI";"N�o";"Avarias e/ou desgaste excessivo no pneu";1;"Sa�da de leito carro��vel";"Com V�timas Feridas";"Anoitecer";"Decrescente";"Chuva";"Simples";"Reta";"N�o";1326373;"Autom�vel";"CHEVROLET/COBALT 1.8 LTZ/COBALT 1.8 LTZ";2013;"Passageiro";"Les�es Leves";13;"Feminino";0;1;0;0;-28,34226611;-53,54542907;"SPRF-RS";"DEL10-RS";"UOP01-DEL10-RS"
742829;1663583;2025-12-31;"quarta-feira";"18:45:00";"RS";285;418,9;"PANAMBI";"N�o";"Avarias e/ou desgaste excessivo no pneu";1;"Sa�da de leito carro��vel";"Com V�timas Feridas";"Anoitecer";"Decrescente";"Chuva";"Simples";"Reta";"N�o";1326373;"Autom�vel";"CHEVROLET/COBALT 1.8 LTZ/COBALT 1.8 LTZ";2013;"Passageiro";"Les�es Leves";38;"Feminino";0;1;0;0;-28,34226611;-53,54542907;"SPRF-RS";"DEL10-RS";"UOP01-DEL10-RS"
742829;1663582;2025-12-31;"quarta-feira";"18:45:00";"RS";285;418,9;"PANAMBI";"Sim";"Chuva";2;"Colis�o com objeto";"Com V�timas Feridas";"Anoitecer";"Decrescente";"Chuva";"Simples";"Reta";"N�o";1326373;"Autom�vel";"CHEVROLET/COBALT 1.8 LTZ/COBALT 1.8 LTZ";2013;"Condutor";"Ileso";44;"Masculino";1;0;0;0;-28,34226611;-53,54542907;"SPRF-RS";"DEL10-RS";"UOP01-DEL10-RS"
742829;1663584;2025-12-31;"quarta-feira";"18:45:00";"RS";285;418,9;"PANAMBI";"Sim";"Chuva";2;"Colis�o com objeto";"Com V�timas Feridas";"Anoitecer";"Decrescente";"Chuva";"Simples";"Reta";"N�o";1326373;"Autom�vel";"CHEVROLET/COBALT 1.8 LTZ/COBALT 1.8 LTZ";2013;"Passageiro";"Les�es Leves";13;"Feminino";0;1;0;0;-28,34226611;-53,54542907;"SPRF-RS";"DEL10-RS";"UOP01-DEL10-RS"
742829;1663583;2025-12-31;"quarta-feira";"18:45:00";"RS";285;418,9;"PANAMBI";"Sim";"Chuva";2;"Colis�o com objeto";"Com V�timas Feridas";"Anoitecer";"Decrescente";"Chuva";"Simples";"Reta";"N�o";1326373;"Autom�vel";"CHEVROLET/COBALT 1.8 LTZ/COBALT 1.8 LTZ";2013;"Passageiro";"Les�es Leves";38;"Feminino";0;1;0;0;-28,34226611;-53,54542907;"SPRF-RS";"DEL10-RS";"UOP01-DEL10-RS"