"id";"pesid";"data_inversa";"dia_semana";"horario";"uf";"br";"km";"municipio";"causa_principal";"causa_acidente";"ordem_tipo_acidente";"tipo_acidente";"classificacao_acidente";"fase_dia";"sentido_via";"condicao_metereologica";"tipo_pista";"tracado_via";"uso_solo";"id_veiculo";"tipo_veiculo";"marca";"ano_fabricacao_veiculo";"tipo_envolvido";"estado_fisico";"idade";"sexo";"ilesos";"feridos_leves";"feridos_graves";"mortos";"latitude";"longitude";"regional";"delegacia";"uop"
742829;1663582;2025-12-31;"quarta-feira";"18:45:00";"RS";285;418,9;"PANAMBI";"Sim";"Chuva";4;"Capotamento";"Com V�timas Feridas";"Anoitecer";"Decrescente";"Chuva";"Simples";"Reta";"N�o";1326373;"Autom�vel";"CHEVROLET/COBALT 1.8 LTZ/COBALT 1.8 LTZ";2013;"Condutor";"Ileso";44;"Masculino";1;0;0;0;-28,34226611;-53,54542907;"SPRF-RS";"DEL10-RS";"UOP01-DEL10-RS"
742829;1663584;2025-12-31;"quarta-feira";"18:45:00";"RS";285;418,9;"PANAMBI";"Sim";"Chuva";4;"Capotamento";"Com V�timas Feridas";"Anoitecer";"Decrescente";"Chuva";"Simples";"Reta";"N�o";1326373;"Autom�vel";"CHEVROLET/COBALT 1.8 LTZ/COBALT 1.8 LTZ";2013;"Passageiro";"Les�es Leves";13;"Feminino";0;1;0;0;-28,34226611;-53,54542907;"SPRF-RS";"DEL10-RS";"UOP01-DEL10-RS"
742829;1663583;2025-12-31;"quarta-feira";"18:45:00";"RS";285;418,9;"PANAMBI";"Sim";"Chuva";4;"Capotamento";"Com V�timas Feridas";"Anoitecer";"Decrescente";"Chuva";"Simples";"Reta";"N�o";1326373;"Autom�vel";"CHEVROLET/COBALT 1.8 LTZ/COBALT 1.8 LTZ";2013;"Passageiro";"Les�es Leves";38;"Feminino";0;1;0;0;-28,34226611;-53,54542907;"SPRF-RS";"DEL10-RS";"UOP01-DEL10-RS"
742829;1663582;2025-12-31;"quarta-feira";"18:45:00";"RS";285;418,9;"PANAMBI";"Sim";"Chuva";3;"Colis�o com objeto";"Com V�timas Feridas";"Anoitecer";"Decrescente";"Chuva";"Simples";"Reta";"N�o";1326373;"Autom�vel";"CHEVROLET/COBALT 1.8 LTZ/COBALT 1.8 LTZ";2013;"Condutor";"Ileso";44;"Masculino";1;0;0;0;-28,34226611;-53,54542907;"SPRF-RS";"DEL10-RS";"UOP01-DEL10-RS"
742829;1663584;2025-12-31;"quarta-feira";"18:45:00";"RS";285;418,9;"PANAMBI";"Sim";"Chuva";3;"Colis�o com objeto";"Com V�timas Feridas";"Anoitecer";"Decrescente";"Chuva";"Simples";"Reta";"N�o";1326373;"Autom�vel";"CHEVROLET/COBALT 1.8 LTZ/COBALT 1.8 LTZ";2013;"Passageiro";"Les�es Leves";13;"Feminino";0;1;0;0;-28,34226611;-53,54542907;"SPRF-RS";"DEL10-RS";"UOP01-DEL10-RS"
742829;1663583;2025-12-31;"quarta-feira";"18:45:00";"RS";285;418,9;"PANAMBI";"Sim";"Chuva";3;"Colis�o com objeto";"Com V�timas Feridas";"Anoitecer";"Decrescente";"Chuva";"Simples";"Reta";"N�o";1326373;"Autom�vel";"CHEVROLET/COBALT 1.8 LTZ/COBALT 1.8 LTZ";2013;"Passageiro";"Les�es Leves";38;"Feminino";0;1;0;0;-28,34226611;-53,54542907;"SPRF-RS";"DEL10-RS";"UOP01-DEL10-RS"
742829;1663582;2025-12-31;"quarta-feira";"18:45:00";"RS";285;418,9;"PANAMBI";"Sim";"Chuva";1;"Sa�da de leito carro��vel";"Com V�timas Feridas";"Anoitecer";"Decrescente";"Chuva";"Simples";"Reta";"N�o";1326373;"Autom�vel";"CHEVROLET/COBALT 1.8 LTZ/COBALT 1.8 LTZ";2013;"Condutor";"Ileso";44;"Masculino";1;0;0;0;-28,34226611;-53,54542907;"SPRF-RS";"DEL10-RS";"UOP01-DEL10-RS"
742829;1663584;2025-12-31;"quarta-feira";"18:45:00";"RS";285;418,9;"PANAMBI";"Sim";"Chuva";1;"Sa�da de leito carro��vel";"Com V�timas Feridas";"Anoitecer";"Decrescente";"Chuva";"Simples";"Reta";"N�o";1326373;"Autom�vel";"CHEVROLET/COBALT 1.8 LTZ/COBALT 1.8 LTZ";2013;"Passageiro";"Les�es Leves";13;"Feminino";0;1;0;0;-28,34226611;-53,54542907;"SPRF-RS";"DEL10-RS";"UOP01-DEL10-RS"
742829;1663583;2025-12-31;"quarta-feira";"18:45:00";"RS";285;418,9;"PANAMBI";"Sim";"Chuva";1;"Sa�da de leito carro��vel";"Com V�timas Feridas";"Anoitecer";"Decrescente";"Chuva";"Simples";"Reta";"N�o";1326373;"Autom�vel";"CHEVROLET/COBALT 1.8 LTZ/COBALT 1.8 LTZ";2013;"Passageiro";"Les�es Leves";38;"Feminino";0;1;0;0;-28,34226611;-53,54542907;"SPRF-RS";"DEL10-RS";"UOP01-DEL10-RS"
742829;1663582;2025-12-31;"quarta-feira";"18:45:00";"RS";285;418,9;"PANAMBI";"N�o";"Velocidade Incompat�vel";2;"Colis�o com objeto";"Com V�timas Feridas";"Anoitecer";"Decrescente";"Chuva";"Simples";"Reta";"N�o";1326373;"Autom�vel";"CHEVROLET/COBALT 1.8 LTZ/COBALT 1.8 LTZ";2013;"Condutor";"Ileso";44;"Masculino";1;0;0;0;-28,34226611;-53,54542907;"SPRF-RS";"DEL10-RS";"UOP01-DEL10-RS"
742829;1663584;2025-12-31;"quarta-feira";"18:45:00";"RS";285;418,9;"PANAMBI";"N�o";"Velocidade Incompat�vel";2;"Colis�o com objeto";"Com V�timas Feridas";"Anoitecer";"Decrescente";"Chuva";"Simples";"Reta";"N�o";1326373;"Autom�vel";"CHEVROLET/COBALT 1.8 LTZ/COBALT 1.8 LTZ";2013;"Passageiro";"Les�es Leves";13;"Feminino";0;1;0;0;-28,34226611;-53,54542907;"SPRF-RS";"DEL10-RS";"UOP01-DEL10-RS"
742829;1663583;2025-12-31;"quarta-feira";"18:45:00";"RS";285;418,9;"PANAMBI";"N�o";"Velocidade Incompat�vel";2;"Colis�o com objeto";"Com V�timas Feridas";"Anoitecer";"Decrescente";"Chuva";"Simples";"Reta";"N�o";1326373;"Autom�vel";"CHEVROLET/COBALT 1.8 LTZ/COBALT 1.8 LTZ";2013;"Passageiro";"Les�es Leves";38;"Feminino";0;1;0;0;-28,34226611;-53,54542907;"SPRF-RS";"DEL10-RS";"UOP01-DEL10-RS"
742829;1663582;2025-12-31;"quarta-feira";"18:45:00";"RS";285;418,9;"PANAMBI";"N�o";"Velocidade Incompat�vel";4;"Capotamento";"Com V�timas Feridas";"Anoitecer";"Decrescente";"Chuva";"Simples";"Reta";"N�o";1326373;"Autom�vel";"CHEVROLET/COBALT 1.8 LTZ/COBALT 1.8 LTZ";2013;"Condutor";"Ileso";44;"Masculino";1;0;0;0;-28,34226611;-53,54542907;"SPRF-RS";"DEL10-RS";"UOP01-DEL10-RS"
742829;1663584;2025-12-31;"quarta-feira";"18:45:00";"RS";285;418,9;"PANAMBI";"N�o";"Velocidade Incompat�vel";4;"Capotamento";"Com V�timas Feridas";"Anoitecer";"Decrescente";"Chuva";"Simples";"Reta";"N�o";1326373;"Autom�vel";"CHEVROLET/COBALT 1.8 LTZ/COBALT 1.8 LTZ";2013;"Passageiro";"Les�es Leves";13;"Feminino";0;1;0;0;-28,34226611;-53,54542907;"SPRF-RS";"DEL10-RS";"UOP01-DEL10-RS"
742829;1663583;2025-12-31;"quarta-feira";"18:45:00";"RS";285;418,9;"PANAMBI";"N�o";"Velocidade Incompat�vel";4;"Capotamento";"Com V�timas Feridas";"Anoitecer";"Decrescente";"Chuva";"Simples";"Reta";"N�o";1326373;"Autom�vel";"CHEVROLET/COBALT 1.8 LTZ/COBALT 1.8 LTZ";2013;"Passageiro";"Les�es Leves";38;"Feminino";0;1;0;0;-28,34226611;-53,54542907;"SPRF-RS";"DEL10-RS";"UOP01-DEL10-RS"
742829;1663582;2025-12-31;"quarta-feira";"18:45:00";"RS";285;418,9;"PANAMBI";"N�o";"Velocidade Incompat�vel";3;"Colis�o com objeto";"Com V�timas Feridas";"Anoitecer";"Decrescente";"Chuva";"Simples";"Reta";"N�o";1326373;"Autom�vel";"CHEVROLET/COBALT 1.8 LTZ/COBALT 1.8 LTZ";2013;"Condutor";"Ileso";44;"Masculino";1;0;0;0;-28,34226611;-53,54542907;"SPRF-RS";"DEL10-RS";"UOP01-DEL10-RS"
742829;1663584;2025-12-31;"quarta-feira";"18:45:00";"RS";285;418,9;"PANAMBI";"N�o";"Velocidade Incompat�vel";3;"Colis�o com objeto";"Com V�timas Feridas";"Anoitecer";"Decrescente";"Chuva";"Simples";"Reta";"N�o";1326373;"Autom�vel";"CHEVROLET/COBALT 1.8 LTZ/COBALT 1.8 LTZ";2013;"Passageiro";"Les�es Leves";13;"Feminino";0;1;0;0;-28,34226611;-53,54542907;"SPRF-RS";"DEL10-RS";"UOP01-DEL10-RS"
742829;1663583;2025-12-31;"quarta-feira";"18:45:00";"RS";285;418,9;"PANAMBI";"N�o";"Velocidade Incompat�vel";3;"Colis�o com objeto";"Com V�timas Feridas";"Anoitecer";"Decrescente";"Chuva";"Simples";"Reta";"N�o";1326373;"Autom�vel";"CHEVROLET/COBALT 1.8 LTZ/COBALT 1.8 LTZ";2013;"Passageiro";"Les�es Leves";38;"Feminino";0;1;0;0;-28,34226611;-53,54542907;"SPRF-RS";"DEL10-RS";"UOP01-DEL10-RS"
742829;1663582;2025-12-31;"quarta-feira";"18:45:00";"RS";285;418,9;"PANAMBI";"N�o";"Velocidade Incompat�vel";1;"Sa�da de leito carro��vel";"Com V�timas Feridas";"Anoitecer";"Decrescente";"Chuva";"Simples";"Reta";"N�o";1326373;"Autom�vel";"CHEVROLET/COBALT 1.8 LTZ/COBALT 1.8 LTZ";2013;"Condutor";"Ileso";44;"Masculino";1;0;0;0;-28,34226611;-53,54542907;"SPRF-RS";"DEL10-RS";"UOP01-DEL10-RS"
742829;1663584;2025-12-31;"quarta-feira";"18:45:00";"RS";285;418,9;"PANAMBI";"N�o";"Velocidade Incompat�vel";1;"Sa�da de leito carro��vel";"Com V�timas Feridas";"Anoitecer";"Decrescente";"Chuva";"Simples";"Reta";"N�o";1326373;"Autom�vel";"CHEVROLET/COBALT 1.8 LTZ/COBALT 1.8 LTZ";2013;"Passageiro";"Les�es Leves";13;"Feminino";0;1;0;0;-28,34226611;-53,54542907;"SPRF-RS";"DEL10-RS";"UOP01-DEL10-RS"
742829;1663583;2025-12-31;"quarta-feira";"18:45:00";"RS";285;418,9;"PANAMBI";"N�o";"Velocidade Incompat�vel";1;"Sa�da de leito carro��vel";"Com V�timas Feridas";"Anoitecer";"Decrescente";"Chuva";"Simples";"Reta";"N�o";1326373;"Autom�vel";"CHEVROLET/COBALT 1.8 LTZ/COBALT 1.8 LTZ";2013;"Passageiro";"Les�es Leves";38;"Feminino";0;1;0;0;-28,34226611;-53,54542907;"SPRF-RS";"DEL10-RS";"UOP01-DEL10-RS"
742830;1663573;2025-12-31;"quarta-feira";"16:30:00";"MG";381;497,1;"BETIM";"Sim";"Ultrapassagem Indevida";1;"Colis�o com objeto";"Com V�timas Feridas";"Pleno dia";"Decrescente";"C�u Claro";"Dupla";"Aclive;Reta";"Sim";1326367;"Motocicleta";"HONDA/CG 160 TITAN/CG 160 TITAN";2024;"Passageiro";"Ileso";17;"Masculino";1;0;0;0;-19,97977622;-44,20027649;"SPRF-MG";"DEL01-MG";"UOP03-DEL01-MG"
742830;1663568;2025-12-31;"quarta-feira";"16:30:00";"MG";381;497,1;"BETIM";"Sim";"Ultrapassagem Indevida";1;"Colis�o com objeto";"Com V�timas Feridas";"Pleno dia";"Decrescente";"C�u Claro";"Dupla";"Aclive;Reta";"Sim";1326367;"Motocicleta";"HONDA/CG 160 TITAN/CG 160 TITAN";2024;"Condutor";"Les�es Graves";29;"Masculino";0;0;1;0;-19,97977622;-44,20027649;"SPRF-MG";"DEL01-MG";"UOP03-DEL01-MG"
742830;1663574;2025-12-31;"quarta-feira";"16:30:00";"MG";381;497,1;"BETIM";"Sim";"Ultrapassagem Indevida";1;"Colis�o com objeto";"Com V�timas Feridas";"Pleno dia";"Decrescente";"C�u Claro";"Dupla";"Aclive;Reta";"Sim";NA;NA;"NA/NA/NA";NA;"Testemunha";"N�o Informado";NA;"N�o Informado";0;0;0;0;-19,97977622;-44,20027649;"SPRF-MG";"DEL01-MG";"UOP03-DEL01-MG"
742831;1663603;2025-12-31;"quarta-feira";"12:00:00";"PR";153;68;"CONSELHEIRO MAIRINCK";"Sim";"Aus�ncia de rea��o do condutor";1;"Sa�da de leito carro��vel";"Sem V�timas";"Pleno dia";"Crescente";"C�u Claro";"Simples";"Reta";"N�o";1326365;"Caminhonete";"GM/S10 EXECUTIVE D/S10 EXECUTIVE D";2011;"Condutor";"Ileso";26;"Feminino";1;0;0;0;-23,52297702;-50,13194025;"SPRF-PR";"DEL07-PR";"UOP04-DEL07-PR"
742832;1663564;2025-12-31;"quarta-feira";"17:15:00";"PE";232;388,5;"SERRA TALHADA";"N�o";"Acumulo de �gua sobre o pavimento";2;"Capotamento";"Com V�timas Feridas";"Anoitecer";"Crescente";"Chuva";"Simples";"Reta;Declive";"Sim";1326364;"Caminh�o";"M.BENZ/1718/1718";2010;"Passageiro";"Les�es Leves";38;"Feminino";0;1;0;0;-8,0320816;-38,1187207;"SPRF-PE";"DEL04-PE";"UOP01-DEL04-PE"
742832;1663561;2025-12-31;"quarta-feira";"17:15:00";"PE";232;388,5;"SERRA TALHADA";"N�o";"Acumulo de �gua sobre o pavimento";2;"Capotamento";"Com V�timas Feridas";"Anoitecer";"Crescente";"Chuva";"Simples";"Reta;Declive";"Sim";1326364;"Caminh�o";"M.BENZ/1718/1718";2010;"Condutor";"Les�es Leves";34;"Masculino";0;1;0;0;-8,0320816;-38,1187207;"SPRF-PE";"DEL04-PE";"UOP01-DEL04-PE"
742832;1663564;2025-12-31;"quarta-feira";"17:15:00";"PE";232;388,5;"SERRA TALHADA";"N�o";"Acumulo de �gua sobre o pavimento";1;"Sa�da de leito carro��vel";"Com V�timas Feridas";"Anoitecer";"Crescente";"Chuva";"Simples";"Reta;Declive";"Sim";1326364;"Caminh�o";"M.BENZ/1718/1718";2010;"Passageiro";"Les�es Leves";38;"Feminino";0;1;0;0;-8,0320816;-38,1187207;"SPRF-PE";"DEL04-PE";"UOP01-DEL04-PE"
742832;1663561;2025-12-31;"quarta-feira";"17:15:00";"PE";232;388,5;"SERRA TALHADA";"N�o";"Acumulo de �gua sobre o pavimento";1;"Sa�da de leito carro��vel";"Com V�timas Feridas";"Anoitecer";"Crescente";"Chuva";"Simples";"Reta;Declive";"Sim";1326364;"Caminh�o";"M.BENZ/1718/1718";2010;"Condutor";"Les�es Leves";34;"Masculino";0;1;0;0;-8,0320816;-38,1187207;"SPRF-PE";"DEL04-PE";"UOP01-DEL04-PE"
742832;1663564;2025-12-31;"quarta-feira";"17:15:00";"PE";232;388,5;"SERRA TALHADA";"Sim";"Redutor de velocidade em desacordo";2;"Capotamento";"Com V�timas Feridas";"Anoitecer";"Crescente";"Chuva";"Simples";"Reta;Declive";"Sim";1326364;"Caminh�o";"M.BENZ/1718/1718";2010;"Passageiro";"Les�es Leves";38;"Feminino";0;1;0;0;-8,0320816;-38,1187207;"SPRF-PE";"DEL04-PE";"UOP01-DEL04-PE"
742832;1663561;2025-12-31;"quarta-feira";"17:15:00";"PE";232;388,5;"SERRA TALHADA";"Sim";"Redutor de velocidade em desacordo";2;"Capotamento";"Com V�timas Feridas";"Anoitecer";"Crescente";"Chuva";"Simples";"Reta;Declive";"Sim";1326364;"Caminh�o";"M.BENZ/1718/1718";2010;"Condutor";"Les�es Leves";34;"Masculino";0;1;0;0;-8,0320816;-38,1187207;"SPRF-PE";"DEL04-PE";"UOP01-DEL04-PE"
742832;1663564;2025-12-31;"quarta-feira";"17:15:00";"PE";232;388,5;"SERRA TALHADA";"Sim";"Redutor de velocidade em desacordo";1;"Sa�da de leito carro��vel";"Com V�timas Feridas";"Anoitecer";"Crescente";"Chuva";"Simples";"Reta;Declive";"Sim";1326364;"Caminh�o";"M.BENZ/1718/1718";2010;"Passageiro";"Les�es Leves";38;"Feminino";0;1;0;0;-8,0320816;-38,1187207;"SPRF-PE";"DEL04-PE";"UOP01-DEL04-PE"
742832;1663561;2025-12-31;"quarta-feira";"17:15:00";"PE";232;388,5;"SERRA TALHADA";"Sim";"Redutor de velocidade em desacordo";1;"Sa�da de leito carro��vel";"Com V�timas Feridas";"Anoitecer";"Crescente";"Chuva";"Simples";"Reta;Declive";"Sim";1326364;"Caminh�o";"M.BENZ/1718/1718";2010;"Condutor";"Les�es Leves";34;"Masculino";0;1;0;0;-8,0320816;-38,1187207;"SPRF-PE";"DEL04-PE";"UOP01-DEL04-PE"
742833;1663662;2025-12-31;"quarta-feira";"18:24:00";"RN";101;96;"NATAL";"Sim";"Pedestre cruzava a pista fora da faixa";1;"Atropelamento de Pedestre";"Com V�timas Feridas";"Plena Noite";"Crescente";"C�u Claro";"Dupla";"Reta";"Sim";1326430;"Autom�vel";"VW/GOL 1.6L MB5/GOL 1.6L MB5";2018;"Condutor";"Ileso";30;"Masculino";1;0;0;0;-5,856467;-35,212467;"SPRF-RN";"DEL01-RN";"UOP01-DEL01-RN"
742833;1666422;2025-12-31;"quarta-feira";"18:24:00";"RN";101;96;"NATAL";"Sim";"Pedestre cruzava a pista fora da faixa";1;"Atropelamento de Pedestre";"Com V�timas Feridas";"Plena Noite";"Crescente";"C�u Claro";"Dupla";"Reta";"Sim";NA;NA;"NA/NA/NA";NA;"Testemunha";"N�o Informado";NA;"N�o Informado";0;0;0;0;-5,856467;-35,212467;"SPRF-RN";"DEL01-RN";"UOP01-DEL01-RN"
742833;1666413;2025-12-31;"quarta-feira";"18:24:00";"RN";101;96;"NATAL";"Sim";"Pedestre cruzava a pista fora da faixa";1;"Atropelamento de Pedestre";"Com V�timas Feridas";"Plena Noite";"Crescente";"C�u Claro";"Dupla";"Reta";"Sim";NA;NA;"NA/NA/NA";NA;"Pedestre";"Les�es Graves";72;"Feminino";0;0;1;0;-5,856467;-35,212467;"SPRF-RN";"DEL01-RN";"UOP01-DEL01-RN"
742834;1663579;2025-12-31;"quarta-feira";"17:30:00";"SC";470;55,2;"BLUMENAU";"N�o";"Velocidade Incompat�vel";1;"Colis�o frontal";"Com V�timas Feridas";"Pleno dia";"Decrescente";"Nublado";"Simples";"Declive;Reta";"Sim";1326370;"Autom�vel";"CITROEN/XSARA PICASSOEXA/XSARA PICASSOEXA";2004;"Condutor";"Les�es Graves";48;"Masculino";0;0;1;0;-26,8763755;-49,1209349;"SPRF-SC";"DEL04-SC";"UOP01-DEL04-SC"
742834;1663578;2025-12-31;"quarta-feira";"17:30:00";"SC";470;55,2;"BLUMENAU";"N�o";"Velocidade Incompat�vel";1;"Colis�o frontal";"Com V�timas Feridas";"Pleno dia";"Decrescente";"Nublado";"Simples";"Declive;Reta";"Sim";1326369;"Autom�vel";"FIAT/ARGO DRIVE 1.0/ARGO DRIVE 1.0";2020;"Condutor";"Les�es Graves";42;"Masculino";0;0;1;0;-26,8763755;-49,1209349;"SPRF-SC";"DEL04-SC";"UOP01-DEL04-SC"
742834;1663579;2025-12-31;"quarta-feira";"17:30:00";"SC";470;55,2;"BLUMENAU";"N�o";"Ingest�o de �lcool pelo condutor";1;"Colis�o frontal";"Com V�timas Feridas";"Pleno dia";"Decrescente";"Nublado";"Simples";"Declive;Reta";"Sim";1326370;"Autom�vel";"CITROEN/XSARA PICASSOEXA/XSARA PICASSOEXA";2004;"Condutor";"Les�es Graves";48;"Masculino";0;0;1;0;-26,8763755;-49,1209349;"SPRF-SC";"DEL04-SC";"UOP01-DEL04-SC"
742834;1663578;2025-12-31;"quarta-feira";"17:30:00";"SC";470;55,2;"BLUMENAU";"N�o";"Ingest�o de �lcool pelo condutor";1;"Colis�o frontal";"Com V�timas Feridas";"Pleno dia";"Decrescente";"Nublado";"Simples";"Declive;Reta";"Sim";1326369;"Autom�vel";"FIAT/ARGO DRIVE 1.0/ARGO DRIVE 1.0";2020;"Condutor";"Les�es Graves";42;"Masculino";0;0;1;0;-26,8763755;-49,1209349;"SPRF-SC";"DEL04-SC";"UOP01-DEL04-SC"
742834;1663579;2025-12-31;"quarta-feira";"17:30:00";"SC";470;55,2;"BLUMENAU";"Sim";"Transitar na contram�o";1;"Colis�o frontal";"Com V�timas Feridas";"Pleno dia";"Decrescente";"Nublado";"Simples";"Declive;Reta";"Sim";1326370;"Autom�vel";"CITROEN/XSARA PICASSOEXA/XSARA PICASSOEXA";2004;"Condutor";"Les�es Graves";48;"Masculino";0;0;1;0;-26,8763755;-49,1209349;"SPRF-SC";"DEL04-SC";"UOP01-DEL04-SC"
742834;1663578;2025-12-31;"quarta-feira";"17:30:00";"SC";470;55,2;"BLUMENAU";"Sim";"Transitar na contram�o";1;"Colis�o frontal";"Com V�timas Feridas";"Pleno dia";"Decrescente";"Nublado";"Simples";"Declive;Reta";"Sim";1326369;"Autom�vel";"FIAT/ARGO DRIVE 1.0/ARGO DRIVE 1.0";2020;"Condutor";"Les�es Graves";42;"Masculino";0;0;1;0;-26,8763755;-49,1209349;"SPRF-SC";"DEL04-SC";"UOP01-DEL04-SC"
742835;1663614;2025-12-31;"quarta-feira";"18:40:00";"RN";101;84,5;"NATAL";"N�o";"Velocidade Incompat�vel";1;"Colis�o com objeto";"Com V�timas Fatais";"Plena Noite";"Decrescente";"C�u Claro";"Simples";"T�nel";"Sim";1326400;"Motocicleta";"HONDA/CG 160 FAN/CG 160 FAN";2025;"Condutor";"�bito";44;"Masculino";0;0;0;1;-5,77596357;-35,25313139;"SPRF-RN";"DEL02-RN";"UOP01-DEL02-RN"
742835;1663614;2025-12-31;"quarta-feira";"18:40:00";"RN";101;84,5;"NATAL";"N�o";"Velocidade Incompat�vel";3;"Queda de ocupante de ve�culo";"Com V�timas Fatais";"Plena Noite";"Decrescente";"C�u Claro";"Simples";"T�nel";"Sim";1326400;"Motocicleta";"HONDA/CG 160 FAN/CG 160 FAN";2025;"Condutor";"�bito";44;"Masculino";0;0;0;1;-5,77596357;-35,25313139;"SPRF-RN";"DEL02-RN";"UOP01-DEL02-RN"
742835;1663614;2025-12-31;"quarta-feira";"18:40:00";"RN";101;84,5;"NATAL";"N�o";"Velocidade Incompat�vel";2;"Tombamento";"Com V�timas Fatais";"Plena Noite";"Decrescente";"C�u Claro";"Simples";"T�nel";"Sim";1326400;"Motocicleta";"HONDA/CG 160 FAN/CG 160 FAN";2025;"Condutor";"�bito";44;"Masculino";0;0;0;1;-5,77596357;-35,25313139;"SPRF-RN";"DEL02-RN";"UOP01-DEL02-RN"
742835;1663614;2025-12-31;"quarta-feira";"18:40:00";"RN";101;84,5;"NATAL";"Sim";"Rea��o tardia ou ineficiente do condutor";1;"Colis�o com objeto";"Com V�timas Fatais";"Plena Noite";"Decrescente";"C�u Claro";"Simples";"T�nel";"Sim";1326400;"Motocicleta";"HONDA/CG 160 FAN/CG 160 FAN";2025;"Condutor";"�bito";44;"Masculino";0;0;0;1;-5,77596357;-35,25313139;"SPRF-RN";"DEL02-RN";"UOP01-DEL02-RN"
742835;1663614;2025-12-31;"quarta-feira";"18:40:00";"RN";101;84,5;"NATAL";"Sim";"Rea��o tardia ou ineficiente do condutor";3;"Queda de ocupante de ve�culo";"Com V�timas Fatais";"Plena Noite";"Decrescente";"C�u Claro";"Simples";"T�nel";"Sim";1326400;"Motocicleta";"HONDA/CG 160 FAN/CG 160 FAN";2025;"Condutor";"�bito";44;"Masculino";0;0;0;1;-5,77596357;-35,25313139;"SPRF-RN";"DEL02-RN";"UOP01-DEL02-RN"
742835;1663614;2025-12-31;"quarta-feira";"18:40:00";"RN";101;84,5;"NATAL";"Sim";"Rea��o tardia ou ineficiente do condutor";2;"Tombamento";"Com V�timas Fatais";"Plena Noite";"Decrescente";"C�u Claro";"Simples";"T�nel";"Sim";1326400;"Motocicleta";"HONDA/CG 160 FAN/CG 160 FAN";2025;"Condutor";"�bito";44;"Masculino";0;0;0;1;-5,77596357;-35,25313139;"SPRF-RN";"DEL02-RN";"UOP01-DEL02-RN"
742836;1663628;2025-12-31;"quarta-feira";"19:12:00";"PE";116;23;"SALGUEIRO";"N�o";"Ilumina��o deficiente";3;"Queda de ocupante de ve�culo";"Com V�timas Feridas";"Plena Noite";"Crescente";"C�u Claro";"Simples";"Curva";"N�o";1326408;"Motocicleta";"HONDA/NXR160 BROS ESDD/NXR160 BROS ESDD";2024;"Condutor";"Les�es Graves";27;"Masculino";0;0;1;0;-8,046616;-39,1384016;"SPRF-PE";"DEL05-PE";"UOP01-DEL05-PE"
742836;1663628;2025-12-31;"quarta-feira";"19:12:00";"PE";116;23;"SALGUEIRO";"N�o";"Ilumina��o deficiente";2;"Tombamento";"Com V�timas Feridas";"Plena Noite";"Crescente";"C�u Claro";"Simples";"Curva";"N�o";1326408;"Motocicleta";"HONDA/NXR160 BROS ESDD/NXR160 BROS ESDD";2024;"Condutor";"Les�es Graves";27;"Masculino";0;0;1;0;-8,046616;-39,1384016;"SPRF-PE";"DEL05-PE";"UOP01-DEL05-PE"
742836;1663628;2025-12-31;"quarta-feira";"19:12:00";"PE";116;23;"SALGUEIRO";"N�o";"Ilumina��o deficiente";1;"Atropelamento de Animal";"Com V�timas Feridas";"Plena Noite";"Crescente";"C�u Claro";"Simples";"Curva";"N�o";1326408;"Motocicleta";"HONDA/NXR160 BROS ESDD/NXR160 BROS ESDD";2024;"Condutor";"Les�es Graves";27;"Masculino";0;0;1;0;-8,046616;-39,1384016;"SPRF-PE";"DEL05-PE";"UOP01-DEL05-PE"
742836;1663628;2025-12-31;"quarta-feira";"19:12:00";"PE";116;23;"SALGUEIRO";"N�o";"Velocidade Incompat�vel";3;"Queda de ocupante de ve�culo";"Com V�timas Feridas";"Plena Noite";"Crescente";"C�u Claro";"Simples";"Curva";"N�o";1326408;"Motocicleta";"HONDA/NXR160 BROS ESDD/NXR160 BROS ESDD";2024;"Condutor";"Les�es Graves";27;"Masculino";0;0;1;0;-8,046616;-39,1384016;"SPRF-PE";"DEL05-PE";"UOP01-DEL05-PE"
742836;1663628;2025-12-31;"quarta-feira";"19:12:00";"PE";116;23;"SALGUEIRO";"N�o";"Velocidade Incompat�vel";2;"Tombamento";"Com V�timas Feridas";"Plena Noite";"Crescente";"C�u Claro";"Simples";"Curva";"N�o";1326408;"Motocicleta";"HONDA/NXR160 BROS ESDD/NXR160 BROS ESDD";2024;"Condutor";"Les�es Graves";27;"Masculino";0;0;1;0;-8,046616;-39,1384016;"SPRF-PE";"DEL05-PE";"UOP01-DEL05-PE"
742836;1663628;2025-12-31;"quarta-feira";"19:12:00";"PE";116;23;"SALGUEIRO";"N�o";"Velocidade Incompat�vel";1;"Atropelamento de Animal";"Com V�timas Feridas";"Plena Noite";"Crescente";"C�u Claro";"Simples";"Curva";"N�o";1326408;"Motocicleta";"HONDA/NXR160 BROS ESDD/NXR160 BROS ESDD";2024;"Condutor";"Les�es Graves";27;"Masculino";0;0;1;0;-8,046616;-39,1384016;"SPRF-PE";"DEL05-PE";"UOP01-DEL05-PE"
742836;1663628;2025-12-31;"quarta-feira";"19:12:00";"PE";116;23;"SALGUEIRO";"N�o";"Aus�ncia de rea��o do condutor";3;"Queda de ocupante de ve�culo";"Com V�timas Feridas";"Plena Noite";"Crescente";"C�u Claro";"Simples";"Curva";"N�o";1326408;"Motocicleta";"HONDA/NXR160 BROS ESDD/NXR160 BROS ESDD";2024;"Condutor";"Les�es Graves";27;"Masculino";0;0;1;0;-8,046616;-39,1384016;"SPRF-PE";"DEL05-PE";"UOP01-DEL05-PE"