"id";"pesid";"data_inversa";"dia_semana";"horario";"uf";"br";"km";"municipio";"causa_principal";"causa_acidente";"ordem_tipo_acidente";"tipo_acidente";"classificacao_acidente";"fase_dia";"sentido_via";"condicao_metereologica";"tipo_pista";"tracado_via";"uso_solo";"id_veiculo";"tipo_veiculo";"marca";"ano_fabricacao_veiculo";"tipo_envolvido";"estado_fisico";"idade";"sexo";"ilesos";"feridos_leves";"feridos_graves";"mortos";"latitude";"longitude";"regional";"delegacia";"uop"
742836;1663628;2025-12-31;"quarta-feira";"19:12:00";"PE";116;23;"SALGUEIRO";"N�o";"Aus�ncia de rea��o do condutor";2;"Tombamento";"Com V�timas Feridas";"Plena Noite";"Crescente";"C�u Claro";"Simples";"Curva";"N�o";1326408;"Motocicleta";"HONDA/NXR160 BROS ESDD/NXR160 BROS ESDD";2024;"Condutor";"Les�es Graves";27;"Masculino";0;0;1;0;-8,046616;-39,1384016;"SPRF-PE";"DEL05-PE";"UOP01-DEL05-PE"
742836;1663628;2025-12-31;"quarta-feira";"19:12:00";"PE";116;23;"SALGUEIRO";"N�o";"Aus�ncia de rea��o do condutor";1;"Atropelamento de Animal";"Com V�timas Feridas";"Plena Noite";"Crescente";"C�u Claro";"Simples";"Curva";"N�o";1326408;"Motocicleta";"HONDA/NXR160 BROS ESDD/NXR160 BROS ESDD";2024;"Condutor";"Les�es Graves";27;"Masculino";0;0;1;0;-8,046616;-39,1384016;"SPRF-PE";"DEL05-PE";"UOP01-DEL05-PE"
742836;1663628;2025-12-31;"quarta-feira";"19:12:00";"PE";116;23;"SALGUEIRO";"Sim";"Animais na Pista";3;"Queda de ocupante de ve�culo";"Com V�timas Feridas";"Plena Noite";"Crescente";"C�u Claro";"Simples";"Curva";"N�o";1326408;"Motocicleta";"HONDA/NXR160 BROS ESDD/NXR160 BROS ESDD";2024;"Condutor";"Les�es Graves";27;"Masculino";0;0;1;0;-8,046616;-39,1384016;"SPRF-PE";"DEL05-PE";"UOP01-DEL05-PE"
742836;1663628;2025-12-31;"quarta-feira";"19:12:00";"PE";116;23;"SALGUEIRO";"Sim";"Animais na Pista";2;"Tombamento";"Com V�timas Feridas";"Plena Noite";"Crescente";"C�u Claro";"Simples";"Curva";"N�o";1326408;"Motocicleta";"HONDA/NXR160 BROS ESDD/NXR160 BROS ESDD";2024;"Condutor";"Les�es Graves";27;"Masculino";0;0;1;0;-8,046616;-39,1384016;"SPRF-PE";"DEL05-PE";"UOP01-DEL05-PE"
742836;1663628;2025-12-31;"quarta-feira";"19:12:00";"PE";116;23;"SALGUEIRO";"Sim";"Animais na Pista";1;"Atropelamento de Animal";"Com V�timas Feridas";"Plena Noite";"Crescente";"C�u Claro";"Simples";"Curva";"N�o";1326408;"Motocicleta";"HONDA/NXR160 BROS ESDD/NXR160 BROS ESDD";2024;"Condutor";"Les�es Graves";27;"Masculino";0;0;1;0;-8,046616;-39,1384016;"SPRF-PE";"DEL05-PE";"UOP01-DEL05-PE"
742837;1663585;2025-12-31;"quarta-feira";"18:00:00";"SC";101;103,8;"BALNEARIO PICARRAS";"Sim";"Acumulo de �gua sobre o pavimento";1;"Sa�da de leito carro��vel";"Com V�timas Feridas";"Plena Noite";"Decrescente";"Chuva";"M�ltipla";"Declive;Reta";"N�o";1326374;"Camioneta";"JEEP/RENEGADE LIMITED AT/RENEGADE LIMITED AT";2021;"Condutor";"Les�es Leves";34;"Feminino";0;1;0;0;-26,79108;-48,680969;"SPRF-SC";"DEL03-SC";"UOP02-DEL03-SC"
742838;1663586;2025-12-31;"quarta-feira";"19:00:00";"SC";101;87,9;"BARRA VELHA";"N�o";"Ingest�o de �lcool pelo condutor";3;"Capotamento";"Sem V�timas";"Anoitecer";"Decrescente";"Chuva";"M�ltipla";"Declive;Curva";"Sim";1326375;"Autom�vel";"VW/NOVO GOL TL MBV/NOVO GOL TL MBV";2018;"Condutor";"Ileso";31;"Masculino";1;0;0;0;-26,64779148;-48,6867377;"SPRF-SC";"DEL03-SC";"UOP02-DEL03-SC"
742838;1663586;2025-12-31;"quarta-feira";"19:00:00";"SC";101;87,9;"BARRA VELHA";"N�o";"Ingest�o de �lcool pelo condutor";2;"Colis�o com objeto";"Sem V�timas";"Anoitecer";"Decrescente";"Chuva";"M�ltipla";"Declive;Curva";"Sim";1326375;"Autom�vel";"VW/NOVO GOL TL MBV/NOVO GOL TL MBV";2018;"Condutor";"Ileso";31;"Masculino";1;0;0;0;-26,64779148;-48,6867377;"SPRF-SC";"DEL03-SC";"UOP02-DEL03-SC"
742838;1663586;2025-12-31;"quarta-feira";"19:00:00";"SC";101;87,9;"BARRA VELHA";"N�o";"Ingest�o de �lcool pelo condutor";1;"Colis�o com objeto";"Sem V�timas";"Anoitecer";"Decrescente";"Chuva";"M�ltipla";"Declive;Curva";"Sim";1326375;"Autom�vel";"VW/NOVO GOL TL MBV/NOVO GOL TL MBV";2018;"Condutor";"Ileso";31;"Masculino";1;0;0;0;-26,64779148;-48,6867377;"SPRF-SC";"DEL03-SC";"UOP02-DEL03-SC"
742838;1663586;2025-12-31;"quarta-feira";"19:00:00";"SC";101;87,9;"BARRA VELHA";"N�o";"Chuva";3;"Capotamento";"Sem V�timas";"Anoitecer";"Decrescente";"Chuva";"M�ltipla";"Declive;Curva";"Sim";1326375;"Autom�vel";"VW/NOVO GOL TL MBV/NOVO GOL TL MBV";2018;"Condutor";"Ileso";31;"Masculino";1;0;0;0;-26,64779148;-48,6867377;"SPRF-SC";"DEL03-SC";"UOP02-DEL03-SC"
742838;1663586;2025-12-31;"quarta-feira";"19:00:00";"SC";101;87,9;"BARRA VELHA";"N�o";"Chuva";2;"Colis�o com objeto";"Sem V�timas";"Anoitecer";"Decrescente";"Chuva";"M�ltipla";"Declive;Curva";"Sim";1326375;"Autom�vel";"VW/NOVO GOL TL MBV/NOVO GOL TL MBV";2018;"Condutor";"Ileso";31;"Masculino";1;0;0;0;-26,64779148;-48,6867377;"SPRF-SC";"DEL03-SC";"UOP02-DEL03-SC"
742838;1663586;2025-12-31;"quarta-feira";"19:00:00";"SC";101;87,9;"BARRA VELHA";"N�o";"Chuva";1;"Colis�o com objeto";"Sem V�timas";"Anoitecer";"Decrescente";"Chuva";"M�ltipla";"Declive;Curva";"Sim";1326375;"Autom�vel";"VW/NOVO GOL TL MBV/NOVO GOL TL MBV";2018;"Condutor";"Ileso";31;"Masculino";1;0;0;0;-26,64779148;-48,6867377;"SPRF-SC";"DEL03-SC";"UOP02-DEL03-SC"
742838;1663586;2025-12-31;"quarta-feira";"19:00:00";"SC";101;87,9;"BARRA VELHA";"Sim";"Velocidade Incompat�vel";3;"Capotamento";"Sem V�timas";"Anoitecer";"Decrescente";"Chuva";"M�ltipla";"Declive;Curva";"Sim";1326375;"Autom�vel";"VW/NOVO GOL TL MBV/NOVO GOL TL MBV";2018;"Condutor";"Ileso";31;"Masculino";1;0;0;0;-26,64779148;-48,6867377;"SPRF-SC";"DEL03-SC";"UOP02-DEL03-SC"
742838;1663586;2025-12-31;"quarta-feira";"19:00:00";"SC";101;87,9;"BARRA VELHA";"Sim";"Velocidade Incompat�vel";2;"Colis�o com objeto";"Sem V�timas";"Anoitecer";"Decrescente";"Chuva";"M�ltipla";"Declive;Curva";"Sim";1326375;"Autom�vel";"VW/NOVO GOL TL MBV/NOVO GOL TL MBV";2018;"Condutor";"Ileso";31;"Masculino";1;0;0;0;-26,64779148;-48,6867377;"SPRF-SC";"DEL03-SC";"UOP02-DEL03-SC"
742838;1663586;2025-12-31;"quarta-feira";"19:00:00";"SC";101;87,9;"BARRA VELHA";"Sim";"Velocidade Incompat�vel";1;"Colis�o com objeto";"Sem V�timas";"Anoitecer";"Decrescente";"Chuva";"M�ltipla";"Declive;Curva";"Sim";1326375;"Autom�vel";"VW/NOVO GOL TL MBV/NOVO GOL TL MBV";2018;"Condutor";"Ileso";31;"Masculino";1;0;0;0;-26,64779148;-48,6867377;"SPRF-SC";"DEL03-SC";"UOP02-DEL03-SC"
742839;1663751;2025-12-31;"quarta-feira";"19:30:00";"GO";414;440;"ANAPOLIS";"Sim";"Ingest�o de �lcool pelo condutor";1;"Colis�o lateral sentido oposto";"Com V�timas Feridas";"Plena Noite";"Crescente";"C�u Claro";"Simples";"Reta;Declive";"Sim";1326503;"Autom�vel";"CHEV/ONIX 10MT LT2/ONIX 10MT LT2";2021;"Condutor";"Ileso";44;"Masculino";1;0;0;0;-16,28106072;-48,9424578;"SPRF-GO";"DEL02-GO";"UOP01-DEL02-GO"
742839;1663750;2025-12-31;"quarta-feira";"19:30:00";"GO";414;440;"ANAPOLIS";"Sim";"Ingest�o de �lcool pelo condutor";1;"Colis�o lateral sentido oposto";"Com V�timas Feridas";"Plena Noite";"Crescente";"C�u Claro";"Simples";"Reta;Declive";"Sim";1326499;"Motocicleta";"YAMAHA/YBR 125K/YBR 125K";2005;"Condutor";"Les�es Graves";34;"Masculino";0;0;1;0;-16,28106072;-48,9424578;"SPRF-GO";"DEL02-GO";"UOP01-DEL02-GO"
742840;1663602;2025-12-31;"quarta-feira";"10:30:00";"PR";158;348,8;"PALMITAL";"Sim";"Demais falhas mec�nicas ou el�tricas";2;"Sa�da de leito carro��vel";"Com V�timas Feridas";"Pleno dia";"Crescente";"C�u Claro";"Simples";"Curva";"N�o";1326387;"Caminh�o";"M.BENZ/ATEGO 2730 6X4 CE/ATEGO 2730 6X4 CE";2016;"Condutor";"Les�es Leves";31;"Masculino";0;1;0;0;-24,9797344;-52,2986364;"SPRF-PR";"DEL04-PR";"UOP02-DEL04-PR"
742840;1663602;2025-12-31;"quarta-feira";"10:30:00";"PR";158;348,8;"PALMITAL";"Sim";"Demais falhas mec�nicas ou el�tricas";1;"Colis�o com objeto";"Com V�timas Feridas";"Pleno dia";"Crescente";"C�u Claro";"Simples";"Curva";"N�o";1326387;"Caminh�o";"M.BENZ/ATEGO 2730 6X4 CE/ATEGO 2730 6X4 CE";2016;"Condutor";"Les�es Leves";31;"Masculino";0;1;0;0;-24,9797344;-52,2986364;"SPRF-PR";"DEL04-PR";"UOP02-DEL04-PR"
742841;1668132;2025-12-31;"quarta-feira";"11:15:00";"MG";267;288;"BAEPENDI";"Sim";"Rea��o tardia ou ineficiente do condutor";1;"Colis�o traseira";"Com V�timas Feridas";"Pleno dia";"Crescente";"Chuva";"Simples";"Reta";"N�o";1326380;"Autom�vel";"FIAT/PALIO FIRE ECONOMY/PALIO FIRE ECONOMY";2009;"Passageiro";"Les�es Leves";18;"Feminino";0;1;0;0;-21,92556283;-44,76239205;"SPRF-MG";"DEL17-MG";"UOP01-DEL17-MG"
742841;1668129;2025-12-31;"quarta-feira";"11:15:00";"MG";267;288;"BAEPENDI";"Sim";"Rea��o tardia ou ineficiente do condutor";1;"Colis�o traseira";"Com V�timas Feridas";"Pleno dia";"Crescente";"Chuva";"Simples";"Reta";"N�o";1326380;"Autom�vel";"FIAT/PALIO FIRE ECONOMY/PALIO FIRE ECONOMY";2009;"Passageiro";"Les�es Leves";39;"Feminino";0;1;0;0;-21,92556283;-44,76239205;"SPRF-MG";"DEL17-MG";"UOP01-DEL17-MG"
742841;1663592;2025-12-31;"quarta-feira";"11:15:00";"MG";267;288;"BAEPENDI";"Sim";"Rea��o tardia ou ineficiente do condutor";1;"Colis�o traseira";"Com V�timas Feridas";"Pleno dia";"Crescente";"Chuva";"Simples";"Reta";"N�o";1326380;"Autom�vel";"FIAT/PALIO FIRE ECONOMY/PALIO FIRE ECONOMY";2009;"Condutor";"Les�es Leves";45;"Masculino";0;1;0;0;-21,92556283;-44,76239205;"SPRF-MG";"DEL17-MG";"UOP01-DEL17-MG"
742841;1663593;2025-12-31;"quarta-feira";"11:15:00";"MG";267;288;"BAEPENDI";"Sim";"Rea��o tardia ou ineficiente do condutor";1;"Colis�o traseira";"Com V�timas Feridas";"Pleno dia";"Crescente";"Chuva";"Simples";"Reta";"N�o";1326381;"Caminh�o-trator";"VW/25.370 CLM T 6X2/25.370 CLM T 6X2";2010;"Condutor";"Ileso";64;"Masculino";1;0;0;0;-21,92556283;-44,76239205;"SPRF-MG";"DEL17-MG";"UOP01-DEL17-MG"
742842;1663601;2025-12-31;"quarta-feira";"19:50:00";"PR";376;203,5;"MANDAGUARI";"Sim";"Acumulo de �gua sobre o pavimento";1;"Capotamento";"Com V�timas Feridas";"Plena Noite";"Crescente";"Chuva";"Dupla";"Reta;Declive";"N�o";1326383;"Autom�vel";"HONDA/CIVIC LXS/CIVIC LXS";2006;"Passageiro";"Les�es Leves";54;"Feminino";0;1;0;0;-23,52036629;-51,71845531;"SPRF-PR";"DEL09-PR";"UOP01-DEL09-PR"
742842;1663597;2025-12-31;"quarta-feira";"19:50:00";"PR";376;203,5;"MANDAGUARI";"Sim";"Acumulo de �gua sobre o pavimento";1;"Capotamento";"Com V�timas Feridas";"Plena Noite";"Crescente";"Chuva";"Dupla";"Reta;Declive";"N�o";1326383;"Autom�vel";"HONDA/CIVIC LXS/CIVIC LXS";2006;"Condutor";"Ileso";55;"Masculino";1;0;0;0;-23,52036629;-51,71845531;"SPRF-PR";"DEL09-PR";"UOP01-DEL09-PR"
742843;1663599;2025-12-31;"quarta-feira";"16:00:00";"MG";365;54;"CLARO DOS POCOES";"Sim";"Chuva";1;"Tombamento";"Com V�timas Feridas";"Pleno dia";"Crescente";"Chuva";"Simples";"Declive;Curva";"N�o";1326385;"Caminhonete";"I/TOYOTA HILUX CD4X2 SRV/TOYOTA HILUX CD4X2 SRV";2005;"Condutor";"Ileso";46;"Masculino";1;0;0;0;-16,957812;-44,249823;"SPRF-MG";"DEL12-MG";"UOP01-DEL12-MG"
742843;1663600;2025-12-31;"quarta-feira";"16:00:00";"MG";365;54;"CLARO DOS POCOES";"Sim";"Chuva";1;"Tombamento";"Com V�timas Feridas";"Pleno dia";"Crescente";"Chuva";"Simples";"Declive;Curva";"N�o";1326385;"Caminhonete";"I/TOYOTA HILUX CD4X2 SRV/TOYOTA HILUX CD4X2 SRV";2005;"Passageiro";"Les�es Leves";44;"Feminino";0;1;0;0;-16,957812;-44,249823;"SPRF-MG";"DEL12-MG";"UOP01-DEL12-MG"
742844;1663596;2025-12-31;"quarta-feira";"09:55:00";"PR";277;416,5;"CANDOI";"Sim";"Velocidade Incompat�vel";1;"Sa�da de leito carro��vel";"Com V�timas Feridas";"Pleno dia";"Decrescente";"C�u Claro";"Simples";"Curva";"N�o";1326382;"Autom�vel";"GM/VECTRA SEDAN/VECTRA SEDAN";2003;"Passageiro";"Les�es Leves";40;"Feminino";0;1;0;0;-25,4171389;-52,0580472;"SPRF-PR";"DEL04-PR";"UOP02-DEL04-PR"
742844;1663595;2025-12-31;"quarta-feira";"09:55:00";"PR";277;416,5;"CANDOI";"Sim";"Velocidade Incompat�vel";1;"Sa�da de leito carro��vel";"Com V�timas Feridas";"Pleno dia";"Decrescente";"C�u Claro";"Simples";"Curva";"N�o";1326382;"Autom�vel";"GM/VECTRA SEDAN/VECTRA SEDAN";2003;"Passageiro";"Les�es Leves";6;"Masculino";0;1;0;0;-25,4171389;-52,0580472;"SPRF-PR";"DEL04-PR";"UOP02-DEL04-PR"
742844;1663594;2025-12-31;"quarta-feira";"09:55:00";"PR";277;416,5;"CANDOI";"Sim";"Velocidade Incompat�vel";1;"Sa�da de leito carro��vel";"Com V�timas Feridas";"Pleno dia";"Decrescente";"C�u Claro";"Simples";"Curva";"N�o";1326382;"Autom�vel";"GM/VECTRA SEDAN/VECTRA SEDAN";2003;"Condutor";"Ileso";45;"Masculino";1;0;0;0;-25,4171389;-52,0580472;"SPRF-PR";"DEL04-PR";"UOP02-DEL04-PR"
742845;1665644;2025-12-31;"quarta-feira";"20:00:00";"SP";488;0;"APARECIDA";"Sim";"Aus�ncia de rea��o do condutor";1;"Colis�o traseira";"Com V�timas Feridas";"Plena Noite";"Crescente";"C�u Claro";"Dupla";"Retorno Regulamentado;Reta";"Sim";1327753;"Autom�vel";"CHEV/SPIN 18L AT PREMIER/SPIN 18L AT PREMIER";2025;"Condutor";"Ileso";55;"Masculino";1;0;0;0;-22,85505923;-45,23277283;"SPRF-SP";"DEL08-SP";"UOP01-DEL08-SP"
742845;1663768;2025-12-31;"quarta-feira";"20:00:00";"SP";488;0;"APARECIDA";"Sim";"Aus�ncia de rea��o do condutor";1;"Colis�o traseira";"Com V�timas Feridas";"Plena Noite";"Crescente";"C�u Claro";"Dupla";"Retorno Regulamentado;Reta";"Sim";1326519;"Motocicleta";"MOTTU/SPORT 110I/SPORT 110I";2025;"Condutor";"Les�es Leves";47;"Masculino";0;1;0;0;-22,85505923;-45,23277283;"SPRF-SP";"DEL08-SP";"UOP01-DEL08-SP"
742846;1663651;2025-12-31;"quarta-feira";"19:30:00";"PR";369;187;"ARAPONGAS";"Sim";"Rea��o tardia ou ineficiente do condutor";1;"Colis�o transversal";"Com V�timas Feridas";"Plena Noite";"Crescente";"Chuva";"Simples";"Reta";"Sim";1326428;"Motocicleta";"HONDA/CG 150 TITAN KS/CG 150 TITAN KS";2005;"Condutor";"Les�es Leves";55;"Masculino";0;1;0;0;-23,41249597;-51,42725035;"SPRF-PR";"DEL07-PR";"UOP03-DEL07-PR"
742846;1663654;2025-12-31;"quarta-feira";"19:30:00";"PR";369;187;"ARAPONGAS";"Sim";"Rea��o tardia ou ineficiente do condutor";1;"Colis�o transversal";"Com V�timas Feridas";"Plena Noite";"Crescente";"Chuva";"Simples";"Reta";"Sim";1326429;"Bicicleta";"N�o Informado/N�o Informado/N�o Informado";0;"Condutor";"Les�es Leves";62;"Feminino";0;1;0;0;-23,41249597;-51,42725035;"SPRF-PR";"DEL07-PR";"UOP03-DEL07-PR"
742847;1664404;2025-12-31;"quarta-feira";"17:50:00";"AP";156;785;"OIAPOQUE";"Sim";"Demais falhas na via";2;"Tombamento";"Sem V�timas";"Pleno dia";"Crescente";"Sol";"Simples";"Reta;Declive";"N�o";1326384;"Caminhonete";"CHEVROLET/S10 LT DD4A/S10 LT DD4A";2022;"Passageiro";"Ileso";32;"Masculino";1;0;0;0;3,73086329;-51,77419136;"SPRF-AP";"DEL01-AP";"UOP03-DEL01-AP"
742847;1664402;2025-12-31;"quarta-feira";"17:50:00";"AP";156;785;"OIAPOQUE";"Sim";"Demais falhas na via";2;"Tombamento";"Sem V�timas";"Pleno dia";"Crescente";"Sol";"Simples";"Reta;Declive";"N�o";1326384;"Caminhonete";"CHEVROLET/S10 LT DD4A/S10 LT DD4A";2022;"Passageiro";"Ileso";28;"Masculino";1;0;0;0;3,73086329;-51,77419136;"SPRF-AP";"DEL01-AP";"UOP03-DEL01-AP"
742847;1664397;2025-12-31;"quarta-feira";"17:50:00";"AP";156;785;"OIAPOQUE";"Sim";"Demais falhas na via";2;"Tombamento";"Sem V�timas";"Pleno dia";"Crescente";"Sol";"Simples";"Reta;Declive";"N�o";1326384;"Caminhonete";"CHEVROLET/S10 LT DD4A/S10 LT DD4A";2022;"Passageiro";"Ileso";37;"Masculino";1;0;0;0;3,73086329;-51,77419136;"SPRF-AP";"DEL01-AP";"UOP03-DEL01-AP"
742847;1663598;2025-12-31;"quarta-feira";"17:50:00";"AP";156;785;"OIAPOQUE";"Sim";"Demais falhas na via";2;"Tombamento";"Sem V�timas";"Pleno dia";"Crescente";"Sol";"Simples";"Reta;Declive";"N�o";1326384;"Caminhonete";"CHEVROLET/S10 LT DD4A/S10 LT DD4A";2022;"Condutor";"Ileso";30;"Feminino";1;0;0;0;3,73086329;-51,77419136;"SPRF-AP";"DEL01-AP";"UOP03-DEL01-AP"
742847;1664404;2025-12-31;"quarta-feira";"17:50:00";"AP";156;785;"OIAPOQUE";"Sim";"Demais falhas na via";1;"Colis�o frontal";"Sem V�timas";"Pleno dia";"Crescente";"Sol";"Simples";"Reta;Declive";"N�o";1326384;"Caminhonete";"CHEVROLET/S10 LT DD4A/S10 LT DD4A";2022;"Passageiro";"Ileso";32;"Masculino";1;0;0;0;3,73086329;-51,77419136;"SPRF-AP";"DEL01-AP";"UOP03-DEL01-AP"
742847;1664402;2025-12-31;"quarta-feira";"17:50:00";"AP";156;785;"OIAPOQUE";"Sim";"Demais falhas na via";1;"Colis�o frontal";"Sem V�timas";"Pleno dia";"Crescente";"Sol";"Simples";"Reta;Declive";"N�o";1326384;"Caminhonete";"CHEVROLET/S10 LT DD4A/S10 LT DD4A";2022;"Passageiro";"Ileso";28;"Masculino";1;0;0;0;3,73086329;-51,77419136;"SPRF-AP";"DEL01-AP";"UOP03-DEL01-AP"
742847;1664397;2025-12-31;"quarta-feira";"17:50:00";"AP";156;785;"OIAPOQUE";"Sim";"Demais falhas na via";1;"Colis�o frontal";"Sem V�timas";"Pleno dia";"Crescente";"Sol";"Simples";"Reta;Declive";"N�o";1326384;"Caminhonete";"CHEVROLET/S10 LT DD4A/S10 LT DD4A";2022;"Passageiro";"Ileso";37;"Masculino";1;0;0;0;3,73086329;-51,77419136;"SPRF-AP";"DEL01-AP";"UOP03-DEL01-AP"
742847;1663598;2025-12-31;"quarta-feira";"17:50:00";"AP";156;785;"OIAPOQUE";"Sim";"Demais falhas na via";1;"Colis�o frontal";"Sem V�timas";"Pleno dia";"Crescente";"Sol";"Simples";"Reta;Declive";"N�o";1326384;"Caminhonete";"CHEVROLET/S10 LT DD4A/S10 LT DD4A";2022;"Condutor";"Ileso";30;"Feminino";1;0;0;0;3,73086329;-51,77419136;"SPRF-AP";"DEL01-AP";"UOP03-DEL01-AP"
742848;1663626;2025-12-31;"quarta-feira";"20:45:00";"PR";376;650;"TIJUCAS DO SUL";"N�o";"Chuva";1;"Capotamento";"Com V�timas Feridas";"Plena Noite";"Crescente";"Chuva";"Dupla";"Curva;Declive";"N�o";1326405;"Autom�vel";"TOYOTA/ETIOS HB XS 15/ETIOS HB XS 15";2014;"Passageiro";"Ileso";18;"Masculino";1;0;0;0;-25,84526;-49,079892;"SPRF-PR";"DEL01-PR";"UOP04-DEL01-PR"
742848;1663624;2025-12-31;"quarta-feira";"20:45:00";"PR";376;650;"TIJUCAS DO SUL";"N�o";"Chuva";1;"Capotamento";"Com V�timas Feridas";"Plena Noite";"Crescente";"Chuva";"Dupla";"Curva;Declive";"N�o";1326405;"Autom�vel";"TOYOTA/ETIOS HB XS 15/ETIOS HB XS 15";2014;"Condutor";"Les�es Leves";20;"Masculino";0;1;0;0;-25,84526;-49,079892;"SPRF-PR";"DEL01-PR";"UOP04-DEL01-PR"
742848;1663625;2025-12-31;"quarta-feira";"20:45:00";"PR";376;650;"TIJUCAS DO SUL";"N�o";"Chuva";1;"Capotamento";"Com V�timas Feridas";"Plena Noite";"Crescente";"Chuva";"Dupla";"Curva;Declive";"N�o";1326405;"Autom�vel";"TOYOTA/ETIOS HB XS 15/ETIOS HB XS 15";2014;"Passageiro";"Les�es Leves";21;"Feminino";0;1;0;0;-25,84526;-49,079892;"SPRF-PR";"DEL01-PR";"UOP04-DEL01-PR"
742848;1663626;2025-12-31;"quarta-feira";"20:45:00";"PR";376;650;"TIJUCAS DO SUL";"N�o";"Acumulo de �gua sobre o pavimento";1;"Capotamento";"Com V�timas Feridas";"Plena Noite";"Crescente";"Chuva";"Dupla";"Curva;Declive";"N�o";1326405;"Autom�vel";"TOYOTA/ETIOS HB XS 15/ETIOS HB XS 15";2014;"Passageiro";"Ileso";18;"Masculino";1;0;0;0;-25,84526;-49,079892;"SPRF-PR";"DEL01-PR";"UOP04-DEL01-PR"
742848;1663624;2025-12-31;"quarta-feira";"20:45:00";"PR";376;650;"TIJUCAS DO SUL";"N�o";"Acumulo de �gua sobre o pavimento";1;"Capotamento";"Com V�timas Feridas";"Plena Noite";"Crescente";"Chuva";"Dupla";"Curva;Declive";"N�o";1326405;"Autom�vel";"TOYOTA/ETIOS HB XS 15/ETIOS HB XS 15";2014;"Condutor";"Les�es Leves";20;"Masculino";0;1;0;0;-25,84526;-49,079892;"SPRF-PR";"DEL01-PR";"UOP04-DEL01-PR"
742848;1663625;2025-12-31;"quarta-feira";"20:45:00";"PR";376;650;"TIJUCAS DO SUL";"N�o";"Acumulo de �gua sobre o pavimento";1;"Capotamento";"Com V�timas Feridas";"Plena Noite";"Crescente";"Chuva";"Dupla";"Curva;Declive";"N�o";1326405;"Autom�vel";"TOYOTA/ETIOS HB XS 15/ETIOS HB XS 15";2014;"Passageiro";"Les�es Leves";21;"Feminino";0;1;0;0;-25,84526;-49,079892;"SPRF-PR";"DEL01-PR";"UOP04-DEL01-PR"
742848;1663626;2025-12-31;"quarta-feira";"20:45:00";"PR";376;650;"TIJUCAS DO SUL";"Sim";"Rea��o tardia ou ineficiente do condutor";1;"Capotamento";"Com V�timas Feridas";"Plena Noite";"Crescente";"Chuva";"Dupla";"Curva;Declive";"N�o";1326405;"Autom�vel";"TOYOTA/ETIOS HB XS 15/ETIOS HB XS 15";2014;"Passageiro";"Ileso";18;"Masculino";1;0;0;0;-25,84526;-49,079892;"SPRF-PR";"DEL01-PR";"UOP04-DEL01-PR"
742848;1663624;2025-12-31;"quarta-feira";"20:45:00";"PR";376;650;"TIJUCAS DO SUL";"Sim";"Rea��o tardia ou ineficiente do condutor";1;"Capotamento";"Com V�timas Feridas";"Plena Noite";"Crescente";"Chuva";"Dupla";"Curva;Declive";"N�o";1326405;"Autom�vel";"TOYOTA/ETIOS HB XS 15/ETIOS HB XS 15";2014;"Condutor";"Les�es Leves";20;"Masculino";0;1;0;0;-25,84526;-49,079892;"SPRF-PR";"DEL01-PR";"UOP04-DEL01-PR"
742848;1663625;2025-12-31;"quarta-feira";"20:45:00";"PR";376;650;"TIJUCAS DO SUL";"Sim";"Rea��o tardia ou ineficiente do condutor";1;"Capotamento";"Com V�timas Feridas";"Plena Noite";"Crescente";"Chuva";"Dupla";"Curva;Declive";"N�o";1326405;"Autom�vel";"TOYOTA/ETIOS HB XS 15/ETIOS HB XS 15";2014;"Passageiro";"Les�es Leves";21;"Feminino";0;1;0;0;-25,84526;-49,079892;"SPRF-PR";"DEL01-PR";"UOP04-DEL01-PR"
742849;1663616;2025-12-31;"quarta-feira";"20:15:00";"RJ";101;288;"ITABORAI";"Sim";"Aus�ncia de rea��o do condutor";1;"Sa�da de leito carro��vel";"Sem V�timas";"Plena Noite";"Decrescente";"C�u Claro";"Dupla";"Reta";"Sim";1326401;"Autom�vel";"PEUGEOT/207HB XR/207HB XR";2010;"Condutor";"Ileso";25;"Masculino";1;0;0;0;-22,76278134;-42,84911362;"SPRF-RJ";"DEL02-RJ";"UOP02-DEL02-RJ"
742850;1663661;2025-12-31;"quarta-feira";"18:30:00";"ES";101;306,8;"VIANA";"Sim";"Acessar a via sem observar a presen�a dos outros ve�culos";1;"Colis�o traseira";"Com V�timas Feridas";"Plena Noite";"Crescente";"C�u Claro";"Dupla";"Reta";"N�o";1326436;"Motocicleta";"HONDA/CB 300R/CB 300R";2010;"Condutor";"Les�es Leves";48;"Masculino";0;1;0;0;-20,39886917;-40,45636296;"SPRF-ES";"DEL01-ES";"UOP01-DEL01-ES"
742850;1663683;2025-12-31;"quarta-feira";"18:30:00";"ES";101;306,8;"VIANA";"Sim";"Acessar a via sem observar a presen�a dos outros ve�culos";1;"Colis�o traseira";"Com V�timas Feridas";"Plena Noite";"Crescente";"C�u Claro";"Dupla";"Reta";"N�o";1326440;"Autom�vel";"N�o Informado/N�o Informado/N�o Informado";0;"Condutor";"N�o Informado";NA;"N�o Informado";0;0;0;0;-20,39886917;-40,45636296;"SPRF-ES";"DEL01-ES";"UOP01-DEL01-ES"