"id";"pesid";"data_inversa";"dia_semana";"horario";"uf";"br";"km";"municipio";"causa_principal";"causa_acidente";"ordem_tipo_acidente";"tipo_acidente";"classificacao_acidente";"fase_dia";"sentido_via";"condicao_metereologica";"tipo_pista";"tracado_via";"uso_solo";"id_veiculo";"tipo_veiculo";"marca";"ano_fabricacao_veiculo";"tipo_envolvido";"estado_fisico";"idade";"sexo";"ilesos";"feridos_leves";"feridos_graves";"mortos";"latitude";"longitude";"regional";"delegacia";"uop"
742851;1663615;2025-12-31;"quarta-feira";"16:48:00";"MT";174;250;"JAURU";"Sim";"Rea��o tardia ou ineficiente do condutor";2;"Queda de ocupante de ve�culo";"Com V�timas Feridas";"Pleno dia";"Decrescente";"Nublado";"Simples";"Curva";"N�o";1326399;"Motocicleta";"HONDA/CG150 START/CG150 START";2016;"Passageiro";"Les�es Leves";17;"Feminino";0;1;0;0;-15,518955;-59,016013;"SPRF-MT";"DEL04-MT";"UOP01-DEL04-MT"
742851;1663613;2025-12-31;"quarta-feira";"16:48:00";"MT";174;250;"JAURU";"Sim";"Rea��o tardia ou ineficiente do condutor";2;"Queda de ocupante de ve�culo";"Com V�timas Feridas";"Pleno dia";"Decrescente";"Nublado";"Simples";"Curva";"N�o";1326399;"Motocicleta";"HONDA/CG150 START/CG150 START";2016;"Condutor";"Les�es Graves";30;"Masculino";0;0;1;0;-15,518955;-59,016013;"SPRF-MT";"DEL04-MT";"UOP01-DEL04-MT"
742851;1663615;2025-12-31;"quarta-feira";"16:48:00";"MT";174;250;"JAURU";"Sim";"Rea��o tardia ou ineficiente do condutor";1;"Tombamento";"Com V�timas Feridas";"Pleno dia";"Decrescente";"Nublado";"Simples";"Curva";"N�o";1326399;"Motocicleta";"HONDA/CG150 START/CG150 START";2016;"Passageiro";"Les�es Leves";17;"Feminino";0;1;0;0;-15,518955;-59,016013;"SPRF-MT";"DEL04-MT";"UOP01-DEL04-MT"
742851;1663613;2025-12-31;"quarta-feira";"16:48:00";"MT";174;250;"JAURU";"Sim";"Rea��o tardia ou ineficiente do condutor";1;"Tombamento";"Com V�timas Feridas";"Pleno dia";"Decrescente";"Nublado";"Simples";"Curva";"N�o";1326399;"Motocicleta";"HONDA/CG150 START/CG150 START";2016;"Condutor";"Les�es Graves";30;"Masculino";0;0;1;0;-15,518955;-59,016013;"SPRF-MT";"DEL04-MT";"UOP01-DEL04-MT"
742852;NA;2025-12-21;"domingo";"15:00:00";"RJ";116;258;"PIRAI";"Sim";"Manobra de mudan�a de faixa";1;"Colis�o lateral mesmo sentido";"Com V�timas Feridas";"Pleno dia";"Decrescente";"C�u Claro";"Dupla";"Curva";"N�o";1326392;"Semireboque";"SR/LIBRELATO BZTQCDIC 3E/LIBRELATO BZTQCDIC 3E";2023;NA;NA;NA;NA;NA;NA;NA;NA;-22,58112579;-44,02311802;"SPRF-RJ";"DEL07-RJ";"UOP02-DEL07-RJ"
742852;NA;2025-12-21;"domingo";"15:00:00";"RJ";116;258;"PIRAI";"Sim";"Manobra de mudan�a de faixa";1;"Colis�o lateral mesmo sentido";"Com V�timas Feridas";"Pleno dia";"Decrescente";"C�u Claro";"Dupla";"Curva";"N�o";1326391;"Semireboque";"SR/LIBRELATO CATQENIC 3E/LIBRELATO CATQENIC 3E";2023;NA;NA;NA;NA;NA;NA;NA;NA;-22,58112579;-44,02311802;"SPRF-RJ";"DEL07-RJ";"UOP02-DEL07-RJ"
742852;1663606;2025-12-21;"domingo";"15:00:00";"RJ";116;258;"PIRAI";"Sim";"Manobra de mudan�a de faixa";1;"Colis�o lateral mesmo sentido";"Com V�timas Feridas";"Pleno dia";"Decrescente";"C�u Claro";"Dupla";"Curva";"N�o";1326390;"Caminh�o-trator";"M.BENZ/AXOR 2644 LS 6X4/AXOR 2644 LS 6X4";2019;"Condutor";"Ileso";54;"Masculino";1;0;0;0;-22,58112579;-44,02311802;"SPRF-RJ";"DEL07-RJ";"UOP02-DEL07-RJ"
742852;1663605;2025-12-21;"domingo";"15:00:00";"RJ";116;258;"PIRAI";"Sim";"Manobra de mudan�a de faixa";1;"Colis�o lateral mesmo sentido";"Com V�timas Feridas";"Pleno dia";"Decrescente";"C�u Claro";"Dupla";"Curva";"N�o";1326389;"Utilit�rio";"I/GAC GS4 ELITE/GAC GS4 ELITE";2025;"Passageiro";"Les�es Leves";56;"Feminino";0;1;0;0;-22,58112579;-44,02311802;"SPRF-RJ";"DEL07-RJ";"UOP02-DEL07-RJ"
742852;1663604;2025-12-21;"domingo";"15:00:00";"RJ";116;258;"PIRAI";"Sim";"Manobra de mudan�a de faixa";1;"Colis�o lateral mesmo sentido";"Com V�timas Feridas";"Pleno dia";"Decrescente";"C�u Claro";"Dupla";"Curva";"N�o";1326389;"Utilit�rio";"I/GAC GS4 ELITE/GAC GS4 ELITE";2025;"Condutor";"Ileso";53;"Masculino";1;0;0;0;-22,58112579;-44,02311802;"SPRF-RJ";"DEL07-RJ";"UOP02-DEL07-RJ"
742853;1663676;2025-12-31;"quarta-feira";"11:00:00";"PE";423;182;"ITAIBA";"Sim";"Rea��o tardia ou ineficiente do condutor";2;"Queda de ocupante de ve�culo";"Com V�timas Feridas";"Pleno dia";"Crescente";"C�u Claro";"Simples";"Reta;Aclive";"N�o";1326442;"Motocicleta";"HONDA/CG 150 TITAN ES/CG 150 TITAN ES";2005;"Condutor";"Les�es Graves";76;"Masculino";0;0;1;0;-9,133955;-37,165875;"SPRF-AL";"DEL03-AL";"UOP02-DEL03-AL"
742853;1663676;2025-12-31;"quarta-feira";"11:00:00";"PE";423;182;"ITAIBA";"Sim";"Rea��o tardia ou ineficiente do condutor";1;"Tombamento";"Com V�timas Feridas";"Pleno dia";"Crescente";"C�u Claro";"Simples";"Reta;Aclive";"N�o";1326442;"Motocicleta";"HONDA/CG 150 TITAN ES/CG 150 TITAN ES";2005;"Condutor";"Les�es Graves";76;"Masculino";0;0;1;0;-9,133955;-37,165875;"SPRF-AL";"DEL03-AL";"UOP02-DEL03-AL"
742854;1663782;2025-12-31;"quarta-feira";"10:30:00";"MG";381;375;"SAO GONCALO DO RIO ABAIXO";"Sim";"Acessar a via sem observar a presen�a dos outros ve�culos";3;"Queda de ocupante de ve�culo";"Com V�timas Feridas";"Pleno dia";"Crescente";"C�u Claro";"Simples";"Curva";"Sim";1326530;"Autom�vel";"N�o Informado/N�o Informado/N�o Informado";0;"Condutor";"N�o Informado";NA;"N�o Informado";0;0;0;0;-19,83841412;-43,33900452;"SPRF-MG";"DEL01-MG";"UOP01-DEL01-MG"
742854;1663781;2025-12-31;"quarta-feira";"10:30:00";"MG";381;375;"SAO GONCALO DO RIO ABAIXO";"Sim";"Acessar a via sem observar a presen�a dos outros ve�culos";3;"Queda de ocupante de ve�culo";"Com V�timas Feridas";"Pleno dia";"Crescente";"C�u Claro";"Simples";"Curva";"Sim";1326529;"Motocicleta";"HONDA/CG 125 TODAY/CG 125 TODAY";1993;"Condutor";"Les�es Leves";29;"Masculino";0;1;0;0;-19,83841412;-43,33900452;"SPRF-MG";"DEL01-MG";"UOP01-DEL01-MG"
742854;1663782;2025-12-31;"quarta-feira";"10:30:00";"MG";381;375;"SAO GONCALO DO RIO ABAIXO";"Sim";"Acessar a via sem observar a presen�a dos outros ve�culos";2;"Tombamento";"Com V�timas Feridas";"Pleno dia";"Crescente";"C�u Claro";"Simples";"Curva";"Sim";1326530;"Autom�vel";"N�o Informado/N�o Informado/N�o Informado";0;"Condutor";"N�o Informado";NA;"N�o Informado";0;0;0;0;-19,83841412;-43,33900452;"SPRF-MG";"DEL01-MG";"UOP01-DEL01-MG"
742854;1663781;2025-12-31;"quarta-feira";"10:30:00";"MG";381;375;"SAO GONCALO DO RIO ABAIXO";"Sim";"Acessar a via sem observar a presen�a dos outros ve�culos";2;"Tombamento";"Com V�timas Feridas";"Pleno dia";"Crescente";"C�u Claro";"Simples";"Curva";"Sim";1326529;"Motocicleta";"HONDA/CG 125 TODAY/CG 125 TODAY";1993;"Condutor";"Les�es Leves";29;"Masculino";0;1;0;0;-19,83841412;-43,33900452;"SPRF-MG";"DEL01-MG";"UOP01-DEL01-MG"
742854;1663782;2025-12-31;"quarta-feira";"10:30:00";"MG";381;375;"SAO GONCALO DO RIO ABAIXO";"Sim";"Acessar a via sem observar a presen�a dos outros ve�culos";1;"Colis�o lateral sentido oposto";"Com V�timas Feridas";"Pleno dia";"Crescente";"C�u Claro";"Simples";"Curva";"Sim";1326530;"Autom�vel";"N�o Informado/N�o Informado/N�o Informado";0;"Condutor";"N�o Informado";NA;"N�o Informado";0;0;0;0;-19,83841412;-43,33900452;"SPRF-MG";"DEL01-MG";"UOP01-DEL01-MG"
742854;1663781;2025-12-31;"quarta-feira";"10:30:00";"MG";381;375;"SAO GONCALO DO RIO ABAIXO";"Sim";"Acessar a via sem observar a presen�a dos outros ve�culos";1;"Colis�o lateral sentido oposto";"Com V�timas Feridas";"Pleno dia";"Crescente";"C�u Claro";"Simples";"Curva";"Sim";1326529;"Motocicleta";"HONDA/CG 125 TODAY/CG 125 TODAY";1993;"Condutor";"Les�es Leves";29;"Masculino";0;1;0;0;-19,83841412;-43,33900452;"SPRF-MG";"DEL01-MG";"UOP01-DEL01-MG"
742855;1663608;2025-12-29;"segunda-feira";"19:05:00";"MA";222;674;"ACAILANDIA";"Sim";"Condutor deixou de manter dist�ncia do ve�culo da frente";3;"Queda de ocupante de ve�culo";"Com V�timas Feridas";"Plena Noite";"Decrescente";"Nublado";"Simples";"Reta";"Sim";1326397;"Autom�vel";"FIAT/UNO SPORTING 1.4/UNO SPORTING 1.4";2014;"Condutor";"Ileso";41;"Masculino";1;0;0;0;-4,954792;-47,489866;"SPRF-MA";"DEL04-MA";"UOP03-DEL04-MA"
742855;1663609;2025-12-29;"segunda-feira";"19:05:00";"MA";222;674;"ACAILANDIA";"Sim";"Condutor deixou de manter dist�ncia do ve�culo da frente";3;"Queda de ocupante de ve�culo";"Com V�timas Feridas";"Plena Noite";"Decrescente";"Nublado";"Simples";"Reta";"Sim";1326396;"Motoneta";"HONDA/BIZ 110I/BIZ 110I";2023;"Passageiro";"Les�es Leves";16;"Feminino";0;1;0;0;-4,954792;-47,489866;"SPRF-MA";"DEL04-MA";"UOP03-DEL04-MA"
742855;1663607;2025-12-29;"segunda-feira";"19:05:00";"MA";222;674;"ACAILANDIA";"Sim";"Condutor deixou de manter dist�ncia do ve�culo da frente";3;"Queda de ocupante de ve�culo";"Com V�timas Feridas";"Plena Noite";"Decrescente";"Nublado";"Simples";"Reta";"Sim";1326396;"Motoneta";"HONDA/BIZ 110I/BIZ 110I";2023;"Condutor";"Les�es Leves";28;"Feminino";0;1;0;0;-4,954792;-47,489866;"SPRF-MA";"DEL04-MA";"UOP03-DEL04-MA"
742855;1663608;2025-12-29;"segunda-feira";"19:05:00";"MA";222;674;"ACAILANDIA";"Sim";"Condutor deixou de manter dist�ncia do ve�culo da frente";2;"Tombamento";"Com V�timas Feridas";"Plena Noite";"Decrescente";"Nublado";"Simples";"Reta";"Sim";1326397;"Autom�vel";"FIAT/UNO SPORTING 1.4/UNO SPORTING 1.4";2014;"Condutor";"Ileso";41;"Masculino";1;0;0;0;-4,954792;-47,489866;"SPRF-MA";"DEL04-MA";"UOP03-DEL04-MA"
742855;1663609;2025-12-29;"segunda-feira";"19:05:00";"MA";222;674;"ACAILANDIA";"Sim";"Condutor deixou de manter dist�ncia do ve�culo da frente";2;"Tombamento";"Com V�timas Feridas";"Plena Noite";"Decrescente";"Nublado";"Simples";"Reta";"Sim";1326396;"Motoneta";"HONDA/BIZ 110I/BIZ 110I";2023;"Passageiro";"Les�es Leves";16;"Feminino";0;1;0;0;-4,954792;-47,489866;"SPRF-MA";"DEL04-MA";"UOP03-DEL04-MA"
742855;1663607;2025-12-29;"segunda-feira";"19:05:00";"MA";222;674;"ACAILANDIA";"Sim";"Condutor deixou de manter dist�ncia do ve�culo da frente";2;"Tombamento";"Com V�timas Feridas";"Plena Noite";"Decrescente";"Nublado";"Simples";"Reta";"Sim";1326396;"Motoneta";"HONDA/BIZ 110I/BIZ 110I";2023;"Condutor";"Les�es Leves";28;"Feminino";0;1;0;0;-4,954792;-47,489866;"SPRF-MA";"DEL04-MA";"UOP03-DEL04-MA"
742855;1663608;2025-12-29;"segunda-feira";"19:05:00";"MA";222;674;"ACAILANDIA";"Sim";"Condutor deixou de manter dist�ncia do ve�culo da frente";1;"Colis�o traseira";"Com V�timas Feridas";"Plena Noite";"Decrescente";"Nublado";"Simples";"Reta";"Sim";1326397;"Autom�vel";"FIAT/UNO SPORTING 1.4/UNO SPORTING 1.4";2014;"Condutor";"Ileso";41;"Masculino";1;0;0;0;-4,954792;-47,489866;"SPRF-MA";"DEL04-MA";"UOP03-DEL04-MA"
742855;1663609;2025-12-29;"segunda-feira";"19:05:00";"MA";222;674;"ACAILANDIA";"Sim";"Condutor deixou de manter dist�ncia do ve�culo da frente";1;"Colis�o traseira";"Com V�timas Feridas";"Plena Noite";"Decrescente";"Nublado";"Simples";"Reta";"Sim";1326396;"Motoneta";"HONDA/BIZ 110I/BIZ 110I";2023;"Passageiro";"Les�es Leves";16;"Feminino";0;1;0;0;-4,954792;-47,489866;"SPRF-MA";"DEL04-MA";"UOP03-DEL04-MA"
742855;1663607;2025-12-29;"segunda-feira";"19:05:00";"MA";222;674;"ACAILANDIA";"Sim";"Condutor deixou de manter dist�ncia do ve�culo da frente";1;"Colis�o traseira";"Com V�timas Feridas";"Plena Noite";"Decrescente";"Nublado";"Simples";"Reta";"Sim";1326396;"Motoneta";"HONDA/BIZ 110I/BIZ 110I";2023;"Condutor";"Les�es Leves";28;"Feminino";0;1;0;0;-4,954792;-47,489866;"SPRF-MA";"DEL04-MA";"UOP03-DEL04-MA"
742856;1663642;2025-12-31;"quarta-feira";"20:25:00";"AL";316;130,9;"MINADOR DO NEGRAO";"Sim";"Aus�ncia de rea��o do condutor";1;"Colis�o traseira";"Com V�timas Feridas";"Plena Noite";"Decrescente";"C�u Claro";"Simples";"Reta;Aclive";"N�o";1326419;"Utilit�rio";"TOYOTA/CCROSS XR 20/CCROSS XR 20";2025;"Condutor";"Ileso";45;"Masculino";1;0;0;0;-9,39142275;-36,84402287;"SPRF-AL";"DEL03-AL";"UOP01-DEL03-AL"
742856;1663641;2025-12-31;"quarta-feira";"20:25:00";"AL";316;130,9;"MINADOR DO NEGRAO";"Sim";"Aus�ncia de rea��o do condutor";1;"Colis�o traseira";"Com V�timas Feridas";"Plena Noite";"Decrescente";"C�u Claro";"Simples";"Reta;Aclive";"N�o";1326418;"Motocicleta";"HONDA/CG 160 TITAN EX/CG 160 TITAN EX";2017;"Condutor";"Les�es Leves";70;"Masculino";0;1;0;0;-9,39142275;-36,84402287;"SPRF-AL";"DEL03-AL";"UOP01-DEL03-AL"
742857;1665375;2025-12-31;"quarta-feira";"20:00:00";"RS";101;62;"MAQUINE";"Sim";"Entrada inopinada do pedestre";1;"Atropelamento de Pedestre";"Com V�timas Feridas";"Plena Noite";"Decrescente";"C�u Claro";"Dupla";"Reta";"N�o";1326461;"Autom�vel";"PEUGEOT/208 ALLURE/208 ALLURE";2025;"Passageiro";"Ileso";26;"Feminino";1;0;0;0;-29,6955976;-50,1661616;"SPRF-RS";"DEL03-RS";"UOP02-DEL03-RS"
742857;1663701;2025-12-31;"quarta-feira";"20:00:00";"RS";101;62;"MAQUINE";"Sim";"Entrada inopinada do pedestre";1;"Atropelamento de Pedestre";"Com V�timas Feridas";"Plena Noite";"Decrescente";"C�u Claro";"Dupla";"Reta";"N�o";1326461;"Autom�vel";"PEUGEOT/208 ALLURE/208 ALLURE";2025;"Condutor";"Ileso";29;"Feminino";1;0;0;0;-29,6955976;-50,1661616;"SPRF-RS";"DEL03-RS";"UOP02-DEL03-RS"
742857;1665373;2025-12-31;"quarta-feira";"20:00:00";"RS";101;62;"MAQUINE";"Sim";"Entrada inopinada do pedestre";1;"Atropelamento de Pedestre";"Com V�timas Feridas";"Plena Noite";"Decrescente";"C�u Claro";"Dupla";"Reta";"N�o";1326461;"Autom�vel";"PEUGEOT/208 ALLURE/208 ALLURE";2025;"Passageiro";"Ileso";25;"Masculino";1;0;0;0;-29,6955976;-50,1661616;"SPRF-RS";"DEL03-RS";"UOP02-DEL03-RS"
742857;1665371;2025-12-31;"quarta-feira";"20:00:00";"RS";101;62;"MAQUINE";"Sim";"Entrada inopinada do pedestre";1;"Atropelamento de Pedestre";"Com V�timas Feridas";"Plena Noite";"Decrescente";"C�u Claro";"Dupla";"Reta";"N�o";1326461;"Autom�vel";"PEUGEOT/208 ALLURE/208 ALLURE";2025;"Passageiro";"Ileso";2;"Feminino";1;0;0;0;-29,6955976;-50,1661616;"SPRF-RS";"DEL03-RS";"UOP02-DEL03-RS"
742857;1665377;2025-12-31;"quarta-feira";"20:00:00";"RS";101;62;"MAQUINE";"Sim";"Entrada inopinada do pedestre";1;"Atropelamento de Pedestre";"Com V�timas Feridas";"Plena Noite";"Decrescente";"C�u Claro";"Dupla";"Reta";"N�o";NA;NA;"NA/NA/NA";NA;"Pedestre";"Les�es Graves";34;"Masculino";0;0;1;0;-29,6955976;-50,1661616;"SPRF-RS";"DEL03-RS";"UOP02-DEL03-RS"
742857;1665375;2025-12-31;"quarta-feira";"20:00:00";"RS";101;62;"MAQUINE";"N�o";"Pedestre cruzava a pista fora da faixa";1;"Atropelamento de Pedestre";"Com V�timas Feridas";"Plena Noite";"Decrescente";"C�u Claro";"Dupla";"Reta";"N�o";1326461;"Autom�vel";"PEUGEOT/208 ALLURE/208 ALLURE";2025;"Passageiro";"Ileso";26;"Feminino";1;0;0;0;-29,6955976;-50,1661616;"SPRF-RS";"DEL03-RS";"UOP02-DEL03-RS"
742857;1663701;2025-12-31;"quarta-feira";"20:00:00";"RS";101;62;"MAQUINE";"N�o";"Pedestre cruzava a pista fora da faixa";1;"Atropelamento de Pedestre";"Com V�timas Feridas";"Plena Noite";"Decrescente";"C�u Claro";"Dupla";"Reta";"N�o";1326461;"Autom�vel";"PEUGEOT/208 ALLURE/208 ALLURE";2025;"Condutor";"Ileso";29;"Feminino";1;0;0;0;-29,6955976;-50,1661616;"SPRF-RS";"DEL03-RS";"UOP02-DEL03-RS"
742857;1665373;2025-12-31;"quarta-feira";"20:00:00";"RS";101;62;"MAQUINE";"N�o";"Pedestre cruzava a pista fora da faixa";1;"Atropelamento de Pedestre";"Com V�timas Feridas";"Plena Noite";"Decrescente";"C�u Claro";"Dupla";"Reta";"N�o";1326461;"Autom�vel";"PEUGEOT/208 ALLURE/208 ALLURE";2025;"Passageiro";"Ileso";25;"Masculino";1;0;0;0;-29,6955976;-50,1661616;"SPRF-RS";"DEL03-RS";"UOP02-DEL03-RS"
742857;1665371;2025-12-31;"quarta-feira";"20:00:00";"RS";101;62;"MAQUINE";"N�o";"Pedestre cruzava a pista fora da faixa";1;"Atropelamento de Pedestre";"Com V�timas Feridas";"Plena Noite";"Decrescente";"C�u Claro";"Dupla";"Reta";"N�o";1326461;"Autom�vel";"PEUGEOT/208 ALLURE/208 ALLURE";2025;"Passageiro";"Ileso";2;"Feminino";1;0;0;0;-29,6955976;-50,1661616;"SPRF-RS";"DEL03-RS";"UOP02-DEL03-RS"
742857;1665377;2025-12-31;"quarta-feira";"20:00:00";"RS";101;62;"MAQUINE";"N�o";"Pedestre cruzava a pista fora da faixa";1;"Atropelamento de Pedestre";"Com V�timas Feridas";"Plena Noite";"Decrescente";"C�u Claro";"Dupla";"Reta";"N�o";NA;NA;"NA/NA/NA";NA;"Pedestre";"Les�es Graves";34;"Masculino";0;0;1;0;-29,6955976;-50,1661616;"SPRF-RS";"DEL03-RS";"UOP02-DEL03-RS"
742857;1665375;2025-12-31;"quarta-feira";"20:00:00";"RS";101;62;"MAQUINE";"N�o";"Acessar a via sem observar a presen�a dos outros ve�culos";1;"Atropelamento de Pedestre";"Com V�timas Feridas";"Plena Noite";"Decrescente";"C�u Claro";"Dupla";"Reta";"N�o";1326461;"Autom�vel";"PEUGEOT/208 ALLURE/208 ALLURE";2025;"Passageiro";"Ileso";26;"Feminino";1;0;0;0;-29,6955976;-50,1661616;"SPRF-RS";"DEL03-RS";"UOP02-DEL03-RS"
742857;1663701;2025-12-31;"quarta-feira";"20:00:00";"RS";101;62;"MAQUINE";"N�o";"Acessar a via sem observar a presen�a dos outros ve�culos";1;"Atropelamento de Pedestre";"Com V�timas Feridas";"Plena Noite";"Decrescente";"C�u Claro";"Dupla";"Reta";"N�o";1326461;"Autom�vel";"PEUGEOT/208 ALLURE/208 ALLURE";2025;"Condutor";"Ileso";29;"Feminino";1;0;0;0;-29,6955976;-50,1661616;"SPRF-RS";"DEL03-RS";"UOP02-DEL03-RS"
742857;1665373;2025-12-31;"quarta-feira";"20:00:00";"RS";101;62;"MAQUINE";"N�o";"Acessar a via sem observar a presen�a dos outros ve�culos";1;"Atropelamento de Pedestre";"Com V�timas Feridas";"Plena Noite";"Decrescente";"C�u Claro";"Dupla";"Reta";"N�o";1326461;"Autom�vel";"PEUGEOT/208 ALLURE/208 ALLURE";2025;"Passageiro";"Ileso";25;"Masculino";1;0;0;0;-29,6955976;-50,1661616;"SPRF-RS";"DEL03-RS";"UOP02-DEL03-RS"
742857;1665371;2025-12-31;"quarta-feira";"20:00:00";"RS";101;62;"MAQUINE";"N�o";"Acessar a via sem observar a presen�a dos outros ve�culos";1;"Atropelamento de Pedestre";"Com V�timas Feridas";"Plena Noite";"Decrescente";"C�u Claro";"Dupla";"Reta";"N�o";1326461;"Autom�vel";"PEUGEOT/208 ALLURE/208 ALLURE";2025;"Passageiro";"Ileso";2;"Feminino";1;0;0;0;-29,6955976;-50,1661616;"SPRF-RS";"DEL03-RS";"UOP02-DEL03-RS"
742857;1665377;2025-12-31;"quarta-feira";"20:00:00";"RS";101;62;"MAQUINE";"N�o";"Acessar a via sem observar a presen�a dos outros ve�culos";1;"Atropelamento de Pedestre";"Com V�timas Feridas";"Plena Noite";"Decrescente";"C�u Claro";"Dupla";"Reta";"N�o";NA;NA;"NA/NA/NA";NA;"Pedestre";"Les�es Graves";34;"Masculino";0;0;1;0;-29,6955976;-50,1661616;"SPRF-RS";"DEL03-RS";"UOP02-DEL03-RS"
742857;1665375;2025-12-31;"quarta-feira";"20:00:00";"RS";101;62;"MAQUINE";"N�o";"Pedestre andava na pista";1;"Atropelamento de Pedestre";"Com V�timas Feridas";"Plena Noite";"Decrescente";"C�u Claro";"Dupla";"Reta";"N�o";1326461;"Autom�vel";"PEUGEOT/208 ALLURE/208 ALLURE";2025;"Passageiro";"Ileso";26;"Feminino";1;0;0;0;-29,6955976;-50,1661616;"SPRF-RS";"DEL03-RS";"UOP02-DEL03-RS"
742857;1663701;2025-12-31;"quarta-feira";"20:00:00";"RS";101;62;"MAQUINE";"N�o";"Pedestre andava na pista";1;"Atropelamento de Pedestre";"Com V�timas Feridas";"Plena Noite";"Decrescente";"C�u Claro";"Dupla";"Reta";"N�o";1326461;"Autom�vel";"PEUGEOT/208 ALLURE/208 ALLURE";2025;"Condutor";"Ileso";29;"Feminino";1;0;0;0;-29,6955976;-50,1661616;"SPRF-RS";"DEL03-RS";"UOP02-DEL03-RS"
742857;1665373;2025-12-31;"quarta-feira";"20:00:00";"RS";101;62;"MAQUINE";"N�o";"Pedestre andava na pista";1;"Atropelamento de Pedestre";"Com V�timas Feridas";"Plena Noite";"Decrescente";"C�u Claro";"Dupla";"Reta";"N�o";1326461;"Autom�vel";"PEUGEOT/208 ALLURE/208 ALLURE";2025;"Passageiro";"Ileso";25;"Masculino";1;0;0;0;-29,6955976;-50,1661616;"SPRF-RS";"DEL03-RS";"UOP02-DEL03-RS"
742857;1665371;2025-12-31;"quarta-feira";"20:00:00";"RS";101;62;"MAQUINE";"N�o";"Pedestre andava na pista";1;"Atropelamento de Pedestre";"Com V�timas Feridas";"Plena Noite";"Decrescente";"C�u Claro";"Dupla";"Reta";"N�o";1326461;"Autom�vel";"PEUGEOT/208 ALLURE/208 ALLURE";2025;"Passageiro";"Ileso";2;"Feminino";1;0;0;0;-29,6955976;-50,1661616;"SPRF-RS";"DEL03-RS";"UOP02-DEL03-RS"
742857;1665377;2025-12-31;"quarta-feira";"20:00:00";"RS";101;62;"MAQUINE";"N�o";"Pedestre andava na pista";1;"Atropelamento de Pedestre";"Com V�timas Feridas";"Plena Noite";"Decrescente";"C�u Claro";"Dupla";"Reta";"N�o";NA;NA;"NA/NA/NA";NA;"Pedestre";"Les�es Graves";34;"Masculino";0;0;1;0;-29,6955976;-50,1661616;"SPRF-RS";"DEL03-RS";"UOP02-DEL03-RS"
742858;1663619;2025-12-31;"quarta-feira";"18:30:00";"MA";10;250;"IMPERATRIZ";"N�o";"Ingest�o de �lcool pelo condutor";4;"Queda de ocupante de ve�culo";"Com V�timas Feridas";"Anoitecer";"Decrescente";"C�u Claro";"M�ltipla";"Reta";"Sim";1326403;"Motocicleta";"HONDA/CG 160 FAN/CG 160 FAN";2023;"Passageiro";"Les�es Leves";28;"Feminino";0;1;0;0;-5,55791;-47,45496;"SPRF-MA";"DEL04-MA";"UOP01-DEL04-MA"
742858;1663618;2025-12-31;"quarta-feira";"18:30:00";"MA";10;250;"IMPERATRIZ";"N�o";"Ingest�o de �lcool pelo condutor";4;"Queda de ocupante de ve�culo";"Com V�timas Feridas";"Anoitecer";"Decrescente";"C�u Claro";"M�ltipla";"Reta";"Sim";1326403;"Motocicleta";"HONDA/CG 160 FAN/CG 160 FAN";2023;"Condutor";"Les�es Leves";29;"Masculino";0;1;0;0;-5,55791;-47,45496;"SPRF-MA";"DEL04-MA";"UOP01-DEL04-MA"
742858;1663617;2025-12-31;"quarta-feira";"18:30:00";"MA";10;250;"IMPERATRIZ";"N�o";"Ingest�o de �lcool pelo condutor";4;"Queda de ocupante de ve�culo";"Com V�timas Feridas";"Anoitecer";"Decrescente";"C�u Claro";"M�ltipla";"Reta";"Sim";1326402;"Caminhonete";"VW/NOVA SAVEIRO HL MBVD/NOVA SAVEIRO HL MBVD";2016;"Condutor";"Ileso";70;"Masculino";1;0;0;0;-5,55791;-47,45496;"SPRF-MA";"DEL04-MA";"UOP01-DEL04-MA"
742858;1663619;2025-12-31;"quarta-feira";"18:30:00";"MA";10;250;"IMPERATRIZ";"N�o";"Ingest�o de �lcool pelo condutor";3;"Tombamento";"Com V�timas Feridas";"Anoitecer";"Decrescente";"C�u Claro";"M�ltipla";"Reta";"Sim";1326403;"Motocicleta";"HONDA/CG 160 FAN/CG 160 FAN";2023;"Passageiro";"Les�es Leves";28;"Feminino";0;1;0;0;-5,55791;-47,45496;"SPRF-MA";"DEL04-MA";"UOP01-DEL04-MA"
742858;1663618;2025-12-31;"quarta-feira";"18:30:00";"MA";10;250;"IMPERATRIZ";"N�o";"Ingest�o de �lcool pelo condutor";3;"Tombamento";"Com V�timas Feridas";"Anoitecer";"Decrescente";"C�u Claro";"M�ltipla";"Reta";"Sim";1326403;"Motocicleta";"HONDA/CG 160 FAN/CG 160 FAN";2023;"Condutor";"Les�es Leves";29;"Masculino";0;1;0;0;-5,55791;-47,45496;"SPRF-MA";"DEL04-MA";"UOP01-DEL04-MA"