"id";"pesid";"data_inversa";"dia_semana";"horario";"uf";"br";"km";"municipio";"causa_principal";"causa_acidente";"ordem_tipo_acidente";"tipo_acidente";"classificacao_acidente";"fase_dia";"sentido_via";"condicao_metereologica";"tipo_pista";"tracado_via";"uso_solo";"id_veiculo";"tipo_veiculo";"marca";"ano_fabricacao_veiculo";"tipo_envolvido";"estado_fisico";"idade";"sexo";"ilesos";"feridos_leves";"feridos_graves";"mortos";"latitude";"longitude";"regional";"delegacia";"uop"
742858;1663617;2025-12-31;"quarta-feira";"18:30:00";"MA";10;250;"IMPERATRIZ";"N�o";"Ingest�o de �lcool pelo condutor";3;"Tombamento";"Com V�timas Feridas";"Anoitecer";"Decrescente";"C�u Claro";"M�ltipla";"Reta";"Sim";1326402;"Caminhonete";"VW/NOVA SAVEIRO HL MBVD/NOVA SAVEIRO HL MBVD";2016;"Condutor";"Ileso";70;"Masculino";1;0;0;0;-5,55791;-47,45496;"SPRF-MA";"DEL04-MA";"UOP01-DEL04-MA"
742858;1663619;2025-12-31;"quarta-feira";"18:30:00";"MA";10;250;"IMPERATRIZ";"N�o";"Ingest�o de �lcool pelo condutor";2;"Sa�da de leito carro��vel";"Com V�timas Feridas";"Anoitecer";"Decrescente";"C�u Claro";"M�ltipla";"Reta";"Sim";1326403;"Motocicleta";"HONDA/CG 160 FAN/CG 160 FAN";2023;"Passageiro";"Les�es Leves";28;"Feminino";0;1;0;0;-5,55791;-47,45496;"SPRF-MA";"DEL04-MA";"UOP01-DEL04-MA"
742858;1663618;2025-12-31;"quarta-feira";"18:30:00";"MA";10;250;"IMPERATRIZ";"N�o";"Ingest�o de �lcool pelo condutor";2;"Sa�da de leito carro��vel";"Com V�timas Feridas";"Anoitecer";"Decrescente";"C�u Claro";"M�ltipla";"Reta";"Sim";1326403;"Motocicleta";"HONDA/CG 160 FAN/CG 160 FAN";2023;"Condutor";"Les�es Leves";29;"Masculino";0;1;0;0;-5,55791;-47,45496;"SPRF-MA";"DEL04-MA";"UOP01-DEL04-MA"
742858;1663617;2025-12-31;"quarta-feira";"18:30:00";"MA";10;250;"IMPERATRIZ";"N�o";"Ingest�o de �lcool pelo condutor";2;"Sa�da de leito carro��vel";"Com V�timas Feridas";"Anoitecer";"Decrescente";"C�u Claro";"M�ltipla";"Reta";"Sim";1326402;"Caminhonete";"VW/NOVA SAVEIRO HL MBVD/NOVA SAVEIRO HL MBVD";2016;"Condutor";"Ileso";70;"Masculino";1;0;0;0;-5,55791;-47,45496;"SPRF-MA";"DEL04-MA";"UOP01-DEL04-MA"
742858;1663619;2025-12-31;"quarta-feira";"18:30:00";"MA";10;250;"IMPERATRIZ";"N�o";"Ingest�o de �lcool pelo condutor";1;"Colis�o lateral mesmo sentido";"Com V�timas Feridas";"Anoitecer";"Decrescente";"C�u Claro";"M�ltipla";"Reta";"Sim";1326403;"Motocicleta";"HONDA/CG 160 FAN/CG 160 FAN";2023;"Passageiro";"Les�es Leves";28;"Feminino";0;1;0;0;-5,55791;-47,45496;"SPRF-MA";"DEL04-MA";"UOP01-DEL04-MA"
742858;1663618;2025-12-31;"quarta-feira";"18:30:00";"MA";10;250;"IMPERATRIZ";"N�o";"Ingest�o de �lcool pelo condutor";1;"Colis�o lateral mesmo sentido";"Com V�timas Feridas";"Anoitecer";"Decrescente";"C�u Claro";"M�ltipla";"Reta";"Sim";1326403;"Motocicleta";"HONDA/CG 160 FAN/CG 160 FAN";2023;"Condutor";"Les�es Leves";29;"Masculino";0;1;0;0;-5,55791;-47,45496;"SPRF-MA";"DEL04-MA";"UOP01-DEL04-MA"
742858;1663617;2025-12-31;"quarta-feira";"18:30:00";"MA";10;250;"IMPERATRIZ";"N�o";"Ingest�o de �lcool pelo condutor";1;"Colis�o lateral mesmo sentido";"Com V�timas Feridas";"Anoitecer";"Decrescente";"C�u Claro";"M�ltipla";"Reta";"Sim";1326402;"Caminhonete";"VW/NOVA SAVEIRO HL MBVD/NOVA SAVEIRO HL MBVD";2016;"Condutor";"Ileso";70;"Masculino";1;0;0;0;-5,55791;-47,45496;"SPRF-MA";"DEL04-MA";"UOP01-DEL04-MA"
742858;1663619;2025-12-31;"quarta-feira";"18:30:00";"MA";10;250;"IMPERATRIZ";"Sim";"Manobra de mudan�a de faixa";4;"Queda de ocupante de ve�culo";"Com V�timas Feridas";"Anoitecer";"Decrescente";"C�u Claro";"M�ltipla";"Reta";"Sim";1326403;"Motocicleta";"HONDA/CG 160 FAN/CG 160 FAN";2023;"Passageiro";"Les�es Leves";28;"Feminino";0;1;0;0;-5,55791;-47,45496;"SPRF-MA";"DEL04-MA";"UOP01-DEL04-MA"
742858;1663618;2025-12-31;"quarta-feira";"18:30:00";"MA";10;250;"IMPERATRIZ";"Sim";"Manobra de mudan�a de faixa";4;"Queda de ocupante de ve�culo";"Com V�timas Feridas";"Anoitecer";"Decrescente";"C�u Claro";"M�ltipla";"Reta";"Sim";1326403;"Motocicleta";"HONDA/CG 160 FAN/CG 160 FAN";2023;"Condutor";"Les�es Leves";29;"Masculino";0;1;0;0;-5,55791;-47,45496;"SPRF-MA";"DEL04-MA";"UOP01-DEL04-MA"
742858;1663617;2025-12-31;"quarta-feira";"18:30:00";"MA";10;250;"IMPERATRIZ";"Sim";"Manobra de mudan�a de faixa";4;"Queda de ocupante de ve�culo";"Com V�timas Feridas";"Anoitecer";"Decrescente";"C�u Claro";"M�ltipla";"Reta";"Sim";1326402;"Caminhonete";"VW/NOVA SAVEIRO HL MBVD/NOVA SAVEIRO HL MBVD";2016;"Condutor";"Ileso";70;"Masculino";1;0;0;0;-5,55791;-47,45496;"SPRF-MA";"DEL04-MA";"UOP01-DEL04-MA"
742858;1663619;2025-12-31;"quarta-feira";"18:30:00";"MA";10;250;"IMPERATRIZ";"Sim";"Manobra de mudan�a de faixa";3;"Tombamento";"Com V�timas Feridas";"Anoitecer";"Decrescente";"C�u Claro";"M�ltipla";"Reta";"Sim";1326403;"Motocicleta";"HONDA/CG 160 FAN/CG 160 FAN";2023;"Passageiro";"Les�es Leves";28;"Feminino";0;1;0;0;-5,55791;-47,45496;"SPRF-MA";"DEL04-MA";"UOP01-DEL04-MA"
742858;1663618;2025-12-31;"quarta-feira";"18:30:00";"MA";10;250;"IMPERATRIZ";"Sim";"Manobra de mudan�a de faixa";3;"Tombamento";"Com V�timas Feridas";"Anoitecer";"Decrescente";"C�u Claro";"M�ltipla";"Reta";"Sim";1326403;"Motocicleta";"HONDA/CG 160 FAN/CG 160 FAN";2023;"Condutor";"Les�es Leves";29;"Masculino";0;1;0;0;-5,55791;-47,45496;"SPRF-MA";"DEL04-MA";"UOP01-DEL04-MA"
742858;1663617;2025-12-31;"quarta-feira";"18:30:00";"MA";10;250;"IMPERATRIZ";"Sim";"Manobra de mudan�a de faixa";3;"Tombamento";"Com V�timas Feridas";"Anoitecer";"Decrescente";"C�u Claro";"M�ltipla";"Reta";"Sim";1326402;"Caminhonete";"VW/NOVA SAVEIRO HL MBVD/NOVA SAVEIRO HL MBVD";2016;"Condutor";"Ileso";70;"Masculino";1;0;0;0;-5,55791;-47,45496;"SPRF-MA";"DEL04-MA";"UOP01-DEL04-MA"
742858;1663619;2025-12-31;"quarta-feira";"18:30:00";"MA";10;250;"IMPERATRIZ";"Sim";"Manobra de mudan�a de faixa";2;"Sa�da de leito carro��vel";"Com V�timas Feridas";"Anoitecer";"Decrescente";"C�u Claro";"M�ltipla";"Reta";"Sim";1326403;"Motocicleta";"HONDA/CG 160 FAN/CG 160 FAN";2023;"Passageiro";"Les�es Leves";28;"Feminino";0;1;0;0;-5,55791;-47,45496;"SPRF-MA";"DEL04-MA";"UOP01-DEL04-MA"
742858;1663618;2025-12-31;"quarta-feira";"18:30:00";"MA";10;250;"IMPERATRIZ";"Sim";"Manobra de mudan�a de faixa";2;"Sa�da de leito carro��vel";"Com V�timas Feridas";"Anoitecer";"Decrescente";"C�u Claro";"M�ltipla";"Reta";"Sim";1326403;"Motocicleta";"HONDA/CG 160 FAN/CG 160 FAN";2023;"Condutor";"Les�es Leves";29;"Masculino";0;1;0;0;-5,55791;-47,45496;"SPRF-MA";"DEL04-MA";"UOP01-DEL04-MA"
742858;1663617;2025-12-31;"quarta-feira";"18:30:00";"MA";10;250;"IMPERATRIZ";"Sim";"Manobra de mudan�a de faixa";2;"Sa�da de leito carro��vel";"Com V�timas Feridas";"Anoitecer";"Decrescente";"C�u Claro";"M�ltipla";"Reta";"Sim";1326402;"Caminhonete";"VW/NOVA SAVEIRO HL MBVD/NOVA SAVEIRO HL MBVD";2016;"Condutor";"Ileso";70;"Masculino";1;0;0;0;-5,55791;-47,45496;"SPRF-MA";"DEL04-MA";"UOP01-DEL04-MA"
742858;1663619;2025-12-31;"quarta-feira";"18:30:00";"MA";10;250;"IMPERATRIZ";"Sim";"Manobra de mudan�a de faixa";1;"Colis�o lateral mesmo sentido";"Com V�timas Feridas";"Anoitecer";"Decrescente";"C�u Claro";"M�ltipla";"Reta";"Sim";1326403;"Motocicleta";"HONDA/CG 160 FAN/CG 160 FAN";2023;"Passageiro";"Les�es Leves";28;"Feminino";0;1;0;0;-5,55791;-47,45496;"SPRF-MA";"DEL04-MA";"UOP01-DEL04-MA"
742858;1663618;2025-12-31;"quarta-feira";"18:30:00";"MA";10;250;"IMPERATRIZ";"Sim";"Manobra de mudan�a de faixa";1;"Colis�o lateral mesmo sentido";"Com V�timas Feridas";"Anoitecer";"Decrescente";"C�u Claro";"M�ltipla";"Reta";"Sim";1326403;"Motocicleta";"HONDA/CG 160 FAN/CG 160 FAN";2023;"Condutor";"Les�es Leves";29;"Masculino";0;1;0;0;-5,55791;-47,45496;"SPRF-MA";"DEL04-MA";"UOP01-DEL04-MA"
742858;1663617;2025-12-31;"quarta-feira";"18:30:00";"MA";10;250;"IMPERATRIZ";"Sim";"Manobra de mudan�a de faixa";1;"Colis�o lateral mesmo sentido";"Com V�timas Feridas";"Anoitecer";"Decrescente";"C�u Claro";"M�ltipla";"Reta";"Sim";1326402;"Caminhonete";"VW/NOVA SAVEIRO HL MBVD/NOVA SAVEIRO HL MBVD";2016;"Condutor";"Ileso";70;"Masculino";1;0;0;0;-5,55791;-47,45496;"SPRF-MA";"DEL04-MA";"UOP01-DEL04-MA"
742859;1663620;2025-12-31;"quarta-feira";"21:15:00";"RS";116;240;"NOVO HAMBURGO";"Sim";"Entrada inopinada do pedestre";1;"Atropelamento de Pedestre";"Com V�timas Feridas";"Plena Noite";"Crescente";"C�u Claro";"M�ltipla";"Reta";"N�o";1326404;"Autom�vel";"I/FIAT CRONOS DRIVE 1.3/FIAT CRONOS DRIVE 1.3";2020;"Condutor";"Ileso";49;"Masculino";1;0;0;0;-29,7081656;-51,1467028;"SPRF-RS";"DEL01-RS";"UOP02-DEL01-RS"
742859;1663621;2025-12-31;"quarta-feira";"21:15:00";"RS";116;240;"NOVO HAMBURGO";"Sim";"Entrada inopinada do pedestre";1;"Atropelamento de Pedestre";"Com V�timas Feridas";"Plena Noite";"Crescente";"C�u Claro";"M�ltipla";"Reta";"N�o";NA;NA;"NA/NA/NA";NA;"Pedestre";"Les�es Leves";58;"Masculino";0;1;0;0;-29,7081656;-51,1467028;"SPRF-RS";"DEL01-RS";"UOP02-DEL01-RS"
742860;1663645;2025-12-31;"quarta-feira";"20:45:00";"SC";101;25;"JOINVILLE";"Sim";"Ingest�o de �lcool pelo condutor";2;"Sa�da de leito carro��vel";"Sem V�timas";"Plena Noite";"Crescente";"Garoa/Chuvisco";"Dupla";"Reta";"N�o";1326422;"Autom�vel";"FIAT/SIENA FIRE FLEX/SIENA FIRE FLEX";2007;"Condutor";"Ileso";49;"Feminino";1;0;0;0;-26,18717485;-48,91181946;"SPRF-SC";"DEL03-SC";"UOP01-DEL03-SC"
742860;1663645;2025-12-31;"quarta-feira";"20:45:00";"SC";101;25;"JOINVILLE";"Sim";"Ingest�o de �lcool pelo condutor";1;"Colis�o com objeto";"Sem V�timas";"Plena Noite";"Crescente";"Garoa/Chuvisco";"Dupla";"Reta";"N�o";1326422;"Autom�vel";"FIAT/SIENA FIRE FLEX/SIENA FIRE FLEX";2007;"Condutor";"Ileso";49;"Feminino";1;0;0;0;-26,18717485;-48,91181946;"SPRF-SC";"DEL03-SC";"UOP01-DEL03-SC"
742861;1663627;2025-12-31;"quarta-feira";"19:10:00";"MG";116;446,2;"ENGENHEIRO CALDAS";"Sim";"Rea��o tardia ou ineficiente do condutor";2;"Capotamento";"Com V�timas Feridas";"Plena Noite";"Decrescente";"C�u Claro";"Simples";"Reta";"N�o";1326407;"Autom�vel";"FIAT/SIENA ESSENCE 1.6/SIENA ESSENCE 1.6";2013;"Condutor";"Les�es Leves";40;"Masculino";0;1;0;0;-19,122375;-42,010122;"SPRF-MG";"DEL06-MG";"UOP02-DEL06-MG"
742861;1663627;2025-12-31;"quarta-feira";"19:10:00";"MG";116;446,2;"ENGENHEIRO CALDAS";"Sim";"Rea��o tardia ou ineficiente do condutor";1;"Sa�da de leito carro��vel";"Com V�timas Feridas";"Plena Noite";"Decrescente";"C�u Claro";"Simples";"Reta";"N�o";1326407;"Autom�vel";"FIAT/SIENA ESSENCE 1.6/SIENA ESSENCE 1.6";2013;"Condutor";"Les�es Leves";40;"Masculino";0;1;0;0;-19,122375;-42,010122;"SPRF-MG";"DEL06-MG";"UOP02-DEL06-MG"
742862;1663675;2025-12-31;"quarta-feira";"20:45:00";"MG";262;38;"MANHUACU";"N�o";"Aus�ncia de rea��o do condutor";3;"Queda de ocupante de ve�culo";"Com V�timas Feridas";"Plena Noite";"Decrescente";"C�u Claro";"Simples";"Reta";"Sim";1326432;"Autom�vel";"VW/GOL 1.0/GOL 1.0";0;"Condutor";"N�o Informado";NA;"N�o Informado";0;0;0;0;-20,25959197;-42,03231096;"SPRF-MG";"DEL06-MG";"UOP03-DEL06-MG"
742862;1663658;2025-12-31;"quarta-feira";"20:45:00";"MG";262;38;"MANHUACU";"N�o";"Aus�ncia de rea��o do condutor";3;"Queda de ocupante de ve�culo";"Com V�timas Feridas";"Plena Noite";"Decrescente";"C�u Claro";"Simples";"Reta";"Sim";1326406;"Motocicleta";"HONDA/CG150 START/CG150 START";2015;"Condutor";"Les�es Graves";21;"Masculino";0;0;1;0;-20,25959197;-42,03231096;"SPRF-MG";"DEL06-MG";"UOP03-DEL06-MG"
742862;1666676;2025-12-31;"quarta-feira";"20:45:00";"MG";262;38;"MANHUACU";"N�o";"Aus�ncia de rea��o do condutor";3;"Queda de ocupante de ve�culo";"Com V�timas Feridas";"Plena Noite";"Decrescente";"C�u Claro";"Simples";"Reta";"Sim";NA;NA;"NA/NA/NA";NA;"Testemunha";"N�o Informado";NA;"N�o Informado";0;0;0;0;-20,25959197;-42,03231096;"SPRF-MG";"DEL06-MG";"UOP03-DEL06-MG"
742862;1663675;2025-12-31;"quarta-feira";"20:45:00";"MG";262;38;"MANHUACU";"N�o";"Aus�ncia de rea��o do condutor";2;"Tombamento";"Com V�timas Feridas";"Plena Noite";"Decrescente";"C�u Claro";"Simples";"Reta";"Sim";1326432;"Autom�vel";"VW/GOL 1.0/GOL 1.0";0;"Condutor";"N�o Informado";NA;"N�o Informado";0;0;0;0;-20,25959197;-42,03231096;"SPRF-MG";"DEL06-MG";"UOP03-DEL06-MG"
742862;1663658;2025-12-31;"quarta-feira";"20:45:00";"MG";262;38;"MANHUACU";"N�o";"Aus�ncia de rea��o do condutor";2;"Tombamento";"Com V�timas Feridas";"Plena Noite";"Decrescente";"C�u Claro";"Simples";"Reta";"Sim";1326406;"Motocicleta";"HONDA/CG150 START/CG150 START";2015;"Condutor";"Les�es Graves";21;"Masculino";0;0;1;0;-20,25959197;-42,03231096;"SPRF-MG";"DEL06-MG";"UOP03-DEL06-MG"
742862;1666676;2025-12-31;"quarta-feira";"20:45:00";"MG";262;38;"MANHUACU";"N�o";"Aus�ncia de rea��o do condutor";2;"Tombamento";"Com V�timas Feridas";"Plena Noite";"Decrescente";"C�u Claro";"Simples";"Reta";"Sim";NA;NA;"NA/NA/NA";NA;"Testemunha";"N�o Informado";NA;"N�o Informado";0;0;0;0;-20,25959197;-42,03231096;"SPRF-MG";"DEL06-MG";"UOP03-DEL06-MG"
742862;1663675;2025-12-31;"quarta-feira";"20:45:00";"MG";262;38;"MANHUACU";"N�o";"Aus�ncia de rea��o do condutor";1;"Colis�o transversal";"Com V�timas Feridas";"Plena Noite";"Decrescente";"C�u Claro";"Simples";"Reta";"Sim";1326432;"Autom�vel";"VW/GOL 1.0/GOL 1.0";0;"Condutor";"N�o Informado";NA;"N�o Informado";0;0;0;0;-20,25959197;-42,03231096;"SPRF-MG";"DEL06-MG";"UOP03-DEL06-MG"
742862;1663658;2025-12-31;"quarta-feira";"20:45:00";"MG";262;38;"MANHUACU";"N�o";"Aus�ncia de rea��o do condutor";1;"Colis�o transversal";"Com V�timas Feridas";"Plena Noite";"Decrescente";"C�u Claro";"Simples";"Reta";"Sim";1326406;"Motocicleta";"HONDA/CG150 START/CG150 START";2015;"Condutor";"Les�es Graves";21;"Masculino";0;0;1;0;-20,25959197;-42,03231096;"SPRF-MG";"DEL06-MG";"UOP03-DEL06-MG"
742862;1666676;2025-12-31;"quarta-feira";"20:45:00";"MG";262;38;"MANHUACU";"N�o";"Aus�ncia de rea��o do condutor";1;"Colis�o transversal";"Com V�timas Feridas";"Plena Noite";"Decrescente";"C�u Claro";"Simples";"Reta";"Sim";NA;NA;"NA/NA/NA";NA;"Testemunha";"N�o Informado";NA;"N�o Informado";0;0;0;0;-20,25959197;-42,03231096;"SPRF-MG";"DEL06-MG";"UOP03-DEL06-MG"
742862;1663675;2025-12-31;"quarta-feira";"20:45:00";"MG";262;38;"MANHUACU";"N�o";"Velocidade Incompat�vel";3;"Queda de ocupante de ve�culo";"Com V�timas Feridas";"Plena Noite";"Decrescente";"C�u Claro";"Simples";"Reta";"Sim";1326432;"Autom�vel";"VW/GOL 1.0/GOL 1.0";0;"Condutor";"N�o Informado";NA;"N�o Informado";0;0;0;0;-20,25959197;-42,03231096;"SPRF-MG";"DEL06-MG";"UOP03-DEL06-MG"
742862;1663658;2025-12-31;"quarta-feira";"20:45:00";"MG";262;38;"MANHUACU";"N�o";"Velocidade Incompat�vel";3;"Queda de ocupante de ve�culo";"Com V�timas Feridas";"Plena Noite";"Decrescente";"C�u Claro";"Simples";"Reta";"Sim";1326406;"Motocicleta";"HONDA/CG150 START/CG150 START";2015;"Condutor";"Les�es Graves";21;"Masculino";0;0;1;0;-20,25959197;-42,03231096;"SPRF-MG";"DEL06-MG";"UOP03-DEL06-MG"
742862;1666676;2025-12-31;"quarta-feira";"20:45:00";"MG";262;38;"MANHUACU";"N�o";"Velocidade Incompat�vel";3;"Queda de ocupante de ve�culo";"Com V�timas Feridas";"Plena Noite";"Decrescente";"C�u Claro";"Simples";"Reta";"Sim";NA;NA;"NA/NA/NA";NA;"Testemunha";"N�o Informado";NA;"N�o Informado";0;0;0;0;-20,25959197;-42,03231096;"SPRF-MG";"DEL06-MG";"UOP03-DEL06-MG"
742862;1663675;2025-12-31;"quarta-feira";"20:45:00";"MG";262;38;"MANHUACU";"N�o";"Velocidade Incompat�vel";2;"Tombamento";"Com V�timas Feridas";"Plena Noite";"Decrescente";"C�u Claro";"Simples";"Reta";"Sim";1326432;"Autom�vel";"VW/GOL 1.0/GOL 1.0";0;"Condutor";"N�o Informado";NA;"N�o Informado";0;0;0;0;-20,25959197;-42,03231096;"SPRF-MG";"DEL06-MG";"UOP03-DEL06-MG"
742862;1663658;2025-12-31;"quarta-feira";"20:45:00";"MG";262;38;"MANHUACU";"N�o";"Velocidade Incompat�vel";2;"Tombamento";"Com V�timas Feridas";"Plena Noite";"Decrescente";"C�u Claro";"Simples";"Reta";"Sim";1326406;"Motocicleta";"HONDA/CG150 START/CG150 START";2015;"Condutor";"Les�es Graves";21;"Masculino";0;0;1;0;-20,25959197;-42,03231096;"SPRF-MG";"DEL06-MG";"UOP03-DEL06-MG"
742862;1666676;2025-12-31;"quarta-feira";"20:45:00";"MG";262;38;"MANHUACU";"N�o";"Velocidade Incompat�vel";2;"Tombamento";"Com V�timas Feridas";"Plena Noite";"Decrescente";"C�u Claro";"Simples";"Reta";"Sim";NA;NA;"NA/NA/NA";NA;"Testemunha";"N�o Informado";NA;"N�o Informado";0;0;0;0;-20,25959197;-42,03231096;"SPRF-MG";"DEL06-MG";"UOP03-DEL06-MG"
742862;1663675;2025-12-31;"quarta-feira";"20:45:00";"MG";262;38;"MANHUACU";"N�o";"Velocidade Incompat�vel";1;"Colis�o transversal";"Com V�timas Feridas";"Plena Noite";"Decrescente";"C�u Claro";"Simples";"Reta";"Sim";1326432;"Autom�vel";"VW/GOL 1.0/GOL 1.0";0;"Condutor";"N�o Informado";NA;"N�o Informado";0;0;0;0;-20,25959197;-42,03231096;"SPRF-MG";"DEL06-MG";"UOP03-DEL06-MG"
742862;1663658;2025-12-31;"quarta-feira";"20:45:00";"MG";262;38;"MANHUACU";"N�o";"Velocidade Incompat�vel";1;"Colis�o transversal";"Com V�timas Feridas";"Plena Noite";"Decrescente";"C�u Claro";"Simples";"Reta";"Sim";1326406;"Motocicleta";"HONDA/CG150 START/CG150 START";2015;"Condutor";"Les�es Graves";21;"Masculino";0;0;1;0;-20,25959197;-42,03231096;"SPRF-MG";"DEL06-MG";"UOP03-DEL06-MG"
742862;1666676;2025-12-31;"quarta-feira";"20:45:00";"MG";262;38;"MANHUACU";"N�o";"Velocidade Incompat�vel";1;"Colis�o transversal";"Com V�timas Feridas";"Plena Noite";"Decrescente";"C�u Claro";"Simples";"Reta";"Sim";NA;NA;"NA/NA/NA";NA;"Testemunha";"N�o Informado";NA;"N�o Informado";0;0;0;0;-20,25959197;-42,03231096;"SPRF-MG";"DEL06-MG";"UOP03-DEL06-MG"
742862;1663675;2025-12-31;"quarta-feira";"20:45:00";"MG";262;38;"MANHUACU";"Sim";"Convers�o proibida";3;"Queda de ocupante de ve�culo";"Com V�timas Feridas";"Plena Noite";"Decrescente";"C�u Claro";"Simples";"Reta";"Sim";1326432;"Autom�vel";"VW/GOL 1.0/GOL 1.0";0;"Condutor";"N�o Informado";NA;"N�o Informado";0;0;0;0;-20,25959197;-42,03231096;"SPRF-MG";"DEL06-MG";"UOP03-DEL06-MG"
742862;1663658;2025-12-31;"quarta-feira";"20:45:00";"MG";262;38;"MANHUACU";"Sim";"Convers�o proibida";3;"Queda de ocupante de ve�culo";"Com V�timas Feridas";"Plena Noite";"Decrescente";"C�u Claro";"Simples";"Reta";"Sim";1326406;"Motocicleta";"HONDA/CG150 START/CG150 START";2015;"Condutor";"Les�es Graves";21;"Masculino";0;0;1;0;-20,25959197;-42,03231096;"SPRF-MG";"DEL06-MG";"UOP03-DEL06-MG"
742862;1666676;2025-12-31;"quarta-feira";"20:45:00";"MG";262;38;"MANHUACU";"Sim";"Convers�o proibida";3;"Queda de ocupante de ve�culo";"Com V�timas Feridas";"Plena Noite";"Decrescente";"C�u Claro";"Simples";"Reta";"Sim";NA;NA;"NA/NA/NA";NA;"Testemunha";"N�o Informado";NA;"N�o Informado";0;0;0;0;-20,25959197;-42,03231096;"SPRF-MG";"DEL06-MG";"UOP03-DEL06-MG"
742862;1663675;2025-12-31;"quarta-feira";"20:45:00";"MG";262;38;"MANHUACU";"Sim";"Convers�o proibida";2;"Tombamento";"Com V�timas Feridas";"Plena Noite";"Decrescente";"C�u Claro";"Simples";"Reta";"Sim";1326432;"Autom�vel";"VW/GOL 1.0/GOL 1.0";0;"Condutor";"N�o Informado";NA;"N�o Informado";0;0;0;0;-20,25959197;-42,03231096;"SPRF-MG";"DEL06-MG";"UOP03-DEL06-MG"
742862;1663658;2025-12-31;"quarta-feira";"20:45:00";"MG";262;38;"MANHUACU";"Sim";"Convers�o proibida";2;"Tombamento";"Com V�timas Feridas";"Plena Noite";"Decrescente";"C�u Claro";"Simples";"Reta";"Sim";1326406;"Motocicleta";"HONDA/CG150 START/CG150 START";2015;"Condutor";"Les�es Graves";21;"Masculino";0;0;1;0;-20,25959197;-42,03231096;"SPRF-MG";"DEL06-MG";"UOP03-DEL06-MG"
742862;1666676;2025-12-31;"quarta-feira";"20:45:00";"MG";262;38;"MANHUACU";"Sim";"Convers�o proibida";2;"Tombamento";"Com V�timas Feridas";"Plena Noite";"Decrescente";"C�u Claro";"Simples";"Reta";"Sim";NA;NA;"NA/NA/NA";NA;"Testemunha";"N�o Informado";NA;"N�o Informado";0;0;0;0;-20,25959197;-42,03231096;"SPRF-MG";"DEL06-MG";"UOP03-DEL06-MG"
742862;1663675;2025-12-31;"quarta-feira";"20:45:00";"MG";262;38;"MANHUACU";"Sim";"Convers�o proibida";1;"Colis�o transversal";"Com V�timas Feridas";"Plena Noite";"Decrescente";"C�u Claro";"Simples";"Reta";"Sim";1326432;"Autom�vel";"VW/GOL 1.0/GOL 1.0";0;"Condutor";"N�o Informado";NA;"N�o Informado";0;0;0;0;-20,25959197;-42,03231096;"SPRF-MG";"DEL06-MG";"UOP03-DEL06-MG"
742862;1663658;2025-12-31;"quarta-feira";"20:45:00";"MG";262;38;"MANHUACU";"Sim";"Convers�o proibida";1;"Colis�o transversal";"Com V�timas Feridas";"Plena Noite";"Decrescente";"C�u Claro";"Simples";"Reta";"Sim";1326406;"Motocicleta";"HONDA/CG150 START/CG150 START";2015;"Condutor";"Les�es Graves";21;"Masculino";0;0;1;0;-20,25959197;-42,03231096;"SPRF-MG";"DEL06-MG";"UOP03-DEL06-MG"
742862;1666676;2025-12-31;"quarta-feira";"20:45:00";"MG";262;38;"MANHUACU";"Sim";"Convers�o proibida";1;"Colis�o transversal";"Com V�timas Feridas";"Plena Noite";"Decrescente";"C�u Claro";"Simples";"Reta";"Sim";NA;NA;"NA/NA/NA";NA;"Testemunha";"N�o Informado";NA;"N�o Informado";0;0;0;0;-20,25959197;-42,03231096;"SPRF-MG";"DEL06-MG";"UOP03-DEL06-MG"
742863;1663708;2025-12-31;"quarta-feira";"20:39:00";"CE";222;328,7;"TIANGUA";"Sim";"Acessar a via sem observar a presen�a dos outros ve�culos";2;"Tombamento";"Com V�timas Feridas";"Plena Noite";"Decrescente";"C�u Claro";"Simples";"Reta";"N�o";1326462;"Motocicleta";"HONDA/CG 150 SPORT/CG 150 SPORT";2006;"Passageiro";"Les�es Graves";43;"Feminino";0;0;1;0;-3,82364584;-41,1046478;"SPRF-CE";"DEL04-CE";"UOP02-DEL04-CE"
742863;1663704;2025-12-31;"quarta-feira";"20:39:00";"CE";222;328,7;"TIANGUA";"Sim";"Acessar a via sem observar a presen�a dos outros ve�culos";2;"Tombamento";"Com V�timas Feridas";"Plena Noite";"Decrescente";"C�u Claro";"Simples";"Reta";"N�o";1326462;"Motocicleta";"HONDA/CG 150 SPORT/CG 150 SPORT";2006;"Condutor";"Les�es Graves";44;"Masculino";0;0;1;0;-3,82364584;-41,1046478;"SPRF-CE";"DEL04-CE";"UOP02-DEL04-CE"
742863;1665372;2025-12-31;"quarta-feira";"20:39:00";"CE";222;328,7;"TIANGUA";"Sim";"Acessar a via sem observar a presen�a dos outros ve�culos";2;"Tombamento";"Com V�timas Feridas";"Plena Noite";"Decrescente";"C�u Claro";"Simples";"Reta";"N�o";1326460;"Autom�vel";"CHEVROLET/ONIX 1.4MT LT/ONIX 1.4MT LT";2012;"Passageiro";"Ileso";28;"Masculino";1;0;0;0;-3,82364584;-41,1046478;"SPRF-CE";"DEL04-CE";"UOP02-DEL04-CE"