"id";"pesid";"data_inversa";"dia_semana";"horario";"uf";"br";"km";"municipio";"causa_principal";"causa_acidente";"ordem_tipo_acidente";"tipo_acidente";"classificacao_acidente";"fase_dia";"sentido_via";"condicao_metereologica";"tipo_pista";"tracado_via";"uso_solo";"id_veiculo";"tipo_veiculo";"marca";"ano_fabricacao_veiculo";"tipo_envolvido";"estado_fisico";"idade";"sexo";"ilesos";"feridos_leves";"feridos_graves";"mortos";"latitude";"longitude";"regional";"delegacia";"uop"
742863;1665370;2025-12-31;"quarta-feira";"20:39:00";"CE";222;328,7;"TIANGUA";"Sim";"Acessar a via sem observar a presen�a dos outros ve�culos";2;"Tombamento";"Com V�timas Feridas";"Plena Noite";"Decrescente";"C�u Claro";"Simples";"Reta";"N�o";1326460;"Autom�vel";"CHEVROLET/ONIX 1.4MT LT/ONIX 1.4MT LT";2012;"Passageiro";"Ileso";43;"Feminino";1;0;0;0;-3,82364584;-41,1046478;"SPRF-CE";"DEL04-CE";"UOP02-DEL04-CE"
742863;1665369;2025-12-31;"quarta-feira";"20:39:00";"CE";222;328,7;"TIANGUA";"Sim";"Acessar a via sem observar a presen�a dos outros ve�culos";2;"Tombamento";"Com V�timas Feridas";"Plena Noite";"Decrescente";"C�u Claro";"Simples";"Reta";"N�o";1326460;"Autom�vel";"CHEVROLET/ONIX 1.4MT LT/ONIX 1.4MT LT";2012;"Passageiro";"Ileso";14;"Feminino";1;0;0;0;-3,82364584;-41,1046478;"SPRF-CE";"DEL04-CE";"UOP02-DEL04-CE"
742863;1663700;2025-12-31;"quarta-feira";"20:39:00";"CE";222;328,7;"TIANGUA";"Sim";"Acessar a via sem observar a presen�a dos outros ve�culos";2;"Tombamento";"Com V�timas Feridas";"Plena Noite";"Decrescente";"C�u Claro";"Simples";"Reta";"N�o";1326460;"Autom�vel";"CHEVROLET/ONIX 1.4MT LT/ONIX 1.4MT LT";2012;"Condutor";"Ileso";39;"Masculino";1;0;0;0;-3,82364584;-41,1046478;"SPRF-CE";"DEL04-CE";"UOP02-DEL04-CE"
742863;1663708;2025-12-31;"quarta-feira";"20:39:00";"CE";222;328,7;"TIANGUA";"Sim";"Acessar a via sem observar a presen�a dos outros ve�culos";1;"Colis�o transversal";"Com V�timas Feridas";"Plena Noite";"Decrescente";"C�u Claro";"Simples";"Reta";"N�o";1326462;"Motocicleta";"HONDA/CG 150 SPORT/CG 150 SPORT";2006;"Passageiro";"Les�es Graves";43;"Feminino";0;0;1;0;-3,82364584;-41,1046478;"SPRF-CE";"DEL04-CE";"UOP02-DEL04-CE"
742863;1663704;2025-12-31;"quarta-feira";"20:39:00";"CE";222;328,7;"TIANGUA";"Sim";"Acessar a via sem observar a presen�a dos outros ve�culos";1;"Colis�o transversal";"Com V�timas Feridas";"Plena Noite";"Decrescente";"C�u Claro";"Simples";"Reta";"N�o";1326462;"Motocicleta";"HONDA/CG 150 SPORT/CG 150 SPORT";2006;"Condutor";"Les�es Graves";44;"Masculino";0;0;1;0;-3,82364584;-41,1046478;"SPRF-CE";"DEL04-CE";"UOP02-DEL04-CE"
742863;1665372;2025-12-31;"quarta-feira";"20:39:00";"CE";222;328,7;"TIANGUA";"Sim";"Acessar a via sem observar a presen�a dos outros ve�culos";1;"Colis�o transversal";"Com V�timas Feridas";"Plena Noite";"Decrescente";"C�u Claro";"Simples";"Reta";"N�o";1326460;"Autom�vel";"CHEVROLET/ONIX 1.4MT LT/ONIX 1.4MT LT";2012;"Passageiro";"Ileso";28;"Masculino";1;0;0;0;-3,82364584;-41,1046478;"SPRF-CE";"DEL04-CE";"UOP02-DEL04-CE"
742863;1665370;2025-12-31;"quarta-feira";"20:39:00";"CE";222;328,7;"TIANGUA";"Sim";"Acessar a via sem observar a presen�a dos outros ve�culos";1;"Colis�o transversal";"Com V�timas Feridas";"Plena Noite";"Decrescente";"C�u Claro";"Simples";"Reta";"N�o";1326460;"Autom�vel";"CHEVROLET/ONIX 1.4MT LT/ONIX 1.4MT LT";2012;"Passageiro";"Ileso";43;"Feminino";1;0;0;0;-3,82364584;-41,1046478;"SPRF-CE";"DEL04-CE";"UOP02-DEL04-CE"
742863;1665369;2025-12-31;"quarta-feira";"20:39:00";"CE";222;328,7;"TIANGUA";"Sim";"Acessar a via sem observar a presen�a dos outros ve�culos";1;"Colis�o transversal";"Com V�timas Feridas";"Plena Noite";"Decrescente";"C�u Claro";"Simples";"Reta";"N�o";1326460;"Autom�vel";"CHEVROLET/ONIX 1.4MT LT/ONIX 1.4MT LT";2012;"Passageiro";"Ileso";14;"Feminino";1;0;0;0;-3,82364584;-41,1046478;"SPRF-CE";"DEL04-CE";"UOP02-DEL04-CE"
742863;1663700;2025-12-31;"quarta-feira";"20:39:00";"CE";222;328,7;"TIANGUA";"Sim";"Acessar a via sem observar a presen�a dos outros ve�culos";1;"Colis�o transversal";"Com V�timas Feridas";"Plena Noite";"Decrescente";"C�u Claro";"Simples";"Reta";"N�o";1326460;"Autom�vel";"CHEVROLET/ONIX 1.4MT LT/ONIX 1.4MT LT";2012;"Condutor";"Ileso";39;"Masculino";1;0;0;0;-3,82364584;-41,1046478;"SPRF-CE";"DEL04-CE";"UOP02-DEL04-CE"
742865;1663730;2025-12-31;"quarta-feira";"20:40:00";"SC";101;30;"JOINVILLE";"Sim";"Rea��o tardia ou ineficiente do condutor";2;"Queda de ocupante de ve�culo";"Com V�timas Feridas";"Plena Noite";"Crescente";"Nublado";"M�ltipla";"Reta";"Sim";1326480;"Motocicleta";"HONDA/POP 110I/POP 110I";2024;"Condutor";"Les�es Leves";40;"Masculino";0;1;0;0;-26,22680733;-48,91618475;"SPRF-SC";"DEL03-SC";"UOP01-DEL03-SC"
742865;1663730;2025-12-31;"quarta-feira";"20:40:00";"SC";101;30;"JOINVILLE";"Sim";"Rea��o tardia ou ineficiente do condutor";1;"Tombamento";"Com V�timas Feridas";"Plena Noite";"Crescente";"Nublado";"M�ltipla";"Reta";"Sim";1326480;"Motocicleta";"HONDA/POP 110I/POP 110I";2024;"Condutor";"Les�es Leves";40;"Masculino";0;1;0;0;-26,22680733;-48,91618475;"SPRF-SC";"DEL03-SC";"UOP01-DEL03-SC"
742866;1663672;2025-12-31;"quarta-feira";"21:10:00";"PR";277;46;"MORRETES";"N�o";"Velocidade Incompat�vel";1;"Colis�o traseira";"Sem V�timas";"Plena Noite";"Crescente";"Nublado";"Dupla";"Reta";"N�o";1326441;"Autom�vel";"FIAT/PUNTO 1.4/PUNTO 1.4";2010;"Condutor";"Ileso";49;"Masculino";1;0;0;0;-25,593416;-48,908625;"SPRF-PR";"DEL01-PR";"UOP05-DEL01-PR"
742866;1663672;2025-12-31;"quarta-feira";"21:10:00";"PR";277;46;"MORRETES";"N�o";"Ilumina��o deficiente";1;"Colis�o traseira";"Sem V�timas";"Plena Noite";"Crescente";"Nublado";"Dupla";"Reta";"N�o";1326441;"Autom�vel";"FIAT/PUNTO 1.4/PUNTO 1.4";2010;"Condutor";"Ileso";49;"Masculino";1;0;0;0;-25,593416;-48,908625;"SPRF-PR";"DEL01-PR";"UOP05-DEL01-PR"
742866;1663672;2025-12-31;"quarta-feira";"21:10:00";"PR";277;46;"MORRETES";"N�o";"Defici�ncia do Sistema de Ilumina��o/Sinaliza��o";1;"Colis�o traseira";"Sem V�timas";"Plena Noite";"Crescente";"Nublado";"Dupla";"Reta";"N�o";1326441;"Autom�vel";"FIAT/PUNTO 1.4/PUNTO 1.4";2010;"Condutor";"Ileso";49;"Masculino";1;0;0;0;-25,593416;-48,908625;"SPRF-PR";"DEL01-PR";"UOP05-DEL01-PR"
742866;1663672;2025-12-31;"quarta-feira";"21:10:00";"PR";277;46;"MORRETES";"N�o";"Aus�ncia de sinaliza��o";1;"Colis�o traseira";"Sem V�timas";"Plena Noite";"Crescente";"Nublado";"Dupla";"Reta";"N�o";1326441;"Autom�vel";"FIAT/PUNTO 1.4/PUNTO 1.4";2010;"Condutor";"Ileso";49;"Masculino";1;0;0;0;-25,593416;-48,908625;"SPRF-PR";"DEL01-PR";"UOP05-DEL01-PR"
742866;1663672;2025-12-31;"quarta-feira";"21:10:00";"PR";277;46;"MORRETES";"Sim";"Aus�ncia de rea��o do condutor";1;"Colis�o traseira";"Sem V�timas";"Plena Noite";"Crescente";"Nublado";"Dupla";"Reta";"N�o";1326441;"Autom�vel";"FIAT/PUNTO 1.4/PUNTO 1.4";2010;"Condutor";"Ileso";49;"Masculino";1;0;0;0;-25,593416;-48,908625;"SPRF-PR";"DEL01-PR";"UOP05-DEL01-PR"
742867;NA;2025-12-31;"quarta-feira";"15:33:00";"TO";153;350,5;"FORTALEZA DO TABOCAO";"N�o";"Velocidade Incompat�vel";2;"Capotamento";"Com V�timas Feridas";"Pleno dia";"Crescente";"Nublado";"Simples";"Reta";"N�o";1327551;"Semireboque";"SR/RANDON SR CA 1ED3E/RANDON SR CA 1ED3E";2024;NA;NA;NA;NA;NA;NA;NA;NA;-8,979379;-48,498012;"SPRF-TO";"DEL02-TO";"UOP02-DEL02-TO"
742867;1663677;2025-12-31;"quarta-feira";"15:33:00";"TO";153;350,5;"FORTALEZA DO TABOCAO";"N�o";"Velocidade Incompat�vel";2;"Capotamento";"Com V�timas Feridas";"Pleno dia";"Crescente";"Nublado";"Simples";"Reta";"N�o";1326431;"Caminh�o-trator";"SCANIA/R500 A6X2/R500 A6X2";2022;"Condutor";"Ileso";38;"Feminino";1;0;0;0;-8,979379;-48,498012;"SPRF-TO";"DEL02-TO";"UOP02-DEL02-TO"
742867;1663638;2025-12-31;"quarta-feira";"15:33:00";"TO";153;350,5;"FORTALEZA DO TABOCAO";"N�o";"Velocidade Incompat�vel";2;"Capotamento";"Com V�timas Feridas";"Pleno dia";"Crescente";"Nublado";"Simples";"Reta";"N�o";1326417;"Autom�vel";"FORD/KA SE PLUS 1.0 HA C/KA SE PLUS 1.0 HA C";2020;"Condutor";"Les�es Leves";44;"Feminino";0;1;0;0;-8,979379;-48,498012;"SPRF-TO";"DEL02-TO";"UOP02-DEL02-TO"
742867;1663639;2025-12-31;"quarta-feira";"15:33:00";"TO";153;350,5;"FORTALEZA DO TABOCAO";"N�o";"Velocidade Incompat�vel";2;"Capotamento";"Com V�timas Feridas";"Pleno dia";"Crescente";"Nublado";"Simples";"Reta";"N�o";1326417;"Autom�vel";"FORD/KA SE PLUS 1.0 HA C/KA SE PLUS 1.0 HA C";2020;"Passageiro";"Les�es Leves";16;"Feminino";0;1;0;0;-8,979379;-48,498012;"SPRF-TO";"DEL02-TO";"UOP02-DEL02-TO"
742867;1663640;2025-12-31;"quarta-feira";"15:33:00";"TO";153;350,5;"FORTALEZA DO TABOCAO";"N�o";"Velocidade Incompat�vel";2;"Capotamento";"Com V�timas Feridas";"Pleno dia";"Crescente";"Nublado";"Simples";"Reta";"N�o";1326417;"Autom�vel";"FORD/KA SE PLUS 1.0 HA C/KA SE PLUS 1.0 HA C";2020;"Passageiro";"Les�es Leves";18;"Masculino";0;1;0;0;-8,979379;-48,498012;"SPRF-TO";"DEL02-TO";"UOP02-DEL02-TO"
742867;NA;2025-12-31;"quarta-feira";"15:33:00";"TO";153;350,5;"FORTALEZA DO TABOCAO";"N�o";"Velocidade Incompat�vel";1;"Sa�da de leito carro��vel";"Com V�timas Feridas";"Pleno dia";"Crescente";"Nublado";"Simples";"Reta";"N�o";1327551;"Semireboque";"SR/RANDON SR CA 1ED3E/RANDON SR CA 1ED3E";2024;NA;NA;NA;NA;NA;NA;NA;NA;-8,979379;-48,498012;"SPRF-TO";"DEL02-TO";"UOP02-DEL02-TO"
742867;1663677;2025-12-31;"quarta-feira";"15:33:00";"TO";153;350,5;"FORTALEZA DO TABOCAO";"N�o";"Velocidade Incompat�vel";1;"Sa�da de leito carro��vel";"Com V�timas Feridas";"Pleno dia";"Crescente";"Nublado";"Simples";"Reta";"N�o";1326431;"Caminh�o-trator";"SCANIA/R500 A6X2/R500 A6X2";2022;"Condutor";"Ileso";38;"Feminino";1;0;0;0;-8,979379;-48,498012;"SPRF-TO";"DEL02-TO";"UOP02-DEL02-TO"
742867;1663638;2025-12-31;"quarta-feira";"15:33:00";"TO";153;350,5;"FORTALEZA DO TABOCAO";"N�o";"Velocidade Incompat�vel";1;"Sa�da de leito carro��vel";"Com V�timas Feridas";"Pleno dia";"Crescente";"Nublado";"Simples";"Reta";"N�o";1326417;"Autom�vel";"FORD/KA SE PLUS 1.0 HA C/KA SE PLUS 1.0 HA C";2020;"Condutor";"Les�es Leves";44;"Feminino";0;1;0;0;-8,979379;-48,498012;"SPRF-TO";"DEL02-TO";"UOP02-DEL02-TO"
742867;1663639;2025-12-31;"quarta-feira";"15:33:00";"TO";153;350,5;"FORTALEZA DO TABOCAO";"N�o";"Velocidade Incompat�vel";1;"Sa�da de leito carro��vel";"Com V�timas Feridas";"Pleno dia";"Crescente";"Nublado";"Simples";"Reta";"N�o";1326417;"Autom�vel";"FORD/KA SE PLUS 1.0 HA C/KA SE PLUS 1.0 HA C";2020;"Passageiro";"Les�es Leves";16;"Feminino";0;1;0;0;-8,979379;-48,498012;"SPRF-TO";"DEL02-TO";"UOP02-DEL02-TO"
742867;1663640;2025-12-31;"quarta-feira";"15:33:00";"TO";153;350,5;"FORTALEZA DO TABOCAO";"N�o";"Velocidade Incompat�vel";1;"Sa�da de leito carro��vel";"Com V�timas Feridas";"Pleno dia";"Crescente";"Nublado";"Simples";"Reta";"N�o";1326417;"Autom�vel";"FORD/KA SE PLUS 1.0 HA C/KA SE PLUS 1.0 HA C";2020;"Passageiro";"Les�es Leves";18;"Masculino";0;1;0;0;-8,979379;-48,498012;"SPRF-TO";"DEL02-TO";"UOP02-DEL02-TO"
742867;NA;2025-12-31;"quarta-feira";"15:33:00";"TO";153;350,5;"FORTALEZA DO TABOCAO";"Sim";"Rea��o tardia ou ineficiente do condutor";2;"Capotamento";"Com V�timas Feridas";"Pleno dia";"Crescente";"Nublado";"Simples";"Reta";"N�o";1327551;"Semireboque";"SR/RANDON SR CA 1ED3E/RANDON SR CA 1ED3E";2024;NA;NA;NA;NA;NA;NA;NA;NA;-8,979379;-48,498012;"SPRF-TO";"DEL02-TO";"UOP02-DEL02-TO"
742867;1663677;2025-12-31;"quarta-feira";"15:33:00";"TO";153;350,5;"FORTALEZA DO TABOCAO";"Sim";"Rea��o tardia ou ineficiente do condutor";2;"Capotamento";"Com V�timas Feridas";"Pleno dia";"Crescente";"Nublado";"Simples";"Reta";"N�o";1326431;"Caminh�o-trator";"SCANIA/R500 A6X2/R500 A6X2";2022;"Condutor";"Ileso";38;"Feminino";1;0;0;0;-8,979379;-48,498012;"SPRF-TO";"DEL02-TO";"UOP02-DEL02-TO"
742867;1663638;2025-12-31;"quarta-feira";"15:33:00";"TO";153;350,5;"FORTALEZA DO TABOCAO";"Sim";"Rea��o tardia ou ineficiente do condutor";2;"Capotamento";"Com V�timas Feridas";"Pleno dia";"Crescente";"Nublado";"Simples";"Reta";"N�o";1326417;"Autom�vel";"FORD/KA SE PLUS 1.0 HA C/KA SE PLUS 1.0 HA C";2020;"Condutor";"Les�es Leves";44;"Feminino";0;1;0;0;-8,979379;-48,498012;"SPRF-TO";"DEL02-TO";"UOP02-DEL02-TO"
742867;1663639;2025-12-31;"quarta-feira";"15:33:00";"TO";153;350,5;"FORTALEZA DO TABOCAO";"Sim";"Rea��o tardia ou ineficiente do condutor";2;"Capotamento";"Com V�timas Feridas";"Pleno dia";"Crescente";"Nublado";"Simples";"Reta";"N�o";1326417;"Autom�vel";"FORD/KA SE PLUS 1.0 HA C/KA SE PLUS 1.0 HA C";2020;"Passageiro";"Les�es Leves";16;"Feminino";0;1;0;0;-8,979379;-48,498012;"SPRF-TO";"DEL02-TO";"UOP02-DEL02-TO"
742867;1663640;2025-12-31;"quarta-feira";"15:33:00";"TO";153;350,5;"FORTALEZA DO TABOCAO";"Sim";"Rea��o tardia ou ineficiente do condutor";2;"Capotamento";"Com V�timas Feridas";"Pleno dia";"Crescente";"Nublado";"Simples";"Reta";"N�o";1326417;"Autom�vel";"FORD/KA SE PLUS 1.0 HA C/KA SE PLUS 1.0 HA C";2020;"Passageiro";"Les�es Leves";18;"Masculino";0;1;0;0;-8,979379;-48,498012;"SPRF-TO";"DEL02-TO";"UOP02-DEL02-TO"
742867;NA;2025-12-31;"quarta-feira";"15:33:00";"TO";153;350,5;"FORTALEZA DO TABOCAO";"Sim";"Rea��o tardia ou ineficiente do condutor";1;"Sa�da de leito carro��vel";"Com V�timas Feridas";"Pleno dia";"Crescente";"Nublado";"Simples";"Reta";"N�o";1327551;"Semireboque";"SR/RANDON SR CA 1ED3E/RANDON SR CA 1ED3E";2024;NA;NA;NA;NA;NA;NA;NA;NA;-8,979379;-48,498012;"SPRF-TO";"DEL02-TO";"UOP02-DEL02-TO"
742867;1663677;2025-12-31;"quarta-feira";"15:33:00";"TO";153;350,5;"FORTALEZA DO TABOCAO";"Sim";"Rea��o tardia ou ineficiente do condutor";1;"Sa�da de leito carro��vel";"Com V�timas Feridas";"Pleno dia";"Crescente";"Nublado";"Simples";"Reta";"N�o";1326431;"Caminh�o-trator";"SCANIA/R500 A6X2/R500 A6X2";2022;"Condutor";"Ileso";38;"Feminino";1;0;0;0;-8,979379;-48,498012;"SPRF-TO";"DEL02-TO";"UOP02-DEL02-TO"
742867;1663638;2025-12-31;"quarta-feira";"15:33:00";"TO";153;350,5;"FORTALEZA DO TABOCAO";"Sim";"Rea��o tardia ou ineficiente do condutor";1;"Sa�da de leito carro��vel";"Com V�timas Feridas";"Pleno dia";"Crescente";"Nublado";"Simples";"Reta";"N�o";1326417;"Autom�vel";"FORD/KA SE PLUS 1.0 HA C/KA SE PLUS 1.0 HA C";2020;"Condutor";"Les�es Leves";44;"Feminino";0;1;0;0;-8,979379;-48,498012;"SPRF-TO";"DEL02-TO";"UOP02-DEL02-TO"
742867;1663639;2025-12-31;"quarta-feira";"15:33:00";"TO";153;350,5;"FORTALEZA DO TABOCAO";"Sim";"Rea��o tardia ou ineficiente do condutor";1;"Sa�da de leito carro��vel";"Com V�timas Feridas";"Pleno dia";"Crescente";"Nublado";"Simples";"Reta";"N�o";1326417;"Autom�vel";"FORD/KA SE PLUS 1.0 HA C/KA SE PLUS 1.0 HA C";2020;"Passageiro";"Les�es Leves";16;"Feminino";0;1;0;0;-8,979379;-48,498012;"SPRF-TO";"DEL02-TO";"UOP02-DEL02-TO"
742867;1663640;2025-12-31;"quarta-feira";"15:33:00";"TO";153;350,5;"FORTALEZA DO TABOCAO";"Sim";"Rea��o tardia ou ineficiente do condutor";1;"Sa�da de leito carro��vel";"Com V�timas Feridas";"Pleno dia";"Crescente";"Nublado";"Simples";"Reta";"N�o";1326417;"Autom�vel";"FORD/KA SE PLUS 1.0 HA C/KA SE PLUS 1.0 HA C";2020;"Passageiro";"Les�es Leves";18;"Masculino";0;1;0;0;-8,979379;-48,498012;"SPRF-TO";"DEL02-TO";"UOP02-DEL02-TO"
742867;NA;2025-12-31;"quarta-feira";"15:33:00";"TO";153;350,5;"FORTALEZA DO TABOCAO";"N�o";"Acessar a via sem observar a presen�a dos outros ve�culos";2;"Capotamento";"Com V�timas Feridas";"Pleno dia";"Crescente";"Nublado";"Simples";"Reta";"N�o";1327551;"Semireboque";"SR/RANDON SR CA 1ED3E/RANDON SR CA 1ED3E";2024;NA;NA;NA;NA;NA;NA;NA;NA;-8,979379;-48,498012;"SPRF-TO";"DEL02-TO";"UOP02-DEL02-TO"
742867;1663677;2025-12-31;"quarta-feira";"15:33:00";"TO";153;350,5;"FORTALEZA DO TABOCAO";"N�o";"Acessar a via sem observar a presen�a dos outros ve�culos";2;"Capotamento";"Com V�timas Feridas";"Pleno dia";"Crescente";"Nublado";"Simples";"Reta";"N�o";1326431;"Caminh�o-trator";"SCANIA/R500 A6X2/R500 A6X2";2022;"Condutor";"Ileso";38;"Feminino";1;0;0;0;-8,979379;-48,498012;"SPRF-TO";"DEL02-TO";"UOP02-DEL02-TO"
742867;1663638;2025-12-31;"quarta-feira";"15:33:00";"TO";153;350,5;"FORTALEZA DO TABOCAO";"N�o";"Acessar a via sem observar a presen�a dos outros ve�culos";2;"Capotamento";"Com V�timas Feridas";"Pleno dia";"Crescente";"Nublado";"Simples";"Reta";"N�o";1326417;"Autom�vel";"FORD/KA SE PLUS 1.0 HA C/KA SE PLUS 1.0 HA C";2020;"Condutor";"Les�es Leves";44;"Feminino";0;1;0;0;-8,979379;-48,498012;"SPRF-TO";"DEL02-TO";"UOP02-DEL02-TO"
742867;1663639;2025-12-31;"quarta-feira";"15:33:00";"TO";153;350,5;"FORTALEZA DO TABOCAO";"N�o";"Acessar a via sem observar a presen�a dos outros ve�culos";2;"Capotamento";"Com V�timas Feridas";"Pleno dia";"Crescente";"Nublado";"Simples";"Reta";"N�o";1326417;"Autom�vel";"FORD/KA SE PLUS 1.0 HA C/KA SE PLUS 1.0 HA C";2020;"Passageiro";"Les�es Leves";16;"Feminino";0;1;0;0;-8,979379;-48,498012;"SPRF-TO";"DEL02-TO";"UOP02-DEL02-TO"
742867;1663640;2025-12-31;"quarta-feira";"15:33:00";"TO";153;350,5;"FORTALEZA DO TABOCAO";"N�o";"Acessar a via sem observar a presen�a dos outros ve�culos";2;"Capotamento";"Com V�timas Feridas";"Pleno dia";"Crescente";"Nublado";"Simples";"Reta";"N�o";1326417;"Autom�vel";"FORD/KA SE PLUS 1.0 HA C/KA SE PLUS 1.0 HA C";2020;"Passageiro";"Les�es Leves";18;"Masculino";0;1;0;0;-8,979379;-48,498012;"SPRF-TO";"DEL02-TO";"UOP02-DEL02-TO"
742867;NA;2025-12-31;"quarta-feira";"15:33:00";"TO";153;350,5;"FORTALEZA DO TABOCAO";"N�o";"Acessar a via sem observar a presen�a dos outros ve�culos";1;"Sa�da de leito carro��vel";"Com V�timas Feridas";"Pleno dia";"Crescente";"Nublado";"Simples";"Reta";"N�o";1327551;"Semireboque";"SR/RANDON SR CA 1ED3E/RANDON SR CA 1ED3E";2024;NA;NA;NA;NA;NA;NA;NA;NA;-8,979379;-48,498012;"SPRF-TO";"DEL02-TO";"UOP02-DEL02-TO"
742867;1663677;2025-12-31;"quarta-feira";"15:33:00";"TO";153;350,5;"FORTALEZA DO TABOCAO";"N�o";"Acessar a via sem observar a presen�a dos outros ve�culos";1;"Sa�da de leito carro��vel";"Com V�timas Feridas";"Pleno dia";"Crescente";"Nublado";"Simples";"Reta";"N�o";1326431;"Caminh�o-trator";"SCANIA/R500 A6X2/R500 A6X2";2022;"Condutor";"Ileso";38;"Feminino";1;0;0;0;-8,979379;-48,498012;"SPRF-TO";"DEL02-TO";"UOP02-DEL02-TO"
742867;1663638;2025-12-31;"quarta-feira";"15:33:00";"TO";153;350,5;"FORTALEZA DO TABOCAO";"N�o";"Acessar a via sem observar a presen�a dos outros ve�culos";1;"Sa�da de leito carro��vel";"Com V�timas Feridas";"Pleno dia";"Crescente";"Nublado";"Simples";"Reta";"N�o";1326417;"Autom�vel";"FORD/KA SE PLUS 1.0 HA C/KA SE PLUS 1.0 HA C";2020;"Condutor";"Les�es Leves";44;"Feminino";0;1;0;0;-8,979379;-48,498012;"SPRF-TO";"DEL02-TO";"UOP02-DEL02-TO"
742867;1663639;2025-12-31;"quarta-feira";"15:33:00";"TO";153;350,5;"FORTALEZA DO TABOCAO";"N�o";"Acessar a via sem observar a presen�a dos outros ve�culos";1;"Sa�da de leito carro��vel";"Com V�timas Feridas";"Pleno dia";"Crescente";"Nublado";"Simples";"Reta";"N�o";1326417;"Autom�vel";"FORD/KA SE PLUS 1.0 HA C/KA SE PLUS 1.0 HA C";2020;"Passageiro";"Les�es Leves";16;"Feminino";0;1;0;0;-8,979379;-48,498012;"SPRF-TO";"DEL02-TO";"UOP02-DEL02-TO"
742867;1663640;2025-12-31;"quarta-feira";"15:33:00";"TO";153;350,5;"FORTALEZA DO TABOCAO";"N�o";"Acessar a via sem observar a presen�a dos outros ve�culos";1;"Sa�da de leito carro��vel";"Com V�timas Feridas";"Pleno dia";"Crescente";"Nublado";"Simples";"Reta";"N�o";1326417;"Autom�vel";"FORD/KA SE PLUS 1.0 HA C/KA SE PLUS 1.0 HA C";2020;"Passageiro";"Les�es Leves";18;"Masculino";0;1;0;0;-8,979379;-48,498012;"SPRF-TO";"DEL02-TO";"UOP02-DEL02-TO"
742867;NA;2025-12-31;"quarta-feira";"15:33:00";"TO";153;350,5;"FORTALEZA DO TABOCAO";"N�o";"Acostamento em desn�vel";2;"Capotamento";"Com V�timas Feridas";"Pleno dia";"Crescente";"Nublado";"Simples";"Reta";"N�o";1327551;"Semireboque";"SR/RANDON SR CA 1ED3E/RANDON SR CA 1ED3E";2024;NA;NA;NA;NA;NA;NA;NA;NA;-8,979379;-48,498012;"SPRF-TO";"DEL02-TO";"UOP02-DEL02-TO"
742867;1663677;2025-12-31;"quarta-feira";"15:33:00";"TO";153;350,5;"FORTALEZA DO TABOCAO";"N�o";"Acostamento em desn�vel";2;"Capotamento";"Com V�timas Feridas";"Pleno dia";"Crescente";"Nublado";"Simples";"Reta";"N�o";1326431;"Caminh�o-trator";"SCANIA/R500 A6X2/R500 A6X2";2022;"Condutor";"Ileso";38;"Feminino";1;0;0;0;-8,979379;-48,498012;"SPRF-TO";"DEL02-TO";"UOP02-DEL02-TO"
742867;1663638;2025-12-31;"quarta-feira";"15:33:00";"TO";153;350,5;"FORTALEZA DO TABOCAO";"N�o";"Acostamento em desn�vel";2;"Capotamento";"Com V�timas Feridas";"Pleno dia";"Crescente";"Nublado";"Simples";"Reta";"N�o";1326417;"Autom�vel";"FORD/KA SE PLUS 1.0 HA C/KA SE PLUS 1.0 HA C";2020;"Condutor";"Les�es Leves";44;"Feminino";0;1;0;0;-8,979379;-48,498012;"SPRF-TO";"DEL02-TO";"UOP02-DEL02-TO"
742867;1663639;2025-12-31;"quarta-feira";"15:33:00";"TO";153;350,5;"FORTALEZA DO TABOCAO";"N�o";"Acostamento em desn�vel";2;"Capotamento";"Com V�timas Feridas";"Pleno dia";"Crescente";"Nublado";"Simples";"Reta";"N�o";1326417;"Autom�vel";"FORD/KA SE PLUS 1.0 HA C/KA SE PLUS 1.0 HA C";2020;"Passageiro";"Les�es Leves";16;"Feminino";0;1;0;0;-8,979379;-48,498012;"SPRF-TO";"DEL02-TO";"UOP02-DEL02-TO"
742867;1663640;2025-12-31;"quarta-feira";"15:33:00";"TO";153;350,5;"FORTALEZA DO TABOCAO";"N�o";"Acostamento em desn�vel";2;"Capotamento";"Com V�timas Feridas";"Pleno dia";"Crescente";"Nublado";"Simples";"Reta";"N�o";1326417;"Autom�vel";"FORD/KA SE PLUS 1.0 HA C/KA SE PLUS 1.0 HA C";2020;"Passageiro";"Les�es Leves";18;"Masculino";0;1;0;0;-8,979379;-48,498012;"SPRF-TO";"DEL02-TO";"UOP02-DEL02-TO"
742867;NA;2025-12-31;"quarta-feira";"15:33:00";"TO";153;350,5;"FORTALEZA DO TABOCAO";"N�o";"Acostamento em desn�vel";1;"Sa�da de leito carro��vel";"Com V�timas Feridas";"Pleno dia";"Crescente";"Nublado";"Simples";"Reta";"N�o";1327551;"Semireboque";"SR/RANDON SR CA 1ED3E/RANDON SR CA 1ED3E";2024;NA;NA;NA;NA;NA;NA;NA;NA;-8,979379;-48,498012;"SPRF-TO";"DEL02-TO";"UOP02-DEL02-TO"
742867;1663677;2025-12-31;"quarta-feira";"15:33:00";"TO";153;350,5;"FORTALEZA DO TABOCAO";"N�o";"Acostamento em desn�vel";1;"Sa�da de leito carro��vel";"Com V�timas Feridas";"Pleno dia";"Crescente";"Nublado";"Simples";"Reta";"N�o";1326431;"Caminh�o-trator";"SCANIA/R500 A6X2/R500 A6X2";2022;"Condutor";"Ileso";38;"Feminino";1;0;0;0;-8,979379;-48,498012;"SPRF-TO";"DEL02-TO";"UOP02-DEL02-TO"