"id";"pesid";"data_inversa";"dia_semana";"horario";"uf";"br";"km";"municipio";"causa_principal";"causa_acidente";"ordem_tipo_acidente";"tipo_acidente";"classificacao_acidente";"fase_dia";"sentido_via";"condicao_metereologica";"tipo_pista";"tracado_via";"uso_solo";"id_veiculo";"tipo_veiculo";"marca";"ano_fabricacao_veiculo";"tipo_envolvido";"estado_fisico";"idade";"sexo";"ilesos";"feridos_leves";"feridos_graves";"mortos";"latitude";"longitude";"regional";"delegacia";"uop"
742867;1663638;2025-12-31;"quarta-feira";"15:33:00";"TO";153;350,5;"FORTALEZA DO TABOCAO";"N�o";"Acostamento em desn�vel";1;"Sa�da de leito carro��vel";"Com V�timas Feridas";"Pleno dia";"Crescente";"Nublado";"Simples";"Reta";"N�o";1326417;"Autom�vel";"FORD/KA SE PLUS 1.0 HA C/KA SE PLUS 1.0 HA C";2020;"Condutor";"Les�es Leves";44;"Feminino";0;1;0;0;-8,979379;-48,498012;"SPRF-TO";"DEL02-TO";"UOP02-DEL02-TO"
742867;1663639;2025-12-31;"quarta-feira";"15:33:00";"TO";153;350,5;"FORTALEZA DO TABOCAO";"N�o";"Acostamento em desn�vel";1;"Sa�da de leito carro��vel";"Com V�timas Feridas";"Pleno dia";"Crescente";"Nublado";"Simples";"Reta";"N�o";1326417;"Autom�vel";"FORD/KA SE PLUS 1.0 HA C/KA SE PLUS 1.0 HA C";2020;"Passageiro";"Les�es Leves";16;"Feminino";0;1;0;0;-8,979379;-48,498012;"SPRF-TO";"DEL02-TO";"UOP02-DEL02-TO"
742867;1663640;2025-12-31;"quarta-feira";"15:33:00";"TO";153;350,5;"FORTALEZA DO TABOCAO";"N�o";"Acostamento em desn�vel";1;"Sa�da de leito carro��vel";"Com V�timas Feridas";"Pleno dia";"Crescente";"Nublado";"Simples";"Reta";"N�o";1326417;"Autom�vel";"FORD/KA SE PLUS 1.0 HA C/KA SE PLUS 1.0 HA C";2020;"Passageiro";"Les�es Leves";18;"Masculino";0;1;0;0;-8,979379;-48,498012;"SPRF-TO";"DEL02-TO";"UOP02-DEL02-TO"
742868;1663772;2025-12-31;"quarta-feira";"20:04:00";"RS";386;412,5;"MONTENEGRO";"Sim";"Acessar a via sem observar a presen�a dos outros ve�culos";2;"Capotamento";"Com V�timas Feridas";"Plena Noite";"Decrescente";"C�u Claro";"Dupla";"Reta";"Sim";1326416;"Autom�vel";"N�o Informado/N�o Informado/N�o Informado";0;"Condutor";"N�o Informado";NA;"N�o Informado";0;0;0;0;-29,81065437;-51,4966857;"SPRF-RS";"DEL04-RS";"UOP02-DEL04-RS"
742868;1663636;2025-12-31;"quarta-feira";"20:04:00";"RS";386;412,5;"MONTENEGRO";"Sim";"Acessar a via sem observar a presen�a dos outros ve�culos";2;"Capotamento";"Com V�timas Feridas";"Plena Noite";"Decrescente";"C�u Claro";"Dupla";"Reta";"Sim";1326415;"Autom�vel";"VW/GOL 1.6 POWER/GOL 1.6 POWER";2003;"Passageiro";"Les�es Leves";53;"Feminino";0;1;0;0;-29,81065437;-51,4966857;"SPRF-RS";"DEL04-RS";"UOP02-DEL04-RS"
742868;1663633;2025-12-31;"quarta-feira";"20:04:00";"RS";386;412,5;"MONTENEGRO";"Sim";"Acessar a via sem observar a presen�a dos outros ve�culos";2;"Capotamento";"Com V�timas Feridas";"Plena Noite";"Decrescente";"C�u Claro";"Dupla";"Reta";"Sim";1326415;"Autom�vel";"VW/GOL 1.6 POWER/GOL 1.6 POWER";2003;"Condutor";"Ileso";22;"Masculino";1;0;0;0;-29,81065437;-51,4966857;"SPRF-RS";"DEL04-RS";"UOP02-DEL04-RS"
742868;1663772;2025-12-31;"quarta-feira";"20:04:00";"RS";386;412,5;"MONTENEGRO";"Sim";"Acessar a via sem observar a presen�a dos outros ve�culos";1;"Colis�o traseira";"Com V�timas Feridas";"Plena Noite";"Decrescente";"C�u Claro";"Dupla";"Reta";"Sim";1326416;"Autom�vel";"N�o Informado/N�o Informado/N�o Informado";0;"Condutor";"N�o Informado";NA;"N�o Informado";0;0;0;0;-29,81065437;-51,4966857;"SPRF-RS";"DEL04-RS";"UOP02-DEL04-RS"
742868;1663636;2025-12-31;"quarta-feira";"20:04:00";"RS";386;412,5;"MONTENEGRO";"Sim";"Acessar a via sem observar a presen�a dos outros ve�culos";1;"Colis�o traseira";"Com V�timas Feridas";"Plena Noite";"Decrescente";"C�u Claro";"Dupla";"Reta";"Sim";1326415;"Autom�vel";"VW/GOL 1.6 POWER/GOL 1.6 POWER";2003;"Passageiro";"Les�es Leves";53;"Feminino";0;1;0;0;-29,81065437;-51,4966857;"SPRF-RS";"DEL04-RS";"UOP02-DEL04-RS"
742868;1663633;2025-12-31;"quarta-feira";"20:04:00";"RS";386;412,5;"MONTENEGRO";"Sim";"Acessar a via sem observar a presen�a dos outros ve�culos";1;"Colis�o traseira";"Com V�timas Feridas";"Plena Noite";"Decrescente";"C�u Claro";"Dupla";"Reta";"Sim";1326415;"Autom�vel";"VW/GOL 1.6 POWER/GOL 1.6 POWER";2003;"Condutor";"Ileso";22;"Masculino";1;0;0;0;-29,81065437;-51,4966857;"SPRF-RS";"DEL04-RS";"UOP02-DEL04-RS"
742869;1663648;2025-12-31;"quarta-feira";"18:14:00";"PR";116;3;"CAMPINA GRANDE DO SUL";"Sim";"Chuva";1;"Sa�da de leito carro��vel";"Com V�timas Feridas";"Plena Noite";"Decrescente";"Chuva";"Dupla";"Curva";"N�o";1326425;"Caminhonete";"MMC/L200 TRITON GLX D/L200 TRITON GLX D";2014;"Condutor";"Les�es Leves";55;"Masculino";0;1;0;0;-25,07336387;-48,5862821;"SPRF-PR";"DEL01-PR";"UOP02-DEL01-PR"
742870;1663644;2025-12-31;"quarta-feira";"19:00:00";"BA";110;369;"CATU";"Sim";"Rea��o tardia ou ineficiente do condutor";2;"Queda de ocupante de ve�culo";"Com V�timas Feridas";"Plena Noite";"Crescente";"C�u Claro";"Simples";"Reta;Aclive";"N�o";1326421;"Motoneta";"HONDA/LEAD 110/LEAD 110";2012;"Passageiro";"Les�es Leves";22;"Feminino";0;1;0;0;-12,36444;-38,388184;"SPRF-BA";"DEL01-BA";"UOP04-DEL01-BA"
742870;1663643;2025-12-31;"quarta-feira";"19:00:00";"BA";110;369;"CATU";"Sim";"Rea��o tardia ou ineficiente do condutor";2;"Queda de ocupante de ve�culo";"Com V�timas Feridas";"Plena Noite";"Crescente";"C�u Claro";"Simples";"Reta;Aclive";"N�o";1326421;"Motoneta";"HONDA/LEAD 110/LEAD 110";2012;"Condutor";"Les�es Leves";31;"Masculino";0;1;0;0;-12,36444;-38,388184;"SPRF-BA";"DEL01-BA";"UOP04-DEL01-BA"
742870;1665333;2025-12-31;"quarta-feira";"19:00:00";"BA";110;369;"CATU";"Sim";"Rea��o tardia ou ineficiente do condutor";2;"Queda de ocupante de ve�culo";"Com V�timas Feridas";"Plena Noite";"Crescente";"C�u Claro";"Simples";"Reta;Aclive";"N�o";1326420;"Autom�vel";"N�o Informado/N�o Informado/N�o Informado";0;"Condutor";"Ileso";NA;"Ignorado";1;0;0;0;-12,36444;-38,388184;"SPRF-BA";"DEL01-BA";"UOP04-DEL01-BA"
742870;1663644;2025-12-31;"quarta-feira";"19:00:00";"BA";110;369;"CATU";"Sim";"Rea��o tardia ou ineficiente do condutor";1;"Colis�o traseira";"Com V�timas Feridas";"Plena Noite";"Crescente";"C�u Claro";"Simples";"Reta;Aclive";"N�o";1326421;"Motoneta";"HONDA/LEAD 110/LEAD 110";2012;"Passageiro";"Les�es Leves";22;"Feminino";0;1;0;0;-12,36444;-38,388184;"SPRF-BA";"DEL01-BA";"UOP04-DEL01-BA"
742870;1663643;2025-12-31;"quarta-feira";"19:00:00";"BA";110;369;"CATU";"Sim";"Rea��o tardia ou ineficiente do condutor";1;"Colis�o traseira";"Com V�timas Feridas";"Plena Noite";"Crescente";"C�u Claro";"Simples";"Reta;Aclive";"N�o";1326421;"Motoneta";"HONDA/LEAD 110/LEAD 110";2012;"Condutor";"Les�es Leves";31;"Masculino";0;1;0;0;-12,36444;-38,388184;"SPRF-BA";"DEL01-BA";"UOP04-DEL01-BA"
742870;1665333;2025-12-31;"quarta-feira";"19:00:00";"BA";110;369;"CATU";"Sim";"Rea��o tardia ou ineficiente do condutor";1;"Colis�o traseira";"Com V�timas Feridas";"Plena Noite";"Crescente";"C�u Claro";"Simples";"Reta;Aclive";"N�o";1326420;"Autom�vel";"N�o Informado/N�o Informado/N�o Informado";0;"Condutor";"Ileso";NA;"Ignorado";1;0;0;0;-12,36444;-38,388184;"SPRF-BA";"DEL01-BA";"UOP04-DEL01-BA"
742871;1665469;2025-12-31;"quarta-feira";"19:00:00";"RJ";101;429;"MANGARATIBA";"Sim";"Transitar na contram�o";2;"Sa�da de leito carro��vel";"Com V�timas Feridas";"Plena Noite";"Crescente";"C�u Claro";"Simples";"Declive;Reta";"N�o";1326423;"Camioneta";"I/KIA CARNIVAL EX 3.5LV6/KIA CARNIVAL EX 3.5LV6";2011;"Passageiro";"Ileso";26;"Masculino";1;0;0;0;-22,93746801;-44,00929928;"SPRF-RJ";"DEL03-RJ";"UOP02-DEL03-RJ"
742871;1665468;2025-12-31;"quarta-feira";"19:00:00";"RJ";101;429;"MANGARATIBA";"Sim";"Transitar na contram�o";2;"Sa�da de leito carro��vel";"Com V�timas Feridas";"Plena Noite";"Crescente";"C�u Claro";"Simples";"Declive;Reta";"N�o";1326423;"Camioneta";"I/KIA CARNIVAL EX 3.5LV6/KIA CARNIVAL EX 3.5LV6";2011;"Passageiro";"Ileso";27;"Feminino";1;0;0;0;-22,93746801;-44,00929928;"SPRF-RJ";"DEL03-RJ";"UOP02-DEL03-RJ"
742871;1665467;2025-12-31;"quarta-feira";"19:00:00";"RJ";101;429;"MANGARATIBA";"Sim";"Transitar na contram�o";2;"Sa�da de leito carro��vel";"Com V�timas Feridas";"Plena Noite";"Crescente";"C�u Claro";"Simples";"Declive;Reta";"N�o";1326423;"Camioneta";"I/KIA CARNIVAL EX 3.5LV6/KIA CARNIVAL EX 3.5LV6";2011;"Passageiro";"Ileso";28;"Masculino";1;0;0;0;-22,93746801;-44,00929928;"SPRF-RJ";"DEL03-RJ";"UOP02-DEL03-RJ"
742871;1665465;2025-12-31;"quarta-feira";"19:00:00";"RJ";101;429;"MANGARATIBA";"Sim";"Transitar na contram�o";2;"Sa�da de leito carro��vel";"Com V�timas Feridas";"Plena Noite";"Crescente";"C�u Claro";"Simples";"Declive;Reta";"N�o";1326423;"Camioneta";"I/KIA CARNIVAL EX 3.5LV6/KIA CARNIVAL EX 3.5LV6";2011;"Passageiro";"Ileso";28;"Feminino";1;0;0;0;-22,93746801;-44,00929928;"SPRF-RJ";"DEL03-RJ";"UOP02-DEL03-RJ"
742871;1665464;2025-12-31;"quarta-feira";"19:00:00";"RJ";101;429;"MANGARATIBA";"Sim";"Transitar na contram�o";2;"Sa�da de leito carro��vel";"Com V�timas Feridas";"Plena Noite";"Crescente";"C�u Claro";"Simples";"Declive;Reta";"N�o";1326423;"Camioneta";"I/KIA CARNIVAL EX 3.5LV6/KIA CARNIVAL EX 3.5LV6";2011;"Passageiro";"Ileso";28;"Masculino";1;0;0;0;-22,93746801;-44,00929928;"SPRF-RJ";"DEL03-RJ";"UOP02-DEL03-RJ"
742871;1665462;2025-12-31;"quarta-feira";"19:00:00";"RJ";101;429;"MANGARATIBA";"Sim";"Transitar na contram�o";2;"Sa�da de leito carro��vel";"Com V�timas Feridas";"Plena Noite";"Crescente";"C�u Claro";"Simples";"Declive;Reta";"N�o";1326423;"Camioneta";"I/KIA CARNIVAL EX 3.5LV6/KIA CARNIVAL EX 3.5LV6";2011;"Passageiro";"Ileso";26;"Masculino";1;0;0;0;-22,93746801;-44,00929928;"SPRF-RJ";"DEL03-RJ";"UOP02-DEL03-RJ"
742871;1665461;2025-12-31;"quarta-feira";"19:00:00";"RJ";101;429;"MANGARATIBA";"Sim";"Transitar na contram�o";2;"Sa�da de leito carro��vel";"Com V�timas Feridas";"Plena Noite";"Crescente";"C�u Claro";"Simples";"Declive;Reta";"N�o";1326423;"Camioneta";"I/KIA CARNIVAL EX 3.5LV6/KIA CARNIVAL EX 3.5LV6";2011;"Passageiro";"Ileso";34;"Masculino";1;0;0;0;-22,93746801;-44,00929928;"SPRF-RJ";"DEL03-RJ";"UOP02-DEL03-RJ"
742871;1663646;2025-12-31;"quarta-feira";"19:00:00";"RJ";101;429;"MANGARATIBA";"Sim";"Transitar na contram�o";2;"Sa�da de leito carro��vel";"Com V�timas Feridas";"Plena Noite";"Crescente";"C�u Claro";"Simples";"Declive;Reta";"N�o";1326423;"Camioneta";"I/KIA CARNIVAL EX 3.5LV6/KIA CARNIVAL EX 3.5LV6";2011;"Condutor";"Les�es Leves";55;"Masculino";0;1;0;0;-22,93746801;-44,00929928;"SPRF-RJ";"DEL03-RJ";"UOP02-DEL03-RJ"
742871;1663647;2025-12-31;"quarta-feira";"19:00:00";"RJ";101;429;"MANGARATIBA";"Sim";"Transitar na contram�o";2;"Sa�da de leito carro��vel";"Com V�timas Feridas";"Plena Noite";"Crescente";"C�u Claro";"Simples";"Declive;Reta";"N�o";1326424;"Autom�vel";"CHEV/SPIN 1.8L MT LT/SPIN 1.8L MT LT";2015;"Condutor";"Les�es Leves";56;"Masculino";0;1;0;0;-22,93746801;-44,00929928;"SPRF-RJ";"DEL03-RJ";"UOP02-DEL03-RJ"
742871;1665469;2025-12-31;"quarta-feira";"19:00:00";"RJ";101;429;"MANGARATIBA";"Sim";"Transitar na contram�o";1;"Colis�o frontal";"Com V�timas Feridas";"Plena Noite";"Crescente";"C�u Claro";"Simples";"Declive;Reta";"N�o";1326423;"Camioneta";"I/KIA CARNIVAL EX 3.5LV6/KIA CARNIVAL EX 3.5LV6";2011;"Passageiro";"Ileso";26;"Masculino";1;0;0;0;-22,93746801;-44,00929928;"SPRF-RJ";"DEL03-RJ";"UOP02-DEL03-RJ"
742871;1665468;2025-12-31;"quarta-feira";"19:00:00";"RJ";101;429;"MANGARATIBA";"Sim";"Transitar na contram�o";1;"Colis�o frontal";"Com V�timas Feridas";"Plena Noite";"Crescente";"C�u Claro";"Simples";"Declive;Reta";"N�o";1326423;"Camioneta";"I/KIA CARNIVAL EX 3.5LV6/KIA CARNIVAL EX 3.5LV6";2011;"Passageiro";"Ileso";27;"Feminino";1;0;0;0;-22,93746801;-44,00929928;"SPRF-RJ";"DEL03-RJ";"UOP02-DEL03-RJ"
742871;1665467;2025-12-31;"quarta-feira";"19:00:00";"RJ";101;429;"MANGARATIBA";"Sim";"Transitar na contram�o";1;"Colis�o frontal";"Com V�timas Feridas";"Plena Noite";"Crescente";"C�u Claro";"Simples";"Declive;Reta";"N�o";1326423;"Camioneta";"I/KIA CARNIVAL EX 3.5LV6/KIA CARNIVAL EX 3.5LV6";2011;"Passageiro";"Ileso";28;"Masculino";1;0;0;0;-22,93746801;-44,00929928;"SPRF-RJ";"DEL03-RJ";"UOP02-DEL03-RJ"
742871;1665465;2025-12-31;"quarta-feira";"19:00:00";"RJ";101;429;"MANGARATIBA";"Sim";"Transitar na contram�o";1;"Colis�o frontal";"Com V�timas Feridas";"Plena Noite";"Crescente";"C�u Claro";"Simples";"Declive;Reta";"N�o";1326423;"Camioneta";"I/KIA CARNIVAL EX 3.5LV6/KIA CARNIVAL EX 3.5LV6";2011;"Passageiro";"Ileso";28;"Feminino";1;0;0;0;-22,93746801;-44,00929928;"SPRF-RJ";"DEL03-RJ";"UOP02-DEL03-RJ"
742871;1665464;2025-12-31;"quarta-feira";"19:00:00";"RJ";101;429;"MANGARATIBA";"Sim";"Transitar na contram�o";1;"Colis�o frontal";"Com V�timas Feridas";"Plena Noite";"Crescente";"C�u Claro";"Simples";"Declive;Reta";"N�o";1326423;"Camioneta";"I/KIA CARNIVAL EX 3.5LV6/KIA CARNIVAL EX 3.5LV6";2011;"Passageiro";"Ileso";28;"Masculino";1;0;0;0;-22,93746801;-44,00929928;"SPRF-RJ";"DEL03-RJ";"UOP02-DEL03-RJ"
742871;1665462;2025-12-31;"quarta-feira";"19:00:00";"RJ";101;429;"MANGARATIBA";"Sim";"Transitar na contram�o";1;"Colis�o frontal";"Com V�timas Feridas";"Plena Noite";"Crescente";"C�u Claro";"Simples";"Declive;Reta";"N�o";1326423;"Camioneta";"I/KIA CARNIVAL EX 3.5LV6/KIA CARNIVAL EX 3.5LV6";2011;"Passageiro";"Ileso";26;"Masculino";1;0;0;0;-22,93746801;-44,00929928;"SPRF-RJ";"DEL03-RJ";"UOP02-DEL03-RJ"
742871;1665461;2025-12-31;"quarta-feira";"19:00:00";"RJ";101;429;"MANGARATIBA";"Sim";"Transitar na contram�o";1;"Colis�o frontal";"Com V�timas Feridas";"Plena Noite";"Crescente";"C�u Claro";"Simples";"Declive;Reta";"N�o";1326423;"Camioneta";"I/KIA CARNIVAL EX 3.5LV6/KIA CARNIVAL EX 3.5LV6";2011;"Passageiro";"Ileso";34;"Masculino";1;0;0;0;-22,93746801;-44,00929928;"SPRF-RJ";"DEL03-RJ";"UOP02-DEL03-RJ"
742871;1663646;2025-12-31;"quarta-feira";"19:00:00";"RJ";101;429;"MANGARATIBA";"Sim";"Transitar na contram�o";1;"Colis�o frontal";"Com V�timas Feridas";"Plena Noite";"Crescente";"C�u Claro";"Simples";"Declive;Reta";"N�o";1326423;"Camioneta";"I/KIA CARNIVAL EX 3.5LV6/KIA CARNIVAL EX 3.5LV6";2011;"Condutor";"Les�es Leves";55;"Masculino";0;1;0;0;-22,93746801;-44,00929928;"SPRF-RJ";"DEL03-RJ";"UOP02-DEL03-RJ"
742871;1663647;2025-12-31;"quarta-feira";"19:00:00";"RJ";101;429;"MANGARATIBA";"Sim";"Transitar na contram�o";1;"Colis�o frontal";"Com V�timas Feridas";"Plena Noite";"Crescente";"C�u Claro";"Simples";"Declive;Reta";"N�o";1326424;"Autom�vel";"CHEV/SPIN 1.8L MT LT/SPIN 1.8L MT LT";2015;"Condutor";"Les�es Leves";56;"Masculino";0;1;0;0;-22,93746801;-44,00929928;"SPRF-RJ";"DEL03-RJ";"UOP02-DEL03-RJ"
742872;1663681;2025-12-31;"quarta-feira";"21:20:00";"RN";110;16,6;"AREIA BRANCA";"Sim";"Animais na Pista";1;"Atropelamento de Animal";"Com V�timas Feridas";"Plena Noite";"Crescente";"Nublado";"Simples";"Reta";"Sim";1326444;"Motocicleta";"MOTTU/SPORT 110I/SPORT 110I";2025;"Condutor";"Les�es Leves";39;"Masculino";0;1;0;0;-5,036298;-37,132845;"SPRF-RN";"DEL04-RN";"UOP01-DEL04-RN"
742873;1663769;2025-12-31;"quarta-feira";"19:45:00";"PI";343;23;"PARNAIBA";"Sim";"Ingest�o de �lcool pelo condutor";2;"Queda de ocupante de ve�culo";"Com V�timas Feridas";"Plena Noite";"Decrescente";"C�u Claro";"Simples";"Aclive;Reta";"Sim";1326518;"Motocicleta";"N�o Informado/N�o Informado/N�o Informado";0;"Condutor";"Les�es Graves";31;"Masculino";0;0;1;0;-3,02395525;-41,77070618;"SPRF-PI";"DEL05-PI";"UOP01-DEL05-PI"
742873;1663769;2025-12-31;"quarta-feira";"19:45:00";"PI";343;23;"PARNAIBA";"Sim";"Ingest�o de �lcool pelo condutor";1;"Tombamento";"Com V�timas Feridas";"Plena Noite";"Decrescente";"C�u Claro";"Simples";"Aclive;Reta";"Sim";1326518;"Motocicleta";"N�o Informado/N�o Informado/N�o Informado";0;"Condutor";"Les�es Graves";31;"Masculino";0;0;1;0;-3,02395525;-41,77070618;"SPRF-PI";"DEL05-PI";"UOP01-DEL05-PI"
742874;1663652;2025-12-31;"quarta-feira";"21:10:00";"SC";101;272,9;"PAULO LOPES";"Sim";"Condutor deixou de manter dist�ncia do ve�culo da frente";1;"Colis�o traseira";"Com V�timas Feridas";"Plena Noite";"Crescente";"C�u Claro";"Dupla";"Reta";"Sim";1326427;"Autom�vel";"GM/CELTA 3 PORTAS/CELTA 3 PORTAS";2002;"Condutor";"Ileso";43;"Masculino";1;0;0;0;-28,0771043;-48,71253;"SPRF-SC";"DEL02-SC";"UOP03-DEL02-SC"
742874;1663653;2025-12-31;"quarta-feira";"21:10:00";"SC";101;272,9;"PAULO LOPES";"Sim";"Condutor deixou de manter dist�ncia do ve�culo da frente";1;"Colis�o traseira";"Com V�timas Feridas";"Plena Noite";"Crescente";"C�u Claro";"Dupla";"Reta";"Sim";1326426;"Motocicleta";"HONDA/CG 160 START/CG 160 START";2025;"Condutor";"Les�es Graves";17;"Masculino";0;0;1;0;-28,0771043;-48,71253;"SPRF-SC";"DEL02-SC";"UOP03-DEL02-SC"
742875;1663757;2025-12-31;"quarta-feira";"21:00:00";"GO";60;32,8;"ALEXANIA";"Sim";"Entrada inopinada do pedestre";1;"Atropelamento de Pedestre";"Com V�timas Feridas";"Plena Noite";"Crescente";"Nublado";"Dupla";"Reta;Declive";"Sim";1326510;"Caminhonete";"FIAT/STRADA ENDURAN CS13/STRADA ENDURAN CS13";2024;"Condutor";"Ileso";58;"Masculino";1;0;0;0;-16,095563;-48,519348;"SPRF-DF";"DEL03-DF";"UOP01-DEL03-DF"
742875;1663759;2025-12-31;"quarta-feira";"21:00:00";"GO";60;32,8;"ALEXANIA";"Sim";"Entrada inopinada do pedestre";1;"Atropelamento de Pedestre";"Com V�timas Feridas";"Plena Noite";"Crescente";"Nublado";"Dupla";"Reta;Declive";"Sim";1326510;"Caminhonete";"FIAT/STRADA ENDURAN CS13/STRADA ENDURAN CS13";2024;"Passageiro";"Ileso";53;"Feminino";1;0;0;0;-16,095563;-48,519348;"SPRF-DF";"DEL03-DF";"UOP01-DEL03-DF"
742875;1663760;2025-12-31;"quarta-feira";"21:00:00";"GO";60;32,8;"ALEXANIA";"Sim";"Entrada inopinada do pedestre";1;"Atropelamento de Pedestre";"Com V�timas Feridas";"Plena Noite";"Crescente";"Nublado";"Dupla";"Reta;Declive";"Sim";NA;NA;"NA/NA/NA";NA;"Pedestre";"Les�es Leves";45;"Masculino";0;1;0;0;-16,095563;-48,519348;"SPRF-DF";"DEL03-DF";"UOP01-DEL03-DF"
742876;1663669;2025-12-31;"quarta-feira";"18:00:00";"MS";158;135;"APARECIDA DO TABOADO";"N�o";"Condutor usando celular";1;"Colis�o lateral sentido oposto";"Com V�timas Feridas";"Pleno dia";"Decrescente";"Chuva";"Simples";"Declive;Reta";"N�o";1326435;"�nibus";"M.BENZ/BUSSCAR VBUSS DD/BUSSCAR VBUSS DD";2024;"Condutor";"Ileso";39;"Masculino";1;0;0;0;-19,984454;-51,113275;"SPRF-MS";"DEL08-MS";"UOP01-DEL08-MS"
742876;1663667;2025-12-31;"quarta-feira";"18:00:00";"MS";158;135;"APARECIDA DO TABOADO";"N�o";"Condutor usando celular";1;"Colis�o lateral sentido oposto";"Com V�timas Feridas";"Pleno dia";"Decrescente";"Chuva";"Simples";"Declive;Reta";"N�o";1326433;"Autom�vel";"VW/VOYAGE 1.0/VOYAGE 1.0";2011;"Condutor";"Les�es Leves";37;"Masculino";0;1;0;0;-19,984454;-51,113275;"SPRF-MS";"DEL08-MS";"UOP01-DEL08-MS"
742876;1663669;2025-12-31;"quarta-feira";"18:00:00";"MS";158;135;"APARECIDA DO TABOADO";"N�o";"Acumulo de �gua sobre o pavimento";1;"Colis�o lateral sentido oposto";"Com V�timas Feridas";"Pleno dia";"Decrescente";"Chuva";"Simples";"Declive;Reta";"N�o";1326435;"�nibus";"M.BENZ/BUSSCAR VBUSS DD/BUSSCAR VBUSS DD";2024;"Condutor";"Ileso";39;"Masculino";1;0;0;0;-19,984454;-51,113275;"SPRF-MS";"DEL08-MS";"UOP01-DEL08-MS"
742876;1663667;2025-12-31;"quarta-feira";"18:00:00";"MS";158;135;"APARECIDA DO TABOADO";"N�o";"Acumulo de �gua sobre o pavimento";1;"Colis�o lateral sentido oposto";"Com V�timas Feridas";"Pleno dia";"Decrescente";"Chuva";"Simples";"Declive;Reta";"N�o";1326433;"Autom�vel";"VW/VOYAGE 1.0/VOYAGE 1.0";2011;"Condutor";"Les�es Leves";37;"Masculino";0;1;0;0;-19,984454;-51,113275;"SPRF-MS";"DEL08-MS";"UOP01-DEL08-MS"
742876;1663669;2025-12-31;"quarta-feira";"18:00:00";"MS";158;135;"APARECIDA DO TABOADO";"Sim";"Chuva";1;"Colis�o lateral sentido oposto";"Com V�timas Feridas";"Pleno dia";"Decrescente";"Chuva";"Simples";"Declive;Reta";"N�o";1326435;"�nibus";"M.BENZ/BUSSCAR VBUSS DD/BUSSCAR VBUSS DD";2024;"Condutor";"Ileso";39;"Masculino";1;0;0;0;-19,984454;-51,113275;"SPRF-MS";"DEL08-MS";"UOP01-DEL08-MS"
742876;1663667;2025-12-31;"quarta-feira";"18:00:00";"MS";158;135;"APARECIDA DO TABOADO";"Sim";"Chuva";1;"Colis�o lateral sentido oposto";"Com V�timas Feridas";"Pleno dia";"Decrescente";"Chuva";"Simples";"Declive;Reta";"N�o";1326433;"Autom�vel";"VW/VOYAGE 1.0/VOYAGE 1.0";2011;"Condutor";"Les�es Leves";37;"Masculino";0;1;0;0;-19,984454;-51,113275;"SPRF-MS";"DEL08-MS";"UOP01-DEL08-MS"
742877;1663663;2025-12-31;"quarta-feira";"20:55:00";"PR";277;687;"SAO MIGUEL DO IGUACU";"Sim";"Mal s�bito do condutor";1;"Colis�o com objeto";"Com V�timas Feridas";"Plena Noite";"Decrescente";"C�u Claro";"Dupla";"Reta;Aclive";"N�o";1326437;"Autom�vel";"IMP/TOYOTA CORONA GLI/TOYOTA CORONA GLI";2001;"Condutor";"Les�es Leves";37;"Masculino";0;1;0;0;-25,32797154;-54,17618475;"SPRF-PR";"DEL05-PR";"UOP01-DEL05-PR"
742877;1663665;2025-12-31;"quarta-feira";"20:55:00";"PR";277;687;"SAO MIGUEL DO IGUACU";"Sim";"Mal s�bito do condutor";1;"Colis�o com objeto";"Com V�timas Feridas";"Plena Noite";"Decrescente";"C�u Claro";"Dupla";"Reta;Aclive";"N�o";1326437;"Autom�vel";"IMP/TOYOTA CORONA GLI/TOYOTA CORONA GLI";2001;"Passageiro";"Les�es Leves";27;"Feminino";0;1;0;0;-25,32797154;-54,17618475;"SPRF-PR";"DEL05-PR";"UOP01-DEL05-PR"
742878;1663780;2025-12-31;"quarta-feira";"22:00:00";"RS";285;417,3;"PANAMBI";"Sim";"Objeto est�tico sobre o leito carro��vel";3;"Colis�o com objeto";"Sem V�timas";"Plena Noite";"Decrescente";"Nublado";"Simples";"Reta";"N�o";1326526;"Camioneta";"RENAULT/DUSTER DYN16 SCE/DUSTER DYN16 SCE";2018;"Condutor";"Ileso";45;"Feminino";1;0;0;0;-28,35168049;-53,48905294;"SPRF-RS";"DEL10-RS";"UOP01-DEL10-RS"
742878;1663807;2025-12-31;"quarta-feira";"22:00:00";"RS";285;417,3;"PANAMBI";"Sim";"Objeto est�tico sobre o leito carro��vel";3;"Colis�o com objeto";"Sem V�timas";"Plena Noite";"Decrescente";"Nublado";"Simples";"Reta";"N�o";1326544;"Autom�vel";"GM/ASTRA HB 4P COMFORT/ASTRA HB 4P COMFORT";2004;"Passageiro";"Ileso";63;"Feminino";1;0;0;0;-28,35168049;-53,48905294;"SPRF-RS";"DEL10-RS";"UOP01-DEL10-RS"