"id";"pesid";"data_inversa";"dia_semana";"horario";"uf";"br";"km";"municipio";"causa_principal";"causa_acidente";"ordem_tipo_acidente";"tipo_acidente";"classificacao_acidente";"fase_dia";"sentido_via";"condicao_metereologica";"tipo_pista";"tracado_via";"uso_solo";"id_veiculo";"tipo_veiculo";"marca";"ano_fabricacao_veiculo";"tipo_envolvido";"estado_fisico";"idade";"sexo";"ilesos";"feridos_leves";"feridos_graves";"mortos";"latitude";"longitude";"regional";"delegacia";"uop"
742878;1663806;2025-12-31;"quarta-feira";"22:00:00";"RS";285;417,3;"PANAMBI";"Sim";"Objeto est�tico sobre o leito carro��vel";3;"Colis�o com objeto";"Sem V�timas";"Plena Noite";"Decrescente";"Nublado";"Simples";"Reta";"N�o";1326544;"Autom�vel";"GM/ASTRA HB 4P COMFORT/ASTRA HB 4P COMFORT";2004;"Condutor";"Ileso";73;"Masculino";1;0;0;0;-28,35168049;-53,48905294;"SPRF-RS";"DEL10-RS";"UOP01-DEL10-RS"
742878;1663810;2025-12-31;"quarta-feira";"22:00:00";"RS";285;417,3;"PANAMBI";"Sim";"Objeto est�tico sobre o leito carro��vel";3;"Colis�o com objeto";"Sem V�timas";"Plena Noite";"Decrescente";"Nublado";"Simples";"Reta";"N�o";NA;NA;"NA/NA/NA";NA;"Testemunha";"N�o Informado";NA;"N�o Informado";0;0;0;0;-28,35168049;-53,48905294;"SPRF-RS";"DEL10-RS";"UOP01-DEL10-RS"
742878;1663780;2025-12-31;"quarta-feira";"22:00:00";"RS";285;417,3;"PANAMBI";"Sim";"Objeto est�tico sobre o leito carro��vel";2;"Colis�o traseira";"Sem V�timas";"Plena Noite";"Decrescente";"Nublado";"Simples";"Reta";"N�o";1326526;"Camioneta";"RENAULT/DUSTER DYN16 SCE/DUSTER DYN16 SCE";2018;"Condutor";"Ileso";45;"Feminino";1;0;0;0;-28,35168049;-53,48905294;"SPRF-RS";"DEL10-RS";"UOP01-DEL10-RS"
742878;1663807;2025-12-31;"quarta-feira";"22:00:00";"RS";285;417,3;"PANAMBI";"Sim";"Objeto est�tico sobre o leito carro��vel";2;"Colis�o traseira";"Sem V�timas";"Plena Noite";"Decrescente";"Nublado";"Simples";"Reta";"N�o";1326544;"Autom�vel";"GM/ASTRA HB 4P COMFORT/ASTRA HB 4P COMFORT";2004;"Passageiro";"Ileso";63;"Feminino";1;0;0;0;-28,35168049;-53,48905294;"SPRF-RS";"DEL10-RS";"UOP01-DEL10-RS"
742878;1663806;2025-12-31;"quarta-feira";"22:00:00";"RS";285;417,3;"PANAMBI";"Sim";"Objeto est�tico sobre o leito carro��vel";2;"Colis�o traseira";"Sem V�timas";"Plena Noite";"Decrescente";"Nublado";"Simples";"Reta";"N�o";1326544;"Autom�vel";"GM/ASTRA HB 4P COMFORT/ASTRA HB 4P COMFORT";2004;"Condutor";"Ileso";73;"Masculino";1;0;0;0;-28,35168049;-53,48905294;"SPRF-RS";"DEL10-RS";"UOP01-DEL10-RS"
742878;1663810;2025-12-31;"quarta-feira";"22:00:00";"RS";285;417,3;"PANAMBI";"Sim";"Objeto est�tico sobre o leito carro��vel";2;"Colis�o traseira";"Sem V�timas";"Plena Noite";"Decrescente";"Nublado";"Simples";"Reta";"N�o";NA;NA;"NA/NA/NA";NA;"Testemunha";"N�o Informado";NA;"N�o Informado";0;0;0;0;-28,35168049;-53,48905294;"SPRF-RS";"DEL10-RS";"UOP01-DEL10-RS"
742878;1663780;2025-12-31;"quarta-feira";"22:00:00";"RS";285;417,3;"PANAMBI";"Sim";"Objeto est�tico sobre o leito carro��vel";1;"Colis�o com objeto";"Sem V�timas";"Plena Noite";"Decrescente";"Nublado";"Simples";"Reta";"N�o";1326526;"Camioneta";"RENAULT/DUSTER DYN16 SCE/DUSTER DYN16 SCE";2018;"Condutor";"Ileso";45;"Feminino";1;0;0;0;-28,35168049;-53,48905294;"SPRF-RS";"DEL10-RS";"UOP01-DEL10-RS"
742878;1663807;2025-12-31;"quarta-feira";"22:00:00";"RS";285;417,3;"PANAMBI";"Sim";"Objeto est�tico sobre o leito carro��vel";1;"Colis�o com objeto";"Sem V�timas";"Plena Noite";"Decrescente";"Nublado";"Simples";"Reta";"N�o";1326544;"Autom�vel";"GM/ASTRA HB 4P COMFORT/ASTRA HB 4P COMFORT";2004;"Passageiro";"Ileso";63;"Feminino";1;0;0;0;-28,35168049;-53,48905294;"SPRF-RS";"DEL10-RS";"UOP01-DEL10-RS"
742878;1663806;2025-12-31;"quarta-feira";"22:00:00";"RS";285;417,3;"PANAMBI";"Sim";"Objeto est�tico sobre o leito carro��vel";1;"Colis�o com objeto";"Sem V�timas";"Plena Noite";"Decrescente";"Nublado";"Simples";"Reta";"N�o";1326544;"Autom�vel";"GM/ASTRA HB 4P COMFORT/ASTRA HB 4P COMFORT";2004;"Condutor";"Ileso";73;"Masculino";1;0;0;0;-28,35168049;-53,48905294;"SPRF-RS";"DEL10-RS";"UOP01-DEL10-RS"
742878;1663810;2025-12-31;"quarta-feira";"22:00:00";"RS";285;417,3;"PANAMBI";"Sim";"Objeto est�tico sobre o leito carro��vel";1;"Colis�o com objeto";"Sem V�timas";"Plena Noite";"Decrescente";"Nublado";"Simples";"Reta";"N�o";NA;NA;"NA/NA/NA";NA;"Testemunha";"N�o Informado";NA;"N�o Informado";0;0;0;0;-28,35168049;-53,48905294;"SPRF-RS";"DEL10-RS";"UOP01-DEL10-RS"
742879;1663778;2025-12-31;"quarta-feira";"20:30:00";"RS";290;271,6;"CACHOEIRA DO SUL";"Sim";"Animais na Pista";1;"Capotamento";"Com V�timas Feridas";"Plena Noite";"Crescente";"C�u Claro";"Simples";"Reta";"N�o";1326525;"Utilit�rio";"MMC/ASX 2.0 CVT/ASX 2.0 CVT";2015;"Condutor";"Les�es Leves";29;"Masculino";0;1;0;0;-30,27473574;-52,94532236;"SPRF-RS";"DEL02-RS";"UOP03-DEL02-RS"
742879;1663779;2025-12-31;"quarta-feira";"20:30:00";"RS";290;271,6;"CACHOEIRA DO SUL";"Sim";"Animais na Pista";1;"Capotamento";"Com V�timas Feridas";"Plena Noite";"Crescente";"C�u Claro";"Simples";"Reta";"N�o";1326525;"Utilit�rio";"MMC/ASX 2.0 CVT/ASX 2.0 CVT";2015;"Passageiro";"Les�es Leves";30;"Feminino";0;1;0;0;-30,27473574;-52,94532236;"SPRF-RS";"DEL02-RS";"UOP03-DEL02-RS"
742879;1663778;2025-12-31;"quarta-feira";"20:30:00";"RS";290;271,6;"CACHOEIRA DO SUL";"Sim";"Animais na Pista";2;"Sa�da de leito carro��vel";"Com V�timas Feridas";"Plena Noite";"Crescente";"C�u Claro";"Simples";"Reta";"N�o";1326525;"Utilit�rio";"MMC/ASX 2.0 CVT/ASX 2.0 CVT";2015;"Condutor";"Les�es Leves";29;"Masculino";0;1;0;0;-30,27473574;-52,94532236;"SPRF-RS";"DEL02-RS";"UOP03-DEL02-RS"
742879;1663779;2025-12-31;"quarta-feira";"20:30:00";"RS";290;271,6;"CACHOEIRA DO SUL";"Sim";"Animais na Pista";2;"Sa�da de leito carro��vel";"Com V�timas Feridas";"Plena Noite";"Crescente";"C�u Claro";"Simples";"Reta";"N�o";1326525;"Utilit�rio";"MMC/ASX 2.0 CVT/ASX 2.0 CVT";2015;"Passageiro";"Les�es Leves";30;"Feminino";0;1;0;0;-30,27473574;-52,94532236;"SPRF-RS";"DEL02-RS";"UOP03-DEL02-RS"
742880;1663682;2025-12-31;"quarta-feira";"20:45:00";"SC";101;207,5;"SAO JOSE";"Sim";"Aus�ncia de rea��o do condutor";1;"Sa�da de leito carro��vel";"Sem V�timas";"Plena Noite";"Crescente";"Nublado";"Dupla";"Declive";"Sim";1326445;"Caminh�o-trator";"DAF/XF FTS 480/XF FTS 480";2022;"Condutor";"Ileso";34;"Masculino";1;0;0;0;-27,6021;-48,630465;"SPRF-SC";"DEL01-SC";"UOP01-DEL01-SC"
742881;1667237;2025-12-31;"quarta-feira";"22:00:00";"MA";316;242,1;"BOM JARDIM";"Sim";"Ingest�o de �lcool pelo condutor";2;"Queda de ocupante de ve�culo";"Com V�timas Feridas";"Plena Noite";"Crescente";"C�u Claro";"Simples";"Reta";"N�o";1326446;"Motocicleta";"N�o Informado/N�o Informado/N�o Informado";0;"Passageiro";"Les�es Graves";45;"Feminino";0;0;1;0;-3,608232;-45,530578;"SPRF-MA";"DEL02-MA";"UOP01-DEL02-MA"
742881;1663684;2025-12-31;"quarta-feira";"22:00:00";"MA";316;242,1;"BOM JARDIM";"Sim";"Ingest�o de �lcool pelo condutor";2;"Queda de ocupante de ve�culo";"Com V�timas Feridas";"Plena Noite";"Crescente";"C�u Claro";"Simples";"Reta";"N�o";1326446;"Motocicleta";"N�o Informado/N�o Informado/N�o Informado";0;"Condutor";"Les�es Graves";23;"Masculino";0;0;1;0;-3,608232;-45,530578;"SPRF-MA";"DEL02-MA";"UOP01-DEL02-MA"
742881;1665558;2025-12-31;"quarta-feira";"22:00:00";"MA";316;242,1;"BOM JARDIM";"Sim";"Ingest�o de �lcool pelo condutor";2;"Queda de ocupante de ve�culo";"Com V�timas Feridas";"Plena Noite";"Crescente";"C�u Claro";"Simples";"Reta";"N�o";1326447;"Outros";"N�o Informado/N�o Informado/N�o Informado";0;"Condutor";"N�o Informado";NA;"N�o Informado";0;0;0;0;-3,608232;-45,530578;"SPRF-MA";"DEL02-MA";"UOP01-DEL02-MA"
742881;1667237;2025-12-31;"quarta-feira";"22:00:00";"MA";316;242,1;"BOM JARDIM";"Sim";"Ingest�o de �lcool pelo condutor";1;"Colis�o frontal";"Com V�timas Feridas";"Plena Noite";"Crescente";"C�u Claro";"Simples";"Reta";"N�o";1326446;"Motocicleta";"N�o Informado/N�o Informado/N�o Informado";0;"Passageiro";"Les�es Graves";45;"Feminino";0;0;1;0;-3,608232;-45,530578;"SPRF-MA";"DEL02-MA";"UOP01-DEL02-MA"
742881;1663684;2025-12-31;"quarta-feira";"22:00:00";"MA";316;242,1;"BOM JARDIM";"Sim";"Ingest�o de �lcool pelo condutor";1;"Colis�o frontal";"Com V�timas Feridas";"Plena Noite";"Crescente";"C�u Claro";"Simples";"Reta";"N�o";1326446;"Motocicleta";"N�o Informado/N�o Informado/N�o Informado";0;"Condutor";"Les�es Graves";23;"Masculino";0;0;1;0;-3,608232;-45,530578;"SPRF-MA";"DEL02-MA";"UOP01-DEL02-MA"
742881;1665558;2025-12-31;"quarta-feira";"22:00:00";"MA";316;242,1;"BOM JARDIM";"Sim";"Ingest�o de �lcool pelo condutor";1;"Colis�o frontal";"Com V�timas Feridas";"Plena Noite";"Crescente";"C�u Claro";"Simples";"Reta";"N�o";1326447;"Outros";"N�o Informado/N�o Informado/N�o Informado";0;"Condutor";"N�o Informado";NA;"N�o Informado";0;0;0;0;-3,608232;-45,530578;"SPRF-MA";"DEL02-MA";"UOP01-DEL02-MA"
742883;1663688;2025-12-31;"quarta-feira";"23:30:00";"RS";290;84;"CACHOEIRINHA";"Sim";"Rea��o tardia ou ineficiente do condutor";1;"Colis�o com objeto";"Sem V�timas";"Plena Noite";"Crescente";"C�u Claro";"Dupla";"Reta";"N�o";1326450;"Autom�vel";"RENAULT/SCENIC EXP 1616V/SCENIC EXP 1616V";2004;"Passageiro";"Ileso";41;"Masculino";1;0;0;0;-29,96448654;-51,09877333;"SPRF-RS";"DEL01-RS";"UOP01-DEL01-RS"
742883;1663687;2025-12-31;"quarta-feira";"23:30:00";"RS";290;84;"CACHOEIRINHA";"Sim";"Rea��o tardia ou ineficiente do condutor";1;"Colis�o com objeto";"Sem V�timas";"Plena Noite";"Crescente";"C�u Claro";"Dupla";"Reta";"N�o";1326450;"Autom�vel";"RENAULT/SCENIC EXP 1616V/SCENIC EXP 1616V";2004;"Condutor";"N�o Informado";NA;"N�o Informado";0;0;0;0;-29,96448654;-51,09877333;"SPRF-RS";"DEL01-RS";"UOP01-DEL01-RS"
742887;1663718;2025-12-31;"quarta-feira";"22:25:00";"PE";101;66,6;"RECIFE";"Sim";"Acessar a via sem observar a presen�a dos outros ve�culos";3;"Colis�o transversal";"Com V�timas Feridas";"Plena Noite";"Crescente";"C�u Claro";"Dupla";"Interse��o de Vias;Reta";"Sim";1326471;"Motocicleta";"HONDA/CBX 250 TWISTER/CBX 250 TWISTER";2003;"Condutor";"Les�es Leves";19;"Masculino";0;1;0;0;-8,03806;-34,94182;"SPRF-PE";"DEL01-PE";"UOP01-DEL01-PE"
742887;1663717;2025-12-31;"quarta-feira";"22:25:00";"PE";101;66,6;"RECIFE";"Sim";"Acessar a via sem observar a presen�a dos outros ve�culos";3;"Colis�o transversal";"Com V�timas Feridas";"Plena Noite";"Crescente";"C�u Claro";"Dupla";"Interse��o de Vias;Reta";"Sim";1326470;"Camioneta";"RENAULT/DUSTER INT 16/DUSTER INT 16";2023;"Passageiro";"Ileso";NA;"Masculino";1;0;0;0;-8,03806;-34,94182;"SPRF-PE";"DEL01-PE";"UOP01-DEL01-PE"
742887;1663716;2025-12-31;"quarta-feira";"22:25:00";"PE";101;66,6;"RECIFE";"Sim";"Acessar a via sem observar a presen�a dos outros ve�culos";3;"Colis�o transversal";"Com V�timas Feridas";"Plena Noite";"Crescente";"C�u Claro";"Dupla";"Interse��o de Vias;Reta";"Sim";1326470;"Camioneta";"RENAULT/DUSTER INT 16/DUSTER INT 16";2023;"Passageiro";"Ileso";NA;"Masculino";1;0;0;0;-8,03806;-34,94182;"SPRF-PE";"DEL01-PE";"UOP01-DEL01-PE"
742887;1663715;2025-12-31;"quarta-feira";"22:25:00";"PE";101;66,6;"RECIFE";"Sim";"Acessar a via sem observar a presen�a dos outros ve�culos";3;"Colis�o transversal";"Com V�timas Feridas";"Plena Noite";"Crescente";"C�u Claro";"Dupla";"Interse��o de Vias;Reta";"Sim";1326470;"Camioneta";"RENAULT/DUSTER INT 16/DUSTER INT 16";2023;"Condutor";"Ileso";23;"Masculino";1;0;0;0;-8,03806;-34,94182;"SPRF-PE";"DEL01-PE";"UOP01-DEL01-PE"
742887;1663713;2025-12-31;"quarta-feira";"22:25:00";"PE";101;66,6;"RECIFE";"Sim";"Acessar a via sem observar a presen�a dos outros ve�culos";3;"Colis�o transversal";"Com V�timas Feridas";"Plena Noite";"Crescente";"C�u Claro";"Dupla";"Interse��o de Vias;Reta";"Sim";1326469;"Utilit�rio";"I/MMC ASX 2.0/MMC ASX 2.0";2012;"Passageiro";"Ileso";65;"Masculino";1;0;0;0;-8,03806;-34,94182;"SPRF-PE";"DEL01-PE";"UOP01-DEL01-PE"
742887;1663712;2025-12-31;"quarta-feira";"22:25:00";"PE";101;66,6;"RECIFE";"Sim";"Acessar a via sem observar a presen�a dos outros ve�culos";3;"Colis�o transversal";"Com V�timas Feridas";"Plena Noite";"Crescente";"C�u Claro";"Dupla";"Interse��o de Vias;Reta";"Sim";1326469;"Utilit�rio";"I/MMC ASX 2.0/MMC ASX 2.0";2012;"Condutor";"Ileso";30;"Masculino";1;0;0;0;-8,03806;-34,94182;"SPRF-PE";"DEL01-PE";"UOP01-DEL01-PE"
742887;1663718;2025-12-31;"quarta-feira";"22:25:00";"PE";101;66,6;"RECIFE";"Sim";"Acessar a via sem observar a presen�a dos outros ve�culos";2;"Queda de ocupante de ve�culo";"Com V�timas Feridas";"Plena Noite";"Crescente";"C�u Claro";"Dupla";"Interse��o de Vias;Reta";"Sim";1326471;"Motocicleta";"HONDA/CBX 250 TWISTER/CBX 250 TWISTER";2003;"Condutor";"Les�es Leves";19;"Masculino";0;1;0;0;-8,03806;-34,94182;"SPRF-PE";"DEL01-PE";"UOP01-DEL01-PE"
742887;1663717;2025-12-31;"quarta-feira";"22:25:00";"PE";101;66,6;"RECIFE";"Sim";"Acessar a via sem observar a presen�a dos outros ve�culos";2;"Queda de ocupante de ve�culo";"Com V�timas Feridas";"Plena Noite";"Crescente";"C�u Claro";"Dupla";"Interse��o de Vias;Reta";"Sim";1326470;"Camioneta";"RENAULT/DUSTER INT 16/DUSTER INT 16";2023;"Passageiro";"Ileso";NA;"Masculino";1;0;0;0;-8,03806;-34,94182;"SPRF-PE";"DEL01-PE";"UOP01-DEL01-PE"
742887;1663716;2025-12-31;"quarta-feira";"22:25:00";"PE";101;66,6;"RECIFE";"Sim";"Acessar a via sem observar a presen�a dos outros ve�culos";2;"Queda de ocupante de ve�culo";"Com V�timas Feridas";"Plena Noite";"Crescente";"C�u Claro";"Dupla";"Interse��o de Vias;Reta";"Sim";1326470;"Camioneta";"RENAULT/DUSTER INT 16/DUSTER INT 16";2023;"Passageiro";"Ileso";NA;"Masculino";1;0;0;0;-8,03806;-34,94182;"SPRF-PE";"DEL01-PE";"UOP01-DEL01-PE"
742887;1663715;2025-12-31;"quarta-feira";"22:25:00";"PE";101;66,6;"RECIFE";"Sim";"Acessar a via sem observar a presen�a dos outros ve�culos";2;"Queda de ocupante de ve�culo";"Com V�timas Feridas";"Plena Noite";"Crescente";"C�u Claro";"Dupla";"Interse��o de Vias;Reta";"Sim";1326470;"Camioneta";"RENAULT/DUSTER INT 16/DUSTER INT 16";2023;"Condutor";"Ileso";23;"Masculino";1;0;0;0;-8,03806;-34,94182;"SPRF-PE";"DEL01-PE";"UOP01-DEL01-PE"
742887;1663713;2025-12-31;"quarta-feira";"22:25:00";"PE";101;66,6;"RECIFE";"Sim";"Acessar a via sem observar a presen�a dos outros ve�culos";2;"Queda de ocupante de ve�culo";"Com V�timas Feridas";"Plena Noite";"Crescente";"C�u Claro";"Dupla";"Interse��o de Vias;Reta";"Sim";1326469;"Utilit�rio";"I/MMC ASX 2.0/MMC ASX 2.0";2012;"Passageiro";"Ileso";65;"Masculino";1;0;0;0;-8,03806;-34,94182;"SPRF-PE";"DEL01-PE";"UOP01-DEL01-PE"
742887;1663712;2025-12-31;"quarta-feira";"22:25:00";"PE";101;66,6;"RECIFE";"Sim";"Acessar a via sem observar a presen�a dos outros ve�culos";2;"Queda de ocupante de ve�culo";"Com V�timas Feridas";"Plena Noite";"Crescente";"C�u Claro";"Dupla";"Interse��o de Vias;Reta";"Sim";1326469;"Utilit�rio";"I/MMC ASX 2.0/MMC ASX 2.0";2012;"Condutor";"Ileso";30;"Masculino";1;0;0;0;-8,03806;-34,94182;"SPRF-PE";"DEL01-PE";"UOP01-DEL01-PE"
742887;1663718;2025-12-31;"quarta-feira";"22:25:00";"PE";101;66,6;"RECIFE";"Sim";"Acessar a via sem observar a presen�a dos outros ve�culos";1;"Colis�o transversal";"Com V�timas Feridas";"Plena Noite";"Crescente";"C�u Claro";"Dupla";"Interse��o de Vias;Reta";"Sim";1326471;"Motocicleta";"HONDA/CBX 250 TWISTER/CBX 250 TWISTER";2003;"Condutor";"Les�es Leves";19;"Masculino";0;1;0;0;-8,03806;-34,94182;"SPRF-PE";"DEL01-PE";"UOP01-DEL01-PE"
742887;1663717;2025-12-31;"quarta-feira";"22:25:00";"PE";101;66,6;"RECIFE";"Sim";"Acessar a via sem observar a presen�a dos outros ve�culos";1;"Colis�o transversal";"Com V�timas Feridas";"Plena Noite";"Crescente";"C�u Claro";"Dupla";"Interse��o de Vias;Reta";"Sim";1326470;"Camioneta";"RENAULT/DUSTER INT 16/DUSTER INT 16";2023;"Passageiro";"Ileso";NA;"Masculino";1;0;0;0;-8,03806;-34,94182;"SPRF-PE";"DEL01-PE";"UOP01-DEL01-PE"
742887;1663716;2025-12-31;"quarta-feira";"22:25:00";"PE";101;66,6;"RECIFE";"Sim";"Acessar a via sem observar a presen�a dos outros ve�culos";1;"Colis�o transversal";"Com V�timas Feridas";"Plena Noite";"Crescente";"C�u Claro";"Dupla";"Interse��o de Vias;Reta";"Sim";1326470;"Camioneta";"RENAULT/DUSTER INT 16/DUSTER INT 16";2023;"Passageiro";"Ileso";NA;"Masculino";1;0;0;0;-8,03806;-34,94182;"SPRF-PE";"DEL01-PE";"UOP01-DEL01-PE"
742887;1663715;2025-12-31;"quarta-feira";"22:25:00";"PE";101;66,6;"RECIFE";"Sim";"Acessar a via sem observar a presen�a dos outros ve�culos";1;"Colis�o transversal";"Com V�timas Feridas";"Plena Noite";"Crescente";"C�u Claro";"Dupla";"Interse��o de Vias;Reta";"Sim";1326470;"Camioneta";"RENAULT/DUSTER INT 16/DUSTER INT 16";2023;"Condutor";"Ileso";23;"Masculino";1;0;0;0;-8,03806;-34,94182;"SPRF-PE";"DEL01-PE";"UOP01-DEL01-PE"
742887;1663713;2025-12-31;"quarta-feira";"22:25:00";"PE";101;66,6;"RECIFE";"Sim";"Acessar a via sem observar a presen�a dos outros ve�culos";1;"Colis�o transversal";"Com V�timas Feridas";"Plena Noite";"Crescente";"C�u Claro";"Dupla";"Interse��o de Vias;Reta";"Sim";1326469;"Utilit�rio";"I/MMC ASX 2.0/MMC ASX 2.0";2012;"Passageiro";"Ileso";65;"Masculino";1;0;0;0;-8,03806;-34,94182;"SPRF-PE";"DEL01-PE";"UOP01-DEL01-PE"
742887;1663712;2025-12-31;"quarta-feira";"22:25:00";"PE";101;66,6;"RECIFE";"Sim";"Acessar a via sem observar a presen�a dos outros ve�culos";1;"Colis�o transversal";"Com V�timas Feridas";"Plena Noite";"Crescente";"C�u Claro";"Dupla";"Interse��o de Vias;Reta";"Sim";1326469;"Utilit�rio";"I/MMC ASX 2.0/MMC ASX 2.0";2012;"Condutor";"Ileso";30;"Masculino";1;0;0;0;-8,03806;-34,94182;"SPRF-PE";"DEL01-PE";"UOP01-DEL01-PE"
742895;1665507;2025-12-31;"quarta-feira";"20:10:00";"SC";101;273;"IMBITUBA";"N�o";"Transitar na contram�o";1;"Colis�o lateral sentido oposto";"Sem V�timas";"Plena Noite";"Crescente";"C�u Claro";"Simples";"Rotat�ria;Curva";"N�o";1326465;"Autom�vel";"I/FIAT CRONOS DRIVE 1.3/FIAT CRONOS DRIVE 1.3";2022;"Passageiro";"Ileso";24;"Masculino";1;0;0;0;-28,12895879;-48,69285313;"SPRF-SC";"DEL02-SC";"UOP03-DEL02-SC"
742895;1665506;2025-12-31;"quarta-feira";"20:10:00";"SC";101;273;"IMBITUBA";"N�o";"Transitar na contram�o";1;"Colis�o lateral sentido oposto";"Sem V�timas";"Plena Noite";"Crescente";"C�u Claro";"Simples";"Rotat�ria;Curva";"N�o";1326465;"Autom�vel";"I/FIAT CRONOS DRIVE 1.3/FIAT CRONOS DRIVE 1.3";2022;"Passageiro";"Ileso";23;"Masculino";1;0;0;0;-28,12895879;-48,69285313;"SPRF-SC";"DEL02-SC";"UOP03-DEL02-SC"
742895;1665504;2025-12-31;"quarta-feira";"20:10:00";"SC";101;273;"IMBITUBA";"N�o";"Transitar na contram�o";1;"Colis�o lateral sentido oposto";"Sem V�timas";"Plena Noite";"Crescente";"C�u Claro";"Simples";"Rotat�ria;Curva";"N�o";1326465;"Autom�vel";"I/FIAT CRONOS DRIVE 1.3/FIAT CRONOS DRIVE 1.3";2022;"Passageiro";"Ileso";24;"Feminino";1;0;0;0;-28,12895879;-48,69285313;"SPRF-SC";"DEL02-SC";"UOP03-DEL02-SC"
742895;1665501;2025-12-31;"quarta-feira";"20:10:00";"SC";101;273;"IMBITUBA";"N�o";"Transitar na contram�o";1;"Colis�o lateral sentido oposto";"Sem V�timas";"Plena Noite";"Crescente";"C�u Claro";"Simples";"Rotat�ria;Curva";"N�o";1326465;"Autom�vel";"I/FIAT CRONOS DRIVE 1.3/FIAT CRONOS DRIVE 1.3";2022;"Passageiro";"Ileso";24;"Feminino";1;0;0;0;-28,12895879;-48,69285313;"SPRF-SC";"DEL02-SC";"UOP03-DEL02-SC"
742895;1663707;2025-12-31;"quarta-feira";"20:10:00";"SC";101;273;"IMBITUBA";"N�o";"Transitar na contram�o";1;"Colis�o lateral sentido oposto";"Sem V�timas";"Plena Noite";"Crescente";"C�u Claro";"Simples";"Rotat�ria;Curva";"N�o";1326465;"Autom�vel";"I/FIAT CRONOS DRIVE 1.3/FIAT CRONOS DRIVE 1.3";2022;"Condutor";"Ileso";23;"Masculino";1;0;0;0;-28,12895879;-48,69285313;"SPRF-SC";"DEL02-SC";"UOP03-DEL02-SC"
742895;1665493;2025-12-31;"quarta-feira";"20:10:00";"SC";101;273;"IMBITUBA";"N�o";"Transitar na contram�o";1;"Colis�o lateral sentido oposto";"Sem V�timas";"Plena Noite";"Crescente";"C�u Claro";"Simples";"Rotat�ria;Curva";"N�o";1326464;"Autom�vel";"VW/GOLF 1.6 SPORTLINE/GOLF 1.6 SPORTLINE";2011;"Passageiro";"Ileso";20;"Feminino";1;0;0;0;-28,12895879;-48,69285313;"SPRF-SC";"DEL02-SC";"UOP03-DEL02-SC"
742895;1665492;2025-12-31;"quarta-feira";"20:10:00";"SC";101;273;"IMBITUBA";"N�o";"Transitar na contram�o";1;"Colis�o lateral sentido oposto";"Sem V�timas";"Plena Noite";"Crescente";"C�u Claro";"Simples";"Rotat�ria;Curva";"N�o";1326464;"Autom�vel";"VW/GOLF 1.6 SPORTLINE/GOLF 1.6 SPORTLINE";2011;"Passageiro";"Ileso";24;"Masculino";1;0;0;0;-28,12895879;-48,69285313;"SPRF-SC";"DEL02-SC";"UOP03-DEL02-SC"
742895;1665491;2025-12-31;"quarta-feira";"20:10:00";"SC";101;273;"IMBITUBA";"N�o";"Transitar na contram�o";1;"Colis�o lateral sentido oposto";"Sem V�timas";"Plena Noite";"Crescente";"C�u Claro";"Simples";"Rotat�ria;Curva";"N�o";1326464;"Autom�vel";"VW/GOLF 1.6 SPORTLINE/GOLF 1.6 SPORTLINE";2011;"Passageiro";"Ileso";24;"Feminino";1;0;0;0;-28,12895879;-48,69285313;"SPRF-SC";"DEL02-SC";"UOP03-DEL02-SC"
742895;1663706;2025-12-31;"quarta-feira";"20:10:00";"SC";101;273;"IMBITUBA";"N�o";"Transitar na contram�o";1;"Colis�o lateral sentido oposto";"Sem V�timas";"Plena Noite";"Crescente";"C�u Claro";"Simples";"Rotat�ria;Curva";"N�o";1326464;"Autom�vel";"VW/GOLF 1.6 SPORTLINE/GOLF 1.6 SPORTLINE";2011;"Condutor";"Ileso";31;"Masculino";1;0;0;0;-28,12895879;-48,69285313;"SPRF-SC";"DEL02-SC";"UOP03-DEL02-SC"
742895;1665507;2025-12-31;"quarta-feira";"20:10:00";"SC";101;273;"IMBITUBA";"Sim";"Ingest�o de �lcool pelo condutor";1;"Colis�o lateral sentido oposto";"Sem V�timas";"Plena Noite";"Crescente";"C�u Claro";"Simples";"Rotat�ria;Curva";"N�o";1326465;"Autom�vel";"I/FIAT CRONOS DRIVE 1.3/FIAT CRONOS DRIVE 1.3";2022;"Passageiro";"Ileso";24;"Masculino";1;0;0;0;-28,12895879;-48,69285313;"SPRF-SC";"DEL02-SC";"UOP03-DEL02-SC"
742895;1665506;2025-12-31;"quarta-feira";"20:10:00";"SC";101;273;"IMBITUBA";"Sim";"Ingest�o de �lcool pelo condutor";1;"Colis�o lateral sentido oposto";"Sem V�timas";"Plena Noite";"Crescente";"C�u Claro";"Simples";"Rotat�ria;Curva";"N�o";1326465;"Autom�vel";"I/FIAT CRONOS DRIVE 1.3/FIAT CRONOS DRIVE 1.3";2022;"Passageiro";"Ileso";23;"Masculino";1;0;0;0;-28,12895879;-48,69285313;"SPRF-SC";"DEL02-SC";"UOP03-DEL02-SC"