"id";"pesid";"data_inversa";"dia_semana";"horario";"uf";"br";"km";"municipio";"causa_principal";"causa_acidente";"ordem_tipo_acidente";"tipo_acidente";"classificacao_acidente";"fase_dia";"sentido_via";"condicao_metereologica";"tipo_pista";"tracado_via";"uso_solo";"id_veiculo";"tipo_veiculo";"marca";"ano_fabricacao_veiculo";"tipo_envolvido";"estado_fisico";"idade";"sexo";"ilesos";"feridos_leves";"feridos_graves";"mortos";"latitude";"longitude";"regional";"delegacia";"uop"
742895;1665504;2025-12-31;"quarta-feira";"20:10:00";"SC";101;273;"IMBITUBA";"Sim";"Ingest�o de �lcool pelo condutor";1;"Colis�o lateral sentido oposto";"Sem V�timas";"Plena Noite";"Crescente";"C�u Claro";"Simples";"Rotat�ria;Curva";"N�o";1326465;"Autom�vel";"I/FIAT CRONOS DRIVE 1.3/FIAT CRONOS DRIVE 1.3";2022;"Passageiro";"Ileso";24;"Feminino";1;0;0;0;-28,12895879;-48,69285313;"SPRF-SC";"DEL02-SC";"UOP03-DEL02-SC"
742895;1665501;2025-12-31;"quarta-feira";"20:10:00";"SC";101;273;"IMBITUBA";"Sim";"Ingest�o de �lcool pelo condutor";1;"Colis�o lateral sentido oposto";"Sem V�timas";"Plena Noite";"Crescente";"C�u Claro";"Simples";"Rotat�ria;Curva";"N�o";1326465;"Autom�vel";"I/FIAT CRONOS DRIVE 1.3/FIAT CRONOS DRIVE 1.3";2022;"Passageiro";"Ileso";24;"Feminino";1;0;0;0;-28,12895879;-48,69285313;"SPRF-SC";"DEL02-SC";"UOP03-DEL02-SC"
742895;1663707;2025-12-31;"quarta-feira";"20:10:00";"SC";101;273;"IMBITUBA";"Sim";"Ingest�o de �lcool pelo condutor";1;"Colis�o lateral sentido oposto";"Sem V�timas";"Plena Noite";"Crescente";"C�u Claro";"Simples";"Rotat�ria;Curva";"N�o";1326465;"Autom�vel";"I/FIAT CRONOS DRIVE 1.3/FIAT CRONOS DRIVE 1.3";2022;"Condutor";"Ileso";23;"Masculino";1;0;0;0;-28,12895879;-48,69285313;"SPRF-SC";"DEL02-SC";"UOP03-DEL02-SC"
742895;1665493;2025-12-31;"quarta-feira";"20:10:00";"SC";101;273;"IMBITUBA";"Sim";"Ingest�o de �lcool pelo condutor";1;"Colis�o lateral sentido oposto";"Sem V�timas";"Plena Noite";"Crescente";"C�u Claro";"Simples";"Rotat�ria;Curva";"N�o";1326464;"Autom�vel";"VW/GOLF 1.6 SPORTLINE/GOLF 1.6 SPORTLINE";2011;"Passageiro";"Ileso";20;"Feminino";1;0;0;0;-28,12895879;-48,69285313;"SPRF-SC";"DEL02-SC";"UOP03-DEL02-SC"
742895;1665492;2025-12-31;"quarta-feira";"20:10:00";"SC";101;273;"IMBITUBA";"Sim";"Ingest�o de �lcool pelo condutor";1;"Colis�o lateral sentido oposto";"Sem V�timas";"Plena Noite";"Crescente";"C�u Claro";"Simples";"Rotat�ria;Curva";"N�o";1326464;"Autom�vel";"VW/GOLF 1.6 SPORTLINE/GOLF 1.6 SPORTLINE";2011;"Passageiro";"Ileso";24;"Masculino";1;0;0;0;-28,12895879;-48,69285313;"SPRF-SC";"DEL02-SC";"UOP03-DEL02-SC"
742895;1665491;2025-12-31;"quarta-feira";"20:10:00";"SC";101;273;"IMBITUBA";"Sim";"Ingest�o de �lcool pelo condutor";1;"Colis�o lateral sentido oposto";"Sem V�timas";"Plena Noite";"Crescente";"C�u Claro";"Simples";"Rotat�ria;Curva";"N�o";1326464;"Autom�vel";"VW/GOLF 1.6 SPORTLINE/GOLF 1.6 SPORTLINE";2011;"Passageiro";"Ileso";24;"Feminino";1;0;0;0;-28,12895879;-48,69285313;"SPRF-SC";"DEL02-SC";"UOP03-DEL02-SC"
742895;1663706;2025-12-31;"quarta-feira";"20:10:00";"SC";101;273;"IMBITUBA";"Sim";"Ingest�o de �lcool pelo condutor";1;"Colis�o lateral sentido oposto";"Sem V�timas";"Plena Noite";"Crescente";"C�u Claro";"Simples";"Rotat�ria;Curva";"N�o";1326464;"Autom�vel";"VW/GOLF 1.6 SPORTLINE/GOLF 1.6 SPORTLINE";2011;"Condutor";"Ileso";31;"Masculino";1;0;0;0;-28,12895879;-48,69285313;"SPRF-SC";"DEL02-SC";"UOP03-DEL02-SC"
742897;1663721;2025-12-31;"quarta-feira";"19:00:00";"PI";343;112;"PIRIPIRI";"Sim";"Condutor deixou de manter dist�ncia do ve�culo da frente";1;"Colis�o traseira";"Com V�timas Feridas";"Plena Noite";"Crescente";"C�u Claro";"Simples";"Reta";"N�o";1326477;"Caminh�o";"N�o Informado/N�o Informado/N�o Informado";0;"Condutor";"N�o Informado";NA;"N�o Informado";0;0;0;0;-4,3067313;-41,7736979;"SPRF-PI";"DEL02-PI";"UOP01-DEL02-PI"
742897;1663720;2025-12-31;"quarta-feira";"19:00:00";"PI";343;112;"PIRIPIRI";"Sim";"Condutor deixou de manter dist�ncia do ve�culo da frente";1;"Colis�o traseira";"Com V�timas Feridas";"Plena Noite";"Crescente";"C�u Claro";"Simples";"Reta";"N�o";1326474;"Bicicleta";"N�o Informado/N�o Informado/N�o Informado";0;"Condutor";"Les�es Graves";31;"Masculino";0;0;1;0;-4,3067313;-41,7736979;"SPRF-PI";"DEL02-PI";"UOP01-DEL02-PI"
742897;1663719;2025-12-31;"quarta-feira";"19:00:00";"PI";343;112;"PIRIPIRI";"Sim";"Condutor deixou de manter dist�ncia do ve�culo da frente";1;"Colis�o traseira";"Com V�timas Feridas";"Plena Noite";"Crescente";"C�u Claro";"Simples";"Reta";"N�o";1326473;"Motocicleta";"YAMAHA/CROSSER S ABS/CROSSER S ABS";2023;"Condutor";"Les�es Graves";51;"Masculino";0;0;1;0;-4,3067313;-41,7736979;"SPRF-PI";"DEL02-PI";"UOP01-DEL02-PI"
742904;1663732;2025-12-31;"quarta-feira";"23:55:00";"SP";116;458;"PARIQUERA-ACU";"Sim";"Rea��o tardia ou ineficiente do condutor";2;"Tombamento";"Com V�timas Fatais";"Plena Noite";"Decrescente";"C�u Claro";"Simples";"Interse��o de Vias";"N�o";1326483;"Motocicleta";"HONDA/CG 125 FAN KS/CG 125 FAN KS";2012;"Condutor";"�bito";27;"Masculino";0;0;0;1;-24,60248769;-47,87618279;"SPRF-SP";"DEL05-SP";"UOP01-DEL05-SP"
742904;1663732;2025-12-31;"quarta-feira";"23:55:00";"SP";116;458;"PARIQUERA-ACU";"Sim";"Rea��o tardia ou ineficiente do condutor";1;"Colis�o com objeto";"Com V�timas Fatais";"Plena Noite";"Decrescente";"C�u Claro";"Simples";"Interse��o de Vias";"N�o";1326483;"Motocicleta";"HONDA/CG 125 FAN KS/CG 125 FAN KS";2012;"Condutor";"�bito";27;"Masculino";0;0;0;1;-24,60248769;-47,87618279;"SPRF-SP";"DEL05-SP";"UOP01-DEL05-SP"
742913;1665979;2025-12-31;"quarta-feira";"22:44:00";"RO";319;64;"PORTO VELHO";"Sim";"Acessar a via sem observar a presen�a dos outros ve�culos";1;"Colis�o transversal";"Com V�timas Feridas";"Plena Noite";"Crescente";"Nublado";"Dupla";"Reta";"Sim";1326501;"Bicicleta";"N�o Informado/N�o Informado/N�o Informado";0;"Condutor";"Les�es Leves";NA;"Masculino";0;1;0;0;-8,76747087;-63,88424126;"SPRF-RO";"DEL01-RO";"UOP01-DEL01-RO"
742913;1663742;2025-12-31;"quarta-feira";"22:44:00";"RO";319;64;"PORTO VELHO";"Sim";"Acessar a via sem observar a presen�a dos outros ve�culos";1;"Colis�o transversal";"Com V�timas Feridas";"Plena Noite";"Crescente";"Nublado";"Dupla";"Reta";"Sim";1326489;"Autom�vel";"I/BYD DOLPHIN MINI GS5EV/BYD DOLPHIN MINI GS5EV";2025;"Condutor";"Ileso";26;"Masculino";1;0;0;0;-8,76747087;-63,88424126;"SPRF-RO";"DEL01-RO";"UOP01-DEL01-RO"
742932;1663758;2025-01-31;"sexta-feira";"20:20:00";"BA";324;525;"FEIRA DE SANTANA";"Sim";"Condutor Dormindo";1;"Queda de ocupante de ve�culo";"Com V�timas Feridas";"Pleno dia";"Crescente";"C�u Claro";"Dupla";"Reta";"N�o";1326511;"Motocicleta";"HONDA/POP 110I/POP 110I";2019;"Condutor";"Les�es Leves";34;"Masculino";0;1;0;0;-12,3289337;-38,86207581;"SPRF-BA";"DEL01-BA";"UOP03-DEL01-BA"
742934;1663823;2025-12-31;"quarta-feira";"22:45:00";"RN";304;24,3;"MOSSORO";"Sim";"Velocidade Incompat�vel";2;"Capotamento";"Com V�timas Feridas";"Plena Noite";"Crescente";"C�u Claro";"Simples";"Rotat�ria";"N�o";1326524;"Autom�vel";"HYUNDAI/CRETA 16M ATTITU/CRETA 16M ATTITU";2017;"Condutor";"Les�es Leves";44;"Masculino";0;1;0;0;-5,066408;-37,330782;"SPRF-RN";"DEL04-RN";"UOP02-DEL04-RN"
742934;1663823;2025-12-31;"quarta-feira";"22:45:00";"RN";304;24,3;"MOSSORO";"Sim";"Velocidade Incompat�vel";1;"Sa�da de leito carro��vel";"Com V�timas Feridas";"Plena Noite";"Crescente";"C�u Claro";"Simples";"Rotat�ria";"N�o";1326524;"Autom�vel";"HYUNDAI/CRETA 16M ATTITU/CRETA 16M ATTITU";2017;"Condutor";"Les�es Leves";44;"Masculino";0;1;0;0;-5,066408;-37,330782;"SPRF-RN";"DEL04-RN";"UOP02-DEL04-RN"
742938;1665393;2025-12-31;"quarta-feira";"08:10:00";"RS";101;8,1;"TORRES";"Sim";"Acessar a via sem observar a presen�a dos outros ve�culos";1;"Colis�o lateral mesmo sentido";"Com V�timas Feridas";"Pleno dia";"Decrescente";"C�u Claro";"Dupla";"Reta";"Sim";1326543;"Caminh�o";"M.BENZ/1215 C/1215 C";2003;"Condutor";"Ileso";48;"Masculino";1;0;0;0;-29,35894502;-49,80644915;"SPRF-RS";"DEL03-RS";"UOP02-DEL03-RS"
742938;1663776;2025-12-31;"quarta-feira";"08:10:00";"RS";101;8,1;"TORRES";"Sim";"Acessar a via sem observar a presen�a dos outros ve�culos";1;"Colis�o lateral mesmo sentido";"Com V�timas Feridas";"Pleno dia";"Decrescente";"C�u Claro";"Dupla";"Reta";"Sim";1326523;"Motocicleta";"HONDA/CG 160 TITAN/CG 160 TITAN";2025;"Condutor";"Les�es Graves";23;"Feminino";0;0;1;0;-29,35894502;-49,80644915;"SPRF-RS";"DEL03-RS";"UOP02-DEL03-RS"
742945;1663802;2025-12-31;"quarta-feira";"18:00:00";"MG";365;860;"SANTA VITORIA";"Sim";"Aus�ncia de rea��o do condutor";1;"Sa�da de leito carro��vel";"Com V�timas Feridas";"Anoitecer";"Decrescente";"C�u Claro";"Simples";"Interse��o de Vias;Reta";"N�o";1326546;"Motocicleta";"HONDA/CB 300R/CB 300R";2011;"Condutor";"Les�es Graves";23;"Masculino";0;0;1;0;-19,04116244;-50,41149884;"SPRF-MG";"DEL15-MG";"UOP03-DEL15-MG"
742958;1663889;2025-12-28;"domingo";"15:20:00";"MA";135;1;"SAO LUIS";"Sim";"Acessar a via sem observar a presen�a dos outros ve�culos";1;"Colis�o lateral mesmo sentido";"Com V�timas Feridas";"Pleno dia";"Crescente";"C�u Claro";"Dupla";"Reta";"Sim";1326584;"Autom�vel";"N�o Informado/N�o Informado/N�o Informado";0;"Condutor";"N�o Informado";NA;"N�o Informado";0;0;0;0;-2,594725;-44,255505;"SPRF-MA";"DEL01-MA";"UOP01-DEL01-MA"
742958;1663833;2025-12-28;"domingo";"15:20:00";"MA";135;1;"SAO LUIS";"Sim";"Acessar a via sem observar a presen�a dos outros ve�culos";1;"Colis�o lateral mesmo sentido";"Com V�timas Feridas";"Pleno dia";"Crescente";"C�u Claro";"Dupla";"Reta";"Sim";1326567;"Motocicleta";"HONDA/NXR160 BROS ESDD/NXR160 BROS ESDD";2016;"Condutor";"Les�es Leves";NA;"Masculino";0;1;0;0;-2,594725;-44,255505;"SPRF-MA";"DEL01-MA";"UOP01-DEL01-MA"
742958;1663834;2025-12-28;"domingo";"15:20:00";"MA";135;1;"SAO LUIS";"Sim";"Acessar a via sem observar a presen�a dos outros ve�culos";1;"Colis�o lateral mesmo sentido";"Com V�timas Feridas";"Pleno dia";"Crescente";"C�u Claro";"Dupla";"Reta";"Sim";1326567;"Motocicleta";"HONDA/NXR160 BROS ESDD/NXR160 BROS ESDD";2016;"Passageiro";"Les�es Leves";19;"Feminino";0;1;0;0;-2,594725;-44,255505;"SPRF-MA";"DEL01-MA";"UOP01-DEL01-MA"
742969;1663866;2025-11-22;"s�bado";"21:40:00";"RJ";101;473;"ANGRA DOS REIS";"Sim";"Aus�ncia de rea��o do condutor";2;"Queda de ocupante de ve�culo";"Com V�timas Feridas";"Plena Noite";"Crescente";"Nublado";"Simples";"Reta";"N�o";1326592;"Motocicleta";"HONDA/XRE 300/XRE 300";2009;"Passageiro";"Les�es Leves";37;"Feminino";0;1;0;0;-22,98964785;-44,24183518;"SPRF-RJ";"DEL03-RJ";"UOP03-DEL03-RJ"
742969;1663865;2025-11-22;"s�bado";"21:40:00";"RJ";101;473;"ANGRA DOS REIS";"Sim";"Aus�ncia de rea��o do condutor";2;"Queda de ocupante de ve�culo";"Com V�timas Feridas";"Plena Noite";"Crescente";"Nublado";"Simples";"Reta";"N�o";1326592;"Motocicleta";"HONDA/XRE 300/XRE 300";2009;"Condutor";"Les�es Graves";47;"Masculino";0;0;1;0;-22,98964785;-44,24183518;"SPRF-RJ";"DEL03-RJ";"UOP03-DEL03-RJ"
742969;1663866;2025-11-22;"s�bado";"21:40:00";"RJ";101;473;"ANGRA DOS REIS";"Sim";"Aus�ncia de rea��o do condutor";1;"Tombamento";"Com V�timas Feridas";"Plena Noite";"Crescente";"Nublado";"Simples";"Reta";"N�o";1326592;"Motocicleta";"HONDA/XRE 300/XRE 300";2009;"Passageiro";"Les�es Leves";37;"Feminino";0;1;0;0;-22,98964785;-44,24183518;"SPRF-RJ";"DEL03-RJ";"UOP03-DEL03-RJ"
742969;1663865;2025-11-22;"s�bado";"21:40:00";"RJ";101;473;"ANGRA DOS REIS";"Sim";"Aus�ncia de rea��o do condutor";1;"Tombamento";"Com V�timas Feridas";"Plena Noite";"Crescente";"Nublado";"Simples";"Reta";"N�o";1326592;"Motocicleta";"HONDA/XRE 300/XRE 300";2009;"Condutor";"Les�es Graves";47;"Masculino";0;0;1;0;-22,98964785;-44,24183518;"SPRF-RJ";"DEL03-RJ";"UOP03-DEL03-RJ"
742979;1663907;2025-12-29;"segunda-feira";"08:40:00";"RJ";40;125;"RIO DE JANEIRO";"Sim";"Frear bruscamente";1;"Colis�o traseira";"Com V�timas Feridas";"Pleno dia";"Decrescente";"C�u Claro";"Dupla";"Curva";"Sim";1326615;"Autom�vel";"FORD/FIESTA/FIESTA";0;"Condutor";"Ileso";NA;"Masculino";1;0;0;0;-22,81368774;-43,28784943;"SPRF-RJ";"DEL01-RJ";"UOP02-DEL01-RJ"
742979;1663896;2025-12-29;"segunda-feira";"08:40:00";"RJ";40;125;"RIO DE JANEIRO";"Sim";"Frear bruscamente";1;"Colis�o traseira";"Com V�timas Feridas";"Pleno dia";"Decrescente";"C�u Claro";"Dupla";"Curva";"Sim";1326614;"Motocicleta";"HONDA/CG 125 FAN KS/CG 125 FAN KS";2012;"Condutor";"Ileso";23;"Masculino";1;0;0;0;-22,81368774;-43,28784943;"SPRF-RJ";"DEL01-RJ";"UOP02-DEL01-RJ"
742979;1663894;2025-12-29;"segunda-feira";"08:40:00";"RJ";40;125;"RIO DE JANEIRO";"Sim";"Frear bruscamente";1;"Colis�o traseira";"Com V�timas Feridas";"Pleno dia";"Decrescente";"C�u Claro";"Dupla";"Curva";"Sim";1326613;"Motocicleta";"HONDA/CG 125 FAN ES/CG 125 FAN ES";2012;"Condutor";"Ileso";34;"Masculino";1;0;0;0;-22,81368774;-43,28784943;"SPRF-RJ";"DEL01-RJ";"UOP02-DEL01-RJ"
742979;1663895;2025-12-29;"segunda-feira";"08:40:00";"RJ";40;125;"RIO DE JANEIRO";"Sim";"Frear bruscamente";1;"Colis�o traseira";"Com V�timas Feridas";"Pleno dia";"Decrescente";"C�u Claro";"Dupla";"Curva";"Sim";1326613;"Motocicleta";"HONDA/CG 125 FAN ES/CG 125 FAN ES";2012;"Passageiro";"Les�es Leves";39;"Feminino";0;1;0;0;-22,81368774;-43,28784943;"SPRF-RJ";"DEL01-RJ";"UOP02-DEL01-RJ"
742979;1663891;2025-12-29;"segunda-feira";"08:40:00";"RJ";40;125;"RIO DE JANEIRO";"Sim";"Frear bruscamente";1;"Colis�o traseira";"Com V�timas Feridas";"Pleno dia";"Decrescente";"C�u Claro";"Dupla";"Curva";"Sim";1326612;"Caminh�o";"M.BENZ/L 1318/L 1318";2011;"Condutor";"Ileso";32;"Masculino";1;0;0;0;-22,81368774;-43,28784943;"SPRF-RJ";"DEL01-RJ";"UOP02-DEL01-RJ"
742979;1663907;2025-12-29;"segunda-feira";"08:40:00";"RJ";40;125;"RIO DE JANEIRO";"N�o";"Rea��o tardia ou ineficiente do condutor";1;"Colis�o traseira";"Com V�timas Feridas";"Pleno dia";"Decrescente";"C�u Claro";"Dupla";"Curva";"Sim";1326615;"Autom�vel";"FORD/FIESTA/FIESTA";0;"Condutor";"Ileso";NA;"Masculino";1;0;0;0;-22,81368774;-43,28784943;"SPRF-RJ";"DEL01-RJ";"UOP02-DEL01-RJ"
742979;1663896;2025-12-29;"segunda-feira";"08:40:00";"RJ";40;125;"RIO DE JANEIRO";"N�o";"Rea��o tardia ou ineficiente do condutor";1;"Colis�o traseira";"Com V�timas Feridas";"Pleno dia";"Decrescente";"C�u Claro";"Dupla";"Curva";"Sim";1326614;"Motocicleta";"HONDA/CG 125 FAN KS/CG 125 FAN KS";2012;"Condutor";"Ileso";23;"Masculino";1;0;0;0;-22,81368774;-43,28784943;"SPRF-RJ";"DEL01-RJ";"UOP02-DEL01-RJ"
742979;1663894;2025-12-29;"segunda-feira";"08:40:00";"RJ";40;125;"RIO DE JANEIRO";"N�o";"Rea��o tardia ou ineficiente do condutor";1;"Colis�o traseira";"Com V�timas Feridas";"Pleno dia";"Decrescente";"C�u Claro";"Dupla";"Curva";"Sim";1326613;"Motocicleta";"HONDA/CG 125 FAN ES/CG 125 FAN ES";2012;"Condutor";"Ileso";34;"Masculino";1;0;0;0;-22,81368774;-43,28784943;"SPRF-RJ";"DEL01-RJ";"UOP02-DEL01-RJ"
742979;1663895;2025-12-29;"segunda-feira";"08:40:00";"RJ";40;125;"RIO DE JANEIRO";"N�o";"Rea��o tardia ou ineficiente do condutor";1;"Colis�o traseira";"Com V�timas Feridas";"Pleno dia";"Decrescente";"C�u Claro";"Dupla";"Curva";"Sim";1326613;"Motocicleta";"HONDA/CG 125 FAN ES/CG 125 FAN ES";2012;"Passageiro";"Les�es Leves";39;"Feminino";0;1;0;0;-22,81368774;-43,28784943;"SPRF-RJ";"DEL01-RJ";"UOP02-DEL01-RJ"
742979;1663891;2025-12-29;"segunda-feira";"08:40:00";"RJ";40;125;"RIO DE JANEIRO";"N�o";"Rea��o tardia ou ineficiente do condutor";1;"Colis�o traseira";"Com V�timas Feridas";"Pleno dia";"Decrescente";"C�u Claro";"Dupla";"Curva";"Sim";1326612;"Caminh�o";"M.BENZ/L 1318/L 1318";2011;"Condutor";"Ileso";32;"Masculino";1;0;0;0;-22,81368774;-43,28784943;"SPRF-RJ";"DEL01-RJ";"UOP02-DEL01-RJ"
743002;1663937;2025-12-31;"quarta-feira";"14:00:00";"BA";242;683;"MUQUEM DE SAO FRANCISCO";"N�o";"Velocidade Incompat�vel";2;"Tombamento";"Sem V�timas";"Pleno dia";"Decrescente";"Sol";"Simples";"Curva;Declive";"N�o";1326647;"Caminh�o-trator";"MAN/TGX 29.480 6X4 T/TGX 29.480 6X4 T";2019;"Condutor";"Ileso";41;"Masculino";1;0;0;0;-12,22191771;-43,8246155;"SPRF-BA";"DEL10-BA";"UOP01-DEL10-BA"
743002;NA;2025-12-31;"quarta-feira";"14:00:00";"BA";242;683;"MUQUEM DE SAO FRANCISCO";"N�o";"Velocidade Incompat�vel";2;"Tombamento";"Sem V�timas";"Pleno dia";"Decrescente";"Sol";"Simples";"Curva;Declive";"N�o";1326649;"Reboque";"R/MILTONBSB BRASILIA CA/MILTONBSB BRASILIA CA";2024;NA;NA;NA;NA;NA;NA;NA;NA;-12,22191771;-43,8246155;"SPRF-BA";"DEL10-BA";"UOP01-DEL10-BA"
743002;NA;2025-12-31;"quarta-feira";"14:00:00";"BA";242;683;"MUQUEM DE SAO FRANCISCO";"N�o";"Velocidade Incompat�vel";2;"Tombamento";"Sem V�timas";"Pleno dia";"Decrescente";"Sol";"Simples";"Curva;Declive";"N�o";1326648;"Semireboque";"SR/BRUCAL SRQRTQ 3E/BRUCAL SRQRTQ 3E";2014;NA;NA;NA;NA;NA;NA;NA;NA;-12,22191771;-43,8246155;"SPRF-BA";"DEL10-BA";"UOP01-DEL10-BA"
743002;1663937;2025-12-31;"quarta-feira";"14:00:00";"BA";242;683;"MUQUEM DE SAO FRANCISCO";"N�o";"Velocidade Incompat�vel";1;"Sa�da de leito carro��vel";"Sem V�timas";"Pleno dia";"Decrescente";"Sol";"Simples";"Curva;Declive";"N�o";1326647;"Caminh�o-trator";"MAN/TGX 29.480 6X4 T/TGX 29.480 6X4 T";2019;"Condutor";"Ileso";41;"Masculino";1;0;0;0;-12,22191771;-43,8246155;"SPRF-BA";"DEL10-BA";"UOP01-DEL10-BA"
743002;NA;2025-12-31;"quarta-feira";"14:00:00";"BA";242;683;"MUQUEM DE SAO FRANCISCO";"N�o";"Velocidade Incompat�vel";1;"Sa�da de leito carro��vel";"Sem V�timas";"Pleno dia";"Decrescente";"Sol";"Simples";"Curva;Declive";"N�o";1326649;"Reboque";"R/MILTONBSB BRASILIA CA/MILTONBSB BRASILIA CA";2024;NA;NA;NA;NA;NA;NA;NA;NA;-12,22191771;-43,8246155;"SPRF-BA";"DEL10-BA";"UOP01-DEL10-BA"
743002;NA;2025-12-31;"quarta-feira";"14:00:00";"BA";242;683;"MUQUEM DE SAO FRANCISCO";"N�o";"Velocidade Incompat�vel";1;"Sa�da de leito carro��vel";"Sem V�timas";"Pleno dia";"Decrescente";"Sol";"Simples";"Curva;Declive";"N�o";1326648;"Semireboque";"SR/BRUCAL SRQRTQ 3E/BRUCAL SRQRTQ 3E";2014;NA;NA;NA;NA;NA;NA;NA;NA;-12,22191771;-43,8246155;"SPRF-BA";"DEL10-BA";"UOP01-DEL10-BA"
743002;1663937;2025-12-31;"quarta-feira";"14:00:00";"BA";242;683;"MUQUEM DE SAO FRANCISCO";"Sim";"Rea��o tardia ou ineficiente do condutor";2;"Tombamento";"Sem V�timas";"Pleno dia";"Decrescente";"Sol";"Simples";"Curva;Declive";"N�o";1326647;"Caminh�o-trator";"MAN/TGX 29.480 6X4 T/TGX 29.480 6X4 T";2019;"Condutor";"Ileso";41;"Masculino";1;0;0;0;-12,22191771;-43,8246155;"SPRF-BA";"DEL10-BA";"UOP01-DEL10-BA"
743002;NA;2025-12-31;"quarta-feira";"14:00:00";"BA";242;683;"MUQUEM DE SAO FRANCISCO";"Sim";"Rea��o tardia ou ineficiente do condutor";2;"Tombamento";"Sem V�timas";"Pleno dia";"Decrescente";"Sol";"Simples";"Curva;Declive";"N�o";1326649;"Reboque";"R/MILTONBSB BRASILIA CA/MILTONBSB BRASILIA CA";2024;NA;NA;NA;NA;NA;NA;NA;NA;-12,22191771;-43,8246155;"SPRF-BA";"DEL10-BA";"UOP01-DEL10-BA"
743002;NA;2025-12-31;"quarta-feira";"14:00:00";"BA";242;683;"MUQUEM DE SAO FRANCISCO";"Sim";"Rea��o tardia ou ineficiente do condutor";2;"Tombamento";"Sem V�timas";"Pleno dia";"Decrescente";"Sol";"Simples";"Curva;Declive";"N�o";1326648;"Semireboque";"SR/BRUCAL SRQRTQ 3E/BRUCAL SRQRTQ 3E";2014;NA;NA;NA;NA;NA;NA;NA;NA;-12,22191771;-43,8246155;"SPRF-BA";"DEL10-BA";"UOP01-DEL10-BA"
743002;1663937;2025-12-31;"quarta-feira";"14:00:00";"BA";242;683;"MUQUEM DE SAO FRANCISCO";"Sim";"Rea��o tardia ou ineficiente do condutor";1;"Sa�da de leito carro��vel";"Sem V�timas";"Pleno dia";"Decrescente";"Sol";"Simples";"Curva;Declive";"N�o";1326647;"Caminh�o-trator";"MAN/TGX 29.480 6X4 T/TGX 29.480 6X4 T";2019;"Condutor";"Ileso";41;"Masculino";1;0;0;0;-12,22191771;-43,8246155;"SPRF-BA";"DEL10-BA";"UOP01-DEL10-BA"
743002;NA;2025-12-31;"quarta-feira";"14:00:00";"BA";242;683;"MUQUEM DE SAO FRANCISCO";"Sim";"Rea��o tardia ou ineficiente do condutor";1;"Sa�da de leito carro��vel";"Sem V�timas";"Pleno dia";"Decrescente";"Sol";"Simples";"Curva;Declive";"N�o";1326649;"Reboque";"R/MILTONBSB BRASILIA CA/MILTONBSB BRASILIA CA";2024;NA;NA;NA;NA;NA;NA;NA;NA;-12,22191771;-43,8246155;"SPRF-BA";"DEL10-BA";"UOP01-DEL10-BA"
743002;NA;2025-12-31;"quarta-feira";"14:00:00";"BA";242;683;"MUQUEM DE SAO FRANCISCO";"Sim";"Rea��o tardia ou ineficiente do condutor";1;"Sa�da de leito carro��vel";"Sem V�timas";"Pleno dia";"Decrescente";"Sol";"Simples";"Curva;Declive";"N�o";1326648;"Semireboque";"SR/BRUCAL SRQRTQ 3E/BRUCAL SRQRTQ 3E";2014;NA;NA;NA;NA;NA;NA;NA;NA;-12,22191771;-43,8246155;"SPRF-BA";"DEL10-BA";"UOP01-DEL10-BA"
743002;1663937;2025-12-31;"quarta-feira";"14:00:00";"BA";242;683;"MUQUEM DE SAO FRANCISCO";"N�o";"Declive acentuado";2;"Tombamento";"Sem V�timas";"Pleno dia";"Decrescente";"Sol";"Simples";"Curva;Declive";"N�o";1326647;"Caminh�o-trator";"MAN/TGX 29.480 6X4 T/TGX 29.480 6X4 T";2019;"Condutor";"Ileso";41;"Masculino";1;0;0;0;-12,22191771;-43,8246155;"SPRF-BA";"DEL10-BA";"UOP01-DEL10-BA"
743002;NA;2025-12-31;"quarta-feira";"14:00:00";"BA";242;683;"MUQUEM DE SAO FRANCISCO";"N�o";"Declive acentuado";2;"Tombamento";"Sem V�timas";"Pleno dia";"Decrescente";"Sol";"Simples";"Curva;Declive";"N�o";1326649;"Reboque";"R/MILTONBSB BRASILIA CA/MILTONBSB BRASILIA CA";2024;NA;NA;NA;NA;NA;NA;NA;NA;-12,22191771;-43,8246155;"SPRF-BA";"DEL10-BA";"UOP01-DEL10-BA"
743002;NA;2025-12-31;"quarta-feira";"14:00:00";"BA";242;683;"MUQUEM DE SAO FRANCISCO";"N�o";"Declive acentuado";2;"Tombamento";"Sem V�timas";"Pleno dia";"Decrescente";"Sol";"Simples";"Curva;Declive";"N�o";1326648;"Semireboque";"SR/BRUCAL SRQRTQ 3E/BRUCAL SRQRTQ 3E";2014;NA;NA;NA;NA;NA;NA;NA;NA;-12,22191771;-43,8246155;"SPRF-BA";"DEL10-BA";"UOP01-DEL10-BA"
743002;1663937;2025-12-31;"quarta-feira";"14:00:00";"BA";242;683;"MUQUEM DE SAO FRANCISCO";"N�o";"Declive acentuado";1;"Sa�da de leito carro��vel";"Sem V�timas";"Pleno dia";"Decrescente";"Sol";"Simples";"Curva;Declive";"N�o";1326647;"Caminh�o-trator";"MAN/TGX 29.480 6X4 T/TGX 29.480 6X4 T";2019;"Condutor";"Ileso";41;"Masculino";1;0;0;0;-12,22191771;-43,8246155;"SPRF-BA";"DEL10-BA";"UOP01-DEL10-BA"