"id";"pesid";"data_inversa";"dia_semana";"horario";"uf";"br";"km";"municipio";"causa_principal";"causa_acidente";"ordem_tipo_acidente";"tipo_acidente";"classificacao_acidente";"fase_dia";"sentido_via";"condicao_metereologica";"tipo_pista";"tracado_via";"uso_solo";"id_veiculo";"tipo_veiculo";"marca";"ano_fabricacao_veiculo";"tipo_envolvido";"estado_fisico";"idade";"sexo";"ilesos";"feridos_leves";"feridos_graves";"mortos";"latitude";"longitude";"regional";"delegacia";"uop"
743002;NA;2025-12-31;"quarta-feira";"14:00:00";"BA";242;683;"MUQUEM DE SAO FRANCISCO";"N�o";"Declive acentuado";1;"Sa�da de leito carro��vel";"Sem V�timas";"Pleno dia";"Decrescente";"Sol";"Simples";"Curva;Declive";"N�o";1326649;"Reboque";"R/MILTONBSB BRASILIA CA/MILTONBSB BRASILIA CA";2024;NA;NA;NA;NA;NA;NA;NA;NA;-12,22191771;-43,8246155;"SPRF-BA";"DEL10-BA";"UOP01-DEL10-BA"
743002;NA;2025-12-31;"quarta-feira";"14:00:00";"BA";242;683;"MUQUEM DE SAO FRANCISCO";"N�o";"Declive acentuado";1;"Sa�da de leito carro��vel";"Sem V�timas";"Pleno dia";"Decrescente";"Sol";"Simples";"Curva;Declive";"N�o";1326648;"Semireboque";"SR/BRUCAL SRQRTQ 3E/BRUCAL SRQRTQ 3E";2014;NA;NA;NA;NA;NA;NA;NA;NA;-12,22191771;-43,8246155;"SPRF-BA";"DEL10-BA";"UOP01-DEL10-BA"
743044;1665368;2025-12-31;"quarta-feira";"16:00:00";"MG";251;502;"FRANCISCO SA";"Sim";"Pista Escorregadia";2;"Colis�o com objeto";"Sem V�timas";"Pleno dia";"Decrescente";"Chuva";"Simples";"Reta";"N�o";1326925;"Caminhonete";"RENAULT/MASTER FLASH AM5/MASTER FLASH AM5";2024;"Passageiro";"Ileso";30;"Masculino";1;0;0;0;-16,49499141;-43,52508545;"SPRF-MG";"DEL12-MG";"UOP01-DEL12-MG"
743044;1665366;2025-12-31;"quarta-feira";"16:00:00";"MG";251;502;"FRANCISCO SA";"Sim";"Pista Escorregadia";2;"Colis�o com objeto";"Sem V�timas";"Pleno dia";"Decrescente";"Chuva";"Simples";"Reta";"N�o";1326925;"Caminhonete";"RENAULT/MASTER FLASH AM5/MASTER FLASH AM5";2024;"Passageiro";"Ileso";39;"Feminino";1;0;0;0;-16,49499141;-43,52508545;"SPRF-MG";"DEL12-MG";"UOP01-DEL12-MG"
743044;1664354;2025-12-31;"quarta-feira";"16:00:00";"MG";251;502;"FRANCISCO SA";"Sim";"Pista Escorregadia";2;"Colis�o com objeto";"Sem V�timas";"Pleno dia";"Decrescente";"Chuva";"Simples";"Reta";"N�o";1326925;"Caminhonete";"RENAULT/MASTER FLASH AM5/MASTER FLASH AM5";2024;"Condutor";"Ileso";35;"Masculino";1;0;0;0;-16,49499141;-43,52508545;"SPRF-MG";"DEL12-MG";"UOP01-DEL12-MG"
743044;1665368;2025-12-31;"quarta-feira";"16:00:00";"MG";251;502;"FRANCISCO SA";"Sim";"Pista Escorregadia";1;"Colis�o lateral sentido oposto";"Sem V�timas";"Pleno dia";"Decrescente";"Chuva";"Simples";"Reta";"N�o";1326925;"Caminhonete";"RENAULT/MASTER FLASH AM5/MASTER FLASH AM5";2024;"Passageiro";"Ileso";30;"Masculino";1;0;0;0;-16,49499141;-43,52508545;"SPRF-MG";"DEL12-MG";"UOP01-DEL12-MG"
743044;1665366;2025-12-31;"quarta-feira";"16:00:00";"MG";251;502;"FRANCISCO SA";"Sim";"Pista Escorregadia";1;"Colis�o lateral sentido oposto";"Sem V�timas";"Pleno dia";"Decrescente";"Chuva";"Simples";"Reta";"N�o";1326925;"Caminhonete";"RENAULT/MASTER FLASH AM5/MASTER FLASH AM5";2024;"Passageiro";"Ileso";39;"Feminino";1;0;0;0;-16,49499141;-43,52508545;"SPRF-MG";"DEL12-MG";"UOP01-DEL12-MG"
743044;1664354;2025-12-31;"quarta-feira";"16:00:00";"MG";251;502;"FRANCISCO SA";"Sim";"Pista Escorregadia";1;"Colis�o lateral sentido oposto";"Sem V�timas";"Pleno dia";"Decrescente";"Chuva";"Simples";"Reta";"N�o";1326925;"Caminhonete";"RENAULT/MASTER FLASH AM5/MASTER FLASH AM5";2024;"Condutor";"Ileso";35;"Masculino";1;0;0;0;-16,49499141;-43,52508545;"SPRF-MG";"DEL12-MG";"UOP01-DEL12-MG"
743079;1664086;2025-11-11;"ter�a-feira";"07:20:00";"PE";101;51;"ABREU E LIMA";"N�o";"Rea��o tardia ou ineficiente do condutor";3;"Queda de ocupante de ve�culo";"Com V�timas Feridas";"Pleno dia";"Crescente";"C�u Claro";"M�ltipla";"Reta";"Sim";1326745;"Autom�vel";"CHEVROLET/ONIX 10MT JOYE/ONIX 10MT JOYE";2017;"Condutor";"Ileso";22;"Masculino";1;0;0;0;-7,91584288;-34,89813415;"SPRF-PE";"DEL01-PE";"UOP02-DEL01-PE"
743079;1664088;2025-11-11;"ter�a-feira";"07:20:00";"PE";101;51;"ABREU E LIMA";"N�o";"Rea��o tardia ou ineficiente do condutor";3;"Queda de ocupante de ve�culo";"Com V�timas Feridas";"Pleno dia";"Crescente";"C�u Claro";"M�ltipla";"Reta";"Sim";1326747;"Autom�vel";"CHEV/TRACKER T A LT/TRACKER T A LT";2023;"Condutor";"Ileso";56;"Masculino";1;0;0;0;-7,91584288;-34,89813415;"SPRF-PE";"DEL01-PE";"UOP02-DEL01-PE"
743079;1664087;2025-11-11;"ter�a-feira";"07:20:00";"PE";101;51;"ABREU E LIMA";"N�o";"Rea��o tardia ou ineficiente do condutor";3;"Queda de ocupante de ve�culo";"Com V�timas Feridas";"Pleno dia";"Crescente";"C�u Claro";"M�ltipla";"Reta";"Sim";1326746;"Motocicleta";"HONDA/CG 160 START/CG 160 START";2024;"Condutor";"Les�es Graves";25;"Masculino";0;0;1;0;-7,91584288;-34,89813415;"SPRF-PE";"DEL01-PE";"UOP02-DEL01-PE"
743079;1664085;2025-11-11;"ter�a-feira";"07:20:00";"PE";101;51;"ABREU E LIMA";"N�o";"Rea��o tardia ou ineficiente do condutor";3;"Queda de ocupante de ve�culo";"Com V�timas Feridas";"Pleno dia";"Crescente";"C�u Claro";"M�ltipla";"Reta";"Sim";1326744;"Autom�vel";"I/PEUGEOT 208 ALLUR T200/PEUGEOT 208 ALLUR T200";2025;"Condutor";"Ileso";34;"Masculino";1;0;0;0;-7,91584288;-34,89813415;"SPRF-PE";"DEL01-PE";"UOP02-DEL01-PE"
743079;1664086;2025-11-11;"ter�a-feira";"07:20:00";"PE";101;51;"ABREU E LIMA";"N�o";"Rea��o tardia ou ineficiente do condutor";2;"Colis�o traseira";"Com V�timas Feridas";"Pleno dia";"Crescente";"C�u Claro";"M�ltipla";"Reta";"Sim";1326745;"Autom�vel";"CHEVROLET/ONIX 10MT JOYE/ONIX 10MT JOYE";2017;"Condutor";"Ileso";22;"Masculino";1;0;0;0;-7,91584288;-34,89813415;"SPRF-PE";"DEL01-PE";"UOP02-DEL01-PE"
743079;1664088;2025-11-11;"ter�a-feira";"07:20:00";"PE";101;51;"ABREU E LIMA";"N�o";"Rea��o tardia ou ineficiente do condutor";2;"Colis�o traseira";"Com V�timas Feridas";"Pleno dia";"Crescente";"C�u Claro";"M�ltipla";"Reta";"Sim";1326747;"Autom�vel";"CHEV/TRACKER T A LT/TRACKER T A LT";2023;"Condutor";"Ileso";56;"Masculino";1;0;0;0;-7,91584288;-34,89813415;"SPRF-PE";"DEL01-PE";"UOP02-DEL01-PE"
743079;1664087;2025-11-11;"ter�a-feira";"07:20:00";"PE";101;51;"ABREU E LIMA";"N�o";"Rea��o tardia ou ineficiente do condutor";2;"Colis�o traseira";"Com V�timas Feridas";"Pleno dia";"Crescente";"C�u Claro";"M�ltipla";"Reta";"Sim";1326746;"Motocicleta";"HONDA/CG 160 START/CG 160 START";2024;"Condutor";"Les�es Graves";25;"Masculino";0;0;1;0;-7,91584288;-34,89813415;"SPRF-PE";"DEL01-PE";"UOP02-DEL01-PE"
743079;1664085;2025-11-11;"ter�a-feira";"07:20:00";"PE";101;51;"ABREU E LIMA";"N�o";"Rea��o tardia ou ineficiente do condutor";2;"Colis�o traseira";"Com V�timas Feridas";"Pleno dia";"Crescente";"C�u Claro";"M�ltipla";"Reta";"Sim";1326744;"Autom�vel";"I/PEUGEOT 208 ALLUR T200/PEUGEOT 208 ALLUR T200";2025;"Condutor";"Ileso";34;"Masculino";1;0;0;0;-7,91584288;-34,89813415;"SPRF-PE";"DEL01-PE";"UOP02-DEL01-PE"
743079;1664086;2025-11-11;"ter�a-feira";"07:20:00";"PE";101;51;"ABREU E LIMA";"N�o";"Rea��o tardia ou ineficiente do condutor";1;"Engavetamento";"Com V�timas Feridas";"Pleno dia";"Crescente";"C�u Claro";"M�ltipla";"Reta";"Sim";1326745;"Autom�vel";"CHEVROLET/ONIX 10MT JOYE/ONIX 10MT JOYE";2017;"Condutor";"Ileso";22;"Masculino";1;0;0;0;-7,91584288;-34,89813415;"SPRF-PE";"DEL01-PE";"UOP02-DEL01-PE"
743079;1664088;2025-11-11;"ter�a-feira";"07:20:00";"PE";101;51;"ABREU E LIMA";"N�o";"Rea��o tardia ou ineficiente do condutor";1;"Engavetamento";"Com V�timas Feridas";"Pleno dia";"Crescente";"C�u Claro";"M�ltipla";"Reta";"Sim";1326747;"Autom�vel";"CHEV/TRACKER T A LT/TRACKER T A LT";2023;"Condutor";"Ileso";56;"Masculino";1;0;0;0;-7,91584288;-34,89813415;"SPRF-PE";"DEL01-PE";"UOP02-DEL01-PE"
743079;1664087;2025-11-11;"ter�a-feira";"07:20:00";"PE";101;51;"ABREU E LIMA";"N�o";"Rea��o tardia ou ineficiente do condutor";1;"Engavetamento";"Com V�timas Feridas";"Pleno dia";"Crescente";"C�u Claro";"M�ltipla";"Reta";"Sim";1326746;"Motocicleta";"HONDA/CG 160 START/CG 160 START";2024;"Condutor";"Les�es Graves";25;"Masculino";0;0;1;0;-7,91584288;-34,89813415;"SPRF-PE";"DEL01-PE";"UOP02-DEL01-PE"
743079;1664085;2025-11-11;"ter�a-feira";"07:20:00";"PE";101;51;"ABREU E LIMA";"N�o";"Rea��o tardia ou ineficiente do condutor";1;"Engavetamento";"Com V�timas Feridas";"Pleno dia";"Crescente";"C�u Claro";"M�ltipla";"Reta";"Sim";1326744;"Autom�vel";"I/PEUGEOT 208 ALLUR T200/PEUGEOT 208 ALLUR T200";2025;"Condutor";"Ileso";34;"Masculino";1;0;0;0;-7,91584288;-34,89813415;"SPRF-PE";"DEL01-PE";"UOP02-DEL01-PE"
743079;1664086;2025-11-11;"ter�a-feira";"07:20:00";"PE";101;51;"ABREU E LIMA";"Sim";"Condutor deixou de manter dist�ncia do ve�culo da frente";3;"Queda de ocupante de ve�culo";"Com V�timas Feridas";"Pleno dia";"Crescente";"C�u Claro";"M�ltipla";"Reta";"Sim";1326745;"Autom�vel";"CHEVROLET/ONIX 10MT JOYE/ONIX 10MT JOYE";2017;"Condutor";"Ileso";22;"Masculino";1;0;0;0;-7,91584288;-34,89813415;"SPRF-PE";"DEL01-PE";"UOP02-DEL01-PE"
743079;1664088;2025-11-11;"ter�a-feira";"07:20:00";"PE";101;51;"ABREU E LIMA";"Sim";"Condutor deixou de manter dist�ncia do ve�culo da frente";3;"Queda de ocupante de ve�culo";"Com V�timas Feridas";"Pleno dia";"Crescente";"C�u Claro";"M�ltipla";"Reta";"Sim";1326747;"Autom�vel";"CHEV/TRACKER T A LT/TRACKER T A LT";2023;"Condutor";"Ileso";56;"Masculino";1;0;0;0;-7,91584288;-34,89813415;"SPRF-PE";"DEL01-PE";"UOP02-DEL01-PE"
743079;1664087;2025-11-11;"ter�a-feira";"07:20:00";"PE";101;51;"ABREU E LIMA";"Sim";"Condutor deixou de manter dist�ncia do ve�culo da frente";3;"Queda de ocupante de ve�culo";"Com V�timas Feridas";"Pleno dia";"Crescente";"C�u Claro";"M�ltipla";"Reta";"Sim";1326746;"Motocicleta";"HONDA/CG 160 START/CG 160 START";2024;"Condutor";"Les�es Graves";25;"Masculino";0;0;1;0;-7,91584288;-34,89813415;"SPRF-PE";"DEL01-PE";"UOP02-DEL01-PE"
743079;1664085;2025-11-11;"ter�a-feira";"07:20:00";"PE";101;51;"ABREU E LIMA";"Sim";"Condutor deixou de manter dist�ncia do ve�culo da frente";3;"Queda de ocupante de ve�culo";"Com V�timas Feridas";"Pleno dia";"Crescente";"C�u Claro";"M�ltipla";"Reta";"Sim";1326744;"Autom�vel";"I/PEUGEOT 208 ALLUR T200/PEUGEOT 208 ALLUR T200";2025;"Condutor";"Ileso";34;"Masculino";1;0;0;0;-7,91584288;-34,89813415;"SPRF-PE";"DEL01-PE";"UOP02-DEL01-PE"
743079;1664086;2025-11-11;"ter�a-feira";"07:20:00";"PE";101;51;"ABREU E LIMA";"Sim";"Condutor deixou de manter dist�ncia do ve�culo da frente";2;"Colis�o traseira";"Com V�timas Feridas";"Pleno dia";"Crescente";"C�u Claro";"M�ltipla";"Reta";"Sim";1326745;"Autom�vel";"CHEVROLET/ONIX 10MT JOYE/ONIX 10MT JOYE";2017;"Condutor";"Ileso";22;"Masculino";1;0;0;0;-7,91584288;-34,89813415;"SPRF-PE";"DEL01-PE";"UOP02-DEL01-PE"
743079;1664088;2025-11-11;"ter�a-feira";"07:20:00";"PE";101;51;"ABREU E LIMA";"Sim";"Condutor deixou de manter dist�ncia do ve�culo da frente";2;"Colis�o traseira";"Com V�timas Feridas";"Pleno dia";"Crescente";"C�u Claro";"M�ltipla";"Reta";"Sim";1326747;"Autom�vel";"CHEV/TRACKER T A LT/TRACKER T A LT";2023;"Condutor";"Ileso";56;"Masculino";1;0;0;0;-7,91584288;-34,89813415;"SPRF-PE";"DEL01-PE";"UOP02-DEL01-PE"
743079;1664087;2025-11-11;"ter�a-feira";"07:20:00";"PE";101;51;"ABREU E LIMA";"Sim";"Condutor deixou de manter dist�ncia do ve�culo da frente";2;"Colis�o traseira";"Com V�timas Feridas";"Pleno dia";"Crescente";"C�u Claro";"M�ltipla";"Reta";"Sim";1326746;"Motocicleta";"HONDA/CG 160 START/CG 160 START";2024;"Condutor";"Les�es Graves";25;"Masculino";0;0;1;0;-7,91584288;-34,89813415;"SPRF-PE";"DEL01-PE";"UOP02-DEL01-PE"
743079;1664085;2025-11-11;"ter�a-feira";"07:20:00";"PE";101;51;"ABREU E LIMA";"Sim";"Condutor deixou de manter dist�ncia do ve�culo da frente";2;"Colis�o traseira";"Com V�timas Feridas";"Pleno dia";"Crescente";"C�u Claro";"M�ltipla";"Reta";"Sim";1326744;"Autom�vel";"I/PEUGEOT 208 ALLUR T200/PEUGEOT 208 ALLUR T200";2025;"Condutor";"Ileso";34;"Masculino";1;0;0;0;-7,91584288;-34,89813415;"SPRF-PE";"DEL01-PE";"UOP02-DEL01-PE"
743079;1664086;2025-11-11;"ter�a-feira";"07:20:00";"PE";101;51;"ABREU E LIMA";"Sim";"Condutor deixou de manter dist�ncia do ve�culo da frente";1;"Engavetamento";"Com V�timas Feridas";"Pleno dia";"Crescente";"C�u Claro";"M�ltipla";"Reta";"Sim";1326745;"Autom�vel";"CHEVROLET/ONIX 10MT JOYE/ONIX 10MT JOYE";2017;"Condutor";"Ileso";22;"Masculino";1;0;0;0;-7,91584288;-34,89813415;"SPRF-PE";"DEL01-PE";"UOP02-DEL01-PE"
743079;1664088;2025-11-11;"ter�a-feira";"07:20:00";"PE";101;51;"ABREU E LIMA";"Sim";"Condutor deixou de manter dist�ncia do ve�culo da frente";1;"Engavetamento";"Com V�timas Feridas";"Pleno dia";"Crescente";"C�u Claro";"M�ltipla";"Reta";"Sim";1326747;"Autom�vel";"CHEV/TRACKER T A LT/TRACKER T A LT";2023;"Condutor";"Ileso";56;"Masculino";1;0;0;0;-7,91584288;-34,89813415;"SPRF-PE";"DEL01-PE";"UOP02-DEL01-PE"
743079;1664087;2025-11-11;"ter�a-feira";"07:20:00";"PE";101;51;"ABREU E LIMA";"Sim";"Condutor deixou de manter dist�ncia do ve�culo da frente";1;"Engavetamento";"Com V�timas Feridas";"Pleno dia";"Crescente";"C�u Claro";"M�ltipla";"Reta";"Sim";1326746;"Motocicleta";"HONDA/CG 160 START/CG 160 START";2024;"Condutor";"Les�es Graves";25;"Masculino";0;0;1;0;-7,91584288;-34,89813415;"SPRF-PE";"DEL01-PE";"UOP02-DEL01-PE"
743079;1664085;2025-11-11;"ter�a-feira";"07:20:00";"PE";101;51;"ABREU E LIMA";"Sim";"Condutor deixou de manter dist�ncia do ve�culo da frente";1;"Engavetamento";"Com V�timas Feridas";"Pleno dia";"Crescente";"C�u Claro";"M�ltipla";"Reta";"Sim";1326744;"Autom�vel";"I/PEUGEOT 208 ALLUR T200/PEUGEOT 208 ALLUR T200";2025;"Condutor";"Ileso";34;"Masculino";1;0;0;0;-7,91584288;-34,89813415;"SPRF-PE";"DEL01-PE";"UOP02-DEL01-PE"
743081;1664091;2025-12-20;"s�bado";"21:45:00";"SC";280;259,4;"CANOINHAS";"Sim";"Transitar na contram�o";1;"Colis�o frontal";"Sem V�timas";"Plena Noite";"Crescente";"C�u Claro";"Simples";"Reta";"N�o";1326752;"Caminhonete";"FIAT/STRADA FIRE FLEX/STRADA FIRE FLEX";2010;"Condutor";"N�o Informado";NA;"N�o Informado";0;0;0;0;-26,262643;-50,632103;"SPRF-SC";"DEL06-SC";"UOP04-DEL06-SC"
743081;1664094;2025-12-20;"s�bado";"21:45:00";"SC";280;259,4;"CANOINHAS";"Sim";"Transitar na contram�o";1;"Colis�o frontal";"Sem V�timas";"Plena Noite";"Crescente";"C�u Claro";"Simples";"Reta";"N�o";1326751;"Autom�vel";"I/FIAT CRONOS DRIVE 1.0/FIAT CRONOS DRIVE 1.0";2022;"Passageiro";"Ileso";1;"Masculino";1;0;0;0;-26,262643;-50,632103;"SPRF-SC";"DEL06-SC";"UOP04-DEL06-SC"
743081;1664093;2025-12-20;"s�bado";"21:45:00";"SC";280;259,4;"CANOINHAS";"Sim";"Transitar na contram�o";1;"Colis�o frontal";"Sem V�timas";"Plena Noite";"Crescente";"C�u Claro";"Simples";"Reta";"N�o";1326751;"Autom�vel";"I/FIAT CRONOS DRIVE 1.0/FIAT CRONOS DRIVE 1.0";2022;"Passageiro";"Ileso";4;"Masculino";1;0;0;0;-26,262643;-50,632103;"SPRF-SC";"DEL06-SC";"UOP04-DEL06-SC"
743081;1664092;2025-12-20;"s�bado";"21:45:00";"SC";280;259,4;"CANOINHAS";"Sim";"Transitar na contram�o";1;"Colis�o frontal";"Sem V�timas";"Plena Noite";"Crescente";"C�u Claro";"Simples";"Reta";"N�o";1326751;"Autom�vel";"I/FIAT CRONOS DRIVE 1.0/FIAT CRONOS DRIVE 1.0";2022;"Passageiro";"Ileso";32;"Feminino";1;0;0;0;-26,262643;-50,632103;"SPRF-SC";"DEL06-SC";"UOP04-DEL06-SC"
743081;1664090;2025-12-20;"s�bado";"21:45:00";"SC";280;259,4;"CANOINHAS";"Sim";"Transitar na contram�o";1;"Colis�o frontal";"Sem V�timas";"Plena Noite";"Crescente";"C�u Claro";"Simples";"Reta";"N�o";1326751;"Autom�vel";"I/FIAT CRONOS DRIVE 1.0/FIAT CRONOS DRIVE 1.0";2022;"Condutor";"Ileso";38;"Masculino";1;0;0;0;-26,262643;-50,632103;"SPRF-SC";"DEL06-SC";"UOP04-DEL06-SC"
743098;1664149;2025-02-24;"segunda-feira";"16:30:00";"BA";116;462,4;"SANTO ESTEVAO";"Sim";"Aus�ncia de rea��o do condutor";1;"Queda de ocupante de ve�culo";"Com V�timas Feridas";"Pleno dia";"Crescente";"C�u Claro";"Dupla";"Reta";"Sim";1326794;"Motocicleta";"HONDA/CG 160 START/CG 160 START";2016;"Condutor";"Les�es Graves";33;"Masculino";0;0;1;0;-12,45231718;-39,25444222;"SPRF-BA";"DEL02-BA";"UOP01-DEL02-BA"
743130;1664210;2025-11-23;"domingo";"17:35:00";"RN";304;217;"CAICARA DO RIO DO VENTO";"Sim";"Transitar na contram�o";1;"Colis�o frontal";"Com V�timas Feridas";"Anoitecer";"Crescente";"C�u Claro";"Simples";"Reta";"Sim";1326839;"Autom�vel";"FIAT/UNO MILLE FIRE/UNO MILLE FIRE";2002;"Condutor";"Les�es Graves";40;"Masculino";0;0;1;0;-5,757437;-36,010972;"SPRF-RN";"DEL01-RN";"UOP03-DEL01-RN"
743130;1664208;2025-11-23;"domingo";"17:35:00";"RN";304;217;"CAICARA DO RIO DO VENTO";"Sim";"Transitar na contram�o";1;"Colis�o frontal";"Com V�timas Feridas";"Anoitecer";"Crescente";"C�u Claro";"Simples";"Reta";"Sim";1326838;"Autom�vel";"CHEVROLET/ONIX 10MT JOYE/ONIX 10MT JOYE";2016;"Passageiro";"Les�es Leves";42;"Masculino";0;1;0;0;-5,757437;-36,010972;"SPRF-RN";"DEL01-RN";"UOP03-DEL01-RN"
743130;1664207;2025-11-23;"domingo";"17:35:00";"RN";304;217;"CAICARA DO RIO DO VENTO";"Sim";"Transitar na contram�o";1;"Colis�o frontal";"Com V�timas Feridas";"Anoitecer";"Crescente";"C�u Claro";"Simples";"Reta";"Sim";1326838;"Autom�vel";"CHEVROLET/ONIX 10MT JOYE/ONIX 10MT JOYE";2016;"Condutor";"Les�es Leves";32;"Masculino";0;1;0;0;-5,757437;-36,010972;"SPRF-RN";"DEL01-RN";"UOP03-DEL01-RN"
743130;1664209;2025-11-23;"domingo";"17:35:00";"RN";304;217;"CAICARA DO RIO DO VENTO";"Sim";"Transitar na contram�o";1;"Colis�o frontal";"Com V�timas Feridas";"Anoitecer";"Crescente";"C�u Claro";"Simples";"Reta";"Sim";NA;NA;"NA/NA/NA";NA;"Testemunha";"N�o Informado";NA;"N�o Informado";0;0;0;0;-5,757437;-36,010972;"SPRF-RN";"DEL01-RN";"UOP03-DEL01-RN"
743130;1664210;2025-11-23;"domingo";"17:35:00";"RN";304;217;"CAICARA DO RIO DO VENTO";"N�o";"Aus�ncia de rea��o do condutor";1;"Colis�o frontal";"Com V�timas Feridas";"Anoitecer";"Crescente";"C�u Claro";"Simples";"Reta";"Sim";1326839;"Autom�vel";"FIAT/UNO MILLE FIRE/UNO MILLE FIRE";2002;"Condutor";"Les�es Graves";40;"Masculino";0;0;1;0;-5,757437;-36,010972;"SPRF-RN";"DEL01-RN";"UOP03-DEL01-RN"
743130;1664208;2025-11-23;"domingo";"17:35:00";"RN";304;217;"CAICARA DO RIO DO VENTO";"N�o";"Aus�ncia de rea��o do condutor";1;"Colis�o frontal";"Com V�timas Feridas";"Anoitecer";"Crescente";"C�u Claro";"Simples";"Reta";"Sim";1326838;"Autom�vel";"CHEVROLET/ONIX 10MT JOYE/ONIX 10MT JOYE";2016;"Passageiro";"Les�es Leves";42;"Masculino";0;1;0;0;-5,757437;-36,010972;"SPRF-RN";"DEL01-RN";"UOP03-DEL01-RN"
743130;1664207;2025-11-23;"domingo";"17:35:00";"RN";304;217;"CAICARA DO RIO DO VENTO";"N�o";"Aus�ncia de rea��o do condutor";1;"Colis�o frontal";"Com V�timas Feridas";"Anoitecer";"Crescente";"C�u Claro";"Simples";"Reta";"Sim";1326838;"Autom�vel";"CHEVROLET/ONIX 10MT JOYE/ONIX 10MT JOYE";2016;"Condutor";"Les�es Leves";32;"Masculino";0;1;0;0;-5,757437;-36,010972;"SPRF-RN";"DEL01-RN";"UOP03-DEL01-RN"
743130;1664209;2025-11-23;"domingo";"17:35:00";"RN";304;217;"CAICARA DO RIO DO VENTO";"N�o";"Aus�ncia de rea��o do condutor";1;"Colis�o frontal";"Com V�timas Feridas";"Anoitecer";"Crescente";"C�u Claro";"Simples";"Reta";"Sim";NA;NA;"NA/NA/NA";NA;"Testemunha";"N�o Informado";NA;"N�o Informado";0;0;0;0;-5,757437;-36,010972;"SPRF-RN";"DEL01-RN";"UOP03-DEL01-RN"
743131;1664236;2025-12-29;"segunda-feira";"23:15:00";"RJ";493;1,5;"ITABORAI";"Sim";"Objeto est�tico sobre o leito carro��vel";1;"Queda de ocupante de ve�culo";"Com V�timas Feridas";"Plena Noite";"Decrescente";"C�u Claro";"M�ltipla";"Reta";"Sim";1326846;"Motocicleta";"HONDA/CG 160 START/CG 160 START";2021;"Condutor";"Les�es Leves";39;"Masculino";0;1;0;0;-22,76364204;-42,92821733;"SPRF-RJ";"DEL02-RJ";"UOP02-DEL02-RJ"
743146;1664255;2025-12-01;"segunda-feira";"16:00:00";"MG";40;606,8;"CONGONHAS";"Sim";"Acessar a via sem observar a presen�a dos outros ve�culos";3;"Queda de ocupante de ve�culo";"Com V�timas Feridas";"Pleno dia";"Decrescente";"C�u Claro";"Simples";"Reta";"N�o";1326865;"Autom�vel";"GM/ASTRA GL/ASTRA GL";2001;"Condutor";"Ileso";40;"Masculino";1;0;0;0;-20,4779397;-43,8417937;"SPRF-MG";"DEL05-MG";"UOP02-DEL05-MG"
743146;1664254;2025-12-01;"segunda-feira";"16:00:00";"MG";40;606,8;"CONGONHAS";"Sim";"Acessar a via sem observar a presen�a dos outros ve�culos";3;"Queda de ocupante de ve�culo";"Com V�timas Feridas";"Pleno dia";"Decrescente";"C�u Claro";"Simples";"Reta";"N�o";1326864;"Motocicleta";"HONDA/CG 160 TITAN/CG 160 TITAN";2024;"Condutor";"Les�es Leves";28;"Masculino";0;1;0;0;-20,4779397;-43,8417937;"SPRF-MG";"DEL05-MG";"UOP02-DEL05-MG"
743146;1664255;2025-12-01;"segunda-feira";"16:00:00";"MG";40;606,8;"CONGONHAS";"Sim";"Acessar a via sem observar a presen�a dos outros ve�culos";2;"Tombamento";"Com V�timas Feridas";"Pleno dia";"Decrescente";"C�u Claro";"Simples";"Reta";"N�o";1326865;"Autom�vel";"GM/ASTRA GL/ASTRA GL";2001;"Condutor";"Ileso";40;"Masculino";1;0;0;0;-20,4779397;-43,8417937;"SPRF-MG";"DEL05-MG";"UOP02-DEL05-MG"
743146;1664254;2025-12-01;"segunda-feira";"16:00:00";"MG";40;606,8;"CONGONHAS";"Sim";"Acessar a via sem observar a presen�a dos outros ve�culos";2;"Tombamento";"Com V�timas Feridas";"Pleno dia";"Decrescente";"C�u Claro";"Simples";"Reta";"N�o";1326864;"Motocicleta";"HONDA/CG 160 TITAN/CG 160 TITAN";2024;"Condutor";"Les�es Leves";28;"Masculino";0;1;0;0;-20,4779397;-43,8417937;"SPRF-MG";"DEL05-MG";"UOP02-DEL05-MG"
743146;1664255;2025-12-01;"segunda-feira";"16:00:00";"MG";40;606,8;"CONGONHAS";"Sim";"Acessar a via sem observar a presen�a dos outros ve�culos";1;"Colis�o transversal";"Com V�timas Feridas";"Pleno dia";"Decrescente";"C�u Claro";"Simples";"Reta";"N�o";1326865;"Autom�vel";"GM/ASTRA GL/ASTRA GL";2001;"Condutor";"Ileso";40;"Masculino";1;0;0;0;-20,4779397;-43,8417937;"SPRF-MG";"DEL05-MG";"UOP02-DEL05-MG"
743146;1664254;2025-12-01;"segunda-feira";"16:00:00";"MG";40;606,8;"CONGONHAS";"Sim";"Acessar a via sem observar a presen�a dos outros ve�culos";1;"Colis�o transversal";"Com V�timas Feridas";"Pleno dia";"Decrescente";"C�u Claro";"Simples";"Reta";"N�o";1326864;"Motocicleta";"HONDA/CG 160 TITAN/CG 160 TITAN";2024;"Condutor";"Les�es Leves";28;"Masculino";0;1;0;0;-20,4779397;-43,8417937;"SPRF-MG";"DEL05-MG";"UOP02-DEL05-MG"