"id";"pesid";"data_inversa";"dia_semana";"horario";"uf";"br";"km";"municipio";"causa_principal";"causa_acidente";"ordem_tipo_acidente";"tipo_acidente";"classificacao_acidente";"fase_dia";"sentido_via";"condicao_metereologica";"tipo_pista";"tracado_via";"uso_solo";"id_veiculo";"tipo_veiculo";"marca";"ano_fabricacao_veiculo";"tipo_envolvido";"estado_fisico";"idade";"sexo";"ilesos";"feridos_leves";"feridos_graves";"mortos";"latitude";"longitude";"regional";"delegacia";"uop"
743162;1664292;2025-12-14;"domingo";"09:30:00";"GO";452;192;"ITUMBIARA";"Sim";"Rea��o tardia ou ineficiente do condutor";1;"Capotamento";"Com V�timas Feridas";"Pleno dia";"Decrescente";"C�u Claro";"Simples";"Reta";"N�o";1326885;"Utilit�rio";"I/TOYOTA HILUX SWSRXA4FD/TOYOTA HILUX SWSRXA4FD";2022;"Condutor";"Les�es Leves";46;"Masculino";0;1;0;0;-18,2910677;-49,238611;"SPRF-GO";"DEL03-GO";"UOP02-DEL03-GO"
743162;1664291;2025-12-14;"domingo";"09:30:00";"GO";452;192;"ITUMBIARA";"Sim";"Rea��o tardia ou ineficiente do condutor";1;"Capotamento";"Com V�timas Feridas";"Pleno dia";"Decrescente";"C�u Claro";"Simples";"Reta";"N�o";1326885;"Utilit�rio";"I/TOYOTA HILUX SWSRXA4FD/TOYOTA HILUX SWSRXA4FD";2022;"Passageiro";"Ileso";2;"Feminino";1;0;0;0;-18,2910677;-49,238611;"SPRF-GO";"DEL03-GO";"UOP02-DEL03-GO"
743162;1664293;2025-12-14;"domingo";"09:30:00";"GO";452;192;"ITUMBIARA";"Sim";"Rea��o tardia ou ineficiente do condutor";1;"Capotamento";"Com V�timas Feridas";"Pleno dia";"Decrescente";"C�u Claro";"Simples";"Reta";"N�o";1326885;"Utilit�rio";"I/TOYOTA HILUX SWSRXA4FD/TOYOTA HILUX SWSRXA4FD";2022;"Passageiro";"Ileso";33;"Feminino";1;0;0;0;-18,2910677;-49,238611;"SPRF-GO";"DEL03-GO";"UOP02-DEL03-GO"
743168;1664332;2025-12-14;"domingo";"05:54:00";"MG";40;548;"NOVA LIMA";"Sim";"Velocidade Incompat�vel";2;"Colis�o com objeto";"Sem V�timas";"Pleno dia";"Decrescente";"C�u Claro";"Dupla";"Aclive;Curva";"N�o";1326905;"Utilit�rio";"MMC/PAJERO DAKAR D/PAJERO DAKAR D";2013;"Condutor";"N�o Informado";NA;"N�o Informado";0;0;0;0;-20,0374532;-43,9695639;"SPRF-MG";"DEL01-MG";"UOP02-DEL01-MG"
743168;1664332;2025-12-14;"domingo";"05:54:00";"MG";40;548;"NOVA LIMA";"Sim";"Velocidade Incompat�vel";1;"Sa�da de leito carro��vel";"Sem V�timas";"Pleno dia";"Decrescente";"C�u Claro";"Dupla";"Aclive;Curva";"N�o";1326905;"Utilit�rio";"MMC/PAJERO DAKAR D/PAJERO DAKAR D";2013;"Condutor";"N�o Informado";NA;"N�o Informado";0;0;0;0;-20,0374532;-43,9695639;"SPRF-MG";"DEL01-MG";"UOP02-DEL01-MG"
743175;1664339;2025-12-23;"ter�a-feira";"07:00:00";"SC";153;100;"CONCORDIA";"N�o";"Rea��o tardia ou ineficiente do condutor";2;"Sa�da de leito carro��vel";"Com V�timas Feridas";"Pleno dia";"Crescente";"C�u Claro";"Simples";"Reta";"N�o";1326913;"Caminhonete";"FIAT/STRADA ADVENT FLEX/STRADA ADVENT FLEX";2009;"Condutor";"Ileso";45;"Masculino";1;0;0;0;-27,244349;-51,9513317;"SPRF-SC";"DEL07-SC";"UOP04-DEL07-SC"
743175;1664338;2025-12-23;"ter�a-feira";"07:00:00";"SC";153;100;"CONCORDIA";"N�o";"Rea��o tardia ou ineficiente do condutor";2;"Sa�da de leito carro��vel";"Com V�timas Feridas";"Pleno dia";"Crescente";"C�u Claro";"Simples";"Reta";"N�o";1326912;"Autom�vel";"FIAT/SIENA FIRE FLEX/SIENA FIRE FLEX";2006;"Condutor";"Les�es Leves";22;"Masculino";0;1;0;0;-27,244349;-51,9513317;"SPRF-SC";"DEL07-SC";"UOP04-DEL07-SC"
743175;1664339;2025-12-23;"ter�a-feira";"07:00:00";"SC";153;100;"CONCORDIA";"N�o";"Rea��o tardia ou ineficiente do condutor";1;"Colis�o lateral sentido oposto";"Com V�timas Feridas";"Pleno dia";"Crescente";"C�u Claro";"Simples";"Reta";"N�o";1326913;"Caminhonete";"FIAT/STRADA ADVENT FLEX/STRADA ADVENT FLEX";2009;"Condutor";"Ileso";45;"Masculino";1;0;0;0;-27,244349;-51,9513317;"SPRF-SC";"DEL07-SC";"UOP04-DEL07-SC"
743175;1664338;2025-12-23;"ter�a-feira";"07:00:00";"SC";153;100;"CONCORDIA";"N�o";"Rea��o tardia ou ineficiente do condutor";1;"Colis�o lateral sentido oposto";"Com V�timas Feridas";"Pleno dia";"Crescente";"C�u Claro";"Simples";"Reta";"N�o";1326912;"Autom�vel";"FIAT/SIENA FIRE FLEX/SIENA FIRE FLEX";2006;"Condutor";"Les�es Leves";22;"Masculino";0;1;0;0;-27,244349;-51,9513317;"SPRF-SC";"DEL07-SC";"UOP04-DEL07-SC"
743175;1664339;2025-12-23;"ter�a-feira";"07:00:00";"SC";153;100;"CONCORDIA";"Sim";"Animais na Pista";2;"Sa�da de leito carro��vel";"Com V�timas Feridas";"Pleno dia";"Crescente";"C�u Claro";"Simples";"Reta";"N�o";1326913;"Caminhonete";"FIAT/STRADA ADVENT FLEX/STRADA ADVENT FLEX";2009;"Condutor";"Ileso";45;"Masculino";1;0;0;0;-27,244349;-51,9513317;"SPRF-SC";"DEL07-SC";"UOP04-DEL07-SC"
743175;1664338;2025-12-23;"ter�a-feira";"07:00:00";"SC";153;100;"CONCORDIA";"Sim";"Animais na Pista";2;"Sa�da de leito carro��vel";"Com V�timas Feridas";"Pleno dia";"Crescente";"C�u Claro";"Simples";"Reta";"N�o";1326912;"Autom�vel";"FIAT/SIENA FIRE FLEX/SIENA FIRE FLEX";2006;"Condutor";"Les�es Leves";22;"Masculino";0;1;0;0;-27,244349;-51,9513317;"SPRF-SC";"DEL07-SC";"UOP04-DEL07-SC"
743175;1664339;2025-12-23;"ter�a-feira";"07:00:00";"SC";153;100;"CONCORDIA";"Sim";"Animais na Pista";1;"Colis�o lateral sentido oposto";"Com V�timas Feridas";"Pleno dia";"Crescente";"C�u Claro";"Simples";"Reta";"N�o";1326913;"Caminhonete";"FIAT/STRADA ADVENT FLEX/STRADA ADVENT FLEX";2009;"Condutor";"Ileso";45;"Masculino";1;0;0;0;-27,244349;-51,9513317;"SPRF-SC";"DEL07-SC";"UOP04-DEL07-SC"
743175;1664338;2025-12-23;"ter�a-feira";"07:00:00";"SC";153;100;"CONCORDIA";"Sim";"Animais na Pista";1;"Colis�o lateral sentido oposto";"Com V�timas Feridas";"Pleno dia";"Crescente";"C�u Claro";"Simples";"Reta";"N�o";1326912;"Autom�vel";"FIAT/SIENA FIRE FLEX/SIENA FIRE FLEX";2006;"Condutor";"Les�es Leves";22;"Masculino";0;1;0;0;-27,244349;-51,9513317;"SPRF-SC";"DEL07-SC";"UOP04-DEL07-SC"
743177;NA;2025-11-19;"quarta-feira";"14:50:00";"RO";364;134;"PIMENTA BUENO";"Sim";"Rea��o tardia ou ineficiente do condutor";1;"Engavetamento";"Com V�timas Feridas";"Pleno dia";"Crescente";"Nublado";"Simples";"Reta";"N�o";1326922;"Semireboque";"SR/GUERRA ABERTA G2T093/GUERRA ABERTA G2T093";2023;NA;NA;NA;NA;NA;NA;NA;NA;-12,025742;-60,795462;"SPRF-RO";"DEL02-RO";"UOP02-DEL02-RO"
743177;NA;2025-11-19;"quarta-feira";"14:50:00";"RO";364;134;"PIMENTA BUENO";"Sim";"Rea��o tardia ou ineficiente do condutor";1;"Engavetamento";"Com V�timas Feridas";"Pleno dia";"Crescente";"Nublado";"Simples";"Reta";"N�o";1326921;"Semireboque";"SR/GUERRA ABERTA G2D093/GUERRA ABERTA G2D093";2023;NA;NA;NA;NA;NA;NA;NA;NA;-12,025742;-60,795462;"SPRF-RO";"DEL02-RO";"UOP02-DEL02-RO"
743177;NA;2025-11-19;"quarta-feira";"14:50:00";"RO";364;134;"PIMENTA BUENO";"Sim";"Rea��o tardia ou ineficiente do condutor";1;"Engavetamento";"Com V�timas Feridas";"Pleno dia";"Crescente";"Nublado";"Simples";"Reta";"N�o";1326920;"Semireboque";"SR/GUERRA DOLLY D2S059/GUERRA DOLLY D2S059";2023;NA;NA;NA;NA;NA;NA;NA;NA;-12,025742;-60,795462;"SPRF-RO";"DEL02-RO";"UOP02-DEL02-RO"
743177;NA;2025-11-19;"quarta-feira";"14:50:00";"RO";364;134;"PIMENTA BUENO";"Sim";"Rea��o tardia ou ineficiente do condutor";1;"Engavetamento";"Com V�timas Feridas";"Pleno dia";"Crescente";"Nublado";"Simples";"Reta";"N�o";1326919;"Reboque";"R/METALESP DOLLY 2E/METALESP DOLLY 2E";2023;NA;NA;NA;NA;NA;NA;NA;NA;-12,025742;-60,795462;"SPRF-RO";"DEL02-RO";"UOP02-DEL02-RO"
743177;NA;2025-11-19;"quarta-feira";"14:50:00";"RO";364;134;"PIMENTA BUENO";"Sim";"Rea��o tardia ou ineficiente do condutor";1;"Engavetamento";"Com V�timas Feridas";"Pleno dia";"Crescente";"Nublado";"Simples";"Reta";"N�o";1326918;"Semireboque";"SR/METALESP BASC 2E/METALESP BASC 2E";2023;NA;NA;NA;NA;NA;NA;NA;NA;-12,025742;-60,795462;"SPRF-RO";"DEL02-RO";"UOP02-DEL02-RO"
743177;NA;2025-11-19;"quarta-feira";"14:50:00";"RO";364;134;"PIMENTA BUENO";"Sim";"Rea��o tardia ou ineficiente do condutor";1;"Engavetamento";"Com V�timas Feridas";"Pleno dia";"Crescente";"Nublado";"Simples";"Reta";"N�o";1326917;"Semireboque";"SR/METALESP BASC 2E/METALESP BASC 2E";2023;NA;NA;NA;NA;NA;NA;NA;NA;-12,025742;-60,795462;"SPRF-RO";"DEL02-RO";"UOP02-DEL02-RO"
743177;1664346;2025-11-19;"quarta-feira";"14:50:00";"RO";364;134;"PIMENTA BUENO";"Sim";"Rea��o tardia ou ineficiente do condutor";1;"Engavetamento";"Com V�timas Feridas";"Pleno dia";"Crescente";"Nublado";"Simples";"Reta";"N�o";1326916;"Caminh�o-trator";"VOLVO/FH 540 6X4T/FH 540 6X4T";2025;"Condutor";"Ileso";64;"Masculino";1;0;0;0;-12,025742;-60,795462;"SPRF-RO";"DEL02-RO";"UOP02-DEL02-RO"
743177;1664345;2025-11-19;"quarta-feira";"14:50:00";"RO";364;134;"PIMENTA BUENO";"Sim";"Rea��o tardia ou ineficiente do condutor";1;"Engavetamento";"Com V�timas Feridas";"Pleno dia";"Crescente";"Nublado";"Simples";"Reta";"N�o";1326915;"Caminh�o-trator";"M.BENZ/ACTROS 2651S/ACTROS 2651S";2023;"Condutor";"Ileso";56;"Masculino";1;0;0;0;-12,025742;-60,795462;"SPRF-RO";"DEL02-RO";"UOP02-DEL02-RO"
743177;1664344;2025-11-19;"quarta-feira";"14:50:00";"RO";364;134;"PIMENTA BUENO";"Sim";"Rea��o tardia ou ineficiente do condutor";1;"Engavetamento";"Com V�timas Feridas";"Pleno dia";"Crescente";"Nublado";"Simples";"Reta";"N�o";1326914;"Autom�vel";"PEUGEOT/207PASSION XS/207PASSION XS";2010;"Passageiro";"Les�es Graves";62;"Feminino";0;0;1;0;-12,025742;-60,795462;"SPRF-RO";"DEL02-RO";"UOP02-DEL02-RO"
743177;1664343;2025-11-19;"quarta-feira";"14:50:00";"RO";364;134;"PIMENTA BUENO";"Sim";"Rea��o tardia ou ineficiente do condutor";1;"Engavetamento";"Com V�timas Feridas";"Pleno dia";"Crescente";"Nublado";"Simples";"Reta";"N�o";1326914;"Autom�vel";"PEUGEOT/207PASSION XS/207PASSION XS";2010;"Passageiro";"Les�es Graves";56;"Feminino";0;0;1;0;-12,025742;-60,795462;"SPRF-RO";"DEL02-RO";"UOP02-DEL02-RO"
743177;1664342;2025-11-19;"quarta-feira";"14:50:00";"RO";364;134;"PIMENTA BUENO";"Sim";"Rea��o tardia ou ineficiente do condutor";1;"Engavetamento";"Com V�timas Feridas";"Pleno dia";"Crescente";"Nublado";"Simples";"Reta";"N�o";1326914;"Autom�vel";"PEUGEOT/207PASSION XS/207PASSION XS";2010;"Passageiro";"Les�es Graves";57;"Masculino";0;0;1;0;-12,025742;-60,795462;"SPRF-RO";"DEL02-RO";"UOP02-DEL02-RO"
743177;1664341;2025-11-19;"quarta-feira";"14:50:00";"RO";364;134;"PIMENTA BUENO";"Sim";"Rea��o tardia ou ineficiente do condutor";1;"Engavetamento";"Com V�timas Feridas";"Pleno dia";"Crescente";"Nublado";"Simples";"Reta";"N�o";1326914;"Autom�vel";"PEUGEOT/207PASSION XS/207PASSION XS";2010;"Passageiro";"Les�es Graves";53;"Feminino";0;0;1;0;-12,025742;-60,795462;"SPRF-RO";"DEL02-RO";"UOP02-DEL02-RO"
743177;1664340;2025-11-19;"quarta-feira";"14:50:00";"RO";364;134;"PIMENTA BUENO";"Sim";"Rea��o tardia ou ineficiente do condutor";1;"Engavetamento";"Com V�timas Feridas";"Pleno dia";"Crescente";"Nublado";"Simples";"Reta";"N�o";1326914;"Autom�vel";"PEUGEOT/207PASSION XS/207PASSION XS";2010;"Condutor";"Les�es Graves";55;"Masculino";0;0;1;0;-12,025742;-60,795462;"SPRF-RO";"DEL02-RO";"UOP02-DEL02-RO"
743177;NA;2025-11-19;"quarta-feira";"14:50:00";"RO";364;134;"PIMENTA BUENO";"N�o";"Condutor usando celular";1;"Engavetamento";"Com V�timas Feridas";"Pleno dia";"Crescente";"Nublado";"Simples";"Reta";"N�o";1326922;"Semireboque";"SR/GUERRA ABERTA G2T093/GUERRA ABERTA G2T093";2023;NA;NA;NA;NA;NA;NA;NA;NA;-12,025742;-60,795462;"SPRF-RO";"DEL02-RO";"UOP02-DEL02-RO"
743177;NA;2025-11-19;"quarta-feira";"14:50:00";"RO";364;134;"PIMENTA BUENO";"N�o";"Condutor usando celular";1;"Engavetamento";"Com V�timas Feridas";"Pleno dia";"Crescente";"Nublado";"Simples";"Reta";"N�o";1326921;"Semireboque";"SR/GUERRA ABERTA G2D093/GUERRA ABERTA G2D093";2023;NA;NA;NA;NA;NA;NA;NA;NA;-12,025742;-60,795462;"SPRF-RO";"DEL02-RO";"UOP02-DEL02-RO"
743177;NA;2025-11-19;"quarta-feira";"14:50:00";"RO";364;134;"PIMENTA BUENO";"N�o";"Condutor usando celular";1;"Engavetamento";"Com V�timas Feridas";"Pleno dia";"Crescente";"Nublado";"Simples";"Reta";"N�o";1326920;"Semireboque";"SR/GUERRA DOLLY D2S059/GUERRA DOLLY D2S059";2023;NA;NA;NA;NA;NA;NA;NA;NA;-12,025742;-60,795462;"SPRF-RO";"DEL02-RO";"UOP02-DEL02-RO"
743177;NA;2025-11-19;"quarta-feira";"14:50:00";"RO";364;134;"PIMENTA BUENO";"N�o";"Condutor usando celular";1;"Engavetamento";"Com V�timas Feridas";"Pleno dia";"Crescente";"Nublado";"Simples";"Reta";"N�o";1326919;"Reboque";"R/METALESP DOLLY 2E/METALESP DOLLY 2E";2023;NA;NA;NA;NA;NA;NA;NA;NA;-12,025742;-60,795462;"SPRF-RO";"DEL02-RO";"UOP02-DEL02-RO"
743177;NA;2025-11-19;"quarta-feira";"14:50:00";"RO";364;134;"PIMENTA BUENO";"N�o";"Condutor usando celular";1;"Engavetamento";"Com V�timas Feridas";"Pleno dia";"Crescente";"Nublado";"Simples";"Reta";"N�o";1326918;"Semireboque";"SR/METALESP BASC 2E/METALESP BASC 2E";2023;NA;NA;NA;NA;NA;NA;NA;NA;-12,025742;-60,795462;"SPRF-RO";"DEL02-RO";"UOP02-DEL02-RO"
743177;NA;2025-11-19;"quarta-feira";"14:50:00";"RO";364;134;"PIMENTA BUENO";"N�o";"Condutor usando celular";1;"Engavetamento";"Com V�timas Feridas";"Pleno dia";"Crescente";"Nublado";"Simples";"Reta";"N�o";1326917;"Semireboque";"SR/METALESP BASC 2E/METALESP BASC 2E";2023;NA;NA;NA;NA;NA;NA;NA;NA;-12,025742;-60,795462;"SPRF-RO";"DEL02-RO";"UOP02-DEL02-RO"
743177;1664346;2025-11-19;"quarta-feira";"14:50:00";"RO";364;134;"PIMENTA BUENO";"N�o";"Condutor usando celular";1;"Engavetamento";"Com V�timas Feridas";"Pleno dia";"Crescente";"Nublado";"Simples";"Reta";"N�o";1326916;"Caminh�o-trator";"VOLVO/FH 540 6X4T/FH 540 6X4T";2025;"Condutor";"Ileso";64;"Masculino";1;0;0;0;-12,025742;-60,795462;"SPRF-RO";"DEL02-RO";"UOP02-DEL02-RO"
743177;1664345;2025-11-19;"quarta-feira";"14:50:00";"RO";364;134;"PIMENTA BUENO";"N�o";"Condutor usando celular";1;"Engavetamento";"Com V�timas Feridas";"Pleno dia";"Crescente";"Nublado";"Simples";"Reta";"N�o";1326915;"Caminh�o-trator";"M.BENZ/ACTROS 2651S/ACTROS 2651S";2023;"Condutor";"Ileso";56;"Masculino";1;0;0;0;-12,025742;-60,795462;"SPRF-RO";"DEL02-RO";"UOP02-DEL02-RO"
743177;1664344;2025-11-19;"quarta-feira";"14:50:00";"RO";364;134;"PIMENTA BUENO";"N�o";"Condutor usando celular";1;"Engavetamento";"Com V�timas Feridas";"Pleno dia";"Crescente";"Nublado";"Simples";"Reta";"N�o";1326914;"Autom�vel";"PEUGEOT/207PASSION XS/207PASSION XS";2010;"Passageiro";"Les�es Graves";62;"Feminino";0;0;1;0;-12,025742;-60,795462;"SPRF-RO";"DEL02-RO";"UOP02-DEL02-RO"
743177;1664343;2025-11-19;"quarta-feira";"14:50:00";"RO";364;134;"PIMENTA BUENO";"N�o";"Condutor usando celular";1;"Engavetamento";"Com V�timas Feridas";"Pleno dia";"Crescente";"Nublado";"Simples";"Reta";"N�o";1326914;"Autom�vel";"PEUGEOT/207PASSION XS/207PASSION XS";2010;"Passageiro";"Les�es Graves";56;"Feminino";0;0;1;0;-12,025742;-60,795462;"SPRF-RO";"DEL02-RO";"UOP02-DEL02-RO"
743177;1664342;2025-11-19;"quarta-feira";"14:50:00";"RO";364;134;"PIMENTA BUENO";"N�o";"Condutor usando celular";1;"Engavetamento";"Com V�timas Feridas";"Pleno dia";"Crescente";"Nublado";"Simples";"Reta";"N�o";1326914;"Autom�vel";"PEUGEOT/207PASSION XS/207PASSION XS";2010;"Passageiro";"Les�es Graves";57;"Masculino";0;0;1;0;-12,025742;-60,795462;"SPRF-RO";"DEL02-RO";"UOP02-DEL02-RO"
743177;1664341;2025-11-19;"quarta-feira";"14:50:00";"RO";364;134;"PIMENTA BUENO";"N�o";"Condutor usando celular";1;"Engavetamento";"Com V�timas Feridas";"Pleno dia";"Crescente";"Nublado";"Simples";"Reta";"N�o";1326914;"Autom�vel";"PEUGEOT/207PASSION XS/207PASSION XS";2010;"Passageiro";"Les�es Graves";53;"Feminino";0;0;1;0;-12,025742;-60,795462;"SPRF-RO";"DEL02-RO";"UOP02-DEL02-RO"
743177;1664340;2025-11-19;"quarta-feira";"14:50:00";"RO";364;134;"PIMENTA BUENO";"N�o";"Condutor usando celular";1;"Engavetamento";"Com V�timas Feridas";"Pleno dia";"Crescente";"Nublado";"Simples";"Reta";"N�o";1326914;"Autom�vel";"PEUGEOT/207PASSION XS/207PASSION XS";2010;"Condutor";"Les�es Graves";55;"Masculino";0;0;1;0;-12,025742;-60,795462;"SPRF-RO";"DEL02-RO";"UOP02-DEL02-RO"
743177;NA;2025-11-19;"quarta-feira";"14:50:00";"RO";364;134;"PIMENTA BUENO";"N�o";"Velocidade Incompat�vel";1;"Engavetamento";"Com V�timas Feridas";"Pleno dia";"Crescente";"Nublado";"Simples";"Reta";"N�o";1326922;"Semireboque";"SR/GUERRA ABERTA G2T093/GUERRA ABERTA G2T093";2023;NA;NA;NA;NA;NA;NA;NA;NA;-12,025742;-60,795462;"SPRF-RO";"DEL02-RO";"UOP02-DEL02-RO"
743177;NA;2025-11-19;"quarta-feira";"14:50:00";"RO";364;134;"PIMENTA BUENO";"N�o";"Velocidade Incompat�vel";1;"Engavetamento";"Com V�timas Feridas";"Pleno dia";"Crescente";"Nublado";"Simples";"Reta";"N�o";1326921;"Semireboque";"SR/GUERRA ABERTA G2D093/GUERRA ABERTA G2D093";2023;NA;NA;NA;NA;NA;NA;NA;NA;-12,025742;-60,795462;"SPRF-RO";"DEL02-RO";"UOP02-DEL02-RO"
743177;NA;2025-11-19;"quarta-feira";"14:50:00";"RO";364;134;"PIMENTA BUENO";"N�o";"Velocidade Incompat�vel";1;"Engavetamento";"Com V�timas Feridas";"Pleno dia";"Crescente";"Nublado";"Simples";"Reta";"N�o";1326920;"Semireboque";"SR/GUERRA DOLLY D2S059/GUERRA DOLLY D2S059";2023;NA;NA;NA;NA;NA;NA;NA;NA;-12,025742;-60,795462;"SPRF-RO";"DEL02-RO";"UOP02-DEL02-RO"
743177;NA;2025-11-19;"quarta-feira";"14:50:00";"RO";364;134;"PIMENTA BUENO";"N�o";"Velocidade Incompat�vel";1;"Engavetamento";"Com V�timas Feridas";"Pleno dia";"Crescente";"Nublado";"Simples";"Reta";"N�o";1326919;"Reboque";"R/METALESP DOLLY 2E/METALESP DOLLY 2E";2023;NA;NA;NA;NA;NA;NA;NA;NA;-12,025742;-60,795462;"SPRF-RO";"DEL02-RO";"UOP02-DEL02-RO"
743177;NA;2025-11-19;"quarta-feira";"14:50:00";"RO";364;134;"PIMENTA BUENO";"N�o";"Velocidade Incompat�vel";1;"Engavetamento";"Com V�timas Feridas";"Pleno dia";"Crescente";"Nublado";"Simples";"Reta";"N�o";1326918;"Semireboque";"SR/METALESP BASC 2E/METALESP BASC 2E";2023;NA;NA;NA;NA;NA;NA;NA;NA;-12,025742;-60,795462;"SPRF-RO";"DEL02-RO";"UOP02-DEL02-RO"
743177;NA;2025-11-19;"quarta-feira";"14:50:00";"RO";364;134;"PIMENTA BUENO";"N�o";"Velocidade Incompat�vel";1;"Engavetamento";"Com V�timas Feridas";"Pleno dia";"Crescente";"Nublado";"Simples";"Reta";"N�o";1326917;"Semireboque";"SR/METALESP BASC 2E/METALESP BASC 2E";2023;NA;NA;NA;NA;NA;NA;NA;NA;-12,025742;-60,795462;"SPRF-RO";"DEL02-RO";"UOP02-DEL02-RO"
743177;1664346;2025-11-19;"quarta-feira";"14:50:00";"RO";364;134;"PIMENTA BUENO";"N�o";"Velocidade Incompat�vel";1;"Engavetamento";"Com V�timas Feridas";"Pleno dia";"Crescente";"Nublado";"Simples";"Reta";"N�o";1326916;"Caminh�o-trator";"VOLVO/FH 540 6X4T/FH 540 6X4T";2025;"Condutor";"Ileso";64;"Masculino";1;0;0;0;-12,025742;-60,795462;"SPRF-RO";"DEL02-RO";"UOP02-DEL02-RO"
743177;1664345;2025-11-19;"quarta-feira";"14:50:00";"RO";364;134;"PIMENTA BUENO";"N�o";"Velocidade Incompat�vel";1;"Engavetamento";"Com V�timas Feridas";"Pleno dia";"Crescente";"Nublado";"Simples";"Reta";"N�o";1326915;"Caminh�o-trator";"M.BENZ/ACTROS 2651S/ACTROS 2651S";2023;"Condutor";"Ileso";56;"Masculino";1;0;0;0;-12,025742;-60,795462;"SPRF-RO";"DEL02-RO";"UOP02-DEL02-RO"
743177;1664344;2025-11-19;"quarta-feira";"14:50:00";"RO";364;134;"PIMENTA BUENO";"N�o";"Velocidade Incompat�vel";1;"Engavetamento";"Com V�timas Feridas";"Pleno dia";"Crescente";"Nublado";"Simples";"Reta";"N�o";1326914;"Autom�vel";"PEUGEOT/207PASSION XS/207PASSION XS";2010;"Passageiro";"Les�es Graves";62;"Feminino";0;0;1;0;-12,025742;-60,795462;"SPRF-RO";"DEL02-RO";"UOP02-DEL02-RO"
743177;1664343;2025-11-19;"quarta-feira";"14:50:00";"RO";364;134;"PIMENTA BUENO";"N�o";"Velocidade Incompat�vel";1;"Engavetamento";"Com V�timas Feridas";"Pleno dia";"Crescente";"Nublado";"Simples";"Reta";"N�o";1326914;"Autom�vel";"PEUGEOT/207PASSION XS/207PASSION XS";2010;"Passageiro";"Les�es Graves";56;"Feminino";0;0;1;0;-12,025742;-60,795462;"SPRF-RO";"DEL02-RO";"UOP02-DEL02-RO"
743177;1664342;2025-11-19;"quarta-feira";"14:50:00";"RO";364;134;"PIMENTA BUENO";"N�o";"Velocidade Incompat�vel";1;"Engavetamento";"Com V�timas Feridas";"Pleno dia";"Crescente";"Nublado";"Simples";"Reta";"N�o";1326914;"Autom�vel";"PEUGEOT/207PASSION XS/207PASSION XS";2010;"Passageiro";"Les�es Graves";57;"Masculino";0;0;1;0;-12,025742;-60,795462;"SPRF-RO";"DEL02-RO";"UOP02-DEL02-RO"
743177;1664341;2025-11-19;"quarta-feira";"14:50:00";"RO";364;134;"PIMENTA BUENO";"N�o";"Velocidade Incompat�vel";1;"Engavetamento";"Com V�timas Feridas";"Pleno dia";"Crescente";"Nublado";"Simples";"Reta";"N�o";1326914;"Autom�vel";"PEUGEOT/207PASSION XS/207PASSION XS";2010;"Passageiro";"Les�es Graves";53;"Feminino";0;0;1;0;-12,025742;-60,795462;"SPRF-RO";"DEL02-RO";"UOP02-DEL02-RO"
743177;1664340;2025-11-19;"quarta-feira";"14:50:00";"RO";364;134;"PIMENTA BUENO";"N�o";"Velocidade Incompat�vel";1;"Engavetamento";"Com V�timas Feridas";"Pleno dia";"Crescente";"Nublado";"Simples";"Reta";"N�o";1326914;"Autom�vel";"PEUGEOT/207PASSION XS/207PASSION XS";2010;"Condutor";"Les�es Graves";55;"Masculino";0;0;1;0;-12,025742;-60,795462;"SPRF-RO";"DEL02-RO";"UOP02-DEL02-RO"
743184;1664361;2025-12-31;"quarta-feira";"21:55:00";"AC";364;703;"CRUZEIRO DO SUL";"N�o";"Aus�ncia de rea��o do condutor";2;"Queda de ocupante de ve�culo";"Com V�timas Feridas";"Plena Noite";"Decrescente";"C�u Claro";"Simples";"Reta";"N�o";1326929;"Motocicleta";"YAMAHA/YBR150 FACTOR DX/YBR150 FACTOR DX";2025;"Passageiro";"Les�es Graves";20;"Masculino";0;0;1;0;-7,772997;-72,207315;"SPRF-AC";"DEL01-AC";"UOP03-DEL01-AC"
743184;1666461;2025-12-31;"quarta-feira";"21:55:00";"AC";364;703;"CRUZEIRO DO SUL";"N�o";"Aus�ncia de rea��o do condutor";2;"Queda de ocupante de ve�culo";"Com V�timas Feridas";"Plena Noite";"Decrescente";"C�u Claro";"Simples";"Reta";"N�o";1326929;"Motocicleta";"YAMAHA/YBR150 FACTOR DX/YBR150 FACTOR DX";2025;"Passageiro";"Les�es Leves";17;"Feminino";0;1;0;0;-7,772997;-72,207315;"SPRF-AC";"DEL01-AC";"UOP03-DEL01-AC"
743184;1664359;2025-12-31;"quarta-feira";"21:55:00";"AC";364;703;"CRUZEIRO DO SUL";"N�o";"Aus�ncia de rea��o do condutor";2;"Queda de ocupante de ve�culo";"Com V�timas Feridas";"Plena Noite";"Decrescente";"C�u Claro";"Simples";"Reta";"N�o";1326929;"Motocicleta";"YAMAHA/YBR150 FACTOR DX/YBR150 FACTOR DX";2025;"Condutor";"Les�es Leves";28;"Masculino";0;1;0;0;-7,772997;-72,207315;"SPRF-AC";"DEL01-AC";"UOP03-DEL01-AC"