"id";"pesid";"data_inversa";"dia_semana";"horario";"uf";"br";"km";"municipio";"causa_principal";"causa_acidente";"ordem_tipo_acidente";"tipo_acidente";"classificacao_acidente";"fase_dia";"sentido_via";"condicao_metereologica";"tipo_pista";"tracado_via";"uso_solo";"id_veiculo";"tipo_veiculo";"marca";"ano_fabricacao_veiculo";"tipo_envolvido";"estado_fisico";"idade";"sexo";"ilesos";"feridos_leves";"feridos_graves";"mortos";"latitude";"longitude";"regional";"delegacia";"uop"
743184;1664358;2025-12-31;"quarta-feira";"21:55:00";"AC";364;703;"CRUZEIRO DO SUL";"N�o";"Aus�ncia de rea��o do condutor";2;"Queda de ocupante de ve�culo";"Com V�timas Feridas";"Plena Noite";"Decrescente";"C�u Claro";"Simples";"Reta";"N�o";1326926;"Motocicleta";"YAMAHA/YBR150 FACTOR DX/YBR150 FACTOR DX";2025;"Condutor";"Les�es Graves";23;"Masculino";0;0;1;0;-7,772997;-72,207315;"SPRF-AC";"DEL01-AC";"UOP03-DEL01-AC"
743184;1666455;2025-12-31;"quarta-feira";"21:55:00";"AC";364;703;"CRUZEIRO DO SUL";"N�o";"Aus�ncia de rea��o do condutor";2;"Queda de ocupante de ve�culo";"Com V�timas Feridas";"Plena Noite";"Decrescente";"C�u Claro";"Simples";"Reta";"N�o";1326926;"Motocicleta";"YAMAHA/YBR150 FACTOR DX/YBR150 FACTOR DX";2025;"Passageiro";"Les�es Leves";25;"Feminino";0;1;0;0;-7,772997;-72,207315;"SPRF-AC";"DEL01-AC";"UOP03-DEL01-AC"
743184;1664360;2025-12-31;"quarta-feira";"21:55:00";"AC";364;703;"CRUZEIRO DO SUL";"N�o";"Aus�ncia de rea��o do condutor";2;"Queda de ocupante de ve�culo";"Com V�timas Feridas";"Plena Noite";"Decrescente";"C�u Claro";"Simples";"Reta";"N�o";1326926;"Motocicleta";"YAMAHA/YBR150 FACTOR DX/YBR150 FACTOR DX";2025;"Passageiro";"Les�es Leves";16;"Feminino";0;1;0;0;-7,772997;-72,207315;"SPRF-AC";"DEL01-AC";"UOP03-DEL01-AC"
743184;1664361;2025-12-31;"quarta-feira";"21:55:00";"AC";364;703;"CRUZEIRO DO SUL";"N�o";"Aus�ncia de rea��o do condutor";1;"Colis�o traseira";"Com V�timas Feridas";"Plena Noite";"Decrescente";"C�u Claro";"Simples";"Reta";"N�o";1326929;"Motocicleta";"YAMAHA/YBR150 FACTOR DX/YBR150 FACTOR DX";2025;"Passageiro";"Les�es Graves";20;"Masculino";0;0;1;0;-7,772997;-72,207315;"SPRF-AC";"DEL01-AC";"UOP03-DEL01-AC"
743184;1666461;2025-12-31;"quarta-feira";"21:55:00";"AC";364;703;"CRUZEIRO DO SUL";"N�o";"Aus�ncia de rea��o do condutor";1;"Colis�o traseira";"Com V�timas Feridas";"Plena Noite";"Decrescente";"C�u Claro";"Simples";"Reta";"N�o";1326929;"Motocicleta";"YAMAHA/YBR150 FACTOR DX/YBR150 FACTOR DX";2025;"Passageiro";"Les�es Leves";17;"Feminino";0;1;0;0;-7,772997;-72,207315;"SPRF-AC";"DEL01-AC";"UOP03-DEL01-AC"
743184;1664359;2025-12-31;"quarta-feira";"21:55:00";"AC";364;703;"CRUZEIRO DO SUL";"N�o";"Aus�ncia de rea��o do condutor";1;"Colis�o traseira";"Com V�timas Feridas";"Plena Noite";"Decrescente";"C�u Claro";"Simples";"Reta";"N�o";1326929;"Motocicleta";"YAMAHA/YBR150 FACTOR DX/YBR150 FACTOR DX";2025;"Condutor";"Les�es Leves";28;"Masculino";0;1;0;0;-7,772997;-72,207315;"SPRF-AC";"DEL01-AC";"UOP03-DEL01-AC"
743184;1664358;2025-12-31;"quarta-feira";"21:55:00";"AC";364;703;"CRUZEIRO DO SUL";"N�o";"Aus�ncia de rea��o do condutor";1;"Colis�o traseira";"Com V�timas Feridas";"Plena Noite";"Decrescente";"C�u Claro";"Simples";"Reta";"N�o";1326926;"Motocicleta";"YAMAHA/YBR150 FACTOR DX/YBR150 FACTOR DX";2025;"Condutor";"Les�es Graves";23;"Masculino";0;0;1;0;-7,772997;-72,207315;"SPRF-AC";"DEL01-AC";"UOP03-DEL01-AC"
743184;1666455;2025-12-31;"quarta-feira";"21:55:00";"AC";364;703;"CRUZEIRO DO SUL";"N�o";"Aus�ncia de rea��o do condutor";1;"Colis�o traseira";"Com V�timas Feridas";"Plena Noite";"Decrescente";"C�u Claro";"Simples";"Reta";"N�o";1326926;"Motocicleta";"YAMAHA/YBR150 FACTOR DX/YBR150 FACTOR DX";2025;"Passageiro";"Les�es Leves";25;"Feminino";0;1;0;0;-7,772997;-72,207315;"SPRF-AC";"DEL01-AC";"UOP03-DEL01-AC"
743184;1664360;2025-12-31;"quarta-feira";"21:55:00";"AC";364;703;"CRUZEIRO DO SUL";"N�o";"Aus�ncia de rea��o do condutor";1;"Colis�o traseira";"Com V�timas Feridas";"Plena Noite";"Decrescente";"C�u Claro";"Simples";"Reta";"N�o";1326926;"Motocicleta";"YAMAHA/YBR150 FACTOR DX/YBR150 FACTOR DX";2025;"Passageiro";"Les�es Leves";16;"Feminino";0;1;0;0;-7,772997;-72,207315;"SPRF-AC";"DEL01-AC";"UOP03-DEL01-AC"
743184;1664361;2025-12-31;"quarta-feira";"21:55:00";"AC";364;703;"CRUZEIRO DO SUL";"Sim";"Rea��o tardia ou ineficiente do condutor";2;"Queda de ocupante de ve�culo";"Com V�timas Feridas";"Plena Noite";"Decrescente";"C�u Claro";"Simples";"Reta";"N�o";1326929;"Motocicleta";"YAMAHA/YBR150 FACTOR DX/YBR150 FACTOR DX";2025;"Passageiro";"Les�es Graves";20;"Masculino";0;0;1;0;-7,772997;-72,207315;"SPRF-AC";"DEL01-AC";"UOP03-DEL01-AC"
743184;1666461;2025-12-31;"quarta-feira";"21:55:00";"AC";364;703;"CRUZEIRO DO SUL";"Sim";"Rea��o tardia ou ineficiente do condutor";2;"Queda de ocupante de ve�culo";"Com V�timas Feridas";"Plena Noite";"Decrescente";"C�u Claro";"Simples";"Reta";"N�o";1326929;"Motocicleta";"YAMAHA/YBR150 FACTOR DX/YBR150 FACTOR DX";2025;"Passageiro";"Les�es Leves";17;"Feminino";0;1;0;0;-7,772997;-72,207315;"SPRF-AC";"DEL01-AC";"UOP03-DEL01-AC"
743184;1664359;2025-12-31;"quarta-feira";"21:55:00";"AC";364;703;"CRUZEIRO DO SUL";"Sim";"Rea��o tardia ou ineficiente do condutor";2;"Queda de ocupante de ve�culo";"Com V�timas Feridas";"Plena Noite";"Decrescente";"C�u Claro";"Simples";"Reta";"N�o";1326929;"Motocicleta";"YAMAHA/YBR150 FACTOR DX/YBR150 FACTOR DX";2025;"Condutor";"Les�es Leves";28;"Masculino";0;1;0;0;-7,772997;-72,207315;"SPRF-AC";"DEL01-AC";"UOP03-DEL01-AC"
743184;1664358;2025-12-31;"quarta-feira";"21:55:00";"AC";364;703;"CRUZEIRO DO SUL";"Sim";"Rea��o tardia ou ineficiente do condutor";2;"Queda de ocupante de ve�culo";"Com V�timas Feridas";"Plena Noite";"Decrescente";"C�u Claro";"Simples";"Reta";"N�o";1326926;"Motocicleta";"YAMAHA/YBR150 FACTOR DX/YBR150 FACTOR DX";2025;"Condutor";"Les�es Graves";23;"Masculino";0;0;1;0;-7,772997;-72,207315;"SPRF-AC";"DEL01-AC";"UOP03-DEL01-AC"
743184;1666455;2025-12-31;"quarta-feira";"21:55:00";"AC";364;703;"CRUZEIRO DO SUL";"Sim";"Rea��o tardia ou ineficiente do condutor";2;"Queda de ocupante de ve�culo";"Com V�timas Feridas";"Plena Noite";"Decrescente";"C�u Claro";"Simples";"Reta";"N�o";1326926;"Motocicleta";"YAMAHA/YBR150 FACTOR DX/YBR150 FACTOR DX";2025;"Passageiro";"Les�es Leves";25;"Feminino";0;1;0;0;-7,772997;-72,207315;"SPRF-AC";"DEL01-AC";"UOP03-DEL01-AC"
743184;1664360;2025-12-31;"quarta-feira";"21:55:00";"AC";364;703;"CRUZEIRO DO SUL";"Sim";"Rea��o tardia ou ineficiente do condutor";2;"Queda de ocupante de ve�culo";"Com V�timas Feridas";"Plena Noite";"Decrescente";"C�u Claro";"Simples";"Reta";"N�o";1326926;"Motocicleta";"YAMAHA/YBR150 FACTOR DX/YBR150 FACTOR DX";2025;"Passageiro";"Les�es Leves";16;"Feminino";0;1;0;0;-7,772997;-72,207315;"SPRF-AC";"DEL01-AC";"UOP03-DEL01-AC"
743184;1664361;2025-12-31;"quarta-feira";"21:55:00";"AC";364;703;"CRUZEIRO DO SUL";"Sim";"Rea��o tardia ou ineficiente do condutor";1;"Colis�o traseira";"Com V�timas Feridas";"Plena Noite";"Decrescente";"C�u Claro";"Simples";"Reta";"N�o";1326929;"Motocicleta";"YAMAHA/YBR150 FACTOR DX/YBR150 FACTOR DX";2025;"Passageiro";"Les�es Graves";20;"Masculino";0;0;1;0;-7,772997;-72,207315;"SPRF-AC";"DEL01-AC";"UOP03-DEL01-AC"
743184;1666461;2025-12-31;"quarta-feira";"21:55:00";"AC";364;703;"CRUZEIRO DO SUL";"Sim";"Rea��o tardia ou ineficiente do condutor";1;"Colis�o traseira";"Com V�timas Feridas";"Plena Noite";"Decrescente";"C�u Claro";"Simples";"Reta";"N�o";1326929;"Motocicleta";"YAMAHA/YBR150 FACTOR DX/YBR150 FACTOR DX";2025;"Passageiro";"Les�es Leves";17;"Feminino";0;1;0;0;-7,772997;-72,207315;"SPRF-AC";"DEL01-AC";"UOP03-DEL01-AC"
743184;1664359;2025-12-31;"quarta-feira";"21:55:00";"AC";364;703;"CRUZEIRO DO SUL";"Sim";"Rea��o tardia ou ineficiente do condutor";1;"Colis�o traseira";"Com V�timas Feridas";"Plena Noite";"Decrescente";"C�u Claro";"Simples";"Reta";"N�o";1326929;"Motocicleta";"YAMAHA/YBR150 FACTOR DX/YBR150 FACTOR DX";2025;"Condutor";"Les�es Leves";28;"Masculino";0;1;0;0;-7,772997;-72,207315;"SPRF-AC";"DEL01-AC";"UOP03-DEL01-AC"
743184;1664358;2025-12-31;"quarta-feira";"21:55:00";"AC";364;703;"CRUZEIRO DO SUL";"Sim";"Rea��o tardia ou ineficiente do condutor";1;"Colis�o traseira";"Com V�timas Feridas";"Plena Noite";"Decrescente";"C�u Claro";"Simples";"Reta";"N�o";1326926;"Motocicleta";"YAMAHA/YBR150 FACTOR DX/YBR150 FACTOR DX";2025;"Condutor";"Les�es Graves";23;"Masculino";0;0;1;0;-7,772997;-72,207315;"SPRF-AC";"DEL01-AC";"UOP03-DEL01-AC"
743184;1666455;2025-12-31;"quarta-feira";"21:55:00";"AC";364;703;"CRUZEIRO DO SUL";"Sim";"Rea��o tardia ou ineficiente do condutor";1;"Colis�o traseira";"Com V�timas Feridas";"Plena Noite";"Decrescente";"C�u Claro";"Simples";"Reta";"N�o";1326926;"Motocicleta";"YAMAHA/YBR150 FACTOR DX/YBR150 FACTOR DX";2025;"Passageiro";"Les�es Leves";25;"Feminino";0;1;0;0;-7,772997;-72,207315;"SPRF-AC";"DEL01-AC";"UOP03-DEL01-AC"
743184;1664360;2025-12-31;"quarta-feira";"21:55:00";"AC";364;703;"CRUZEIRO DO SUL";"Sim";"Rea��o tardia ou ineficiente do condutor";1;"Colis�o traseira";"Com V�timas Feridas";"Plena Noite";"Decrescente";"C�u Claro";"Simples";"Reta";"N�o";1326926;"Motocicleta";"YAMAHA/YBR150 FACTOR DX/YBR150 FACTOR DX";2025;"Passageiro";"Les�es Leves";16;"Feminino";0;1;0;0;-7,772997;-72,207315;"SPRF-AC";"DEL01-AC";"UOP03-DEL01-AC"
743193;NA;2025-12-21;"domingo";"16:15:00";"MG";153;82;"PRATA";"Sim";"Demais falhas mec�nicas ou el�tricas";3;"Colis�o com objeto";"Com V�timas Feridas";"Pleno dia";"Crescente";"C�u Claro";"Simples";"Reta;Declive";"N�o";1330846;"Semireboque";"SR/NOSTRA SRCF 3E/NOSTRA SRCF 3E";2020;NA;NA;NA;NA;NA;NA;NA;NA;-19,05304648;-49,01102267;"SPRF-MG";"DEL15-MG";"UOP03-DEL15-MG"
743193;1670475;2025-12-21;"domingo";"16:15:00";"MG";153;82;"PRATA";"Sim";"Demais falhas mec�nicas ou el�tricas";3;"Colis�o com objeto";"Com V�timas Feridas";"Pleno dia";"Crescente";"C�u Claro";"Simples";"Reta;Declive";"N�o";1326937;"Caminh�o-trator";"VOLVO/FH 440 6X2T/FH 440 6X2T";2011;"Passageiro";"Les�es Leves";9;"Masculino";0;1;0;0;-19,05304648;-49,01102267;"SPRF-MG";"DEL15-MG";"UOP03-DEL15-MG"
743193;1664370;2025-12-21;"domingo";"16:15:00";"MG";153;82;"PRATA";"Sim";"Demais falhas mec�nicas ou el�tricas";3;"Colis�o com objeto";"Com V�timas Feridas";"Pleno dia";"Crescente";"C�u Claro";"Simples";"Reta;Declive";"N�o";1326937;"Caminh�o-trator";"VOLVO/FH 440 6X2T/FH 440 6X2T";2011;"Condutor";"Les�es Leves";53;"Masculino";0;1;0;0;-19,05304648;-49,01102267;"SPRF-MG";"DEL15-MG";"UOP03-DEL15-MG"
743193;NA;2025-12-21;"domingo";"16:15:00";"MG";153;82;"PRATA";"Sim";"Demais falhas mec�nicas ou el�tricas";2;"Sa�da de leito carro��vel";"Com V�timas Feridas";"Pleno dia";"Crescente";"C�u Claro";"Simples";"Reta;Declive";"N�o";1330846;"Semireboque";"SR/NOSTRA SRCF 3E/NOSTRA SRCF 3E";2020;NA;NA;NA;NA;NA;NA;NA;NA;-19,05304648;-49,01102267;"SPRF-MG";"DEL15-MG";"UOP03-DEL15-MG"
743193;1670475;2025-12-21;"domingo";"16:15:00";"MG";153;82;"PRATA";"Sim";"Demais falhas mec�nicas ou el�tricas";2;"Sa�da de leito carro��vel";"Com V�timas Feridas";"Pleno dia";"Crescente";"C�u Claro";"Simples";"Reta;Declive";"N�o";1326937;"Caminh�o-trator";"VOLVO/FH 440 6X2T/FH 440 6X2T";2011;"Passageiro";"Les�es Leves";9;"Masculino";0;1;0;0;-19,05304648;-49,01102267;"SPRF-MG";"DEL15-MG";"UOP03-DEL15-MG"
743193;1664370;2025-12-21;"domingo";"16:15:00";"MG";153;82;"PRATA";"Sim";"Demais falhas mec�nicas ou el�tricas";2;"Sa�da de leito carro��vel";"Com V�timas Feridas";"Pleno dia";"Crescente";"C�u Claro";"Simples";"Reta;Declive";"N�o";1326937;"Caminh�o-trator";"VOLVO/FH 440 6X2T/FH 440 6X2T";2011;"Condutor";"Les�es Leves";53;"Masculino";0;1;0;0;-19,05304648;-49,01102267;"SPRF-MG";"DEL15-MG";"UOP03-DEL15-MG"
743193;NA;2025-12-21;"domingo";"16:15:00";"MG";153;82;"PRATA";"Sim";"Demais falhas mec�nicas ou el�tricas";1;"Eventos at�picos";"Com V�timas Feridas";"Pleno dia";"Crescente";"C�u Claro";"Simples";"Reta;Declive";"N�o";1330846;"Semireboque";"SR/NOSTRA SRCF 3E/NOSTRA SRCF 3E";2020;NA;NA;NA;NA;NA;NA;NA;NA;-19,05304648;-49,01102267;"SPRF-MG";"DEL15-MG";"UOP03-DEL15-MG"
743193;1670475;2025-12-21;"domingo";"16:15:00";"MG";153;82;"PRATA";"Sim";"Demais falhas mec�nicas ou el�tricas";1;"Eventos at�picos";"Com V�timas Feridas";"Pleno dia";"Crescente";"C�u Claro";"Simples";"Reta;Declive";"N�o";1326937;"Caminh�o-trator";"VOLVO/FH 440 6X2T/FH 440 6X2T";2011;"Passageiro";"Les�es Leves";9;"Masculino";0;1;0;0;-19,05304648;-49,01102267;"SPRF-MG";"DEL15-MG";"UOP03-DEL15-MG"
743193;1664370;2025-12-21;"domingo";"16:15:00";"MG";153;82;"PRATA";"Sim";"Demais falhas mec�nicas ou el�tricas";1;"Eventos at�picos";"Com V�timas Feridas";"Pleno dia";"Crescente";"C�u Claro";"Simples";"Reta;Declive";"N�o";1326937;"Caminh�o-trator";"VOLVO/FH 440 6X2T/FH 440 6X2T";2011;"Condutor";"Les�es Leves";53;"Masculino";0;1;0;0;-19,05304648;-49,01102267;"SPRF-MG";"DEL15-MG";"UOP03-DEL15-MG"
743221;1664461;2025-08-15;"sexta-feira";"08:30:00";"PE";407;129;"PETROLINA";"N�o";"Rea��o tardia ou ineficiente do condutor";2;"Tombamento";"Com V�timas Feridas";"Pleno dia";"Decrescente";"Ignorado";"Dupla";"Viaduto";"N�o";1326993;"Motocicleta";"N�o Informado/N�o Informado/N�o Informado";0;"Condutor";"Les�es Leves";NA;"Masculino";0;1;0;0;-9,3168226;-40,4579886;"SPRF-PE";"DEL06-PE";"UOP01-DEL06-PE"
743221;1664461;2025-08-15;"sexta-feira";"08:30:00";"PE";407;129;"PETROLINA";"N�o";"Rea��o tardia ou ineficiente do condutor";1;"Queda de ocupante de ve�culo";"Com V�timas Feridas";"Pleno dia";"Decrescente";"Ignorado";"Dupla";"Viaduto";"N�o";1326993;"Motocicleta";"N�o Informado/N�o Informado/N�o Informado";0;"Condutor";"Les�es Leves";NA;"Masculino";0;1;0;0;-9,3168226;-40,4579886;"SPRF-PE";"DEL06-PE";"UOP01-DEL06-PE"
743221;1664461;2025-08-15;"sexta-feira";"08:30:00";"PE";407;129;"PETROLINA";"Sim";"Acessar a via sem observar a presen�a dos outros ve�culos";2;"Tombamento";"Com V�timas Feridas";"Pleno dia";"Decrescente";"Ignorado";"Dupla";"Viaduto";"N�o";1326993;"Motocicleta";"N�o Informado/N�o Informado/N�o Informado";0;"Condutor";"Les�es Leves";NA;"Masculino";0;1;0;0;-9,3168226;-40,4579886;"SPRF-PE";"DEL06-PE";"UOP01-DEL06-PE"
743221;1664461;2025-08-15;"sexta-feira";"08:30:00";"PE";407;129;"PETROLINA";"Sim";"Acessar a via sem observar a presen�a dos outros ve�culos";1;"Queda de ocupante de ve�culo";"Com V�timas Feridas";"Pleno dia";"Decrescente";"Ignorado";"Dupla";"Viaduto";"N�o";1326993;"Motocicleta";"N�o Informado/N�o Informado/N�o Informado";0;"Condutor";"Les�es Leves";NA;"Masculino";0;1;0;0;-9,3168226;-40,4579886;"SPRF-PE";"DEL06-PE";"UOP01-DEL06-PE"
743229;NA;2025-12-04;"quinta-feira";"17:30:00";"BA";116;732,5;"BOA NOVA";"Sim";"Velocidade Incompat�vel";1;"Colis�o lateral mesmo sentido";"Com V�timas Feridas";"Pleno dia";"Decrescente";"Nublado";"Simples";"Curva";"N�o";1327014;"Semireboque";"SR/RANDON SR CA 3E/RANDON SR CA 3E";2021;NA;NA;NA;NA;NA;NA;NA;NA;-14,33245926;-40,32587528;"SPRF-BA";"DEL08-BA";"UOP02-DEL08-BA"
743229;NA;2025-12-04;"quinta-feira";"17:30:00";"BA";116;732,5;"BOA NOVA";"Sim";"Velocidade Incompat�vel";1;"Colis�o lateral mesmo sentido";"Com V�timas Feridas";"Pleno dia";"Decrescente";"Nublado";"Simples";"Curva";"N�o";1327013;"Semireboque";"SR/GUERRA AG SI/GUERRA AG SI";2011;NA;NA;NA;NA;NA;NA;NA;NA;-14,33245926;-40,32587528;"SPRF-BA";"DEL08-BA";"UOP02-DEL08-BA"
743229;1664490;2025-12-04;"quinta-feira";"17:30:00";"BA";116;732,5;"BOA NOVA";"Sim";"Velocidade Incompat�vel";1;"Colis�o lateral mesmo sentido";"Com V�timas Feridas";"Pleno dia";"Decrescente";"Nublado";"Simples";"Curva";"N�o";1327012;"Caminh�o-trator";"SCANIA/R450 A6X2/R450 A6X2";2021;"Condutor";"Ileso";51;"Masculino";1;0;0;0;-14,33245926;-40,32587528;"SPRF-BA";"DEL08-BA";"UOP02-DEL08-BA"
743229;1664489;2025-12-04;"quinta-feira";"17:30:00";"BA";116;732,5;"BOA NOVA";"Sim";"Velocidade Incompat�vel";1;"Colis�o lateral mesmo sentido";"Com V�timas Feridas";"Pleno dia";"Decrescente";"Nublado";"Simples";"Curva";"N�o";1327011;"Caminh�o-trator";"SCANIA/P 340 A4X2/P 340 A4X2";2010;"Condutor";"Les�es Leves";33;"Masculino";0;1;0;0;-14,33245926;-40,32587528;"SPRF-BA";"DEL08-BA";"UOP02-DEL08-BA"
743255;1664547;2025-10-12;"domingo";"20:20:00";"ES";101;71,8;"SAO MATEUS";"Sim";"Frear bruscamente";1;"Queda de ocupante de ve�culo";"Com V�timas Feridas";"Plena Noite";"Crescente";"C�u Claro";"Simples";"Reta;Aclive";"N�o";1327050;"Motoneta";"HONDA/BIZ 125/BIZ 125";0;"Condutor";"Les�es Graves";20;"Masculino";0;0;1;0;-18,76157071;-39,86353657;"SPRF-ES";"DEL04-ES";"UOP02-DEL04-ES"
743257;1664552;2025-12-12;"sexta-feira";"10:10:00";"MG";40;531;"CONTAGEM";"Sim";"Transitar no Acostamento";3;"Queda de ocupante de ve�culo";"Com V�timas Feridas";"Pleno dia";"Crescente";"C�u Claro";"Dupla";"Reta";"Sim";1327054;"Motocicleta";"HONDA/CG 160 FAN/CG 160 FAN";2023;"Condutor";"Les�es Leves";27;"Masculino";0;1;0;0;-19,921178;-44,02361;"SPRF-MG";"DEL01-MG";"UOP02-DEL01-MG"
743257;1664551;2025-12-12;"sexta-feira";"10:10:00";"MG";40;531;"CONTAGEM";"Sim";"Transitar no Acostamento";3;"Queda de ocupante de ve�culo";"Com V�timas Feridas";"Pleno dia";"Crescente";"C�u Claro";"Dupla";"Reta";"Sim";1327053;"Motocicleta";"HONDA/CB 300R/CB 300R";2009;"Condutor";"Les�es Leves";33;"Masculino";0;1;0;0;-19,921178;-44,02361;"SPRF-MG";"DEL01-MG";"UOP02-DEL01-MG"
743257;1664552;2025-12-12;"sexta-feira";"10:10:00";"MG";40;531;"CONTAGEM";"Sim";"Transitar no Acostamento";2;"Tombamento";"Com V�timas Feridas";"Pleno dia";"Crescente";"C�u Claro";"Dupla";"Reta";"Sim";1327054;"Motocicleta";"HONDA/CG 160 FAN/CG 160 FAN";2023;"Condutor";"Les�es Leves";27;"Masculino";0;1;0;0;-19,921178;-44,02361;"SPRF-MG";"DEL01-MG";"UOP02-DEL01-MG"
743257;1664551;2025-12-12;"sexta-feira";"10:10:00";"MG";40;531;"CONTAGEM";"Sim";"Transitar no Acostamento";2;"Tombamento";"Com V�timas Feridas";"Pleno dia";"Crescente";"C�u Claro";"Dupla";"Reta";"Sim";1327053;"Motocicleta";"HONDA/CB 300R/CB 300R";2009;"Condutor";"Les�es Leves";33;"Masculino";0;1;0;0;-19,921178;-44,02361;"SPRF-MG";"DEL01-MG";"UOP02-DEL01-MG"
743257;1664552;2025-12-12;"sexta-feira";"10:10:00";"MG";40;531;"CONTAGEM";"Sim";"Transitar no Acostamento";1;"Colis�o lateral mesmo sentido";"Com V�timas Feridas";"Pleno dia";"Crescente";"C�u Claro";"Dupla";"Reta";"Sim";1327054;"Motocicleta";"HONDA/CG 160 FAN/CG 160 FAN";2023;"Condutor";"Les�es Leves";27;"Masculino";0;1;0;0;-19,921178;-44,02361;"SPRF-MG";"DEL01-MG";"UOP02-DEL01-MG"
743257;1664551;2025-12-12;"sexta-feira";"10:10:00";"MG";40;531;"CONTAGEM";"Sim";"Transitar no Acostamento";1;"Colis�o lateral mesmo sentido";"Com V�timas Feridas";"Pleno dia";"Crescente";"C�u Claro";"Dupla";"Reta";"Sim";1327053;"Motocicleta";"HONDA/CB 300R/CB 300R";2009;"Condutor";"Les�es Leves";33;"Masculino";0;1;0;0;-19,921178;-44,02361;"SPRF-MG";"DEL01-MG";"UOP02-DEL01-MG"
743282;1664647;2025-09-28;"domingo";"05:16:00";"SP";116;148;"SAO JOSE DOS CAMPOS";"Sim";"Rea��o tardia ou ineficiente do condutor";3;"Queda de ocupante de ve�culo";"Com V�timas Fatais";"Amanhecer";"Crescente";"Sol";"Dupla";"Reta";"Sim";1327125;"Autom�vel";"BMW/120I ACTIVE FLEX/120I ACTIVE FLEX";2016;"Condutor";"Ileso";37;"Masculino";1;0;0;0;-23,20083557;-45,87980425;"SPRF-SP";"DEL02-SP";"UOP01-DEL02-SP"
743282;1664648;2025-09-28;"domingo";"05:16:00";"SP";116;148;"SAO JOSE DOS CAMPOS";"Sim";"Rea��o tardia ou ineficiente do condutor";3;"Queda de ocupante de ve�culo";"Com V�timas Fatais";"Amanhecer";"Crescente";"Sol";"Dupla";"Reta";"Sim";1327124;"Autom�vel";"HONDA/FIT EXL CVT/FIT EXL CVT";2014;"Condutor";"Les�es Leves";44;"Masculino";0;1;0;0;-23,20083557;-45,87980425;"SPRF-SP";"DEL02-SP";"UOP01-DEL02-SP"
743282;1664646;2025-09-28;"domingo";"05:16:00";"SP";116;148;"SAO JOSE DOS CAMPOS";"Sim";"Rea��o tardia ou ineficiente do condutor";3;"Queda de ocupante de ve�culo";"Com V�timas Fatais";"Amanhecer";"Crescente";"Sol";"Dupla";"Reta";"Sim";1327124;"Autom�vel";"HONDA/FIT EXL CVT/FIT EXL CVT";2014;"Passageiro";"�bito";20;"Masculino";0;0;0;1;-23,20083557;-45,87980425;"SPRF-SP";"DEL02-SP";"UOP01-DEL02-SP"
743282;1664645;2025-09-28;"domingo";"05:16:00";"SP";116;148;"SAO JOSE DOS CAMPOS";"Sim";"Rea��o tardia ou ineficiente do condutor";3;"Queda de ocupante de ve�culo";"Com V�timas Fatais";"Amanhecer";"Crescente";"Sol";"Dupla";"Reta";"Sim";1327123;"Autom�vel";"N�o Informado/N�o Informado/N�o Informado";0;"Condutor";"N�o Informado";NA;"N�o Informado";0;0;0;0;-23,20083557;-45,87980425;"SPRF-SP";"DEL02-SP";"UOP01-DEL02-SP"
743282;1664644;2025-09-28;"domingo";"05:16:00";"SP";116;148;"SAO JOSE DOS CAMPOS";"Sim";"Rea��o tardia ou ineficiente do condutor";3;"Queda de ocupante de ve�culo";"Com V�timas Fatais";"Amanhecer";"Crescente";"Sol";"Dupla";"Reta";"Sim";1327122;"Autom�vel";"N�o Informado/N�o Informado/N�o Informado";0;"Condutor";"N�o Informado";NA;"N�o Informado";0;0;0;0;-23,20083557;-45,87980425;"SPRF-SP";"DEL02-SP";"UOP01-DEL02-SP"
743282;1664647;2025-09-28;"domingo";"05:16:00";"SP";116;148;"SAO JOSE DOS CAMPOS";"Sim";"Rea��o tardia ou ineficiente do condutor";2;"Colis�o com objeto";"Com V�timas Fatais";"Amanhecer";"Crescente";"Sol";"Dupla";"Reta";"Sim";1327125;"Autom�vel";"BMW/120I ACTIVE FLEX/120I ACTIVE FLEX";2016;"Condutor";"Ileso";37;"Masculino";1;0;0;0;-23,20083557;-45,87980425;"SPRF-SP";"DEL02-SP";"UOP01-DEL02-SP"
743282;1664648;2025-09-28;"domingo";"05:16:00";"SP";116;148;"SAO JOSE DOS CAMPOS";"Sim";"Rea��o tardia ou ineficiente do condutor";2;"Colis�o com objeto";"Com V�timas Fatais";"Amanhecer";"Crescente";"Sol";"Dupla";"Reta";"Sim";1327124;"Autom�vel";"HONDA/FIT EXL CVT/FIT EXL CVT";2014;"Condutor";"Les�es Leves";44;"Masculino";0;1;0;0;-23,20083557;-45,87980425;"SPRF-SP";"DEL02-SP";"UOP01-DEL02-SP"
743282;1664646;2025-09-28;"domingo";"05:16:00";"SP";116;148;"SAO JOSE DOS CAMPOS";"Sim";"Rea��o tardia ou ineficiente do condutor";2;"Colis�o com objeto";"Com V�timas Fatais";"Amanhecer";"Crescente";"Sol";"Dupla";"Reta";"Sim";1327124;"Autom�vel";"HONDA/FIT EXL CVT/FIT EXL CVT";2014;"Passageiro";"�bito";20;"Masculino";0;0;0;1;-23,20083557;-45,87980425;"SPRF-SP";"DEL02-SP";"UOP01-DEL02-SP"