"id";"pesid";"data_inversa";"dia_semana";"horario";"uf";"br";"km";"municipio";"causa_principal";"causa_acidente";"ordem_tipo_acidente";"tipo_acidente";"classificacao_acidente";"fase_dia";"sentido_via";"condicao_metereologica";"tipo_pista";"tracado_via";"uso_solo";"id_veiculo";"tipo_veiculo";"marca";"ano_fabricacao_veiculo";"tipo_envolvido";"estado_fisico";"idade";"sexo";"ilesos";"feridos_leves";"feridos_graves";"mortos";"latitude";"longitude";"regional";"delegacia";"uop"
743282;1664645;2025-09-28;"domingo";"05:16:00";"SP";116;148;"SAO JOSE DOS CAMPOS";"Sim";"Rea��o tardia ou ineficiente do condutor";2;"Colis�o com objeto";"Com V�timas Fatais";"Amanhecer";"Crescente";"Sol";"Dupla";"Reta";"Sim";1327123;"Autom�vel";"N�o Informado/N�o Informado/N�o Informado";0;"Condutor";"N�o Informado";NA;"N�o Informado";0;0;0;0;-23,20083557;-45,87980425;"SPRF-SP";"DEL02-SP";"UOP01-DEL02-SP"
743282;1664644;2025-09-28;"domingo";"05:16:00";"SP";116;148;"SAO JOSE DOS CAMPOS";"Sim";"Rea��o tardia ou ineficiente do condutor";2;"Colis�o com objeto";"Com V�timas Fatais";"Amanhecer";"Crescente";"Sol";"Dupla";"Reta";"Sim";1327122;"Autom�vel";"N�o Informado/N�o Informado/N�o Informado";0;"Condutor";"N�o Informado";NA;"N�o Informado";0;0;0;0;-23,20083557;-45,87980425;"SPRF-SP";"DEL02-SP";"UOP01-DEL02-SP"
743282;1664647;2025-09-28;"domingo";"05:16:00";"SP";116;148;"SAO JOSE DOS CAMPOS";"Sim";"Rea��o tardia ou ineficiente do condutor";1;"Colis�o traseira";"Com V�timas Fatais";"Amanhecer";"Crescente";"Sol";"Dupla";"Reta";"Sim";1327125;"Autom�vel";"BMW/120I ACTIVE FLEX/120I ACTIVE FLEX";2016;"Condutor";"Ileso";37;"Masculino";1;0;0;0;-23,20083557;-45,87980425;"SPRF-SP";"DEL02-SP";"UOP01-DEL02-SP"
743282;1664648;2025-09-28;"domingo";"05:16:00";"SP";116;148;"SAO JOSE DOS CAMPOS";"Sim";"Rea��o tardia ou ineficiente do condutor";1;"Colis�o traseira";"Com V�timas Fatais";"Amanhecer";"Crescente";"Sol";"Dupla";"Reta";"Sim";1327124;"Autom�vel";"HONDA/FIT EXL CVT/FIT EXL CVT";2014;"Condutor";"Les�es Leves";44;"Masculino";0;1;0;0;-23,20083557;-45,87980425;"SPRF-SP";"DEL02-SP";"UOP01-DEL02-SP"
743282;1664646;2025-09-28;"domingo";"05:16:00";"SP";116;148;"SAO JOSE DOS CAMPOS";"Sim";"Rea��o tardia ou ineficiente do condutor";1;"Colis�o traseira";"Com V�timas Fatais";"Amanhecer";"Crescente";"Sol";"Dupla";"Reta";"Sim";1327124;"Autom�vel";"HONDA/FIT EXL CVT/FIT EXL CVT";2014;"Passageiro";"�bito";20;"Masculino";0;0;0;1;-23,20083557;-45,87980425;"SPRF-SP";"DEL02-SP";"UOP01-DEL02-SP"
743282;1664645;2025-09-28;"domingo";"05:16:00";"SP";116;148;"SAO JOSE DOS CAMPOS";"Sim";"Rea��o tardia ou ineficiente do condutor";1;"Colis�o traseira";"Com V�timas Fatais";"Amanhecer";"Crescente";"Sol";"Dupla";"Reta";"Sim";1327123;"Autom�vel";"N�o Informado/N�o Informado/N�o Informado";0;"Condutor";"N�o Informado";NA;"N�o Informado";0;0;0;0;-23,20083557;-45,87980425;"SPRF-SP";"DEL02-SP";"UOP01-DEL02-SP"
743282;1664644;2025-09-28;"domingo";"05:16:00";"SP";116;148;"SAO JOSE DOS CAMPOS";"Sim";"Rea��o tardia ou ineficiente do condutor";1;"Colis�o traseira";"Com V�timas Fatais";"Amanhecer";"Crescente";"Sol";"Dupla";"Reta";"Sim";1327122;"Autom�vel";"N�o Informado/N�o Informado/N�o Informado";0;"Condutor";"N�o Informado";NA;"N�o Informado";0;0;0;0;-23,20083557;-45,87980425;"SPRF-SP";"DEL02-SP";"UOP01-DEL02-SP"
743282;1664647;2025-09-28;"domingo";"05:16:00";"SP";116;148;"SAO JOSE DOS CAMPOS";"N�o";"Ingest�o de �lcool pelo condutor";3;"Queda de ocupante de ve�culo";"Com V�timas Fatais";"Amanhecer";"Crescente";"Sol";"Dupla";"Reta";"Sim";1327125;"Autom�vel";"BMW/120I ACTIVE FLEX/120I ACTIVE FLEX";2016;"Condutor";"Ileso";37;"Masculino";1;0;0;0;-23,20083557;-45,87980425;"SPRF-SP";"DEL02-SP";"UOP01-DEL02-SP"
743282;1664648;2025-09-28;"domingo";"05:16:00";"SP";116;148;"SAO JOSE DOS CAMPOS";"N�o";"Ingest�o de �lcool pelo condutor";3;"Queda de ocupante de ve�culo";"Com V�timas Fatais";"Amanhecer";"Crescente";"Sol";"Dupla";"Reta";"Sim";1327124;"Autom�vel";"HONDA/FIT EXL CVT/FIT EXL CVT";2014;"Condutor";"Les�es Leves";44;"Masculino";0;1;0;0;-23,20083557;-45,87980425;"SPRF-SP";"DEL02-SP";"UOP01-DEL02-SP"
743282;1664646;2025-09-28;"domingo";"05:16:00";"SP";116;148;"SAO JOSE DOS CAMPOS";"N�o";"Ingest�o de �lcool pelo condutor";3;"Queda de ocupante de ve�culo";"Com V�timas Fatais";"Amanhecer";"Crescente";"Sol";"Dupla";"Reta";"Sim";1327124;"Autom�vel";"HONDA/FIT EXL CVT/FIT EXL CVT";2014;"Passageiro";"�bito";20;"Masculino";0;0;0;1;-23,20083557;-45,87980425;"SPRF-SP";"DEL02-SP";"UOP01-DEL02-SP"
743282;1664645;2025-09-28;"domingo";"05:16:00";"SP";116;148;"SAO JOSE DOS CAMPOS";"N�o";"Ingest�o de �lcool pelo condutor";3;"Queda de ocupante de ve�culo";"Com V�timas Fatais";"Amanhecer";"Crescente";"Sol";"Dupla";"Reta";"Sim";1327123;"Autom�vel";"N�o Informado/N�o Informado/N�o Informado";0;"Condutor";"N�o Informado";NA;"N�o Informado";0;0;0;0;-23,20083557;-45,87980425;"SPRF-SP";"DEL02-SP";"UOP01-DEL02-SP"
743282;1664644;2025-09-28;"domingo";"05:16:00";"SP";116;148;"SAO JOSE DOS CAMPOS";"N�o";"Ingest�o de �lcool pelo condutor";3;"Queda de ocupante de ve�culo";"Com V�timas Fatais";"Amanhecer";"Crescente";"Sol";"Dupla";"Reta";"Sim";1327122;"Autom�vel";"N�o Informado/N�o Informado/N�o Informado";0;"Condutor";"N�o Informado";NA;"N�o Informado";0;0;0;0;-23,20083557;-45,87980425;"SPRF-SP";"DEL02-SP";"UOP01-DEL02-SP"
743282;1664647;2025-09-28;"domingo";"05:16:00";"SP";116;148;"SAO JOSE DOS CAMPOS";"N�o";"Ingest�o de �lcool pelo condutor";2;"Colis�o com objeto";"Com V�timas Fatais";"Amanhecer";"Crescente";"Sol";"Dupla";"Reta";"Sim";1327125;"Autom�vel";"BMW/120I ACTIVE FLEX/120I ACTIVE FLEX";2016;"Condutor";"Ileso";37;"Masculino";1;0;0;0;-23,20083557;-45,87980425;"SPRF-SP";"DEL02-SP";"UOP01-DEL02-SP"
743282;1664648;2025-09-28;"domingo";"05:16:00";"SP";116;148;"SAO JOSE DOS CAMPOS";"N�o";"Ingest�o de �lcool pelo condutor";2;"Colis�o com objeto";"Com V�timas Fatais";"Amanhecer";"Crescente";"Sol";"Dupla";"Reta";"Sim";1327124;"Autom�vel";"HONDA/FIT EXL CVT/FIT EXL CVT";2014;"Condutor";"Les�es Leves";44;"Masculino";0;1;0;0;-23,20083557;-45,87980425;"SPRF-SP";"DEL02-SP";"UOP01-DEL02-SP"
743282;1664646;2025-09-28;"domingo";"05:16:00";"SP";116;148;"SAO JOSE DOS CAMPOS";"N�o";"Ingest�o de �lcool pelo condutor";2;"Colis�o com objeto";"Com V�timas Fatais";"Amanhecer";"Crescente";"Sol";"Dupla";"Reta";"Sim";1327124;"Autom�vel";"HONDA/FIT EXL CVT/FIT EXL CVT";2014;"Passageiro";"�bito";20;"Masculino";0;0;0;1;-23,20083557;-45,87980425;"SPRF-SP";"DEL02-SP";"UOP01-DEL02-SP"
743282;1664645;2025-09-28;"domingo";"05:16:00";"SP";116;148;"SAO JOSE DOS CAMPOS";"N�o";"Ingest�o de �lcool pelo condutor";2;"Colis�o com objeto";"Com V�timas Fatais";"Amanhecer";"Crescente";"Sol";"Dupla";"Reta";"Sim";1327123;"Autom�vel";"N�o Informado/N�o Informado/N�o Informado";0;"Condutor";"N�o Informado";NA;"N�o Informado";0;0;0;0;-23,20083557;-45,87980425;"SPRF-SP";"DEL02-SP";"UOP01-DEL02-SP"
743282;1664644;2025-09-28;"domingo";"05:16:00";"SP";116;148;"SAO JOSE DOS CAMPOS";"N�o";"Ingest�o de �lcool pelo condutor";2;"Colis�o com objeto";"Com V�timas Fatais";"Amanhecer";"Crescente";"Sol";"Dupla";"Reta";"Sim";1327122;"Autom�vel";"N�o Informado/N�o Informado/N�o Informado";0;"Condutor";"N�o Informado";NA;"N�o Informado";0;0;0;0;-23,20083557;-45,87980425;"SPRF-SP";"DEL02-SP";"UOP01-DEL02-SP"
743282;1664647;2025-09-28;"domingo";"05:16:00";"SP";116;148;"SAO JOSE DOS CAMPOS";"N�o";"Ingest�o de �lcool pelo condutor";1;"Colis�o traseira";"Com V�timas Fatais";"Amanhecer";"Crescente";"Sol";"Dupla";"Reta";"Sim";1327125;"Autom�vel";"BMW/120I ACTIVE FLEX/120I ACTIVE FLEX";2016;"Condutor";"Ileso";37;"Masculino";1;0;0;0;-23,20083557;-45,87980425;"SPRF-SP";"DEL02-SP";"UOP01-DEL02-SP"
743282;1664648;2025-09-28;"domingo";"05:16:00";"SP";116;148;"SAO JOSE DOS CAMPOS";"N�o";"Ingest�o de �lcool pelo condutor";1;"Colis�o traseira";"Com V�timas Fatais";"Amanhecer";"Crescente";"Sol";"Dupla";"Reta";"Sim";1327124;"Autom�vel";"HONDA/FIT EXL CVT/FIT EXL CVT";2014;"Condutor";"Les�es Leves";44;"Masculino";0;1;0;0;-23,20083557;-45,87980425;"SPRF-SP";"DEL02-SP";"UOP01-DEL02-SP"
743282;1664646;2025-09-28;"domingo";"05:16:00";"SP";116;148;"SAO JOSE DOS CAMPOS";"N�o";"Ingest�o de �lcool pelo condutor";1;"Colis�o traseira";"Com V�timas Fatais";"Amanhecer";"Crescente";"Sol";"Dupla";"Reta";"Sim";1327124;"Autom�vel";"HONDA/FIT EXL CVT/FIT EXL CVT";2014;"Passageiro";"�bito";20;"Masculino";0;0;0;1;-23,20083557;-45,87980425;"SPRF-SP";"DEL02-SP";"UOP01-DEL02-SP"
743282;1664645;2025-09-28;"domingo";"05:16:00";"SP";116;148;"SAO JOSE DOS CAMPOS";"N�o";"Ingest�o de �lcool pelo condutor";1;"Colis�o traseira";"Com V�timas Fatais";"Amanhecer";"Crescente";"Sol";"Dupla";"Reta";"Sim";1327123;"Autom�vel";"N�o Informado/N�o Informado/N�o Informado";0;"Condutor";"N�o Informado";NA;"N�o Informado";0;0;0;0;-23,20083557;-45,87980425;"SPRF-SP";"DEL02-SP";"UOP01-DEL02-SP"
743282;1664644;2025-09-28;"domingo";"05:16:00";"SP";116;148;"SAO JOSE DOS CAMPOS";"N�o";"Ingest�o de �lcool pelo condutor";1;"Colis�o traseira";"Com V�timas Fatais";"Amanhecer";"Crescente";"Sol";"Dupla";"Reta";"Sim";1327122;"Autom�vel";"N�o Informado/N�o Informado/N�o Informado";0;"Condutor";"N�o Informado";NA;"N�o Informado";0;0;0;0;-23,20083557;-45,87980425;"SPRF-SP";"DEL02-SP";"UOP01-DEL02-SP"
743375;1664852;2025-11-27;"quinta-feira";"17:30:00";"RJ";101;460,9;"ANGRA DOS REIS";"N�o";"Curva acentuada";2;"Tombamento";"Com V�timas Feridas";"Pleno dia";"Crescente";"C�u Claro";"Simples";"Curva";"N�o";1327273;"Motocicleta";"KAWASAKI/Z750 ABS/Z750 ABS";2012;"Condutor";"Les�es Graves";33;"Masculino";0;0;1;0;-23,00120701;-44,22781885;"SPRF-RJ";"DEL03-RJ";"UOP03-DEL03-RJ"
743375;1664852;2025-11-27;"quinta-feira";"17:30:00";"RJ";101;460,9;"ANGRA DOS REIS";"N�o";"Curva acentuada";1;"Tombamento";"Com V�timas Feridas";"Pleno dia";"Crescente";"C�u Claro";"Simples";"Curva";"N�o";1327273;"Motocicleta";"KAWASAKI/Z750 ABS/Z750 ABS";2012;"Condutor";"Les�es Graves";33;"Masculino";0;0;1;0;-23,00120701;-44,22781885;"SPRF-RJ";"DEL03-RJ";"UOP03-DEL03-RJ"
743375;1664852;2025-11-27;"quinta-feira";"17:30:00";"RJ";101;460,9;"ANGRA DOS REIS";"Sim";"Aus�ncia de rea��o do condutor";2;"Tombamento";"Com V�timas Feridas";"Pleno dia";"Crescente";"C�u Claro";"Simples";"Curva";"N�o";1327273;"Motocicleta";"KAWASAKI/Z750 ABS/Z750 ABS";2012;"Condutor";"Les�es Graves";33;"Masculino";0;0;1;0;-23,00120701;-44,22781885;"SPRF-RJ";"DEL03-RJ";"UOP03-DEL03-RJ"
743375;1664852;2025-11-27;"quinta-feira";"17:30:00";"RJ";101;460,9;"ANGRA DOS REIS";"Sim";"Aus�ncia de rea��o do condutor";1;"Tombamento";"Com V�timas Feridas";"Pleno dia";"Crescente";"C�u Claro";"Simples";"Curva";"N�o";1327273;"Motocicleta";"KAWASAKI/Z750 ABS/Z750 ABS";2012;"Condutor";"Les�es Graves";33;"Masculino";0;0;1;0;-23,00120701;-44,22781885;"SPRF-RJ";"DEL03-RJ";"UOP03-DEL03-RJ"
743381;NA;2025-12-26;"sexta-feira";"12:00:00";"RS";116;0,3;"PORTO ALEGRE";"Sim";"Condutor deixou de manter dist�ncia do ve�culo da frente";1;"Colis�o traseira";"Sem V�timas";"Pleno dia";"Decrescente";"Nublado";"Dupla";"Curva";"Sim";1327281;"Semireboque";"SR/RANDON SRFG LO 3E/RANDON SRFG LO 3E";2020;NA;NA;NA;NA;NA;NA;NA;NA;-29,97526305;-51,17785603;"SPRF-RS";"DEL01-RS";"UOP01-DEL01-RS"
743381;1664858;2025-12-26;"sexta-feira";"12:00:00";"RS";116;0,3;"PORTO ALEGRE";"Sim";"Condutor deixou de manter dist�ncia do ve�culo da frente";1;"Colis�o traseira";"Sem V�timas";"Pleno dia";"Decrescente";"Nublado";"Dupla";"Curva";"Sim";1327280;"Autom�vel";"TOYOTA/COROLLA XEI 20/COROLLA XEI 20";2023;"Condutor";"Ileso";54;"Masculino";1;0;0;0;-29,97526305;-51,17785603;"SPRF-RS";"DEL01-RS";"UOP01-DEL01-RS"
743381;1664857;2025-12-26;"sexta-feira";"12:00:00";"RS";116;0,3;"PORTO ALEGRE";"Sim";"Condutor deixou de manter dist�ncia do ve�culo da frente";1;"Colis�o traseira";"Sem V�timas";"Pleno dia";"Decrescente";"Nublado";"Dupla";"Curva";"Sim";1327279;"Caminh�o-trator";"IVECO/STRALIS 600S44T/STRALIS 600S44T";2019;"Condutor";"Ileso";23;"Masculino";1;0;0;0;-29,97526305;-51,17785603;"SPRF-RS";"DEL01-RS";"UOP01-DEL01-RS"
743391;1664907;2025-11-24;"segunda-feira";"12:49:00";"PA";163;205;"NOVO PROGRESSO";"N�o";"Rea��o tardia ou ineficiente do condutor";1;"Sa�da de leito carro��vel";"Com V�timas Feridas";"Pleno dia";"Crescente";"C�u Claro";"Simples";"Reta";"N�o";1327308;"Camioneta";"I/PORSCHE MACAN TURBO/PORSCHE MACAN TURBO";2014;"Condutor";"Les�es Leves";NA;"Masculino";0;1;0;0;-7,9118;-55,1696;"SPRF-PA";"DEL05-PA";"UOP03-DEL05-PA"
743391;1664906;2025-11-24;"segunda-feira";"12:49:00";"PA";163;205;"NOVO PROGRESSO";"N�o";"Rea��o tardia ou ineficiente do condutor";1;"Sa�da de leito carro��vel";"Com V�timas Feridas";"Pleno dia";"Crescente";"C�u Claro";"Simples";"Reta";"N�o";1327307;"Caminh�o";"VW/9.170 DRC 4X2/9.170 DRC 4X2";2022;"Condutor";"Les�es Leves";NA;"Masculino";0;1;0;0;-7,9118;-55,1696;"SPRF-PA";"DEL05-PA";"UOP03-DEL05-PA"
743391;1664907;2025-11-24;"segunda-feira";"12:49:00";"PA";163;205;"NOVO PROGRESSO";"N�o";"Aus�ncia de rea��o do condutor";1;"Sa�da de leito carro��vel";"Com V�timas Feridas";"Pleno dia";"Crescente";"C�u Claro";"Simples";"Reta";"N�o";1327308;"Camioneta";"I/PORSCHE MACAN TURBO/PORSCHE MACAN TURBO";2014;"Condutor";"Les�es Leves";NA;"Masculino";0;1;0;0;-7,9118;-55,1696;"SPRF-PA";"DEL05-PA";"UOP03-DEL05-PA"
743391;1664906;2025-11-24;"segunda-feira";"12:49:00";"PA";163;205;"NOVO PROGRESSO";"N�o";"Aus�ncia de rea��o do condutor";1;"Sa�da de leito carro��vel";"Com V�timas Feridas";"Pleno dia";"Crescente";"C�u Claro";"Simples";"Reta";"N�o";1327307;"Caminh�o";"VW/9.170 DRC 4X2/9.170 DRC 4X2";2022;"Condutor";"Les�es Leves";NA;"Masculino";0;1;0;0;-7,9118;-55,1696;"SPRF-PA";"DEL05-PA";"UOP03-DEL05-PA"
743391;1664907;2025-11-24;"segunda-feira";"12:49:00";"PA";163;205;"NOVO PROGRESSO";"N�o";"Acessar a via sem observar a presen�a dos outros ve�culos";1;"Sa�da de leito carro��vel";"Com V�timas Feridas";"Pleno dia";"Crescente";"C�u Claro";"Simples";"Reta";"N�o";1327308;"Camioneta";"I/PORSCHE MACAN TURBO/PORSCHE MACAN TURBO";2014;"Condutor";"Les�es Leves";NA;"Masculino";0;1;0;0;-7,9118;-55,1696;"SPRF-PA";"DEL05-PA";"UOP03-DEL05-PA"
743391;1664906;2025-11-24;"segunda-feira";"12:49:00";"PA";163;205;"NOVO PROGRESSO";"N�o";"Acessar a via sem observar a presen�a dos outros ve�culos";1;"Sa�da de leito carro��vel";"Com V�timas Feridas";"Pleno dia";"Crescente";"C�u Claro";"Simples";"Reta";"N�o";1327307;"Caminh�o";"VW/9.170 DRC 4X2/9.170 DRC 4X2";2022;"Condutor";"Les�es Leves";NA;"Masculino";0;1;0;0;-7,9118;-55,1696;"SPRF-PA";"DEL05-PA";"UOP03-DEL05-PA"
743391;1664907;2025-11-24;"segunda-feira";"12:49:00";"PA";163;205;"NOVO PROGRESSO";"Sim";"Retorno proibido";1;"Sa�da de leito carro��vel";"Com V�timas Feridas";"Pleno dia";"Crescente";"C�u Claro";"Simples";"Reta";"N�o";1327308;"Camioneta";"I/PORSCHE MACAN TURBO/PORSCHE MACAN TURBO";2014;"Condutor";"Les�es Leves";NA;"Masculino";0;1;0;0;-7,9118;-55,1696;"SPRF-PA";"DEL05-PA";"UOP03-DEL05-PA"
743391;1664906;2025-11-24;"segunda-feira";"12:49:00";"PA";163;205;"NOVO PROGRESSO";"Sim";"Retorno proibido";1;"Sa�da de leito carro��vel";"Com V�timas Feridas";"Pleno dia";"Crescente";"C�u Claro";"Simples";"Reta";"N�o";1327307;"Caminh�o";"VW/9.170 DRC 4X2/9.170 DRC 4X2";2022;"Condutor";"Les�es Leves";NA;"Masculino";0;1;0;0;-7,9118;-55,1696;"SPRF-PA";"DEL05-PA";"UOP03-DEL05-PA"
743410;1664975;2025-11-13;"quinta-feira";"04:00:00";"MG";40;740,5;"SANTOS DUMONT";"Sim";"Transitar na contram�o";1;"Colis�o frontal";"Com V�timas Feridas";"Plena Noite";"Crescente";"C�u Claro";"Simples";"Curva";"N�o";1327352;"Caminh�o";"VW/8.140/8.140";1999;"Condutor";"Ileso";36;"Masculino";1;0;0;0;-21,426;-43,557;"SPRF-MG";"DEL05-MG";"UOP01-DEL05-MG"
743410;1664974;2025-11-13;"quinta-feira";"04:00:00";"MG";40;740,5;"SANTOS DUMONT";"Sim";"Transitar na contram�o";1;"Colis�o frontal";"Com V�timas Feridas";"Plena Noite";"Crescente";"C�u Claro";"Simples";"Curva";"N�o";1327351;"Autom�vel";"VW/GOL 1.0L MC5/GOL 1.0L MC5";2020;"Condutor";"Les�es Graves";49;"Masculino";0;0;1;0;-21,426;-43,557;"SPRF-MG";"DEL05-MG";"UOP01-DEL05-MG"
743495;1665180;2025-09-13;"s�bado";"19:50:00";"MG";267;124,5;"JUIZ DE FORA";"Sim";"Curva acentuada";2;"Colis�o com objeto";"Com V�timas Feridas";"Plena Noite";"Decrescente";"C�u Claro";"Simples";"Curva";"N�o";1327482;"Autom�vel";"HONDA/CIVIC LXS/CIVIC LXS";2013;"Condutor";"Les�es Leves";22;"Masculino";0;1;0;0;-21,705081;-43,503136;"SPRF-MG";"DEL05-MG";"UOP01-DEL05-MG"
743495;1665180;2025-09-13;"s�bado";"19:50:00";"MG";267;124,5;"JUIZ DE FORA";"Sim";"Curva acentuada";1;"Colis�o com objeto";"Com V�timas Feridas";"Plena Noite";"Decrescente";"C�u Claro";"Simples";"Curva";"N�o";1327482;"Autom�vel";"HONDA/CIVIC LXS/CIVIC LXS";2013;"Condutor";"Les�es Leves";22;"Masculino";0;1;0;0;-21,705081;-43,503136;"SPRF-MG";"DEL05-MG";"UOP01-DEL05-MG"
743532;1665326;2025-12-30;"ter�a-feira";"13:50:00";"RS";386;311,9;"MARQUES DE SOUZA";"N�o";"Transitar na contram�o";2;"Inc�ndio";"Com V�timas Fatais";"Pleno dia";"Crescente";"Nublado";"Simples";"Reta";"N�o";1327580;"Caminh�o-trator";"SCANIA/R 440 A6X2/R 440 A6X2";2018;"Passageiro";"Ileso";39;"Feminino";1;0;0;0;-29,22801417;-52,15462659;"SPRF-RS";"DEL04-RS";"UOP01-DEL04-RS"
743532;1665325;2025-12-30;"ter�a-feira";"13:50:00";"RS";386;311,9;"MARQUES DE SOUZA";"N�o";"Transitar na contram�o";2;"Inc�ndio";"Com V�timas Fatais";"Pleno dia";"Crescente";"Nublado";"Simples";"Reta";"N�o";1327580;"Caminh�o-trator";"SCANIA/R 440 A6X2/R 440 A6X2";2018;"Condutor";"Ileso";37;"Masculino";1;0;0;0;-29,22801417;-52,15462659;"SPRF-RS";"DEL04-RS";"UOP01-DEL04-RS"
743532;1665323;2025-12-30;"ter�a-feira";"13:50:00";"RS";386;311,9;"MARQUES DE SOUZA";"N�o";"Transitar na contram�o";2;"Inc�ndio";"Com V�timas Fatais";"Pleno dia";"Crescente";"Nublado";"Simples";"Reta";"N�o";1327577;"Autom�vel";"RENAULT/KWID ZEN 10MT/KWID ZEN 10MT";2021;"Condutor";"�bito";44;"Masculino";0;0;0;1;-29,22801417;-52,15462659;"SPRF-RS";"DEL04-RS";"UOP01-DEL04-RS"
743532;NA;2025-12-30;"ter�a-feira";"13:50:00";"RS";386;311,9;"MARQUES DE SOUZA";"N�o";"Transitar na contram�o";2;"Inc�ndio";"Com V�timas Fatais";"Pleno dia";"Crescente";"Nublado";"Simples";"Reta";"N�o";1327581;"Semireboque";"SR/PALMEIRA SRCF 3EL/PALMEIRA SRCF 3EL";2024;NA;NA;NA;NA;NA;NA;NA;NA;-29,22801417;-52,15462659;"SPRF-RS";"DEL04-RS";"UOP01-DEL04-RS"
743532;1665326;2025-12-30;"ter�a-feira";"13:50:00";"RS";386;311,9;"MARQUES DE SOUZA";"N�o";"Transitar na contram�o";1;"Colis�o frontal";"Com V�timas Fatais";"Pleno dia";"Crescente";"Nublado";"Simples";"Reta";"N�o";1327580;"Caminh�o-trator";"SCANIA/R 440 A6X2/R 440 A6X2";2018;"Passageiro";"Ileso";39;"Feminino";1;0;0;0;-29,22801417;-52,15462659;"SPRF-RS";"DEL04-RS";"UOP01-DEL04-RS"
743532;1665325;2025-12-30;"ter�a-feira";"13:50:00";"RS";386;311,9;"MARQUES DE SOUZA";"N�o";"Transitar na contram�o";1;"Colis�o frontal";"Com V�timas Fatais";"Pleno dia";"Crescente";"Nublado";"Simples";"Reta";"N�o";1327580;"Caminh�o-trator";"SCANIA/R 440 A6X2/R 440 A6X2";2018;"Condutor";"Ileso";37;"Masculino";1;0;0;0;-29,22801417;-52,15462659;"SPRF-RS";"DEL04-RS";"UOP01-DEL04-RS"
743532;1665323;2025-12-30;"ter�a-feira";"13:50:00";"RS";386;311,9;"MARQUES DE SOUZA";"N�o";"Transitar na contram�o";1;"Colis�o frontal";"Com V�timas Fatais";"Pleno dia";"Crescente";"Nublado";"Simples";"Reta";"N�o";1327577;"Autom�vel";"RENAULT/KWID ZEN 10MT/KWID ZEN 10MT";2021;"Condutor";"�bito";44;"Masculino";0;0;0;1;-29,22801417;-52,15462659;"SPRF-RS";"DEL04-RS";"UOP01-DEL04-RS"
743532;NA;2025-12-30;"ter�a-feira";"13:50:00";"RS";386;311,9;"MARQUES DE SOUZA";"N�o";"Transitar na contram�o";1;"Colis�o frontal";"Com V�timas Fatais";"Pleno dia";"Crescente";"Nublado";"Simples";"Reta";"N�o";1327581;"Semireboque";"SR/PALMEIRA SRCF 3EL/PALMEIRA SRCF 3EL";2024;NA;NA;NA;NA;NA;NA;NA;NA;-29,22801417;-52,15462659;"SPRF-RS";"DEL04-RS";"UOP01-DEL04-RS"
743532;1665326;2025-12-30;"ter�a-feira";"13:50:00";"RS";386;311,9;"MARQUES DE SOUZA";"Sim";"Suic�dio (presumido)";2;"Inc�ndio";"Com V�timas Fatais";"Pleno dia";"Crescente";"Nublado";"Simples";"Reta";"N�o";1327580;"Caminh�o-trator";"SCANIA/R 440 A6X2/R 440 A6X2";2018;"Passageiro";"Ileso";39;"Feminino";1;0;0;0;-29,22801417;-52,15462659;"SPRF-RS";"DEL04-RS";"UOP01-DEL04-RS"
743532;1665325;2025-12-30;"ter�a-feira";"13:50:00";"RS";386;311,9;"MARQUES DE SOUZA";"Sim";"Suic�dio (presumido)";2;"Inc�ndio";"Com V�timas Fatais";"Pleno dia";"Crescente";"Nublado";"Simples";"Reta";"N�o";1327580;"Caminh�o-trator";"SCANIA/R 440 A6X2/R 440 A6X2";2018;"Condutor";"Ileso";37;"Masculino";1;0;0;0;-29,22801417;-52,15462659;"SPRF-RS";"DEL04-RS";"UOP01-DEL04-RS"
743532;1665323;2025-12-30;"ter�a-feira";"13:50:00";"RS";386;311,9;"MARQUES DE SOUZA";"Sim";"Suic�dio (presumido)";2;"Inc�ndio";"Com V�timas Fatais";"Pleno dia";"Crescente";"Nublado";"Simples";"Reta";"N�o";1327577;"Autom�vel";"RENAULT/KWID ZEN 10MT/KWID ZEN 10MT";2021;"Condutor";"�bito";44;"Masculino";0;0;0;1;-29,22801417;-52,15462659;"SPRF-RS";"DEL04-RS";"UOP01-DEL04-RS"
743532;NA;2025-12-30;"ter�a-feira";"13:50:00";"RS";386;311,9;"MARQUES DE SOUZA";"Sim";"Suic�dio (presumido)";2;"Inc�ndio";"Com V�timas Fatais";"Pleno dia";"Crescente";"Nublado";"Simples";"Reta";"N�o";1327581;"Semireboque";"SR/PALMEIRA SRCF 3EL/PALMEIRA SRCF 3EL";2024;NA;NA;NA;NA;NA;NA;NA;NA;-29,22801417;-52,15462659;"SPRF-RS";"DEL04-RS";"UOP01-DEL04-RS"
743532;1665326;2025-12-30;"ter�a-feira";"13:50:00";"RS";386;311,9;"MARQUES DE SOUZA";"Sim";"Suic�dio (presumido)";1;"Colis�o frontal";"Com V�timas Fatais";"Pleno dia";"Crescente";"Nublado";"Simples";"Reta";"N�o";1327580;"Caminh�o-trator";"SCANIA/R 440 A6X2/R 440 A6X2";2018;"Passageiro";"Ileso";39;"Feminino";1;0;0;0;-29,22801417;-52,15462659;"SPRF-RS";"DEL04-RS";"UOP01-DEL04-RS"