"id";"pesid";"data_inversa";"dia_semana";"horario";"uf";"br";"km";"municipio";"causa_principal";"causa_acidente";"ordem_tipo_acidente";"tipo_acidente";"classificacao_acidente";"fase_dia";"sentido_via";"condicao_metereologica";"tipo_pista";"tracado_via";"uso_solo";"id_veiculo";"tipo_veiculo";"marca";"ano_fabricacao_veiculo";"tipo_envolvido";"estado_fisico";"idade";"sexo";"ilesos";"feridos_leves";"feridos_graves";"mortos";"latitude";"longitude";"regional";"delegacia";"uop"
743532;1665325;2025-12-30;"ter�a-feira";"13:50:00";"RS";386;311,9;"MARQUES DE SOUZA";"Sim";"Suic�dio (presumido)";1;"Colis�o frontal";"Com V�timas Fatais";"Pleno dia";"Crescente";"Nublado";"Simples";"Reta";"N�o";1327580;"Caminh�o-trator";"SCANIA/R 440 A6X2/R 440 A6X2";2018;"Condutor";"Ileso";37;"Masculino";1;0;0;0;-29,22801417;-52,15462659;"SPRF-RS";"DEL04-RS";"UOP01-DEL04-RS"
743532;1665323;2025-12-30;"ter�a-feira";"13:50:00";"RS";386;311,9;"MARQUES DE SOUZA";"Sim";"Suic�dio (presumido)";1;"Colis�o frontal";"Com V�timas Fatais";"Pleno dia";"Crescente";"Nublado";"Simples";"Reta";"N�o";1327577;"Autom�vel";"RENAULT/KWID ZEN 10MT/KWID ZEN 10MT";2021;"Condutor";"�bito";44;"Masculino";0;0;0;1;-29,22801417;-52,15462659;"SPRF-RS";"DEL04-RS";"UOP01-DEL04-RS"
743532;NA;2025-12-30;"ter�a-feira";"13:50:00";"RS";386;311,9;"MARQUES DE SOUZA";"Sim";"Suic�dio (presumido)";1;"Colis�o frontal";"Com V�timas Fatais";"Pleno dia";"Crescente";"Nublado";"Simples";"Reta";"N�o";1327581;"Semireboque";"SR/PALMEIRA SRCF 3EL/PALMEIRA SRCF 3EL";2024;NA;NA;NA;NA;NA;NA;NA;NA;-29,22801417;-52,15462659;"SPRF-RS";"DEL04-RS";"UOP01-DEL04-RS"
743560;1665956;2025-12-31;"quarta-feira";"23:30:00";"RJ";116;82;"TERESOPOLIS";"Sim";"Rea��o tardia ou ineficiente do condutor";1;"Colis�o transversal";"Com V�timas Feridas";"Plena Noite";"Decrescente";"Nublado";"Simples";"Reta";"Sim";1327922;"Motocicleta";"HONDA/CG 150 TITAN ES/CG 150 TITAN ES";2008;"Passageiro";"Les�es Leves";41;"Feminino";0;1;0;0;-22,39198367;-42,95310974;"SPRF-RJ";"DEL04-RJ";"UOP01-DEL04-RJ"
743560;1665955;2025-12-31;"quarta-feira";"23:30:00";"RJ";116;82;"TERESOPOLIS";"Sim";"Rea��o tardia ou ineficiente do condutor";1;"Colis�o transversal";"Com V�timas Feridas";"Plena Noite";"Decrescente";"Nublado";"Simples";"Reta";"Sim";1327922;"Motocicleta";"HONDA/CG 150 TITAN ES/CG 150 TITAN ES";2008;"Condutor";"Les�es Leves";37;"Masculino";0;1;0;0;-22,39198367;-42,95310974;"SPRF-RJ";"DEL04-RJ";"UOP01-DEL04-RJ"
743560;1665954;2025-12-31;"quarta-feira";"23:30:00";"RJ";116;82;"TERESOPOLIS";"Sim";"Rea��o tardia ou ineficiente do condutor";1;"Colis�o transversal";"Com V�timas Feridas";"Plena Noite";"Decrescente";"Nublado";"Simples";"Reta";"Sim";1327921;"Motocicleta";"HONDA/NXR150BROS CARGO K/NXR150BROS CARGO K";2011;"Condutor";"Ileso";18;"Masculino";1;0;0;0;-22,39198367;-42,95310974;"SPRF-RJ";"DEL04-RJ";"UOP01-DEL04-RJ"
743569;1665392;2025-12-08;"segunda-feira";"08:30:00";"RJ";465;16,3;"NOVA IGUACU";"Sim";"Aus�ncia de rea��o do condutor";1;"Colis�o transversal";"Com V�timas Feridas";"Pleno dia";"Decrescente";"C�u Claro";"Simples";"Reta";"N�o";1327626;"Motocicleta";"HONDA/CG 160 TITAN/CG 160 TITAN";0;"Condutor";"Ileso";36;"Masculino";1;0;0;0;-22,82112895;-43,62114642;"SPRF-RJ";"DEL06-RJ";"UOP02-DEL06-RJ"
743569;1665391;2025-12-08;"segunda-feira";"08:30:00";"RJ";465;16,3;"NOVA IGUACU";"Sim";"Aus�ncia de rea��o do condutor";1;"Colis�o transversal";"Com V�timas Feridas";"Pleno dia";"Decrescente";"C�u Claro";"Simples";"Reta";"N�o";1327625;"Bicicleta";"N�o Informado/N�o Informado/N�o Informado";0;"Condutor";"Les�es Leves";60;"Masculino";0;1;0;0;-22,82112895;-43,62114642;"SPRF-RJ";"DEL06-RJ";"UOP02-DEL06-RJ"
743570;1665425;2025-12-22;"segunda-feira";"04:40:00";"MT";364;568;"NOBRES";"N�o";"Chuva";2;"Tombamento";"Com V�timas Feridas";"Amanhecer";"Crescente";"Chuva";"Dupla";"Reta";"N�o";1327629;"�nibus";"VOLVO/COMIL CAMPIONE R/COMIL CAMPIONE R";2011;"Passageiro";"Les�es Leves";20;"Masculino";0;1;0;0;-14,6752;-56,299536;"SPRF-MT";"DEL01-MT";"UOP01-DEL01-MT"
743570;1665424;2025-12-22;"segunda-feira";"04:40:00";"MT";364;568;"NOBRES";"N�o";"Chuva";2;"Tombamento";"Com V�timas Feridas";"Amanhecer";"Crescente";"Chuva";"Dupla";"Reta";"N�o";1327629;"�nibus";"VOLVO/COMIL CAMPIONE R/COMIL CAMPIONE R";2011;"Passageiro";"Les�es Leves";34;"Feminino";0;1;0;0;-14,6752;-56,299536;"SPRF-MT";"DEL01-MT";"UOP01-DEL01-MT"
743570;1665422;2025-12-22;"segunda-feira";"04:40:00";"MT";364;568;"NOBRES";"N�o";"Chuva";2;"Tombamento";"Com V�timas Feridas";"Amanhecer";"Crescente";"Chuva";"Dupla";"Reta";"N�o";1327629;"�nibus";"VOLVO/COMIL CAMPIONE R/COMIL CAMPIONE R";2011;"Passageiro";"Les�es Leves";23;"Masculino";0;1;0;0;-14,6752;-56,299536;"SPRF-MT";"DEL01-MT";"UOP01-DEL01-MT"
743570;1665421;2025-12-22;"segunda-feira";"04:40:00";"MT";364;568;"NOBRES";"N�o";"Chuva";2;"Tombamento";"Com V�timas Feridas";"Amanhecer";"Crescente";"Chuva";"Dupla";"Reta";"N�o";1327629;"�nibus";"VOLVO/COMIL CAMPIONE R/COMIL CAMPIONE R";2011;"Passageiro";"Les�es Leves";42;"Feminino";0;1;0;0;-14,6752;-56,299536;"SPRF-MT";"DEL01-MT";"UOP01-DEL01-MT"
743570;1665418;2025-12-22;"segunda-feira";"04:40:00";"MT";364;568;"NOBRES";"N�o";"Chuva";2;"Tombamento";"Com V�timas Feridas";"Amanhecer";"Crescente";"Chuva";"Dupla";"Reta";"N�o";1327629;"�nibus";"VOLVO/COMIL CAMPIONE R/COMIL CAMPIONE R";2011;"Passageiro";"Les�es Leves";26;"Masculino";0;1;0;0;-14,6752;-56,299536;"SPRF-MT";"DEL01-MT";"UOP01-DEL01-MT"
743570;1665417;2025-12-22;"segunda-feira";"04:40:00";"MT";364;568;"NOBRES";"N�o";"Chuva";2;"Tombamento";"Com V�timas Feridas";"Amanhecer";"Crescente";"Chuva";"Dupla";"Reta";"N�o";1327629;"�nibus";"VOLVO/COMIL CAMPIONE R/COMIL CAMPIONE R";2011;"Passageiro";"Les�es Leves";29;"Feminino";0;1;0;0;-14,6752;-56,299536;"SPRF-MT";"DEL01-MT";"UOP01-DEL01-MT"
743570;1665416;2025-12-22;"segunda-feira";"04:40:00";"MT";364;568;"NOBRES";"N�o";"Chuva";2;"Tombamento";"Com V�timas Feridas";"Amanhecer";"Crescente";"Chuva";"Dupla";"Reta";"N�o";1327629;"�nibus";"VOLVO/COMIL CAMPIONE R/COMIL CAMPIONE R";2011;"Passageiro";"Les�es Leves";38;"Feminino";0;1;0;0;-14,6752;-56,299536;"SPRF-MT";"DEL01-MT";"UOP01-DEL01-MT"
743570;1665415;2025-12-22;"segunda-feira";"04:40:00";"MT";364;568;"NOBRES";"N�o";"Chuva";2;"Tombamento";"Com V�timas Feridas";"Amanhecer";"Crescente";"Chuva";"Dupla";"Reta";"N�o";1327629;"�nibus";"VOLVO/COMIL CAMPIONE R/COMIL CAMPIONE R";2011;"Passageiro";"Les�es Leves";19;"Masculino";0;1;0;0;-14,6752;-56,299536;"SPRF-MT";"DEL01-MT";"UOP01-DEL01-MT"
743570;1665414;2025-12-22;"segunda-feira";"04:40:00";"MT";364;568;"NOBRES";"N�o";"Chuva";2;"Tombamento";"Com V�timas Feridas";"Amanhecer";"Crescente";"Chuva";"Dupla";"Reta";"N�o";1327629;"�nibus";"VOLVO/COMIL CAMPIONE R/COMIL CAMPIONE R";2011;"Passageiro";"Les�es Leves";40;"Feminino";0;1;0;0;-14,6752;-56,299536;"SPRF-MT";"DEL01-MT";"UOP01-DEL01-MT"
743570;1665413;2025-12-22;"segunda-feira";"04:40:00";"MT";364;568;"NOBRES";"N�o";"Chuva";2;"Tombamento";"Com V�timas Feridas";"Amanhecer";"Crescente";"Chuva";"Dupla";"Reta";"N�o";1327629;"�nibus";"VOLVO/COMIL CAMPIONE R/COMIL CAMPIONE R";2011;"Passageiro";"Les�es Leves";39;"Feminino";0;1;0;0;-14,6752;-56,299536;"SPRF-MT";"DEL01-MT";"UOP01-DEL01-MT"
743570;1665412;2025-12-22;"segunda-feira";"04:40:00";"MT";364;568;"NOBRES";"N�o";"Chuva";2;"Tombamento";"Com V�timas Feridas";"Amanhecer";"Crescente";"Chuva";"Dupla";"Reta";"N�o";1327629;"�nibus";"VOLVO/COMIL CAMPIONE R/COMIL CAMPIONE R";2011;"Passageiro";"Les�es Leves";23;"Masculino";0;1;0;0;-14,6752;-56,299536;"SPRF-MT";"DEL01-MT";"UOP01-DEL01-MT"
743570;1665411;2025-12-22;"segunda-feira";"04:40:00";"MT";364;568;"NOBRES";"N�o";"Chuva";2;"Tombamento";"Com V�timas Feridas";"Amanhecer";"Crescente";"Chuva";"Dupla";"Reta";"N�o";1327629;"�nibus";"VOLVO/COMIL CAMPIONE R/COMIL CAMPIONE R";2011;"Passageiro";"Les�es Leves";47;"Feminino";0;1;0;0;-14,6752;-56,299536;"SPRF-MT";"DEL01-MT";"UOP01-DEL01-MT"
743570;1665409;2025-12-22;"segunda-feira";"04:40:00";"MT";364;568;"NOBRES";"N�o";"Chuva";2;"Tombamento";"Com V�timas Feridas";"Amanhecer";"Crescente";"Chuva";"Dupla";"Reta";"N�o";1327629;"�nibus";"VOLVO/COMIL CAMPIONE R/COMIL CAMPIONE R";2011;"Passageiro";"Les�es Leves";28;"Masculino";0;1;0;0;-14,6752;-56,299536;"SPRF-MT";"DEL01-MT";"UOP01-DEL01-MT"
743570;1665408;2025-12-22;"segunda-feira";"04:40:00";"MT";364;568;"NOBRES";"N�o";"Chuva";2;"Tombamento";"Com V�timas Feridas";"Amanhecer";"Crescente";"Chuva";"Dupla";"Reta";"N�o";1327629;"�nibus";"VOLVO/COMIL CAMPIONE R/COMIL CAMPIONE R";2011;"Passageiro";"Les�es Leves";31;"Feminino";0;1;0;0;-14,6752;-56,299536;"SPRF-MT";"DEL01-MT";"UOP01-DEL01-MT"
743570;1665407;2025-12-22;"segunda-feira";"04:40:00";"MT";364;568;"NOBRES";"N�o";"Chuva";2;"Tombamento";"Com V�timas Feridas";"Amanhecer";"Crescente";"Chuva";"Dupla";"Reta";"N�o";1327629;"�nibus";"VOLVO/COMIL CAMPIONE R/COMIL CAMPIONE R";2011;"Passageiro";"Les�es Leves";22;"Feminino";0;1;0;0;-14,6752;-56,299536;"SPRF-MT";"DEL01-MT";"UOP01-DEL01-MT"
743570;1665406;2025-12-22;"segunda-feira";"04:40:00";"MT";364;568;"NOBRES";"N�o";"Chuva";2;"Tombamento";"Com V�timas Feridas";"Amanhecer";"Crescente";"Chuva";"Dupla";"Reta";"N�o";1327629;"�nibus";"VOLVO/COMIL CAMPIONE R/COMIL CAMPIONE R";2011;"Passageiro";"Les�es Leves";21;"Masculino";0;1;0;0;-14,6752;-56,299536;"SPRF-MT";"DEL01-MT";"UOP01-DEL01-MT"
743570;1665405;2025-12-22;"segunda-feira";"04:40:00";"MT";364;568;"NOBRES";"N�o";"Chuva";2;"Tombamento";"Com V�timas Feridas";"Amanhecer";"Crescente";"Chuva";"Dupla";"Reta";"N�o";1327629;"�nibus";"VOLVO/COMIL CAMPIONE R/COMIL CAMPIONE R";2011;"Passageiro";"Les�es Leves";48;"Masculino";0;1;0;0;-14,6752;-56,299536;"SPRF-MT";"DEL01-MT";"UOP01-DEL01-MT"
743570;1665404;2025-12-22;"segunda-feira";"04:40:00";"MT";364;568;"NOBRES";"N�o";"Chuva";2;"Tombamento";"Com V�timas Feridas";"Amanhecer";"Crescente";"Chuva";"Dupla";"Reta";"N�o";1327629;"�nibus";"VOLVO/COMIL CAMPIONE R/COMIL CAMPIONE R";2011;"Passageiro";"Les�es Leves";31;"Feminino";0;1;0;0;-14,6752;-56,299536;"SPRF-MT";"DEL01-MT";"UOP01-DEL01-MT"
743570;1665403;2025-12-22;"segunda-feira";"04:40:00";"MT";364;568;"NOBRES";"N�o";"Chuva";2;"Tombamento";"Com V�timas Feridas";"Amanhecer";"Crescente";"Chuva";"Dupla";"Reta";"N�o";1327629;"�nibus";"VOLVO/COMIL CAMPIONE R/COMIL CAMPIONE R";2011;"Passageiro";"Les�es Leves";20;"Feminino";0;1;0;0;-14,6752;-56,299536;"SPRF-MT";"DEL01-MT";"UOP01-DEL01-MT"
743570;1665402;2025-12-22;"segunda-feira";"04:40:00";"MT";364;568;"NOBRES";"N�o";"Chuva";2;"Tombamento";"Com V�timas Feridas";"Amanhecer";"Crescente";"Chuva";"Dupla";"Reta";"N�o";1327629;"�nibus";"VOLVO/COMIL CAMPIONE R/COMIL CAMPIONE R";2011;"Passageiro";"Les�es Leves";34;"Feminino";0;1;0;0;-14,6752;-56,299536;"SPRF-MT";"DEL01-MT";"UOP01-DEL01-MT"
743570;1665401;2025-12-22;"segunda-feira";"04:40:00";"MT";364;568;"NOBRES";"N�o";"Chuva";2;"Tombamento";"Com V�timas Feridas";"Amanhecer";"Crescente";"Chuva";"Dupla";"Reta";"N�o";1327629;"�nibus";"VOLVO/COMIL CAMPIONE R/COMIL CAMPIONE R";2011;"Passageiro";"Les�es Leves";47;"Feminino";0;1;0;0;-14,6752;-56,299536;"SPRF-MT";"DEL01-MT";"UOP01-DEL01-MT"
743570;1665400;2025-12-22;"segunda-feira";"04:40:00";"MT";364;568;"NOBRES";"N�o";"Chuva";2;"Tombamento";"Com V�timas Feridas";"Amanhecer";"Crescente";"Chuva";"Dupla";"Reta";"N�o";1327629;"�nibus";"VOLVO/COMIL CAMPIONE R/COMIL CAMPIONE R";2011;"Passageiro";"Les�es Leves";46;"Feminino";0;1;0;0;-14,6752;-56,299536;"SPRF-MT";"DEL01-MT";"UOP01-DEL01-MT"
743570;1665399;2025-12-22;"segunda-feira";"04:40:00";"MT";364;568;"NOBRES";"N�o";"Chuva";2;"Tombamento";"Com V�timas Feridas";"Amanhecer";"Crescente";"Chuva";"Dupla";"Reta";"N�o";1327629;"�nibus";"VOLVO/COMIL CAMPIONE R/COMIL CAMPIONE R";2011;"Passageiro";"Les�es Leves";35;"Feminino";0;1;0;0;-14,6752;-56,299536;"SPRF-MT";"DEL01-MT";"UOP01-DEL01-MT"
743570;1665398;2025-12-22;"segunda-feira";"04:40:00";"MT";364;568;"NOBRES";"N�o";"Chuva";2;"Tombamento";"Com V�timas Feridas";"Amanhecer";"Crescente";"Chuva";"Dupla";"Reta";"N�o";1327629;"�nibus";"VOLVO/COMIL CAMPIONE R/COMIL CAMPIONE R";2011;"Passageiro";"Les�es Leves";20;"Masculino";0;1;0;0;-14,6752;-56,299536;"SPRF-MT";"DEL01-MT";"UOP01-DEL01-MT"
743570;1665397;2025-12-22;"segunda-feira";"04:40:00";"MT";364;568;"NOBRES";"N�o";"Chuva";2;"Tombamento";"Com V�timas Feridas";"Amanhecer";"Crescente";"Chuva";"Dupla";"Reta";"N�o";1327629;"�nibus";"VOLVO/COMIL CAMPIONE R/COMIL CAMPIONE R";2011;"Passageiro";"Les�es Leves";29;"Masculino";0;1;0;0;-14,6752;-56,299536;"SPRF-MT";"DEL01-MT";"UOP01-DEL01-MT"
743570;1665396;2025-12-22;"segunda-feira";"04:40:00";"MT";364;568;"NOBRES";"N�o";"Chuva";2;"Tombamento";"Com V�timas Feridas";"Amanhecer";"Crescente";"Chuva";"Dupla";"Reta";"N�o";1327629;"�nibus";"VOLVO/COMIL CAMPIONE R/COMIL CAMPIONE R";2011;"Passageiro";"Les�es Leves";31;"Masculino";0;1;0;0;-14,6752;-56,299536;"SPRF-MT";"DEL01-MT";"UOP01-DEL01-MT"
743570;1665395;2025-12-22;"segunda-feira";"04:40:00";"MT";364;568;"NOBRES";"N�o";"Chuva";2;"Tombamento";"Com V�timas Feridas";"Amanhecer";"Crescente";"Chuva";"Dupla";"Reta";"N�o";1327629;"�nibus";"VOLVO/COMIL CAMPIONE R/COMIL CAMPIONE R";2011;"Condutor";"Ileso";46;"Masculino";1;0;0;0;-14,6752;-56,299536;"SPRF-MT";"DEL01-MT";"UOP01-DEL01-MT"
743570;1665425;2025-12-22;"segunda-feira";"04:40:00";"MT";364;568;"NOBRES";"N�o";"Chuva";1;"Sa�da de leito carro��vel";"Com V�timas Feridas";"Amanhecer";"Crescente";"Chuva";"Dupla";"Reta";"N�o";1327629;"�nibus";"VOLVO/COMIL CAMPIONE R/COMIL CAMPIONE R";2011;"Passageiro";"Les�es Leves";20;"Masculino";0;1;0;0;-14,6752;-56,299536;"SPRF-MT";"DEL01-MT";"UOP01-DEL01-MT"
743570;1665424;2025-12-22;"segunda-feira";"04:40:00";"MT";364;568;"NOBRES";"N�o";"Chuva";1;"Sa�da de leito carro��vel";"Com V�timas Feridas";"Amanhecer";"Crescente";"Chuva";"Dupla";"Reta";"N�o";1327629;"�nibus";"VOLVO/COMIL CAMPIONE R/COMIL CAMPIONE R";2011;"Passageiro";"Les�es Leves";34;"Feminino";0;1;0;0;-14,6752;-56,299536;"SPRF-MT";"DEL01-MT";"UOP01-DEL01-MT"
743570;1665422;2025-12-22;"segunda-feira";"04:40:00";"MT";364;568;"NOBRES";"N�o";"Chuva";1;"Sa�da de leito carro��vel";"Com V�timas Feridas";"Amanhecer";"Crescente";"Chuva";"Dupla";"Reta";"N�o";1327629;"�nibus";"VOLVO/COMIL CAMPIONE R/COMIL CAMPIONE R";2011;"Passageiro";"Les�es Leves";23;"Masculino";0;1;0;0;-14,6752;-56,299536;"SPRF-MT";"DEL01-MT";"UOP01-DEL01-MT"
743570;1665421;2025-12-22;"segunda-feira";"04:40:00";"MT";364;568;"NOBRES";"N�o";"Chuva";1;"Sa�da de leito carro��vel";"Com V�timas Feridas";"Amanhecer";"Crescente";"Chuva";"Dupla";"Reta";"N�o";1327629;"�nibus";"VOLVO/COMIL CAMPIONE R/COMIL CAMPIONE R";2011;"Passageiro";"Les�es Leves";42;"Feminino";0;1;0;0;-14,6752;-56,299536;"SPRF-MT";"DEL01-MT";"UOP01-DEL01-MT"
743570;1665418;2025-12-22;"segunda-feira";"04:40:00";"MT";364;568;"NOBRES";"N�o";"Chuva";1;"Sa�da de leito carro��vel";"Com V�timas Feridas";"Amanhecer";"Crescente";"Chuva";"Dupla";"Reta";"N�o";1327629;"�nibus";"VOLVO/COMIL CAMPIONE R/COMIL CAMPIONE R";2011;"Passageiro";"Les�es Leves";26;"Masculino";0;1;0;0;-14,6752;-56,299536;"SPRF-MT";"DEL01-MT";"UOP01-DEL01-MT"
743570;1665417;2025-12-22;"segunda-feira";"04:40:00";"MT";364;568;"NOBRES";"N�o";"Chuva";1;"Sa�da de leito carro��vel";"Com V�timas Feridas";"Amanhecer";"Crescente";"Chuva";"Dupla";"Reta";"N�o";1327629;"�nibus";"VOLVO/COMIL CAMPIONE R/COMIL CAMPIONE R";2011;"Passageiro";"Les�es Leves";29;"Feminino";0;1;0;0;-14,6752;-56,299536;"SPRF-MT";"DEL01-MT";"UOP01-DEL01-MT"
743570;1665416;2025-12-22;"segunda-feira";"04:40:00";"MT";364;568;"NOBRES";"N�o";"Chuva";1;"Sa�da de leito carro��vel";"Com V�timas Feridas";"Amanhecer";"Crescente";"Chuva";"Dupla";"Reta";"N�o";1327629;"�nibus";"VOLVO/COMIL CAMPIONE R/COMIL CAMPIONE R";2011;"Passageiro";"Les�es Leves";38;"Feminino";0;1;0;0;-14,6752;-56,299536;"SPRF-MT";"DEL01-MT";"UOP01-DEL01-MT"
743570;1665415;2025-12-22;"segunda-feira";"04:40:00";"MT";364;568;"NOBRES";"N�o";"Chuva";1;"Sa�da de leito carro��vel";"Com V�timas Feridas";"Amanhecer";"Crescente";"Chuva";"Dupla";"Reta";"N�o";1327629;"�nibus";"VOLVO/COMIL CAMPIONE R/COMIL CAMPIONE R";2011;"Passageiro";"Les�es Leves";19;"Masculino";0;1;0;0;-14,6752;-56,299536;"SPRF-MT";"DEL01-MT";"UOP01-DEL01-MT"
743570;1665414;2025-12-22;"segunda-feira";"04:40:00";"MT";364;568;"NOBRES";"N�o";"Chuva";1;"Sa�da de leito carro��vel";"Com V�timas Feridas";"Amanhecer";"Crescente";"Chuva";"Dupla";"Reta";"N�o";1327629;"�nibus";"VOLVO/COMIL CAMPIONE R/COMIL CAMPIONE R";2011;"Passageiro";"Les�es Leves";40;"Feminino";0;1;0;0;-14,6752;-56,299536;"SPRF-MT";"DEL01-MT";"UOP01-DEL01-MT"
743570;1665413;2025-12-22;"segunda-feira";"04:40:00";"MT";364;568;"NOBRES";"N�o";"Chuva";1;"Sa�da de leito carro��vel";"Com V�timas Feridas";"Amanhecer";"Crescente";"Chuva";"Dupla";"Reta";"N�o";1327629;"�nibus";"VOLVO/COMIL CAMPIONE R/COMIL CAMPIONE R";2011;"Passageiro";"Les�es Leves";39;"Feminino";0;1;0;0;-14,6752;-56,299536;"SPRF-MT";"DEL01-MT";"UOP01-DEL01-MT"
743570;1665412;2025-12-22;"segunda-feira";"04:40:00";"MT";364;568;"NOBRES";"N�o";"Chuva";1;"Sa�da de leito carro��vel";"Com V�timas Feridas";"Amanhecer";"Crescente";"Chuva";"Dupla";"Reta";"N�o";1327629;"�nibus";"VOLVO/COMIL CAMPIONE R/COMIL CAMPIONE R";2011;"Passageiro";"Les�es Leves";23;"Masculino";0;1;0;0;-14,6752;-56,299536;"SPRF-MT";"DEL01-MT";"UOP01-DEL01-MT"
743570;1665411;2025-12-22;"segunda-feira";"04:40:00";"MT";364;568;"NOBRES";"N�o";"Chuva";1;"Sa�da de leito carro��vel";"Com V�timas Feridas";"Amanhecer";"Crescente";"Chuva";"Dupla";"Reta";"N�o";1327629;"�nibus";"VOLVO/COMIL CAMPIONE R/COMIL CAMPIONE R";2011;"Passageiro";"Les�es Leves";47;"Feminino";0;1;0;0;-14,6752;-56,299536;"SPRF-MT";"DEL01-MT";"UOP01-DEL01-MT"
743570;1665409;2025-12-22;"segunda-feira";"04:40:00";"MT";364;568;"NOBRES";"N�o";"Chuva";1;"Sa�da de leito carro��vel";"Com V�timas Feridas";"Amanhecer";"Crescente";"Chuva";"Dupla";"Reta";"N�o";1327629;"�nibus";"VOLVO/COMIL CAMPIONE R/COMIL CAMPIONE R";2011;"Passageiro";"Les�es Leves";28;"Masculino";0;1;0;0;-14,6752;-56,299536;"SPRF-MT";"DEL01-MT";"UOP01-DEL01-MT"
743570;1665408;2025-12-22;"segunda-feira";"04:40:00";"MT";364;568;"NOBRES";"N�o";"Chuva";1;"Sa�da de leito carro��vel";"Com V�timas Feridas";"Amanhecer";"Crescente";"Chuva";"Dupla";"Reta";"N�o";1327629;"�nibus";"VOLVO/COMIL CAMPIONE R/COMIL CAMPIONE R";2011;"Passageiro";"Les�es Leves";31;"Feminino";0;1;0;0;-14,6752;-56,299536;"SPRF-MT";"DEL01-MT";"UOP01-DEL01-MT"
743570;1665407;2025-12-22;"segunda-feira";"04:40:00";"MT";364;568;"NOBRES";"N�o";"Chuva";1;"Sa�da de leito carro��vel";"Com V�timas Feridas";"Amanhecer";"Crescente";"Chuva";"Dupla";"Reta";"N�o";1327629;"�nibus";"VOLVO/COMIL CAMPIONE R/COMIL CAMPIONE R";2011;"Passageiro";"Les�es Leves";22;"Feminino";0;1;0;0;-14,6752;-56,299536;"SPRF-MT";"DEL01-MT";"UOP01-DEL01-MT"
743570;1665406;2025-12-22;"segunda-feira";"04:40:00";"MT";364;568;"NOBRES";"N�o";"Chuva";1;"Sa�da de leito carro��vel";"Com V�timas Feridas";"Amanhecer";"Crescente";"Chuva";"Dupla";"Reta";"N�o";1327629;"�nibus";"VOLVO/COMIL CAMPIONE R/COMIL CAMPIONE R";2011;"Passageiro";"Les�es Leves";21;"Masculino";0;1;0;0;-14,6752;-56,299536;"SPRF-MT";"DEL01-MT";"UOP01-DEL01-MT"
743570;1665405;2025-12-22;"segunda-feira";"04:40:00";"MT";364;568;"NOBRES";"N�o";"Chuva";1;"Sa�da de leito carro��vel";"Com V�timas Feridas";"Amanhecer";"Crescente";"Chuva";"Dupla";"Reta";"N�o";1327629;"�nibus";"VOLVO/COMIL CAMPIONE R/COMIL CAMPIONE R";2011;"Passageiro";"Les�es Leves";48;"Masculino";0;1;0;0;-14,6752;-56,299536;"SPRF-MT";"DEL01-MT";"UOP01-DEL01-MT"
743570;1665404;2025-12-22;"segunda-feira";"04:40:00";"MT";364;568;"NOBRES";"N�o";"Chuva";1;"Sa�da de leito carro��vel";"Com V�timas Feridas";"Amanhecer";"Crescente";"Chuva";"Dupla";"Reta";"N�o";1327629;"�nibus";"VOLVO/COMIL CAMPIONE R/COMIL CAMPIONE R";2011;"Passageiro";"Les�es Leves";31;"Feminino";0;1;0;0;-14,6752;-56,299536;"SPRF-MT";"DEL01-MT";"UOP01-DEL01-MT"
743570;1665403;2025-12-22;"segunda-feira";"04:40:00";"MT";364;568;"NOBRES";"N�o";"Chuva";1;"Sa�da de leito carro��vel";"Com V�timas Feridas";"Amanhecer";"Crescente";"Chuva";"Dupla";"Reta";"N�o";1327629;"�nibus";"VOLVO/COMIL CAMPIONE R/COMIL CAMPIONE R";2011;"Passageiro";"Les�es Leves";20;"Feminino";0;1;0;0;-14,6752;-56,299536;"SPRF-MT";"DEL01-MT";"UOP01-DEL01-MT"
743570;1665402;2025-12-22;"segunda-feira";"04:40:00";"MT";364;568;"NOBRES";"N�o";"Chuva";1;"Sa�da de leito carro��vel";"Com V�timas Feridas";"Amanhecer";"Crescente";"Chuva";"Dupla";"Reta";"N�o";1327629;"�nibus";"VOLVO/COMIL CAMPIONE R/COMIL CAMPIONE R";2011;"Passageiro";"Les�es Leves";34;"Feminino";0;1;0;0;-14,6752;-56,299536;"SPRF-MT";"DEL01-MT";"UOP01-DEL01-MT"
743570;1665401;2025-12-22;"segunda-feira";"04:40:00";"MT";364;568;"NOBRES";"N�o";"Chuva";1;"Sa�da de leito carro��vel";"Com V�timas Feridas";"Amanhecer";"Crescente";"Chuva";"Dupla";"Reta";"N�o";1327629;"�nibus";"VOLVO/COMIL CAMPIONE R/COMIL CAMPIONE R";2011;"Passageiro";"Les�es Leves";47;"Feminino";0;1;0;0;-14,6752;-56,299536;"SPRF-MT";"DEL01-MT";"UOP01-DEL01-MT"
743570;1665400;2025-12-22;"segunda-feira";"04:40:00";"MT";364;568;"NOBRES";"N�o";"Chuva";1;"Sa�da de leito carro��vel";"Com V�timas Feridas";"Amanhecer";"Crescente";"Chuva";"Dupla";"Reta";"N�o";1327629;"�nibus";"VOLVO/COMIL CAMPIONE R/COMIL CAMPIONE R";2011;"Passageiro";"Les�es Leves";46;"Feminino";0;1;0;0;-14,6752;-56,299536;"SPRF-MT";"DEL01-MT";"UOP01-DEL01-MT"
743570;1665399;2025-12-22;"segunda-feira";"04:40:00";"MT";364;568;"NOBRES";"N�o";"Chuva";1;"Sa�da de leito carro��vel";"Com V�timas Feridas";"Amanhecer";"Crescente";"Chuva";"Dupla";"Reta";"N�o";1327629;"�nibus";"VOLVO/COMIL CAMPIONE R/COMIL CAMPIONE R";2011;"Passageiro";"Les�es Leves";35;"Feminino";0;1;0;0;-14,6752;-56,299536;"SPRF-MT";"DEL01-MT";"UOP01-DEL01-MT"
743570;1665398;2025-12-22;"segunda-feira";"04:40:00";"MT";364;568;"NOBRES";"N�o";"Chuva";1;"Sa�da de leito carro��vel";"Com V�timas Feridas";"Amanhecer";"Crescente";"Chuva";"Dupla";"Reta";"N�o";1327629;"�nibus";"VOLVO/COMIL CAMPIONE R/COMIL CAMPIONE R";2011;"Passageiro";"Les�es Leves";20;"Masculino";0;1;0;0;-14,6752;-56,299536;"SPRF-MT";"DEL01-MT";"UOP01-DEL01-MT"