"id";"pesid";"data_inversa";"dia_semana";"horario";"uf";"br";"km";"municipio";"causa_principal";"causa_acidente";"ordem_tipo_acidente";"tipo_acidente";"classificacao_acidente";"fase_dia";"sentido_via";"condicao_metereologica";"tipo_pista";"tracado_via";"uso_solo";"id_veiculo";"tipo_veiculo";"marca";"ano_fabricacao_veiculo";"tipo_envolvido";"estado_fisico";"idade";"sexo";"ilesos";"feridos_leves";"feridos_graves";"mortos";"latitude";"longitude";"regional";"delegacia";"uop"
743570;1665397;2025-12-22;"segunda-feira";"04:40:00";"MT";364;568;"NOBRES";"N�o";"Chuva";1;"Sa�da de leito carro��vel";"Com V�timas Feridas";"Amanhecer";"Crescente";"Chuva";"Dupla";"Reta";"N�o";1327629;"�nibus";"VOLVO/COMIL CAMPIONE R/COMIL CAMPIONE R";2011;"Passageiro";"Les�es Leves";29;"Masculino";0;1;0;0;-14,6752;-56,299536;"SPRF-MT";"DEL01-MT";"UOP01-DEL01-MT"
743570;1665396;2025-12-22;"segunda-feira";"04:40:00";"MT";364;568;"NOBRES";"N�o";"Chuva";1;"Sa�da de leito carro��vel";"Com V�timas Feridas";"Amanhecer";"Crescente";"Chuva";"Dupla";"Reta";"N�o";1327629;"�nibus";"VOLVO/COMIL CAMPIONE R/COMIL CAMPIONE R";2011;"Passageiro";"Les�es Leves";31;"Masculino";0;1;0;0;-14,6752;-56,299536;"SPRF-MT";"DEL01-MT";"UOP01-DEL01-MT"
743570;1665395;2025-12-22;"segunda-feira";"04:40:00";"MT";364;568;"NOBRES";"N�o";"Chuva";1;"Sa�da de leito carro��vel";"Com V�timas Feridas";"Amanhecer";"Crescente";"Chuva";"Dupla";"Reta";"N�o";1327629;"�nibus";"VOLVO/COMIL CAMPIONE R/COMIL CAMPIONE R";2011;"Condutor";"Ileso";46;"Masculino";1;0;0;0;-14,6752;-56,299536;"SPRF-MT";"DEL01-MT";"UOP01-DEL01-MT"
743570;1665425;2025-12-22;"segunda-feira";"04:40:00";"MT";364;568;"NOBRES";"Sim";"Condutor Dormindo";2;"Tombamento";"Com V�timas Feridas";"Amanhecer";"Crescente";"Chuva";"Dupla";"Reta";"N�o";1327629;"�nibus";"VOLVO/COMIL CAMPIONE R/COMIL CAMPIONE R";2011;"Passageiro";"Les�es Leves";20;"Masculino";0;1;0;0;-14,6752;-56,299536;"SPRF-MT";"DEL01-MT";"UOP01-DEL01-MT"
743570;1665424;2025-12-22;"segunda-feira";"04:40:00";"MT";364;568;"NOBRES";"Sim";"Condutor Dormindo";2;"Tombamento";"Com V�timas Feridas";"Amanhecer";"Crescente";"Chuva";"Dupla";"Reta";"N�o";1327629;"�nibus";"VOLVO/COMIL CAMPIONE R/COMIL CAMPIONE R";2011;"Passageiro";"Les�es Leves";34;"Feminino";0;1;0;0;-14,6752;-56,299536;"SPRF-MT";"DEL01-MT";"UOP01-DEL01-MT"
743570;1665422;2025-12-22;"segunda-feira";"04:40:00";"MT";364;568;"NOBRES";"Sim";"Condutor Dormindo";2;"Tombamento";"Com V�timas Feridas";"Amanhecer";"Crescente";"Chuva";"Dupla";"Reta";"N�o";1327629;"�nibus";"VOLVO/COMIL CAMPIONE R/COMIL CAMPIONE R";2011;"Passageiro";"Les�es Leves";23;"Masculino";0;1;0;0;-14,6752;-56,299536;"SPRF-MT";"DEL01-MT";"UOP01-DEL01-MT"
743570;1665421;2025-12-22;"segunda-feira";"04:40:00";"MT";364;568;"NOBRES";"Sim";"Condutor Dormindo";2;"Tombamento";"Com V�timas Feridas";"Amanhecer";"Crescente";"Chuva";"Dupla";"Reta";"N�o";1327629;"�nibus";"VOLVO/COMIL CAMPIONE R/COMIL CAMPIONE R";2011;"Passageiro";"Les�es Leves";42;"Feminino";0;1;0;0;-14,6752;-56,299536;"SPRF-MT";"DEL01-MT";"UOP01-DEL01-MT"
743570;1665418;2025-12-22;"segunda-feira";"04:40:00";"MT";364;568;"NOBRES";"Sim";"Condutor Dormindo";2;"Tombamento";"Com V�timas Feridas";"Amanhecer";"Crescente";"Chuva";"Dupla";"Reta";"N�o";1327629;"�nibus";"VOLVO/COMIL CAMPIONE R/COMIL CAMPIONE R";2011;"Passageiro";"Les�es Leves";26;"Masculino";0;1;0;0;-14,6752;-56,299536;"SPRF-MT";"DEL01-MT";"UOP01-DEL01-MT"
743570;1665417;2025-12-22;"segunda-feira";"04:40:00";"MT";364;568;"NOBRES";"Sim";"Condutor Dormindo";2;"Tombamento";"Com V�timas Feridas";"Amanhecer";"Crescente";"Chuva";"Dupla";"Reta";"N�o";1327629;"�nibus";"VOLVO/COMIL CAMPIONE R/COMIL CAMPIONE R";2011;"Passageiro";"Les�es Leves";29;"Feminino";0;1;0;0;-14,6752;-56,299536;"SPRF-MT";"DEL01-MT";"UOP01-DEL01-MT"
743570;1665416;2025-12-22;"segunda-feira";"04:40:00";"MT";364;568;"NOBRES";"Sim";"Condutor Dormindo";2;"Tombamento";"Com V�timas Feridas";"Amanhecer";"Crescente";"Chuva";"Dupla";"Reta";"N�o";1327629;"�nibus";"VOLVO/COMIL CAMPIONE R/COMIL CAMPIONE R";2011;"Passageiro";"Les�es Leves";38;"Feminino";0;1;0;0;-14,6752;-56,299536;"SPRF-MT";"DEL01-MT";"UOP01-DEL01-MT"
743570;1665415;2025-12-22;"segunda-feira";"04:40:00";"MT";364;568;"NOBRES";"Sim";"Condutor Dormindo";2;"Tombamento";"Com V�timas Feridas";"Amanhecer";"Crescente";"Chuva";"Dupla";"Reta";"N�o";1327629;"�nibus";"VOLVO/COMIL CAMPIONE R/COMIL CAMPIONE R";2011;"Passageiro";"Les�es Leves";19;"Masculino";0;1;0;0;-14,6752;-56,299536;"SPRF-MT";"DEL01-MT";"UOP01-DEL01-MT"
743570;1665414;2025-12-22;"segunda-feira";"04:40:00";"MT";364;568;"NOBRES";"Sim";"Condutor Dormindo";2;"Tombamento";"Com V�timas Feridas";"Amanhecer";"Crescente";"Chuva";"Dupla";"Reta";"N�o";1327629;"�nibus";"VOLVO/COMIL CAMPIONE R/COMIL CAMPIONE R";2011;"Passageiro";"Les�es Leves";40;"Feminino";0;1;0;0;-14,6752;-56,299536;"SPRF-MT";"DEL01-MT";"UOP01-DEL01-MT"
743570;1665413;2025-12-22;"segunda-feira";"04:40:00";"MT";364;568;"NOBRES";"Sim";"Condutor Dormindo";2;"Tombamento";"Com V�timas Feridas";"Amanhecer";"Crescente";"Chuva";"Dupla";"Reta";"N�o";1327629;"�nibus";"VOLVO/COMIL CAMPIONE R/COMIL CAMPIONE R";2011;"Passageiro";"Les�es Leves";39;"Feminino";0;1;0;0;-14,6752;-56,299536;"SPRF-MT";"DEL01-MT";"UOP01-DEL01-MT"
743570;1665412;2025-12-22;"segunda-feira";"04:40:00";"MT";364;568;"NOBRES";"Sim";"Condutor Dormindo";2;"Tombamento";"Com V�timas Feridas";"Amanhecer";"Crescente";"Chuva";"Dupla";"Reta";"N�o";1327629;"�nibus";"VOLVO/COMIL CAMPIONE R/COMIL CAMPIONE R";2011;"Passageiro";"Les�es Leves";23;"Masculino";0;1;0;0;-14,6752;-56,299536;"SPRF-MT";"DEL01-MT";"UOP01-DEL01-MT"
743570;1665411;2025-12-22;"segunda-feira";"04:40:00";"MT";364;568;"NOBRES";"Sim";"Condutor Dormindo";2;"Tombamento";"Com V�timas Feridas";"Amanhecer";"Crescente";"Chuva";"Dupla";"Reta";"N�o";1327629;"�nibus";"VOLVO/COMIL CAMPIONE R/COMIL CAMPIONE R";2011;"Passageiro";"Les�es Leves";47;"Feminino";0;1;0;0;-14,6752;-56,299536;"SPRF-MT";"DEL01-MT";"UOP01-DEL01-MT"
743570;1665409;2025-12-22;"segunda-feira";"04:40:00";"MT";364;568;"NOBRES";"Sim";"Condutor Dormindo";2;"Tombamento";"Com V�timas Feridas";"Amanhecer";"Crescente";"Chuva";"Dupla";"Reta";"N�o";1327629;"�nibus";"VOLVO/COMIL CAMPIONE R/COMIL CAMPIONE R";2011;"Passageiro";"Les�es Leves";28;"Masculino";0;1;0;0;-14,6752;-56,299536;"SPRF-MT";"DEL01-MT";"UOP01-DEL01-MT"
743570;1665408;2025-12-22;"segunda-feira";"04:40:00";"MT";364;568;"NOBRES";"Sim";"Condutor Dormindo";2;"Tombamento";"Com V�timas Feridas";"Amanhecer";"Crescente";"Chuva";"Dupla";"Reta";"N�o";1327629;"�nibus";"VOLVO/COMIL CAMPIONE R/COMIL CAMPIONE R";2011;"Passageiro";"Les�es Leves";31;"Feminino";0;1;0;0;-14,6752;-56,299536;"SPRF-MT";"DEL01-MT";"UOP01-DEL01-MT"
743570;1665407;2025-12-22;"segunda-feira";"04:40:00";"MT";364;568;"NOBRES";"Sim";"Condutor Dormindo";2;"Tombamento";"Com V�timas Feridas";"Amanhecer";"Crescente";"Chuva";"Dupla";"Reta";"N�o";1327629;"�nibus";"VOLVO/COMIL CAMPIONE R/COMIL CAMPIONE R";2011;"Passageiro";"Les�es Leves";22;"Feminino";0;1;0;0;-14,6752;-56,299536;"SPRF-MT";"DEL01-MT";"UOP01-DEL01-MT"
743570;1665406;2025-12-22;"segunda-feira";"04:40:00";"MT";364;568;"NOBRES";"Sim";"Condutor Dormindo";2;"Tombamento";"Com V�timas Feridas";"Amanhecer";"Crescente";"Chuva";"Dupla";"Reta";"N�o";1327629;"�nibus";"VOLVO/COMIL CAMPIONE R/COMIL CAMPIONE R";2011;"Passageiro";"Les�es Leves";21;"Masculino";0;1;0;0;-14,6752;-56,299536;"SPRF-MT";"DEL01-MT";"UOP01-DEL01-MT"
743570;1665405;2025-12-22;"segunda-feira";"04:40:00";"MT";364;568;"NOBRES";"Sim";"Condutor Dormindo";2;"Tombamento";"Com V�timas Feridas";"Amanhecer";"Crescente";"Chuva";"Dupla";"Reta";"N�o";1327629;"�nibus";"VOLVO/COMIL CAMPIONE R/COMIL CAMPIONE R";2011;"Passageiro";"Les�es Leves";48;"Masculino";0;1;0;0;-14,6752;-56,299536;"SPRF-MT";"DEL01-MT";"UOP01-DEL01-MT"
743570;1665404;2025-12-22;"segunda-feira";"04:40:00";"MT";364;568;"NOBRES";"Sim";"Condutor Dormindo";2;"Tombamento";"Com V�timas Feridas";"Amanhecer";"Crescente";"Chuva";"Dupla";"Reta";"N�o";1327629;"�nibus";"VOLVO/COMIL CAMPIONE R/COMIL CAMPIONE R";2011;"Passageiro";"Les�es Leves";31;"Feminino";0;1;0;0;-14,6752;-56,299536;"SPRF-MT";"DEL01-MT";"UOP01-DEL01-MT"
743570;1665403;2025-12-22;"segunda-feira";"04:40:00";"MT";364;568;"NOBRES";"Sim";"Condutor Dormindo";2;"Tombamento";"Com V�timas Feridas";"Amanhecer";"Crescente";"Chuva";"Dupla";"Reta";"N�o";1327629;"�nibus";"VOLVO/COMIL CAMPIONE R/COMIL CAMPIONE R";2011;"Passageiro";"Les�es Leves";20;"Feminino";0;1;0;0;-14,6752;-56,299536;"SPRF-MT";"DEL01-MT";"UOP01-DEL01-MT"
743570;1665402;2025-12-22;"segunda-feira";"04:40:00";"MT";364;568;"NOBRES";"Sim";"Condutor Dormindo";2;"Tombamento";"Com V�timas Feridas";"Amanhecer";"Crescente";"Chuva";"Dupla";"Reta";"N�o";1327629;"�nibus";"VOLVO/COMIL CAMPIONE R/COMIL CAMPIONE R";2011;"Passageiro";"Les�es Leves";34;"Feminino";0;1;0;0;-14,6752;-56,299536;"SPRF-MT";"DEL01-MT";"UOP01-DEL01-MT"
743570;1665401;2025-12-22;"segunda-feira";"04:40:00";"MT";364;568;"NOBRES";"Sim";"Condutor Dormindo";2;"Tombamento";"Com V�timas Feridas";"Amanhecer";"Crescente";"Chuva";"Dupla";"Reta";"N�o";1327629;"�nibus";"VOLVO/COMIL CAMPIONE R/COMIL CAMPIONE R";2011;"Passageiro";"Les�es Leves";47;"Feminino";0;1;0;0;-14,6752;-56,299536;"SPRF-MT";"DEL01-MT";"UOP01-DEL01-MT"
743570;1665400;2025-12-22;"segunda-feira";"04:40:00";"MT";364;568;"NOBRES";"Sim";"Condutor Dormindo";2;"Tombamento";"Com V�timas Feridas";"Amanhecer";"Crescente";"Chuva";"Dupla";"Reta";"N�o";1327629;"�nibus";"VOLVO/COMIL CAMPIONE R/COMIL CAMPIONE R";2011;"Passageiro";"Les�es Leves";46;"Feminino";0;1;0;0;-14,6752;-56,299536;"SPRF-MT";"DEL01-MT";"UOP01-DEL01-MT"
743570;1665399;2025-12-22;"segunda-feira";"04:40:00";"MT";364;568;"NOBRES";"Sim";"Condutor Dormindo";2;"Tombamento";"Com V�timas Feridas";"Amanhecer";"Crescente";"Chuva";"Dupla";"Reta";"N�o";1327629;"�nibus";"VOLVO/COMIL CAMPIONE R/COMIL CAMPIONE R";2011;"Passageiro";"Les�es Leves";35;"Feminino";0;1;0;0;-14,6752;-56,299536;"SPRF-MT";"DEL01-MT";"UOP01-DEL01-MT"
743570;1665398;2025-12-22;"segunda-feira";"04:40:00";"MT";364;568;"NOBRES";"Sim";"Condutor Dormindo";2;"Tombamento";"Com V�timas Feridas";"Amanhecer";"Crescente";"Chuva";"Dupla";"Reta";"N�o";1327629;"�nibus";"VOLVO/COMIL CAMPIONE R/COMIL CAMPIONE R";2011;"Passageiro";"Les�es Leves";20;"Masculino";0;1;0;0;-14,6752;-56,299536;"SPRF-MT";"DEL01-MT";"UOP01-DEL01-MT"
743570;1665397;2025-12-22;"segunda-feira";"04:40:00";"MT";364;568;"NOBRES";"Sim";"Condutor Dormindo";2;"Tombamento";"Com V�timas Feridas";"Amanhecer";"Crescente";"Chuva";"Dupla";"Reta";"N�o";1327629;"�nibus";"VOLVO/COMIL CAMPIONE R/COMIL CAMPIONE R";2011;"Passageiro";"Les�es Leves";29;"Masculino";0;1;0;0;-14,6752;-56,299536;"SPRF-MT";"DEL01-MT";"UOP01-DEL01-MT"
743570;1665396;2025-12-22;"segunda-feira";"04:40:00";"MT";364;568;"NOBRES";"Sim";"Condutor Dormindo";2;"Tombamento";"Com V�timas Feridas";"Amanhecer";"Crescente";"Chuva";"Dupla";"Reta";"N�o";1327629;"�nibus";"VOLVO/COMIL CAMPIONE R/COMIL CAMPIONE R";2011;"Passageiro";"Les�es Leves";31;"Masculino";0;1;0;0;-14,6752;-56,299536;"SPRF-MT";"DEL01-MT";"UOP01-DEL01-MT"
743570;1665395;2025-12-22;"segunda-feira";"04:40:00";"MT";364;568;"NOBRES";"Sim";"Condutor Dormindo";2;"Tombamento";"Com V�timas Feridas";"Amanhecer";"Crescente";"Chuva";"Dupla";"Reta";"N�o";1327629;"�nibus";"VOLVO/COMIL CAMPIONE R/COMIL CAMPIONE R";2011;"Condutor";"Ileso";46;"Masculino";1;0;0;0;-14,6752;-56,299536;"SPRF-MT";"DEL01-MT";"UOP01-DEL01-MT"
743570;1665425;2025-12-22;"segunda-feira";"04:40:00";"MT";364;568;"NOBRES";"Sim";"Condutor Dormindo";1;"Sa�da de leito carro��vel";"Com V�timas Feridas";"Amanhecer";"Crescente";"Chuva";"Dupla";"Reta";"N�o";1327629;"�nibus";"VOLVO/COMIL CAMPIONE R/COMIL CAMPIONE R";2011;"Passageiro";"Les�es Leves";20;"Masculino";0;1;0;0;-14,6752;-56,299536;"SPRF-MT";"DEL01-MT";"UOP01-DEL01-MT"
743570;1665424;2025-12-22;"segunda-feira";"04:40:00";"MT";364;568;"NOBRES";"Sim";"Condutor Dormindo";1;"Sa�da de leito carro��vel";"Com V�timas Feridas";"Amanhecer";"Crescente";"Chuva";"Dupla";"Reta";"N�o";1327629;"�nibus";"VOLVO/COMIL CAMPIONE R/COMIL CAMPIONE R";2011;"Passageiro";"Les�es Leves";34;"Feminino";0;1;0;0;-14,6752;-56,299536;"SPRF-MT";"DEL01-MT";"UOP01-DEL01-MT"
743570;1665422;2025-12-22;"segunda-feira";"04:40:00";"MT";364;568;"NOBRES";"Sim";"Condutor Dormindo";1;"Sa�da de leito carro��vel";"Com V�timas Feridas";"Amanhecer";"Crescente";"Chuva";"Dupla";"Reta";"N�o";1327629;"�nibus";"VOLVO/COMIL CAMPIONE R/COMIL CAMPIONE R";2011;"Passageiro";"Les�es Leves";23;"Masculino";0;1;0;0;-14,6752;-56,299536;"SPRF-MT";"DEL01-MT";"UOP01-DEL01-MT"
743570;1665421;2025-12-22;"segunda-feira";"04:40:00";"MT";364;568;"NOBRES";"Sim";"Condutor Dormindo";1;"Sa�da de leito carro��vel";"Com V�timas Feridas";"Amanhecer";"Crescente";"Chuva";"Dupla";"Reta";"N�o";1327629;"�nibus";"VOLVO/COMIL CAMPIONE R/COMIL CAMPIONE R";2011;"Passageiro";"Les�es Leves";42;"Feminino";0;1;0;0;-14,6752;-56,299536;"SPRF-MT";"DEL01-MT";"UOP01-DEL01-MT"
743570;1665418;2025-12-22;"segunda-feira";"04:40:00";"MT";364;568;"NOBRES";"Sim";"Condutor Dormindo";1;"Sa�da de leito carro��vel";"Com V�timas Feridas";"Amanhecer";"Crescente";"Chuva";"Dupla";"Reta";"N�o";1327629;"�nibus";"VOLVO/COMIL CAMPIONE R/COMIL CAMPIONE R";2011;"Passageiro";"Les�es Leves";26;"Masculino";0;1;0;0;-14,6752;-56,299536;"SPRF-MT";"DEL01-MT";"UOP01-DEL01-MT"
743570;1665417;2025-12-22;"segunda-feira";"04:40:00";"MT";364;568;"NOBRES";"Sim";"Condutor Dormindo";1;"Sa�da de leito carro��vel";"Com V�timas Feridas";"Amanhecer";"Crescente";"Chuva";"Dupla";"Reta";"N�o";1327629;"�nibus";"VOLVO/COMIL CAMPIONE R/COMIL CAMPIONE R";2011;"Passageiro";"Les�es Leves";29;"Feminino";0;1;0;0;-14,6752;-56,299536;"SPRF-MT";"DEL01-MT";"UOP01-DEL01-MT"
743570;1665416;2025-12-22;"segunda-feira";"04:40:00";"MT";364;568;"NOBRES";"Sim";"Condutor Dormindo";1;"Sa�da de leito carro��vel";"Com V�timas Feridas";"Amanhecer";"Crescente";"Chuva";"Dupla";"Reta";"N�o";1327629;"�nibus";"VOLVO/COMIL CAMPIONE R/COMIL CAMPIONE R";2011;"Passageiro";"Les�es Leves";38;"Feminino";0;1;0;0;-14,6752;-56,299536;"SPRF-MT";"DEL01-MT";"UOP01-DEL01-MT"
743570;1665415;2025-12-22;"segunda-feira";"04:40:00";"MT";364;568;"NOBRES";"Sim";"Condutor Dormindo";1;"Sa�da de leito carro��vel";"Com V�timas Feridas";"Amanhecer";"Crescente";"Chuva";"Dupla";"Reta";"N�o";1327629;"�nibus";"VOLVO/COMIL CAMPIONE R/COMIL CAMPIONE R";2011;"Passageiro";"Les�es Leves";19;"Masculino";0;1;0;0;-14,6752;-56,299536;"SPRF-MT";"DEL01-MT";"UOP01-DEL01-MT"
743570;1665414;2025-12-22;"segunda-feira";"04:40:00";"MT";364;568;"NOBRES";"Sim";"Condutor Dormindo";1;"Sa�da de leito carro��vel";"Com V�timas Feridas";"Amanhecer";"Crescente";"Chuva";"Dupla";"Reta";"N�o";1327629;"�nibus";"VOLVO/COMIL CAMPIONE R/COMIL CAMPIONE R";2011;"Passageiro";"Les�es Leves";40;"Feminino";0;1;0;0;-14,6752;-56,299536;"SPRF-MT";"DEL01-MT";"UOP01-DEL01-MT"
743570;1665413;2025-12-22;"segunda-feira";"04:40:00";"MT";364;568;"NOBRES";"Sim";"Condutor Dormindo";1;"Sa�da de leito carro��vel";"Com V�timas Feridas";"Amanhecer";"Crescente";"Chuva";"Dupla";"Reta";"N�o";1327629;"�nibus";"VOLVO/COMIL CAMPIONE R/COMIL CAMPIONE R";2011;"Passageiro";"Les�es Leves";39;"Feminino";0;1;0;0;-14,6752;-56,299536;"SPRF-MT";"DEL01-MT";"UOP01-DEL01-MT"
743570;1665412;2025-12-22;"segunda-feira";"04:40:00";"MT";364;568;"NOBRES";"Sim";"Condutor Dormindo";1;"Sa�da de leito carro��vel";"Com V�timas Feridas";"Amanhecer";"Crescente";"Chuva";"Dupla";"Reta";"N�o";1327629;"�nibus";"VOLVO/COMIL CAMPIONE R/COMIL CAMPIONE R";2011;"Passageiro";"Les�es Leves";23;"Masculino";0;1;0;0;-14,6752;-56,299536;"SPRF-MT";"DEL01-MT";"UOP01-DEL01-MT"
743570;1665411;2025-12-22;"segunda-feira";"04:40:00";"MT";364;568;"NOBRES";"Sim";"Condutor Dormindo";1;"Sa�da de leito carro��vel";"Com V�timas Feridas";"Amanhecer";"Crescente";"Chuva";"Dupla";"Reta";"N�o";1327629;"�nibus";"VOLVO/COMIL CAMPIONE R/COMIL CAMPIONE R";2011;"Passageiro";"Les�es Leves";47;"Feminino";0;1;0;0;-14,6752;-56,299536;"SPRF-MT";"DEL01-MT";"UOP01-DEL01-MT"
743570;1665409;2025-12-22;"segunda-feira";"04:40:00";"MT";364;568;"NOBRES";"Sim";"Condutor Dormindo";1;"Sa�da de leito carro��vel";"Com V�timas Feridas";"Amanhecer";"Crescente";"Chuva";"Dupla";"Reta";"N�o";1327629;"�nibus";"VOLVO/COMIL CAMPIONE R/COMIL CAMPIONE R";2011;"Passageiro";"Les�es Leves";28;"Masculino";0;1;0;0;-14,6752;-56,299536;"SPRF-MT";"DEL01-MT";"UOP01-DEL01-MT"
743570;1665408;2025-12-22;"segunda-feira";"04:40:00";"MT";364;568;"NOBRES";"Sim";"Condutor Dormindo";1;"Sa�da de leito carro��vel";"Com V�timas Feridas";"Amanhecer";"Crescente";"Chuva";"Dupla";"Reta";"N�o";1327629;"�nibus";"VOLVO/COMIL CAMPIONE R/COMIL CAMPIONE R";2011;"Passageiro";"Les�es Leves";31;"Feminino";0;1;0;0;-14,6752;-56,299536;"SPRF-MT";"DEL01-MT";"UOP01-DEL01-MT"
743570;1665407;2025-12-22;"segunda-feira";"04:40:00";"MT";364;568;"NOBRES";"Sim";"Condutor Dormindo";1;"Sa�da de leito carro��vel";"Com V�timas Feridas";"Amanhecer";"Crescente";"Chuva";"Dupla";"Reta";"N�o";1327629;"�nibus";"VOLVO/COMIL CAMPIONE R/COMIL CAMPIONE R";2011;"Passageiro";"Les�es Leves";22;"Feminino";0;1;0;0;-14,6752;-56,299536;"SPRF-MT";"DEL01-MT";"UOP01-DEL01-MT"
743570;1665406;2025-12-22;"segunda-feira";"04:40:00";"MT";364;568;"NOBRES";"Sim";"Condutor Dormindo";1;"Sa�da de leito carro��vel";"Com V�timas Feridas";"Amanhecer";"Crescente";"Chuva";"Dupla";"Reta";"N�o";1327629;"�nibus";"VOLVO/COMIL CAMPIONE R/COMIL CAMPIONE R";2011;"Passageiro";"Les�es Leves";21;"Masculino";0;1;0;0;-14,6752;-56,299536;"SPRF-MT";"DEL01-MT";"UOP01-DEL01-MT"
743570;1665405;2025-12-22;"segunda-feira";"04:40:00";"MT";364;568;"NOBRES";"Sim";"Condutor Dormindo";1;"Sa�da de leito carro��vel";"Com V�timas Feridas";"Amanhecer";"Crescente";"Chuva";"Dupla";"Reta";"N�o";1327629;"�nibus";"VOLVO/COMIL CAMPIONE R/COMIL CAMPIONE R";2011;"Passageiro";"Les�es Leves";48;"Masculino";0;1;0;0;-14,6752;-56,299536;"SPRF-MT";"DEL01-MT";"UOP01-DEL01-MT"
743570;1665404;2025-12-22;"segunda-feira";"04:40:00";"MT";364;568;"NOBRES";"Sim";"Condutor Dormindo";1;"Sa�da de leito carro��vel";"Com V�timas Feridas";"Amanhecer";"Crescente";"Chuva";"Dupla";"Reta";"N�o";1327629;"�nibus";"VOLVO/COMIL CAMPIONE R/COMIL CAMPIONE R";2011;"Passageiro";"Les�es Leves";31;"Feminino";0;1;0;0;-14,6752;-56,299536;"SPRF-MT";"DEL01-MT";"UOP01-DEL01-MT"
743570;1665403;2025-12-22;"segunda-feira";"04:40:00";"MT";364;568;"NOBRES";"Sim";"Condutor Dormindo";1;"Sa�da de leito carro��vel";"Com V�timas Feridas";"Amanhecer";"Crescente";"Chuva";"Dupla";"Reta";"N�o";1327629;"�nibus";"VOLVO/COMIL CAMPIONE R/COMIL CAMPIONE R";2011;"Passageiro";"Les�es Leves";20;"Feminino";0;1;0;0;-14,6752;-56,299536;"SPRF-MT";"DEL01-MT";"UOP01-DEL01-MT"
743570;1665402;2025-12-22;"segunda-feira";"04:40:00";"MT";364;568;"NOBRES";"Sim";"Condutor Dormindo";1;"Sa�da de leito carro��vel";"Com V�timas Feridas";"Amanhecer";"Crescente";"Chuva";"Dupla";"Reta";"N�o";1327629;"�nibus";"VOLVO/COMIL CAMPIONE R/COMIL CAMPIONE R";2011;"Passageiro";"Les�es Leves";34;"Feminino";0;1;0;0;-14,6752;-56,299536;"SPRF-MT";"DEL01-MT";"UOP01-DEL01-MT"
743570;1665401;2025-12-22;"segunda-feira";"04:40:00";"MT";364;568;"NOBRES";"Sim";"Condutor Dormindo";1;"Sa�da de leito carro��vel";"Com V�timas Feridas";"Amanhecer";"Crescente";"Chuva";"Dupla";"Reta";"N�o";1327629;"�nibus";"VOLVO/COMIL CAMPIONE R/COMIL CAMPIONE R";2011;"Passageiro";"Les�es Leves";47;"Feminino";0;1;0;0;-14,6752;-56,299536;"SPRF-MT";"DEL01-MT";"UOP01-DEL01-MT"
743570;1665400;2025-12-22;"segunda-feira";"04:40:00";"MT";364;568;"NOBRES";"Sim";"Condutor Dormindo";1;"Sa�da de leito carro��vel";"Com V�timas Feridas";"Amanhecer";"Crescente";"Chuva";"Dupla";"Reta";"N�o";1327629;"�nibus";"VOLVO/COMIL CAMPIONE R/COMIL CAMPIONE R";2011;"Passageiro";"Les�es Leves";46;"Feminino";0;1;0;0;-14,6752;-56,299536;"SPRF-MT";"DEL01-MT";"UOP01-DEL01-MT"
743570;1665399;2025-12-22;"segunda-feira";"04:40:00";"MT";364;568;"NOBRES";"Sim";"Condutor Dormindo";1;"Sa�da de leito carro��vel";"Com V�timas Feridas";"Amanhecer";"Crescente";"Chuva";"Dupla";"Reta";"N�o";1327629;"�nibus";"VOLVO/COMIL CAMPIONE R/COMIL CAMPIONE R";2011;"Passageiro";"Les�es Leves";35;"Feminino";0;1;0;0;-14,6752;-56,299536;"SPRF-MT";"DEL01-MT";"UOP01-DEL01-MT"
743570;1665398;2025-12-22;"segunda-feira";"04:40:00";"MT";364;568;"NOBRES";"Sim";"Condutor Dormindo";1;"Sa�da de leito carro��vel";"Com V�timas Feridas";"Amanhecer";"Crescente";"Chuva";"Dupla";"Reta";"N�o";1327629;"�nibus";"VOLVO/COMIL CAMPIONE R/COMIL CAMPIONE R";2011;"Passageiro";"Les�es Leves";20;"Masculino";0;1;0;0;-14,6752;-56,299536;"SPRF-MT";"DEL01-MT";"UOP01-DEL01-MT"
743570;1665397;2025-12-22;"segunda-feira";"04:40:00";"MT";364;568;"NOBRES";"Sim";"Condutor Dormindo";1;"Sa�da de leito carro��vel";"Com V�timas Feridas";"Amanhecer";"Crescente";"Chuva";"Dupla";"Reta";"N�o";1327629;"�nibus";"VOLVO/COMIL CAMPIONE R/COMIL CAMPIONE R";2011;"Passageiro";"Les�es Leves";29;"Masculino";0;1;0;0;-14,6752;-56,299536;"SPRF-MT";"DEL01-MT";"UOP01-DEL01-MT"
743570;1665396;2025-12-22;"segunda-feira";"04:40:00";"MT";364;568;"NOBRES";"Sim";"Condutor Dormindo";1;"Sa�da de leito carro��vel";"Com V�timas Feridas";"Amanhecer";"Crescente";"Chuva";"Dupla";"Reta";"N�o";1327629;"�nibus";"VOLVO/COMIL CAMPIONE R/COMIL CAMPIONE R";2011;"Passageiro";"Les�es Leves";31;"Masculino";0;1;0;0;-14,6752;-56,299536;"SPRF-MT";"DEL01-MT";"UOP01-DEL01-MT"
743570;1665395;2025-12-22;"segunda-feira";"04:40:00";"MT";364;568;"NOBRES";"Sim";"Condutor Dormindo";1;"Sa�da de leito carro��vel";"Com V�timas Feridas";"Amanhecer";"Crescente";"Chuva";"Dupla";"Reta";"N�o";1327629;"�nibus";"VOLVO/COMIL CAMPIONE R/COMIL CAMPIONE R";2011;"Condutor";"Ileso";46;"Masculino";1;0;0;0;-14,6752;-56,299536;"SPRF-MT";"DEL01-MT";"UOP01-DEL01-MT"