"id";"pesid";"data_inversa";"dia_semana";"horario";"uf";"br";"km";"municipio";"causa_principal";"causa_acidente";"ordem_tipo_acidente";"tipo_acidente";"classificacao_acidente";"fase_dia";"sentido_via";"condicao_metereologica";"tipo_pista";"tracado_via";"uso_solo";"id_veiculo";"tipo_veiculo";"marca";"ano_fabricacao_veiculo";"tipo_envolvido";"estado_fisico";"idade";"sexo";"ilesos";"feridos_leves";"feridos_graves";"mortos";"latitude";"longitude";"regional";"delegacia";"uop"
743634;1665569;2025-11-27;"quinta-feira";"03:31:00";"PB";230;243;"JUAZEIRINHO";"Sim";"Aus�ncia de rea��o do condutor";1;"Colis�o lateral sentido oposto";"Com V�timas Feridas";"Plena Noite";"Crescente";"C�u Claro";"Simples";"Reta";"N�o";1327703;"Caminh�o";"VOLVO/VM 290 6X2 R/VM 290 6X2 R";2025;"Condutor";"Les�es Leves";45;"Masculino";0;1;0;0;-7,068951;-36,588002;"SPRF-PB";"DEL02-PB";"UOP02-DEL02-PB"
743705;1665773;2025-11-09;"domingo";"18:57:00";"PA";163;422;"ALTAMIRA";"Sim";"Acessar a via sem observar a presen�a dos outros ve�culos";1;"Colis�o frontal";"Sem V�timas";"Anoitecer";"Crescente";"Ignorado";"Simples";"Reta";"N�o";1327832;"Motocicleta";"N�o Informado/N�o Informado/N�o Informado";0;"Condutor";"N�o Informado";NA;"N�o Informado";0;0;0;0;-6;-55;"SPRF-PA";"DEL05-PA";"UOP03-DEL05-PA"
743705;1665790;2025-11-09;"domingo";"18:57:00";"PA";163;422;"ALTAMIRA";"Sim";"Acessar a via sem observar a presen�a dos outros ve�culos";1;"Colis�o frontal";"Sem V�timas";"Anoitecer";"Crescente";"Ignorado";"Simples";"Reta";"N�o";1327834;"Caminh�o-trator";"M.BENZ/ACTROS 2651S6X4/ACTROS 2651S6X4";0;"Condutor";"Ileso";NA;"Masculino";1;0;0;0;-6;-55;"SPRF-PA";"DEL05-PA";"UOP03-DEL05-PA"
743706;1665833;2025-11-09;"domingo";"18:09:00";"PA";163;311;"NOVO PROGRESSO";"N�o";"Rea��o tardia ou ineficiente do condutor";2;"Tombamento";"Com V�timas Feridas";"Anoitecer";"Crescente";"Ignorado";"Simples";"Reta";"N�o";1327865;"Motocicleta";"HONDA/POP100/POP100";0;"Condutor";"Les�es Leves";NA;"Feminino";0;1;0;0;-7,036998;-55,41607;"SPRF-PA";"DEL05-PA";"UOP03-DEL05-PA"
743706;1665830;2025-11-09;"domingo";"18:09:00";"PA";163;311;"NOVO PROGRESSO";"N�o";"Rea��o tardia ou ineficiente do condutor";2;"Tombamento";"Com V�timas Feridas";"Anoitecer";"Crescente";"Ignorado";"Simples";"Reta";"N�o";1327871;"Caminhonete";"MMC/L200 TRITON GL D/L200 TRITON GL D";0;"Condutor";"Ileso";NA;"Masculino";1;0;0;0;-7,036998;-55,41607;"SPRF-PA";"DEL05-PA";"UOP03-DEL05-PA"
743706;1665833;2025-11-09;"domingo";"18:09:00";"PA";163;311;"NOVO PROGRESSO";"N�o";"Rea��o tardia ou ineficiente do condutor";1;"Colis�o frontal";"Com V�timas Feridas";"Anoitecer";"Crescente";"Ignorado";"Simples";"Reta";"N�o";1327865;"Motocicleta";"HONDA/POP100/POP100";0;"Condutor";"Les�es Leves";NA;"Feminino";0;1;0;0;-7,036998;-55,41607;"SPRF-PA";"DEL05-PA";"UOP03-DEL05-PA"
743706;1665830;2025-11-09;"domingo";"18:09:00";"PA";163;311;"NOVO PROGRESSO";"N�o";"Rea��o tardia ou ineficiente do condutor";1;"Colis�o frontal";"Com V�timas Feridas";"Anoitecer";"Crescente";"Ignorado";"Simples";"Reta";"N�o";1327871;"Caminhonete";"MMC/L200 TRITON GL D/L200 TRITON GL D";0;"Condutor";"Ileso";NA;"Masculino";1;0;0;0;-7,036998;-55,41607;"SPRF-PA";"DEL05-PA";"UOP03-DEL05-PA"
743706;1665833;2025-11-09;"domingo";"18:09:00";"PA";163;311;"NOVO PROGRESSO";"N�o";"Aus�ncia de rea��o do condutor";2;"Tombamento";"Com V�timas Feridas";"Anoitecer";"Crescente";"Ignorado";"Simples";"Reta";"N�o";1327865;"Motocicleta";"HONDA/POP100/POP100";0;"Condutor";"Les�es Leves";NA;"Feminino";0;1;0;0;-7,036998;-55,41607;"SPRF-PA";"DEL05-PA";"UOP03-DEL05-PA"
743706;1665830;2025-11-09;"domingo";"18:09:00";"PA";163;311;"NOVO PROGRESSO";"N�o";"Aus�ncia de rea��o do condutor";2;"Tombamento";"Com V�timas Feridas";"Anoitecer";"Crescente";"Ignorado";"Simples";"Reta";"N�o";1327871;"Caminhonete";"MMC/L200 TRITON GL D/L200 TRITON GL D";0;"Condutor";"Ileso";NA;"Masculino";1;0;0;0;-7,036998;-55,41607;"SPRF-PA";"DEL05-PA";"UOP03-DEL05-PA"
743706;1665833;2025-11-09;"domingo";"18:09:00";"PA";163;311;"NOVO PROGRESSO";"N�o";"Aus�ncia de rea��o do condutor";1;"Colis�o frontal";"Com V�timas Feridas";"Anoitecer";"Crescente";"Ignorado";"Simples";"Reta";"N�o";1327865;"Motocicleta";"HONDA/POP100/POP100";0;"Condutor";"Les�es Leves";NA;"Feminino";0;1;0;0;-7,036998;-55,41607;"SPRF-PA";"DEL05-PA";"UOP03-DEL05-PA"
743706;1665830;2025-11-09;"domingo";"18:09:00";"PA";163;311;"NOVO PROGRESSO";"N�o";"Aus�ncia de rea��o do condutor";1;"Colis�o frontal";"Com V�timas Feridas";"Anoitecer";"Crescente";"Ignorado";"Simples";"Reta";"N�o";1327871;"Caminhonete";"MMC/L200 TRITON GL D/L200 TRITON GL D";0;"Condutor";"Ileso";NA;"Masculino";1;0;0;0;-7,036998;-55,41607;"SPRF-PA";"DEL05-PA";"UOP03-DEL05-PA"
743706;1665833;2025-11-09;"domingo";"18:09:00";"PA";163;311;"NOVO PROGRESSO";"Sim";"Acessar a via sem observar a presen�a dos outros ve�culos";2;"Tombamento";"Com V�timas Feridas";"Anoitecer";"Crescente";"Ignorado";"Simples";"Reta";"N�o";1327865;"Motocicleta";"HONDA/POP100/POP100";0;"Condutor";"Les�es Leves";NA;"Feminino";0;1;0;0;-7,036998;-55,41607;"SPRF-PA";"DEL05-PA";"UOP03-DEL05-PA"
743706;1665830;2025-11-09;"domingo";"18:09:00";"PA";163;311;"NOVO PROGRESSO";"Sim";"Acessar a via sem observar a presen�a dos outros ve�culos";2;"Tombamento";"Com V�timas Feridas";"Anoitecer";"Crescente";"Ignorado";"Simples";"Reta";"N�o";1327871;"Caminhonete";"MMC/L200 TRITON GL D/L200 TRITON GL D";0;"Condutor";"Ileso";NA;"Masculino";1;0;0;0;-7,036998;-55,41607;"SPRF-PA";"DEL05-PA";"UOP03-DEL05-PA"
743706;1665833;2025-11-09;"domingo";"18:09:00";"PA";163;311;"NOVO PROGRESSO";"Sim";"Acessar a via sem observar a presen�a dos outros ve�culos";1;"Colis�o frontal";"Com V�timas Feridas";"Anoitecer";"Crescente";"Ignorado";"Simples";"Reta";"N�o";1327865;"Motocicleta";"HONDA/POP100/POP100";0;"Condutor";"Les�es Leves";NA;"Feminino";0;1;0;0;-7,036998;-55,41607;"SPRF-PA";"DEL05-PA";"UOP03-DEL05-PA"
743706;1665830;2025-11-09;"domingo";"18:09:00";"PA";163;311;"NOVO PROGRESSO";"Sim";"Acessar a via sem observar a presen�a dos outros ve�culos";1;"Colis�o frontal";"Com V�timas Feridas";"Anoitecer";"Crescente";"Ignorado";"Simples";"Reta";"N�o";1327871;"Caminhonete";"MMC/L200 TRITON GL D/L200 TRITON GL D";0;"Condutor";"Ileso";NA;"Masculino";1;0;0;0;-7,036998;-55,41607;"SPRF-PA";"DEL05-PA";"UOP03-DEL05-PA"
743782;NA;2025-12-28;"domingo";"21:21:00";"MG";381;355;"JOAO MONLEVADE";"N�o";"Aus�ncia de rea��o do condutor";2;"Sa�da de leito carro��vel";"Com V�timas Feridas";"Plena Noite";"Decrescente";"C�u Claro";"Simples";"Curva;Aclive";"N�o";1327969;"Semireboque";"SR/VANZELA VTAV 3E/VANZELA VTAV 3E";2025;NA;NA;NA;NA;NA;NA;NA;NA;-19,85085374;-43,21717858;"SPRF-MG";"DEL03-MG";"UOP01-DEL03-MG"
743782;1666034;2025-12-28;"domingo";"21:21:00";"MG";381;355;"JOAO MONLEVADE";"N�o";"Aus�ncia de rea��o do condutor";2;"Sa�da de leito carro��vel";"Com V�timas Feridas";"Plena Noite";"Decrescente";"C�u Claro";"Simples";"Curva;Aclive";"N�o";1327968;"Caminh�o-trator";"VOLVO/FH 500 6X2T/FH 500 6X2T";2025;"Condutor";"Les�es Leves";44;"Masculino";0;1;0;0;-19,85085374;-43,21717858;"SPRF-MG";"DEL03-MG";"UOP01-DEL03-MG"
743782;NA;2025-12-28;"domingo";"21:21:00";"MG";381;355;"JOAO MONLEVADE";"N�o";"Aus�ncia de rea��o do condutor";1;"Tombamento";"Com V�timas Feridas";"Plena Noite";"Decrescente";"C�u Claro";"Simples";"Curva;Aclive";"N�o";1327969;"Semireboque";"SR/VANZELA VTAV 3E/VANZELA VTAV 3E";2025;NA;NA;NA;NA;NA;NA;NA;NA;-19,85085374;-43,21717858;"SPRF-MG";"DEL03-MG";"UOP01-DEL03-MG"
743782;1666034;2025-12-28;"domingo";"21:21:00";"MG";381;355;"JOAO MONLEVADE";"N�o";"Aus�ncia de rea��o do condutor";1;"Tombamento";"Com V�timas Feridas";"Plena Noite";"Decrescente";"C�u Claro";"Simples";"Curva;Aclive";"N�o";1327968;"Caminh�o-trator";"VOLVO/FH 500 6X2T/FH 500 6X2T";2025;"Condutor";"Les�es Leves";44;"Masculino";0;1;0;0;-19,85085374;-43,21717858;"SPRF-MG";"DEL03-MG";"UOP01-DEL03-MG"
743782;NA;2025-12-28;"domingo";"21:21:00";"MG";381;355;"JOAO MONLEVADE";"Sim";"Carga excessiva e/ou mal acondicionada";2;"Sa�da de leito carro��vel";"Com V�timas Feridas";"Plena Noite";"Decrescente";"C�u Claro";"Simples";"Curva;Aclive";"N�o";1327969;"Semireboque";"SR/VANZELA VTAV 3E/VANZELA VTAV 3E";2025;NA;NA;NA;NA;NA;NA;NA;NA;-19,85085374;-43,21717858;"SPRF-MG";"DEL03-MG";"UOP01-DEL03-MG"
743782;1666034;2025-12-28;"domingo";"21:21:00";"MG";381;355;"JOAO MONLEVADE";"Sim";"Carga excessiva e/ou mal acondicionada";2;"Sa�da de leito carro��vel";"Com V�timas Feridas";"Plena Noite";"Decrescente";"C�u Claro";"Simples";"Curva;Aclive";"N�o";1327968;"Caminh�o-trator";"VOLVO/FH 500 6X2T/FH 500 6X2T";2025;"Condutor";"Les�es Leves";44;"Masculino";0;1;0;0;-19,85085374;-43,21717858;"SPRF-MG";"DEL03-MG";"UOP01-DEL03-MG"
743782;NA;2025-12-28;"domingo";"21:21:00";"MG";381;355;"JOAO MONLEVADE";"Sim";"Carga excessiva e/ou mal acondicionada";1;"Tombamento";"Com V�timas Feridas";"Plena Noite";"Decrescente";"C�u Claro";"Simples";"Curva;Aclive";"N�o";1327969;"Semireboque";"SR/VANZELA VTAV 3E/VANZELA VTAV 3E";2025;NA;NA;NA;NA;NA;NA;NA;NA;-19,85085374;-43,21717858;"SPRF-MG";"DEL03-MG";"UOP01-DEL03-MG"
743782;1666034;2025-12-28;"domingo";"21:21:00";"MG";381;355;"JOAO MONLEVADE";"Sim";"Carga excessiva e/ou mal acondicionada";1;"Tombamento";"Com V�timas Feridas";"Plena Noite";"Decrescente";"C�u Claro";"Simples";"Curva;Aclive";"N�o";1327968;"Caminh�o-trator";"VOLVO/FH 500 6X2T/FH 500 6X2T";2025;"Condutor";"Les�es Leves";44;"Masculino";0;1;0;0;-19,85085374;-43,21717858;"SPRF-MG";"DEL03-MG";"UOP01-DEL03-MG"
743787;1666044;2025-11-10;"segunda-feira";"15:00:00";"PB";230;138,3;"CAMPINA GRANDE";"Sim";"Demais falhas mec�nicas ou el�tricas";1;"Inc�ndio";"Sem V�timas";"Pleno dia";"Crescente";"Sol";"Dupla";"Reta";"N�o";1327977;"Autom�vel";"PEUGEOT/207HB XR/207HB XR";2011;"Passageiro";"Ileso";34;"Feminino";1;0;0;0;-7,26999044;-35,788463;"SPRF-PB";"DEL02-PB";"UOP01-DEL02-PB"
743787;1666043;2025-11-10;"segunda-feira";"15:00:00";"PB";230;138,3;"CAMPINA GRANDE";"Sim";"Demais falhas mec�nicas ou el�tricas";1;"Inc�ndio";"Sem V�timas";"Pleno dia";"Crescente";"Sol";"Dupla";"Reta";"N�o";1327977;"Autom�vel";"PEUGEOT/207HB XR/207HB XR";2011;"Passageiro";"Ileso";24;"Masculino";1;0;0;0;-7,26999044;-35,788463;"SPRF-PB";"DEL02-PB";"UOP01-DEL02-PB"
743787;1666042;2025-11-10;"segunda-feira";"15:00:00";"PB";230;138,3;"CAMPINA GRANDE";"Sim";"Demais falhas mec�nicas ou el�tricas";1;"Inc�ndio";"Sem V�timas";"Pleno dia";"Crescente";"Sol";"Dupla";"Reta";"N�o";1327977;"Autom�vel";"PEUGEOT/207HB XR/207HB XR";2011;"Condutor";"Ileso";24;"Masculino";1;0;0;0;-7,26999044;-35,788463;"SPRF-PB";"DEL02-PB";"UOP01-DEL02-PB"
743808;1666072;2025-12-01;"segunda-feira";"07:10:00";"RJ";116;111;"GUAPIMIRIM";"Sim";"Rea��o tardia ou ineficiente do condutor";1;"Atropelamento de Pedestre";"Com V�timas Feridas";"Pleno dia";"Crescente";"Sol";"Dupla";"Reta";"Sim";1327997;"Bicicleta";"N�o Informado/N�o Informado/N�o Informado";0;"Condutor";"Les�es Graves";29;"Feminino";0;0;1;0;-22,55733864;-42,99452305;"SPRF-RJ";"DEL04-RJ";"UOP02-DEL04-RJ"
743808;1666071;2025-12-01;"segunda-feira";"07:10:00";"RJ";116;111;"GUAPIMIRIM";"Sim";"Rea��o tardia ou ineficiente do condutor";1;"Atropelamento de Pedestre";"Com V�timas Feridas";"Pleno dia";"Crescente";"Sol";"Dupla";"Reta";"Sim";1327996;"Autom�vel";"CHEVROLET/CELTA 1.0L LS/CELTA 1.0L LS";2012;"Condutor";"Ileso";38;"Masculino";1;0;0;0;-22,55733864;-42,99452305;"SPRF-RJ";"DEL04-RJ";"UOP02-DEL04-RJ"
743821;1666086;2025-11-27;"quinta-feira";"06:00:00";"CE";116;35;"AQUIRAZ";"Sim";"Condutor Dormindo";2;"Tombamento";"Com V�timas Feridas";"Pleno dia";"Decrescente";"C�u Claro";"Dupla";"Reta";"Sim";1328008;"Caminh�o";"M.BENZ/ATEGO 3030 CE/ATEGO 3030 CE";2018;"Condutor";"Les�es Leves";39;"Masculino";0;1;0;0;-4,0576468;-38,505119;"SPRF-CE";"DEL01-CE";"UOP02-DEL01-CE"
743821;1666086;2025-11-27;"quinta-feira";"06:00:00";"CE";116;35;"AQUIRAZ";"Sim";"Condutor Dormindo";1;"Colis�o com objeto";"Com V�timas Feridas";"Pleno dia";"Decrescente";"C�u Claro";"Dupla";"Reta";"Sim";1328008;"Caminh�o";"M.BENZ/ATEGO 3030 CE/ATEGO 3030 CE";2018;"Condutor";"Les�es Leves";39;"Masculino";0;1;0;0;-4,0576468;-38,505119;"SPRF-CE";"DEL01-CE";"UOP02-DEL01-CE"
743825;NA;2025-11-06;"quinta-feira";"15:50:00";"BA";116;547;"MILAGRES";"Sim";"Problema com o freio";1;"Colis�o traseira";"Com V�timas Feridas";"Pleno dia";"Decrescente";"C�u Claro";"Simples";"Reta";"Sim";1328022;"Semireboque";"REB/LINSHALM SRF3ECL/LINSHALM SRF3ECL";2023;NA;NA;NA;NA;NA;NA;NA;NA;-12,880301;-39,858022;"SPRF-BA";"DEL03-BA";"UOP02-DEL03-BA"
743825;1666096;2025-11-06;"quinta-feira";"15:50:00";"BA";116;547;"MILAGRES";"Sim";"Problema com o freio";1;"Colis�o traseira";"Com V�timas Feridas";"Pleno dia";"Decrescente";"C�u Claro";"Simples";"Reta";"Sim";1328021;"Caminh�o";"M.BENZ/ATEGO 2429CE/ATEGO 2429CE";2023;"Condutor";"Ileso";63;"Masculino";1;0;0;0;-12,880301;-39,858022;"SPRF-BA";"DEL03-BA";"UOP02-DEL03-BA"
743825;1666095;2025-11-06;"quinta-feira";"15:50:00";"BA";116;547;"MILAGRES";"Sim";"Problema com o freio";1;"Colis�o traseira";"Com V�timas Feridas";"Pleno dia";"Decrescente";"C�u Claro";"Simples";"Reta";"Sim";1328020;"Caminh�o-trator";"SCANIA/R 400 A4X2/R 400 A4X2";2012;"Condutor";"Les�es Leves";46;"Masculino";0;1;0;0;-12,880301;-39,858022;"SPRF-BA";"DEL03-BA";"UOP02-DEL03-BA"
743841;NA;2025-12-11;"quinta-feira";"23:30:00";"MG";381;580,3;"CARMOPOLIS DE MINAS";"Sim";"Aus�ncia de rea��o do condutor";1;"Colis�o traseira";"Com V�timas Feridas";"Plena Noite";"Crescente";"C�u Claro";"Dupla";"Aclive;Curva";"N�o";1328074;"Semireboque";"SR/LIBRELATO SRCA 2E/LIBRELATO SRCA 2E";2023;NA;NA;NA;NA;NA;NA;NA;NA;-20,48594;-44,59258;"SPRF-MG";"DEL04-MG";"UOP01-DEL04-MG"
743841;NA;2025-12-11;"quinta-feira";"23:30:00";"MG";381;580,3;"CARMOPOLIS DE MINAS";"Sim";"Aus�ncia de rea��o do condutor";1;"Colis�o traseira";"Com V�timas Feridas";"Plena Noite";"Crescente";"C�u Claro";"Dupla";"Aclive;Curva";"N�o";1328073;"Semireboque";"SR/LIBRELATO RDCACD 2E/LIBRELATO RDCACD 2E";2023;NA;NA;NA;NA;NA;NA;NA;NA;-20,48594;-44,59258;"SPRF-MG";"DEL04-MG";"UOP01-DEL04-MG"
743841;NA;2025-12-11;"quinta-feira";"23:30:00";"MG";381;580,3;"CARMOPOLIS DE MINAS";"Sim";"Aus�ncia de rea��o do condutor";1;"Colis�o traseira";"Com V�timas Feridas";"Plena Noite";"Crescente";"C�u Claro";"Dupla";"Aclive;Curva";"N�o";1328072;"Semireboque";"SR/LIBRELATO SRDLRD 2E/LIBRELATO SRDLRD 2E";2023;NA;NA;NA;NA;NA;NA;NA;NA;-20,48594;-44,59258;"SPRF-MG";"DEL04-MG";"UOP01-DEL04-MG"
743841;1666188;2025-12-11;"quinta-feira";"23:30:00";"MG";381;580,3;"CARMOPOLIS DE MINAS";"Sim";"Aus�ncia de rea��o do condutor";1;"Colis�o traseira";"Com V�timas Feridas";"Plena Noite";"Crescente";"C�u Claro";"Dupla";"Aclive;Curva";"N�o";1328071;"�nibus";"SCANIA/BUSSCAR JUM BUS R/BUSSCAR JUM BUS R";2001;"Passageiro";"Les�es Leves";57;"Feminino";0;1;0;0;-20,48594;-44,59258;"SPRF-MG";"DEL04-MG";"UOP01-DEL04-MG"
743841;1666206;2025-12-11;"quinta-feira";"23:30:00";"MG";381;580,3;"CARMOPOLIS DE MINAS";"Sim";"Aus�ncia de rea��o do condutor";1;"Colis�o traseira";"Com V�timas Feridas";"Plena Noite";"Crescente";"C�u Claro";"Dupla";"Aclive;Curva";"N�o";1328071;"�nibus";"SCANIA/BUSSCAR JUM BUS R/BUSSCAR JUM BUS R";2001;"Passageiro";"Ileso";NA;"Feminino";1;0;0;0;-20,48594;-44,59258;"SPRF-MG";"DEL04-MG";"UOP01-DEL04-MG"
743841;1666205;2025-12-11;"quinta-feira";"23:30:00";"MG";381;580,3;"CARMOPOLIS DE MINAS";"Sim";"Aus�ncia de rea��o do condutor";1;"Colis�o traseira";"Com V�timas Feridas";"Plena Noite";"Crescente";"C�u Claro";"Dupla";"Aclive;Curva";"N�o";1328071;"�nibus";"SCANIA/BUSSCAR JUM BUS R/BUSSCAR JUM BUS R";2001;"Passageiro";"Ileso";NA;"Feminino";1;0;0;0;-20,48594;-44,59258;"SPRF-MG";"DEL04-MG";"UOP01-DEL04-MG"
743841;1666204;2025-12-11;"quinta-feira";"23:30:00";"MG";381;580,3;"CARMOPOLIS DE MINAS";"Sim";"Aus�ncia de rea��o do condutor";1;"Colis�o traseira";"Com V�timas Feridas";"Plena Noite";"Crescente";"C�u Claro";"Dupla";"Aclive;Curva";"N�o";1328071;"�nibus";"SCANIA/BUSSCAR JUM BUS R/BUSSCAR JUM BUS R";2001;"Passageiro";"Ileso";NA;"Feminino";1;0;0;0;-20,48594;-44,59258;"SPRF-MG";"DEL04-MG";"UOP01-DEL04-MG"
743841;1666203;2025-12-11;"quinta-feira";"23:30:00";"MG";381;580,3;"CARMOPOLIS DE MINAS";"Sim";"Aus�ncia de rea��o do condutor";1;"Colis�o traseira";"Com V�timas Feridas";"Plena Noite";"Crescente";"C�u Claro";"Dupla";"Aclive;Curva";"N�o";1328071;"�nibus";"SCANIA/BUSSCAR JUM BUS R/BUSSCAR JUM BUS R";2001;"Passageiro";"Ileso";54;"Feminino";1;0;0;0;-20,48594;-44,59258;"SPRF-MG";"DEL04-MG";"UOP01-DEL04-MG"
743841;1666202;2025-12-11;"quinta-feira";"23:30:00";"MG";381;580,3;"CARMOPOLIS DE MINAS";"Sim";"Aus�ncia de rea��o do condutor";1;"Colis�o traseira";"Com V�timas Feridas";"Plena Noite";"Crescente";"C�u Claro";"Dupla";"Aclive;Curva";"N�o";1328071;"�nibus";"SCANIA/BUSSCAR JUM BUS R/BUSSCAR JUM BUS R";2001;"Passageiro";"Ileso";NA;"Feminino";1;0;0;0;-20,48594;-44,59258;"SPRF-MG";"DEL04-MG";"UOP01-DEL04-MG"
743841;1666201;2025-12-11;"quinta-feira";"23:30:00";"MG";381;580,3;"CARMOPOLIS DE MINAS";"Sim";"Aus�ncia de rea��o do condutor";1;"Colis�o traseira";"Com V�timas Feridas";"Plena Noite";"Crescente";"C�u Claro";"Dupla";"Aclive;Curva";"N�o";1328071;"�nibus";"SCANIA/BUSSCAR JUM BUS R/BUSSCAR JUM BUS R";2001;"Passageiro";"Ileso";NA;"Feminino";1;0;0;0;-20,48594;-44,59258;"SPRF-MG";"DEL04-MG";"UOP01-DEL04-MG"
743841;1666200;2025-12-11;"quinta-feira";"23:30:00";"MG";381;580,3;"CARMOPOLIS DE MINAS";"Sim";"Aus�ncia de rea��o do condutor";1;"Colis�o traseira";"Com V�timas Feridas";"Plena Noite";"Crescente";"C�u Claro";"Dupla";"Aclive;Curva";"N�o";1328071;"�nibus";"SCANIA/BUSSCAR JUM BUS R/BUSSCAR JUM BUS R";2001;"Passageiro";"Ileso";NA;"Masculino";1;0;0;0;-20,48594;-44,59258;"SPRF-MG";"DEL04-MG";"UOP01-DEL04-MG"
743841;1666199;2025-12-11;"quinta-feira";"23:30:00";"MG";381;580,3;"CARMOPOLIS DE MINAS";"Sim";"Aus�ncia de rea��o do condutor";1;"Colis�o traseira";"Com V�timas Feridas";"Plena Noite";"Crescente";"C�u Claro";"Dupla";"Aclive;Curva";"N�o";1328071;"�nibus";"SCANIA/BUSSCAR JUM BUS R/BUSSCAR JUM BUS R";2001;"Passageiro";"Ileso";NA;"Feminino";1;0;0;0;-20,48594;-44,59258;"SPRF-MG";"DEL04-MG";"UOP01-DEL04-MG"
743841;1666198;2025-12-11;"quinta-feira";"23:30:00";"MG";381;580,3;"CARMOPOLIS DE MINAS";"Sim";"Aus�ncia de rea��o do condutor";1;"Colis�o traseira";"Com V�timas Feridas";"Plena Noite";"Crescente";"C�u Claro";"Dupla";"Aclive;Curva";"N�o";1328071;"�nibus";"SCANIA/BUSSCAR JUM BUS R/BUSSCAR JUM BUS R";2001;"Passageiro";"Ileso";NA;"Feminino";1;0;0;0;-20,48594;-44,59258;"SPRF-MG";"DEL04-MG";"UOP01-DEL04-MG"
743841;1666197;2025-12-11;"quinta-feira";"23:30:00";"MG";381;580,3;"CARMOPOLIS DE MINAS";"Sim";"Aus�ncia de rea��o do condutor";1;"Colis�o traseira";"Com V�timas Feridas";"Plena Noite";"Crescente";"C�u Claro";"Dupla";"Aclive;Curva";"N�o";1328071;"�nibus";"SCANIA/BUSSCAR JUM BUS R/BUSSCAR JUM BUS R";2001;"Passageiro";"Ileso";NA;"Feminino";1;0;0;0;-20,48594;-44,59258;"SPRF-MG";"DEL04-MG";"UOP01-DEL04-MG"
743841;1666196;2025-12-11;"quinta-feira";"23:30:00";"MG";381;580,3;"CARMOPOLIS DE MINAS";"Sim";"Aus�ncia de rea��o do condutor";1;"Colis�o traseira";"Com V�timas Feridas";"Plena Noite";"Crescente";"C�u Claro";"Dupla";"Aclive;Curva";"N�o";1328071;"�nibus";"SCANIA/BUSSCAR JUM BUS R/BUSSCAR JUM BUS R";2001;"Passageiro";"Ileso";NA;"Feminino";1;0;0;0;-20,48594;-44,59258;"SPRF-MG";"DEL04-MG";"UOP01-DEL04-MG"
743841;1666195;2025-12-11;"quinta-feira";"23:30:00";"MG";381;580,3;"CARMOPOLIS DE MINAS";"Sim";"Aus�ncia de rea��o do condutor";1;"Colis�o traseira";"Com V�timas Feridas";"Plena Noite";"Crescente";"C�u Claro";"Dupla";"Aclive;Curva";"N�o";1328071;"�nibus";"SCANIA/BUSSCAR JUM BUS R/BUSSCAR JUM BUS R";2001;"Passageiro";"Ileso";NA;"Feminino";1;0;0;0;-20,48594;-44,59258;"SPRF-MG";"DEL04-MG";"UOP01-DEL04-MG"
743841;1666194;2025-12-11;"quinta-feira";"23:30:00";"MG";381;580,3;"CARMOPOLIS DE MINAS";"Sim";"Aus�ncia de rea��o do condutor";1;"Colis�o traseira";"Com V�timas Feridas";"Plena Noite";"Crescente";"C�u Claro";"Dupla";"Aclive;Curva";"N�o";1328071;"�nibus";"SCANIA/BUSSCAR JUM BUS R/BUSSCAR JUM BUS R";2001;"Passageiro";"Ileso";NA;"Feminino";1;0;0;0;-20,48594;-44,59258;"SPRF-MG";"DEL04-MG";"UOP01-DEL04-MG"
743841;1666193;2025-12-11;"quinta-feira";"23:30:00";"MG";381;580,3;"CARMOPOLIS DE MINAS";"Sim";"Aus�ncia de rea��o do condutor";1;"Colis�o traseira";"Com V�timas Feridas";"Plena Noite";"Crescente";"C�u Claro";"Dupla";"Aclive;Curva";"N�o";1328071;"�nibus";"SCANIA/BUSSCAR JUM BUS R/BUSSCAR JUM BUS R";2001;"Passageiro";"Ileso";NA;"Feminino";1;0;0;0;-20,48594;-44,59258;"SPRF-MG";"DEL04-MG";"UOP01-DEL04-MG"
743841;1666192;2025-12-11;"quinta-feira";"23:30:00";"MG";381;580,3;"CARMOPOLIS DE MINAS";"Sim";"Aus�ncia de rea��o do condutor";1;"Colis�o traseira";"Com V�timas Feridas";"Plena Noite";"Crescente";"C�u Claro";"Dupla";"Aclive;Curva";"N�o";1328071;"�nibus";"SCANIA/BUSSCAR JUM BUS R/BUSSCAR JUM BUS R";2001;"Passageiro";"Ileso";NA;"Feminino";1;0;0;0;-20,48594;-44,59258;"SPRF-MG";"DEL04-MG";"UOP01-DEL04-MG"
743841;1666191;2025-12-11;"quinta-feira";"23:30:00";"MG";381;580,3;"CARMOPOLIS DE MINAS";"Sim";"Aus�ncia de rea��o do condutor";1;"Colis�o traseira";"Com V�timas Feridas";"Plena Noite";"Crescente";"C�u Claro";"Dupla";"Aclive;Curva";"N�o";1328071;"�nibus";"SCANIA/BUSSCAR JUM BUS R/BUSSCAR JUM BUS R";2001;"Passageiro";"Ileso";NA;"Feminino";1;0;0;0;-20,48594;-44,59258;"SPRF-MG";"DEL04-MG";"UOP01-DEL04-MG"
743841;1666190;2025-12-11;"quinta-feira";"23:30:00";"MG";381;580,3;"CARMOPOLIS DE MINAS";"Sim";"Aus�ncia de rea��o do condutor";1;"Colis�o traseira";"Com V�timas Feridas";"Plena Noite";"Crescente";"C�u Claro";"Dupla";"Aclive;Curva";"N�o";1328071;"�nibus";"SCANIA/BUSSCAR JUM BUS R/BUSSCAR JUM BUS R";2001;"Passageiro";"Ileso";NA;"Feminino";1;0;0;0;-20,48594;-44,59258;"SPRF-MG";"DEL04-MG";"UOP01-DEL04-MG"