"id";"pesid";"data_inversa";"dia_semana";"horario";"uf";"br";"km";"municipio";"causa_principal";"causa_acidente";"ordem_tipo_acidente";"tipo_acidente";"classificacao_acidente";"fase_dia";"sentido_via";"condicao_metereologica";"tipo_pista";"tracado_via";"uso_solo";"id_veiculo";"tipo_veiculo";"marca";"ano_fabricacao_veiculo";"tipo_envolvido";"estado_fisico";"idade";"sexo";"ilesos";"feridos_leves";"feridos_graves";"mortos";"latitude";"longitude";"regional";"delegacia";"uop"
743841;1666189;2025-12-11;"quinta-feira";"23:30:00";"MG";381;580,3;"CARMOPOLIS DE MINAS";"Sim";"Aus�ncia de rea��o do condutor";1;"Colis�o traseira";"Com V�timas Feridas";"Plena Noite";"Crescente";"C�u Claro";"Dupla";"Aclive;Curva";"N�o";1328071;"�nibus";"SCANIA/BUSSCAR JUM BUS R/BUSSCAR JUM BUS R";2001;"Passageiro";"Ileso";NA;"Masculino";1;0;0;0;-20,48594;-44,59258;"SPRF-MG";"DEL04-MG";"UOP01-DEL04-MG"
743841;1666187;2025-12-11;"quinta-feira";"23:30:00";"MG";381;580,3;"CARMOPOLIS DE MINAS";"Sim";"Aus�ncia de rea��o do condutor";1;"Colis�o traseira";"Com V�timas Feridas";"Plena Noite";"Crescente";"C�u Claro";"Dupla";"Aclive;Curva";"N�o";1328071;"�nibus";"SCANIA/BUSSCAR JUM BUS R/BUSSCAR JUM BUS R";2001;"Passageiro";"Ileso";71;"Feminino";1;0;0;0;-20,48594;-44,59258;"SPRF-MG";"DEL04-MG";"UOP01-DEL04-MG"
743841;1666186;2025-12-11;"quinta-feira";"23:30:00";"MG";381;580,3;"CARMOPOLIS DE MINAS";"Sim";"Aus�ncia de rea��o do condutor";1;"Colis�o traseira";"Com V�timas Feridas";"Plena Noite";"Crescente";"C�u Claro";"Dupla";"Aclive;Curva";"N�o";1328071;"�nibus";"SCANIA/BUSSCAR JUM BUS R/BUSSCAR JUM BUS R";2001;"Passageiro";"Ileso";NA;"Feminino";1;0;0;0;-20,48594;-44,59258;"SPRF-MG";"DEL04-MG";"UOP01-DEL04-MG"
743841;1666185;2025-12-11;"quinta-feira";"23:30:00";"MG";381;580,3;"CARMOPOLIS DE MINAS";"Sim";"Aus�ncia de rea��o do condutor";1;"Colis�o traseira";"Com V�timas Feridas";"Plena Noite";"Crescente";"C�u Claro";"Dupla";"Aclive;Curva";"N�o";1328071;"�nibus";"SCANIA/BUSSCAR JUM BUS R/BUSSCAR JUM BUS R";2001;"Passageiro";"Ileso";NA;"Feminino";1;0;0;0;-20,48594;-44,59258;"SPRF-MG";"DEL04-MG";"UOP01-DEL04-MG"
743841;1666184;2025-12-11;"quinta-feira";"23:30:00";"MG";381;580,3;"CARMOPOLIS DE MINAS";"Sim";"Aus�ncia de rea��o do condutor";1;"Colis�o traseira";"Com V�timas Feridas";"Plena Noite";"Crescente";"C�u Claro";"Dupla";"Aclive;Curva";"N�o";1328071;"�nibus";"SCANIA/BUSSCAR JUM BUS R/BUSSCAR JUM BUS R";2001;"Passageiro";"Ileso";NA;"Feminino";1;0;0;0;-20,48594;-44,59258;"SPRF-MG";"DEL04-MG";"UOP01-DEL04-MG"
743841;1666183;2025-12-11;"quinta-feira";"23:30:00";"MG";381;580,3;"CARMOPOLIS DE MINAS";"Sim";"Aus�ncia de rea��o do condutor";1;"Colis�o traseira";"Com V�timas Feridas";"Plena Noite";"Crescente";"C�u Claro";"Dupla";"Aclive;Curva";"N�o";1328071;"�nibus";"SCANIA/BUSSCAR JUM BUS R/BUSSCAR JUM BUS R";2001;"Passageiro";"Ileso";51;"Feminino";1;0;0;0;-20,48594;-44,59258;"SPRF-MG";"DEL04-MG";"UOP01-DEL04-MG"
743841;1666182;2025-12-11;"quinta-feira";"23:30:00";"MG";381;580,3;"CARMOPOLIS DE MINAS";"Sim";"Aus�ncia de rea��o do condutor";1;"Colis�o traseira";"Com V�timas Feridas";"Plena Noite";"Crescente";"C�u Claro";"Dupla";"Aclive;Curva";"N�o";1328071;"�nibus";"SCANIA/BUSSCAR JUM BUS R/BUSSCAR JUM BUS R";2001;"Passageiro";"Ileso";NA;"Feminino";1;0;0;0;-20,48594;-44,59258;"SPRF-MG";"DEL04-MG";"UOP01-DEL04-MG"
743841;1666181;2025-12-11;"quinta-feira";"23:30:00";"MG";381;580,3;"CARMOPOLIS DE MINAS";"Sim";"Aus�ncia de rea��o do condutor";1;"Colis�o traseira";"Com V�timas Feridas";"Plena Noite";"Crescente";"C�u Claro";"Dupla";"Aclive;Curva";"N�o";1328071;"�nibus";"SCANIA/BUSSCAR JUM BUS R/BUSSCAR JUM BUS R";2001;"Passageiro";"Ileso";NA;"Feminino";1;0;0;0;-20,48594;-44,59258;"SPRF-MG";"DEL04-MG";"UOP01-DEL04-MG"
743841;1666180;2025-12-11;"quinta-feira";"23:30:00";"MG";381;580,3;"CARMOPOLIS DE MINAS";"Sim";"Aus�ncia de rea��o do condutor";1;"Colis�o traseira";"Com V�timas Feridas";"Plena Noite";"Crescente";"C�u Claro";"Dupla";"Aclive;Curva";"N�o";1328071;"�nibus";"SCANIA/BUSSCAR JUM BUS R/BUSSCAR JUM BUS R";2001;"Condutor";"Ileso";24;"Masculino";1;0;0;0;-20,48594;-44,59258;"SPRF-MG";"DEL04-MG";"UOP01-DEL04-MG"
743841;1666179;2025-12-11;"quinta-feira";"23:30:00";"MG";381;580,3;"CARMOPOLIS DE MINAS";"Sim";"Aus�ncia de rea��o do condutor";1;"Colis�o traseira";"Com V�timas Feridas";"Plena Noite";"Crescente";"C�u Claro";"Dupla";"Aclive;Curva";"N�o";1328071;"�nibus";"SCANIA/BUSSCAR JUM BUS R/BUSSCAR JUM BUS R";2001;"Passageiro";"Les�es Graves";81;"Feminino";0;0;1;0;-20,48594;-44,59258;"SPRF-MG";"DEL04-MG";"UOP01-DEL04-MG"
743841;1666178;2025-12-11;"quinta-feira";"23:30:00";"MG";381;580,3;"CARMOPOLIS DE MINAS";"Sim";"Aus�ncia de rea��o do condutor";1;"Colis�o traseira";"Com V�timas Feridas";"Plena Noite";"Crescente";"C�u Claro";"Dupla";"Aclive;Curva";"N�o";1328071;"�nibus";"SCANIA/BUSSCAR JUM BUS R/BUSSCAR JUM BUS R";2001;"Passageiro";"Les�es Leves";70;"Feminino";0;1;0;0;-20,48594;-44,59258;"SPRF-MG";"DEL04-MG";"UOP01-DEL04-MG"
743841;1666177;2025-12-11;"quinta-feira";"23:30:00";"MG";381;580,3;"CARMOPOLIS DE MINAS";"Sim";"Aus�ncia de rea��o do condutor";1;"Colis�o traseira";"Com V�timas Feridas";"Plena Noite";"Crescente";"C�u Claro";"Dupla";"Aclive;Curva";"N�o";1328071;"�nibus";"SCANIA/BUSSCAR JUM BUS R/BUSSCAR JUM BUS R";2001;"Passageiro";"Les�es Leves";60;"Feminino";0;1;0;0;-20,48594;-44,59258;"SPRF-MG";"DEL04-MG";"UOP01-DEL04-MG"
743841;1666176;2025-12-11;"quinta-feira";"23:30:00";"MG";381;580,3;"CARMOPOLIS DE MINAS";"Sim";"Aus�ncia de rea��o do condutor";1;"Colis�o traseira";"Com V�timas Feridas";"Plena Noite";"Crescente";"C�u Claro";"Dupla";"Aclive;Curva";"N�o";1328071;"�nibus";"SCANIA/BUSSCAR JUM BUS R/BUSSCAR JUM BUS R";2001;"Passageiro";"Les�es Leves";63;"Feminino";0;1;0;0;-20,48594;-44,59258;"SPRF-MG";"DEL04-MG";"UOP01-DEL04-MG"
743841;1666175;2025-12-11;"quinta-feira";"23:30:00";"MG";381;580,3;"CARMOPOLIS DE MINAS";"Sim";"Aus�ncia de rea��o do condutor";1;"Colis�o traseira";"Com V�timas Feridas";"Plena Noite";"Crescente";"C�u Claro";"Dupla";"Aclive;Curva";"N�o";1328071;"�nibus";"SCANIA/BUSSCAR JUM BUS R/BUSSCAR JUM BUS R";2001;"Passageiro";"Les�es Leves";69;"Feminino";0;1;0;0;-20,48594;-44,59258;"SPRF-MG";"DEL04-MG";"UOP01-DEL04-MG"
743841;1666174;2025-12-11;"quinta-feira";"23:30:00";"MG";381;580,3;"CARMOPOLIS DE MINAS";"Sim";"Aus�ncia de rea��o do condutor";1;"Colis�o traseira";"Com V�timas Feridas";"Plena Noite";"Crescente";"C�u Claro";"Dupla";"Aclive;Curva";"N�o";1328071;"�nibus";"SCANIA/BUSSCAR JUM BUS R/BUSSCAR JUM BUS R";2001;"Passageiro";"Les�es Leves";2024;"Feminino";0;1;0;0;-20,48594;-44,59258;"SPRF-MG";"DEL04-MG";"UOP01-DEL04-MG"
743841;1666173;2025-12-11;"quinta-feira";"23:30:00";"MG";381;580,3;"CARMOPOLIS DE MINAS";"Sim";"Aus�ncia de rea��o do condutor";1;"Colis�o traseira";"Com V�timas Feridas";"Plena Noite";"Crescente";"C�u Claro";"Dupla";"Aclive;Curva";"N�o";1328071;"�nibus";"SCANIA/BUSSCAR JUM BUS R/BUSSCAR JUM BUS R";2001;"Passageiro";"Les�es Leves";60;"Feminino";0;1;0;0;-20,48594;-44,59258;"SPRF-MG";"DEL04-MG";"UOP01-DEL04-MG"
743841;1666172;2025-12-11;"quinta-feira";"23:30:00";"MG";381;580,3;"CARMOPOLIS DE MINAS";"Sim";"Aus�ncia de rea��o do condutor";1;"Colis�o traseira";"Com V�timas Feridas";"Plena Noite";"Crescente";"C�u Claro";"Dupla";"Aclive;Curva";"N�o";1328071;"�nibus";"SCANIA/BUSSCAR JUM BUS R/BUSSCAR JUM BUS R";2001;"Passageiro";"Les�es Leves";52;"Feminino";0;1;0;0;-20,48594;-44,59258;"SPRF-MG";"DEL04-MG";"UOP01-DEL04-MG"
743841;1666171;2025-12-11;"quinta-feira";"23:30:00";"MG";381;580,3;"CARMOPOLIS DE MINAS";"Sim";"Aus�ncia de rea��o do condutor";1;"Colis�o traseira";"Com V�timas Feridas";"Plena Noite";"Crescente";"C�u Claro";"Dupla";"Aclive;Curva";"N�o";1328071;"�nibus";"SCANIA/BUSSCAR JUM BUS R/BUSSCAR JUM BUS R";2001;"Passageiro";"Les�es Leves";74;"Feminino";0;1;0;0;-20,48594;-44,59258;"SPRF-MG";"DEL04-MG";"UOP01-DEL04-MG"
743841;1666170;2025-12-11;"quinta-feira";"23:30:00";"MG";381;580,3;"CARMOPOLIS DE MINAS";"Sim";"Aus�ncia de rea��o do condutor";1;"Colis�o traseira";"Com V�timas Feridas";"Plena Noite";"Crescente";"C�u Claro";"Dupla";"Aclive;Curva";"N�o";1328071;"�nibus";"SCANIA/BUSSCAR JUM BUS R/BUSSCAR JUM BUS R";2001;"Passageiro";"Les�es Graves";68;"Feminino";0;0;1;0;-20,48594;-44,59258;"SPRF-MG";"DEL04-MG";"UOP01-DEL04-MG"
743841;1666169;2025-12-11;"quinta-feira";"23:30:00";"MG";381;580,3;"CARMOPOLIS DE MINAS";"Sim";"Aus�ncia de rea��o do condutor";1;"Colis�o traseira";"Com V�timas Feridas";"Plena Noite";"Crescente";"C�u Claro";"Dupla";"Aclive;Curva";"N�o";1328070;"Caminh�o-trator";"SCANIA/R500 A6X4/R500 A6X4";2023;"Condutor";"Ileso";36;"Masculino";1;0;0;0;-20,48594;-44,59258;"SPRF-MG";"DEL04-MG";"UOP01-DEL04-MG"
743846;1666216;2025-12-31;"quarta-feira";"06:45:00";"MT";163;119;"RONDONOPOLIS";"Sim";"Acessar a via sem observar a presen�a dos outros ve�culos";1;"Colis�o transversal";"Com V�timas Feridas";"Amanhecer";"Decrescente";"C�u Claro";"Dupla";"Rotat�ria;Reta";"Sim";1328082;"Motoneta";"HONDA/BIZ 110I/BIZ 110I";0;"Condutor";"Les�es Leves";38;"Feminino";0;1;0;0;-16,48977778;-54,64714978;"SPRF-MT";"DEL02-MT";"UOP01-DEL02-MT"
743846;1666215;2025-12-31;"quarta-feira";"06:45:00";"MT";163;119;"RONDONOPOLIS";"Sim";"Acessar a via sem observar a presen�a dos outros ve�culos";1;"Colis�o transversal";"Com V�timas Feridas";"Amanhecer";"Decrescente";"C�u Claro";"Dupla";"Rotat�ria;Reta";"Sim";1328081;"Motocicleta";"HONDA/CG 125 FAN ES/CG 125 FAN ES";0;"Condutor";"Ileso";48;"Masculino";1;0;0;0;-16,48977778;-54,64714978;"SPRF-MT";"DEL02-MT";"UOP01-DEL02-MT"
743851;1666231;2025-11-18;"ter�a-feira";"18:00:00";"SP";116;485;"CAJATI";"Sim";"Chuva";2;"Capotamento";"Com V�timas Feridas";"Anoitecer";"Decrescente";"Chuva";"Dupla";"Reta";"N�o";1328089;"Autom�vel";"FIAT/UNO MILLE FIRE FLEX/UNO MILLE FIRE FLEX";2006;"Condutor";"Les�es Graves";27;"Masculino";0;0;1;0;-24,72169129;-48,07613896;"SPRF-SP";"DEL05-SP";"UOP01-DEL05-SP"
743851;1666231;2025-11-18;"ter�a-feira";"18:00:00";"SP";116;485;"CAJATI";"Sim";"Chuva";1;"Sa�da de leito carro��vel";"Com V�timas Feridas";"Anoitecer";"Decrescente";"Chuva";"Dupla";"Reta";"N�o";1328089;"Autom�vel";"FIAT/UNO MILLE FIRE FLEX/UNO MILLE FIRE FLEX";2006;"Condutor";"Les�es Graves";27;"Masculino";0;0;1;0;-24,72169129;-48,07613896;"SPRF-SP";"DEL05-SP";"UOP01-DEL05-SP"
743862;1666252;2025-12-24;"quarta-feira";"12:10:00";"BA";116;415;"FEIRA DE SANTANA";"Sim";"Acessar a via sem observar a presen�a dos outros ve�culos";1;"Colis�o traseira";"Com V�timas Feridas";"Pleno dia";"Decrescente";"C�u Claro";"Dupla";"Reta";"N�o";1328105;"Caminh�o";"VW/10.160 DRC 4X2/10.160 DRC 4X2";2016;"Condutor";"Ileso";50;"Masculino";1;0;0;0;-12,11235835;-38,96900654;"SPRF-BA";"DEL02-BA";"UOP01-DEL02-BA"
743862;1666251;2025-12-24;"quarta-feira";"12:10:00";"BA";116;415;"FEIRA DE SANTANA";"Sim";"Acessar a via sem observar a presen�a dos outros ve�culos";1;"Colis�o traseira";"Com V�timas Feridas";"Pleno dia";"Decrescente";"C�u Claro";"Dupla";"Reta";"N�o";1328104;"Autom�vel";"VW/POLO SEDAN 1.6/POLO SEDAN 1.6";2006;"Condutor";"Ileso";63;"Masculino";1;0;0;0;-12,11235835;-38,96900654;"SPRF-BA";"DEL02-BA";"UOP01-DEL02-BA"
743862;1666257;2025-12-24;"quarta-feira";"12:10:00";"BA";116;415;"FEIRA DE SANTANA";"Sim";"Acessar a via sem observar a presen�a dos outros ve�culos";1;"Colis�o traseira";"Com V�timas Feridas";"Pleno dia";"Decrescente";"C�u Claro";"Dupla";"Reta";"N�o";1328103;"Autom�vel";"HYUNDAI/HB20S 1.6A PREM/HB20S 1.6A PREM";2017;"Passageiro";"Les�es Leves";55;"Feminino";0;1;0;0;-12,11235835;-38,96900654;"SPRF-BA";"DEL02-BA";"UOP01-DEL02-BA"
743862;1666255;2025-12-24;"quarta-feira";"12:10:00";"BA";116;415;"FEIRA DE SANTANA";"Sim";"Acessar a via sem observar a presen�a dos outros ve�culos";1;"Colis�o traseira";"Com V�timas Feridas";"Pleno dia";"Decrescente";"C�u Claro";"Dupla";"Reta";"N�o";1328103;"Autom�vel";"HYUNDAI/HB20S 1.6A PREM/HB20S 1.6A PREM";2017;"Passageiro";"Les�es Leves";69;"Feminino";0;1;0;0;-12,11235835;-38,96900654;"SPRF-BA";"DEL02-BA";"UOP01-DEL02-BA"
743862;1666254;2025-12-24;"quarta-feira";"12:10:00";"BA";116;415;"FEIRA DE SANTANA";"Sim";"Acessar a via sem observar a presen�a dos outros ve�culos";1;"Colis�o traseira";"Com V�timas Feridas";"Pleno dia";"Decrescente";"C�u Claro";"Dupla";"Reta";"N�o";1328103;"Autom�vel";"HYUNDAI/HB20S 1.6A PREM/HB20S 1.6A PREM";2017;"Passageiro";"Les�es Leves";67;"Feminino";0;1;0;0;-12,11235835;-38,96900654;"SPRF-BA";"DEL02-BA";"UOP01-DEL02-BA"
743862;1666253;2025-12-24;"quarta-feira";"12:10:00";"BA";116;415;"FEIRA DE SANTANA";"Sim";"Acessar a via sem observar a presen�a dos outros ve�culos";1;"Colis�o traseira";"Com V�timas Feridas";"Pleno dia";"Decrescente";"C�u Claro";"Dupla";"Reta";"N�o";1328103;"Autom�vel";"HYUNDAI/HB20S 1.6A PREM/HB20S 1.6A PREM";2017;"Passageiro";"Les�es Leves";61;"Feminino";0;1;0;0;-12,11235835;-38,96900654;"SPRF-BA";"DEL02-BA";"UOP01-DEL02-BA"
743862;1666250;2025-12-24;"quarta-feira";"12:10:00";"BA";116;415;"FEIRA DE SANTANA";"Sim";"Acessar a via sem observar a presen�a dos outros ve�culos";1;"Colis�o traseira";"Com V�timas Feridas";"Pleno dia";"Decrescente";"C�u Claro";"Dupla";"Reta";"N�o";1328103;"Autom�vel";"HYUNDAI/HB20S 1.6A PREM/HB20S 1.6A PREM";2017;"Condutor";"Les�es Leves";49;"Feminino";0;1;0;0;-12,11235835;-38,96900654;"SPRF-BA";"DEL02-BA";"UOP01-DEL02-BA"
743862;1666249;2025-12-24;"quarta-feira";"12:10:00";"BA";116;415;"FEIRA DE SANTANA";"Sim";"Acessar a via sem observar a presen�a dos outros ve�culos";1;"Colis�o traseira";"Com V�timas Feridas";"Pleno dia";"Decrescente";"C�u Claro";"Dupla";"Reta";"N�o";1328102;"Caminhonete";"FIAT/STRADA FIRE FLEX/STRADA FIRE FLEX";2008;"Condutor";"Ileso";26;"Masculino";1;0;0;0;-12,11235835;-38,96900654;"SPRF-BA";"DEL02-BA";"UOP01-DEL02-BA"
743872;1666291;2025-12-02;"ter�a-feira";"17:00:00";"PB";230;166,1;"CAMPINA GRANDE";"Sim";"Transitar na contram�o";3;"Tombamento";"Com V�timas Feridas";"Anoitecer";"Decrescente";"Vento";"Simples";"Reta";"Sim";1328128;"Autom�vel";"FIAT/UNO MILLE FIRE/UNO MILLE FIRE";2002;"Condutor";"Ileso";65;"Masculino";1;0;0;0;-7,197732;-35,954942;"SPRF-PB";"DEL02-PB";"UOP02-DEL02-PB"
743872;1666290;2025-12-02;"ter�a-feira";"17:00:00";"PB";230;166,1;"CAMPINA GRANDE";"Sim";"Transitar na contram�o";3;"Tombamento";"Com V�timas Feridas";"Anoitecer";"Decrescente";"Vento";"Simples";"Reta";"Sim";1328127;"Motocicleta";"N�o Informado/N�o Informado/N�o Informado";0;"Condutor";"Les�es Graves";44;"Masculino";0;0;1;0;-7,197732;-35,954942;"SPRF-PB";"DEL02-PB";"UOP02-DEL02-PB"
743872;1666291;2025-12-02;"ter�a-feira";"17:00:00";"PB";230;166,1;"CAMPINA GRANDE";"Sim";"Transitar na contram�o";2;"Queda de ocupante de ve�culo";"Com V�timas Feridas";"Anoitecer";"Decrescente";"Vento";"Simples";"Reta";"Sim";1328128;"Autom�vel";"FIAT/UNO MILLE FIRE/UNO MILLE FIRE";2002;"Condutor";"Ileso";65;"Masculino";1;0;0;0;-7,197732;-35,954942;"SPRF-PB";"DEL02-PB";"UOP02-DEL02-PB"
743872;1666290;2025-12-02;"ter�a-feira";"17:00:00";"PB";230;166,1;"CAMPINA GRANDE";"Sim";"Transitar na contram�o";2;"Queda de ocupante de ve�culo";"Com V�timas Feridas";"Anoitecer";"Decrescente";"Vento";"Simples";"Reta";"Sim";1328127;"Motocicleta";"N�o Informado/N�o Informado/N�o Informado";0;"Condutor";"Les�es Graves";44;"Masculino";0;0;1;0;-7,197732;-35,954942;"SPRF-PB";"DEL02-PB";"UOP02-DEL02-PB"
743872;1666291;2025-12-02;"ter�a-feira";"17:00:00";"PB";230;166,1;"CAMPINA GRANDE";"Sim";"Transitar na contram�o";1;"Colis�o frontal";"Com V�timas Feridas";"Anoitecer";"Decrescente";"Vento";"Simples";"Reta";"Sim";1328128;"Autom�vel";"FIAT/UNO MILLE FIRE/UNO MILLE FIRE";2002;"Condutor";"Ileso";65;"Masculino";1;0;0;0;-7,197732;-35,954942;"SPRF-PB";"DEL02-PB";"UOP02-DEL02-PB"
743872;1666290;2025-12-02;"ter�a-feira";"17:00:00";"PB";230;166,1;"CAMPINA GRANDE";"Sim";"Transitar na contram�o";1;"Colis�o frontal";"Com V�timas Feridas";"Anoitecer";"Decrescente";"Vento";"Simples";"Reta";"Sim";1328127;"Motocicleta";"N�o Informado/N�o Informado/N�o Informado";0;"Condutor";"Les�es Graves";44;"Masculino";0;0;1;0;-7,197732;-35,954942;"SPRF-PB";"DEL02-PB";"UOP02-DEL02-PB"
743884;1666331;2025-12-31;"quarta-feira";"09:32:00";"PB";230;249,8;"JUAZEIRINHO";"Sim";"Aus�ncia de rea��o do condutor";1;"Atropelamento de Pedestre";"Com V�timas Feridas";"Pleno dia";"Decrescente";"C�u Claro";"Simples";"Reta";"N�o";1328150;"Autom�vel";"CHEV/ONIX PLUS 10TAT LTZ/ONIX PLUS 10TAT LTZ";2020;"Condutor";"Ileso";35;"Masculino";1;0;0;0;-7,065756;-36,645447;"SPRF-PB";"DEL02-PB";"UOP02-DEL02-PB"
743884;1666332;2025-12-31;"quarta-feira";"09:32:00";"PB";230;249,8;"JUAZEIRINHO";"Sim";"Aus�ncia de rea��o do condutor";1;"Atropelamento de Pedestre";"Com V�timas Feridas";"Pleno dia";"Decrescente";"C�u Claro";"Simples";"Reta";"N�o";NA;NA;"NA/NA/NA";NA;"Pedestre";"Les�es Graves";36;"Masculino";0;0;1;0;-7,065756;-36,645447;"SPRF-PB";"DEL02-PB";"UOP02-DEL02-PB"
743907;1666420;2025-10-14;"ter�a-feira";"09:00:00";"SP";381;86;"SAO PAULO";"Sim";"Ultrapassagem Indevida";1;"Colis�o lateral mesmo sentido";"Com V�timas Feridas";"Pleno dia";"Crescente";"C�u Claro";"M�ltipla";"Reta";"N�o";1328208;"Caminh�o-trator";"N�o Informado/N�o Informado/N�o Informado";0;"Condutor";"N�o Informado";NA;"N�o Informado";0;0;0;0;-23,46447108;-46,57158661;"SPRF-SP";"DEL03-SP";"UOP01-DEL03-SP"
743907;1666419;2025-10-14;"ter�a-feira";"09:00:00";"SP";381;86;"SAO PAULO";"Sim";"Ultrapassagem Indevida";1;"Colis�o lateral mesmo sentido";"Com V�timas Feridas";"Pleno dia";"Crescente";"C�u Claro";"M�ltipla";"Reta";"N�o";1328207;"Autom�vel";"GM/CORSA WIND/CORSA WIND";1995;"Passageiro";"Les�es Leves";64;"Feminino";0;1;0;0;-23,46447108;-46,57158661;"SPRF-SP";"DEL03-SP";"UOP01-DEL03-SP"
743907;1666418;2025-10-14;"ter�a-feira";"09:00:00";"SP";381;86;"SAO PAULO";"Sim";"Ultrapassagem Indevida";1;"Colis�o lateral mesmo sentido";"Com V�timas Feridas";"Pleno dia";"Crescente";"C�u Claro";"M�ltipla";"Reta";"N�o";1328207;"Autom�vel";"GM/CORSA WIND/CORSA WIND";1995;"Condutor";"Ileso";42;"Feminino";1;0;0;0;-23,46447108;-46,57158661;"SPRF-SP";"DEL03-SP";"UOP01-DEL03-SP"
743907;1666417;2025-10-14;"ter�a-feira";"09:00:00";"SP";381;86;"SAO PAULO";"Sim";"Ultrapassagem Indevida";1;"Colis�o lateral mesmo sentido";"Com V�timas Feridas";"Pleno dia";"Crescente";"C�u Claro";"M�ltipla";"Reta";"N�o";1328206;"Autom�vel";"RENAULT/SANDERO AUT1016V/SANDERO AUT1016V";2013;"Condutor";"Ileso";56;"Feminino";1;0;0;0;-23,46447108;-46,57158661;"SPRF-SP";"DEL03-SP";"UOP01-DEL03-SP"
743920;1666465;2025-11-09;"domingo";"20:30:00";"RN";110;100;"UPANEMA";"Sim";"Manobra de mudan�a de faixa";2;"Queda de ocupante de ve�culo";"Com V�timas Feridas";"Plena Noite";"Decrescente";"C�u Claro";"Dupla";"Reta";"N�o";1328241;"Autom�vel";"VW/NOVO GOL TL MCV/NOVO GOL TL MCV";2016;"Condutor";"Ileso";44;"Masculino";1;0;0;0;-5,63561528;-37,26255873;"SPRF-RN";"DEL04-RN";"UOP01-DEL04-RN"
743920;1666464;2025-11-09;"domingo";"20:30:00";"RN";110;100;"UPANEMA";"Sim";"Manobra de mudan�a de faixa";2;"Queda de ocupante de ve�culo";"Com V�timas Feridas";"Plena Noite";"Decrescente";"C�u Claro";"Dupla";"Reta";"N�o";1328240;"Motocicleta";"HONDA/CG 150 TITAN KS/CG 150 TITAN KS";2007;"Condutor";"Les�es Leves";19;"Masculino";0;1;0;0;-5,63561528;-37,26255873;"SPRF-RN";"DEL04-RN";"UOP01-DEL04-RN"
743920;1666465;2025-11-09;"domingo";"20:30:00";"RN";110;100;"UPANEMA";"Sim";"Manobra de mudan�a de faixa";1;"Colis�o lateral mesmo sentido";"Com V�timas Feridas";"Plena Noite";"Decrescente";"C�u Claro";"Dupla";"Reta";"N�o";1328241;"Autom�vel";"VW/NOVO GOL TL MCV/NOVO GOL TL MCV";2016;"Condutor";"Ileso";44;"Masculino";1;0;0;0;-5,63561528;-37,26255873;"SPRF-RN";"DEL04-RN";"UOP01-DEL04-RN"
743920;1666464;2025-11-09;"domingo";"20:30:00";"RN";110;100;"UPANEMA";"Sim";"Manobra de mudan�a de faixa";1;"Colis�o lateral mesmo sentido";"Com V�timas Feridas";"Plena Noite";"Decrescente";"C�u Claro";"Dupla";"Reta";"N�o";1328240;"Motocicleta";"HONDA/CG 150 TITAN KS/CG 150 TITAN KS";2007;"Condutor";"Les�es Leves";19;"Masculino";0;1;0;0;-5,63561528;-37,26255873;"SPRF-RN";"DEL04-RN";"UOP01-DEL04-RN"
743999;1666665;2025-06-25;"quarta-feira";"06:50:00";"AL";101;144,2;"SAO MIGUEL DOS CAMPOS";"Sim";"Acumulo de �gua sobre o pavimento";1;"Colis�o com objeto";"Com V�timas Feridas";"Pleno dia";"Decrescente";"Chuva";"Dupla";"Reta;Declive";"N�o";1328392;"Autom�vel";"FORD/FIESTA HA 1.5L SE/FIESTA HA 1.5L SE";2014;"Condutor";"Les�es Leves";41;"Masculino";0;1;0;0;-9,82812175;-36,12793621;"SPRF-AL";"DEL02-AL";"UOP01-DEL02-AL"
744002;1666670;2025-12-23;"ter�a-feira";"11:30:00";"PR";376;615;"SAO JOSE DOS PINHAIS";"Sim";"Rea��o tardia ou ineficiente do condutor";1;"Queda de ocupante de ve�culo";"Com V�timas Feridas";"Pleno dia";"Crescente";"C�u Claro";"Dupla";"Reta;Aclive";"N�o";1328394;"Motocicleta";"HONDA/CG 160 TITAN/CG 160 TITAN";2024;"Passageiro";"Les�es Leves";37;"Feminino";0;1;0;0;-25,57835;-49,178748;"SPRF-PR";"DEL01-PR";"UOP04-DEL01-PR"
744002;1666669;2025-12-23;"ter�a-feira";"11:30:00";"PR";376;615;"SAO JOSE DOS PINHAIS";"Sim";"Rea��o tardia ou ineficiente do condutor";1;"Queda de ocupante de ve�culo";"Com V�timas Feridas";"Pleno dia";"Crescente";"C�u Claro";"Dupla";"Reta;Aclive";"N�o";1328394;"Motocicleta";"HONDA/CG 160 TITAN/CG 160 TITAN";2024;"Condutor";"Les�es Graves";35;"Masculino";0;0;1;0;-25,57835;-49,178748;"SPRF-PR";"DEL01-PR";"UOP04-DEL01-PR"
744002;1666668;2025-12-23;"ter�a-feira";"11:30:00";"PR";376;615;"SAO JOSE DOS PINHAIS";"Sim";"Rea��o tardia ou ineficiente do condutor";1;"Queda de ocupante de ve�culo";"Com V�timas Feridas";"Pleno dia";"Crescente";"C�u Claro";"Dupla";"Reta;Aclive";"N�o";1328393;"Autom�vel";"TOYOTA/COROLLA XEI20FLEX/COROLLA XEI20FLEX";2017;"Passageiro";"Ileso";26;"Feminino";1;0;0;0;-25,57835;-49,178748;"SPRF-PR";"DEL01-PR";"UOP04-DEL01-PR"