"id";"pesid";"data_inversa";"dia_semana";"horario";"uf";"br";"km";"municipio";"causa_principal";"causa_acidente";"ordem_tipo_acidente";"tipo_acidente";"classificacao_acidente";"fase_dia";"sentido_via";"condicao_metereologica";"tipo_pista";"tracado_via";"uso_solo";"id_veiculo";"tipo_veiculo";"marca";"ano_fabricacao_veiculo";"tipo_envolvido";"estado_fisico";"idade";"sexo";"ilesos";"feridos_leves";"feridos_graves";"mortos";"latitude";"longitude";"regional";"delegacia";"uop"
744002;1666667;2025-12-23;"ter�a-feira";"11:30:00";"PR";376;615;"SAO JOSE DOS PINHAIS";"Sim";"Rea��o tardia ou ineficiente do condutor";1;"Queda de ocupante de ve�culo";"Com V�timas Feridas";"Pleno dia";"Crescente";"C�u Claro";"Dupla";"Reta;Aclive";"N�o";1328393;"Autom�vel";"TOYOTA/COROLLA XEI20FLEX/COROLLA XEI20FLEX";2017;"Condutor";"Ileso";36;"Masculino";1;0;0;0;-25,57835;-49,178748;"SPRF-PR";"DEL01-PR";"UOP04-DEL01-PR"
744002;1666670;2025-12-23;"ter�a-feira";"11:30:00";"PR";376;615;"SAO JOSE DOS PINHAIS";"Sim";"Rea��o tardia ou ineficiente do condutor";3;"Colis�o lateral mesmo sentido";"Com V�timas Feridas";"Pleno dia";"Crescente";"C�u Claro";"Dupla";"Reta;Aclive";"N�o";1328394;"Motocicleta";"HONDA/CG 160 TITAN/CG 160 TITAN";2024;"Passageiro";"Les�es Leves";37;"Feminino";0;1;0;0;-25,57835;-49,178748;"SPRF-PR";"DEL01-PR";"UOP04-DEL01-PR"
744002;1666669;2025-12-23;"ter�a-feira";"11:30:00";"PR";376;615;"SAO JOSE DOS PINHAIS";"Sim";"Rea��o tardia ou ineficiente do condutor";3;"Colis�o lateral mesmo sentido";"Com V�timas Feridas";"Pleno dia";"Crescente";"C�u Claro";"Dupla";"Reta;Aclive";"N�o";1328394;"Motocicleta";"HONDA/CG 160 TITAN/CG 160 TITAN";2024;"Condutor";"Les�es Graves";35;"Masculino";0;0;1;0;-25,57835;-49,178748;"SPRF-PR";"DEL01-PR";"UOP04-DEL01-PR"
744002;1666668;2025-12-23;"ter�a-feira";"11:30:00";"PR";376;615;"SAO JOSE DOS PINHAIS";"Sim";"Rea��o tardia ou ineficiente do condutor";3;"Colis�o lateral mesmo sentido";"Com V�timas Feridas";"Pleno dia";"Crescente";"C�u Claro";"Dupla";"Reta;Aclive";"N�o";1328393;"Autom�vel";"TOYOTA/COROLLA XEI20FLEX/COROLLA XEI20FLEX";2017;"Passageiro";"Ileso";26;"Feminino";1;0;0;0;-25,57835;-49,178748;"SPRF-PR";"DEL01-PR";"UOP04-DEL01-PR"
744002;1666667;2025-12-23;"ter�a-feira";"11:30:00";"PR";376;615;"SAO JOSE DOS PINHAIS";"Sim";"Rea��o tardia ou ineficiente do condutor";3;"Colis�o lateral mesmo sentido";"Com V�timas Feridas";"Pleno dia";"Crescente";"C�u Claro";"Dupla";"Reta;Aclive";"N�o";1328393;"Autom�vel";"TOYOTA/COROLLA XEI20FLEX/COROLLA XEI20FLEX";2017;"Condutor";"Ileso";36;"Masculino";1;0;0;0;-25,57835;-49,178748;"SPRF-PR";"DEL01-PR";"UOP04-DEL01-PR"
744002;1666670;2025-12-23;"ter�a-feira";"11:30:00";"PR";376;615;"SAO JOSE DOS PINHAIS";"Sim";"Rea��o tardia ou ineficiente do condutor";2;"Tombamento";"Com V�timas Feridas";"Pleno dia";"Crescente";"C�u Claro";"Dupla";"Reta;Aclive";"N�o";1328394;"Motocicleta";"HONDA/CG 160 TITAN/CG 160 TITAN";2024;"Passageiro";"Les�es Leves";37;"Feminino";0;1;0;0;-25,57835;-49,178748;"SPRF-PR";"DEL01-PR";"UOP04-DEL01-PR"
744002;1666669;2025-12-23;"ter�a-feira";"11:30:00";"PR";376;615;"SAO JOSE DOS PINHAIS";"Sim";"Rea��o tardia ou ineficiente do condutor";2;"Tombamento";"Com V�timas Feridas";"Pleno dia";"Crescente";"C�u Claro";"Dupla";"Reta;Aclive";"N�o";1328394;"Motocicleta";"HONDA/CG 160 TITAN/CG 160 TITAN";2024;"Condutor";"Les�es Graves";35;"Masculino";0;0;1;0;-25,57835;-49,178748;"SPRF-PR";"DEL01-PR";"UOP04-DEL01-PR"
744002;1666668;2025-12-23;"ter�a-feira";"11:30:00";"PR";376;615;"SAO JOSE DOS PINHAIS";"Sim";"Rea��o tardia ou ineficiente do condutor";2;"Tombamento";"Com V�timas Feridas";"Pleno dia";"Crescente";"C�u Claro";"Dupla";"Reta;Aclive";"N�o";1328393;"Autom�vel";"TOYOTA/COROLLA XEI20FLEX/COROLLA XEI20FLEX";2017;"Passageiro";"Ileso";26;"Feminino";1;0;0;0;-25,57835;-49,178748;"SPRF-PR";"DEL01-PR";"UOP04-DEL01-PR"
744002;1666667;2025-12-23;"ter�a-feira";"11:30:00";"PR";376;615;"SAO JOSE DOS PINHAIS";"Sim";"Rea��o tardia ou ineficiente do condutor";2;"Tombamento";"Com V�timas Feridas";"Pleno dia";"Crescente";"C�u Claro";"Dupla";"Reta;Aclive";"N�o";1328393;"Autom�vel";"TOYOTA/COROLLA XEI20FLEX/COROLLA XEI20FLEX";2017;"Condutor";"Ileso";36;"Masculino";1;0;0;0;-25,57835;-49,178748;"SPRF-PR";"DEL01-PR";"UOP04-DEL01-PR"
744013;1667535;2025-12-10;"quarta-feira";"00:20:00";"PA";316;62;"CASTANHAL";"N�o";"Ilumina��o deficiente";1;"Colis�o com objeto";"Sem V�timas";"Plena Noite";"Decrescente";"Ignorado";"Dupla";"Reta";"Sim";1328895;"Caminhonete";"MMC/TRITON SPORT GLS AT/TRITON SPORT GLS AT";2024;"Passageiro";"Ileso";44;"Masculino";1;0;0;0;-1,29678728;-47,93017957;"SPRF-PA";"DEL01-PA";"UOP01-DEL01-PA"
744013;1667534;2025-12-10;"quarta-feira";"00:20:00";"PA";316;62;"CASTANHAL";"N�o";"Ilumina��o deficiente";1;"Colis�o com objeto";"Sem V�timas";"Plena Noite";"Decrescente";"Ignorado";"Dupla";"Reta";"Sim";1328895;"Caminhonete";"MMC/TRITON SPORT GLS AT/TRITON SPORT GLS AT";2024;"Condutor";"Ileso";40;"Masculino";1;0;0;0;-1,29678728;-47,93017957;"SPRF-PA";"DEL01-PA";"UOP01-DEL01-PA"
744013;1667535;2025-12-10;"quarta-feira";"00:20:00";"PA";316;62;"CASTANHAL";"N�o";"Demais falhas na via";1;"Colis�o com objeto";"Sem V�timas";"Plena Noite";"Decrescente";"Ignorado";"Dupla";"Reta";"Sim";1328895;"Caminhonete";"MMC/TRITON SPORT GLS AT/TRITON SPORT GLS AT";2024;"Passageiro";"Ileso";44;"Masculino";1;0;0;0;-1,29678728;-47,93017957;"SPRF-PA";"DEL01-PA";"UOP01-DEL01-PA"
744013;1667534;2025-12-10;"quarta-feira";"00:20:00";"PA";316;62;"CASTANHAL";"N�o";"Demais falhas na via";1;"Colis�o com objeto";"Sem V�timas";"Plena Noite";"Decrescente";"Ignorado";"Dupla";"Reta";"Sim";1328895;"Caminhonete";"MMC/TRITON SPORT GLS AT/TRITON SPORT GLS AT";2024;"Condutor";"Ileso";40;"Masculino";1;0;0;0;-1,29678728;-47,93017957;"SPRF-PA";"DEL01-PA";"UOP01-DEL01-PA"
744013;1667535;2025-12-10;"quarta-feira";"00:20:00";"PA";316;62;"CASTANHAL";"Sim";"Objeto est�tico sobre o leito carro��vel";1;"Colis�o com objeto";"Sem V�timas";"Plena Noite";"Decrescente";"Ignorado";"Dupla";"Reta";"Sim";1328895;"Caminhonete";"MMC/TRITON SPORT GLS AT/TRITON SPORT GLS AT";2024;"Passageiro";"Ileso";44;"Masculino";1;0;0;0;-1,29678728;-47,93017957;"SPRF-PA";"DEL01-PA";"UOP01-DEL01-PA"
744013;1667534;2025-12-10;"quarta-feira";"00:20:00";"PA";316;62;"CASTANHAL";"Sim";"Objeto est�tico sobre o leito carro��vel";1;"Colis�o com objeto";"Sem V�timas";"Plena Noite";"Decrescente";"Ignorado";"Dupla";"Reta";"Sim";1328895;"Caminhonete";"MMC/TRITON SPORT GLS AT/TRITON SPORT GLS AT";2024;"Condutor";"Ileso";40;"Masculino";1;0;0;0;-1,29678728;-47,93017957;"SPRF-PA";"DEL01-PA";"UOP01-DEL01-PA"
744013;1667535;2025-12-10;"quarta-feira";"00:20:00";"PA";316;62;"CASTANHAL";"N�o";"Aus�ncia de sinaliza��o";1;"Colis�o com objeto";"Sem V�timas";"Plena Noite";"Decrescente";"Ignorado";"Dupla";"Reta";"Sim";1328895;"Caminhonete";"MMC/TRITON SPORT GLS AT/TRITON SPORT GLS AT";2024;"Passageiro";"Ileso";44;"Masculino";1;0;0;0;-1,29678728;-47,93017957;"SPRF-PA";"DEL01-PA";"UOP01-DEL01-PA"
744013;1667534;2025-12-10;"quarta-feira";"00:20:00";"PA";316;62;"CASTANHAL";"N�o";"Aus�ncia de sinaliza��o";1;"Colis�o com objeto";"Sem V�timas";"Plena Noite";"Decrescente";"Ignorado";"Dupla";"Reta";"Sim";1328895;"Caminhonete";"MMC/TRITON SPORT GLS AT/TRITON SPORT GLS AT";2024;"Condutor";"Ileso";40;"Masculino";1;0;0;0;-1,29678728;-47,93017957;"SPRF-PA";"DEL01-PA";"UOP01-DEL01-PA"
744013;1667535;2025-12-10;"quarta-feira";"00:20:00";"PA";316;62;"CASTANHAL";"N�o";"Falta de acostamento";1;"Colis�o com objeto";"Sem V�timas";"Plena Noite";"Decrescente";"Ignorado";"Dupla";"Reta";"Sim";1328895;"Caminhonete";"MMC/TRITON SPORT GLS AT/TRITON SPORT GLS AT";2024;"Passageiro";"Ileso";44;"Masculino";1;0;0;0;-1,29678728;-47,93017957;"SPRF-PA";"DEL01-PA";"UOP01-DEL01-PA"
744013;1667534;2025-12-10;"quarta-feira";"00:20:00";"PA";316;62;"CASTANHAL";"N�o";"Falta de acostamento";1;"Colis�o com objeto";"Sem V�timas";"Plena Noite";"Decrescente";"Ignorado";"Dupla";"Reta";"Sim";1328895;"Caminhonete";"MMC/TRITON SPORT GLS AT/TRITON SPORT GLS AT";2024;"Condutor";"Ileso";40;"Masculino";1;0;0;0;-1,29678728;-47,93017957;"SPRF-PA";"DEL01-PA";"UOP01-DEL01-PA"
744028;NA;2025-11-21;"sexta-feira";"14:35:00";"MG";381;621,4;"OLIVEIRA";"Sim";"Condutor deixou de manter dist�ncia do ve�culo da frente";1;"Colis�o traseira";"Com V�timas Feridas";"Pleno dia";"Crescente";"C�u Claro";"Dupla";"Aclive";"N�o";1328439;"Semireboque";"SR/LIBRELATO SRCA 4E/LIBRELATO SRCA 4E";2023;NA;NA;NA;NA;NA;NA;NA;NA;-20,78378768;-44,78639604;"SPRF-MG";"DEL04-MG";"UOP01-DEL04-MG"
744028;1666735;2025-11-21;"sexta-feira";"14:35:00";"MG";381;621,4;"OLIVEIRA";"Sim";"Condutor deixou de manter dist�ncia do ve�culo da frente";1;"Colis�o traseira";"Com V�timas Feridas";"Pleno dia";"Crescente";"C�u Claro";"Dupla";"Aclive";"N�o";1328438;"Caminh�o-trator";"M.BENZ/ACTROS 2546LS/ACTROS 2546LS";2018;"Condutor";"Ileso";27;"Masculino";1;0;0;0;-20,78378768;-44,78639604;"SPRF-MG";"DEL04-MG";"UOP01-DEL04-MG"
744028;1666734;2025-11-21;"sexta-feira";"14:35:00";"MG";381;621,4;"OLIVEIRA";"Sim";"Condutor deixou de manter dist�ncia do ve�culo da frente";1;"Colis�o traseira";"Com V�timas Feridas";"Pleno dia";"Crescente";"C�u Claro";"Dupla";"Aclive";"N�o";1328437;"Camioneta";"CITROEN/C3AIRCROSS FL 7/C3AIRCROSS FL 7";2025;"Condutor";"Les�es Graves";55;"Masculino";0;0;1;0;-20,78378768;-44,78639604;"SPRF-MG";"DEL04-MG";"UOP01-DEL04-MG"
744028;1666733;2025-11-21;"sexta-feira";"14:35:00";"MG";381;621,4;"OLIVEIRA";"Sim";"Condutor deixou de manter dist�ncia do ve�culo da frente";1;"Colis�o traseira";"Com V�timas Feridas";"Pleno dia";"Crescente";"C�u Claro";"Dupla";"Aclive";"N�o";1328437;"Camioneta";"CITROEN/C3AIRCROSS FL 7/C3AIRCROSS FL 7";2025;"Passageiro";"Les�es Leves";22;"Feminino";0;1;0;0;-20,78378768;-44,78639604;"SPRF-MG";"DEL04-MG";"UOP01-DEL04-MG"
744028;1666732;2025-11-21;"sexta-feira";"14:35:00";"MG";381;621,4;"OLIVEIRA";"Sim";"Condutor deixou de manter dist�ncia do ve�culo da frente";1;"Colis�o traseira";"Com V�timas Feridas";"Pleno dia";"Crescente";"C�u Claro";"Dupla";"Aclive";"N�o";1328437;"Camioneta";"CITROEN/C3AIRCROSS FL 7/C3AIRCROSS FL 7";2025;"Passageiro";"Ileso";1;"Masculino";1;0;0;0;-20,78378768;-44,78639604;"SPRF-MG";"DEL04-MG";"UOP01-DEL04-MG"
744038;1667760;2025-10-28;"ter�a-feira";"07:10:00";"PI";343;3;"TERESINA";"Sim";"Acessar a via sem observar a presen�a dos outros ve�culos";1;"Colis�o transversal";"Com V�timas Feridas";"Pleno dia";"Crescente";"Ignorado";"Dupla";"Reta";"Sim";1329072;"Outros";"N�o Informado/N�o Informado/N�o Informado";0;"Condutor";"N�o Informado";NA;"N�o Informado";0;0;0;0;-5,08116594;-42,77433944;"SPRF-PI";"DEL01-PI";"UOP01-DEL01-PI"
744038;1666772;2025-10-28;"ter�a-feira";"07:10:00";"PI";343;3;"TERESINA";"Sim";"Acessar a via sem observar a presen�a dos outros ve�culos";1;"Colis�o transversal";"Com V�timas Feridas";"Pleno dia";"Crescente";"Ignorado";"Dupla";"Reta";"Sim";1328462;"Motocicleta";"HONDA/POP 110I/POP 110I";2021;"Passageiro";"Les�es Graves";NA;"Feminino";0;0;1;0;-5,08116594;-42,77433944;"SPRF-PI";"DEL01-PI";"UOP01-DEL01-PI"
744038;1666770;2025-10-28;"ter�a-feira";"07:10:00";"PI";343;3;"TERESINA";"Sim";"Acessar a via sem observar a presen�a dos outros ve�culos";1;"Colis�o transversal";"Com V�timas Feridas";"Pleno dia";"Crescente";"Ignorado";"Dupla";"Reta";"Sim";1328462;"Motocicleta";"HONDA/POP 110I/POP 110I";2021;"Condutor";"Ileso";NA;"Masculino";1;0;0;0;-5,08116594;-42,77433944;"SPRF-PI";"DEL01-PI";"UOP01-DEL01-PI"
744041;1666777;2025-12-29;"segunda-feira";"00:19:00";"MG";40;244;"SAO GONCALO DO ABAETE";"Sim";"Aus�ncia de rea��o do condutor";2;"Colis�o com objeto";"Sem V�timas";"Plena Noite";"Crescente";"C�u Claro";"Simples";"Curva";"N�o";1328463;"Caminh�o";"VW/5.150 DRC 4X2/5.150 DRC 4X2";2017;"Condutor";"N�o Informado";NA;"N�o Informado";0;0;0;0;-18,0926462;-45,476685;"SPRF-MG";"DEL14-MG";"UOP02-DEL14-MG"
744041;1666777;2025-12-29;"segunda-feira";"00:19:00";"MG";40;244;"SAO GONCALO DO ABAETE";"Sim";"Aus�ncia de rea��o do condutor";1;"Sa�da de leito carro��vel";"Sem V�timas";"Plena Noite";"Crescente";"C�u Claro";"Simples";"Curva";"N�o";1328463;"Caminh�o";"VW/5.150 DRC 4X2/5.150 DRC 4X2";2017;"Condutor";"N�o Informado";NA;"N�o Informado";0;0;0;0;-18,0926462;-45,476685;"SPRF-MG";"DEL14-MG";"UOP02-DEL14-MG"
744042;1666781;2025-12-26;"sexta-feira";"05:45:00";"TO";153;301;"PRESIDENTE KENNEDY";"N�o";"Transitar na contram�o";3;"Sa�da de leito carro��vel";"Com V�timas Feridas";"Amanhecer";"Crescente";"C�u Claro";"Simples";"Declive;Reta";"N�o";1328465;"Motocicleta";"HONDA/CG 125 TITAN KS/CG 125 TITAN KS";2000;"Condutor";"Les�es Graves";27;"Masculino";0;0;1;0;-8,54214;-48,483127;"SPRF-TO";"DEL02-TO";"UOP02-DEL02-TO"
744042;1666780;2025-12-26;"sexta-feira";"05:45:00";"TO";153;301;"PRESIDENTE KENNEDY";"N�o";"Transitar na contram�o";3;"Sa�da de leito carro��vel";"Com V�timas Feridas";"Amanhecer";"Crescente";"C�u Claro";"Simples";"Declive;Reta";"N�o";1328464;"Caminhonete";"MMC/L200 TRITON HPE D/L200 TRITON HPE D";2013;"Condutor";"Ileso";31;"Masculino";1;0;0;0;-8,54214;-48,483127;"SPRF-TO";"DEL02-TO";"UOP02-DEL02-TO"
744042;1666779;2025-12-26;"sexta-feira";"05:45:00";"TO";153;301;"PRESIDENTE KENNEDY";"N�o";"Transitar na contram�o";3;"Sa�da de leito carro��vel";"Com V�timas Feridas";"Amanhecer";"Crescente";"C�u Claro";"Simples";"Declive;Reta";"N�o";1328464;"Caminhonete";"MMC/L200 TRITON HPE D/L200 TRITON HPE D";2013;"Passageiro";"Ileso";43;"Masculino";1;0;0;0;-8,54214;-48,483127;"SPRF-TO";"DEL02-TO";"UOP02-DEL02-TO"
744042;1666781;2025-12-26;"sexta-feira";"05:45:00";"TO";153;301;"PRESIDENTE KENNEDY";"N�o";"Transitar na contram�o";2;"Queda de ocupante de ve�culo";"Com V�timas Feridas";"Amanhecer";"Crescente";"C�u Claro";"Simples";"Declive;Reta";"N�o";1328465;"Motocicleta";"HONDA/CG 125 TITAN KS/CG 125 TITAN KS";2000;"Condutor";"Les�es Graves";27;"Masculino";0;0;1;0;-8,54214;-48,483127;"SPRF-TO";"DEL02-TO";"UOP02-DEL02-TO"
744042;1666780;2025-12-26;"sexta-feira";"05:45:00";"TO";153;301;"PRESIDENTE KENNEDY";"N�o";"Transitar na contram�o";2;"Queda de ocupante de ve�culo";"Com V�timas Feridas";"Amanhecer";"Crescente";"C�u Claro";"Simples";"Declive;Reta";"N�o";1328464;"Caminhonete";"MMC/L200 TRITON HPE D/L200 TRITON HPE D";2013;"Condutor";"Ileso";31;"Masculino";1;0;0;0;-8,54214;-48,483127;"SPRF-TO";"DEL02-TO";"UOP02-DEL02-TO"
744042;1666779;2025-12-26;"sexta-feira";"05:45:00";"TO";153;301;"PRESIDENTE KENNEDY";"N�o";"Transitar na contram�o";2;"Queda de ocupante de ve�culo";"Com V�timas Feridas";"Amanhecer";"Crescente";"C�u Claro";"Simples";"Declive;Reta";"N�o";1328464;"Caminhonete";"MMC/L200 TRITON HPE D/L200 TRITON HPE D";2013;"Passageiro";"Ileso";43;"Masculino";1;0;0;0;-8,54214;-48,483127;"SPRF-TO";"DEL02-TO";"UOP02-DEL02-TO"
744042;1666781;2025-12-26;"sexta-feira";"05:45:00";"TO";153;301;"PRESIDENTE KENNEDY";"N�o";"Transitar na contram�o";1;"Colis�o frontal";"Com V�timas Feridas";"Amanhecer";"Crescente";"C�u Claro";"Simples";"Declive;Reta";"N�o";1328465;"Motocicleta";"HONDA/CG 125 TITAN KS/CG 125 TITAN KS";2000;"Condutor";"Les�es Graves";27;"Masculino";0;0;1;0;-8,54214;-48,483127;"SPRF-TO";"DEL02-TO";"UOP02-DEL02-TO"
744042;1666780;2025-12-26;"sexta-feira";"05:45:00";"TO";153;301;"PRESIDENTE KENNEDY";"N�o";"Transitar na contram�o";1;"Colis�o frontal";"Com V�timas Feridas";"Amanhecer";"Crescente";"C�u Claro";"Simples";"Declive;Reta";"N�o";1328464;"Caminhonete";"MMC/L200 TRITON HPE D/L200 TRITON HPE D";2013;"Condutor";"Ileso";31;"Masculino";1;0;0;0;-8,54214;-48,483127;"SPRF-TO";"DEL02-TO";"UOP02-DEL02-TO"
744042;1666779;2025-12-26;"sexta-feira";"05:45:00";"TO";153;301;"PRESIDENTE KENNEDY";"N�o";"Transitar na contram�o";1;"Colis�o frontal";"Com V�timas Feridas";"Amanhecer";"Crescente";"C�u Claro";"Simples";"Declive;Reta";"N�o";1328464;"Caminhonete";"MMC/L200 TRITON HPE D/L200 TRITON HPE D";2013;"Passageiro";"Ileso";43;"Masculino";1;0;0;0;-8,54214;-48,483127;"SPRF-TO";"DEL02-TO";"UOP02-DEL02-TO"
744042;1666781;2025-12-26;"sexta-feira";"05:45:00";"TO";153;301;"PRESIDENTE KENNEDY";"Sim";"Rea��o tardia ou ineficiente do condutor";3;"Sa�da de leito carro��vel";"Com V�timas Feridas";"Amanhecer";"Crescente";"C�u Claro";"Simples";"Declive;Reta";"N�o";1328465;"Motocicleta";"HONDA/CG 125 TITAN KS/CG 125 TITAN KS";2000;"Condutor";"Les�es Graves";27;"Masculino";0;0;1;0;-8,54214;-48,483127;"SPRF-TO";"DEL02-TO";"UOP02-DEL02-TO"
744042;1666780;2025-12-26;"sexta-feira";"05:45:00";"TO";153;301;"PRESIDENTE KENNEDY";"Sim";"Rea��o tardia ou ineficiente do condutor";3;"Sa�da de leito carro��vel";"Com V�timas Feridas";"Amanhecer";"Crescente";"C�u Claro";"Simples";"Declive;Reta";"N�o";1328464;"Caminhonete";"MMC/L200 TRITON HPE D/L200 TRITON HPE D";2013;"Condutor";"Ileso";31;"Masculino";1;0;0;0;-8,54214;-48,483127;"SPRF-TO";"DEL02-TO";"UOP02-DEL02-TO"
744042;1666779;2025-12-26;"sexta-feira";"05:45:00";"TO";153;301;"PRESIDENTE KENNEDY";"Sim";"Rea��o tardia ou ineficiente do condutor";3;"Sa�da de leito carro��vel";"Com V�timas Feridas";"Amanhecer";"Crescente";"C�u Claro";"Simples";"Declive;Reta";"N�o";1328464;"Caminhonete";"MMC/L200 TRITON HPE D/L200 TRITON HPE D";2013;"Passageiro";"Ileso";43;"Masculino";1;0;0;0;-8,54214;-48,483127;"SPRF-TO";"DEL02-TO";"UOP02-DEL02-TO"
744042;1666781;2025-12-26;"sexta-feira";"05:45:00";"TO";153;301;"PRESIDENTE KENNEDY";"Sim";"Rea��o tardia ou ineficiente do condutor";2;"Queda de ocupante de ve�culo";"Com V�timas Feridas";"Amanhecer";"Crescente";"C�u Claro";"Simples";"Declive;Reta";"N�o";1328465;"Motocicleta";"HONDA/CG 125 TITAN KS/CG 125 TITAN KS";2000;"Condutor";"Les�es Graves";27;"Masculino";0;0;1;0;-8,54214;-48,483127;"SPRF-TO";"DEL02-TO";"UOP02-DEL02-TO"
744042;1666780;2025-12-26;"sexta-feira";"05:45:00";"TO";153;301;"PRESIDENTE KENNEDY";"Sim";"Rea��o tardia ou ineficiente do condutor";2;"Queda de ocupante de ve�culo";"Com V�timas Feridas";"Amanhecer";"Crescente";"C�u Claro";"Simples";"Declive;Reta";"N�o";1328464;"Caminhonete";"MMC/L200 TRITON HPE D/L200 TRITON HPE D";2013;"Condutor";"Ileso";31;"Masculino";1;0;0;0;-8,54214;-48,483127;"SPRF-TO";"DEL02-TO";"UOP02-DEL02-TO"
744042;1666779;2025-12-26;"sexta-feira";"05:45:00";"TO";153;301;"PRESIDENTE KENNEDY";"Sim";"Rea��o tardia ou ineficiente do condutor";2;"Queda de ocupante de ve�culo";"Com V�timas Feridas";"Amanhecer";"Crescente";"C�u Claro";"Simples";"Declive;Reta";"N�o";1328464;"Caminhonete";"MMC/L200 TRITON HPE D/L200 TRITON HPE D";2013;"Passageiro";"Ileso";43;"Masculino";1;0;0;0;-8,54214;-48,483127;"SPRF-TO";"DEL02-TO";"UOP02-DEL02-TO"
744042;1666781;2025-12-26;"sexta-feira";"05:45:00";"TO";153;301;"PRESIDENTE KENNEDY";"Sim";"Rea��o tardia ou ineficiente do condutor";1;"Colis�o frontal";"Com V�timas Feridas";"Amanhecer";"Crescente";"C�u Claro";"Simples";"Declive;Reta";"N�o";1328465;"Motocicleta";"HONDA/CG 125 TITAN KS/CG 125 TITAN KS";2000;"Condutor";"Les�es Graves";27;"Masculino";0;0;1;0;-8,54214;-48,483127;"SPRF-TO";"DEL02-TO";"UOP02-DEL02-TO"
744042;1666780;2025-12-26;"sexta-feira";"05:45:00";"TO";153;301;"PRESIDENTE KENNEDY";"Sim";"Rea��o tardia ou ineficiente do condutor";1;"Colis�o frontal";"Com V�timas Feridas";"Amanhecer";"Crescente";"C�u Claro";"Simples";"Declive;Reta";"N�o";1328464;"Caminhonete";"MMC/L200 TRITON HPE D/L200 TRITON HPE D";2013;"Condutor";"Ileso";31;"Masculino";1;0;0;0;-8,54214;-48,483127;"SPRF-TO";"DEL02-TO";"UOP02-DEL02-TO"
744042;1666779;2025-12-26;"sexta-feira";"05:45:00";"TO";153;301;"PRESIDENTE KENNEDY";"Sim";"Rea��o tardia ou ineficiente do condutor";1;"Colis�o frontal";"Com V�timas Feridas";"Amanhecer";"Crescente";"C�u Claro";"Simples";"Declive;Reta";"N�o";1328464;"Caminhonete";"MMC/L200 TRITON HPE D/L200 TRITON HPE D";2013;"Passageiro";"Ileso";43;"Masculino";1;0;0;0;-8,54214;-48,483127;"SPRF-TO";"DEL02-TO";"UOP02-DEL02-TO"
744042;1666781;2025-12-26;"sexta-feira";"05:45:00";"TO";153;301;"PRESIDENTE KENNEDY";"N�o";"Ingest�o de �lcool pelo condutor";3;"Sa�da de leito carro��vel";"Com V�timas Feridas";"Amanhecer";"Crescente";"C�u Claro";"Simples";"Declive;Reta";"N�o";1328465;"Motocicleta";"HONDA/CG 125 TITAN KS/CG 125 TITAN KS";2000;"Condutor";"Les�es Graves";27;"Masculino";0;0;1;0;-8,54214;-48,483127;"SPRF-TO";"DEL02-TO";"UOP02-DEL02-TO"
744042;1666780;2025-12-26;"sexta-feira";"05:45:00";"TO";153;301;"PRESIDENTE KENNEDY";"N�o";"Ingest�o de �lcool pelo condutor";3;"Sa�da de leito carro��vel";"Com V�timas Feridas";"Amanhecer";"Crescente";"C�u Claro";"Simples";"Declive;Reta";"N�o";1328464;"Caminhonete";"MMC/L200 TRITON HPE D/L200 TRITON HPE D";2013;"Condutor";"Ileso";31;"Masculino";1;0;0;0;-8,54214;-48,483127;"SPRF-TO";"DEL02-TO";"UOP02-DEL02-TO"
744042;1666779;2025-12-26;"sexta-feira";"05:45:00";"TO";153;301;"PRESIDENTE KENNEDY";"N�o";"Ingest�o de �lcool pelo condutor";3;"Sa�da de leito carro��vel";"Com V�timas Feridas";"Amanhecer";"Crescente";"C�u Claro";"Simples";"Declive;Reta";"N�o";1328464;"Caminhonete";"MMC/L200 TRITON HPE D/L200 TRITON HPE D";2013;"Passageiro";"Ileso";43;"Masculino";1;0;0;0;-8,54214;-48,483127;"SPRF-TO";"DEL02-TO";"UOP02-DEL02-TO"
744042;1666781;2025-12-26;"sexta-feira";"05:45:00";"TO";153;301;"PRESIDENTE KENNEDY";"N�o";"Ingest�o de �lcool pelo condutor";2;"Queda de ocupante de ve�culo";"Com V�timas Feridas";"Amanhecer";"Crescente";"C�u Claro";"Simples";"Declive;Reta";"N�o";1328465;"Motocicleta";"HONDA/CG 125 TITAN KS/CG 125 TITAN KS";2000;"Condutor";"Les�es Graves";27;"Masculino";0;0;1;0;-8,54214;-48,483127;"SPRF-TO";"DEL02-TO";"UOP02-DEL02-TO"
744042;1666780;2025-12-26;"sexta-feira";"05:45:00";"TO";153;301;"PRESIDENTE KENNEDY";"N�o";"Ingest�o de �lcool pelo condutor";2;"Queda de ocupante de ve�culo";"Com V�timas Feridas";"Amanhecer";"Crescente";"C�u Claro";"Simples";"Declive;Reta";"N�o";1328464;"Caminhonete";"MMC/L200 TRITON HPE D/L200 TRITON HPE D";2013;"Condutor";"Ileso";31;"Masculino";1;0;0;0;-8,54214;-48,483127;"SPRF-TO";"DEL02-TO";"UOP02-DEL02-TO"