"id";"pesid";"data_inversa";"dia_semana";"horario";"uf";"br";"km";"municipio";"causa_principal";"causa_acidente";"ordem_tipo_acidente";"tipo_acidente";"classificacao_acidente";"fase_dia";"sentido_via";"condicao_metereologica";"tipo_pista";"tracado_via";"uso_solo";"id_veiculo";"tipo_veiculo";"marca";"ano_fabricacao_veiculo";"tipo_envolvido";"estado_fisico";"idade";"sexo";"ilesos";"feridos_leves";"feridos_graves";"mortos";"latitude";"longitude";"regional";"delegacia";"uop"
744042;1666779;2025-12-26;"sexta-feira";"05:45:00";"TO";153;301;"PRESIDENTE KENNEDY";"N�o";"Ingest�o de �lcool pelo condutor";2;"Queda de ocupante de ve�culo";"Com V�timas Feridas";"Amanhecer";"Crescente";"C�u Claro";"Simples";"Declive;Reta";"N�o";1328464;"Caminhonete";"MMC/L200 TRITON HPE D/L200 TRITON HPE D";2013;"Passageiro";"Ileso";43;"Masculino";1;0;0;0;-8,54214;-48,483127;"SPRF-TO";"DEL02-TO";"UOP02-DEL02-TO"
744042;1666781;2025-12-26;"sexta-feira";"05:45:00";"TO";153;301;"PRESIDENTE KENNEDY";"N�o";"Ingest�o de �lcool pelo condutor";1;"Colis�o frontal";"Com V�timas Feridas";"Amanhecer";"Crescente";"C�u Claro";"Simples";"Declive;Reta";"N�o";1328465;"Motocicleta";"HONDA/CG 125 TITAN KS/CG 125 TITAN KS";2000;"Condutor";"Les�es Graves";27;"Masculino";0;0;1;0;-8,54214;-48,483127;"SPRF-TO";"DEL02-TO";"UOP02-DEL02-TO"
744042;1666780;2025-12-26;"sexta-feira";"05:45:00";"TO";153;301;"PRESIDENTE KENNEDY";"N�o";"Ingest�o de �lcool pelo condutor";1;"Colis�o frontal";"Com V�timas Feridas";"Amanhecer";"Crescente";"C�u Claro";"Simples";"Declive;Reta";"N�o";1328464;"Caminhonete";"MMC/L200 TRITON HPE D/L200 TRITON HPE D";2013;"Condutor";"Ileso";31;"Masculino";1;0;0;0;-8,54214;-48,483127;"SPRF-TO";"DEL02-TO";"UOP02-DEL02-TO"
744042;1666779;2025-12-26;"sexta-feira";"05:45:00";"TO";153;301;"PRESIDENTE KENNEDY";"N�o";"Ingest�o de �lcool pelo condutor";1;"Colis�o frontal";"Com V�timas Feridas";"Amanhecer";"Crescente";"C�u Claro";"Simples";"Declive;Reta";"N�o";1328464;"Caminhonete";"MMC/L200 TRITON HPE D/L200 TRITON HPE D";2013;"Passageiro";"Ileso";43;"Masculino";1;0;0;0;-8,54214;-48,483127;"SPRF-TO";"DEL02-TO";"UOP02-DEL02-TO"
744042;1666781;2025-12-26;"sexta-feira";"05:45:00";"TO";153;301;"PRESIDENTE KENNEDY";"N�o";"Velocidade Incompat�vel";3;"Sa�da de leito carro��vel";"Com V�timas Feridas";"Amanhecer";"Crescente";"C�u Claro";"Simples";"Declive;Reta";"N�o";1328465;"Motocicleta";"HONDA/CG 125 TITAN KS/CG 125 TITAN KS";2000;"Condutor";"Les�es Graves";27;"Masculino";0;0;1;0;-8,54214;-48,483127;"SPRF-TO";"DEL02-TO";"UOP02-DEL02-TO"
744042;1666780;2025-12-26;"sexta-feira";"05:45:00";"TO";153;301;"PRESIDENTE KENNEDY";"N�o";"Velocidade Incompat�vel";3;"Sa�da de leito carro��vel";"Com V�timas Feridas";"Amanhecer";"Crescente";"C�u Claro";"Simples";"Declive;Reta";"N�o";1328464;"Caminhonete";"MMC/L200 TRITON HPE D/L200 TRITON HPE D";2013;"Condutor";"Ileso";31;"Masculino";1;0;0;0;-8,54214;-48,483127;"SPRF-TO";"DEL02-TO";"UOP02-DEL02-TO"
744042;1666779;2025-12-26;"sexta-feira";"05:45:00";"TO";153;301;"PRESIDENTE KENNEDY";"N�o";"Velocidade Incompat�vel";3;"Sa�da de leito carro��vel";"Com V�timas Feridas";"Amanhecer";"Crescente";"C�u Claro";"Simples";"Declive;Reta";"N�o";1328464;"Caminhonete";"MMC/L200 TRITON HPE D/L200 TRITON HPE D";2013;"Passageiro";"Ileso";43;"Masculino";1;0;0;0;-8,54214;-48,483127;"SPRF-TO";"DEL02-TO";"UOP02-DEL02-TO"
744042;1666781;2025-12-26;"sexta-feira";"05:45:00";"TO";153;301;"PRESIDENTE KENNEDY";"N�o";"Velocidade Incompat�vel";2;"Queda de ocupante de ve�culo";"Com V�timas Feridas";"Amanhecer";"Crescente";"C�u Claro";"Simples";"Declive;Reta";"N�o";1328465;"Motocicleta";"HONDA/CG 125 TITAN KS/CG 125 TITAN KS";2000;"Condutor";"Les�es Graves";27;"Masculino";0;0;1;0;-8,54214;-48,483127;"SPRF-TO";"DEL02-TO";"UOP02-DEL02-TO"
744042;1666780;2025-12-26;"sexta-feira";"05:45:00";"TO";153;301;"PRESIDENTE KENNEDY";"N�o";"Velocidade Incompat�vel";2;"Queda de ocupante de ve�culo";"Com V�timas Feridas";"Amanhecer";"Crescente";"C�u Claro";"Simples";"Declive;Reta";"N�o";1328464;"Caminhonete";"MMC/L200 TRITON HPE D/L200 TRITON HPE D";2013;"Condutor";"Ileso";31;"Masculino";1;0;0;0;-8,54214;-48,483127;"SPRF-TO";"DEL02-TO";"UOP02-DEL02-TO"
744042;1666779;2025-12-26;"sexta-feira";"05:45:00";"TO";153;301;"PRESIDENTE KENNEDY";"N�o";"Velocidade Incompat�vel";2;"Queda de ocupante de ve�culo";"Com V�timas Feridas";"Amanhecer";"Crescente";"C�u Claro";"Simples";"Declive;Reta";"N�o";1328464;"Caminhonete";"MMC/L200 TRITON HPE D/L200 TRITON HPE D";2013;"Passageiro";"Ileso";43;"Masculino";1;0;0;0;-8,54214;-48,483127;"SPRF-TO";"DEL02-TO";"UOP02-DEL02-TO"
744042;1666781;2025-12-26;"sexta-feira";"05:45:00";"TO";153;301;"PRESIDENTE KENNEDY";"N�o";"Velocidade Incompat�vel";1;"Colis�o frontal";"Com V�timas Feridas";"Amanhecer";"Crescente";"C�u Claro";"Simples";"Declive;Reta";"N�o";1328465;"Motocicleta";"HONDA/CG 125 TITAN KS/CG 125 TITAN KS";2000;"Condutor";"Les�es Graves";27;"Masculino";0;0;1;0;-8,54214;-48,483127;"SPRF-TO";"DEL02-TO";"UOP02-DEL02-TO"
744042;1666780;2025-12-26;"sexta-feira";"05:45:00";"TO";153;301;"PRESIDENTE KENNEDY";"N�o";"Velocidade Incompat�vel";1;"Colis�o frontal";"Com V�timas Feridas";"Amanhecer";"Crescente";"C�u Claro";"Simples";"Declive;Reta";"N�o";1328464;"Caminhonete";"MMC/L200 TRITON HPE D/L200 TRITON HPE D";2013;"Condutor";"Ileso";31;"Masculino";1;0;0;0;-8,54214;-48,483127;"SPRF-TO";"DEL02-TO";"UOP02-DEL02-TO"
744042;1666779;2025-12-26;"sexta-feira";"05:45:00";"TO";153;301;"PRESIDENTE KENNEDY";"N�o";"Velocidade Incompat�vel";1;"Colis�o frontal";"Com V�timas Feridas";"Amanhecer";"Crescente";"C�u Claro";"Simples";"Declive;Reta";"N�o";1328464;"Caminhonete";"MMC/L200 TRITON HPE D/L200 TRITON HPE D";2013;"Passageiro";"Ileso";43;"Masculino";1;0;0;0;-8,54214;-48,483127;"SPRF-TO";"DEL02-TO";"UOP02-DEL02-TO"
744052;1666842;2025-12-29;"segunda-feira";"19:20:00";"RJ";493;2;"ITABORAI";"Sim";"Aus�ncia de sinaliza��o";2;"Queda de ocupante de ve�culo";"Com V�timas Feridas";"Plena Noite";"Crescente";"C�u Claro";"Dupla";"Reta";"N�o";1328490;"Motocicleta";"HONDA/CG 160 TITAN/CG 160 TITAN";0;"Condutor";"Les�es Leves";40;"Masculino";0;1;0;0;-22,7787139;-42,89611816;"SPRF-RJ";"DEL02-RJ";"UOP02-DEL02-RJ"
744052;1666847;2025-12-29;"segunda-feira";"19:20:00";"RJ";493;2;"ITABORAI";"Sim";"Aus�ncia de sinaliza��o";2;"Queda de ocupante de ve�culo";"Com V�timas Feridas";"Plena Noite";"Crescente";"C�u Claro";"Dupla";"Reta";"N�o";NA;NA;"NA/NA/NA";NA;"Pedestre";"Les�es Graves";56;"Feminino";0;0;1;0;-22,7787139;-42,89611816;"SPRF-RJ";"DEL02-RJ";"UOP02-DEL02-RJ"
744052;1666842;2025-12-29;"segunda-feira";"19:20:00";"RJ";493;2;"ITABORAI";"Sim";"Aus�ncia de sinaliza��o";1;"Atropelamento de Pedestre";"Com V�timas Feridas";"Plena Noite";"Crescente";"C�u Claro";"Dupla";"Reta";"N�o";1328490;"Motocicleta";"HONDA/CG 160 TITAN/CG 160 TITAN";0;"Condutor";"Les�es Leves";40;"Masculino";0;1;0;0;-22,7787139;-42,89611816;"SPRF-RJ";"DEL02-RJ";"UOP02-DEL02-RJ"
744052;1666847;2025-12-29;"segunda-feira";"19:20:00";"RJ";493;2;"ITABORAI";"Sim";"Aus�ncia de sinaliza��o";1;"Atropelamento de Pedestre";"Com V�timas Feridas";"Plena Noite";"Crescente";"C�u Claro";"Dupla";"Reta";"N�o";NA;NA;"NA/NA/NA";NA;"Pedestre";"Les�es Graves";56;"Feminino";0;0;1;0;-22,7787139;-42,89611816;"SPRF-RJ";"DEL02-RJ";"UOP02-DEL02-RJ"
744057;1666853;2025-12-20;"s�bado";"07:50:00";"MG";381;537;"ITATIAIUCU";"Sim";"Pista Escorregadia";2;"Colis�o com objeto";"Com V�timas Feridas";"Pleno dia";"Decrescente";"Chuva";"Dupla";"Curva";"N�o";1328502;"Autom�vel";"HONDA/CIVIC EXS/CIVIC EXS";2012;"Passageiro";"Les�es Leves";23;"Masculino";0;1;0;0;-20,20936749;-44,39060211;"SPRF-MG";"DEL04-MG";"UOP03-DEL04-MG"
744057;1666852;2025-12-20;"s�bado";"07:50:00";"MG";381;537;"ITATIAIUCU";"Sim";"Pista Escorregadia";2;"Colis�o com objeto";"Com V�timas Feridas";"Pleno dia";"Decrescente";"Chuva";"Dupla";"Curva";"N�o";1328502;"Autom�vel";"HONDA/CIVIC EXS/CIVIC EXS";2012;"Condutor";"Les�es Leves";23;"Masculino";0;1;0;0;-20,20936749;-44,39060211;"SPRF-MG";"DEL04-MG";"UOP03-DEL04-MG"
744057;1666853;2025-12-20;"s�bado";"07:50:00";"MG";381;537;"ITATIAIUCU";"Sim";"Pista Escorregadia";1;"Sa�da de leito carro��vel";"Com V�timas Feridas";"Pleno dia";"Decrescente";"Chuva";"Dupla";"Curva";"N�o";1328502;"Autom�vel";"HONDA/CIVIC EXS/CIVIC EXS";2012;"Passageiro";"Les�es Leves";23;"Masculino";0;1;0;0;-20,20936749;-44,39060211;"SPRF-MG";"DEL04-MG";"UOP03-DEL04-MG"
744057;1666852;2025-12-20;"s�bado";"07:50:00";"MG";381;537;"ITATIAIUCU";"Sim";"Pista Escorregadia";1;"Sa�da de leito carro��vel";"Com V�timas Feridas";"Pleno dia";"Decrescente";"Chuva";"Dupla";"Curva";"N�o";1328502;"Autom�vel";"HONDA/CIVIC EXS/CIVIC EXS";2012;"Condutor";"Les�es Leves";23;"Masculino";0;1;0;0;-20,20936749;-44,39060211;"SPRF-MG";"DEL04-MG";"UOP03-DEL04-MG"
744057;1666853;2025-12-20;"s�bado";"07:50:00";"MG";381;537;"ITATIAIUCU";"N�o";"Rea��o tardia ou ineficiente do condutor";2;"Colis�o com objeto";"Com V�timas Feridas";"Pleno dia";"Decrescente";"Chuva";"Dupla";"Curva";"N�o";1328502;"Autom�vel";"HONDA/CIVIC EXS/CIVIC EXS";2012;"Passageiro";"Les�es Leves";23;"Masculino";0;1;0;0;-20,20936749;-44,39060211;"SPRF-MG";"DEL04-MG";"UOP03-DEL04-MG"
744057;1666852;2025-12-20;"s�bado";"07:50:00";"MG";381;537;"ITATIAIUCU";"N�o";"Rea��o tardia ou ineficiente do condutor";2;"Colis�o com objeto";"Com V�timas Feridas";"Pleno dia";"Decrescente";"Chuva";"Dupla";"Curva";"N�o";1328502;"Autom�vel";"HONDA/CIVIC EXS/CIVIC EXS";2012;"Condutor";"Les�es Leves";23;"Masculino";0;1;0;0;-20,20936749;-44,39060211;"SPRF-MG";"DEL04-MG";"UOP03-DEL04-MG"
744057;1666853;2025-12-20;"s�bado";"07:50:00";"MG";381;537;"ITATIAIUCU";"N�o";"Rea��o tardia ou ineficiente do condutor";1;"Sa�da de leito carro��vel";"Com V�timas Feridas";"Pleno dia";"Decrescente";"Chuva";"Dupla";"Curva";"N�o";1328502;"Autom�vel";"HONDA/CIVIC EXS/CIVIC EXS";2012;"Passageiro";"Les�es Leves";23;"Masculino";0;1;0;0;-20,20936749;-44,39060211;"SPRF-MG";"DEL04-MG";"UOP03-DEL04-MG"
744057;1666852;2025-12-20;"s�bado";"07:50:00";"MG";381;537;"ITATIAIUCU";"N�o";"Rea��o tardia ou ineficiente do condutor";1;"Sa�da de leito carro��vel";"Com V�timas Feridas";"Pleno dia";"Decrescente";"Chuva";"Dupla";"Curva";"N�o";1328502;"Autom�vel";"HONDA/CIVIC EXS/CIVIC EXS";2012;"Condutor";"Les�es Leves";23;"Masculino";0;1;0;0;-20,20936749;-44,39060211;"SPRF-MG";"DEL04-MG";"UOP03-DEL04-MG"
744057;1666853;2025-12-20;"s�bado";"07:50:00";"MG";381;537;"ITATIAIUCU";"N�o";"Chuva";2;"Colis�o com objeto";"Com V�timas Feridas";"Pleno dia";"Decrescente";"Chuva";"Dupla";"Curva";"N�o";1328502;"Autom�vel";"HONDA/CIVIC EXS/CIVIC EXS";2012;"Passageiro";"Les�es Leves";23;"Masculino";0;1;0;0;-20,20936749;-44,39060211;"SPRF-MG";"DEL04-MG";"UOP03-DEL04-MG"
744057;1666852;2025-12-20;"s�bado";"07:50:00";"MG";381;537;"ITATIAIUCU";"N�o";"Chuva";2;"Colis�o com objeto";"Com V�timas Feridas";"Pleno dia";"Decrescente";"Chuva";"Dupla";"Curva";"N�o";1328502;"Autom�vel";"HONDA/CIVIC EXS/CIVIC EXS";2012;"Condutor";"Les�es Leves";23;"Masculino";0;1;0;0;-20,20936749;-44,39060211;"SPRF-MG";"DEL04-MG";"UOP03-DEL04-MG"
744057;1666853;2025-12-20;"s�bado";"07:50:00";"MG";381;537;"ITATIAIUCU";"N�o";"Chuva";1;"Sa�da de leito carro��vel";"Com V�timas Feridas";"Pleno dia";"Decrescente";"Chuva";"Dupla";"Curva";"N�o";1328502;"Autom�vel";"HONDA/CIVIC EXS/CIVIC EXS";2012;"Passageiro";"Les�es Leves";23;"Masculino";0;1;0;0;-20,20936749;-44,39060211;"SPRF-MG";"DEL04-MG";"UOP03-DEL04-MG"
744057;1666852;2025-12-20;"s�bado";"07:50:00";"MG";381;537;"ITATIAIUCU";"N�o";"Chuva";1;"Sa�da de leito carro��vel";"Com V�timas Feridas";"Pleno dia";"Decrescente";"Chuva";"Dupla";"Curva";"N�o";1328502;"Autom�vel";"HONDA/CIVIC EXS/CIVIC EXS";2012;"Condutor";"Les�es Leves";23;"Masculino";0;1;0;0;-20,20936749;-44,39060211;"SPRF-MG";"DEL04-MG";"UOP03-DEL04-MG"
744076;NA;2025-10-26;"domingo";"10:30:00";"MS";262;408;"TERENOS";"Sim";"Ingest�o de �lcool pelo condutor";1;"Colis�o lateral mesmo sentido";"Sem V�timas";"Pleno dia";"Decrescente";"Chuva";"Simples";"Reta";"N�o";1328540;"Semireboque";"SR/RANDON SR BA 1ED3E/RANDON SR BA 1ED3E";2023;NA;NA;NA;NA;NA;NA;NA;NA;-20,43505595;-54,9010849;"SPRF-MS";"DEL01-MS";"UOP03-DEL01-MS"
744076;1666964;2025-10-26;"domingo";"10:30:00";"MS";262;408;"TERENOS";"Sim";"Ingest�o de �lcool pelo condutor";1;"Colis�o lateral mesmo sentido";"Sem V�timas";"Pleno dia";"Decrescente";"Chuva";"Simples";"Reta";"N�o";1328539;"Utilit�rio";"I/MMC PAJERO SPORT HPE S/MMC PAJERO SPORT HPE S";2020;"Condutor";"Ileso";51;"Masculino";1;0;0;0;-20,43505595;-54,9010849;"SPRF-MS";"DEL01-MS";"UOP03-DEL01-MS"
744076;1666966;2025-10-26;"domingo";"10:30:00";"MS";262;408;"TERENOS";"Sim";"Ingest�o de �lcool pelo condutor";1;"Colis�o lateral mesmo sentido";"Sem V�timas";"Pleno dia";"Decrescente";"Chuva";"Simples";"Reta";"N�o";1328538;"Caminh�o-trator";"VOLVO/FH 540 6X4T/FH 540 6X4T";2019;"Condutor";"Ileso";30;"Masculino";1;0;0;0;-20,43505595;-54,9010849;"SPRF-MS";"DEL01-MS";"UOP03-DEL01-MS"
744120;1667079;2025-12-09;"ter�a-feira";"16:30:00";"PR";476;29;"ADRIANOPOLIS";"Sim";"Curva acentuada";1;"Queda de ocupante de ve�culo";"Com V�timas Feridas";"Pleno dia";"Crescente";"Chuva";"Simples";"Curva";"N�o";1328627;"Autom�vel";"GM/CLASSIC LIFE/CLASSIC LIFE";0;"Condutor";"Ileso";NA;"Masculino";1;0;0;0;-24,806119;-49,041187;"SPRF-PR";"DEL01-PR";"UOP01-DEL01-PR"
744120;1667080;2025-12-09;"ter�a-feira";"16:30:00";"PR";476;29;"ADRIANOPOLIS";"Sim";"Curva acentuada";1;"Queda de ocupante de ve�culo";"Com V�timas Feridas";"Pleno dia";"Crescente";"Chuva";"Simples";"Curva";"N�o";1328628;"Motocicleta";"YAMAHA/FZ15 FAZER ABS/FZ15 FAZER ABS";0;"Condutor";"Les�es Graves";NA;"Masculino";0;0;1;0;-24,806119;-49,041187;"SPRF-PR";"DEL01-PR";"UOP01-DEL01-PR"
744138;1667164;2025-12-26;"sexta-feira";"06:30:00";"BA";101;776;"ITABELA";"Sim";"Objeto est�tico sobre o leito carro��vel";2;"Queda de ocupante de ve�culo";"Com V�timas Feridas";"Pleno dia";"Decrescente";"C�u Claro";"Simples";"Reta";"N�o";1328654;"Motocicleta";"YAMAHA/YS150 FAZER SED/YS150 FAZER SED";2022;"Condutor";"Les�es Leves";26;"Masculino";0;1;0;0;-16,73024901;-39,45602417;"SPRF-BA";"DEL09-BA";"UOP01-DEL09-BA"
744138;1667164;2025-12-26;"sexta-feira";"06:30:00";"BA";101;776;"ITABELA";"Sim";"Objeto est�tico sobre o leito carro��vel";1;"Tombamento";"Com V�timas Feridas";"Pleno dia";"Decrescente";"C�u Claro";"Simples";"Reta";"N�o";1328654;"Motocicleta";"YAMAHA/YS150 FAZER SED/YS150 FAZER SED";2022;"Condutor";"Les�es Leves";26;"Masculino";0;1;0;0;-16,73024901;-39,45602417;"SPRF-BA";"DEL09-BA";"UOP01-DEL09-BA"
744145;1667190;2025-12-13;"s�bado";"16:40:00";"RJ";116;212;"SEROPEDICA";"Sim";"Ingest�o de �lcool pelo condutor";1;"Colis�o traseira";"Sem V�timas";"Pleno dia";"Crescente";"C�u Claro";"Dupla";"Reta";"N�o";1328669;"Autom�vel";"FIAT/DOBLO HLX 1.8 FLEX/DOBLO HLX 1.8 FLEX";2010;"Passageiro";"Ileso";53;"Feminino";1;0;0;0;-22,71633669;-43,7167546;"SPRF-RJ";"DEL06-RJ";"UOP02-DEL06-RJ"
744145;1667189;2025-12-13;"s�bado";"16:40:00";"RJ";116;212;"SEROPEDICA";"Sim";"Ingest�o de �lcool pelo condutor";1;"Colis�o traseira";"Sem V�timas";"Pleno dia";"Crescente";"C�u Claro";"Dupla";"Reta";"N�o";1328669;"Autom�vel";"FIAT/DOBLO HLX 1.8 FLEX/DOBLO HLX 1.8 FLEX";2010;"Condutor";"Ileso";39;"Masculino";1;0;0;0;-22,71633669;-43,7167546;"SPRF-RJ";"DEL06-RJ";"UOP02-DEL06-RJ"
744145;1667188;2025-12-13;"s�bado";"16:40:00";"RJ";116;212;"SEROPEDICA";"Sim";"Ingest�o de �lcool pelo condutor";1;"Colis�o traseira";"Sem V�timas";"Pleno dia";"Crescente";"C�u Claro";"Dupla";"Reta";"N�o";1328668;"�nibus";"M.BENZ/MPOLO TORINO U/MPOLO TORINO U";2011;"Condutor";"Ileso";46;"Masculino";1;0;0;0;-22,71633669;-43,7167546;"SPRF-RJ";"DEL06-RJ";"UOP02-DEL06-RJ"
744176;1667272;2025-12-24;"quarta-feira";"08:00:00";"TO";153;412,4;"MIRANORTE";"Sim";"Aus�ncia de rea��o do condutor";2;"Derramamento de carga";"Com V�timas Feridas";"Pleno dia";"Crescente";"C�u Claro";"Dupla";"Interse��o de Vias;Curva";"Sim";1328724;"Caminh�o-trator";"SCANIA/R124 LA6X2NA 360/R124 LA6X2NA 360";2000;"Passageiro";"Les�es Leves";12;"Feminino";0;1;0;0;-9,51722;-48,590388;"SPRF-TO";"DEL02-TO";"UOP02-DEL02-TO"
744176;1667271;2025-12-24;"quarta-feira";"08:00:00";"TO";153;412,4;"MIRANORTE";"Sim";"Aus�ncia de rea��o do condutor";2;"Derramamento de carga";"Com V�timas Feridas";"Pleno dia";"Crescente";"C�u Claro";"Dupla";"Interse��o de Vias;Curva";"Sim";1328724;"Caminh�o-trator";"SCANIA/R124 LA6X2NA 360/R124 LA6X2NA 360";2000;"Passageiro";"Les�es Leves";52;"Feminino";0;1;0;0;-9,51722;-48,590388;"SPRF-TO";"DEL02-TO";"UOP02-DEL02-TO"
744176;1667270;2025-12-24;"quarta-feira";"08:00:00";"TO";153;412,4;"MIRANORTE";"Sim";"Aus�ncia de rea��o do condutor";2;"Derramamento de carga";"Com V�timas Feridas";"Pleno dia";"Crescente";"C�u Claro";"Dupla";"Interse��o de Vias;Curva";"Sim";1328724;"Caminh�o-trator";"SCANIA/R124 LA6X2NA 360/R124 LA6X2NA 360";2000;"Condutor";"Les�es Leves";70;"Masculino";0;1;0;0;-9,51722;-48,590388;"SPRF-TO";"DEL02-TO";"UOP02-DEL02-TO"
744176;NA;2025-12-24;"quarta-feira";"08:00:00";"TO";153;412,4;"MIRANORTE";"Sim";"Aus�ncia de rea��o do condutor";2;"Derramamento de carga";"Com V�timas Feridas";"Pleno dia";"Crescente";"C�u Claro";"Dupla";"Interse��o de Vias;Curva";"Sim";1328725;"Semireboque";"SR/LIBRELATO SRCS 3E/LIBRELATO SRCS 3E";2011;NA;NA;NA;NA;NA;NA;NA;NA;-9,51722;-48,590388;"SPRF-TO";"DEL02-TO";"UOP02-DEL02-TO"
744176;1667272;2025-12-24;"quarta-feira";"08:00:00";"TO";153;412,4;"MIRANORTE";"Sim";"Aus�ncia de rea��o do condutor";1;"Tombamento";"Com V�timas Feridas";"Pleno dia";"Crescente";"C�u Claro";"Dupla";"Interse��o de Vias;Curva";"Sim";1328724;"Caminh�o-trator";"SCANIA/R124 LA6X2NA 360/R124 LA6X2NA 360";2000;"Passageiro";"Les�es Leves";12;"Feminino";0;1;0;0;-9,51722;-48,590388;"SPRF-TO";"DEL02-TO";"UOP02-DEL02-TO"
744176;1667271;2025-12-24;"quarta-feira";"08:00:00";"TO";153;412,4;"MIRANORTE";"Sim";"Aus�ncia de rea��o do condutor";1;"Tombamento";"Com V�timas Feridas";"Pleno dia";"Crescente";"C�u Claro";"Dupla";"Interse��o de Vias;Curva";"Sim";1328724;"Caminh�o-trator";"SCANIA/R124 LA6X2NA 360/R124 LA6X2NA 360";2000;"Passageiro";"Les�es Leves";52;"Feminino";0;1;0;0;-9,51722;-48,590388;"SPRF-TO";"DEL02-TO";"UOP02-DEL02-TO"
744176;1667270;2025-12-24;"quarta-feira";"08:00:00";"TO";153;412,4;"MIRANORTE";"Sim";"Aus�ncia de rea��o do condutor";1;"Tombamento";"Com V�timas Feridas";"Pleno dia";"Crescente";"C�u Claro";"Dupla";"Interse��o de Vias;Curva";"Sim";1328724;"Caminh�o-trator";"SCANIA/R124 LA6X2NA 360/R124 LA6X2NA 360";2000;"Condutor";"Les�es Leves";70;"Masculino";0;1;0;0;-9,51722;-48,590388;"SPRF-TO";"DEL02-TO";"UOP02-DEL02-TO"
744176;NA;2025-12-24;"quarta-feira";"08:00:00";"TO";153;412,4;"MIRANORTE";"Sim";"Aus�ncia de rea��o do condutor";1;"Tombamento";"Com V�timas Feridas";"Pleno dia";"Crescente";"C�u Claro";"Dupla";"Interse��o de Vias;Curva";"Sim";1328725;"Semireboque";"SR/LIBRELATO SRCS 3E/LIBRELATO SRCS 3E";2011;NA;NA;NA;NA;NA;NA;NA;NA;-9,51722;-48,590388;"SPRF-TO";"DEL02-TO";"UOP02-DEL02-TO"
744176;1667272;2025-12-24;"quarta-feira";"08:00:00";"TO";153;412,4;"MIRANORTE";"N�o";"Velocidade Incompat�vel";2;"Derramamento de carga";"Com V�timas Feridas";"Pleno dia";"Crescente";"C�u Claro";"Dupla";"Interse��o de Vias;Curva";"Sim";1328724;"Caminh�o-trator";"SCANIA/R124 LA6X2NA 360/R124 LA6X2NA 360";2000;"Passageiro";"Les�es Leves";12;"Feminino";0;1;0;0;-9,51722;-48,590388;"SPRF-TO";"DEL02-TO";"UOP02-DEL02-TO"
744176;1667271;2025-12-24;"quarta-feira";"08:00:00";"TO";153;412,4;"MIRANORTE";"N�o";"Velocidade Incompat�vel";2;"Derramamento de carga";"Com V�timas Feridas";"Pleno dia";"Crescente";"C�u Claro";"Dupla";"Interse��o de Vias;Curva";"Sim";1328724;"Caminh�o-trator";"SCANIA/R124 LA6X2NA 360/R124 LA6X2NA 360";2000;"Passageiro";"Les�es Leves";52;"Feminino";0;1;0;0;-9,51722;-48,590388;"SPRF-TO";"DEL02-TO";"UOP02-DEL02-TO"
744176;1667270;2025-12-24;"quarta-feira";"08:00:00";"TO";153;412,4;"MIRANORTE";"N�o";"Velocidade Incompat�vel";2;"Derramamento de carga";"Com V�timas Feridas";"Pleno dia";"Crescente";"C�u Claro";"Dupla";"Interse��o de Vias;Curva";"Sim";1328724;"Caminh�o-trator";"SCANIA/R124 LA6X2NA 360/R124 LA6X2NA 360";2000;"Condutor";"Les�es Leves";70;"Masculino";0;1;0;0;-9,51722;-48,590388;"SPRF-TO";"DEL02-TO";"UOP02-DEL02-TO"
744176;NA;2025-12-24;"quarta-feira";"08:00:00";"TO";153;412,4;"MIRANORTE";"N�o";"Velocidade Incompat�vel";2;"Derramamento de carga";"Com V�timas Feridas";"Pleno dia";"Crescente";"C�u Claro";"Dupla";"Interse��o de Vias;Curva";"Sim";1328725;"Semireboque";"SR/LIBRELATO SRCS 3E/LIBRELATO SRCS 3E";2011;NA;NA;NA;NA;NA;NA;NA;NA;-9,51722;-48,590388;"SPRF-TO";"DEL02-TO";"UOP02-DEL02-TO"
744176;1667272;2025-12-24;"quarta-feira";"08:00:00";"TO";153;412,4;"MIRANORTE";"N�o";"Velocidade Incompat�vel";1;"Tombamento";"Com V�timas Feridas";"Pleno dia";"Crescente";"C�u Claro";"Dupla";"Interse��o de Vias;Curva";"Sim";1328724;"Caminh�o-trator";"SCANIA/R124 LA6X2NA 360/R124 LA6X2NA 360";2000;"Passageiro";"Les�es Leves";12;"Feminino";0;1;0;0;-9,51722;-48,590388;"SPRF-TO";"DEL02-TO";"UOP02-DEL02-TO"
744176;1667271;2025-12-24;"quarta-feira";"08:00:00";"TO";153;412,4;"MIRANORTE";"N�o";"Velocidade Incompat�vel";1;"Tombamento";"Com V�timas Feridas";"Pleno dia";"Crescente";"C�u Claro";"Dupla";"Interse��o de Vias;Curva";"Sim";1328724;"Caminh�o-trator";"SCANIA/R124 LA6X2NA 360/R124 LA6X2NA 360";2000;"Passageiro";"Les�es Leves";52;"Feminino";0;1;0;0;-9,51722;-48,590388;"SPRF-TO";"DEL02-TO";"UOP02-DEL02-TO"
744176;1667270;2025-12-24;"quarta-feira";"08:00:00";"TO";153;412,4;"MIRANORTE";"N�o";"Velocidade Incompat�vel";1;"Tombamento";"Com V�timas Feridas";"Pleno dia";"Crescente";"C�u Claro";"Dupla";"Interse��o de Vias;Curva";"Sim";1328724;"Caminh�o-trator";"SCANIA/R124 LA6X2NA 360/R124 LA6X2NA 360";2000;"Condutor";"Les�es Leves";70;"Masculino";0;1;0;0;-9,51722;-48,590388;"SPRF-TO";"DEL02-TO";"UOP02-DEL02-TO"