"id";"pesid";"data_inversa";"dia_semana";"horario";"uf";"br";"km";"municipio";"causa_principal";"causa_acidente";"ordem_tipo_acidente";"tipo_acidente";"classificacao_acidente";"fase_dia";"sentido_via";"condicao_metereologica";"tipo_pista";"tracado_via";"uso_solo";"id_veiculo";"tipo_veiculo";"marca";"ano_fabricacao_veiculo";"tipo_envolvido";"estado_fisico";"idade";"sexo";"ilesos";"feridos_leves";"feridos_graves";"mortos";"latitude";"longitude";"regional";"delegacia";"uop"
744176;NA;2025-12-24;"quarta-feira";"08:00:00";"TO";153;412,4;"MIRANORTE";"N�o";"Velocidade Incompat�vel";1;"Tombamento";"Com V�timas Feridas";"Pleno dia";"Crescente";"C�u Claro";"Dupla";"Interse��o de Vias;Curva";"Sim";1328725;"Semireboque";"SR/LIBRELATO SRCS 3E/LIBRELATO SRCS 3E";2011;NA;NA;NA;NA;NA;NA;NA;NA;-9,51722;-48,590388;"SPRF-TO";"DEL02-TO";"UOP02-DEL02-TO"
744180;1667485;2025-12-21;"domingo";"22:50:00";"BA";420;234,9;"LAJE";"Sim";"Ultrapassagem Indevida";1;"Capotamento";"Com V�timas Feridas";"Plena Noite";"Crescente";"C�u Claro";"Simples";"Reta";"N�o";1328857;"Autom�vel";"FORD/KA FLEX/KA FLEX";2011;"Condutor";"Les�es Leves";NA;"Masculino";0;1;0;0;-13,16874743;-39,31874847;"SPRF-BA";"DEL01-BA";"UOP02-DEL01-BA"
744180;1667485;2025-12-21;"domingo";"22:50:00";"BA";420;234,9;"LAJE";"N�o";"Velocidade Incompat�vel";1;"Capotamento";"Com V�timas Feridas";"Plena Noite";"Crescente";"C�u Claro";"Simples";"Reta";"N�o";1328857;"Autom�vel";"FORD/KA FLEX/KA FLEX";2011;"Condutor";"Les�es Leves";NA;"Masculino";0;1;0;0;-13,16874743;-39,31874847;"SPRF-BA";"DEL01-BA";"UOP02-DEL01-BA"
744193;1667317;2025-10-28;"ter�a-feira";"09:30:00";"PA";308;204;"BRAGANCA";"N�o";"Faixas de tr�nsito com largura insuficiente";1;"Colis�o com objeto";"Com V�timas Feridas";"Pleno dia";"Decrescente";"C�u Claro";"Simples";"Ponte";"Sim";1328755;"Caminhonete";"N�o Informado/N�o Informado/N�o Informado";0;"Condutor";"Ileso";NA;"Masculino";1;0;0;0;-1,06190085;-46,75442219;"SPRF-PA";"DEL01-PA";"UOP03-DEL01-PA"
744193;1667315;2025-10-28;"ter�a-feira";"09:30:00";"PA";308;204;"BRAGANCA";"N�o";"Faixas de tr�nsito com largura insuficiente";1;"Colis�o com objeto";"Com V�timas Feridas";"Pleno dia";"Decrescente";"C�u Claro";"Simples";"Ponte";"Sim";1328753;"Caminh�o";"N�o Informado/N�o Informado/N�o Informado";0;"Condutor";"N�o Informado";NA;"N�o Informado";0;0;0;0;-1,06190085;-46,75442219;"SPRF-PA";"DEL01-PA";"UOP03-DEL01-PA"
744193;1667316;2025-10-28;"ter�a-feira";"09:30:00";"PA";308;204;"BRAGANCA";"N�o";"Faixas de tr�nsito com largura insuficiente";1;"Colis�o com objeto";"Com V�timas Feridas";"Pleno dia";"Decrescente";"C�u Claro";"Simples";"Ponte";"Sim";1328754;"Motocicleta";"HONDA/CG 160 FAN/CG 160 FAN";2021;"Condutor";"Les�es Leves";NA;"Masculino";0;1;0;0;-1,06190085;-46,75442219;"SPRF-PA";"DEL01-PA";"UOP03-DEL01-PA"
744193;1667317;2025-10-28;"ter�a-feira";"09:30:00";"PA";308;204;"BRAGANCA";"N�o";"Faixas de tr�nsito com largura insuficiente";4;"Queda de ocupante de ve�culo";"Com V�timas Feridas";"Pleno dia";"Decrescente";"C�u Claro";"Simples";"Ponte";"Sim";1328755;"Caminhonete";"N�o Informado/N�o Informado/N�o Informado";0;"Condutor";"Ileso";NA;"Masculino";1;0;0;0;-1,06190085;-46,75442219;"SPRF-PA";"DEL01-PA";"UOP03-DEL01-PA"
744193;1667315;2025-10-28;"ter�a-feira";"09:30:00";"PA";308;204;"BRAGANCA";"N�o";"Faixas de tr�nsito com largura insuficiente";4;"Queda de ocupante de ve�culo";"Com V�timas Feridas";"Pleno dia";"Decrescente";"C�u Claro";"Simples";"Ponte";"Sim";1328753;"Caminh�o";"N�o Informado/N�o Informado/N�o Informado";0;"Condutor";"N�o Informado";NA;"N�o Informado";0;0;0;0;-1,06190085;-46,75442219;"SPRF-PA";"DEL01-PA";"UOP03-DEL01-PA"
744193;1667316;2025-10-28;"ter�a-feira";"09:30:00";"PA";308;204;"BRAGANCA";"N�o";"Faixas de tr�nsito com largura insuficiente";4;"Queda de ocupante de ve�culo";"Com V�timas Feridas";"Pleno dia";"Decrescente";"C�u Claro";"Simples";"Ponte";"Sim";1328754;"Motocicleta";"HONDA/CG 160 FAN/CG 160 FAN";2021;"Condutor";"Les�es Leves";NA;"Masculino";0;1;0;0;-1,06190085;-46,75442219;"SPRF-PA";"DEL01-PA";"UOP03-DEL01-PA"
744193;1667317;2025-10-28;"ter�a-feira";"09:30:00";"PA";308;204;"BRAGANCA";"N�o";"Faixas de tr�nsito com largura insuficiente";3;"Tombamento";"Com V�timas Feridas";"Pleno dia";"Decrescente";"C�u Claro";"Simples";"Ponte";"Sim";1328755;"Caminhonete";"N�o Informado/N�o Informado/N�o Informado";0;"Condutor";"Ileso";NA;"Masculino";1;0;0;0;-1,06190085;-46,75442219;"SPRF-PA";"DEL01-PA";"UOP03-DEL01-PA"
744193;1667315;2025-10-28;"ter�a-feira";"09:30:00";"PA";308;204;"BRAGANCA";"N�o";"Faixas de tr�nsito com largura insuficiente";3;"Tombamento";"Com V�timas Feridas";"Pleno dia";"Decrescente";"C�u Claro";"Simples";"Ponte";"Sim";1328753;"Caminh�o";"N�o Informado/N�o Informado/N�o Informado";0;"Condutor";"N�o Informado";NA;"N�o Informado";0;0;0;0;-1,06190085;-46,75442219;"SPRF-PA";"DEL01-PA";"UOP03-DEL01-PA"
744193;1667316;2025-10-28;"ter�a-feira";"09:30:00";"PA";308;204;"BRAGANCA";"N�o";"Faixas de tr�nsito com largura insuficiente";3;"Tombamento";"Com V�timas Feridas";"Pleno dia";"Decrescente";"C�u Claro";"Simples";"Ponte";"Sim";1328754;"Motocicleta";"HONDA/CG 160 FAN/CG 160 FAN";2021;"Condutor";"Les�es Leves";NA;"Masculino";0;1;0;0;-1,06190085;-46,75442219;"SPRF-PA";"DEL01-PA";"UOP03-DEL01-PA"
744193;1667317;2025-10-28;"ter�a-feira";"09:30:00";"PA";308;204;"BRAGANCA";"N�o";"Faixas de tr�nsito com largura insuficiente";2;"Colis�o lateral sentido oposto";"Com V�timas Feridas";"Pleno dia";"Decrescente";"C�u Claro";"Simples";"Ponte";"Sim";1328755;"Caminhonete";"N�o Informado/N�o Informado/N�o Informado";0;"Condutor";"Ileso";NA;"Masculino";1;0;0;0;-1,06190085;-46,75442219;"SPRF-PA";"DEL01-PA";"UOP03-DEL01-PA"
744193;1667315;2025-10-28;"ter�a-feira";"09:30:00";"PA";308;204;"BRAGANCA";"N�o";"Faixas de tr�nsito com largura insuficiente";2;"Colis�o lateral sentido oposto";"Com V�timas Feridas";"Pleno dia";"Decrescente";"C�u Claro";"Simples";"Ponte";"Sim";1328753;"Caminh�o";"N�o Informado/N�o Informado/N�o Informado";0;"Condutor";"N�o Informado";NA;"N�o Informado";0;0;0;0;-1,06190085;-46,75442219;"SPRF-PA";"DEL01-PA";"UOP03-DEL01-PA"
744193;1667316;2025-10-28;"ter�a-feira";"09:30:00";"PA";308;204;"BRAGANCA";"N�o";"Faixas de tr�nsito com largura insuficiente";2;"Colis�o lateral sentido oposto";"Com V�timas Feridas";"Pleno dia";"Decrescente";"C�u Claro";"Simples";"Ponte";"Sim";1328754;"Motocicleta";"HONDA/CG 160 FAN/CG 160 FAN";2021;"Condutor";"Les�es Leves";NA;"Masculino";0;1;0;0;-1,06190085;-46,75442219;"SPRF-PA";"DEL01-PA";"UOP03-DEL01-PA"
744193;1667317;2025-10-28;"ter�a-feira";"09:30:00";"PA";308;204;"BRAGANCA";"Sim";"Acessar a via sem observar a presen�a dos outros ve�culos";1;"Colis�o com objeto";"Com V�timas Feridas";"Pleno dia";"Decrescente";"C�u Claro";"Simples";"Ponte";"Sim";1328755;"Caminhonete";"N�o Informado/N�o Informado/N�o Informado";0;"Condutor";"Ileso";NA;"Masculino";1;0;0;0;-1,06190085;-46,75442219;"SPRF-PA";"DEL01-PA";"UOP03-DEL01-PA"
744193;1667315;2025-10-28;"ter�a-feira";"09:30:00";"PA";308;204;"BRAGANCA";"Sim";"Acessar a via sem observar a presen�a dos outros ve�culos";1;"Colis�o com objeto";"Com V�timas Feridas";"Pleno dia";"Decrescente";"C�u Claro";"Simples";"Ponte";"Sim";1328753;"Caminh�o";"N�o Informado/N�o Informado/N�o Informado";0;"Condutor";"N�o Informado";NA;"N�o Informado";0;0;0;0;-1,06190085;-46,75442219;"SPRF-PA";"DEL01-PA";"UOP03-DEL01-PA"
744193;1667316;2025-10-28;"ter�a-feira";"09:30:00";"PA";308;204;"BRAGANCA";"Sim";"Acessar a via sem observar a presen�a dos outros ve�culos";1;"Colis�o com objeto";"Com V�timas Feridas";"Pleno dia";"Decrescente";"C�u Claro";"Simples";"Ponte";"Sim";1328754;"Motocicleta";"HONDA/CG 160 FAN/CG 160 FAN";2021;"Condutor";"Les�es Leves";NA;"Masculino";0;1;0;0;-1,06190085;-46,75442219;"SPRF-PA";"DEL01-PA";"UOP03-DEL01-PA"
744193;1667317;2025-10-28;"ter�a-feira";"09:30:00";"PA";308;204;"BRAGANCA";"Sim";"Acessar a via sem observar a presen�a dos outros ve�culos";4;"Queda de ocupante de ve�culo";"Com V�timas Feridas";"Pleno dia";"Decrescente";"C�u Claro";"Simples";"Ponte";"Sim";1328755;"Caminhonete";"N�o Informado/N�o Informado/N�o Informado";0;"Condutor";"Ileso";NA;"Masculino";1;0;0;0;-1,06190085;-46,75442219;"SPRF-PA";"DEL01-PA";"UOP03-DEL01-PA"
744193;1667315;2025-10-28;"ter�a-feira";"09:30:00";"PA";308;204;"BRAGANCA";"Sim";"Acessar a via sem observar a presen�a dos outros ve�culos";4;"Queda de ocupante de ve�culo";"Com V�timas Feridas";"Pleno dia";"Decrescente";"C�u Claro";"Simples";"Ponte";"Sim";1328753;"Caminh�o";"N�o Informado/N�o Informado/N�o Informado";0;"Condutor";"N�o Informado";NA;"N�o Informado";0;0;0;0;-1,06190085;-46,75442219;"SPRF-PA";"DEL01-PA";"UOP03-DEL01-PA"
744193;1667316;2025-10-28;"ter�a-feira";"09:30:00";"PA";308;204;"BRAGANCA";"Sim";"Acessar a via sem observar a presen�a dos outros ve�culos";4;"Queda de ocupante de ve�culo";"Com V�timas Feridas";"Pleno dia";"Decrescente";"C�u Claro";"Simples";"Ponte";"Sim";1328754;"Motocicleta";"HONDA/CG 160 FAN/CG 160 FAN";2021;"Condutor";"Les�es Leves";NA;"Masculino";0;1;0;0;-1,06190085;-46,75442219;"SPRF-PA";"DEL01-PA";"UOP03-DEL01-PA"
744193;1667317;2025-10-28;"ter�a-feira";"09:30:00";"PA";308;204;"BRAGANCA";"Sim";"Acessar a via sem observar a presen�a dos outros ve�culos";3;"Tombamento";"Com V�timas Feridas";"Pleno dia";"Decrescente";"C�u Claro";"Simples";"Ponte";"Sim";1328755;"Caminhonete";"N�o Informado/N�o Informado/N�o Informado";0;"Condutor";"Ileso";NA;"Masculino";1;0;0;0;-1,06190085;-46,75442219;"SPRF-PA";"DEL01-PA";"UOP03-DEL01-PA"
744193;1667315;2025-10-28;"ter�a-feira";"09:30:00";"PA";308;204;"BRAGANCA";"Sim";"Acessar a via sem observar a presen�a dos outros ve�culos";3;"Tombamento";"Com V�timas Feridas";"Pleno dia";"Decrescente";"C�u Claro";"Simples";"Ponte";"Sim";1328753;"Caminh�o";"N�o Informado/N�o Informado/N�o Informado";0;"Condutor";"N�o Informado";NA;"N�o Informado";0;0;0;0;-1,06190085;-46,75442219;"SPRF-PA";"DEL01-PA";"UOP03-DEL01-PA"
744193;1667316;2025-10-28;"ter�a-feira";"09:30:00";"PA";308;204;"BRAGANCA";"Sim";"Acessar a via sem observar a presen�a dos outros ve�culos";3;"Tombamento";"Com V�timas Feridas";"Pleno dia";"Decrescente";"C�u Claro";"Simples";"Ponte";"Sim";1328754;"Motocicleta";"HONDA/CG 160 FAN/CG 160 FAN";2021;"Condutor";"Les�es Leves";NA;"Masculino";0;1;0;0;-1,06190085;-46,75442219;"SPRF-PA";"DEL01-PA";"UOP03-DEL01-PA"
744193;1667317;2025-10-28;"ter�a-feira";"09:30:00";"PA";308;204;"BRAGANCA";"Sim";"Acessar a via sem observar a presen�a dos outros ve�culos";2;"Colis�o lateral sentido oposto";"Com V�timas Feridas";"Pleno dia";"Decrescente";"C�u Claro";"Simples";"Ponte";"Sim";1328755;"Caminhonete";"N�o Informado/N�o Informado/N�o Informado";0;"Condutor";"Ileso";NA;"Masculino";1;0;0;0;-1,06190085;-46,75442219;"SPRF-PA";"DEL01-PA";"UOP03-DEL01-PA"
744193;1667315;2025-10-28;"ter�a-feira";"09:30:00";"PA";308;204;"BRAGANCA";"Sim";"Acessar a via sem observar a presen�a dos outros ve�culos";2;"Colis�o lateral sentido oposto";"Com V�timas Feridas";"Pleno dia";"Decrescente";"C�u Claro";"Simples";"Ponte";"Sim";1328753;"Caminh�o";"N�o Informado/N�o Informado/N�o Informado";0;"Condutor";"N�o Informado";NA;"N�o Informado";0;0;0;0;-1,06190085;-46,75442219;"SPRF-PA";"DEL01-PA";"UOP03-DEL01-PA"
744193;1667316;2025-10-28;"ter�a-feira";"09:30:00";"PA";308;204;"BRAGANCA";"Sim";"Acessar a via sem observar a presen�a dos outros ve�culos";2;"Colis�o lateral sentido oposto";"Com V�timas Feridas";"Pleno dia";"Decrescente";"C�u Claro";"Simples";"Ponte";"Sim";1328754;"Motocicleta";"HONDA/CG 160 FAN/CG 160 FAN";2021;"Condutor";"Les�es Leves";NA;"Masculino";0;1;0;0;-1,06190085;-46,75442219;"SPRF-PA";"DEL01-PA";"UOP03-DEL01-PA"
744194;1667321;2025-09-07;"domingo";"05:20:00";"MG";40;361;"FELIXLANDIA";"Sim";"Aus�ncia de rea��o do condutor";3;"Tombamento";"Com V�timas Feridas";"Amanhecer";"Decrescente";"C�u Claro";"Simples";"Reta";"N�o";1328757;"Motocicleta";"HONDA/CB 300R/CB 300R";2012;"Condutor";"Les�es Leves";36;"Masculino";0;1;0;0;-18,757803;-44,8442551;"SPRF-MG";"DEL02-MG";"UOP01-DEL02-MG"
744194;1667320;2025-09-07;"domingo";"05:20:00";"MG";40;361;"FELIXLANDIA";"Sim";"Aus�ncia de rea��o do condutor";3;"Tombamento";"Com V�timas Feridas";"Amanhecer";"Decrescente";"C�u Claro";"Simples";"Reta";"N�o";1328756;"Caminhonete";"IMP/GM SILVERADO/GM SILVERADO";1993;"Condutor";"Ileso";75;"Masculino";1;0;0;0;-18,757803;-44,8442551;"SPRF-MG";"DEL02-MG";"UOP01-DEL02-MG"
744194;1667321;2025-09-07;"domingo";"05:20:00";"MG";40;361;"FELIXLANDIA";"Sim";"Aus�ncia de rea��o do condutor";2;"Sa�da de leito carro��vel";"Com V�timas Feridas";"Amanhecer";"Decrescente";"C�u Claro";"Simples";"Reta";"N�o";1328757;"Motocicleta";"HONDA/CB 300R/CB 300R";2012;"Condutor";"Les�es Leves";36;"Masculino";0;1;0;0;-18,757803;-44,8442551;"SPRF-MG";"DEL02-MG";"UOP01-DEL02-MG"
744194;1667320;2025-09-07;"domingo";"05:20:00";"MG";40;361;"FELIXLANDIA";"Sim";"Aus�ncia de rea��o do condutor";2;"Sa�da de leito carro��vel";"Com V�timas Feridas";"Amanhecer";"Decrescente";"C�u Claro";"Simples";"Reta";"N�o";1328756;"Caminhonete";"IMP/GM SILVERADO/GM SILVERADO";1993;"Condutor";"Ileso";75;"Masculino";1;0;0;0;-18,757803;-44,8442551;"SPRF-MG";"DEL02-MG";"UOP01-DEL02-MG"
744194;1667321;2025-09-07;"domingo";"05:20:00";"MG";40;361;"FELIXLANDIA";"Sim";"Aus�ncia de rea��o do condutor";1;"Colis�o lateral sentido oposto";"Com V�timas Feridas";"Amanhecer";"Decrescente";"C�u Claro";"Simples";"Reta";"N�o";1328757;"Motocicleta";"HONDA/CB 300R/CB 300R";2012;"Condutor";"Les�es Leves";36;"Masculino";0;1;0;0;-18,757803;-44,8442551;"SPRF-MG";"DEL02-MG";"UOP01-DEL02-MG"
744194;1667320;2025-09-07;"domingo";"05:20:00";"MG";40;361;"FELIXLANDIA";"Sim";"Aus�ncia de rea��o do condutor";1;"Colis�o lateral sentido oposto";"Com V�timas Feridas";"Amanhecer";"Decrescente";"C�u Claro";"Simples";"Reta";"N�o";1328756;"Caminhonete";"IMP/GM SILVERADO/GM SILVERADO";1993;"Condutor";"Ileso";75;"Masculino";1;0;0;0;-18,757803;-44,8442551;"SPRF-MG";"DEL02-MG";"UOP01-DEL02-MG"
744197;1667373;2025-11-13;"quinta-feira";"07:30:00";"SP";381;41;"ATIBAIA";"Sim";"Trafegar com motocicleta (ou similar) entre as faixas";3;"Queda de ocupante de ve�culo";"Com V�timas Feridas";"Amanhecer";"Decrescente";"Nublado";"Dupla";"Declive;Reta";"Sim";1328784;"Autom�vel";"CHEVROLET/ONIX 1.0MT LT/ONIX 1.0MT LT";0;"Condutor";"Ileso";NA;"Masculino";1;0;0;0;-23,13663766;-46,5758392;"SPRF-SP";"DEL03-SP";"UOP01-DEL03-SP"
744197;1667372;2025-11-13;"quinta-feira";"07:30:00";"SP";381;41;"ATIBAIA";"Sim";"Trafegar com motocicleta (ou similar) entre as faixas";3;"Queda de ocupante de ve�culo";"Com V�timas Feridas";"Amanhecer";"Decrescente";"Nublado";"Dupla";"Declive;Reta";"Sim";1328770;"Motocicleta";"YAMAHA/XTZ 250 LANDER/XTZ 250 LANDER";0;"Condutor";"Les�es Leves";NA;"Masculino";0;1;0;0;-23,13663766;-46,5758392;"SPRF-SP";"DEL03-SP";"UOP01-DEL03-SP"
744197;1667373;2025-11-13;"quinta-feira";"07:30:00";"SP";381;41;"ATIBAIA";"Sim";"Trafegar com motocicleta (ou similar) entre as faixas";2;"Tombamento";"Com V�timas Feridas";"Amanhecer";"Decrescente";"Nublado";"Dupla";"Declive;Reta";"Sim";1328784;"Autom�vel";"CHEVROLET/ONIX 1.0MT LT/ONIX 1.0MT LT";0;"Condutor";"Ileso";NA;"Masculino";1;0;0;0;-23,13663766;-46,5758392;"SPRF-SP";"DEL03-SP";"UOP01-DEL03-SP"
744197;1667372;2025-11-13;"quinta-feira";"07:30:00";"SP";381;41;"ATIBAIA";"Sim";"Trafegar com motocicleta (ou similar) entre as faixas";2;"Tombamento";"Com V�timas Feridas";"Amanhecer";"Decrescente";"Nublado";"Dupla";"Declive;Reta";"Sim";1328770;"Motocicleta";"YAMAHA/XTZ 250 LANDER/XTZ 250 LANDER";0;"Condutor";"Les�es Leves";NA;"Masculino";0;1;0;0;-23,13663766;-46,5758392;"SPRF-SP";"DEL03-SP";"UOP01-DEL03-SP"
744197;1667373;2025-11-13;"quinta-feira";"07:30:00";"SP";381;41;"ATIBAIA";"Sim";"Trafegar com motocicleta (ou similar) entre as faixas";1;"Colis�o traseira";"Com V�timas Feridas";"Amanhecer";"Decrescente";"Nublado";"Dupla";"Declive;Reta";"Sim";1328784;"Autom�vel";"CHEVROLET/ONIX 1.0MT LT/ONIX 1.0MT LT";0;"Condutor";"Ileso";NA;"Masculino";1;0;0;0;-23,13663766;-46,5758392;"SPRF-SP";"DEL03-SP";"UOP01-DEL03-SP"
744197;1667372;2025-11-13;"quinta-feira";"07:30:00";"SP";381;41;"ATIBAIA";"Sim";"Trafegar com motocicleta (ou similar) entre as faixas";1;"Colis�o traseira";"Com V�timas Feridas";"Amanhecer";"Decrescente";"Nublado";"Dupla";"Declive;Reta";"Sim";1328770;"Motocicleta";"YAMAHA/XTZ 250 LANDER/XTZ 250 LANDER";0;"Condutor";"Les�es Leves";NA;"Masculino";0;1;0;0;-23,13663766;-46,5758392;"SPRF-SP";"DEL03-SP";"UOP01-DEL03-SP"
744202;NA;2025-11-21;"sexta-feira";"00:50:00";"MG";381;486,5;"BETIM";"Sim";"Aus�ncia de rea��o do condutor";1;"Colis�o traseira";"Com V�timas Feridas";"Plena Noite";"Decrescente";"C�u Claro";"Dupla";"Interse��o de Vias;Reta";"N�o";1328769;"Semireboque";"SR/RANDON SRTQ IQ/RANDON SRTQ IQ";2013;NA;NA;NA;NA;NA;NA;NA;NA;-19,9558751;-44,10053635;"SPRF-MG";"DEL01-MG";"UOP03-DEL01-MG"
744202;NA;2025-11-21;"sexta-feira";"00:50:00";"MG";381;486,5;"BETIM";"Sim";"Aus�ncia de rea��o do condutor";1;"Colis�o traseira";"Com V�timas Feridas";"Plena Noite";"Decrescente";"C�u Claro";"Dupla";"Interse��o de Vias;Reta";"N�o";1328768;"Semireboque";"SR/RANDON SRTQ IQ/RANDON SRTQ IQ";2013;NA;NA;NA;NA;NA;NA;NA;NA;-19,9558751;-44,10053635;"SPRF-MG";"DEL01-MG";"UOP03-DEL01-MG"
744202;1667340;2025-11-21;"sexta-feira";"00:50:00";"MG";381;486,5;"BETIM";"Sim";"Aus�ncia de rea��o do condutor";1;"Colis�o traseira";"Com V�timas Feridas";"Plena Noite";"Decrescente";"C�u Claro";"Dupla";"Interse��o de Vias;Reta";"N�o";1328767;"Autom�vel";"VW/GOL ROCK IN RIO/GOL ROCK IN RIO";2011;"Condutor";"Les�es Leves";53;"Masculino";0;1;0;0;-19,9558751;-44,10053635;"SPRF-MG";"DEL01-MG";"UOP03-DEL01-MG"
744202;1667339;2025-11-21;"sexta-feira";"00:50:00";"MG";381;486,5;"BETIM";"Sim";"Aus�ncia de rea��o do condutor";1;"Colis�o traseira";"Com V�timas Feridas";"Plena Noite";"Decrescente";"C�u Claro";"Dupla";"Interse��o de Vias;Reta";"N�o";1328766;"Caminh�o-trator";"VOLVO/FH 540 6X4T/FH 540 6X4T";2025;"Condutor";"Ileso";47;"Masculino";1;0;0;0;-19,9558751;-44,10053635;"SPRF-MG";"DEL01-MG";"UOP03-DEL01-MG"
744204;1667356;2025-12-18;"quinta-feira";"19:24:00";"TO";153;496;"PARAISO DO TOCANTINS";"Sim";"Rea��o tardia ou ineficiente do condutor";4;"Queda de ocupante de ve�culo";"Com V�timas Feridas";"Plena Noite";"Crescente";"Chuva";"Simples";"Reta";"Sim";1328783;"Motocicleta";"HONDA/CG 150 FAN ESI/CG 150 FAN ESI";2012;"Condutor";"Les�es Leves";26;"Feminino";0;1;0;0;-10,166;-48,881;"SPRF-TO";"DEL01-TO";"UOP01-DEL01-TO"
744204;1667355;2025-12-18;"quinta-feira";"19:24:00";"TO";153;496;"PARAISO DO TOCANTINS";"Sim";"Rea��o tardia ou ineficiente do condutor";4;"Queda de ocupante de ve�culo";"Com V�timas Feridas";"Plena Noite";"Crescente";"Chuva";"Simples";"Reta";"Sim";1328783;"Motocicleta";"HONDA/CG 150 FAN ESI/CG 150 FAN ESI";2012;"Passageiro";"Les�es Leves";37;"Masculino";0;1;0;0;-10,166;-48,881;"SPRF-TO";"DEL01-TO";"UOP01-DEL01-TO"
744204;1667354;2025-12-18;"quinta-feira";"19:24:00";"TO";153;496;"PARAISO DO TOCANTINS";"Sim";"Rea��o tardia ou ineficiente do condutor";4;"Queda de ocupante de ve�culo";"Com V�timas Feridas";"Plena Noite";"Crescente";"Chuva";"Simples";"Reta";"Sim";1328782;"Autom�vel";"I/KIA CERATO FF SX3 ATNB/KIA CERATO FF SX3 ATNB";2014;"Condutor";"Ileso";62;"Masculino";1;0;0;0;-10,166;-48,881;"SPRF-TO";"DEL01-TO";"UOP01-DEL01-TO"
744204;1667353;2025-12-18;"quinta-feira";"19:24:00";"TO";153;496;"PARAISO DO TOCANTINS";"Sim";"Rea��o tardia ou ineficiente do condutor";4;"Queda de ocupante de ve�culo";"Com V�timas Feridas";"Plena Noite";"Crescente";"Chuva";"Simples";"Reta";"Sim";1328781;"Autom�vel";"VW/UP MOVE MA/UP MOVE MA";2014;"Condutor";"Ileso";28;"Feminino";1;0;0;0;-10,166;-48,881;"SPRF-TO";"DEL01-TO";"UOP01-DEL01-TO"
744204;1667356;2025-12-18;"quinta-feira";"19:24:00";"TO";153;496;"PARAISO DO TOCANTINS";"Sim";"Rea��o tardia ou ineficiente do condutor";3;"Tombamento";"Com V�timas Feridas";"Plena Noite";"Crescente";"Chuva";"Simples";"Reta";"Sim";1328783;"Motocicleta";"HONDA/CG 150 FAN ESI/CG 150 FAN ESI";2012;"Condutor";"Les�es Leves";26;"Feminino";0;1;0;0;-10,166;-48,881;"SPRF-TO";"DEL01-TO";"UOP01-DEL01-TO"
744204;1667355;2025-12-18;"quinta-feira";"19:24:00";"TO";153;496;"PARAISO DO TOCANTINS";"Sim";"Rea��o tardia ou ineficiente do condutor";3;"Tombamento";"Com V�timas Feridas";"Plena Noite";"Crescente";"Chuva";"Simples";"Reta";"Sim";1328783;"Motocicleta";"HONDA/CG 150 FAN ESI/CG 150 FAN ESI";2012;"Passageiro";"Les�es Leves";37;"Masculino";0;1;0;0;-10,166;-48,881;"SPRF-TO";"DEL01-TO";"UOP01-DEL01-TO"
744204;1667354;2025-12-18;"quinta-feira";"19:24:00";"TO";153;496;"PARAISO DO TOCANTINS";"Sim";"Rea��o tardia ou ineficiente do condutor";3;"Tombamento";"Com V�timas Feridas";"Plena Noite";"Crescente";"Chuva";"Simples";"Reta";"Sim";1328782;"Autom�vel";"I/KIA CERATO FF SX3 ATNB/KIA CERATO FF SX3 ATNB";2014;"Condutor";"Ileso";62;"Masculino";1;0;0;0;-10,166;-48,881;"SPRF-TO";"DEL01-TO";"UOP01-DEL01-TO"
744204;1667353;2025-12-18;"quinta-feira";"19:24:00";"TO";153;496;"PARAISO DO TOCANTINS";"Sim";"Rea��o tardia ou ineficiente do condutor";3;"Tombamento";"Com V�timas Feridas";"Plena Noite";"Crescente";"Chuva";"Simples";"Reta";"Sim";1328781;"Autom�vel";"VW/UP MOVE MA/UP MOVE MA";2014;"Condutor";"Ileso";28;"Feminino";1;0;0;0;-10,166;-48,881;"SPRF-TO";"DEL01-TO";"UOP01-DEL01-TO"
744204;1667356;2025-12-18;"quinta-feira";"19:24:00";"TO";153;496;"PARAISO DO TOCANTINS";"Sim";"Rea��o tardia ou ineficiente do condutor";2;"Colis�o frontal";"Com V�timas Feridas";"Plena Noite";"Crescente";"Chuva";"Simples";"Reta";"Sim";1328783;"Motocicleta";"HONDA/CG 150 FAN ESI/CG 150 FAN ESI";2012;"Condutor";"Les�es Leves";26;"Feminino";0;1;0;0;-10,166;-48,881;"SPRF-TO";"DEL01-TO";"UOP01-DEL01-TO"