"id";"pesid";"data_inversa";"dia_semana";"horario";"uf";"br";"km";"municipio";"causa_principal";"causa_acidente";"ordem_tipo_acidente";"tipo_acidente";"classificacao_acidente";"fase_dia";"sentido_via";"condicao_metereologica";"tipo_pista";"tracado_via";"uso_solo";"id_veiculo";"tipo_veiculo";"marca";"ano_fabricacao_veiculo";"tipo_envolvido";"estado_fisico";"idade";"sexo";"ilesos";"feridos_leves";"feridos_graves";"mortos";"latitude";"longitude";"regional";"delegacia";"uop"
744204;1667355;2025-12-18;"quinta-feira";"19:24:00";"TO";153;496;"PARAISO DO TOCANTINS";"Sim";"Rea��o tardia ou ineficiente do condutor";2;"Colis�o frontal";"Com V�timas Feridas";"Plena Noite";"Crescente";"Chuva";"Simples";"Reta";"Sim";1328783;"Motocicleta";"HONDA/CG 150 FAN ESI/CG 150 FAN ESI";2012;"Passageiro";"Les�es Leves";37;"Masculino";0;1;0;0;-10,166;-48,881;"SPRF-TO";"DEL01-TO";"UOP01-DEL01-TO"
744204;1667354;2025-12-18;"quinta-feira";"19:24:00";"TO";153;496;"PARAISO DO TOCANTINS";"Sim";"Rea��o tardia ou ineficiente do condutor";2;"Colis�o frontal";"Com V�timas Feridas";"Plena Noite";"Crescente";"Chuva";"Simples";"Reta";"Sim";1328782;"Autom�vel";"I/KIA CERATO FF SX3 ATNB/KIA CERATO FF SX3 ATNB";2014;"Condutor";"Ileso";62;"Masculino";1;0;0;0;-10,166;-48,881;"SPRF-TO";"DEL01-TO";"UOP01-DEL01-TO"
744204;1667353;2025-12-18;"quinta-feira";"19:24:00";"TO";153;496;"PARAISO DO TOCANTINS";"Sim";"Rea��o tardia ou ineficiente do condutor";2;"Colis�o frontal";"Com V�timas Feridas";"Plena Noite";"Crescente";"Chuva";"Simples";"Reta";"Sim";1328781;"Autom�vel";"VW/UP MOVE MA/UP MOVE MA";2014;"Condutor";"Ileso";28;"Feminino";1;0;0;0;-10,166;-48,881;"SPRF-TO";"DEL01-TO";"UOP01-DEL01-TO"
744204;1667356;2025-12-18;"quinta-feira";"19:24:00";"TO";153;496;"PARAISO DO TOCANTINS";"Sim";"Rea��o tardia ou ineficiente do condutor";1;"Colis�o traseira";"Com V�timas Feridas";"Plena Noite";"Crescente";"Chuva";"Simples";"Reta";"Sim";1328783;"Motocicleta";"HONDA/CG 150 FAN ESI/CG 150 FAN ESI";2012;"Condutor";"Les�es Leves";26;"Feminino";0;1;0;0;-10,166;-48,881;"SPRF-TO";"DEL01-TO";"UOP01-DEL01-TO"
744204;1667355;2025-12-18;"quinta-feira";"19:24:00";"TO";153;496;"PARAISO DO TOCANTINS";"Sim";"Rea��o tardia ou ineficiente do condutor";1;"Colis�o traseira";"Com V�timas Feridas";"Plena Noite";"Crescente";"Chuva";"Simples";"Reta";"Sim";1328783;"Motocicleta";"HONDA/CG 150 FAN ESI/CG 150 FAN ESI";2012;"Passageiro";"Les�es Leves";37;"Masculino";0;1;0;0;-10,166;-48,881;"SPRF-TO";"DEL01-TO";"UOP01-DEL01-TO"
744204;1667354;2025-12-18;"quinta-feira";"19:24:00";"TO";153;496;"PARAISO DO TOCANTINS";"Sim";"Rea��o tardia ou ineficiente do condutor";1;"Colis�o traseira";"Com V�timas Feridas";"Plena Noite";"Crescente";"Chuva";"Simples";"Reta";"Sim";1328782;"Autom�vel";"I/KIA CERATO FF SX3 ATNB/KIA CERATO FF SX3 ATNB";2014;"Condutor";"Ileso";62;"Masculino";1;0;0;0;-10,166;-48,881;"SPRF-TO";"DEL01-TO";"UOP01-DEL01-TO"
744204;1667353;2025-12-18;"quinta-feira";"19:24:00";"TO";153;496;"PARAISO DO TOCANTINS";"Sim";"Rea��o tardia ou ineficiente do condutor";1;"Colis�o traseira";"Com V�timas Feridas";"Plena Noite";"Crescente";"Chuva";"Simples";"Reta";"Sim";1328781;"Autom�vel";"VW/UP MOVE MA/UP MOVE MA";2014;"Condutor";"Ileso";28;"Feminino";1;0;0;0;-10,166;-48,881;"SPRF-TO";"DEL01-TO";"UOP01-DEL01-TO"
744209;1667376;2025-11-01;"s�bado";"04:20:00";"MG";262;348;"BETIM";"Sim";"Aus�ncia de rea��o do condutor";1;"Colis�o traseira";"Com V�timas Feridas";"Plena Noite";"Decrescente";"C�u Claro";"Dupla";"Reta";"N�o";1328788;"�nibus";"MBENZ/MPOLO VIAGGIO R/MPOLO VIAGGIO R";2021;"Condutor";"Les�es Leves";37;"Masculino";0;1;0;0;-19,98519552;-44,20526918;"SPRF-MG";"DEL01-MG";"UOP03-DEL01-MG"
744209;1667375;2025-11-01;"s�bado";"04:20:00";"MG";262;348;"BETIM";"Sim";"Aus�ncia de rea��o do condutor";1;"Colis�o traseira";"Com V�timas Feridas";"Plena Noite";"Decrescente";"C�u Claro";"Dupla";"Reta";"N�o";1328787;"Autom�vel";"FIAT/SIENA ELX FLEX/SIENA ELX FLEX";2006;"Condutor";"Ileso";27;"Masculino";1;0;0;0;-19,98519552;-44,20526918;"SPRF-MG";"DEL01-MG";"UOP03-DEL01-MG"
744209;1667374;2025-11-01;"s�bado";"04:20:00";"MG";262;348;"BETIM";"Sim";"Aus�ncia de rea��o do condutor";1;"Colis�o traseira";"Com V�timas Feridas";"Plena Noite";"Decrescente";"C�u Claro";"Dupla";"Reta";"N�o";1328786;"Caminh�o";"M.BENZ/L 1620/L 1620";2007;"Condutor";"Ileso";32;"Masculino";1;0;0;0;-19,98519552;-44,20526918;"SPRF-MG";"DEL01-MG";"UOP03-DEL01-MG"
744227;NA;2025-11-28;"sexta-feira";"14:51:00";"PA";163;653;"ITAITUBA";"Sim";"Acostamento em desn�vel";1;"Tombamento";"Sem V�timas";"Pleno dia";"Crescente";"C�u Claro";"Simples";"Aclive;Curva";"N�o";1328838;"Semireboque";"SR/LIBRELATO SRCA 2E/LIBRELATO SRCA 2E";2021;NA;NA;NA;NA;NA;NA;NA;NA;-4,5092;-55,8641;"SPRF-PA";"DEL05-PA";"UOP02-DEL05-PA"
744227;NA;2025-11-28;"sexta-feira";"14:51:00";"PA";163;653;"ITAITUBA";"Sim";"Acostamento em desn�vel";1;"Tombamento";"Sem V�timas";"Pleno dia";"Crescente";"C�u Claro";"Simples";"Aclive;Curva";"N�o";1328835;"Reboque";"R/LIBRELATO DLCBQRI2 2E/LIBRELATO DLCBQRI2 2E";2021;NA;NA;NA;NA;NA;NA;NA;NA;-4,5092;-55,8641;"SPRF-PA";"DEL05-PA";"UOP02-DEL05-PA"
744227;NA;2025-11-28;"sexta-feira";"14:51:00";"PA";163;653;"ITAITUBA";"Sim";"Acostamento em desn�vel";1;"Tombamento";"Sem V�timas";"Pleno dia";"Crescente";"C�u Claro";"Simples";"Aclive;Curva";"N�o";1328834;"Semireboque";"SR/LIBRELATO RDCACD 2E/LIBRELATO RDCACD 2E";2021;NA;NA;NA;NA;NA;NA;NA;NA;-4,5092;-55,8641;"SPRF-PA";"DEL05-PA";"UOP02-DEL05-PA"
744227;1667462;2025-11-28;"sexta-feira";"14:51:00";"PA";163;653;"ITAITUBA";"Sim";"Acostamento em desn�vel";1;"Tombamento";"Sem V�timas";"Pleno dia";"Crescente";"C�u Claro";"Simples";"Aclive;Curva";"N�o";1328833;"Caminh�o-trator";"SCANIA/R500 A6X4/R500 A6X4";2020;"Condutor";"Ileso";NA;"Masculino";1;0;0;0;-4,5092;-55,8641;"SPRF-PA";"DEL05-PA";"UOP02-DEL05-PA"
744227;1667465;2025-11-28;"sexta-feira";"14:51:00";"PA";163;653;"ITAITUBA";"Sim";"Acostamento em desn�vel";1;"Tombamento";"Sem V�timas";"Pleno dia";"Crescente";"C�u Claro";"Simples";"Aclive;Curva";"N�o";NA;NA;"NA/NA/NA";NA;"Pedestre";"N�o Informado";NA;"N�o Informado";0;0;0;0;-4,5092;-55,8641;"SPRF-PA";"DEL05-PA";"UOP02-DEL05-PA"
744282;1667570;2025-12-30;"ter�a-feira";"19:00:00";"SC";282;3;"FLORIANOPOLIS";"Sim";"Aus�ncia de rea��o do condutor";1;"Queda de ocupante de ve�culo";"Com V�timas Feridas";"Anoitecer";"Crescente";"Garoa/Chuvisco";"M�ltipla";"Reta";"Sim";1328934;"Motocicleta";"YAMAHA/MT03 ABS/MT03 ABS";2024;"Condutor";"Les�es Leves";24;"Masculino";0;1;0;0;-27,59938534;-48,60022254;"SPRF-SC";"DEL01-SC";"UOP01-DEL01-SC"
744282;1667569;2025-12-30;"ter�a-feira";"19:00:00";"SC";282;3;"FLORIANOPOLIS";"Sim";"Aus�ncia de rea��o do condutor";1;"Queda de ocupante de ve�culo";"Com V�timas Feridas";"Anoitecer";"Crescente";"Garoa/Chuvisco";"M�ltipla";"Reta";"Sim";1328933;"Autom�vel";"VW/POLO HL AB/POLO HL AB";2024;"Condutor";"Ileso";26;"Masculino";1;0;0;0;-27,59938534;-48,60022254;"SPRF-SC";"DEL01-SC";"UOP01-DEL01-SC"
744328;1667740;2025-12-12;"sexta-feira";"09:15:00";"MG";381;787;"SAO GONCALO DO SAPUCAI";"Sim";"Manobra de mudan�a de faixa";1;"Colis�o lateral mesmo sentido";"Sem V�timas";"Pleno dia";"Crescente";"Sol";"Dupla";"Reta";"N�o";1329058;"Caminh�o";"N�o Informado/N�o Informado/N�o Informado";0;"Condutor";"N�o Informado";NA;"N�o Informado";0;0;0;0;-21,85787;-45,5239466;"SPRF-MG";"DEL16-MG";"UOP02-DEL16-MG"
744328;1667697;2025-12-12;"sexta-feira";"09:15:00";"MG";381;787;"SAO GONCALO DO SAPUCAI";"Sim";"Manobra de mudan�a de faixa";1;"Colis�o lateral mesmo sentido";"Sem V�timas";"Pleno dia";"Crescente";"Sol";"Dupla";"Reta";"N�o";1329025;"Utilit�rio";"CHEV/TRAILBLAZER LT D4A/TRAILBLAZER LT D4A";2023;"Condutor";"Ileso";52;"Masculino";1;0;0;0;-21,85787;-45,5239466;"SPRF-MG";"DEL16-MG";"UOP02-DEL16-MG"
744328;1667698;2025-12-12;"sexta-feira";"09:15:00";"MG";381;787;"SAO GONCALO DO SAPUCAI";"Sim";"Manobra de mudan�a de faixa";1;"Colis�o lateral mesmo sentido";"Sem V�timas";"Pleno dia";"Crescente";"Sol";"Dupla";"Reta";"N�o";1329025;"Utilit�rio";"CHEV/TRAILBLAZER LT D4A/TRAILBLAZER LT D4A";2023;"Passageiro";"Ileso";44;"Masculino";1;0;0;0;-21,85787;-45,5239466;"SPRF-MG";"DEL16-MG";"UOP02-DEL16-MG"
744339;1667709;2025-09-22;"segunda-feira";"20:30:00";"MG";153;22;"CENTRALINA";"Sim";"Rea��o tardia ou ineficiente do condutor";1;"Colis�o traseira";"Com V�timas Feridas";"Plena Noite";"Crescente";"Garoa/Chuvisco";"Dupla";"Reta";"N�o";1329037;"Caminh�o-trator";"DAF/XF FTT 530/XF FTT 530";2021;"Condutor";"Ileso";45;"Masculino";1;0;0;0;-18,6120796;-49,1915648;"SPRF-MG";"DEL15-MG";"UOP03-DEL15-MG"
744339;1667708;2025-09-22;"segunda-feira";"20:30:00";"MG";153;22;"CENTRALINA";"Sim";"Rea��o tardia ou ineficiente do condutor";1;"Colis�o traseira";"Com V�timas Feridas";"Plena Noite";"Crescente";"Garoa/Chuvisco";"Dupla";"Reta";"N�o";1329036;"Caminh�o-trator";"SCANIA/R450 A6X2/R450 A6X2";2021;"Condutor";"Les�es Leves";54;"Masculino";0;1;0;0;-18,6120796;-49,1915648;"SPRF-MG";"DEL15-MG";"UOP03-DEL15-MG"
744340;1667711;2025-12-07;"domingo";"09:45:00";"PB";101;101;"ALHANDRA";"Sim";"Rea��o tardia ou ineficiente do condutor";4;"Sa�da de leito carro��vel";"Com V�timas Feridas";"Pleno dia";"Crescente";"C�u Claro";"Dupla";"Reta";"Sim";1329039;"Motocicleta";"KAWASAKI/NINJA ZX-6R/NINJA ZX-6R";2025;"Condutor";"Les�es Graves";35;"Masculino";0;0;1;0;-7,27716541;-34,93871212;"SPRF-PB";"DEL01-PB";"UOP01-DEL01-PB"
744340;1667713;2025-12-07;"domingo";"09:45:00";"PB";101;101;"ALHANDRA";"Sim";"Rea��o tardia ou ineficiente do condutor";4;"Sa�da de leito carro��vel";"Com V�timas Feridas";"Pleno dia";"Crescente";"C�u Claro";"Dupla";"Reta";"Sim";1329038;"Motocicleta";"YAMAHA/YBR125 FACTOR K1/YBR125 FACTOR K1";2013;"Condutor";"Les�es Leves";37;"Feminino";0;1;0;0;-7,27716541;-34,93871212;"SPRF-PB";"DEL01-PB";"UOP01-DEL01-PB"
744340;1667710;2025-12-07;"domingo";"09:45:00";"PB";101;101;"ALHANDRA";"Sim";"Rea��o tardia ou ineficiente do condutor";4;"Sa�da de leito carro��vel";"Com V�timas Feridas";"Pleno dia";"Crescente";"C�u Claro";"Dupla";"Reta";"Sim";1329038;"Motocicleta";"YAMAHA/YBR125 FACTOR K1/YBR125 FACTOR K1";2013;"Passageiro";"Les�es Leves";17;"Feminino";0;1;0;0;-7,27716541;-34,93871212;"SPRF-PB";"DEL01-PB";"UOP01-DEL01-PB"
744340;1667712;2025-12-07;"domingo";"09:45:00";"PB";101;101;"ALHANDRA";"Sim";"Rea��o tardia ou ineficiente do condutor";4;"Sa�da de leito carro��vel";"Com V�timas Feridas";"Pleno dia";"Crescente";"C�u Claro";"Dupla";"Reta";"Sim";NA;NA;"NA/NA/NA";NA;"Testemunha";"N�o Informado";NA;"N�o Informado";0;0;0;0;-7,27716541;-34,93871212;"SPRF-PB";"DEL01-PB";"UOP01-DEL01-PB"
744340;1667711;2025-12-07;"domingo";"09:45:00";"PB";101;101;"ALHANDRA";"Sim";"Rea��o tardia ou ineficiente do condutor";3;"Queda de ocupante de ve�culo";"Com V�timas Feridas";"Pleno dia";"Crescente";"C�u Claro";"Dupla";"Reta";"Sim";1329039;"Motocicleta";"KAWASAKI/NINJA ZX-6R/NINJA ZX-6R";2025;"Condutor";"Les�es Graves";35;"Masculino";0;0;1;0;-7,27716541;-34,93871212;"SPRF-PB";"DEL01-PB";"UOP01-DEL01-PB"
744340;1667713;2025-12-07;"domingo";"09:45:00";"PB";101;101;"ALHANDRA";"Sim";"Rea��o tardia ou ineficiente do condutor";3;"Queda de ocupante de ve�culo";"Com V�timas Feridas";"Pleno dia";"Crescente";"C�u Claro";"Dupla";"Reta";"Sim";1329038;"Motocicleta";"YAMAHA/YBR125 FACTOR K1/YBR125 FACTOR K1";2013;"Condutor";"Les�es Leves";37;"Feminino";0;1;0;0;-7,27716541;-34,93871212;"SPRF-PB";"DEL01-PB";"UOP01-DEL01-PB"
744340;1667710;2025-12-07;"domingo";"09:45:00";"PB";101;101;"ALHANDRA";"Sim";"Rea��o tardia ou ineficiente do condutor";3;"Queda de ocupante de ve�culo";"Com V�timas Feridas";"Pleno dia";"Crescente";"C�u Claro";"Dupla";"Reta";"Sim";1329038;"Motocicleta";"YAMAHA/YBR125 FACTOR K1/YBR125 FACTOR K1";2013;"Passageiro";"Les�es Leves";17;"Feminino";0;1;0;0;-7,27716541;-34,93871212;"SPRF-PB";"DEL01-PB";"UOP01-DEL01-PB"
744340;1667712;2025-12-07;"domingo";"09:45:00";"PB";101;101;"ALHANDRA";"Sim";"Rea��o tardia ou ineficiente do condutor";3;"Queda de ocupante de ve�culo";"Com V�timas Feridas";"Pleno dia";"Crescente";"C�u Claro";"Dupla";"Reta";"Sim";NA;NA;"NA/NA/NA";NA;"Testemunha";"N�o Informado";NA;"N�o Informado";0;0;0;0;-7,27716541;-34,93871212;"SPRF-PB";"DEL01-PB";"UOP01-DEL01-PB"
744340;1667711;2025-12-07;"domingo";"09:45:00";"PB";101;101;"ALHANDRA";"Sim";"Rea��o tardia ou ineficiente do condutor";2;"Tombamento";"Com V�timas Feridas";"Pleno dia";"Crescente";"C�u Claro";"Dupla";"Reta";"Sim";1329039;"Motocicleta";"KAWASAKI/NINJA ZX-6R/NINJA ZX-6R";2025;"Condutor";"Les�es Graves";35;"Masculino";0;0;1;0;-7,27716541;-34,93871212;"SPRF-PB";"DEL01-PB";"UOP01-DEL01-PB"
744340;1667713;2025-12-07;"domingo";"09:45:00";"PB";101;101;"ALHANDRA";"Sim";"Rea��o tardia ou ineficiente do condutor";2;"Tombamento";"Com V�timas Feridas";"Pleno dia";"Crescente";"C�u Claro";"Dupla";"Reta";"Sim";1329038;"Motocicleta";"YAMAHA/YBR125 FACTOR K1/YBR125 FACTOR K1";2013;"Condutor";"Les�es Leves";37;"Feminino";0;1;0;0;-7,27716541;-34,93871212;"SPRF-PB";"DEL01-PB";"UOP01-DEL01-PB"
744340;1667710;2025-12-07;"domingo";"09:45:00";"PB";101;101;"ALHANDRA";"Sim";"Rea��o tardia ou ineficiente do condutor";2;"Tombamento";"Com V�timas Feridas";"Pleno dia";"Crescente";"C�u Claro";"Dupla";"Reta";"Sim";1329038;"Motocicleta";"YAMAHA/YBR125 FACTOR K1/YBR125 FACTOR K1";2013;"Passageiro";"Les�es Leves";17;"Feminino";0;1;0;0;-7,27716541;-34,93871212;"SPRF-PB";"DEL01-PB";"UOP01-DEL01-PB"
744340;1667712;2025-12-07;"domingo";"09:45:00";"PB";101;101;"ALHANDRA";"Sim";"Rea��o tardia ou ineficiente do condutor";2;"Tombamento";"Com V�timas Feridas";"Pleno dia";"Crescente";"C�u Claro";"Dupla";"Reta";"Sim";NA;NA;"NA/NA/NA";NA;"Testemunha";"N�o Informado";NA;"N�o Informado";0;0;0;0;-7,27716541;-34,93871212;"SPRF-PB";"DEL01-PB";"UOP01-DEL01-PB"
744340;1667711;2025-12-07;"domingo";"09:45:00";"PB";101;101;"ALHANDRA";"Sim";"Rea��o tardia ou ineficiente do condutor";1;"Colis�o lateral mesmo sentido";"Com V�timas Feridas";"Pleno dia";"Crescente";"C�u Claro";"Dupla";"Reta";"Sim";1329039;"Motocicleta";"KAWASAKI/NINJA ZX-6R/NINJA ZX-6R";2025;"Condutor";"Les�es Graves";35;"Masculino";0;0;1;0;-7,27716541;-34,93871212;"SPRF-PB";"DEL01-PB";"UOP01-DEL01-PB"
744340;1667713;2025-12-07;"domingo";"09:45:00";"PB";101;101;"ALHANDRA";"Sim";"Rea��o tardia ou ineficiente do condutor";1;"Colis�o lateral mesmo sentido";"Com V�timas Feridas";"Pleno dia";"Crescente";"C�u Claro";"Dupla";"Reta";"Sim";1329038;"Motocicleta";"YAMAHA/YBR125 FACTOR K1/YBR125 FACTOR K1";2013;"Condutor";"Les�es Leves";37;"Feminino";0;1;0;0;-7,27716541;-34,93871212;"SPRF-PB";"DEL01-PB";"UOP01-DEL01-PB"
744340;1667710;2025-12-07;"domingo";"09:45:00";"PB";101;101;"ALHANDRA";"Sim";"Rea��o tardia ou ineficiente do condutor";1;"Colis�o lateral mesmo sentido";"Com V�timas Feridas";"Pleno dia";"Crescente";"C�u Claro";"Dupla";"Reta";"Sim";1329038;"Motocicleta";"YAMAHA/YBR125 FACTOR K1/YBR125 FACTOR K1";2013;"Passageiro";"Les�es Leves";17;"Feminino";0;1;0;0;-7,27716541;-34,93871212;"SPRF-PB";"DEL01-PB";"UOP01-DEL01-PB"
744340;1667712;2025-12-07;"domingo";"09:45:00";"PB";101;101;"ALHANDRA";"Sim";"Rea��o tardia ou ineficiente do condutor";1;"Colis�o lateral mesmo sentido";"Com V�timas Feridas";"Pleno dia";"Crescente";"C�u Claro";"Dupla";"Reta";"Sim";NA;NA;"NA/NA/NA";NA;"Testemunha";"N�o Informado";NA;"N�o Informado";0;0;0;0;-7,27716541;-34,93871212;"SPRF-PB";"DEL01-PB";"UOP01-DEL01-PB"
744353;NA;2025-12-19;"sexta-feira";"17:12:00";"RO";429;26;"PRESIDENTE MEDICI";"Sim";"Rea��o tardia ou ineficiente do condutor";2;"Colis�o com objeto";"Com V�timas Feridas";"Anoitecer";"Decrescente";"C�u Claro";"Simples";"Curva";"N�o";1329060;"Semireboque";"SR/VILACOS SR2ECB/VILACOS SR2ECB";2009;NA;NA;NA;NA;NA;NA;NA;NA;-11,22605647;-62,12905884;"SPRF-RO";"DEL02-RO";"UOP03-DEL02-RO"
744353;1667741;2025-12-19;"sexta-feira";"17:12:00";"RO";429;26;"PRESIDENTE MEDICI";"Sim";"Rea��o tardia ou ineficiente do condutor";2;"Colis�o com objeto";"Com V�timas Feridas";"Anoitecer";"Decrescente";"C�u Claro";"Simples";"Curva";"N�o";1329059;"Caminh�o-trator";"VOLVO/FH 540 6X4T/FH 540 6X4T";2025;"Condutor";"Les�es Leves";30;"Masculino";0;1;0;0;-11,22605647;-62,12905884;"SPRF-RO";"DEL02-RO";"UOP03-DEL02-RO"
744353;NA;2025-12-19;"sexta-feira";"17:12:00";"RO";429;26;"PRESIDENTE MEDICI";"Sim";"Rea��o tardia ou ineficiente do condutor";1;"Tombamento";"Com V�timas Feridas";"Anoitecer";"Decrescente";"C�u Claro";"Simples";"Curva";"N�o";1329060;"Semireboque";"SR/VILACOS SR2ECB/VILACOS SR2ECB";2009;NA;NA;NA;NA;NA;NA;NA;NA;-11,22605647;-62,12905884;"SPRF-RO";"DEL02-RO";"UOP03-DEL02-RO"
744353;1667741;2025-12-19;"sexta-feira";"17:12:00";"RO";429;26;"PRESIDENTE MEDICI";"Sim";"Rea��o tardia ou ineficiente do condutor";1;"Tombamento";"Com V�timas Feridas";"Anoitecer";"Decrescente";"C�u Claro";"Simples";"Curva";"N�o";1329059;"Caminh�o-trator";"VOLVO/FH 540 6X4T/FH 540 6X4T";2025;"Condutor";"Les�es Leves";30;"Masculino";0;1;0;0;-11,22605647;-62,12905884;"SPRF-RO";"DEL02-RO";"UOP03-DEL02-RO"
744353;NA;2025-12-19;"sexta-feira";"17:12:00";"RO";429;26;"PRESIDENTE MEDICI";"N�o";"Aus�ncia de sinaliza��o";2;"Colis�o com objeto";"Com V�timas Feridas";"Anoitecer";"Decrescente";"C�u Claro";"Simples";"Curva";"N�o";1329060;"Semireboque";"SR/VILACOS SR2ECB/VILACOS SR2ECB";2009;NA;NA;NA;NA;NA;NA;NA;NA;-11,22605647;-62,12905884;"SPRF-RO";"DEL02-RO";"UOP03-DEL02-RO"
744353;1667741;2025-12-19;"sexta-feira";"17:12:00";"RO";429;26;"PRESIDENTE MEDICI";"N�o";"Aus�ncia de sinaliza��o";2;"Colis�o com objeto";"Com V�timas Feridas";"Anoitecer";"Decrescente";"C�u Claro";"Simples";"Curva";"N�o";1329059;"Caminh�o-trator";"VOLVO/FH 540 6X4T/FH 540 6X4T";2025;"Condutor";"Les�es Leves";30;"Masculino";0;1;0;0;-11,22605647;-62,12905884;"SPRF-RO";"DEL02-RO";"UOP03-DEL02-RO"
744353;NA;2025-12-19;"sexta-feira";"17:12:00";"RO";429;26;"PRESIDENTE MEDICI";"N�o";"Aus�ncia de sinaliza��o";1;"Tombamento";"Com V�timas Feridas";"Anoitecer";"Decrescente";"C�u Claro";"Simples";"Curva";"N�o";1329060;"Semireboque";"SR/VILACOS SR2ECB/VILACOS SR2ECB";2009;NA;NA;NA;NA;NA;NA;NA;NA;-11,22605647;-62,12905884;"SPRF-RO";"DEL02-RO";"UOP03-DEL02-RO"
744353;1667741;2025-12-19;"sexta-feira";"17:12:00";"RO";429;26;"PRESIDENTE MEDICI";"N�o";"Aus�ncia de sinaliza��o";1;"Tombamento";"Com V�timas Feridas";"Anoitecer";"Decrescente";"C�u Claro";"Simples";"Curva";"N�o";1329059;"Caminh�o-trator";"VOLVO/FH 540 6X4T/FH 540 6X4T";2025;"Condutor";"Les�es Leves";30;"Masculino";0;1;0;0;-11,22605647;-62,12905884;"SPRF-RO";"DEL02-RO";"UOP03-DEL02-RO"
744375;NA;2025-08-30;"s�bado";"01:10:00";"BA";116;887;"CANDIDO SALES";"Sim";"Rea��o tardia ou ineficiente do condutor";3;"Derramamento de carga";"Com V�timas Feridas";"Plena Noite";"Crescente";"Ignorado";"Simples";"Reta";"N�o";1329089;"Semireboque";"SR/RANDON SR CA/RANDON SR CA";2010;NA;NA;NA;NA;NA;NA;NA;NA;-15,3495;-41,1676;"SPRF-BA";"DEL08-BA";"UOP03-DEL08-BA"
744375;1667780;2025-08-30;"s�bado";"01:10:00";"BA";116;887;"CANDIDO SALES";"Sim";"Rea��o tardia ou ineficiente do condutor";3;"Derramamento de carga";"Com V�timas Feridas";"Plena Noite";"Crescente";"Ignorado";"Simples";"Reta";"N�o";1329088;"Caminh�o-trator";"SCANIA/P 360 A6X2/P 360 A6X2";2016;"Condutor";"Les�es Graves";42;"Masculino";0;0;1;0;-15,3495;-41,1676;"SPRF-BA";"DEL08-BA";"UOP03-DEL08-BA"
744375;NA;2025-08-30;"s�bado";"01:10:00";"BA";116;887;"CANDIDO SALES";"Sim";"Rea��o tardia ou ineficiente do condutor";2;"Sa�da de leito carro��vel";"Com V�timas Feridas";"Plena Noite";"Crescente";"Ignorado";"Simples";"Reta";"N�o";1329089;"Semireboque";"SR/RANDON SR CA/RANDON SR CA";2010;NA;NA;NA;NA;NA;NA;NA;NA;-15,3495;-41,1676;"SPRF-BA";"DEL08-BA";"UOP03-DEL08-BA"
744375;1667780;2025-08-30;"s�bado";"01:10:00";"BA";116;887;"CANDIDO SALES";"Sim";"Rea��o tardia ou ineficiente do condutor";2;"Sa�da de leito carro��vel";"Com V�timas Feridas";"Plena Noite";"Crescente";"Ignorado";"Simples";"Reta";"N�o";1329088;"Caminh�o-trator";"SCANIA/P 360 A6X2/P 360 A6X2";2016;"Condutor";"Les�es Graves";42;"Masculino";0;0;1;0;-15,3495;-41,1676;"SPRF-BA";"DEL08-BA";"UOP03-DEL08-BA"
744375;NA;2025-08-30;"s�bado";"01:10:00";"BA";116;887;"CANDIDO SALES";"Sim";"Rea��o tardia ou ineficiente do condutor";1;"Tombamento";"Com V�timas Feridas";"Plena Noite";"Crescente";"Ignorado";"Simples";"Reta";"N�o";1329089;"Semireboque";"SR/RANDON SR CA/RANDON SR CA";2010;NA;NA;NA;NA;NA;NA;NA;NA;-15,3495;-41,1676;"SPRF-BA";"DEL08-BA";"UOP03-DEL08-BA"
744375;1667780;2025-08-30;"s�bado";"01:10:00";"BA";116;887;"CANDIDO SALES";"Sim";"Rea��o tardia ou ineficiente do condutor";1;"Tombamento";"Com V�timas Feridas";"Plena Noite";"Crescente";"Ignorado";"Simples";"Reta";"N�o";1329088;"Caminh�o-trator";"SCANIA/P 360 A6X2/P 360 A6X2";2016;"Condutor";"Les�es Graves";42;"Masculino";0;0;1;0;-15,3495;-41,1676;"SPRF-BA";"DEL08-BA";"UOP03-DEL08-BA"
744400;1670364;2025-11-28;"sexta-feira";"19:14:00";"PE";428;190;"PETROLINA";"Sim";"Rea��o tardia ou ineficiente do condutor";2;"Tombamento";"Com V�timas Feridas";"Plena Noite";"Crescente";"Ignorado";"M�ltipla";"Reta";"Sim";1330745;"Motocicleta";"HONDA/XRE 300 SAHARA ADV/XRE 300 SAHARA ADV";0;"Condutor";"Les�es Leves";NA;"Masculino";0;1;0;0;-9,37786515;-40,50503679;"SPRF-PE";"DEL06-PE";"UOP01-DEL06-PE"
744400;1670364;2025-11-28;"sexta-feira";"19:14:00";"PE";428;190;"PETROLINA";"Sim";"Rea��o tardia ou ineficiente do condutor";1;"Queda de ocupante de ve�culo";"Com V�timas Feridas";"Plena Noite";"Crescente";"Ignorado";"M�ltipla";"Reta";"Sim";1330745;"Motocicleta";"HONDA/XRE 300 SAHARA ADV/XRE 300 SAHARA ADV";0;"Condutor";"Les�es Leves";NA;"Masculino";0;1;0;0;-9,37786515;-40,50503679;"SPRF-PE";"DEL06-PE";"UOP01-DEL06-PE"
744407;NA;2025-12-23;"ter�a-feira";"15:20:00";"TO";153;733;"FIGUEIROPOLIS";"N�o";"Condutor deixou de manter dist�ncia do ve�culo da frente";2;"Queda de ocupante de ve�culo";"Com V�timas Feridas";"Pleno dia";"Crescente";"Sol";"Simples";"Reta";"N�o";1329172;"Semireboque";"SR/FACCHINI SRF 2CF/FACCHINI SRF 2CF";2021;NA;NA;NA;NA;NA;NA;NA;NA;-12,229531;-49,157861;"SPRF-TO";"DEL01-TO";"UOP02-DEL01-TO"