"id";"pesid";"data_inversa";"dia_semana";"horario";"uf";"br";"km";"municipio";"causa_principal";"causa_acidente";"ordem_tipo_acidente";"tipo_acidente";"classificacao_acidente";"fase_dia";"sentido_via";"condicao_metereologica";"tipo_pista";"tracado_via";"uso_solo";"id_veiculo";"tipo_veiculo";"marca";"ano_fabricacao_veiculo";"tipo_envolvido";"estado_fisico";"idade";"sexo";"ilesos";"feridos_leves";"feridos_graves";"mortos";"latitude";"longitude";"regional";"delegacia";"uop"
744439;1667988;2025-12-15;"segunda-feira";"14:00:00";"MG";365;314;"JOAO PINHEIRO";"Sim";"Demais falhas mec�nicas ou el�tricas";1;"Sa�da de leito carro��vel";"Com V�timas Feridas";"Pleno dia";"Decrescente";"C�u Claro";"Simples";"Reta";"N�o";1329217;"Caminhonete";"FIAT/STRADA ADVENTURE CD/STRADA ADVENTURE CD";2009;"Condutor";"Les�es Leves";NA;"Feminino";0;1;0;0;-18,218847;-45,846565;"SPRF-MG";"DEL10-MG";"UOP02-DEL010-MG"
744459;1668108;2025-12-12;"sexta-feira";"05:20:00";"RJ";116;174;"RIO DE JANEIRO";"Sim";"Aus�ncia de rea��o do condutor";1;"Colis�o lateral mesmo sentido";"Com V�timas Feridas";"Pleno dia";"Decrescente";"C�u Claro";"Dupla";"Reta";"N�o";1329274;"Autom�vel";"CHEV/ONIX PLUS 10TAT PR1/ONIX PLUS 10TAT PR1";2020;"Condutor";"Ileso";65;"Masculino";1;0;0;0;-22,80481119;-43,34530002;"SPRF-RJ";"DEL06-RJ";"UOP01-DEL06-RJ"
744459;1668107;2025-12-12;"sexta-feira";"05:20:00";"RJ";116;174;"RIO DE JANEIRO";"Sim";"Aus�ncia de rea��o do condutor";1;"Colis�o lateral mesmo sentido";"Com V�timas Feridas";"Pleno dia";"Decrescente";"C�u Claro";"Dupla";"Reta";"N�o";1329273;"Motocicleta";"HONDA/CG 160 FAN/CG 160 FAN";2025;"Passageiro";"Les�es Leves";27;"Masculino";0;1;0;0;-22,80481119;-43,34530002;"SPRF-RJ";"DEL06-RJ";"UOP01-DEL06-RJ"
744459;1668106;2025-12-12;"sexta-feira";"05:20:00";"RJ";116;174;"RIO DE JANEIRO";"Sim";"Aus�ncia de rea��o do condutor";1;"Colis�o lateral mesmo sentido";"Com V�timas Feridas";"Pleno dia";"Decrescente";"C�u Claro";"Dupla";"Reta";"N�o";1329273;"Motocicleta";"HONDA/CG 160 FAN/CG 160 FAN";2025;"Condutor";"Les�es Leves";31;"Masculino";0;1;0;0;-22,80481119;-43,34530002;"SPRF-RJ";"DEL06-RJ";"UOP01-DEL06-RJ"
744518;1668348;2025-12-19;"sexta-feira";"17:30:00";"GO";153;505,7;"APARECIDA DE GOIANIA";"Sim";"Acumulo de �gua sobre o pavimento";1;"Colis�o lateral mesmo sentido";"Com V�timas Feridas";"Anoitecer";"Decrescente";"Nublado";"M�ltipla";"Reta;Interse��o de Vias";"Sim";1329416;"Caminh�o";"M.BENZ/ACCELO 1017/ACCELO 1017";0;"Condutor";"N�o Informado";NA;"N�o Informado";0;0;0;0;-16,75144201;-49,24116695;"SPRF-GO";"DEL01-GO";"UOP01-DEL01-GO"
744518;1668349;2025-12-19;"sexta-feira";"17:30:00";"GO";153;505,7;"APARECIDA DE GOIANIA";"Sim";"Acumulo de �gua sobre o pavimento";1;"Colis�o lateral mesmo sentido";"Com V�timas Feridas";"Anoitecer";"Decrescente";"Nublado";"M�ltipla";"Reta;Interse��o de Vias";"Sim";1329415;"Caminhonete";"GM/S10 DELUXE 2.2 S/S10 DELUXE 2.2 S";0;"Condutor";"Les�es Leves";NA;"Masculino";0;1;0;0;-16,75144201;-49,24116695;"SPRF-GO";"DEL01-GO";"UOP01-DEL01-GO"
744530;1668319;2025-11-29;"s�bado";"04:37:00";"ES";101;32,4;"CONCEICAO DA BARRA";"Sim";"Entrada inopinada do pedestre";1;"Atropelamento de Pedestre";"Com V�timas Fatais";"Amanhecer";"Crescente";"Nevoeiro/Neblina";"Simples";"Reta";"Sim";1329401;"Caminhonete";"I/TOYOTA HILUX CD4X4 SR/TOYOTA HILUX CD4X4 SR";2011;"Condutor";"Ileso";57;"Masculino";1;0;0;0;-18,433644;-39,933722;"SPRF-ES";"DEL04-ES";"UOP02-DEL04-ES"
744530;1668320;2025-11-29;"s�bado";"04:37:00";"ES";101;32,4;"CONCEICAO DA BARRA";"Sim";"Entrada inopinada do pedestre";1;"Atropelamento de Pedestre";"Com V�timas Fatais";"Amanhecer";"Crescente";"Nevoeiro/Neblina";"Simples";"Reta";"Sim";NA;NA;"NA/NA/NA";NA;"Pedestre";"�bito";NA;"Masculino";0;0;0;1;-18,433644;-39,933722;"SPRF-ES";"DEL04-ES";"UOP02-DEL04-ES"
744545;1668385;2025-10-08;"quarta-feira";"05:40:00";"MG";40;46,9;"PARACATU";"N�o";"Estacionar ou parar em local proibido";3;"Colis�o com objeto";"Com V�timas Feridas";"Amanhecer";"Crescente";"C�u Claro";"Simples";"Aclive;Reta";"N�o";1329439;"Caminh�o";"M.BENZ/ATRON 2324/ATRON 2324";0;"Condutor";"Les�es Graves";NA;"Masculino";0;0;1;0;-17,240796;-46,829535;"SPRF-MG";"DEL14-MG";"UOP01-DEL14-MG"
744545;1668463;2025-10-08;"quarta-feira";"05:40:00";"MG";40;46,9;"PARACATU";"N�o";"Estacionar ou parar em local proibido";3;"Colis�o com objeto";"Com V�timas Feridas";"Amanhecer";"Crescente";"C�u Claro";"Simples";"Aclive;Reta";"N�o";1329430;"Caminh�o";"GM/CHEVROLET 60/CHEVROLET 60";1979;"Passageiro";"Ileso";NA;"Masculino";1;0;0;0;-17,240796;-46,829535;"SPRF-MG";"DEL14-MG";"UOP01-DEL14-MG"
744545;1668382;2025-10-08;"quarta-feira";"05:40:00";"MG";40;46,9;"PARACATU";"N�o";"Estacionar ou parar em local proibido";3;"Colis�o com objeto";"Com V�timas Feridas";"Amanhecer";"Crescente";"C�u Claro";"Simples";"Aclive;Reta";"N�o";1329430;"Caminh�o";"GM/CHEVROLET 60/CHEVROLET 60";1979;"Condutor";"Les�es Leves";NA;"Masculino";0;1;0;0;-17,240796;-46,829535;"SPRF-MG";"DEL14-MG";"UOP01-DEL14-MG"
744545;1668385;2025-10-08;"quarta-feira";"05:40:00";"MG";40;46,9;"PARACATU";"N�o";"Estacionar ou parar em local proibido";2;"Sa�da de leito carro��vel";"Com V�timas Feridas";"Amanhecer";"Crescente";"C�u Claro";"Simples";"Aclive;Reta";"N�o";1329439;"Caminh�o";"M.BENZ/ATRON 2324/ATRON 2324";0;"Condutor";"Les�es Graves";NA;"Masculino";0;0;1;0;-17,240796;-46,829535;"SPRF-MG";"DEL14-MG";"UOP01-DEL14-MG"
744545;1668463;2025-10-08;"quarta-feira";"05:40:00";"MG";40;46,9;"PARACATU";"N�o";"Estacionar ou parar em local proibido";2;"Sa�da de leito carro��vel";"Com V�timas Feridas";"Amanhecer";"Crescente";"C�u Claro";"Simples";"Aclive;Reta";"N�o";1329430;"Caminh�o";"GM/CHEVROLET 60/CHEVROLET 60";1979;"Passageiro";"Ileso";NA;"Masculino";1;0;0;0;-17,240796;-46,829535;"SPRF-MG";"DEL14-MG";"UOP01-DEL14-MG"
744545;1668382;2025-10-08;"quarta-feira";"05:40:00";"MG";40;46,9;"PARACATU";"N�o";"Estacionar ou parar em local proibido";2;"Sa�da de leito carro��vel";"Com V�timas Feridas";"Amanhecer";"Crescente";"C�u Claro";"Simples";"Aclive;Reta";"N�o";1329430;"Caminh�o";"GM/CHEVROLET 60/CHEVROLET 60";1979;"Condutor";"Les�es Leves";NA;"Masculino";0;1;0;0;-17,240796;-46,829535;"SPRF-MG";"DEL14-MG";"UOP01-DEL14-MG"
744545;1668385;2025-10-08;"quarta-feira";"05:40:00";"MG";40;46,9;"PARACATU";"N�o";"Estacionar ou parar em local proibido";1;"Colis�o traseira";"Com V�timas Feridas";"Amanhecer";"Crescente";"C�u Claro";"Simples";"Aclive;Reta";"N�o";1329439;"Caminh�o";"M.BENZ/ATRON 2324/ATRON 2324";0;"Condutor";"Les�es Graves";NA;"Masculino";0;0;1;0;-17,240796;-46,829535;"SPRF-MG";"DEL14-MG";"UOP01-DEL14-MG"
744545;1668463;2025-10-08;"quarta-feira";"05:40:00";"MG";40;46,9;"PARACATU";"N�o";"Estacionar ou parar em local proibido";1;"Colis�o traseira";"Com V�timas Feridas";"Amanhecer";"Crescente";"C�u Claro";"Simples";"Aclive;Reta";"N�o";1329430;"Caminh�o";"GM/CHEVROLET 60/CHEVROLET 60";1979;"Passageiro";"Ileso";NA;"Masculino";1;0;0;0;-17,240796;-46,829535;"SPRF-MG";"DEL14-MG";"UOP01-DEL14-MG"
744545;1668382;2025-10-08;"quarta-feira";"05:40:00";"MG";40;46,9;"PARACATU";"N�o";"Estacionar ou parar em local proibido";1;"Colis�o traseira";"Com V�timas Feridas";"Amanhecer";"Crescente";"C�u Claro";"Simples";"Aclive;Reta";"N�o";1329430;"Caminh�o";"GM/CHEVROLET 60/CHEVROLET 60";1979;"Condutor";"Les�es Leves";NA;"Masculino";0;1;0;0;-17,240796;-46,829535;"SPRF-MG";"DEL14-MG";"UOP01-DEL14-MG"
744545;1668385;2025-10-08;"quarta-feira";"05:40:00";"MG";40;46,9;"PARACATU";"Sim";"Falta de acostamento";3;"Colis�o com objeto";"Com V�timas Feridas";"Amanhecer";"Crescente";"C�u Claro";"Simples";"Aclive;Reta";"N�o";1329439;"Caminh�o";"M.BENZ/ATRON 2324/ATRON 2324";0;"Condutor";"Les�es Graves";NA;"Masculino";0;0;1;0;-17,240796;-46,829535;"SPRF-MG";"DEL14-MG";"UOP01-DEL14-MG"
744545;1668463;2025-10-08;"quarta-feira";"05:40:00";"MG";40;46,9;"PARACATU";"Sim";"Falta de acostamento";3;"Colis�o com objeto";"Com V�timas Feridas";"Amanhecer";"Crescente";"C�u Claro";"Simples";"Aclive;Reta";"N�o";1329430;"Caminh�o";"GM/CHEVROLET 60/CHEVROLET 60";1979;"Passageiro";"Ileso";NA;"Masculino";1;0;0;0;-17,240796;-46,829535;"SPRF-MG";"DEL14-MG";"UOP01-DEL14-MG"
744545;1668382;2025-10-08;"quarta-feira";"05:40:00";"MG";40;46,9;"PARACATU";"Sim";"Falta de acostamento";3;"Colis�o com objeto";"Com V�timas Feridas";"Amanhecer";"Crescente";"C�u Claro";"Simples";"Aclive;Reta";"N�o";1329430;"Caminh�o";"GM/CHEVROLET 60/CHEVROLET 60";1979;"Condutor";"Les�es Leves";NA;"Masculino";0;1;0;0;-17,240796;-46,829535;"SPRF-MG";"DEL14-MG";"UOP01-DEL14-MG"
744545;1668385;2025-10-08;"quarta-feira";"05:40:00";"MG";40;46,9;"PARACATU";"Sim";"Falta de acostamento";2;"Sa�da de leito carro��vel";"Com V�timas Feridas";"Amanhecer";"Crescente";"C�u Claro";"Simples";"Aclive;Reta";"N�o";1329439;"Caminh�o";"M.BENZ/ATRON 2324/ATRON 2324";0;"Condutor";"Les�es Graves";NA;"Masculino";0;0;1;0;-17,240796;-46,829535;"SPRF-MG";"DEL14-MG";"UOP01-DEL14-MG"
744545;1668463;2025-10-08;"quarta-feira";"05:40:00";"MG";40;46,9;"PARACATU";"Sim";"Falta de acostamento";2;"Sa�da de leito carro��vel";"Com V�timas Feridas";"Amanhecer";"Crescente";"C�u Claro";"Simples";"Aclive;Reta";"N�o";1329430;"Caminh�o";"GM/CHEVROLET 60/CHEVROLET 60";1979;"Passageiro";"Ileso";NA;"Masculino";1;0;0;0;-17,240796;-46,829535;"SPRF-MG";"DEL14-MG";"UOP01-DEL14-MG"
744545;1668382;2025-10-08;"quarta-feira";"05:40:00";"MG";40;46,9;"PARACATU";"Sim";"Falta de acostamento";2;"Sa�da de leito carro��vel";"Com V�timas Feridas";"Amanhecer";"Crescente";"C�u Claro";"Simples";"Aclive;Reta";"N�o";1329430;"Caminh�o";"GM/CHEVROLET 60/CHEVROLET 60";1979;"Condutor";"Les�es Leves";NA;"Masculino";0;1;0;0;-17,240796;-46,829535;"SPRF-MG";"DEL14-MG";"UOP01-DEL14-MG"
744545;1668385;2025-10-08;"quarta-feira";"05:40:00";"MG";40;46,9;"PARACATU";"Sim";"Falta de acostamento";1;"Colis�o traseira";"Com V�timas Feridas";"Amanhecer";"Crescente";"C�u Claro";"Simples";"Aclive;Reta";"N�o";1329439;"Caminh�o";"M.BENZ/ATRON 2324/ATRON 2324";0;"Condutor";"Les�es Graves";NA;"Masculino";0;0;1;0;-17,240796;-46,829535;"SPRF-MG";"DEL14-MG";"UOP01-DEL14-MG"
744545;1668463;2025-10-08;"quarta-feira";"05:40:00";"MG";40;46,9;"PARACATU";"Sim";"Falta de acostamento";1;"Colis�o traseira";"Com V�timas Feridas";"Amanhecer";"Crescente";"C�u Claro";"Simples";"Aclive;Reta";"N�o";1329430;"Caminh�o";"GM/CHEVROLET 60/CHEVROLET 60";1979;"Passageiro";"Ileso";NA;"Masculino";1;0;0;0;-17,240796;-46,829535;"SPRF-MG";"DEL14-MG";"UOP01-DEL14-MG"
744545;1668382;2025-10-08;"quarta-feira";"05:40:00";"MG";40;46,9;"PARACATU";"Sim";"Falta de acostamento";1;"Colis�o traseira";"Com V�timas Feridas";"Amanhecer";"Crescente";"C�u Claro";"Simples";"Aclive;Reta";"N�o";1329430;"Caminh�o";"GM/CHEVROLET 60/CHEVROLET 60";1979;"Condutor";"Les�es Leves";NA;"Masculino";0;1;0;0;-17,240796;-46,829535;"SPRF-MG";"DEL14-MG";"UOP01-DEL14-MG"
744545;1668385;2025-10-08;"quarta-feira";"05:40:00";"MG";40;46,9;"PARACATU";"N�o";"Condutor Dormindo";3;"Colis�o com objeto";"Com V�timas Feridas";"Amanhecer";"Crescente";"C�u Claro";"Simples";"Aclive;Reta";"N�o";1329439;"Caminh�o";"M.BENZ/ATRON 2324/ATRON 2324";0;"Condutor";"Les�es Graves";NA;"Masculino";0;0;1;0;-17,240796;-46,829535;"SPRF-MG";"DEL14-MG";"UOP01-DEL14-MG"
744545;1668463;2025-10-08;"quarta-feira";"05:40:00";"MG";40;46,9;"PARACATU";"N�o";"Condutor Dormindo";3;"Colis�o com objeto";"Com V�timas Feridas";"Amanhecer";"Crescente";"C�u Claro";"Simples";"Aclive;Reta";"N�o";1329430;"Caminh�o";"GM/CHEVROLET 60/CHEVROLET 60";1979;"Passageiro";"Ileso";NA;"Masculino";1;0;0;0;-17,240796;-46,829535;"SPRF-MG";"DEL14-MG";"UOP01-DEL14-MG"
744545;1668382;2025-10-08;"quarta-feira";"05:40:00";"MG";40;46,9;"PARACATU";"N�o";"Condutor Dormindo";3;"Colis�o com objeto";"Com V�timas Feridas";"Amanhecer";"Crescente";"C�u Claro";"Simples";"Aclive;Reta";"N�o";1329430;"Caminh�o";"GM/CHEVROLET 60/CHEVROLET 60";1979;"Condutor";"Les�es Leves";NA;"Masculino";0;1;0;0;-17,240796;-46,829535;"SPRF-MG";"DEL14-MG";"UOP01-DEL14-MG"
744545;1668385;2025-10-08;"quarta-feira";"05:40:00";"MG";40;46,9;"PARACATU";"N�o";"Condutor Dormindo";2;"Sa�da de leito carro��vel";"Com V�timas Feridas";"Amanhecer";"Crescente";"C�u Claro";"Simples";"Aclive;Reta";"N�o";1329439;"Caminh�o";"M.BENZ/ATRON 2324/ATRON 2324";0;"Condutor";"Les�es Graves";NA;"Masculino";0;0;1;0;-17,240796;-46,829535;"SPRF-MG";"DEL14-MG";"UOP01-DEL14-MG"
744545;1668463;2025-10-08;"quarta-feira";"05:40:00";"MG";40;46,9;"PARACATU";"N�o";"Condutor Dormindo";2;"Sa�da de leito carro��vel";"Com V�timas Feridas";"Amanhecer";"Crescente";"C�u Claro";"Simples";"Aclive;Reta";"N�o";1329430;"Caminh�o";"GM/CHEVROLET 60/CHEVROLET 60";1979;"Passageiro";"Ileso";NA;"Masculino";1;0;0;0;-17,240796;-46,829535;"SPRF-MG";"DEL14-MG";"UOP01-DEL14-MG"
744545;1668382;2025-10-08;"quarta-feira";"05:40:00";"MG";40;46,9;"PARACATU";"N�o";"Condutor Dormindo";2;"Sa�da de leito carro��vel";"Com V�timas Feridas";"Amanhecer";"Crescente";"C�u Claro";"Simples";"Aclive;Reta";"N�o";1329430;"Caminh�o";"GM/CHEVROLET 60/CHEVROLET 60";1979;"Condutor";"Les�es Leves";NA;"Masculino";0;1;0;0;-17,240796;-46,829535;"SPRF-MG";"DEL14-MG";"UOP01-DEL14-MG"
744545;1668385;2025-10-08;"quarta-feira";"05:40:00";"MG";40;46,9;"PARACATU";"N�o";"Condutor Dormindo";1;"Colis�o traseira";"Com V�timas Feridas";"Amanhecer";"Crescente";"C�u Claro";"Simples";"Aclive;Reta";"N�o";1329439;"Caminh�o";"M.BENZ/ATRON 2324/ATRON 2324";0;"Condutor";"Les�es Graves";NA;"Masculino";0;0;1;0;-17,240796;-46,829535;"SPRF-MG";"DEL14-MG";"UOP01-DEL14-MG"
744545;1668463;2025-10-08;"quarta-feira";"05:40:00";"MG";40;46,9;"PARACATU";"N�o";"Condutor Dormindo";1;"Colis�o traseira";"Com V�timas Feridas";"Amanhecer";"Crescente";"C�u Claro";"Simples";"Aclive;Reta";"N�o";1329430;"Caminh�o";"GM/CHEVROLET 60/CHEVROLET 60";1979;"Passageiro";"Ileso";NA;"Masculino";1;0;0;0;-17,240796;-46,829535;"SPRF-MG";"DEL14-MG";"UOP01-DEL14-MG"
744545;1668382;2025-10-08;"quarta-feira";"05:40:00";"MG";40;46,9;"PARACATU";"N�o";"Condutor Dormindo";1;"Colis�o traseira";"Com V�timas Feridas";"Amanhecer";"Crescente";"C�u Claro";"Simples";"Aclive;Reta";"N�o";1329430;"Caminh�o";"GM/CHEVROLET 60/CHEVROLET 60";1979;"Condutor";"Les�es Leves";NA;"Masculino";0;1;0;0;-17,240796;-46,829535;"SPRF-MG";"DEL14-MG";"UOP01-DEL14-MG"
744545;1668385;2025-10-08;"quarta-feira";"05:40:00";"MG";40;46,9;"PARACATU";"N�o";"Condutor deixou de manter dist�ncia do ve�culo da frente";3;"Colis�o com objeto";"Com V�timas Feridas";"Amanhecer";"Crescente";"C�u Claro";"Simples";"Aclive;Reta";"N�o";1329439;"Caminh�o";"M.BENZ/ATRON 2324/ATRON 2324";0;"Condutor";"Les�es Graves";NA;"Masculino";0;0;1;0;-17,240796;-46,829535;"SPRF-MG";"DEL14-MG";"UOP01-DEL14-MG"
744545;1668463;2025-10-08;"quarta-feira";"05:40:00";"MG";40;46,9;"PARACATU";"N�o";"Condutor deixou de manter dist�ncia do ve�culo da frente";3;"Colis�o com objeto";"Com V�timas Feridas";"Amanhecer";"Crescente";"C�u Claro";"Simples";"Aclive;Reta";"N�o";1329430;"Caminh�o";"GM/CHEVROLET 60/CHEVROLET 60";1979;"Passageiro";"Ileso";NA;"Masculino";1;0;0;0;-17,240796;-46,829535;"SPRF-MG";"DEL14-MG";"UOP01-DEL14-MG"
744545;1668382;2025-10-08;"quarta-feira";"05:40:00";"MG";40;46,9;"PARACATU";"N�o";"Condutor deixou de manter dist�ncia do ve�culo da frente";3;"Colis�o com objeto";"Com V�timas Feridas";"Amanhecer";"Crescente";"C�u Claro";"Simples";"Aclive;Reta";"N�o";1329430;"Caminh�o";"GM/CHEVROLET 60/CHEVROLET 60";1979;"Condutor";"Les�es Leves";NA;"Masculino";0;1;0;0;-17,240796;-46,829535;"SPRF-MG";"DEL14-MG";"UOP01-DEL14-MG"
744545;1668385;2025-10-08;"quarta-feira";"05:40:00";"MG";40;46,9;"PARACATU";"N�o";"Condutor deixou de manter dist�ncia do ve�culo da frente";2;"Sa�da de leito carro��vel";"Com V�timas Feridas";"Amanhecer";"Crescente";"C�u Claro";"Simples";"Aclive;Reta";"N�o";1329439;"Caminh�o";"M.BENZ/ATRON 2324/ATRON 2324";0;"Condutor";"Les�es Graves";NA;"Masculino";0;0;1;0;-17,240796;-46,829535;"SPRF-MG";"DEL14-MG";"UOP01-DEL14-MG"
744545;1668463;2025-10-08;"quarta-feira";"05:40:00";"MG";40;46,9;"PARACATU";"N�o";"Condutor deixou de manter dist�ncia do ve�culo da frente";2;"Sa�da de leito carro��vel";"Com V�timas Feridas";"Amanhecer";"Crescente";"C�u Claro";"Simples";"Aclive;Reta";"N�o";1329430;"Caminh�o";"GM/CHEVROLET 60/CHEVROLET 60";1979;"Passageiro";"Ileso";NA;"Masculino";1;0;0;0;-17,240796;-46,829535;"SPRF-MG";"DEL14-MG";"UOP01-DEL14-MG"
744545;1668382;2025-10-08;"quarta-feira";"05:40:00";"MG";40;46,9;"PARACATU";"N�o";"Condutor deixou de manter dist�ncia do ve�culo da frente";2;"Sa�da de leito carro��vel";"Com V�timas Feridas";"Amanhecer";"Crescente";"C�u Claro";"Simples";"Aclive;Reta";"N�o";1329430;"Caminh�o";"GM/CHEVROLET 60/CHEVROLET 60";1979;"Condutor";"Les�es Leves";NA;"Masculino";0;1;0;0;-17,240796;-46,829535;"SPRF-MG";"DEL14-MG";"UOP01-DEL14-MG"
744545;1668385;2025-10-08;"quarta-feira";"05:40:00";"MG";40;46,9;"PARACATU";"N�o";"Condutor deixou de manter dist�ncia do ve�culo da frente";1;"Colis�o traseira";"Com V�timas Feridas";"Amanhecer";"Crescente";"C�u Claro";"Simples";"Aclive;Reta";"N�o";1329439;"Caminh�o";"M.BENZ/ATRON 2324/ATRON 2324";0;"Condutor";"Les�es Graves";NA;"Masculino";0;0;1;0;-17,240796;-46,829535;"SPRF-MG";"DEL14-MG";"UOP01-DEL14-MG"
744545;1668463;2025-10-08;"quarta-feira";"05:40:00";"MG";40;46,9;"PARACATU";"N�o";"Condutor deixou de manter dist�ncia do ve�culo da frente";1;"Colis�o traseira";"Com V�timas Feridas";"Amanhecer";"Crescente";"C�u Claro";"Simples";"Aclive;Reta";"N�o";1329430;"Caminh�o";"GM/CHEVROLET 60/CHEVROLET 60";1979;"Passageiro";"Ileso";NA;"Masculino";1;0;0;0;-17,240796;-46,829535;"SPRF-MG";"DEL14-MG";"UOP01-DEL14-MG"
744545;1668382;2025-10-08;"quarta-feira";"05:40:00";"MG";40;46,9;"PARACATU";"N�o";"Condutor deixou de manter dist�ncia do ve�culo da frente";1;"Colis�o traseira";"Com V�timas Feridas";"Amanhecer";"Crescente";"C�u Claro";"Simples";"Aclive;Reta";"N�o";1329430;"Caminh�o";"GM/CHEVROLET 60/CHEVROLET 60";1979;"Condutor";"Les�es Leves";NA;"Masculino";0;1;0;0;-17,240796;-46,829535;"SPRF-MG";"DEL14-MG";"UOP01-DEL14-MG"
744545;1668385;2025-10-08;"quarta-feira";"05:40:00";"MG";40;46,9;"PARACATU";"N�o";"Aus�ncia de rea��o do condutor";3;"Colis�o com objeto";"Com V�timas Feridas";"Amanhecer";"Crescente";"C�u Claro";"Simples";"Aclive;Reta";"N�o";1329439;"Caminh�o";"M.BENZ/ATRON 2324/ATRON 2324";0;"Condutor";"Les�es Graves";NA;"Masculino";0;0;1;0;-17,240796;-46,829535;"SPRF-MG";"DEL14-MG";"UOP01-DEL14-MG"
744545;1668463;2025-10-08;"quarta-feira";"05:40:00";"MG";40;46,9;"PARACATU";"N�o";"Aus�ncia de rea��o do condutor";3;"Colis�o com objeto";"Com V�timas Feridas";"Amanhecer";"Crescente";"C�u Claro";"Simples";"Aclive;Reta";"N�o";1329430;"Caminh�o";"GM/CHEVROLET 60/CHEVROLET 60";1979;"Passageiro";"Ileso";NA;"Masculino";1;0;0;0;-17,240796;-46,829535;"SPRF-MG";"DEL14-MG";"UOP01-DEL14-MG"
744545;1668382;2025-10-08;"quarta-feira";"05:40:00";"MG";40;46,9;"PARACATU";"N�o";"Aus�ncia de rea��o do condutor";3;"Colis�o com objeto";"Com V�timas Feridas";"Amanhecer";"Crescente";"C�u Claro";"Simples";"Aclive;Reta";"N�o";1329430;"Caminh�o";"GM/CHEVROLET 60/CHEVROLET 60";1979;"Condutor";"Les�es Leves";NA;"Masculino";0;1;0;0;-17,240796;-46,829535;"SPRF-MG";"DEL14-MG";"UOP01-DEL14-MG"
744545;1668385;2025-10-08;"quarta-feira";"05:40:00";"MG";40;46,9;"PARACATU";"N�o";"Aus�ncia de rea��o do condutor";2;"Sa�da de leito carro��vel";"Com V�timas Feridas";"Amanhecer";"Crescente";"C�u Claro";"Simples";"Aclive;Reta";"N�o";1329439;"Caminh�o";"M.BENZ/ATRON 2324/ATRON 2324";0;"Condutor";"Les�es Graves";NA;"Masculino";0;0;1;0;-17,240796;-46,829535;"SPRF-MG";"DEL14-MG";"UOP01-DEL14-MG"
744545;1668463;2025-10-08;"quarta-feira";"05:40:00";"MG";40;46,9;"PARACATU";"N�o";"Aus�ncia de rea��o do condutor";2;"Sa�da de leito carro��vel";"Com V�timas Feridas";"Amanhecer";"Crescente";"C�u Claro";"Simples";"Aclive;Reta";"N�o";1329430;"Caminh�o";"GM/CHEVROLET 60/CHEVROLET 60";1979;"Passageiro";"Ileso";NA;"Masculino";1;0;0;0;-17,240796;-46,829535;"SPRF-MG";"DEL14-MG";"UOP01-DEL14-MG"
744545;1668382;2025-10-08;"quarta-feira";"05:40:00";"MG";40;46,9;"PARACATU";"N�o";"Aus�ncia de rea��o do condutor";2;"Sa�da de leito carro��vel";"Com V�timas Feridas";"Amanhecer";"Crescente";"C�u Claro";"Simples";"Aclive;Reta";"N�o";1329430;"Caminh�o";"GM/CHEVROLET 60/CHEVROLET 60";1979;"Condutor";"Les�es Leves";NA;"Masculino";0;1;0;0;-17,240796;-46,829535;"SPRF-MG";"DEL14-MG";"UOP01-DEL14-MG"
744545;1668385;2025-10-08;"quarta-feira";"05:40:00";"MG";40;46,9;"PARACATU";"N�o";"Aus�ncia de rea��o do condutor";1;"Colis�o traseira";"Com V�timas Feridas";"Amanhecer";"Crescente";"C�u Claro";"Simples";"Aclive;Reta";"N�o";1329439;"Caminh�o";"M.BENZ/ATRON 2324/ATRON 2324";0;"Condutor";"Les�es Graves";NA;"Masculino";0;0;1;0;-17,240796;-46,829535;"SPRF-MG";"DEL14-MG";"UOP01-DEL14-MG"
744545;1668463;2025-10-08;"quarta-feira";"05:40:00";"MG";40;46,9;"PARACATU";"N�o";"Aus�ncia de rea��o do condutor";1;"Colis�o traseira";"Com V�timas Feridas";"Amanhecer";"Crescente";"C�u Claro";"Simples";"Aclive;Reta";"N�o";1329430;"Caminh�o";"GM/CHEVROLET 60/CHEVROLET 60";1979;"Passageiro";"Ileso";NA;"Masculino";1;0;0;0;-17,240796;-46,829535;"SPRF-MG";"DEL14-MG";"UOP01-DEL14-MG"
744545;1668382;2025-10-08;"quarta-feira";"05:40:00";"MG";40;46,9;"PARACATU";"N�o";"Aus�ncia de rea��o do condutor";1;"Colis�o traseira";"Com V�timas Feridas";"Amanhecer";"Crescente";"C�u Claro";"Simples";"Aclive;Reta";"N�o";1329430;"Caminh�o";"GM/CHEVROLET 60/CHEVROLET 60";1979;"Condutor";"Les�es Leves";NA;"Masculino";0;1;0;0;-17,240796;-46,829535;"SPRF-MG";"DEL14-MG";"UOP01-DEL14-MG"