"id";"pesid";"data_inversa";"dia_semana";"horario";"uf";"br";"km";"municipio";"causa_principal";"causa_acidente";"ordem_tipo_acidente";"tipo_acidente";"classificacao_acidente";"fase_dia";"sentido_via";"condicao_metereologica";"tipo_pista";"tracado_via";"uso_solo";"id_veiculo";"tipo_veiculo";"marca";"ano_fabricacao_veiculo";"tipo_envolvido";"estado_fisico";"idade";"sexo";"ilesos";"feridos_leves";"feridos_graves";"mortos";"latitude";"longitude";"regional";"delegacia";"uop"
744548;1668364;2025-12-04;"quinta-feira";"10:30:00";"GO";153;438;"ANAPOLIS";"Sim";"Rea��o tardia ou ineficiente do condutor";2;"Colis�o com objeto";"Com V�timas Feridas";"Pleno dia";"Crescente";"C�u Claro";"Dupla";"Reta";"Sim";1329427;"Caminhonete";"VW/SAVEIRO CS TL MPI/SAVEIRO CS TL MPI";2022;"Condutor";"Les�es Leves";31;"Masculino";0;1;0;0;-16,31574;-48,92182;"SPRF-GO";"DEL02-GO";"UOP01-DEL02-GO"
744548;1668365;2025-12-04;"quinta-feira";"10:30:00";"GO";153;438;"ANAPOLIS";"Sim";"Rea��o tardia ou ineficiente do condutor";2;"Colis�o com objeto";"Com V�timas Feridas";"Pleno dia";"Crescente";"C�u Claro";"Dupla";"Reta";"Sim";1329428;"Autom�vel";"I/FORD FUSION/FORD FUSION";0;"Condutor";"N�o Informado";NA;"N�o Informado";0;0;0;0;-16,31574;-48,92182;"SPRF-GO";"DEL02-GO";"UOP01-DEL02-GO"
744548;1668364;2025-12-04;"quinta-feira";"10:30:00";"GO";153;438;"ANAPOLIS";"Sim";"Rea��o tardia ou ineficiente do condutor";1;"Colis�o lateral mesmo sentido";"Com V�timas Feridas";"Pleno dia";"Crescente";"C�u Claro";"Dupla";"Reta";"Sim";1329427;"Caminhonete";"VW/SAVEIRO CS TL MPI/SAVEIRO CS TL MPI";2022;"Condutor";"Les�es Leves";31;"Masculino";0;1;0;0;-16,31574;-48,92182;"SPRF-GO";"DEL02-GO";"UOP01-DEL02-GO"
744548;1668365;2025-12-04;"quinta-feira";"10:30:00";"GO";153;438;"ANAPOLIS";"Sim";"Rea��o tardia ou ineficiente do condutor";1;"Colis�o lateral mesmo sentido";"Com V�timas Feridas";"Pleno dia";"Crescente";"C�u Claro";"Dupla";"Reta";"Sim";1329428;"Autom�vel";"I/FORD FUSION/FORD FUSION";0;"Condutor";"N�o Informado";NA;"N�o Informado";0;0;0;0;-16,31574;-48,92182;"SPRF-GO";"DEL02-GO";"UOP01-DEL02-GO"
744548;1668364;2025-12-04;"quinta-feira";"10:30:00";"GO";153;438;"ANAPOLIS";"N�o";"Manobra de mudan�a de faixa";2;"Colis�o com objeto";"Com V�timas Feridas";"Pleno dia";"Crescente";"C�u Claro";"Dupla";"Reta";"Sim";1329427;"Caminhonete";"VW/SAVEIRO CS TL MPI/SAVEIRO CS TL MPI";2022;"Condutor";"Les�es Leves";31;"Masculino";0;1;0;0;-16,31574;-48,92182;"SPRF-GO";"DEL02-GO";"UOP01-DEL02-GO"
744548;1668365;2025-12-04;"quinta-feira";"10:30:00";"GO";153;438;"ANAPOLIS";"N�o";"Manobra de mudan�a de faixa";2;"Colis�o com objeto";"Com V�timas Feridas";"Pleno dia";"Crescente";"C�u Claro";"Dupla";"Reta";"Sim";1329428;"Autom�vel";"I/FORD FUSION/FORD FUSION";0;"Condutor";"N�o Informado";NA;"N�o Informado";0;0;0;0;-16,31574;-48,92182;"SPRF-GO";"DEL02-GO";"UOP01-DEL02-GO"
744548;1668364;2025-12-04;"quinta-feira";"10:30:00";"GO";153;438;"ANAPOLIS";"N�o";"Manobra de mudan�a de faixa";1;"Colis�o lateral mesmo sentido";"Com V�timas Feridas";"Pleno dia";"Crescente";"C�u Claro";"Dupla";"Reta";"Sim";1329427;"Caminhonete";"VW/SAVEIRO CS TL MPI/SAVEIRO CS TL MPI";2022;"Condutor";"Les�es Leves";31;"Masculino";0;1;0;0;-16,31574;-48,92182;"SPRF-GO";"DEL02-GO";"UOP01-DEL02-GO"
744548;1668365;2025-12-04;"quinta-feira";"10:30:00";"GO";153;438;"ANAPOLIS";"N�o";"Manobra de mudan�a de faixa";1;"Colis�o lateral mesmo sentido";"Com V�timas Feridas";"Pleno dia";"Crescente";"C�u Claro";"Dupla";"Reta";"Sim";1329428;"Autom�vel";"I/FORD FUSION/FORD FUSION";0;"Condutor";"N�o Informado";NA;"N�o Informado";0;0;0;0;-16,31574;-48,92182;"SPRF-GO";"DEL02-GO";"UOP01-DEL02-GO"
744548;1668364;2025-12-04;"quinta-feira";"10:30:00";"GO";153;438;"ANAPOLIS";"N�o";"Condutor deixou de manter dist�ncia do ve�culo da frente";2;"Colis�o com objeto";"Com V�timas Feridas";"Pleno dia";"Crescente";"C�u Claro";"Dupla";"Reta";"Sim";1329427;"Caminhonete";"VW/SAVEIRO CS TL MPI/SAVEIRO CS TL MPI";2022;"Condutor";"Les�es Leves";31;"Masculino";0;1;0;0;-16,31574;-48,92182;"SPRF-GO";"DEL02-GO";"UOP01-DEL02-GO"
744548;1668365;2025-12-04;"quinta-feira";"10:30:00";"GO";153;438;"ANAPOLIS";"N�o";"Condutor deixou de manter dist�ncia do ve�culo da frente";2;"Colis�o com objeto";"Com V�timas Feridas";"Pleno dia";"Crescente";"C�u Claro";"Dupla";"Reta";"Sim";1329428;"Autom�vel";"I/FORD FUSION/FORD FUSION";0;"Condutor";"N�o Informado";NA;"N�o Informado";0;0;0;0;-16,31574;-48,92182;"SPRF-GO";"DEL02-GO";"UOP01-DEL02-GO"
744548;1668364;2025-12-04;"quinta-feira";"10:30:00";"GO";153;438;"ANAPOLIS";"N�o";"Condutor deixou de manter dist�ncia do ve�culo da frente";1;"Colis�o lateral mesmo sentido";"Com V�timas Feridas";"Pleno dia";"Crescente";"C�u Claro";"Dupla";"Reta";"Sim";1329427;"Caminhonete";"VW/SAVEIRO CS TL MPI/SAVEIRO CS TL MPI";2022;"Condutor";"Les�es Leves";31;"Masculino";0;1;0;0;-16,31574;-48,92182;"SPRF-GO";"DEL02-GO";"UOP01-DEL02-GO"
744548;1668365;2025-12-04;"quinta-feira";"10:30:00";"GO";153;438;"ANAPOLIS";"N�o";"Condutor deixou de manter dist�ncia do ve�culo da frente";1;"Colis�o lateral mesmo sentido";"Com V�timas Feridas";"Pleno dia";"Crescente";"C�u Claro";"Dupla";"Reta";"Sim";1329428;"Autom�vel";"I/FORD FUSION/FORD FUSION";0;"Condutor";"N�o Informado";NA;"N�o Informado";0;0;0;0;-16,31574;-48,92182;"SPRF-GO";"DEL02-GO";"UOP01-DEL02-GO"
744548;1668364;2025-12-04;"quinta-feira";"10:30:00";"GO";153;438;"ANAPOLIS";"N�o";"Aus�ncia de rea��o do condutor";2;"Colis�o com objeto";"Com V�timas Feridas";"Pleno dia";"Crescente";"C�u Claro";"Dupla";"Reta";"Sim";1329427;"Caminhonete";"VW/SAVEIRO CS TL MPI/SAVEIRO CS TL MPI";2022;"Condutor";"Les�es Leves";31;"Masculino";0;1;0;0;-16,31574;-48,92182;"SPRF-GO";"DEL02-GO";"UOP01-DEL02-GO"
744548;1668365;2025-12-04;"quinta-feira";"10:30:00";"GO";153;438;"ANAPOLIS";"N�o";"Aus�ncia de rea��o do condutor";2;"Colis�o com objeto";"Com V�timas Feridas";"Pleno dia";"Crescente";"C�u Claro";"Dupla";"Reta";"Sim";1329428;"Autom�vel";"I/FORD FUSION/FORD FUSION";0;"Condutor";"N�o Informado";NA;"N�o Informado";0;0;0;0;-16,31574;-48,92182;"SPRF-GO";"DEL02-GO";"UOP01-DEL02-GO"
744548;1668364;2025-12-04;"quinta-feira";"10:30:00";"GO";153;438;"ANAPOLIS";"N�o";"Aus�ncia de rea��o do condutor";1;"Colis�o lateral mesmo sentido";"Com V�timas Feridas";"Pleno dia";"Crescente";"C�u Claro";"Dupla";"Reta";"Sim";1329427;"Caminhonete";"VW/SAVEIRO CS TL MPI/SAVEIRO CS TL MPI";2022;"Condutor";"Les�es Leves";31;"Masculino";0;1;0;0;-16,31574;-48,92182;"SPRF-GO";"DEL02-GO";"UOP01-DEL02-GO"
744548;1668365;2025-12-04;"quinta-feira";"10:30:00";"GO";153;438;"ANAPOLIS";"N�o";"Aus�ncia de rea��o do condutor";1;"Colis�o lateral mesmo sentido";"Com V�timas Feridas";"Pleno dia";"Crescente";"C�u Claro";"Dupla";"Reta";"Sim";1329428;"Autom�vel";"I/FORD FUSION/FORD FUSION";0;"Condutor";"N�o Informado";NA;"N�o Informado";0;0;0;0;-16,31574;-48,92182;"SPRF-GO";"DEL02-GO";"UOP01-DEL02-GO"
744574;1668425;2025-12-12;"sexta-feira";"17:32:00";"PR";277;586;"CASCAVEL";"Sim";"Manobra de mudan�a de faixa";1;"Colis�o lateral mesmo sentido";"Sem V�timas";"Anoitecer";"Crescente";"Nublado";"M�ltipla";"Interse��o de Vias";"Sim";1329467;"Autom�vel";"N�o Informado/N�o Informado/N�o Informado";0;"Condutor";"N�o Informado";NA;"N�o Informado";0;0;0;0;-24,9646255;-53,4089159;"SPRF-PR";"DEL04-PR";"UOP01-DEL04-PR"
744574;1668424;2025-12-12;"sexta-feira";"17:32:00";"PR";277;586;"CASCAVEL";"Sim";"Manobra de mudan�a de faixa";1;"Colis�o lateral mesmo sentido";"Sem V�timas";"Anoitecer";"Crescente";"Nublado";"M�ltipla";"Interse��o de Vias";"Sim";1329466;"Autom�vel";"HYUNDAI/HB20S 1.0M COMF/HB20S 1.0M COMF";2015;"Condutor";"Ileso";34;"Feminino";1;0;0;0;-24,9646255;-53,4089159;"SPRF-PR";"DEL04-PR";"UOP01-DEL04-PR"
744574;1668423;2025-12-12;"sexta-feira";"17:32:00";"PR";277;586;"CASCAVEL";"Sim";"Manobra de mudan�a de faixa";1;"Colis�o lateral mesmo sentido";"Sem V�timas";"Anoitecer";"Crescente";"Nublado";"M�ltipla";"Interse��o de Vias";"Sim";1329465;"Autom�vel";"GM/CELTA 4P SPIRIT/CELTA 4P SPIRIT";2009;"Condutor";"Ileso";38;"Masculino";1;0;0;0;-24,9646255;-53,4089159;"SPRF-PR";"DEL04-PR";"UOP01-DEL04-PR"
744581;1668451;2025-12-26;"sexta-feira";"17:20:00";"PR";277;242,7;"IRATI";"Sim";"Convers�o proibida";2;"Sa�da de leito carro��vel";"Com V�timas Feridas";"Pleno dia";"Decrescente";"C�u Claro";"Simples";"Reta;Aclive";"N�o";1329477;"Autom�vel";"N�o Informado/N�o Informado/N�o Informado";2022;"Passageiro";"Ileso";66;"Feminino";1;0;0;0;-25,46269894;-50,59538768;"SPRF-PR";"DEL08-PR";"UOP02-DEL08-PR"
744581;1668450;2025-12-26;"sexta-feira";"17:20:00";"PR";277;242,7;"IRATI";"Sim";"Convers�o proibida";2;"Sa�da de leito carro��vel";"Com V�timas Feridas";"Pleno dia";"Decrescente";"C�u Claro";"Simples";"Reta;Aclive";"N�o";1329477;"Autom�vel";"N�o Informado/N�o Informado/N�o Informado";2022;"Passageiro";"Ileso";29;"Feminino";1;0;0;0;-25,46269894;-50,59538768;"SPRF-PR";"DEL08-PR";"UOP02-DEL08-PR"
744581;1668448;2025-12-26;"sexta-feira";"17:20:00";"PR";277;242,7;"IRATI";"Sim";"Convers�o proibida";2;"Sa�da de leito carro��vel";"Com V�timas Feridas";"Pleno dia";"Decrescente";"C�u Claro";"Simples";"Reta;Aclive";"N�o";1329477;"Autom�vel";"N�o Informado/N�o Informado/N�o Informado";2022;"Condutor";"Ileso";70;"Masculino";1;0;0;0;-25,46269894;-50,59538768;"SPRF-PR";"DEL08-PR";"UOP02-DEL08-PR"
744581;1668449;2025-12-26;"sexta-feira";"17:20:00";"PR";277;242,7;"IRATI";"Sim";"Convers�o proibida";2;"Sa�da de leito carro��vel";"Com V�timas Feridas";"Pleno dia";"Decrescente";"C�u Claro";"Simples";"Reta;Aclive";"N�o";1329476;"Caminhonete";"FIAT/STRADA VOLCANO 13CD/STRADA VOLCANO 13CD";2022;"Passageiro";"Les�es Graves";69;"Feminino";0;0;1;0;-25,46269894;-50,59538768;"SPRF-PR";"DEL08-PR";"UOP02-DEL08-PR"
744581;1668447;2025-12-26;"sexta-feira";"17:20:00";"PR";277;242,7;"IRATI";"Sim";"Convers�o proibida";2;"Sa�da de leito carro��vel";"Com V�timas Feridas";"Pleno dia";"Decrescente";"C�u Claro";"Simples";"Reta;Aclive";"N�o";1329476;"Caminhonete";"FIAT/STRADA VOLCANO 13CD/STRADA VOLCANO 13CD";2022;"Condutor";"Les�es Graves";80;"Masculino";0;0;1;0;-25,46269894;-50,59538768;"SPRF-PR";"DEL08-PR";"UOP02-DEL08-PR"
744581;1668452;2025-12-26;"sexta-feira";"17:20:00";"PR";277;242,7;"IRATI";"Sim";"Convers�o proibida";2;"Sa�da de leito carro��vel";"Com V�timas Feridas";"Pleno dia";"Decrescente";"C�u Claro";"Simples";"Reta;Aclive";"N�o";NA;NA;"NA/NA/NA";NA;"Testemunha";"N�o Informado";NA;"N�o Informado";0;0;0;0;-25,46269894;-50,59538768;"SPRF-PR";"DEL08-PR";"UOP02-DEL08-PR"
744581;1668451;2025-12-26;"sexta-feira";"17:20:00";"PR";277;242,7;"IRATI";"Sim";"Convers�o proibida";1;"Colis�o transversal";"Com V�timas Feridas";"Pleno dia";"Decrescente";"C�u Claro";"Simples";"Reta;Aclive";"N�o";1329477;"Autom�vel";"N�o Informado/N�o Informado/N�o Informado";2022;"Passageiro";"Ileso";66;"Feminino";1;0;0;0;-25,46269894;-50,59538768;"SPRF-PR";"DEL08-PR";"UOP02-DEL08-PR"
744581;1668450;2025-12-26;"sexta-feira";"17:20:00";"PR";277;242,7;"IRATI";"Sim";"Convers�o proibida";1;"Colis�o transversal";"Com V�timas Feridas";"Pleno dia";"Decrescente";"C�u Claro";"Simples";"Reta;Aclive";"N�o";1329477;"Autom�vel";"N�o Informado/N�o Informado/N�o Informado";2022;"Passageiro";"Ileso";29;"Feminino";1;0;0;0;-25,46269894;-50,59538768;"SPRF-PR";"DEL08-PR";"UOP02-DEL08-PR"
744581;1668448;2025-12-26;"sexta-feira";"17:20:00";"PR";277;242,7;"IRATI";"Sim";"Convers�o proibida";1;"Colis�o transversal";"Com V�timas Feridas";"Pleno dia";"Decrescente";"C�u Claro";"Simples";"Reta;Aclive";"N�o";1329477;"Autom�vel";"N�o Informado/N�o Informado/N�o Informado";2022;"Condutor";"Ileso";70;"Masculino";1;0;0;0;-25,46269894;-50,59538768;"SPRF-PR";"DEL08-PR";"UOP02-DEL08-PR"
744581;1668449;2025-12-26;"sexta-feira";"17:20:00";"PR";277;242,7;"IRATI";"Sim";"Convers�o proibida";1;"Colis�o transversal";"Com V�timas Feridas";"Pleno dia";"Decrescente";"C�u Claro";"Simples";"Reta;Aclive";"N�o";1329476;"Caminhonete";"FIAT/STRADA VOLCANO 13CD/STRADA VOLCANO 13CD";2022;"Passageiro";"Les�es Graves";69;"Feminino";0;0;1;0;-25,46269894;-50,59538768;"SPRF-PR";"DEL08-PR";"UOP02-DEL08-PR"
744581;1668447;2025-12-26;"sexta-feira";"17:20:00";"PR";277;242,7;"IRATI";"Sim";"Convers�o proibida";1;"Colis�o transversal";"Com V�timas Feridas";"Pleno dia";"Decrescente";"C�u Claro";"Simples";"Reta;Aclive";"N�o";1329476;"Caminhonete";"FIAT/STRADA VOLCANO 13CD/STRADA VOLCANO 13CD";2022;"Condutor";"Les�es Graves";80;"Masculino";0;0;1;0;-25,46269894;-50,59538768;"SPRF-PR";"DEL08-PR";"UOP02-DEL08-PR"
744581;1668452;2025-12-26;"sexta-feira";"17:20:00";"PR";277;242,7;"IRATI";"Sim";"Convers�o proibida";1;"Colis�o transversal";"Com V�timas Feridas";"Pleno dia";"Decrescente";"C�u Claro";"Simples";"Reta;Aclive";"N�o";NA;NA;"NA/NA/NA";NA;"Testemunha";"N�o Informado";NA;"N�o Informado";0;0;0;0;-25,46269894;-50,59538768;"SPRF-PR";"DEL08-PR";"UOP02-DEL08-PR"
744581;1668451;2025-12-26;"sexta-feira";"17:20:00";"PR";277;242,7;"IRATI";"N�o";"Mal s�bito do condutor";2;"Sa�da de leito carro��vel";"Com V�timas Feridas";"Pleno dia";"Decrescente";"C�u Claro";"Simples";"Reta;Aclive";"N�o";1329477;"Autom�vel";"N�o Informado/N�o Informado/N�o Informado";2022;"Passageiro";"Ileso";66;"Feminino";1;0;0;0;-25,46269894;-50,59538768;"SPRF-PR";"DEL08-PR";"UOP02-DEL08-PR"
744581;1668450;2025-12-26;"sexta-feira";"17:20:00";"PR";277;242,7;"IRATI";"N�o";"Mal s�bito do condutor";2;"Sa�da de leito carro��vel";"Com V�timas Feridas";"Pleno dia";"Decrescente";"C�u Claro";"Simples";"Reta;Aclive";"N�o";1329477;"Autom�vel";"N�o Informado/N�o Informado/N�o Informado";2022;"Passageiro";"Ileso";29;"Feminino";1;0;0;0;-25,46269894;-50,59538768;"SPRF-PR";"DEL08-PR";"UOP02-DEL08-PR"
744581;1668448;2025-12-26;"sexta-feira";"17:20:00";"PR";277;242,7;"IRATI";"N�o";"Mal s�bito do condutor";2;"Sa�da de leito carro��vel";"Com V�timas Feridas";"Pleno dia";"Decrescente";"C�u Claro";"Simples";"Reta;Aclive";"N�o";1329477;"Autom�vel";"N�o Informado/N�o Informado/N�o Informado";2022;"Condutor";"Ileso";70;"Masculino";1;0;0;0;-25,46269894;-50,59538768;"SPRF-PR";"DEL08-PR";"UOP02-DEL08-PR"
744581;1668449;2025-12-26;"sexta-feira";"17:20:00";"PR";277;242,7;"IRATI";"N�o";"Mal s�bito do condutor";2;"Sa�da de leito carro��vel";"Com V�timas Feridas";"Pleno dia";"Decrescente";"C�u Claro";"Simples";"Reta;Aclive";"N�o";1329476;"Caminhonete";"FIAT/STRADA VOLCANO 13CD/STRADA VOLCANO 13CD";2022;"Passageiro";"Les�es Graves";69;"Feminino";0;0;1;0;-25,46269894;-50,59538768;"SPRF-PR";"DEL08-PR";"UOP02-DEL08-PR"
744581;1668447;2025-12-26;"sexta-feira";"17:20:00";"PR";277;242,7;"IRATI";"N�o";"Mal s�bito do condutor";2;"Sa�da de leito carro��vel";"Com V�timas Feridas";"Pleno dia";"Decrescente";"C�u Claro";"Simples";"Reta;Aclive";"N�o";1329476;"Caminhonete";"FIAT/STRADA VOLCANO 13CD/STRADA VOLCANO 13CD";2022;"Condutor";"Les�es Graves";80;"Masculino";0;0;1;0;-25,46269894;-50,59538768;"SPRF-PR";"DEL08-PR";"UOP02-DEL08-PR"
744581;1668452;2025-12-26;"sexta-feira";"17:20:00";"PR";277;242,7;"IRATI";"N�o";"Mal s�bito do condutor";2;"Sa�da de leito carro��vel";"Com V�timas Feridas";"Pleno dia";"Decrescente";"C�u Claro";"Simples";"Reta;Aclive";"N�o";NA;NA;"NA/NA/NA";NA;"Testemunha";"N�o Informado";NA;"N�o Informado";0;0;0;0;-25,46269894;-50,59538768;"SPRF-PR";"DEL08-PR";"UOP02-DEL08-PR"
744581;1668451;2025-12-26;"sexta-feira";"17:20:00";"PR";277;242,7;"IRATI";"N�o";"Mal s�bito do condutor";1;"Colis�o transversal";"Com V�timas Feridas";"Pleno dia";"Decrescente";"C�u Claro";"Simples";"Reta;Aclive";"N�o";1329477;"Autom�vel";"N�o Informado/N�o Informado/N�o Informado";2022;"Passageiro";"Ileso";66;"Feminino";1;0;0;0;-25,46269894;-50,59538768;"SPRF-PR";"DEL08-PR";"UOP02-DEL08-PR"
744581;1668450;2025-12-26;"sexta-feira";"17:20:00";"PR";277;242,7;"IRATI";"N�o";"Mal s�bito do condutor";1;"Colis�o transversal";"Com V�timas Feridas";"Pleno dia";"Decrescente";"C�u Claro";"Simples";"Reta;Aclive";"N�o";1329477;"Autom�vel";"N�o Informado/N�o Informado/N�o Informado";2022;"Passageiro";"Ileso";29;"Feminino";1;0;0;0;-25,46269894;-50,59538768;"SPRF-PR";"DEL08-PR";"UOP02-DEL08-PR"
744581;1668448;2025-12-26;"sexta-feira";"17:20:00";"PR";277;242,7;"IRATI";"N�o";"Mal s�bito do condutor";1;"Colis�o transversal";"Com V�timas Feridas";"Pleno dia";"Decrescente";"C�u Claro";"Simples";"Reta;Aclive";"N�o";1329477;"Autom�vel";"N�o Informado/N�o Informado/N�o Informado";2022;"Condutor";"Ileso";70;"Masculino";1;0;0;0;-25,46269894;-50,59538768;"SPRF-PR";"DEL08-PR";"UOP02-DEL08-PR"
744581;1668449;2025-12-26;"sexta-feira";"17:20:00";"PR";277;242,7;"IRATI";"N�o";"Mal s�bito do condutor";1;"Colis�o transversal";"Com V�timas Feridas";"Pleno dia";"Decrescente";"C�u Claro";"Simples";"Reta;Aclive";"N�o";1329476;"Caminhonete";"FIAT/STRADA VOLCANO 13CD/STRADA VOLCANO 13CD";2022;"Passageiro";"Les�es Graves";69;"Feminino";0;0;1;0;-25,46269894;-50,59538768;"SPRF-PR";"DEL08-PR";"UOP02-DEL08-PR"
744581;1668447;2025-12-26;"sexta-feira";"17:20:00";"PR";277;242,7;"IRATI";"N�o";"Mal s�bito do condutor";1;"Colis�o transversal";"Com V�timas Feridas";"Pleno dia";"Decrescente";"C�u Claro";"Simples";"Reta;Aclive";"N�o";1329476;"Caminhonete";"FIAT/STRADA VOLCANO 13CD/STRADA VOLCANO 13CD";2022;"Condutor";"Les�es Graves";80;"Masculino";0;0;1;0;-25,46269894;-50,59538768;"SPRF-PR";"DEL08-PR";"UOP02-DEL08-PR"
744581;1668452;2025-12-26;"sexta-feira";"17:20:00";"PR";277;242,7;"IRATI";"N�o";"Mal s�bito do condutor";1;"Colis�o transversal";"Com V�timas Feridas";"Pleno dia";"Decrescente";"C�u Claro";"Simples";"Reta;Aclive";"N�o";NA;NA;"NA/NA/NA";NA;"Testemunha";"N�o Informado";NA;"N�o Informado";0;0;0;0;-25,46269894;-50,59538768;"SPRF-PR";"DEL08-PR";"UOP02-DEL08-PR"
744596;1668502;2025-11-10;"segunda-feira";"16:30:00";"MG";381;482,7;"BETIM";"Sim";"Velocidade Incompat�vel";2;"Queda de ocupante de ve�culo";"Com V�timas Feridas";"Pleno dia";"Crescente";"C�u Claro";"M�ltipla";"Declive;Reta";"Sim";1329518;"Motocicleta";"HONDA/XRE 300/XRE 300";2013;"Condutor";"Les�es Graves";NA;"Masculino";0;0;1;0;-19,9581296;-44,076519;"SPRF-MG";"DEL01-MG";"UOP03-DEL01-MG"
744596;1668502;2025-11-10;"segunda-feira";"16:30:00";"MG";381;482,7;"BETIM";"Sim";"Velocidade Incompat�vel";1;"Tombamento";"Com V�timas Feridas";"Pleno dia";"Crescente";"C�u Claro";"M�ltipla";"Declive;Reta";"Sim";1329518;"Motocicleta";"HONDA/XRE 300/XRE 300";2013;"Condutor";"Les�es Graves";NA;"Masculino";0;0;1;0;-19,9581296;-44,076519;"SPRF-MG";"DEL01-MG";"UOP03-DEL01-MG"
744596;1668502;2025-11-10;"segunda-feira";"16:30:00";"MG";381;482,7;"BETIM";"N�o";"Aus�ncia de rea��o do condutor";2;"Queda de ocupante de ve�culo";"Com V�timas Feridas";"Pleno dia";"Crescente";"C�u Claro";"M�ltipla";"Declive;Reta";"Sim";1329518;"Motocicleta";"HONDA/XRE 300/XRE 300";2013;"Condutor";"Les�es Graves";NA;"Masculino";0;0;1;0;-19,9581296;-44,076519;"SPRF-MG";"DEL01-MG";"UOP03-DEL01-MG"
744596;1668502;2025-11-10;"segunda-feira";"16:30:00";"MG";381;482,7;"BETIM";"N�o";"Aus�ncia de rea��o do condutor";1;"Tombamento";"Com V�timas Feridas";"Pleno dia";"Crescente";"C�u Claro";"M�ltipla";"Declive;Reta";"Sim";1329518;"Motocicleta";"HONDA/XRE 300/XRE 300";2013;"Condutor";"Les�es Graves";NA;"Masculino";0;0;1;0;-19,9581296;-44,076519;"SPRF-MG";"DEL01-MG";"UOP03-DEL01-MG"
744598;1668489;2025-10-05;"domingo";"12:10:00";"PB";230;87,5;"GURINHEM";"N�o";"Rea��o tardia ou ineficiente do condutor";3;"Queda de ocupante de ve�culo";"Com V�timas Feridas";"Pleno dia";"Decrescente";"Sol";"Dupla";"Reta";"N�o";1329512;"Caminhonete";"CHEV/MONTANA T A PR/MONTANA T A PR";2024;"Condutor";"Ileso";73;"Masculino";1;0;0;0;-7,17077609;-35,38172571;"SPRF-PB";"DEL01-PB";"UOP02-DEL01-PB"
744598;1668488;2025-10-05;"domingo";"12:10:00";"PB";230;87,5;"GURINHEM";"N�o";"Rea��o tardia ou ineficiente do condutor";3;"Queda de ocupante de ve�culo";"Com V�timas Feridas";"Pleno dia";"Decrescente";"Sol";"Dupla";"Reta";"N�o";1329511;"Motocicleta";"TRIUMPH/TIGER SPORT/TIGER SPORT";2023;"Condutor";"Les�es Leves";38;"Masculino";0;1;0;0;-7,17077609;-35,38172571;"SPRF-PB";"DEL01-PB";"UOP02-DEL01-PB"
744598;1668489;2025-10-05;"domingo";"12:10:00";"PB";230;87,5;"GURINHEM";"N�o";"Rea��o tardia ou ineficiente do condutor";2;"Tombamento";"Com V�timas Feridas";"Pleno dia";"Decrescente";"Sol";"Dupla";"Reta";"N�o";1329512;"Caminhonete";"CHEV/MONTANA T A PR/MONTANA T A PR";2024;"Condutor";"Ileso";73;"Masculino";1;0;0;0;-7,17077609;-35,38172571;"SPRF-PB";"DEL01-PB";"UOP02-DEL01-PB"
744598;1668488;2025-10-05;"domingo";"12:10:00";"PB";230;87,5;"GURINHEM";"N�o";"Rea��o tardia ou ineficiente do condutor";2;"Tombamento";"Com V�timas Feridas";"Pleno dia";"Decrescente";"Sol";"Dupla";"Reta";"N�o";1329511;"Motocicleta";"TRIUMPH/TIGER SPORT/TIGER SPORT";2023;"Condutor";"Les�es Leves";38;"Masculino";0;1;0;0;-7,17077609;-35,38172571;"SPRF-PB";"DEL01-PB";"UOP02-DEL01-PB"
744598;1668489;2025-10-05;"domingo";"12:10:00";"PB";230;87,5;"GURINHEM";"N�o";"Rea��o tardia ou ineficiente do condutor";1;"Colis�o traseira";"Com V�timas Feridas";"Pleno dia";"Decrescente";"Sol";"Dupla";"Reta";"N�o";1329512;"Caminhonete";"CHEV/MONTANA T A PR/MONTANA T A PR";2024;"Condutor";"Ileso";73;"Masculino";1;0;0;0;-7,17077609;-35,38172571;"SPRF-PB";"DEL01-PB";"UOP02-DEL01-PB"
744598;1668488;2025-10-05;"domingo";"12:10:00";"PB";230;87,5;"GURINHEM";"N�o";"Rea��o tardia ou ineficiente do condutor";1;"Colis�o traseira";"Com V�timas Feridas";"Pleno dia";"Decrescente";"Sol";"Dupla";"Reta";"N�o";1329511;"Motocicleta";"TRIUMPH/TIGER SPORT/TIGER SPORT";2023;"Condutor";"Les�es Leves";38;"Masculino";0;1;0;0;-7,17077609;-35,38172571;"SPRF-PB";"DEL01-PB";"UOP02-DEL01-PB"
744598;1668489;2025-10-05;"domingo";"12:10:00";"PB";230;87,5;"GURINHEM";"Sim";"Manobra de mudan�a de faixa";3;"Queda de ocupante de ve�culo";"Com V�timas Feridas";"Pleno dia";"Decrescente";"Sol";"Dupla";"Reta";"N�o";1329512;"Caminhonete";"CHEV/MONTANA T A PR/MONTANA T A PR";2024;"Condutor";"Ileso";73;"Masculino";1;0;0;0;-7,17077609;-35,38172571;"SPRF-PB";"DEL01-PB";"UOP02-DEL01-PB"