"id";"pesid";"data_inversa";"dia_semana";"horario";"uf";"br";"km";"municipio";"causa_principal";"causa_acidente";"ordem_tipo_acidente";"tipo_acidente";"classificacao_acidente";"fase_dia";"sentido_via";"condicao_metereologica";"tipo_pista";"tracado_via";"uso_solo";"id_veiculo";"tipo_veiculo";"marca";"ano_fabricacao_veiculo";"tipo_envolvido";"estado_fisico";"idade";"sexo";"ilesos";"feridos_leves";"feridos_graves";"mortos";"latitude";"longitude";"regional";"delegacia";"uop"
744598;1668488;2025-10-05;"domingo";"12:10:00";"PB";230;87,5;"GURINHEM";"Sim";"Manobra de mudan�a de faixa";3;"Queda de ocupante de ve�culo";"Com V�timas Feridas";"Pleno dia";"Decrescente";"Sol";"Dupla";"Reta";"N�o";1329511;"Motocicleta";"TRIUMPH/TIGER SPORT/TIGER SPORT";2023;"Condutor";"Les�es Leves";38;"Masculino";0;1;0;0;-7,17077609;-35,38172571;"SPRF-PB";"DEL01-PB";"UOP02-DEL01-PB"
744598;1668489;2025-10-05;"domingo";"12:10:00";"PB";230;87,5;"GURINHEM";"Sim";"Manobra de mudan�a de faixa";2;"Tombamento";"Com V�timas Feridas";"Pleno dia";"Decrescente";"Sol";"Dupla";"Reta";"N�o";1329512;"Caminhonete";"CHEV/MONTANA T A PR/MONTANA T A PR";2024;"Condutor";"Ileso";73;"Masculino";1;0;0;0;-7,17077609;-35,38172571;"SPRF-PB";"DEL01-PB";"UOP02-DEL01-PB"
744598;1668488;2025-10-05;"domingo";"12:10:00";"PB";230;87,5;"GURINHEM";"Sim";"Manobra de mudan�a de faixa";2;"Tombamento";"Com V�timas Feridas";"Pleno dia";"Decrescente";"Sol";"Dupla";"Reta";"N�o";1329511;"Motocicleta";"TRIUMPH/TIGER SPORT/TIGER SPORT";2023;"Condutor";"Les�es Leves";38;"Masculino";0;1;0;0;-7,17077609;-35,38172571;"SPRF-PB";"DEL01-PB";"UOP02-DEL01-PB"
744598;1668489;2025-10-05;"domingo";"12:10:00";"PB";230;87,5;"GURINHEM";"Sim";"Manobra de mudan�a de faixa";1;"Colis�o traseira";"Com V�timas Feridas";"Pleno dia";"Decrescente";"Sol";"Dupla";"Reta";"N�o";1329512;"Caminhonete";"CHEV/MONTANA T A PR/MONTANA T A PR";2024;"Condutor";"Ileso";73;"Masculino";1;0;0;0;-7,17077609;-35,38172571;"SPRF-PB";"DEL01-PB";"UOP02-DEL01-PB"
744598;1668488;2025-10-05;"domingo";"12:10:00";"PB";230;87,5;"GURINHEM";"Sim";"Manobra de mudan�a de faixa";1;"Colis�o traseira";"Com V�timas Feridas";"Pleno dia";"Decrescente";"Sol";"Dupla";"Reta";"N�o";1329511;"Motocicleta";"TRIUMPH/TIGER SPORT/TIGER SPORT";2023;"Condutor";"Les�es Leves";38;"Masculino";0;1;0;0;-7,17077609;-35,38172571;"SPRF-PB";"DEL01-PB";"UOP02-DEL01-PB"
744620;1668551;2025-12-15;"segunda-feira";"10:00:00";"MG";251;513;"MONTES CLAROS";"N�o";"Condutor usando celular";2;"Colis�o com objeto";"Com V�timas Feridas";"Pleno dia";"Decrescente";"Nublado";"Simples";"Reta;Ponte";"N�o";1329549;"Caminhonete";"FIAT/STRADA HD WK CE E/STRADA HD WK CE E";2018;"Condutor";"Les�es Leves";59;"Masculino";0;1;0;0;-16,653678;-43,7179786;"SPRF-MG";"DEL12-MG";"UOP01-DEL12-MG"
744620;1668550;2025-12-15;"segunda-feira";"10:00:00";"MG";251;513;"MONTES CLAROS";"N�o";"Condutor usando celular";2;"Colis�o com objeto";"Com V�timas Feridas";"Pleno dia";"Decrescente";"Nublado";"Simples";"Reta;Ponte";"N�o";1329549;"Caminhonete";"FIAT/STRADA HD WK CE E/STRADA HD WK CE E";2018;"Passageiro";"Les�es Leves";13;"Masculino";0;1;0;0;-16,653678;-43,7179786;"SPRF-MG";"DEL12-MG";"UOP01-DEL12-MG"
744620;1668549;2025-12-15;"segunda-feira";"10:00:00";"MG";251;513;"MONTES CLAROS";"N�o";"Condutor usando celular";2;"Colis�o com objeto";"Com V�timas Feridas";"Pleno dia";"Decrescente";"Nublado";"Simples";"Reta;Ponte";"N�o";1329548;"Autom�vel";"FORD/FIESTA HA 1.5L S/FIESTA HA 1.5L S";2013;"Condutor";"Les�es Leves";31;"Feminino";0;1;0;0;-16,653678;-43,7179786;"SPRF-MG";"DEL12-MG";"UOP01-DEL12-MG"
744620;1668551;2025-12-15;"segunda-feira";"10:00:00";"MG";251;513;"MONTES CLAROS";"N�o";"Condutor usando celular";1;"Colis�o frontal";"Com V�timas Feridas";"Pleno dia";"Decrescente";"Nublado";"Simples";"Reta;Ponte";"N�o";1329549;"Caminhonete";"FIAT/STRADA HD WK CE E/STRADA HD WK CE E";2018;"Condutor";"Les�es Leves";59;"Masculino";0;1;0;0;-16,653678;-43,7179786;"SPRF-MG";"DEL12-MG";"UOP01-DEL12-MG"
744620;1668550;2025-12-15;"segunda-feira";"10:00:00";"MG";251;513;"MONTES CLAROS";"N�o";"Condutor usando celular";1;"Colis�o frontal";"Com V�timas Feridas";"Pleno dia";"Decrescente";"Nublado";"Simples";"Reta;Ponte";"N�o";1329549;"Caminhonete";"FIAT/STRADA HD WK CE E/STRADA HD WK CE E";2018;"Passageiro";"Les�es Leves";13;"Masculino";0;1;0;0;-16,653678;-43,7179786;"SPRF-MG";"DEL12-MG";"UOP01-DEL12-MG"
744620;1668549;2025-12-15;"segunda-feira";"10:00:00";"MG";251;513;"MONTES CLAROS";"N�o";"Condutor usando celular";1;"Colis�o frontal";"Com V�timas Feridas";"Pleno dia";"Decrescente";"Nublado";"Simples";"Reta;Ponte";"N�o";1329548;"Autom�vel";"FORD/FIESTA HA 1.5L S/FIESTA HA 1.5L S";2013;"Condutor";"Les�es Leves";31;"Feminino";0;1;0;0;-16,653678;-43,7179786;"SPRF-MG";"DEL12-MG";"UOP01-DEL12-MG"
744620;1668551;2025-12-15;"segunda-feira";"10:00:00";"MG";251;513;"MONTES CLAROS";"Sim";"Ingest�o de �lcool pelo condutor";2;"Colis�o com objeto";"Com V�timas Feridas";"Pleno dia";"Decrescente";"Nublado";"Simples";"Reta;Ponte";"N�o";1329549;"Caminhonete";"FIAT/STRADA HD WK CE E/STRADA HD WK CE E";2018;"Condutor";"Les�es Leves";59;"Masculino";0;1;0;0;-16,653678;-43,7179786;"SPRF-MG";"DEL12-MG";"UOP01-DEL12-MG"
744620;1668550;2025-12-15;"segunda-feira";"10:00:00";"MG";251;513;"MONTES CLAROS";"Sim";"Ingest�o de �lcool pelo condutor";2;"Colis�o com objeto";"Com V�timas Feridas";"Pleno dia";"Decrescente";"Nublado";"Simples";"Reta;Ponte";"N�o";1329549;"Caminhonete";"FIAT/STRADA HD WK CE E/STRADA HD WK CE E";2018;"Passageiro";"Les�es Leves";13;"Masculino";0;1;0;0;-16,653678;-43,7179786;"SPRF-MG";"DEL12-MG";"UOP01-DEL12-MG"
744620;1668549;2025-12-15;"segunda-feira";"10:00:00";"MG";251;513;"MONTES CLAROS";"Sim";"Ingest�o de �lcool pelo condutor";2;"Colis�o com objeto";"Com V�timas Feridas";"Pleno dia";"Decrescente";"Nublado";"Simples";"Reta;Ponte";"N�o";1329548;"Autom�vel";"FORD/FIESTA HA 1.5L S/FIESTA HA 1.5L S";2013;"Condutor";"Les�es Leves";31;"Feminino";0;1;0;0;-16,653678;-43,7179786;"SPRF-MG";"DEL12-MG";"UOP01-DEL12-MG"
744620;1668551;2025-12-15;"segunda-feira";"10:00:00";"MG";251;513;"MONTES CLAROS";"Sim";"Ingest�o de �lcool pelo condutor";1;"Colis�o frontal";"Com V�timas Feridas";"Pleno dia";"Decrescente";"Nublado";"Simples";"Reta;Ponte";"N�o";1329549;"Caminhonete";"FIAT/STRADA HD WK CE E/STRADA HD WK CE E";2018;"Condutor";"Les�es Leves";59;"Masculino";0;1;0;0;-16,653678;-43,7179786;"SPRF-MG";"DEL12-MG";"UOP01-DEL12-MG"
744620;1668550;2025-12-15;"segunda-feira";"10:00:00";"MG";251;513;"MONTES CLAROS";"Sim";"Ingest�o de �lcool pelo condutor";1;"Colis�o frontal";"Com V�timas Feridas";"Pleno dia";"Decrescente";"Nublado";"Simples";"Reta;Ponte";"N�o";1329549;"Caminhonete";"FIAT/STRADA HD WK CE E/STRADA HD WK CE E";2018;"Passageiro";"Les�es Leves";13;"Masculino";0;1;0;0;-16,653678;-43,7179786;"SPRF-MG";"DEL12-MG";"UOP01-DEL12-MG"
744620;1668549;2025-12-15;"segunda-feira";"10:00:00";"MG";251;513;"MONTES CLAROS";"Sim";"Ingest�o de �lcool pelo condutor";1;"Colis�o frontal";"Com V�timas Feridas";"Pleno dia";"Decrescente";"Nublado";"Simples";"Reta;Ponte";"N�o";1329548;"Autom�vel";"FORD/FIESTA HA 1.5L S/FIESTA HA 1.5L S";2013;"Condutor";"Les�es Leves";31;"Feminino";0;1;0;0;-16,653678;-43,7179786;"SPRF-MG";"DEL12-MG";"UOP01-DEL12-MG"
744624;NA;2025-12-12;"sexta-feira";"10:00:00";"PR";476;144;"ARAUCARIA";"Sim";"Condutor deixou de manter dist�ncia do ve�culo da frente";1;"Colis�o traseira";"Com V�timas Feridas";"Pleno dia";"Crescente";"C�u Claro";"Dupla";"Reta";"Sim";1329557;"Semireboque";"SR/LIBRELATO SRCS 3E/LIBRELATO SRCS 3E";2011;NA;NA;NA;NA;NA;NA;NA;NA;-25,57484877;-49,38916469;"SPRF-PR";"DEL01-PR";"UOP06-DEL01-PR"
744624;1668562;2025-12-12;"sexta-feira";"10:00:00";"PR";476;144;"ARAUCARIA";"Sim";"Condutor deixou de manter dist�ncia do ve�culo da frente";1;"Colis�o traseira";"Com V�timas Feridas";"Pleno dia";"Crescente";"C�u Claro";"Dupla";"Reta";"Sim";1329556;"Caminh�o-trator";"VOLVO/FH 440 6X2T/FH 440 6X2T";2008;"Condutor";"Ileso";39;"Masculino";1;0;0;0;-25,57484877;-49,38916469;"SPRF-PR";"DEL01-PR";"UOP06-DEL01-PR"
744624;1668561;2025-12-12;"sexta-feira";"10:00:00";"PR";476;144;"ARAUCARIA";"Sim";"Condutor deixou de manter dist�ncia do ve�culo da frente";1;"Colis�o traseira";"Com V�timas Feridas";"Pleno dia";"Crescente";"C�u Claro";"Dupla";"Reta";"Sim";1329555;"Autom�vel";"FIAT/PALIO FIRE/PALIO FIRE";2002;"Condutor";"Les�es Leves";55;"Masculino";0;1;0;0;-25,57484877;-49,38916469;"SPRF-PR";"DEL01-PR";"UOP06-DEL01-PR"
744757;NA;2025-07-10;"quinta-feira";"04:00:00";"GO";153;650;"MORRINHOS";"Sim";"Rea��o tardia ou ineficiente do condutor";2;"Derramamento de carga";"Com V�timas Feridas";"Plena Noite";"Decrescente";"C�u Claro";"Dupla";"Reta";"N�o";1329791;"Semireboque";"SR/SAO PEDRO SRFB 3E/SAO PEDRO SRFB 3E";2019;NA;NA;NA;NA;NA;NA;NA;NA;-17,95651806;-49,25054991;"SPRF-GO";"DEL03-GO";"UOP01-DEL03-GO"
744757;NA;2025-07-10;"quinta-feira";"04:00:00";"GO";153;650;"MORRINHOS";"Sim";"Rea��o tardia ou ineficiente do condutor";2;"Derramamento de carga";"Com V�timas Feridas";"Plena Noite";"Decrescente";"C�u Claro";"Dupla";"Reta";"N�o";1329790;"Semireboque";"SR/LIBRELATO SRCA 2E/LIBRELATO SRCA 2E";2020;NA;NA;NA;NA;NA;NA;NA;NA;-17,95651806;-49,25054991;"SPRF-GO";"DEL03-GO";"UOP01-DEL03-GO"
744757;NA;2025-07-10;"quinta-feira";"04:00:00";"GO";153;650;"MORRINHOS";"Sim";"Rea��o tardia ou ineficiente do condutor";2;"Derramamento de carga";"Com V�timas Feridas";"Plena Noite";"Decrescente";"C�u Claro";"Dupla";"Reta";"N�o";1329789;"Semireboque";"SR/LIBRELATO SRCA 2E/LIBRELATO SRCA 2E";2020;NA;NA;NA;NA;NA;NA;NA;NA;-17,95651806;-49,25054991;"SPRF-GO";"DEL03-GO";"UOP01-DEL03-GO"
744757;1668920;2025-07-10;"quinta-feira";"04:00:00";"GO";153;650;"MORRINHOS";"Sim";"Rea��o tardia ou ineficiente do condutor";2;"Derramamento de carga";"Com V�timas Feridas";"Plena Noite";"Decrescente";"C�u Claro";"Dupla";"Reta";"N�o";1329788;"Caminh�o-trator";"VOLVO/FH 540 6X4T/FH 540 6X4T";2014;"Condutor";"Ileso";46;"Masculino";1;0;0;0;-17,95651806;-49,25054991;"SPRF-GO";"DEL03-GO";"UOP01-DEL03-GO"
744757;1668919;2025-07-10;"quinta-feira";"04:00:00";"GO";153;650;"MORRINHOS";"Sim";"Rea��o tardia ou ineficiente do condutor";2;"Derramamento de carga";"Com V�timas Feridas";"Plena Noite";"Decrescente";"C�u Claro";"Dupla";"Reta";"N�o";1329787;"Caminh�o-trator";"VW/25.460 CTM 6X2/25.460 CTM 6X2";2022;"Condutor";"Les�es Leves";43;"Masculino";0;1;0;0;-17,95651806;-49,25054991;"SPRF-GO";"DEL03-GO";"UOP01-DEL03-GO"
744757;NA;2025-07-10;"quinta-feira";"04:00:00";"GO";153;650;"MORRINHOS";"Sim";"Rea��o tardia ou ineficiente do condutor";1;"Colis�o traseira";"Com V�timas Feridas";"Plena Noite";"Decrescente";"C�u Claro";"Dupla";"Reta";"N�o";1329791;"Semireboque";"SR/SAO PEDRO SRFB 3E/SAO PEDRO SRFB 3E";2019;NA;NA;NA;NA;NA;NA;NA;NA;-17,95651806;-49,25054991;"SPRF-GO";"DEL03-GO";"UOP01-DEL03-GO"
744757;NA;2025-07-10;"quinta-feira";"04:00:00";"GO";153;650;"MORRINHOS";"Sim";"Rea��o tardia ou ineficiente do condutor";1;"Colis�o traseira";"Com V�timas Feridas";"Plena Noite";"Decrescente";"C�u Claro";"Dupla";"Reta";"N�o";1329790;"Semireboque";"SR/LIBRELATO SRCA 2E/LIBRELATO SRCA 2E";2020;NA;NA;NA;NA;NA;NA;NA;NA;-17,95651806;-49,25054991;"SPRF-GO";"DEL03-GO";"UOP01-DEL03-GO"
744757;NA;2025-07-10;"quinta-feira";"04:00:00";"GO";153;650;"MORRINHOS";"Sim";"Rea��o tardia ou ineficiente do condutor";1;"Colis�o traseira";"Com V�timas Feridas";"Plena Noite";"Decrescente";"C�u Claro";"Dupla";"Reta";"N�o";1329789;"Semireboque";"SR/LIBRELATO SRCA 2E/LIBRELATO SRCA 2E";2020;NA;NA;NA;NA;NA;NA;NA;NA;-17,95651806;-49,25054991;"SPRF-GO";"DEL03-GO";"UOP01-DEL03-GO"
744757;1668920;2025-07-10;"quinta-feira";"04:00:00";"GO";153;650;"MORRINHOS";"Sim";"Rea��o tardia ou ineficiente do condutor";1;"Colis�o traseira";"Com V�timas Feridas";"Plena Noite";"Decrescente";"C�u Claro";"Dupla";"Reta";"N�o";1329788;"Caminh�o-trator";"VOLVO/FH 540 6X4T/FH 540 6X4T";2014;"Condutor";"Ileso";46;"Masculino";1;0;0;0;-17,95651806;-49,25054991;"SPRF-GO";"DEL03-GO";"UOP01-DEL03-GO"
744757;1668919;2025-07-10;"quinta-feira";"04:00:00";"GO";153;650;"MORRINHOS";"Sim";"Rea��o tardia ou ineficiente do condutor";1;"Colis�o traseira";"Com V�timas Feridas";"Plena Noite";"Decrescente";"C�u Claro";"Dupla";"Reta";"N�o";1329787;"Caminh�o-trator";"VW/25.460 CTM 6X2/25.460 CTM 6X2";2022;"Condutor";"Les�es Leves";43;"Masculino";0;1;0;0;-17,95651806;-49,25054991;"SPRF-GO";"DEL03-GO";"UOP01-DEL03-GO"
744758;NA;2025-12-17;"quarta-feira";"16:45:00";"SC";282;618;"IRACEMINHA";"Sim";"Demais falhas mec�nicas ou el�tricas";1;"Inc�ndio";"Sem V�timas";"Pleno dia";"Crescente";"Sol";"Simples";"Reta";"N�o";1329858;"Semireboque";"SR/LIBRELATO SRPR 3E/LIBRELATO SRPR 3E";2004;NA;NA;NA;NA;NA;NA;NA;NA;-26,7884113;-53,29354662;"SPRF-SC";"DEL07-SC";"UOP02-DEL07-SC"
744758;1669028;2025-12-17;"quarta-feira";"16:45:00";"SC";282;618;"IRACEMINHA";"Sim";"Demais falhas mec�nicas ou el�tricas";1;"Inc�ndio";"Sem V�timas";"Pleno dia";"Crescente";"Sol";"Simples";"Reta";"N�o";1329852;"Caminh�o-trator";"M.BENZ/AXOR 2544 S/AXOR 2544 S";2012;"Condutor";"Ileso";NA;"Masculino";1;0;0;0;-26,7884113;-53,29354662;"SPRF-SC";"DEL07-SC";"UOP02-DEL07-SC"
744760;1668930;2025-11-15;"s�bado";"22:20:00";"GO";153;650;"MORRINHOS";"Sim";"Aus�ncia de rea��o do condutor";1;"Queda de ocupante de ve�culo";"Sem V�timas";"Plena Noite";"Decrescente";"C�u Claro";"Dupla";"Reta";"N�o";1329795;"Motocicleta";"N�o Informado/N�o Informado/N�o Informado";0;"Passageiro";"N�o Informado";NA;"N�o Informado";0;0;0;0;-17,7354025;-49,1114407;"SPRF-GO";"DEL03-GO";"UOP01-DEL03-GO"
744760;1668929;2025-11-15;"s�bado";"22:20:00";"GO";153;650;"MORRINHOS";"Sim";"Aus�ncia de rea��o do condutor";1;"Queda de ocupante de ve�culo";"Sem V�timas";"Plena Noite";"Decrescente";"C�u Claro";"Dupla";"Reta";"N�o";1329795;"Motocicleta";"N�o Informado/N�o Informado/N�o Informado";0;"Condutor";"N�o Informado";NA;"N�o Informado";0;0;0;0;-17,7354025;-49,1114407;"SPRF-GO";"DEL03-GO";"UOP01-DEL03-GO"
744800;1669076;2025-11-23;"domingo";"20:00:00";"GO";153;428;"ANAPOLIS";"Sim";"Manobra de mudan�a de faixa";1;"Colis�o lateral mesmo sentido";"Com V�timas Feridas";"Plena Noite";"Crescente";"C�u Claro";"Dupla";"Reta;Retorno Regulamentado";"N�o";1329889;"Autom�vel";"I/CHEV CRUZE LTZ NB AT/CHEV CRUZE LTZ NB AT";2018;"Condutor";"Ileso";26;"Masculino";1;0;0;0;-16,25072208;-48,99629795;"SPRF-GO";"DEL02-GO";"UOP01-DEL02-GO"
744800;1669077;2025-11-23;"domingo";"20:00:00";"GO";153;428;"ANAPOLIS";"Sim";"Manobra de mudan�a de faixa";1;"Colis�o lateral mesmo sentido";"Com V�timas Feridas";"Plena Noite";"Crescente";"C�u Claro";"Dupla";"Reta;Retorno Regulamentado";"N�o";1329888;"Autom�vel";"RENAULT/SANDERO STEP 16R/SANDERO STEP 16R";2015;"Condutor";"Ileso";54;"Feminino";1;0;0;0;-16,25072208;-48,99629795;"SPRF-GO";"DEL02-GO";"UOP01-DEL02-GO"
744800;1669075;2025-11-23;"domingo";"20:00:00";"GO";153;428;"ANAPOLIS";"Sim";"Manobra de mudan�a de faixa";1;"Colis�o lateral mesmo sentido";"Com V�timas Feridas";"Plena Noite";"Crescente";"C�u Claro";"Dupla";"Reta;Retorno Regulamentado";"N�o";1329888;"Autom�vel";"RENAULT/SANDERO STEP 16R/SANDERO STEP 16R";2015;"Passageiro";"Les�es Leves";56;"Feminino";0;1;0;0;-16,25072208;-48,99629795;"SPRF-GO";"DEL02-GO";"UOP01-DEL02-GO"
744819;1669118;2025-11-19;"quarta-feira";"19:05:00";"SC";280;236;"CANOINHAS";"Sim";"Acessar a via sem observar a presen�a dos outros ve�culos";3;"Tombamento";"Com V�timas Fatais";"Pleno dia";"Crescente";"C�u Claro";"Simples";"Reta;Aclive";"Sim";1329919;"Autom�vel";"HONDA/CITY EXL CVT/CITY EXL CVT";2015;"Condutor";"Les�es Graves";27;"Masculino";0;0;1;0;-26,19432794;-50,42206407;"SPRF-SC";"DEL06-SC";"UOP04-DEL06-SC"
744819;1669117;2025-11-19;"quarta-feira";"19:05:00";"SC";280;236;"CANOINHAS";"Sim";"Acessar a via sem observar a presen�a dos outros ve�culos";3;"Tombamento";"Com V�timas Fatais";"Pleno dia";"Crescente";"C�u Claro";"Simples";"Reta;Aclive";"Sim";1329918;"Motocicleta";"TRIUMPH/TIGER 900 GT PRO/TIGER 900 GT PRO";2021;"Passageiro";"Les�es Graves";48;"Feminino";0;0;1;0;-26,19432794;-50,42206407;"SPRF-SC";"DEL06-SC";"UOP04-DEL06-SC"
744819;1669116;2025-11-19;"quarta-feira";"19:05:00";"SC";280;236;"CANOINHAS";"Sim";"Acessar a via sem observar a presen�a dos outros ve�culos";3;"Tombamento";"Com V�timas Fatais";"Pleno dia";"Crescente";"C�u Claro";"Simples";"Reta;Aclive";"Sim";1329918;"Motocicleta";"TRIUMPH/TIGER 900 GT PRO/TIGER 900 GT PRO";2021;"Condutor";"�bito";50;"Masculino";0;0;0;1;-26,19432794;-50,42206407;"SPRF-SC";"DEL06-SC";"UOP04-DEL06-SC"
744819;1669118;2025-11-19;"quarta-feira";"19:05:00";"SC";280;236;"CANOINHAS";"Sim";"Acessar a via sem observar a presen�a dos outros ve�culos";2;"Queda de ocupante de ve�culo";"Com V�timas Fatais";"Pleno dia";"Crescente";"C�u Claro";"Simples";"Reta;Aclive";"Sim";1329919;"Autom�vel";"HONDA/CITY EXL CVT/CITY EXL CVT";2015;"Condutor";"Les�es Graves";27;"Masculino";0;0;1;0;-26,19432794;-50,42206407;"SPRF-SC";"DEL06-SC";"UOP04-DEL06-SC"
744819;1669117;2025-11-19;"quarta-feira";"19:05:00";"SC";280;236;"CANOINHAS";"Sim";"Acessar a via sem observar a presen�a dos outros ve�culos";2;"Queda de ocupante de ve�culo";"Com V�timas Fatais";"Pleno dia";"Crescente";"C�u Claro";"Simples";"Reta;Aclive";"Sim";1329918;"Motocicleta";"TRIUMPH/TIGER 900 GT PRO/TIGER 900 GT PRO";2021;"Passageiro";"Les�es Graves";48;"Feminino";0;0;1;0;-26,19432794;-50,42206407;"SPRF-SC";"DEL06-SC";"UOP04-DEL06-SC"
744819;1669116;2025-11-19;"quarta-feira";"19:05:00";"SC";280;236;"CANOINHAS";"Sim";"Acessar a via sem observar a presen�a dos outros ve�culos";2;"Queda de ocupante de ve�culo";"Com V�timas Fatais";"Pleno dia";"Crescente";"C�u Claro";"Simples";"Reta;Aclive";"Sim";1329918;"Motocicleta";"TRIUMPH/TIGER 900 GT PRO/TIGER 900 GT PRO";2021;"Condutor";"�bito";50;"Masculino";0;0;0;1;-26,19432794;-50,42206407;"SPRF-SC";"DEL06-SC";"UOP04-DEL06-SC"
744819;1669118;2025-11-19;"quarta-feira";"19:05:00";"SC";280;236;"CANOINHAS";"Sim";"Acessar a via sem observar a presen�a dos outros ve�culos";1;"Colis�o frontal";"Com V�timas Fatais";"Pleno dia";"Crescente";"C�u Claro";"Simples";"Reta;Aclive";"Sim";1329919;"Autom�vel";"HONDA/CITY EXL CVT/CITY EXL CVT";2015;"Condutor";"Les�es Graves";27;"Masculino";0;0;1;0;-26,19432794;-50,42206407;"SPRF-SC";"DEL06-SC";"UOP04-DEL06-SC"
744819;1669117;2025-11-19;"quarta-feira";"19:05:00";"SC";280;236;"CANOINHAS";"Sim";"Acessar a via sem observar a presen�a dos outros ve�culos";1;"Colis�o frontal";"Com V�timas Fatais";"Pleno dia";"Crescente";"C�u Claro";"Simples";"Reta;Aclive";"Sim";1329918;"Motocicleta";"TRIUMPH/TIGER 900 GT PRO/TIGER 900 GT PRO";2021;"Passageiro";"Les�es Graves";48;"Feminino";0;0;1;0;-26,19432794;-50,42206407;"SPRF-SC";"DEL06-SC";"UOP04-DEL06-SC"
744819;1669116;2025-11-19;"quarta-feira";"19:05:00";"SC";280;236;"CANOINHAS";"Sim";"Acessar a via sem observar a presen�a dos outros ve�culos";1;"Colis�o frontal";"Com V�timas Fatais";"Pleno dia";"Crescente";"C�u Claro";"Simples";"Reta;Aclive";"Sim";1329918;"Motocicleta";"TRIUMPH/TIGER 900 GT PRO/TIGER 900 GT PRO";2021;"Condutor";"�bito";50;"Masculino";0;0;0;1;-26,19432794;-50,42206407;"SPRF-SC";"DEL06-SC";"UOP04-DEL06-SC"
744837;1669158;2025-10-18;"s�bado";"15:25:00";"RN";101;81,6;"NATAL";"Sim";"Trafegar com motocicleta (ou similar) entre as faixas";1;"Colis�o lateral mesmo sentido";"Com V�timas Feridas";"Pleno dia";"Decrescente";"Sol";"Dupla";"Reta";"Sim";1329945;"Ciclomotor";"N�o Informado/N�o Informado/N�o Informado";0;"Passageiro";"Les�es Graves";30;"Feminino";0;0;1;0;-5,7658795;-35,2796305;"SPRF-RN";"DEL02-RN";"UOP01-DEL02-RN"
744837;1669157;2025-10-18;"s�bado";"15:25:00";"RN";101;81,6;"NATAL";"Sim";"Trafegar com motocicleta (ou similar) entre as faixas";1;"Colis�o lateral mesmo sentido";"Com V�timas Feridas";"Pleno dia";"Decrescente";"Sol";"Dupla";"Reta";"Sim";1329945;"Ciclomotor";"N�o Informado/N�o Informado/N�o Informado";0;"Condutor";"Les�es Graves";31;"Feminino";0;0;1;0;-5,7658795;-35,2796305;"SPRF-RN";"DEL02-RN";"UOP01-DEL02-RN"
744837;1669159;2025-10-18;"s�bado";"15:25:00";"RN";101;81,6;"NATAL";"Sim";"Trafegar com motocicleta (ou similar) entre as faixas";1;"Colis�o lateral mesmo sentido";"Com V�timas Feridas";"Pleno dia";"Decrescente";"Sol";"Dupla";"Reta";"Sim";1329946;"Autom�vel";"N�o Informado/N�o Informado/N�o Informado";0;"Condutor";"N�o Informado";NA;"N�o Informado";0;0;0;0;-5,7658795;-35,2796305;"SPRF-RN";"DEL02-RN";"UOP01-DEL02-RN"
744953;1669459;2025-11-27;"quinta-feira";"10:10:00";"RJ";116;181;"NOVA IGUACU";"Sim";"Aus�ncia de rea��o do condutor";1;"Colis�o lateral mesmo sentido";"Com V�timas Feridas";"Pleno dia";"Crescente";"C�u Claro";"Dupla";"Reta";"N�o";1330183;"Motocicleta";"YAMAHA/XTZ 250 LANDER/XTZ 250 LANDER";2024;"Condutor";"Les�es Leves";NA;"Masculino";0;1;0;0;-22,7585969;-43,42822015;"SPRF-RJ";"DEL06-RJ";"UOP01-DEL06-RJ"
744953;1669458;2025-11-27;"quinta-feira";"10:10:00";"RJ";116;181;"NOVA IGUACU";"Sim";"Aus�ncia de rea��o do condutor";1;"Colis�o lateral mesmo sentido";"Com V�timas Feridas";"Pleno dia";"Crescente";"C�u Claro";"Dupla";"Reta";"N�o";1330182;"Autom�vel";"I/FIAT CRONOS DRIVE1.3AT/FIAT CRONOS DRIVE1.3AT";2024;"Condutor";"Ileso";44;"Masculino";1;0;0;0;-22,7585969;-43,42822015;"SPRF-RJ";"DEL06-RJ";"UOP01-DEL06-RJ"
744955;1669468;2025-10-27;"segunda-feira";"18:00:00";"MG";381;486,5;"BETIM";"Sim";"Rea��o tardia ou ineficiente do condutor";2;"Tombamento";"Com V�timas Feridas";"Plena Noite";"Crescente";"C�u Claro";"M�ltipla";"Reta";"Sim";1330192;"Autom�vel";"CHEVROLET/ONIX 10MT JOYE/ONIX 10MT JOYE";2017;"Condutor";"Les�es Leves";40;"Masculino";0;1;0;0;-19,95580707;-44,1105458;"SPRF-MG";"DEL01-MG";"UOP03-DEL01-MG"
744955;1669467;2025-10-27;"segunda-feira";"18:00:00";"MG";381;486,5;"BETIM";"Sim";"Rea��o tardia ou ineficiente do condutor";2;"Tombamento";"Com V�timas Feridas";"Plena Noite";"Crescente";"C�u Claro";"M�ltipla";"Reta";"Sim";1330191;"Autom�vel";"VW/FOX XTREME MB/FOX XTREME MB";2017;"Condutor";"Ileso";26;"Feminino";1;0;0;0;-19,95580707;-44,1105458;"SPRF-MG";"DEL01-MG";"UOP03-DEL01-MG"