"id";"pesid";"data_inversa";"dia_semana";"horario";"uf";"br";"km";"municipio";"causa_principal";"causa_acidente";"ordem_tipo_acidente";"tipo_acidente";"classificacao_acidente";"fase_dia";"sentido_via";"condicao_metereologica";"tipo_pista";"tracado_via";"uso_solo";"id_veiculo";"tipo_veiculo";"marca";"ano_fabricacao_veiculo";"tipo_envolvido";"estado_fisico";"idade";"sexo";"ilesos";"feridos_leves";"feridos_graves";"mortos";"latitude";"longitude";"regional";"delegacia";"uop"
744955;1669466;2025-10-27;"segunda-feira";"18:00:00";"MG";381;486,5;"BETIM";"Sim";"Rea��o tardia ou ineficiente do condutor";2;"Tombamento";"Com V�timas Feridas";"Plena Noite";"Crescente";"C�u Claro";"M�ltipla";"Reta";"Sim";1330190;"Autom�vel";"FIAT/ARGO DRIVE 1.0/ARGO DRIVE 1.0";2024;"Condutor";"Ileso";41;"Masculino";1;0;0;0;-19,95580707;-44,1105458;"SPRF-MG";"DEL01-MG";"UOP03-DEL01-MG"
744955;1669468;2025-10-27;"segunda-feira";"18:00:00";"MG";381;486,5;"BETIM";"Sim";"Rea��o tardia ou ineficiente do condutor";1;"Engavetamento";"Com V�timas Feridas";"Plena Noite";"Crescente";"C�u Claro";"M�ltipla";"Reta";"Sim";1330192;"Autom�vel";"CHEVROLET/ONIX 10MT JOYE/ONIX 10MT JOYE";2017;"Condutor";"Les�es Leves";40;"Masculino";0;1;0;0;-19,95580707;-44,1105458;"SPRF-MG";"DEL01-MG";"UOP03-DEL01-MG"
744955;1669467;2025-10-27;"segunda-feira";"18:00:00";"MG";381;486,5;"BETIM";"Sim";"Rea��o tardia ou ineficiente do condutor";1;"Engavetamento";"Com V�timas Feridas";"Plena Noite";"Crescente";"C�u Claro";"M�ltipla";"Reta";"Sim";1330191;"Autom�vel";"VW/FOX XTREME MB/FOX XTREME MB";2017;"Condutor";"Ileso";26;"Feminino";1;0;0;0;-19,95580707;-44,1105458;"SPRF-MG";"DEL01-MG";"UOP03-DEL01-MG"
744955;1669466;2025-10-27;"segunda-feira";"18:00:00";"MG";381;486,5;"BETIM";"Sim";"Rea��o tardia ou ineficiente do condutor";1;"Engavetamento";"Com V�timas Feridas";"Plena Noite";"Crescente";"C�u Claro";"M�ltipla";"Reta";"Sim";1330190;"Autom�vel";"FIAT/ARGO DRIVE 1.0/ARGO DRIVE 1.0";2024;"Condutor";"Ileso";41;"Masculino";1;0;0;0;-19,95580707;-44,1105458;"SPRF-MG";"DEL01-MG";"UOP03-DEL01-MG"
744962;1669483;2025-11-24;"segunda-feira";"16:30:00";"RJ";101;442;"MANGARATIBA";"Sim";"Rea��o tardia ou ineficiente do condutor";1;"Capotamento";"Com V�timas Feridas";"Pleno dia";"Decrescente";"Chuva";"Simples";"Declive;Curva";"N�o";1330211;"Autom�vel";"RENAULT/CAPTUR INTEN 16A/CAPTUR INTEN 16A";2019;"Passageiro";"Les�es Graves";38;"Feminino";0;0;1;0;-22,97995195;-44,08308014;"SPRF-RJ";"DEL03-RJ";"UOP02-DEL03-RJ"
744962;1669482;2025-11-24;"segunda-feira";"16:30:00";"RJ";101;442;"MANGARATIBA";"Sim";"Rea��o tardia ou ineficiente do condutor";1;"Capotamento";"Com V�timas Feridas";"Pleno dia";"Decrescente";"Chuva";"Simples";"Declive;Curva";"N�o";1330211;"Autom�vel";"RENAULT/CAPTUR INTEN 16A/CAPTUR INTEN 16A";2019;"Passageiro";"Les�es Leves";29;"Masculino";0;1;0;0;-22,97995195;-44,08308014;"SPRF-RJ";"DEL03-RJ";"UOP02-DEL03-RJ"
744962;1669481;2025-11-24;"segunda-feira";"16:30:00";"RJ";101;442;"MANGARATIBA";"Sim";"Rea��o tardia ou ineficiente do condutor";1;"Capotamento";"Com V�timas Feridas";"Pleno dia";"Decrescente";"Chuva";"Simples";"Declive;Curva";"N�o";1330211;"Autom�vel";"RENAULT/CAPTUR INTEN 16A/CAPTUR INTEN 16A";2019;"Condutor";"Ileso";29;"Feminino";1;0;0;0;-22,97995195;-44,08308014;"SPRF-RJ";"DEL03-RJ";"UOP02-DEL03-RJ"
744978;1669531;2025-10-28;"ter�a-feira";"15:00:00";"MA";226;547,9;"PORTO FRANCO";"N�o";"Rea��o tardia ou ineficiente do condutor";2;"Capotamento";"Com V�timas Feridas";"Pleno dia";"Crescente";"C�u Claro";"Simples";"Reta";"N�o";1330234;"Caminhonete";"MMC/TRITON SP OUTD GLS A/TRITON SP OUTD GLS A";0;"Condutor";"Les�es Leves";NA;"Masculino";0;1;0;0;-6,263718;-47,19904;"SPRF-MA";"DEL04-MA";"UOP02-DEL04-MA"
744978;1669531;2025-10-28;"ter�a-feira";"15:00:00";"MA";226;547,9;"PORTO FRANCO";"N�o";"Rea��o tardia ou ineficiente do condutor";1;"Sa�da de leito carro��vel";"Com V�timas Feridas";"Pleno dia";"Crescente";"C�u Claro";"Simples";"Reta";"N�o";1330234;"Caminhonete";"MMC/TRITON SP OUTD GLS A/TRITON SP OUTD GLS A";0;"Condutor";"Les�es Leves";NA;"Masculino";0;1;0;0;-6,263718;-47,19904;"SPRF-MA";"DEL04-MA";"UOP02-DEL04-MA"
744978;1669531;2025-10-28;"ter�a-feira";"15:00:00";"MA";226;547,9;"PORTO FRANCO";"Sim";"Acumulo de areia ou detritos sobre o pavimento";2;"Capotamento";"Com V�timas Feridas";"Pleno dia";"Crescente";"C�u Claro";"Simples";"Reta";"N�o";1330234;"Caminhonete";"MMC/TRITON SP OUTD GLS A/TRITON SP OUTD GLS A";0;"Condutor";"Les�es Leves";NA;"Masculino";0;1;0;0;-6,263718;-47,19904;"SPRF-MA";"DEL04-MA";"UOP02-DEL04-MA"
744978;1669531;2025-10-28;"ter�a-feira";"15:00:00";"MA";226;547,9;"PORTO FRANCO";"Sim";"Acumulo de areia ou detritos sobre o pavimento";1;"Sa�da de leito carro��vel";"Com V�timas Feridas";"Pleno dia";"Crescente";"C�u Claro";"Simples";"Reta";"N�o";1330234;"Caminhonete";"MMC/TRITON SP OUTD GLS A/TRITON SP OUTD GLS A";0;"Condutor";"Les�es Leves";NA;"Masculino";0;1;0;0;-6,263718;-47,19904;"SPRF-MA";"DEL04-MA";"UOP02-DEL04-MA"
744978;1669531;2025-10-28;"ter�a-feira";"15:00:00";"MA";226;547,9;"PORTO FRANCO";"N�o";"Pista Escorregadia";2;"Capotamento";"Com V�timas Feridas";"Pleno dia";"Crescente";"C�u Claro";"Simples";"Reta";"N�o";1330234;"Caminhonete";"MMC/TRITON SP OUTD GLS A/TRITON SP OUTD GLS A";0;"Condutor";"Les�es Leves";NA;"Masculino";0;1;0;0;-6,263718;-47,19904;"SPRF-MA";"DEL04-MA";"UOP02-DEL04-MA"
744978;1669531;2025-10-28;"ter�a-feira";"15:00:00";"MA";226;547,9;"PORTO FRANCO";"N�o";"Pista Escorregadia";1;"Sa�da de leito carro��vel";"Com V�timas Feridas";"Pleno dia";"Crescente";"C�u Claro";"Simples";"Reta";"N�o";1330234;"Caminhonete";"MMC/TRITON SP OUTD GLS A/TRITON SP OUTD GLS A";0;"Condutor";"Les�es Leves";NA;"Masculino";0;1;0;0;-6,263718;-47,19904;"SPRF-MA";"DEL04-MA";"UOP02-DEL04-MA"
744989;1669571;2025-12-22;"segunda-feira";"17:30:00";"RJ";116;180;"NOVA IGUACU";"Sim";"Rea��o tardia ou ineficiente do condutor";1;"Colis�o com objeto";"Com V�timas Feridas";"Anoitecer";"Crescente";"Ignorado";"Dupla";"Reta";"Sim";1330260;"Autom�vel";"CHEVROLET/ONIX 1.0MT LT/ONIX 1.0MT LT";2016;"Condutor";"Les�es Leves";NA;"Feminino";0;1;0;0;-22,74325614;-43,45779419;"SPRF-RJ";"DEL06-RJ";"UOP01-DEL06-RJ"
745088;1669799;2025-09-07;"domingo";"17:00:00";"MG";40;508,8;"RIBEIRAO DAS NEVES";"Sim";"Acessar a via sem observar a presen�a dos outros ve�culos";1;"Colis�o lateral mesmo sentido";"Com V�timas Feridas";"Pleno dia";"Crescente";"C�u Claro";"Dupla";"Reta;Retorno Regulamentado";"Sim";1330403;"Autom�vel";"N�o Informado/N�o Informado/N�o Informado";0;"Condutor";"N�o Informado";NA;"N�o Informado";0;0;0;0;-19,76557945;-44,13020754;"SPRF-MG";"DEL01-MG";"UOP02-DEL01-MG"
745088;1669800;2025-09-07;"domingo";"17:00:00";"MG";40;508,8;"RIBEIRAO DAS NEVES";"Sim";"Acessar a via sem observar a presen�a dos outros ve�culos";1;"Colis�o lateral mesmo sentido";"Com V�timas Feridas";"Pleno dia";"Crescente";"C�u Claro";"Dupla";"Reta;Retorno Regulamentado";"Sim";1330402;"Motocicleta";"HONDA/XRE 300 SAHARA RAL/XRE 300 SAHARA RAL";2024;"Condutor";"Les�es Graves";64;"Masculino";0;0;1;0;-19,76557945;-44,13020754;"SPRF-MG";"DEL01-MG";"UOP02-DEL01-MG"
745088;1669798;2025-09-07;"domingo";"17:00:00";"MG";40;508,8;"RIBEIRAO DAS NEVES";"Sim";"Acessar a via sem observar a presen�a dos outros ve�culos";1;"Colis�o lateral mesmo sentido";"Com V�timas Feridas";"Pleno dia";"Crescente";"C�u Claro";"Dupla";"Reta;Retorno Regulamentado";"Sim";1330402;"Motocicleta";"HONDA/XRE 300 SAHARA RAL/XRE 300 SAHARA RAL";2024;"Passageiro";"Les�es Graves";51;"Feminino";0;0;1;0;-19,76557945;-44,13020754;"SPRF-MG";"DEL01-MG";"UOP02-DEL01-MG"
745088;1669799;2025-09-07;"domingo";"17:00:00";"MG";40;508,8;"RIBEIRAO DAS NEVES";"Sim";"Acessar a via sem observar a presen�a dos outros ve�culos";3;"Tombamento";"Com V�timas Feridas";"Pleno dia";"Crescente";"C�u Claro";"Dupla";"Reta;Retorno Regulamentado";"Sim";1330403;"Autom�vel";"N�o Informado/N�o Informado/N�o Informado";0;"Condutor";"N�o Informado";NA;"N�o Informado";0;0;0;0;-19,76557945;-44,13020754;"SPRF-MG";"DEL01-MG";"UOP02-DEL01-MG"
745088;1669800;2025-09-07;"domingo";"17:00:00";"MG";40;508,8;"RIBEIRAO DAS NEVES";"Sim";"Acessar a via sem observar a presen�a dos outros ve�culos";3;"Tombamento";"Com V�timas Feridas";"Pleno dia";"Crescente";"C�u Claro";"Dupla";"Reta;Retorno Regulamentado";"Sim";1330402;"Motocicleta";"HONDA/XRE 300 SAHARA RAL/XRE 300 SAHARA RAL";2024;"Condutor";"Les�es Graves";64;"Masculino";0;0;1;0;-19,76557945;-44,13020754;"SPRF-MG";"DEL01-MG";"UOP02-DEL01-MG"
745088;1669798;2025-09-07;"domingo";"17:00:00";"MG";40;508,8;"RIBEIRAO DAS NEVES";"Sim";"Acessar a via sem observar a presen�a dos outros ve�culos";3;"Tombamento";"Com V�timas Feridas";"Pleno dia";"Crescente";"C�u Claro";"Dupla";"Reta;Retorno Regulamentado";"Sim";1330402;"Motocicleta";"HONDA/XRE 300 SAHARA RAL/XRE 300 SAHARA RAL";2024;"Passageiro";"Les�es Graves";51;"Feminino";0;0;1;0;-19,76557945;-44,13020754;"SPRF-MG";"DEL01-MG";"UOP02-DEL01-MG"
745088;1669799;2025-09-07;"domingo";"17:00:00";"MG";40;508,8;"RIBEIRAO DAS NEVES";"Sim";"Acessar a via sem observar a presen�a dos outros ve�culos";2;"Queda de ocupante de ve�culo";"Com V�timas Feridas";"Pleno dia";"Crescente";"C�u Claro";"Dupla";"Reta;Retorno Regulamentado";"Sim";1330403;"Autom�vel";"N�o Informado/N�o Informado/N�o Informado";0;"Condutor";"N�o Informado";NA;"N�o Informado";0;0;0;0;-19,76557945;-44,13020754;"SPRF-MG";"DEL01-MG";"UOP02-DEL01-MG"
745088;1669800;2025-09-07;"domingo";"17:00:00";"MG";40;508,8;"RIBEIRAO DAS NEVES";"Sim";"Acessar a via sem observar a presen�a dos outros ve�culos";2;"Queda de ocupante de ve�culo";"Com V�timas Feridas";"Pleno dia";"Crescente";"C�u Claro";"Dupla";"Reta;Retorno Regulamentado";"Sim";1330402;"Motocicleta";"HONDA/XRE 300 SAHARA RAL/XRE 300 SAHARA RAL";2024;"Condutor";"Les�es Graves";64;"Masculino";0;0;1;0;-19,76557945;-44,13020754;"SPRF-MG";"DEL01-MG";"UOP02-DEL01-MG"
745088;1669798;2025-09-07;"domingo";"17:00:00";"MG";40;508,8;"RIBEIRAO DAS NEVES";"Sim";"Acessar a via sem observar a presen�a dos outros ve�culos";2;"Queda de ocupante de ve�culo";"Com V�timas Feridas";"Pleno dia";"Crescente";"C�u Claro";"Dupla";"Reta;Retorno Regulamentado";"Sim";1330402;"Motocicleta";"HONDA/XRE 300 SAHARA RAL/XRE 300 SAHARA RAL";2024;"Passageiro";"Les�es Graves";51;"Feminino";0;0;1;0;-19,76557945;-44,13020754;"SPRF-MG";"DEL01-MG";"UOP02-DEL01-MG"
745144;1669981;2025-12-27;"s�bado";"10:25:00";"MG";40;513;"RIBEIRAO DAS NEVES";"Sim";"Condutor deixou de manter dist�ncia do ve�culo da frente";1;"Colis�o lateral mesmo sentido";"Com V�timas Feridas";"Pleno dia";"Decrescente";"C�u Claro";"Dupla";"Reta;Declive";"N�o";1330529;"Autom�vel";"CHEVROLET/ONIX 10MT JOYE/ONIX 10MT JOYE";2019;"Condutor";"Ileso";33;"Masculino";1;0;0;0;-19,7909372;-44,1121063;"SPRF-MG";"DEL01-MG";"UOP02-DEL01-MG"
745144;1669980;2025-12-27;"s�bado";"10:25:00";"MG";40;513;"RIBEIRAO DAS NEVES";"Sim";"Condutor deixou de manter dist�ncia do ve�culo da frente";1;"Colis�o lateral mesmo sentido";"Com V�timas Feridas";"Pleno dia";"Decrescente";"C�u Claro";"Dupla";"Reta;Declive";"N�o";1330528;"Caminhonete";"I/TOYOTA HILUX CDSRXA4FD/TOYOTA HILUX CDSRXA4FD";2021;"Condutor";"Ileso";68;"Masculino";1;0;0;0;-19,7909372;-44,1121063;"SPRF-MG";"DEL01-MG";"UOP02-DEL01-MG"
745144;1669979;2025-12-27;"s�bado";"10:25:00";"MG";40;513;"RIBEIRAO DAS NEVES";"Sim";"Condutor deixou de manter dist�ncia do ve�culo da frente";1;"Colis�o lateral mesmo sentido";"Com V�timas Feridas";"Pleno dia";"Decrescente";"C�u Claro";"Dupla";"Reta;Declive";"N�o";1330527;"Motocicleta";"HONDA/XRE 300/XRE 300";2015;"Condutor";"Les�es Graves";25;"Masculino";0;0;1;0;-19,7909372;-44,1121063;"SPRF-MG";"DEL01-MG";"UOP02-DEL01-MG"
745144;1669981;2025-12-27;"s�bado";"10:25:00";"MG";40;513;"RIBEIRAO DAS NEVES";"N�o";"Manobra de mudan�a de faixa";1;"Colis�o lateral mesmo sentido";"Com V�timas Feridas";"Pleno dia";"Decrescente";"C�u Claro";"Dupla";"Reta;Declive";"N�o";1330529;"Autom�vel";"CHEVROLET/ONIX 10MT JOYE/ONIX 10MT JOYE";2019;"Condutor";"Ileso";33;"Masculino";1;0;0;0;-19,7909372;-44,1121063;"SPRF-MG";"DEL01-MG";"UOP02-DEL01-MG"
745144;1669980;2025-12-27;"s�bado";"10:25:00";"MG";40;513;"RIBEIRAO DAS NEVES";"N�o";"Manobra de mudan�a de faixa";1;"Colis�o lateral mesmo sentido";"Com V�timas Feridas";"Pleno dia";"Decrescente";"C�u Claro";"Dupla";"Reta;Declive";"N�o";1330528;"Caminhonete";"I/TOYOTA HILUX CDSRXA4FD/TOYOTA HILUX CDSRXA4FD";2021;"Condutor";"Ileso";68;"Masculino";1;0;0;0;-19,7909372;-44,1121063;"SPRF-MG";"DEL01-MG";"UOP02-DEL01-MG"
745144;1669979;2025-12-27;"s�bado";"10:25:00";"MG";40;513;"RIBEIRAO DAS NEVES";"N�o";"Manobra de mudan�a de faixa";1;"Colis�o lateral mesmo sentido";"Com V�timas Feridas";"Pleno dia";"Decrescente";"C�u Claro";"Dupla";"Reta;Declive";"N�o";1330527;"Motocicleta";"HONDA/XRE 300/XRE 300";2015;"Condutor";"Les�es Graves";25;"Masculino";0;0;1;0;-19,7909372;-44,1121063;"SPRF-MG";"DEL01-MG";"UOP02-DEL01-MG"
745183;1670764;2025-12-30;"ter�a-feira";"00:30:00";"SC";282;498;"XANXERE";"Sim";"Acessar a via sem observar a presen�a dos outros ve�culos";1;"Colis�o transversal";"Com V�timas Feridas";"Plena Noite";"Crescente";"Nublado";"Simples";"Retorno Regulamentado;Reta;Interse��o de Vias";"N�o";1331077;"Caminh�o";"FORD/CARGO 1317 E/CARGO 1317 E";2007;"Condutor";"Ileso";NA;"Masculino";1;0;0;0;-26,88051679;-52,35949874;"SPRF-SC";"DEL07-SC";"UOP01-DEL07-SC"
745183;1670099;2025-12-30;"ter�a-feira";"00:30:00";"SC";282;498;"XANXERE";"Sim";"Acessar a via sem observar a presen�a dos outros ve�culos";1;"Colis�o transversal";"Com V�timas Feridas";"Plena Noite";"Crescente";"Nublado";"Simples";"Retorno Regulamentado;Reta;Interse��o de Vias";"N�o";1330607;"Autom�vel";"CHEVROLET/CELTA 1.0L LS/CELTA 1.0L LS";2013;"Condutor";"Les�es Leves";NA;"Masculino";0;1;0;0;-26,88051679;-52,35949874;"SPRF-SC";"DEL07-SC";"UOP01-DEL07-SC"
745223;1670159;2025-12-12;"sexta-feira";"10:45:00";"MG";262;92;"ABRE CAMPO";"Sim";"Transitar no Acostamento";1;"Colis�o traseira";"Com V�timas Feridas";"Pleno dia";"Decrescente";"C�u Claro";"Simples";"Reta";"N�o";1330650;"Caminh�o";"M.BENZ/L 1620/L 1620";0;"Condutor";"Ileso";NA;"Masculino";1;0;0;0;-20,32144799;-42,4697113;"SPRF-MG";"DEL03-MG";"UOP03-DEL03-MG"
745223;1670220;2025-12-12;"sexta-feira";"10:45:00";"MG";262;92;"ABRE CAMPO";"Sim";"Transitar no Acostamento";1;"Colis�o traseira";"Com V�timas Feridas";"Pleno dia";"Decrescente";"C�u Claro";"Simples";"Reta";"N�o";1330643;"Utilit�rio";"JEEP/COMMANDER LIM TD380/COMMANDER LIM TD380";0;"Passageiro";"Les�es Graves";NA;"Feminino";0;0;1;0;-20,32144799;-42,4697113;"SPRF-MG";"DEL03-MG";"UOP03-DEL03-MG"
745223;1670153;2025-12-12;"sexta-feira";"10:45:00";"MG";262;92;"ABRE CAMPO";"Sim";"Transitar no Acostamento";1;"Colis�o traseira";"Com V�timas Feridas";"Pleno dia";"Decrescente";"C�u Claro";"Simples";"Reta";"N�o";1330643;"Utilit�rio";"JEEP/COMMANDER LIM TD380/COMMANDER LIM TD380";0;"Condutor";"Les�es Leves";NA;"Masculino";0;1;0;0;-20,32144799;-42,4697113;"SPRF-MG";"DEL03-MG";"UOP03-DEL03-MG"
745227;1670156;2025-12-07;"domingo";"20:30:00";"SC";101;79;"ARAQUARI";"Sim";"Acessar a via sem observar a presen�a dos outros ve�culos";1;"Colis�o traseira";"Com V�timas Feridas";"Plena Noite";"Decrescente";"C�u Claro";"M�ltipla";"Retorno Regulamentado";"N�o";1330648;"Autom�vel";"GM/ASTRA HB 4P ADVANTAGE/ASTRA HB 4P ADVANTAGE";2009;"Condutor";"Ileso";27;"Masculino";1;0;0;0;-26,59555423;-48,7227544;"SPRF-SC";"DEL03-SC";"UOP02-DEL03-SC"
745227;1670155;2025-12-07;"domingo";"20:30:00";"SC";101;79;"ARAQUARI";"Sim";"Acessar a via sem observar a presen�a dos outros ve�culos";1;"Colis�o traseira";"Com V�timas Feridas";"Plena Noite";"Decrescente";"C�u Claro";"M�ltipla";"Retorno Regulamentado";"N�o";1330647;"Motocicleta";"YAMAHA/YBR150 FACTOR/YBR150 FACTOR";2025;"Passageiro";"Les�es Leves";40;"Feminino";0;1;0;0;-26,59555423;-48,7227544;"SPRF-SC";"DEL03-SC";"UOP02-DEL03-SC"
745227;1670154;2025-12-07;"domingo";"20:30:00";"SC";101;79;"ARAQUARI";"Sim";"Acessar a via sem observar a presen�a dos outros ve�culos";1;"Colis�o traseira";"Com V�timas Feridas";"Plena Noite";"Decrescente";"C�u Claro";"M�ltipla";"Retorno Regulamentado";"N�o";1330647;"Motocicleta";"YAMAHA/YBR150 FACTOR/YBR150 FACTOR";2025;"Condutor";"Les�es Leves";35;"Masculino";0;1;0;0;-26,59555423;-48,7227544;"SPRF-SC";"DEL03-SC";"UOP02-DEL03-SC"
745236;1670180;2025-12-24;"quarta-feira";"19:56:00";"MA";135;5;"SAO LUIS";"Sim";"Acessar a via sem observar a presen�a dos outros ve�culos";1;"Colis�o traseira";"Com V�timas Feridas";"Plena Noite";"Crescente";"C�u Claro";"Dupla";"Reta";"Sim";1330660;"Autom�vel";"GM/PRISMA JOY/PRISMA JOY";2007;"Condutor";"Ileso";22;"Masculino";1;0;0;0;-2,624065;-44,249837;"SPRF-MA";"DEL01-MA";"UOP01-DEL01-MA"
745236;1670181;2025-12-24;"quarta-feira";"19:56:00";"MA";135;5;"SAO LUIS";"Sim";"Acessar a via sem observar a presen�a dos outros ve�culos";1;"Colis�o traseira";"Com V�timas Feridas";"Plena Noite";"Crescente";"C�u Claro";"Dupla";"Reta";"Sim";1330659;"Caminhonete";"VW/SAVEIRO CE CROSS MA/SAVEIRO CE CROSS MA";2014;"Passageiro";"Les�es Leves";1;"Masculino";0;1;0;0;-2,624065;-44,249837;"SPRF-MA";"DEL01-MA";"UOP01-DEL01-MA"
745236;1670179;2025-12-24;"quarta-feira";"19:56:00";"MA";135;5;"SAO LUIS";"Sim";"Acessar a via sem observar a presen�a dos outros ve�culos";1;"Colis�o traseira";"Com V�timas Feridas";"Plena Noite";"Crescente";"C�u Claro";"Dupla";"Reta";"Sim";1330659;"Caminhonete";"VW/SAVEIRO CE CROSS MA/SAVEIRO CE CROSS MA";2014;"Condutor";"Ileso";23;"Masculino";1;0;0;0;-2,624065;-44,249837;"SPRF-MA";"DEL01-MA";"UOP01-DEL01-MA"
745239;1670187;2025-09-21;"domingo";"18:00:00";"MG";262;35;"MANHUACU";"Sim";"Ultrapassagem Indevida";3;"Queda de ocupante de ve�culo";"Com V�timas Feridas";"Anoitecer";"Decrescente";"C�u Claro";"Simples";"Reta";"Sim";1330668;"Motocicleta";"YAMAHA/YZF R15 ABS/YZF R15 ABS";2024;"Condutor";"Les�es Graves";19;"Feminino";0;0;1;0;-20,259394;-42,031821;"SPRF-MG";"DEL06-MG";"UOP03-DEL06-MG"
745239;1670186;2025-09-21;"domingo";"18:00:00";"MG";262;35;"MANHUACU";"Sim";"Ultrapassagem Indevida";3;"Queda de ocupante de ve�culo";"Com V�timas Feridas";"Anoitecer";"Decrescente";"C�u Claro";"Simples";"Reta";"Sim";1330667;"Autom�vel";"FIAT/ARGO TREKKING 1.3/ARGO TREKKING 1.3";2021;"Condutor";"Ileso";44;"Feminino";1;0;0;0;-20,259394;-42,031821;"SPRF-MG";"DEL06-MG";"UOP03-DEL06-MG"
745239;1670187;2025-09-21;"domingo";"18:00:00";"MG";262;35;"MANHUACU";"Sim";"Ultrapassagem Indevida";2;"Tombamento";"Com V�timas Feridas";"Anoitecer";"Decrescente";"C�u Claro";"Simples";"Reta";"Sim";1330668;"Motocicleta";"YAMAHA/YZF R15 ABS/YZF R15 ABS";2024;"Condutor";"Les�es Graves";19;"Feminino";0;0;1;0;-20,259394;-42,031821;"SPRF-MG";"DEL06-MG";"UOP03-DEL06-MG"
745239;1670186;2025-09-21;"domingo";"18:00:00";"MG";262;35;"MANHUACU";"Sim";"Ultrapassagem Indevida";2;"Tombamento";"Com V�timas Feridas";"Anoitecer";"Decrescente";"C�u Claro";"Simples";"Reta";"Sim";1330667;"Autom�vel";"FIAT/ARGO TREKKING 1.3/ARGO TREKKING 1.3";2021;"Condutor";"Ileso";44;"Feminino";1;0;0;0;-20,259394;-42,031821;"SPRF-MG";"DEL06-MG";"UOP03-DEL06-MG"
745239;1670187;2025-09-21;"domingo";"18:00:00";"MG";262;35;"MANHUACU";"Sim";"Ultrapassagem Indevida";1;"Colis�o transversal";"Com V�timas Feridas";"Anoitecer";"Decrescente";"C�u Claro";"Simples";"Reta";"Sim";1330668;"Motocicleta";"YAMAHA/YZF R15 ABS/YZF R15 ABS";2024;"Condutor";"Les�es Graves";19;"Feminino";0;0;1;0;-20,259394;-42,031821;"SPRF-MG";"DEL06-MG";"UOP03-DEL06-MG"
745239;1670186;2025-09-21;"domingo";"18:00:00";"MG";262;35;"MANHUACU";"Sim";"Ultrapassagem Indevida";1;"Colis�o transversal";"Com V�timas Feridas";"Anoitecer";"Decrescente";"C�u Claro";"Simples";"Reta";"Sim";1330667;"Autom�vel";"FIAT/ARGO TREKKING 1.3/ARGO TREKKING 1.3";2021;"Condutor";"Ileso";44;"Feminino";1;0;0;0;-20,259394;-42,031821;"SPRF-MG";"DEL06-MG";"UOP03-DEL06-MG"
745251;NA;2025-10-29;"quarta-feira";"03:50:00";"SC";101;4;"GARUVA";"N�o";"Condutor deixou de manter dist�ncia do ve�culo da frente";1;"Colis�o traseira";"Com V�timas Feridas";"Plena Noite";"Crescente";"Nublado";"Dupla";"Reta";"N�o";1330696;"Semireboque";"SR/NOMA SR2E18RT2 CG/NOMA SR2E18RT2 CG";2008;NA;NA;NA;NA;NA;NA;NA;NA;-26,01835633;-48,86220329;"SPRF-SC";"DEL03-SC";"UOP01-DEL03-SC"
745251;NA;2025-10-29;"quarta-feira";"03:50:00";"SC";101;4;"GARUVA";"N�o";"Condutor deixou de manter dist�ncia do ve�culo da frente";1;"Colis�o traseira";"Com V�timas Feridas";"Plena Noite";"Crescente";"Nublado";"Dupla";"Reta";"N�o";1330695;"Semireboque";"SR/MANOS SRCF 3E/MANOS SRCF 3E";2018;NA;NA;NA;NA;NA;NA;NA;NA;-26,01835633;-48,86220329;"SPRF-SC";"DEL03-SC";"UOP01-DEL03-SC"
745251;NA;2025-10-29;"quarta-feira";"03:50:00";"SC";101;4;"GARUVA";"N�o";"Condutor deixou de manter dist�ncia do ve�culo da frente";1;"Colis�o traseira";"Com V�timas Feridas";"Plena Noite";"Crescente";"Nublado";"Dupla";"Reta";"N�o";1330694;"Semireboque";"SR/NOMA SR2E18RT1 CG/NOMA SR2E18RT1 CG";2008;NA;NA;NA;NA;NA;NA;NA;NA;-26,01835633;-48,86220329;"SPRF-SC";"DEL03-SC";"UOP01-DEL03-SC"
745251;1670219;2025-10-29;"quarta-feira";"03:50:00";"SC";101;4;"GARUVA";"N�o";"Condutor deixou de manter dist�ncia do ve�culo da frente";1;"Colis�o traseira";"Com V�timas Feridas";"Plena Noite";"Crescente";"Nublado";"Dupla";"Reta";"N�o";1330693;"Caminh�o-trator";"VW/25.360 CTC 6X2/25.360 CTC 6X2";2021;"Condutor";"Ileso";38;"Masculino";1;0;0;0;-26,01835633;-48,86220329;"SPRF-SC";"DEL03-SC";"UOP01-DEL03-SC"
745251;1670218;2025-10-29;"quarta-feira";"03:50:00";"SC";101;4;"GARUVA";"N�o";"Condutor deixou de manter dist�ncia do ve�culo da frente";1;"Colis�o traseira";"Com V�timas Feridas";"Plena Noite";"Crescente";"Nublado";"Dupla";"Reta";"N�o";1330692;"Caminh�o-trator";"SCANIA/T113 H 4X2 310/T113 H 4X2 310";1991;"Condutor";"Les�es Graves";37;"Masculino";0;0;1;0;-26,01835633;-48,86220329;"SPRF-SC";"DEL03-SC";"UOP01-DEL03-SC"