"id";"pesid";"data_inversa";"dia_semana";"horario";"uf";"br";"km";"municipio";"causa_principal";"causa_acidente";"ordem_tipo_acidente";"tipo_acidente";"classificacao_acidente";"fase_dia";"sentido_via";"condicao_metereologica";"tipo_pista";"tracado_via";"uso_solo";"id_veiculo";"tipo_veiculo";"marca";"ano_fabricacao_veiculo";"tipo_envolvido";"estado_fisico";"idade";"sexo";"ilesos";"feridos_leves";"feridos_graves";"mortos";"latitude";"longitude";"regional";"delegacia";"uop"
745251;NA;2025-10-29;"quarta-feira";"03:50:00";"SC";101;4;"GARUVA";"Sim";"Aus�ncia de rea��o do condutor";1;"Colis�o traseira";"Com V�timas Feridas";"Plena Noite";"Crescente";"Nublado";"Dupla";"Reta";"N�o";1330696;"Semireboque";"SR/NOMA SR2E18RT2 CG/NOMA SR2E18RT2 CG";2008;NA;NA;NA;NA;NA;NA;NA;NA;-26,01835633;-48,86220329;"SPRF-SC";"DEL03-SC";"UOP01-DEL03-SC"
745251;NA;2025-10-29;"quarta-feira";"03:50:00";"SC";101;4;"GARUVA";"Sim";"Aus�ncia de rea��o do condutor";1;"Colis�o traseira";"Com V�timas Feridas";"Plena Noite";"Crescente";"Nublado";"Dupla";"Reta";"N�o";1330695;"Semireboque";"SR/MANOS SRCF 3E/MANOS SRCF 3E";2018;NA;NA;NA;NA;NA;NA;NA;NA;-26,01835633;-48,86220329;"SPRF-SC";"DEL03-SC";"UOP01-DEL03-SC"
745251;NA;2025-10-29;"quarta-feira";"03:50:00";"SC";101;4;"GARUVA";"Sim";"Aus�ncia de rea��o do condutor";1;"Colis�o traseira";"Com V�timas Feridas";"Plena Noite";"Crescente";"Nublado";"Dupla";"Reta";"N�o";1330694;"Semireboque";"SR/NOMA SR2E18RT1 CG/NOMA SR2E18RT1 CG";2008;NA;NA;NA;NA;NA;NA;NA;NA;-26,01835633;-48,86220329;"SPRF-SC";"DEL03-SC";"UOP01-DEL03-SC"
745251;1670219;2025-10-29;"quarta-feira";"03:50:00";"SC";101;4;"GARUVA";"Sim";"Aus�ncia de rea��o do condutor";1;"Colis�o traseira";"Com V�timas Feridas";"Plena Noite";"Crescente";"Nublado";"Dupla";"Reta";"N�o";1330693;"Caminh�o-trator";"VW/25.360 CTC 6X2/25.360 CTC 6X2";2021;"Condutor";"Ileso";38;"Masculino";1;0;0;0;-26,01835633;-48,86220329;"SPRF-SC";"DEL03-SC";"UOP01-DEL03-SC"
745251;1670218;2025-10-29;"quarta-feira";"03:50:00";"SC";101;4;"GARUVA";"Sim";"Aus�ncia de rea��o do condutor";1;"Colis�o traseira";"Com V�timas Feridas";"Plena Noite";"Crescente";"Nublado";"Dupla";"Reta";"N�o";1330692;"Caminh�o-trator";"SCANIA/T113 H 4X2 310/T113 H 4X2 310";1991;"Condutor";"Les�es Graves";37;"Masculino";0;0;1;0;-26,01835633;-48,86220329;"SPRF-SC";"DEL03-SC";"UOP01-DEL03-SC"
745254;1670237;2025-12-23;"ter�a-feira";"21:20:00";"MG";40;359,1;"FELIXLANDIA";"Sim";"Manobra de mudan�a de faixa";2;"Queda de ocupante de ve�culo";"Com V�timas Fatais";"Plena Noite";"Decrescente";"C�u Claro";"Simples";"Declive;Reta";"N�o";1330710;"Motocicleta";"DAFRA/NEXT 250/NEXT 250";2012;"Passageiro";"�bito";21;"Feminino";0;0;0;1;-18,73421649;-44,86936569;"SPRF-MG";"DEL02-MG";"UOP01-DEL02-MG"
745254;1670236;2025-12-23;"ter�a-feira";"21:20:00";"MG";40;359,1;"FELIXLANDIA";"Sim";"Manobra de mudan�a de faixa";2;"Queda de ocupante de ve�culo";"Com V�timas Fatais";"Plena Noite";"Decrescente";"C�u Claro";"Simples";"Declive;Reta";"N�o";1330710;"Motocicleta";"DAFRA/NEXT 250/NEXT 250";2012;"Condutor";"�bito";34;"Masculino";0;0;0;1;-18,73421649;-44,86936569;"SPRF-MG";"DEL02-MG";"UOP01-DEL02-MG"
745254;1670235;2025-12-23;"ter�a-feira";"21:20:00";"MG";40;359,1;"FELIXLANDIA";"Sim";"Manobra de mudan�a de faixa";2;"Queda de ocupante de ve�culo";"Com V�timas Fatais";"Plena Noite";"Decrescente";"C�u Claro";"Simples";"Declive;Reta";"N�o";1330709;"Camioneta";"FORD/ECOSPORT SE AT 1.6B/ECOSPORT SE AT 1.6B";2017;"Condutor";"Les�es Graves";48;"Feminino";0;0;1;0;-18,73421649;-44,86936569;"SPRF-MG";"DEL02-MG";"UOP01-DEL02-MG"
745254;1670237;2025-12-23;"ter�a-feira";"21:20:00";"MG";40;359,1;"FELIXLANDIA";"Sim";"Manobra de mudan�a de faixa";1;"Colis�o frontal";"Com V�timas Fatais";"Plena Noite";"Decrescente";"C�u Claro";"Simples";"Declive;Reta";"N�o";1330710;"Motocicleta";"DAFRA/NEXT 250/NEXT 250";2012;"Passageiro";"�bito";21;"Feminino";0;0;0;1;-18,73421649;-44,86936569;"SPRF-MG";"DEL02-MG";"UOP01-DEL02-MG"
745254;1670236;2025-12-23;"ter�a-feira";"21:20:00";"MG";40;359,1;"FELIXLANDIA";"Sim";"Manobra de mudan�a de faixa";1;"Colis�o frontal";"Com V�timas Fatais";"Plena Noite";"Decrescente";"C�u Claro";"Simples";"Declive;Reta";"N�o";1330710;"Motocicleta";"DAFRA/NEXT 250/NEXT 250";2012;"Condutor";"�bito";34;"Masculino";0;0;0;1;-18,73421649;-44,86936569;"SPRF-MG";"DEL02-MG";"UOP01-DEL02-MG"
745254;1670235;2025-12-23;"ter�a-feira";"21:20:00";"MG";40;359,1;"FELIXLANDIA";"Sim";"Manobra de mudan�a de faixa";1;"Colis�o frontal";"Com V�timas Fatais";"Plena Noite";"Decrescente";"C�u Claro";"Simples";"Declive;Reta";"N�o";1330709;"Camioneta";"FORD/ECOSPORT SE AT 1.6B/ECOSPORT SE AT 1.6B";2017;"Condutor";"Les�es Graves";48;"Feminino";0;0;1;0;-18,73421649;-44,86936569;"SPRF-MG";"DEL02-MG";"UOP01-DEL02-MG"
745254;1670237;2025-12-23;"ter�a-feira";"21:20:00";"MG";40;359,1;"FELIXLANDIA";"N�o";"Ingest�o de �lcool pelo condutor";2;"Queda de ocupante de ve�culo";"Com V�timas Fatais";"Plena Noite";"Decrescente";"C�u Claro";"Simples";"Declive;Reta";"N�o";1330710;"Motocicleta";"DAFRA/NEXT 250/NEXT 250";2012;"Passageiro";"�bito";21;"Feminino";0;0;0;1;-18,73421649;-44,86936569;"SPRF-MG";"DEL02-MG";"UOP01-DEL02-MG"
745254;1670236;2025-12-23;"ter�a-feira";"21:20:00";"MG";40;359,1;"FELIXLANDIA";"N�o";"Ingest�o de �lcool pelo condutor";2;"Queda de ocupante de ve�culo";"Com V�timas Fatais";"Plena Noite";"Decrescente";"C�u Claro";"Simples";"Declive;Reta";"N�o";1330710;"Motocicleta";"DAFRA/NEXT 250/NEXT 250";2012;"Condutor";"�bito";34;"Masculino";0;0;0;1;-18,73421649;-44,86936569;"SPRF-MG";"DEL02-MG";"UOP01-DEL02-MG"
745254;1670235;2025-12-23;"ter�a-feira";"21:20:00";"MG";40;359,1;"FELIXLANDIA";"N�o";"Ingest�o de �lcool pelo condutor";2;"Queda de ocupante de ve�culo";"Com V�timas Fatais";"Plena Noite";"Decrescente";"C�u Claro";"Simples";"Declive;Reta";"N�o";1330709;"Camioneta";"FORD/ECOSPORT SE AT 1.6B/ECOSPORT SE AT 1.6B";2017;"Condutor";"Les�es Graves";48;"Feminino";0;0;1;0;-18,73421649;-44,86936569;"SPRF-MG";"DEL02-MG";"UOP01-DEL02-MG"
745254;1670237;2025-12-23;"ter�a-feira";"21:20:00";"MG";40;359,1;"FELIXLANDIA";"N�o";"Ingest�o de �lcool pelo condutor";1;"Colis�o frontal";"Com V�timas Fatais";"Plena Noite";"Decrescente";"C�u Claro";"Simples";"Declive;Reta";"N�o";1330710;"Motocicleta";"DAFRA/NEXT 250/NEXT 250";2012;"Passageiro";"�bito";21;"Feminino";0;0;0;1;-18,73421649;-44,86936569;"SPRF-MG";"DEL02-MG";"UOP01-DEL02-MG"
745254;1670236;2025-12-23;"ter�a-feira";"21:20:00";"MG";40;359,1;"FELIXLANDIA";"N�o";"Ingest�o de �lcool pelo condutor";1;"Colis�o frontal";"Com V�timas Fatais";"Plena Noite";"Decrescente";"C�u Claro";"Simples";"Declive;Reta";"N�o";1330710;"Motocicleta";"DAFRA/NEXT 250/NEXT 250";2012;"Condutor";"�bito";34;"Masculino";0;0;0;1;-18,73421649;-44,86936569;"SPRF-MG";"DEL02-MG";"UOP01-DEL02-MG"
745254;1670235;2025-12-23;"ter�a-feira";"21:20:00";"MG";40;359,1;"FELIXLANDIA";"N�o";"Ingest�o de �lcool pelo condutor";1;"Colis�o frontal";"Com V�timas Fatais";"Plena Noite";"Decrescente";"C�u Claro";"Simples";"Declive;Reta";"N�o";1330709;"Camioneta";"FORD/ECOSPORT SE AT 1.6B/ECOSPORT SE AT 1.6B";2017;"Condutor";"Les�es Graves";48;"Feminino";0;0;1;0;-18,73421649;-44,86936569;"SPRF-MG";"DEL02-MG";"UOP01-DEL02-MG"
745274;1670351;2025-11-21;"sexta-feira";"20:00:00";"SC";101;206,9;"SAO JOSE";"Sim";"Acessar a via sem observar a presen�a dos outros ve�culos";1;"Colis�o transversal";"Com V�timas Feridas";"Plena Noite";"Crescente";"Garoa/Chuvisco";"M�ltipla";"Reta";"N�o";1330757;"Autom�vel";"I/FORD FOCUS 1.8L HA/FORD FOCUS 1.8L HA";2000;"Condutor";"Ileso";44;"Feminino";1;0;0;0;-27,60193107;-48,62814752;"SPRF-SC";"DEL01-SC";"UOP01-DEL01-SC"
745274;1670367;2025-11-21;"sexta-feira";"20:00:00";"SC";101;206,9;"SAO JOSE";"Sim";"Acessar a via sem observar a presen�a dos outros ve�culos";1;"Colis�o transversal";"Com V�timas Feridas";"Plena Noite";"Crescente";"Garoa/Chuvisco";"M�ltipla";"Reta";"N�o";1330756;"Motocicleta";"HONDA/CG 160 START/CG 160 START";2024;"Passageiro";"Les�es Leves";38;"Masculino";0;1;0;0;-27,60193107;-48,62814752;"SPRF-SC";"DEL01-SC";"UOP01-DEL01-SC"
745274;1670350;2025-11-21;"sexta-feira";"20:00:00";"SC";101;206,9;"SAO JOSE";"Sim";"Acessar a via sem observar a presen�a dos outros ve�culos";1;"Colis�o transversal";"Com V�timas Feridas";"Plena Noite";"Crescente";"Garoa/Chuvisco";"M�ltipla";"Reta";"N�o";1330756;"Motocicleta";"HONDA/CG 160 START/CG 160 START";2024;"Condutor";"Les�es Graves";21;"Masculino";0;0;1;0;-27,60193107;-48,62814752;"SPRF-SC";"DEL01-SC";"UOP01-DEL01-SC"
745365;1670595;2025-04-07;"segunda-feira";"16:20:00";"PI";343;0,9;"TERESINA";"N�o";"Aus�ncia de rea��o do condutor";3;"Queda de ocupante de ve�culo";"Com V�timas Feridas";"Pleno dia";"Crescente";"C�u Claro";"Dupla";"Reta";"Sim";1330946;"Micro-�nibus";"RENAULT/MASTER MBUS L3H2/MASTER MBUS L3H2";2016;"Condutor";"Ileso";58;"Masculino";1;0;0;0;-5,080055;-42,757618;"SPRF-PI";"DEL01-PI";"UOP01-DEL01-PI"
745365;1670594;2025-04-07;"segunda-feira";"16:20:00";"PI";343;0,9;"TERESINA";"N�o";"Aus�ncia de rea��o do condutor";3;"Queda de ocupante de ve�culo";"Com V�timas Feridas";"Pleno dia";"Crescente";"C�u Claro";"Dupla";"Reta";"Sim";1330945;"Motocicleta";"YAMAHA/YBR 125E/YBR 125E";2003;"Condutor";"Les�es Leves";46;"Masculino";0;1;0;0;-5,080055;-42,757618;"SPRF-PI";"DEL01-PI";"UOP01-DEL01-PI"
745365;1670595;2025-04-07;"segunda-feira";"16:20:00";"PI";343;0,9;"TERESINA";"N�o";"Aus�ncia de rea��o do condutor";2;"Tombamento";"Com V�timas Feridas";"Pleno dia";"Crescente";"C�u Claro";"Dupla";"Reta";"Sim";1330946;"Micro-�nibus";"RENAULT/MASTER MBUS L3H2/MASTER MBUS L3H2";2016;"Condutor";"Ileso";58;"Masculino";1;0;0;0;-5,080055;-42,757618;"SPRF-PI";"DEL01-PI";"UOP01-DEL01-PI"
745365;1670594;2025-04-07;"segunda-feira";"16:20:00";"PI";343;0,9;"TERESINA";"N�o";"Aus�ncia de rea��o do condutor";2;"Tombamento";"Com V�timas Feridas";"Pleno dia";"Crescente";"C�u Claro";"Dupla";"Reta";"Sim";1330945;"Motocicleta";"YAMAHA/YBR 125E/YBR 125E";2003;"Condutor";"Les�es Leves";46;"Masculino";0;1;0;0;-5,080055;-42,757618;"SPRF-PI";"DEL01-PI";"UOP01-DEL01-PI"
745365;1670595;2025-04-07;"segunda-feira";"16:20:00";"PI";343;0,9;"TERESINA";"N�o";"Aus�ncia de rea��o do condutor";1;"Colis�o transversal";"Com V�timas Feridas";"Pleno dia";"Crescente";"C�u Claro";"Dupla";"Reta";"Sim";1330946;"Micro-�nibus";"RENAULT/MASTER MBUS L3H2/MASTER MBUS L3H2";2016;"Condutor";"Ileso";58;"Masculino";1;0;0;0;-5,080055;-42,757618;"SPRF-PI";"DEL01-PI";"UOP01-DEL01-PI"
745365;1670594;2025-04-07;"segunda-feira";"16:20:00";"PI";343;0,9;"TERESINA";"N�o";"Aus�ncia de rea��o do condutor";1;"Colis�o transversal";"Com V�timas Feridas";"Pleno dia";"Crescente";"C�u Claro";"Dupla";"Reta";"Sim";1330945;"Motocicleta";"YAMAHA/YBR 125E/YBR 125E";2003;"Condutor";"Les�es Leves";46;"Masculino";0;1;0;0;-5,080055;-42,757618;"SPRF-PI";"DEL01-PI";"UOP01-DEL01-PI"
745365;1670595;2025-04-07;"segunda-feira";"16:20:00";"PI";343;0,9;"TERESINA";"Sim";"Acessar a via sem observar a presen�a dos outros ve�culos";3;"Queda de ocupante de ve�culo";"Com V�timas Feridas";"Pleno dia";"Crescente";"C�u Claro";"Dupla";"Reta";"Sim";1330946;"Micro-�nibus";"RENAULT/MASTER MBUS L3H2/MASTER MBUS L3H2";2016;"Condutor";"Ileso";58;"Masculino";1;0;0;0;-5,080055;-42,757618;"SPRF-PI";"DEL01-PI";"UOP01-DEL01-PI"
745365;1670594;2025-04-07;"segunda-feira";"16:20:00";"PI";343;0,9;"TERESINA";"Sim";"Acessar a via sem observar a presen�a dos outros ve�culos";3;"Queda de ocupante de ve�culo";"Com V�timas Feridas";"Pleno dia";"Crescente";"C�u Claro";"Dupla";"Reta";"Sim";1330945;"Motocicleta";"YAMAHA/YBR 125E/YBR 125E";2003;"Condutor";"Les�es Leves";46;"Masculino";0;1;0;0;-5,080055;-42,757618;"SPRF-PI";"DEL01-PI";"UOP01-DEL01-PI"
745365;1670595;2025-04-07;"segunda-feira";"16:20:00";"PI";343;0,9;"TERESINA";"Sim";"Acessar a via sem observar a presen�a dos outros ve�culos";2;"Tombamento";"Com V�timas Feridas";"Pleno dia";"Crescente";"C�u Claro";"Dupla";"Reta";"Sim";1330946;"Micro-�nibus";"RENAULT/MASTER MBUS L3H2/MASTER MBUS L3H2";2016;"Condutor";"Ileso";58;"Masculino";1;0;0;0;-5,080055;-42,757618;"SPRF-PI";"DEL01-PI";"UOP01-DEL01-PI"
745365;1670594;2025-04-07;"segunda-feira";"16:20:00";"PI";343;0,9;"TERESINA";"Sim";"Acessar a via sem observar a presen�a dos outros ve�culos";2;"Tombamento";"Com V�timas Feridas";"Pleno dia";"Crescente";"C�u Claro";"Dupla";"Reta";"Sim";1330945;"Motocicleta";"YAMAHA/YBR 125E/YBR 125E";2003;"Condutor";"Les�es Leves";46;"Masculino";0;1;0;0;-5,080055;-42,757618;"SPRF-PI";"DEL01-PI";"UOP01-DEL01-PI"
745365;1670595;2025-04-07;"segunda-feira";"16:20:00";"PI";343;0,9;"TERESINA";"Sim";"Acessar a via sem observar a presen�a dos outros ve�culos";1;"Colis�o transversal";"Com V�timas Feridas";"Pleno dia";"Crescente";"C�u Claro";"Dupla";"Reta";"Sim";1330946;"Micro-�nibus";"RENAULT/MASTER MBUS L3H2/MASTER MBUS L3H2";2016;"Condutor";"Ileso";58;"Masculino";1;0;0;0;-5,080055;-42,757618;"SPRF-PI";"DEL01-PI";"UOP01-DEL01-PI"
745365;1670594;2025-04-07;"segunda-feira";"16:20:00";"PI";343;0,9;"TERESINA";"Sim";"Acessar a via sem observar a presen�a dos outros ve�culos";1;"Colis�o transversal";"Com V�timas Feridas";"Pleno dia";"Crescente";"C�u Claro";"Dupla";"Reta";"Sim";1330945;"Motocicleta";"YAMAHA/YBR 125E/YBR 125E";2003;"Condutor";"Les�es Leves";46;"Masculino";0;1;0;0;-5,080055;-42,757618;"SPRF-PI";"DEL01-PI";"UOP01-DEL01-PI"
745368;NA;2025-09-27;"s�bado";"19:40:00";"RO";364;1036;"PORTO VELHO";"Sim";"Rea��o tardia ou ineficiente do condutor";2;"Tombamento";"Com V�timas Feridas";"Plena Noite";"Decrescente";"Ignorado";"Simples";"Reta";"N�o";1330952;"Semireboque";"REB/A.GUERRA/A.GUERRA";1994;NA;NA;NA;NA;NA;NA;NA;NA;-9,77131784;-66,3457489;"SPRF-RO";"DEL01-RO";"UOP03-DEL01-RO"
745368;1670600;2025-09-27;"s�bado";"19:40:00";"RO";364;1036;"PORTO VELHO";"Sim";"Rea��o tardia ou ineficiente do condutor";2;"Tombamento";"Com V�timas Feridas";"Plena Noite";"Decrescente";"Ignorado";"Simples";"Reta";"N�o";1330951;"Caminh�o-trator";"VOLVO/FH 540 6X4T/FH 540 6X4T";2021;"Condutor";"Les�es Leves";51;"Masculino";0;1;0;0;-9,77131784;-66,3457489;"SPRF-RO";"DEL01-RO";"UOP03-DEL01-RO"
745368;NA;2025-09-27;"s�bado";"19:40:00";"RO";364;1036;"PORTO VELHO";"Sim";"Rea��o tardia ou ineficiente do condutor";1;"Sa�da de leito carro��vel";"Com V�timas Feridas";"Plena Noite";"Decrescente";"Ignorado";"Simples";"Reta";"N�o";1330952;"Semireboque";"REB/A.GUERRA/A.GUERRA";1994;NA;NA;NA;NA;NA;NA;NA;NA;-9,77131784;-66,3457489;"SPRF-RO";"DEL01-RO";"UOP03-DEL01-RO"
745368;1670600;2025-09-27;"s�bado";"19:40:00";"RO";364;1036;"PORTO VELHO";"Sim";"Rea��o tardia ou ineficiente do condutor";1;"Sa�da de leito carro��vel";"Com V�timas Feridas";"Plena Noite";"Decrescente";"Ignorado";"Simples";"Reta";"N�o";1330951;"Caminh�o-trator";"VOLVO/FH 540 6X4T/FH 540 6X4T";2021;"Condutor";"Les�es Leves";51;"Masculino";0;1;0;0;-9,77131784;-66,3457489;"SPRF-RO";"DEL01-RO";"UOP03-DEL01-RO"
745368;NA;2025-09-27;"s�bado";"19:40:00";"RO";364;1036;"PORTO VELHO";"N�o";"Aus�ncia de rea��o do condutor";2;"Tombamento";"Com V�timas Feridas";"Plena Noite";"Decrescente";"Ignorado";"Simples";"Reta";"N�o";1330952;"Semireboque";"REB/A.GUERRA/A.GUERRA";1994;NA;NA;NA;NA;NA;NA;NA;NA;-9,77131784;-66,3457489;"SPRF-RO";"DEL01-RO";"UOP03-DEL01-RO"
745368;1670600;2025-09-27;"s�bado";"19:40:00";"RO";364;1036;"PORTO VELHO";"N�o";"Aus�ncia de rea��o do condutor";2;"Tombamento";"Com V�timas Feridas";"Plena Noite";"Decrescente";"Ignorado";"Simples";"Reta";"N�o";1330951;"Caminh�o-trator";"VOLVO/FH 540 6X4T/FH 540 6X4T";2021;"Condutor";"Les�es Leves";51;"Masculino";0;1;0;0;-9,77131784;-66,3457489;"SPRF-RO";"DEL01-RO";"UOP03-DEL01-RO"
745368;NA;2025-09-27;"s�bado";"19:40:00";"RO";364;1036;"PORTO VELHO";"N�o";"Aus�ncia de rea��o do condutor";1;"Sa�da de leito carro��vel";"Com V�timas Feridas";"Plena Noite";"Decrescente";"Ignorado";"Simples";"Reta";"N�o";1330952;"Semireboque";"REB/A.GUERRA/A.GUERRA";1994;NA;NA;NA;NA;NA;NA;NA;NA;-9,77131784;-66,3457489;"SPRF-RO";"DEL01-RO";"UOP03-DEL01-RO"
745368;1670600;2025-09-27;"s�bado";"19:40:00";"RO";364;1036;"PORTO VELHO";"N�o";"Aus�ncia de rea��o do condutor";1;"Sa�da de leito carro��vel";"Com V�timas Feridas";"Plena Noite";"Decrescente";"Ignorado";"Simples";"Reta";"N�o";1330951;"Caminh�o-trator";"VOLVO/FH 540 6X4T/FH 540 6X4T";2021;"Condutor";"Les�es Leves";51;"Masculino";0;1;0;0;-9,77131784;-66,3457489;"SPRF-RO";"DEL01-RO";"UOP03-DEL01-RO"
745373;1670610;2025-12-10;"quarta-feira";"12:11:00";"RS";448;22,1;"PORTO ALEGRE";"Sim";"Pista Escorregadia";1;"Colis�o com objeto";"Com V�timas Feridas";"Pleno dia";"Decrescente";"Chuva";"Simples";"Curva;Aclive";"Sim";1330960;"Autom�vel";"RENAULT/LOGAN EXP 16 SCE/LOGAN EXP 16 SCE";2018;"Condutor";"Les�es Leves";47;"Masculino";0;1;0;0;-29,97455672;-51,19775802;"SPRF-RS";"DEL01-RS";"UOP01-DEL01-RS"
745374;1670612;2025-03-16;"domingo";"10:15:00";"PI";343;0,2;"TERESINA";"Sim";"Desrespeitar a prefer�ncia no cruzamento";3;"Queda de ocupante de ve�culo";"Com V�timas Feridas";"Pleno dia";"Crescente";"C�u Claro";"Dupla";"Viaduto;Interse��o de Vias;Rotat�ria";"Sim";1330963;"Motocicleta";"YAMAHA/CROSSER S ABS/CROSSER S ABS";2023;"Condutor";"Les�es Leves";39;"Masculino";0;1;0;0;-5,0687245;-42,7210412;"SPRF-PI";"DEL01-PI";"UOP01-DEL01-PI"
745374;1670611;2025-03-16;"domingo";"10:15:00";"PI";343;0,2;"TERESINA";"Sim";"Desrespeitar a prefer�ncia no cruzamento";3;"Queda de ocupante de ve�culo";"Com V�timas Feridas";"Pleno dia";"Crescente";"C�u Claro";"Dupla";"Viaduto;Interse��o de Vias;Rotat�ria";"Sim";1330962;"Camioneta";"JEEP/COMPASS LIMITED TF/COMPASS LIMITED TF";2023;"Condutor";"Ileso";49;"Masculino";1;0;0;0;-5,0687245;-42,7210412;"SPRF-PI";"DEL01-PI";"UOP01-DEL01-PI"
745374;1670612;2025-03-16;"domingo";"10:15:00";"PI";343;0,2;"TERESINA";"Sim";"Desrespeitar a prefer�ncia no cruzamento";2;"Tombamento";"Com V�timas Feridas";"Pleno dia";"Crescente";"C�u Claro";"Dupla";"Viaduto;Interse��o de Vias;Rotat�ria";"Sim";1330963;"Motocicleta";"YAMAHA/CROSSER S ABS/CROSSER S ABS";2023;"Condutor";"Les�es Leves";39;"Masculino";0;1;0;0;-5,0687245;-42,7210412;"SPRF-PI";"DEL01-PI";"UOP01-DEL01-PI"
745374;1670611;2025-03-16;"domingo";"10:15:00";"PI";343;0,2;"TERESINA";"Sim";"Desrespeitar a prefer�ncia no cruzamento";2;"Tombamento";"Com V�timas Feridas";"Pleno dia";"Crescente";"C�u Claro";"Dupla";"Viaduto;Interse��o de Vias;Rotat�ria";"Sim";1330962;"Camioneta";"JEEP/COMPASS LIMITED TF/COMPASS LIMITED TF";2023;"Condutor";"Ileso";49;"Masculino";1;0;0;0;-5,0687245;-42,7210412;"SPRF-PI";"DEL01-PI";"UOP01-DEL01-PI"
745374;1670612;2025-03-16;"domingo";"10:15:00";"PI";343;0,2;"TERESINA";"Sim";"Desrespeitar a prefer�ncia no cruzamento";1;"Colis�o transversal";"Com V�timas Feridas";"Pleno dia";"Crescente";"C�u Claro";"Dupla";"Viaduto;Interse��o de Vias;Rotat�ria";"Sim";1330963;"Motocicleta";"YAMAHA/CROSSER S ABS/CROSSER S ABS";2023;"Condutor";"Les�es Leves";39;"Masculino";0;1;0;0;-5,0687245;-42,7210412;"SPRF-PI";"DEL01-PI";"UOP01-DEL01-PI"
745374;1670611;2025-03-16;"domingo";"10:15:00";"PI";343;0,2;"TERESINA";"Sim";"Desrespeitar a prefer�ncia no cruzamento";1;"Colis�o transversal";"Com V�timas Feridas";"Pleno dia";"Crescente";"C�u Claro";"Dupla";"Viaduto;Interse��o de Vias;Rotat�ria";"Sim";1330962;"Camioneta";"JEEP/COMPASS LIMITED TF/COMPASS LIMITED TF";2023;"Condutor";"Ileso";49;"Masculino";1;0;0;0;-5,0687245;-42,7210412;"SPRF-PI";"DEL01-PI";"UOP01-DEL01-PI"
745374;1670612;2025-03-16;"domingo";"10:15:00";"PI";343;0,2;"TERESINA";"N�o";"Aus�ncia de rea��o do condutor";3;"Queda de ocupante de ve�culo";"Com V�timas Feridas";"Pleno dia";"Crescente";"C�u Claro";"Dupla";"Viaduto;Interse��o de Vias;Rotat�ria";"Sim";1330963;"Motocicleta";"YAMAHA/CROSSER S ABS/CROSSER S ABS";2023;"Condutor";"Les�es Leves";39;"Masculino";0;1;0;0;-5,0687245;-42,7210412;"SPRF-PI";"DEL01-PI";"UOP01-DEL01-PI"
745374;1670611;2025-03-16;"domingo";"10:15:00";"PI";343;0,2;"TERESINA";"N�o";"Aus�ncia de rea��o do condutor";3;"Queda de ocupante de ve�culo";"Com V�timas Feridas";"Pleno dia";"Crescente";"C�u Claro";"Dupla";"Viaduto;Interse��o de Vias;Rotat�ria";"Sim";1330962;"Camioneta";"JEEP/COMPASS LIMITED TF/COMPASS LIMITED TF";2023;"Condutor";"Ileso";49;"Masculino";1;0;0;0;-5,0687245;-42,7210412;"SPRF-PI";"DEL01-PI";"UOP01-DEL01-PI"
745374;1670612;2025-03-16;"domingo";"10:15:00";"PI";343;0,2;"TERESINA";"N�o";"Aus�ncia de rea��o do condutor";2;"Tombamento";"Com V�timas Feridas";"Pleno dia";"Crescente";"C�u Claro";"Dupla";"Viaduto;Interse��o de Vias;Rotat�ria";"Sim";1330963;"Motocicleta";"YAMAHA/CROSSER S ABS/CROSSER S ABS";2023;"Condutor";"Les�es Leves";39;"Masculino";0;1;0;0;-5,0687245;-42,7210412;"SPRF-PI";"DEL01-PI";"UOP01-DEL01-PI"
745374;1670611;2025-03-16;"domingo";"10:15:00";"PI";343;0,2;"TERESINA";"N�o";"Aus�ncia de rea��o do condutor";2;"Tombamento";"Com V�timas Feridas";"Pleno dia";"Crescente";"C�u Claro";"Dupla";"Viaduto;Interse��o de Vias;Rotat�ria";"Sim";1330962;"Camioneta";"JEEP/COMPASS LIMITED TF/COMPASS LIMITED TF";2023;"Condutor";"Ileso";49;"Masculino";1;0;0;0;-5,0687245;-42,7210412;"SPRF-PI";"DEL01-PI";"UOP01-DEL01-PI"
745374;1670612;2025-03-16;"domingo";"10:15:00";"PI";343;0,2;"TERESINA";"N�o";"Aus�ncia de rea��o do condutor";1;"Colis�o transversal";"Com V�timas Feridas";"Pleno dia";"Crescente";"C�u Claro";"Dupla";"Viaduto;Interse��o de Vias;Rotat�ria";"Sim";1330963;"Motocicleta";"YAMAHA/CROSSER S ABS/CROSSER S ABS";2023;"Condutor";"Les�es Leves";39;"Masculino";0;1;0;0;-5,0687245;-42,7210412;"SPRF-PI";"DEL01-PI";"UOP01-DEL01-PI"
745374;1670611;2025-03-16;"domingo";"10:15:00";"PI";343;0,2;"TERESINA";"N�o";"Aus�ncia de rea��o do condutor";1;"Colis�o transversal";"Com V�timas Feridas";"Pleno dia";"Crescente";"C�u Claro";"Dupla";"Viaduto;Interse��o de Vias;Rotat�ria";"Sim";1330962;"Camioneta";"JEEP/COMPASS LIMITED TF/COMPASS LIMITED TF";2023;"Condutor";"Ileso";49;"Masculino";1;0;0;0;-5,0687245;-42,7210412;"SPRF-PI";"DEL01-PI";"UOP01-DEL01-PI"