"id";"pesid";"data_inversa";"dia_semana";"horario";"uf";"br";"km";"municipio";"causa_principal";"causa_acidente";"ordem_tipo_acidente";"tipo_acidente";"classificacao_acidente";"fase_dia";"sentido_via";"condicao_metereologica";"tipo_pista";"tracado_via";"uso_solo";"id_veiculo";"tipo_veiculo";"marca";"ano_fabricacao_veiculo";"tipo_envolvido";"estado_fisico";"idade";"sexo";"ilesos";"feridos_leves";"feridos_graves";"mortos";"latitude";"longitude";"regional";"delegacia";"uop"
745378;1670620;2025-08-19;"ter�a-feira";"19:45:00";"MG";116;412;"GOVERNADOR VALADARES";"Sim";"Falta de acostamento";1;"Colis�o lateral sentido oposto";"Com V�timas Feridas";"Plena Noite";"Crescente";"C�u Claro";"Dupla";"Reta";"N�o";1330974;"Motocicleta";"HONDA/XRE 300 SAHARA RAL/XRE 300 SAHARA RAL";2024;"Condutor";"Les�es Graves";25;"Masculino";0;0;1;0;-18,872619;-41,967856;"SPRF-MG";"DEL06-MG";"UOP01-DEL06-MG"
745378;1670621;2025-08-19;"ter�a-feira";"19:45:00";"MG";116;412;"GOVERNADOR VALADARES";"Sim";"Falta de acostamento";1;"Colis�o lateral sentido oposto";"Com V�timas Feridas";"Plena Noite";"Crescente";"C�u Claro";"Dupla";"Reta";"N�o";1330973;"Ciclomotor";"N�o Informado/N�o Informado/N�o Informado";0;"Condutor";"Les�es Leves";37;"Masculino";0;1;0;0;-18,872619;-41,967856;"SPRF-MG";"DEL06-MG";"UOP01-DEL06-MG"
745378;1670619;2025-08-19;"ter�a-feira";"19:45:00";"MG";116;412;"GOVERNADOR VALADARES";"Sim";"Falta de acostamento";1;"Colis�o lateral sentido oposto";"Com V�timas Feridas";"Plena Noite";"Crescente";"C�u Claro";"Dupla";"Reta";"N�o";1330973;"Ciclomotor";"N�o Informado/N�o Informado/N�o Informado";0;"Passageiro";"Les�es Graves";22;"Feminino";0;0;1;0;-18,872619;-41,967856;"SPRF-MG";"DEL06-MG";"UOP01-DEL06-MG"
745381;1670634;2025-12-23;"ter�a-feira";"02:30:00";"BA";116;738;"BOA NOVA";"Sim";"Transitar na contram�o";1;"Colis�o lateral sentido oposto";"Com V�timas Feridas";"Plena Noite";"Crescente";"Nublado";"Simples";"Declive";"N�o";1330981;"Caminhonete";"VW/KOMBI FURGAO/KOMBI FURGAO";2009;"Passageiro";"Ileso";38;"Masculino";1;0;0;0;-14,37581;-40,34739;"SPRF-BA";"DEL08-BA";"UOP02-DEL08-BA"
745381;1670633;2025-12-23;"ter�a-feira";"02:30:00";"BA";116;738;"BOA NOVA";"Sim";"Transitar na contram�o";1;"Colis�o lateral sentido oposto";"Com V�timas Feridas";"Plena Noite";"Crescente";"Nublado";"Simples";"Declive";"N�o";1330981;"Caminhonete";"VW/KOMBI FURGAO/KOMBI FURGAO";2009;"Condutor";"N�o Informado";NA;"N�o Informado";0;0;0;0;-14,37581;-40,34739;"SPRF-BA";"DEL08-BA";"UOP02-DEL08-BA"
745381;1670632;2025-12-23;"ter�a-feira";"02:30:00";"BA";116;738;"BOA NOVA";"Sim";"Transitar na contram�o";1;"Colis�o lateral sentido oposto";"Com V�timas Feridas";"Plena Noite";"Crescente";"Nublado";"Simples";"Declive";"N�o";1330979;"Caminh�o-trator";"M.BENZ/AXOR 2038S/AXOR 2038S";2025;"Condutor";"Les�es Leves";49;"Masculino";0;1;0;0;-14,37581;-40,34739;"SPRF-BA";"DEL08-BA";"UOP02-DEL08-BA"
745381;NA;2025-12-23;"ter�a-feira";"02:30:00";"BA";116;738;"BOA NOVA";"Sim";"Transitar na contram�o";1;"Colis�o lateral sentido oposto";"Com V�timas Feridas";"Plena Noite";"Crescente";"Nublado";"Simples";"Declive";"N�o";1330980;"Semireboque";"SR/SAO PEDRO SRFB 3E/SAO PEDRO SRFB 3E";2018;NA;NA;NA;NA;NA;NA;NA;NA;-14,37581;-40,34739;"SPRF-BA";"DEL08-BA";"UOP02-DEL08-BA"
745385;1670650;2025-12-05;"sexta-feira";"06:55:00";"RJ";116;184;"NOVA IGUACU";"N�o";"Trafegar com motocicleta (ou similar) entre as faixas";1;"Queda de ocupante de ve�culo";"Com V�timas Feridas";"Pleno dia";"Decrescente";"Sol";"Dupla";"Reta";"Sim";1330989;"Motocicleta";"HONDA/NXR150BROS MIX ESD/NXR150BROS MIX ESD";2009;"Passageiro";"Les�es Leves";28;"Feminino";0;1;0;0;-22,74689618;-43,44574273;"SPRF-RJ";"DEL06-RJ";"UOP01-DEL06-RJ"
745385;1670649;2025-12-05;"sexta-feira";"06:55:00";"RJ";116;184;"NOVA IGUACU";"N�o";"Trafegar com motocicleta (ou similar) entre as faixas";1;"Queda de ocupante de ve�culo";"Com V�timas Feridas";"Pleno dia";"Decrescente";"Sol";"Dupla";"Reta";"Sim";1330989;"Motocicleta";"HONDA/NXR150BROS MIX ESD/NXR150BROS MIX ESD";2009;"Condutor";"Les�es Leves";34;"Masculino";0;1;0;0;-22,74689618;-43,44574273;"SPRF-RJ";"DEL06-RJ";"UOP01-DEL06-RJ"
745385;1670673;2025-12-05;"sexta-feira";"06:55:00";"RJ";116;184;"NOVA IGUACU";"N�o";"Trafegar com motocicleta (ou similar) entre as faixas";1;"Queda de ocupante de ve�culo";"Com V�timas Feridas";"Pleno dia";"Decrescente";"Sol";"Dupla";"Reta";"Sim";1330988;"Autom�vel";"GM/CELTA 2P LIFE/CELTA 2P LIFE";2008;"Condutor";"Ileso";33;"Feminino";1;0;0;0;-22,74689618;-43,44574273;"SPRF-RJ";"DEL06-RJ";"UOP01-DEL06-RJ"
745385;1670650;2025-12-05;"sexta-feira";"06:55:00";"RJ";116;184;"NOVA IGUACU";"Sim";"Manobra de mudan�a de faixa";1;"Queda de ocupante de ve�culo";"Com V�timas Feridas";"Pleno dia";"Decrescente";"Sol";"Dupla";"Reta";"Sim";1330989;"Motocicleta";"HONDA/NXR150BROS MIX ESD/NXR150BROS MIX ESD";2009;"Passageiro";"Les�es Leves";28;"Feminino";0;1;0;0;-22,74689618;-43,44574273;"SPRF-RJ";"DEL06-RJ";"UOP01-DEL06-RJ"
745385;1670649;2025-12-05;"sexta-feira";"06:55:00";"RJ";116;184;"NOVA IGUACU";"Sim";"Manobra de mudan�a de faixa";1;"Queda de ocupante de ve�culo";"Com V�timas Feridas";"Pleno dia";"Decrescente";"Sol";"Dupla";"Reta";"Sim";1330989;"Motocicleta";"HONDA/NXR150BROS MIX ESD/NXR150BROS MIX ESD";2009;"Condutor";"Les�es Leves";34;"Masculino";0;1;0;0;-22,74689618;-43,44574273;"SPRF-RJ";"DEL06-RJ";"UOP01-DEL06-RJ"
745385;1670673;2025-12-05;"sexta-feira";"06:55:00";"RJ";116;184;"NOVA IGUACU";"Sim";"Manobra de mudan�a de faixa";1;"Queda de ocupante de ve�culo";"Com V�timas Feridas";"Pleno dia";"Decrescente";"Sol";"Dupla";"Reta";"Sim";1330988;"Autom�vel";"GM/CELTA 2P LIFE/CELTA 2P LIFE";2008;"Condutor";"Ileso";33;"Feminino";1;0;0;0;-22,74689618;-43,44574273;"SPRF-RJ";"DEL06-RJ";"UOP01-DEL06-RJ"
745386;NA;2025-12-04;"quinta-feira";"10:00:00";"BA";242;827;"BARREIRAS";"N�o";"Condutor deixou de manter dist�ncia do ve�culo da frente";1;"Colis�o frontal";"Sem V�timas";"Pleno dia";"Decrescente";"Chuva";"Simples";"Reta";"N�o";1330994;"Semireboque";"SR/GUERRA ABERTA G4E140/GUERRA ABERTA G4E140";2024;NA;NA;NA;NA;NA;NA;NA;NA;-12,11909852;-45,05308449;"SPRF-BA";"DEL10-BA";"UOP01-DEL10-BA"
745386;NA;2025-12-04;"quinta-feira";"10:00:00";"BA";242;827;"BARREIRAS";"N�o";"Condutor deixou de manter dist�ncia do ve�culo da frente";1;"Colis�o frontal";"Sem V�timas";"Pleno dia";"Decrescente";"Chuva";"Simples";"Reta";"N�o";1330993;"Semireboque";"SR/FACCHINI SRF CF/FACCHINI SRF CF";2021;NA;NA;NA;NA;NA;NA;NA;NA;-12,11909852;-45,05308449;"SPRF-BA";"DEL10-BA";"UOP01-DEL10-BA"
745386;1670652;2025-12-04;"quinta-feira";"10:00:00";"BA";242;827;"BARREIRAS";"N�o";"Condutor deixou de manter dist�ncia do ve�culo da frente";1;"Colis�o frontal";"Sem V�timas";"Pleno dia";"Decrescente";"Chuva";"Simples";"Reta";"N�o";1330992;"Caminh�o-trator";"DAF/XF FTS 530 SSC/XF FTS 530 SSC";2022;"Condutor";"Ileso";37;"Masculino";1;0;0;0;-12,11909852;-45,05308449;"SPRF-BA";"DEL10-BA";"UOP01-DEL10-BA"
745386;1670651;2025-12-04;"quinta-feira";"10:00:00";"BA";242;827;"BARREIRAS";"N�o";"Condutor deixou de manter dist�ncia do ve�culo da frente";1;"Colis�o frontal";"Sem V�timas";"Pleno dia";"Decrescente";"Chuva";"Simples";"Reta";"N�o";1330991;"Caminh�o-trator";"VOLVO/FH 540 6X4T/FH 540 6X4T";2021;"Condutor";"Ileso";37;"Masculino";1;0;0;0;-12,11909852;-45,05308449;"SPRF-BA";"DEL10-BA";"UOP01-DEL10-BA"
745386;NA;2025-12-04;"quinta-feira";"10:00:00";"BA";242;827;"BARREIRAS";"N�o";"Chuva";1;"Colis�o frontal";"Sem V�timas";"Pleno dia";"Decrescente";"Chuva";"Simples";"Reta";"N�o";1330994;"Semireboque";"SR/GUERRA ABERTA G4E140/GUERRA ABERTA G4E140";2024;NA;NA;NA;NA;NA;NA;NA;NA;-12,11909852;-45,05308449;"SPRF-BA";"DEL10-BA";"UOP01-DEL10-BA"
745386;NA;2025-12-04;"quinta-feira";"10:00:00";"BA";242;827;"BARREIRAS";"N�o";"Chuva";1;"Colis�o frontal";"Sem V�timas";"Pleno dia";"Decrescente";"Chuva";"Simples";"Reta";"N�o";1330993;"Semireboque";"SR/FACCHINI SRF CF/FACCHINI SRF CF";2021;NA;NA;NA;NA;NA;NA;NA;NA;-12,11909852;-45,05308449;"SPRF-BA";"DEL10-BA";"UOP01-DEL10-BA"
745386;1670652;2025-12-04;"quinta-feira";"10:00:00";"BA";242;827;"BARREIRAS";"N�o";"Chuva";1;"Colis�o frontal";"Sem V�timas";"Pleno dia";"Decrescente";"Chuva";"Simples";"Reta";"N�o";1330992;"Caminh�o-trator";"DAF/XF FTS 530 SSC/XF FTS 530 SSC";2022;"Condutor";"Ileso";37;"Masculino";1;0;0;0;-12,11909852;-45,05308449;"SPRF-BA";"DEL10-BA";"UOP01-DEL10-BA"
745386;1670651;2025-12-04;"quinta-feira";"10:00:00";"BA";242;827;"BARREIRAS";"N�o";"Chuva";1;"Colis�o frontal";"Sem V�timas";"Pleno dia";"Decrescente";"Chuva";"Simples";"Reta";"N�o";1330991;"Caminh�o-trator";"VOLVO/FH 540 6X4T/FH 540 6X4T";2021;"Condutor";"Ileso";37;"Masculino";1;0;0;0;-12,11909852;-45,05308449;"SPRF-BA";"DEL10-BA";"UOP01-DEL10-BA"
745386;NA;2025-12-04;"quinta-feira";"10:00:00";"BA";242;827;"BARREIRAS";"N�o";"Acumulo de �gua sobre o pavimento";1;"Colis�o frontal";"Sem V�timas";"Pleno dia";"Decrescente";"Chuva";"Simples";"Reta";"N�o";1330994;"Semireboque";"SR/GUERRA ABERTA G4E140/GUERRA ABERTA G4E140";2024;NA;NA;NA;NA;NA;NA;NA;NA;-12,11909852;-45,05308449;"SPRF-BA";"DEL10-BA";"UOP01-DEL10-BA"
745386;NA;2025-12-04;"quinta-feira";"10:00:00";"BA";242;827;"BARREIRAS";"N�o";"Acumulo de �gua sobre o pavimento";1;"Colis�o frontal";"Sem V�timas";"Pleno dia";"Decrescente";"Chuva";"Simples";"Reta";"N�o";1330993;"Semireboque";"SR/FACCHINI SRF CF/FACCHINI SRF CF";2021;NA;NA;NA;NA;NA;NA;NA;NA;-12,11909852;-45,05308449;"SPRF-BA";"DEL10-BA";"UOP01-DEL10-BA"
745386;1670652;2025-12-04;"quinta-feira";"10:00:00";"BA";242;827;"BARREIRAS";"N�o";"Acumulo de �gua sobre o pavimento";1;"Colis�o frontal";"Sem V�timas";"Pleno dia";"Decrescente";"Chuva";"Simples";"Reta";"N�o";1330992;"Caminh�o-trator";"DAF/XF FTS 530 SSC/XF FTS 530 SSC";2022;"Condutor";"Ileso";37;"Masculino";1;0;0;0;-12,11909852;-45,05308449;"SPRF-BA";"DEL10-BA";"UOP01-DEL10-BA"
745386;1670651;2025-12-04;"quinta-feira";"10:00:00";"BA";242;827;"BARREIRAS";"N�o";"Acumulo de �gua sobre o pavimento";1;"Colis�o frontal";"Sem V�timas";"Pleno dia";"Decrescente";"Chuva";"Simples";"Reta";"N�o";1330991;"Caminh�o-trator";"VOLVO/FH 540 6X4T/FH 540 6X4T";2021;"Condutor";"Ileso";37;"Masculino";1;0;0;0;-12,11909852;-45,05308449;"SPRF-BA";"DEL10-BA";"UOP01-DEL10-BA"
745386;NA;2025-12-04;"quinta-feira";"10:00:00";"BA";242;827;"BARREIRAS";"Sim";"Velocidade Incompat�vel";1;"Colis�o frontal";"Sem V�timas";"Pleno dia";"Decrescente";"Chuva";"Simples";"Reta";"N�o";1330994;"Semireboque";"SR/GUERRA ABERTA G4E140/GUERRA ABERTA G4E140";2024;NA;NA;NA;NA;NA;NA;NA;NA;-12,11909852;-45,05308449;"SPRF-BA";"DEL10-BA";"UOP01-DEL10-BA"
745386;NA;2025-12-04;"quinta-feira";"10:00:00";"BA";242;827;"BARREIRAS";"Sim";"Velocidade Incompat�vel";1;"Colis�o frontal";"Sem V�timas";"Pleno dia";"Decrescente";"Chuva";"Simples";"Reta";"N�o";1330993;"Semireboque";"SR/FACCHINI SRF CF/FACCHINI SRF CF";2021;NA;NA;NA;NA;NA;NA;NA;NA;-12,11909852;-45,05308449;"SPRF-BA";"DEL10-BA";"UOP01-DEL10-BA"
745386;1670652;2025-12-04;"quinta-feira";"10:00:00";"BA";242;827;"BARREIRAS";"Sim";"Velocidade Incompat�vel";1;"Colis�o frontal";"Sem V�timas";"Pleno dia";"Decrescente";"Chuva";"Simples";"Reta";"N�o";1330992;"Caminh�o-trator";"DAF/XF FTS 530 SSC/XF FTS 530 SSC";2022;"Condutor";"Ileso";37;"Masculino";1;0;0;0;-12,11909852;-45,05308449;"SPRF-BA";"DEL10-BA";"UOP01-DEL10-BA"
745386;1670651;2025-12-04;"quinta-feira";"10:00:00";"BA";242;827;"BARREIRAS";"Sim";"Velocidade Incompat�vel";1;"Colis�o frontal";"Sem V�timas";"Pleno dia";"Decrescente";"Chuva";"Simples";"Reta";"N�o";1330991;"Caminh�o-trator";"VOLVO/FH 540 6X4T/FH 540 6X4T";2021;"Condutor";"Ileso";37;"Masculino";1;0;0;0;-12,11909852;-45,05308449;"SPRF-BA";"DEL10-BA";"UOP01-DEL10-BA"
745386;NA;2025-12-04;"quinta-feira";"10:00:00";"BA";242;827;"BARREIRAS";"N�o";"Pista Escorregadia";1;"Colis�o frontal";"Sem V�timas";"Pleno dia";"Decrescente";"Chuva";"Simples";"Reta";"N�o";1330994;"Semireboque";"SR/GUERRA ABERTA G4E140/GUERRA ABERTA G4E140";2024;NA;NA;NA;NA;NA;NA;NA;NA;-12,11909852;-45,05308449;"SPRF-BA";"DEL10-BA";"UOP01-DEL10-BA"
745386;NA;2025-12-04;"quinta-feira";"10:00:00";"BA";242;827;"BARREIRAS";"N�o";"Pista Escorregadia";1;"Colis�o frontal";"Sem V�timas";"Pleno dia";"Decrescente";"Chuva";"Simples";"Reta";"N�o";1330993;"Semireboque";"SR/FACCHINI SRF CF/FACCHINI SRF CF";2021;NA;NA;NA;NA;NA;NA;NA;NA;-12,11909852;-45,05308449;"SPRF-BA";"DEL10-BA";"UOP01-DEL10-BA"
745386;1670652;2025-12-04;"quinta-feira";"10:00:00";"BA";242;827;"BARREIRAS";"N�o";"Pista Escorregadia";1;"Colis�o frontal";"Sem V�timas";"Pleno dia";"Decrescente";"Chuva";"Simples";"Reta";"N�o";1330992;"Caminh�o-trator";"DAF/XF FTS 530 SSC/XF FTS 530 SSC";2022;"Condutor";"Ileso";37;"Masculino";1;0;0;0;-12,11909852;-45,05308449;"SPRF-BA";"DEL10-BA";"UOP01-DEL10-BA"
745386;1670651;2025-12-04;"quinta-feira";"10:00:00";"BA";242;827;"BARREIRAS";"N�o";"Pista Escorregadia";1;"Colis�o frontal";"Sem V�timas";"Pleno dia";"Decrescente";"Chuva";"Simples";"Reta";"N�o";1330991;"Caminh�o-trator";"VOLVO/FH 540 6X4T/FH 540 6X4T";2021;"Condutor";"Ileso";37;"Masculino";1;0;0;0;-12,11909852;-45,05308449;"SPRF-BA";"DEL10-BA";"UOP01-DEL10-BA"
745401;1670692;2025-12-31;"quarta-feira";"08:43:00";"RN";101;102;"PARNAMIRIM";"Sim";"Manobra de mudan�a de faixa";3;"Queda de ocupante de ve�culo";"Com V�timas Feridas";"Pleno dia";"Decrescente";"C�u Claro";"Dupla";"Reta";"N�o";1331029;"Motocicleta";"HONDA/CG 125 FAN KS/CG 125 FAN KS";2009;"Condutor";"Ileso";37;"Masculino";1;0;0;0;-5,889772;-35,246082;"SPRF-RN";"DEL01-RN";"UOP01-DEL01-RN"
745401;1670691;2025-12-31;"quarta-feira";"08:43:00";"RN";101;102;"PARNAMIRIM";"Sim";"Manobra de mudan�a de faixa";3;"Queda de ocupante de ve�culo";"Com V�timas Feridas";"Pleno dia";"Decrescente";"C�u Claro";"Dupla";"Reta";"N�o";1331029;"Motocicleta";"HONDA/CG 125 FAN KS/CG 125 FAN KS";2009;"Passageiro";"Les�es Leves";39;"Feminino";0;1;0;0;-5,889772;-35,246082;"SPRF-RN";"DEL01-RN";"UOP01-DEL01-RN"
745401;1670693;2025-12-31;"quarta-feira";"08:43:00";"RN";101;102;"PARNAMIRIM";"Sim";"Manobra de mudan�a de faixa";3;"Queda de ocupante de ve�culo";"Com V�timas Feridas";"Pleno dia";"Decrescente";"C�u Claro";"Dupla";"Reta";"N�o";1331028;"Autom�vel";"VW/POLO SEDAN 1.6/POLO SEDAN 1.6";2009;"Condutor";"Ileso";39;"Masculino";1;0;0;0;-5,889772;-35,246082;"SPRF-RN";"DEL01-RN";"UOP01-DEL01-RN"
745401;1670692;2025-12-31;"quarta-feira";"08:43:00";"RN";101;102;"PARNAMIRIM";"Sim";"Manobra de mudan�a de faixa";2;"Tombamento";"Com V�timas Feridas";"Pleno dia";"Decrescente";"C�u Claro";"Dupla";"Reta";"N�o";1331029;"Motocicleta";"HONDA/CG 125 FAN KS/CG 125 FAN KS";2009;"Condutor";"Ileso";37;"Masculino";1;0;0;0;-5,889772;-35,246082;"SPRF-RN";"DEL01-RN";"UOP01-DEL01-RN"
745401;1670691;2025-12-31;"quarta-feira";"08:43:00";"RN";101;102;"PARNAMIRIM";"Sim";"Manobra de mudan�a de faixa";2;"Tombamento";"Com V�timas Feridas";"Pleno dia";"Decrescente";"C�u Claro";"Dupla";"Reta";"N�o";1331029;"Motocicleta";"HONDA/CG 125 FAN KS/CG 125 FAN KS";2009;"Passageiro";"Les�es Leves";39;"Feminino";0;1;0;0;-5,889772;-35,246082;"SPRF-RN";"DEL01-RN";"UOP01-DEL01-RN"
745401;1670693;2025-12-31;"quarta-feira";"08:43:00";"RN";101;102;"PARNAMIRIM";"Sim";"Manobra de mudan�a de faixa";2;"Tombamento";"Com V�timas Feridas";"Pleno dia";"Decrescente";"C�u Claro";"Dupla";"Reta";"N�o";1331028;"Autom�vel";"VW/POLO SEDAN 1.6/POLO SEDAN 1.6";2009;"Condutor";"Ileso";39;"Masculino";1;0;0;0;-5,889772;-35,246082;"SPRF-RN";"DEL01-RN";"UOP01-DEL01-RN"
745401;1670692;2025-12-31;"quarta-feira";"08:43:00";"RN";101;102;"PARNAMIRIM";"Sim";"Manobra de mudan�a de faixa";1;"Colis�o lateral mesmo sentido";"Com V�timas Feridas";"Pleno dia";"Decrescente";"C�u Claro";"Dupla";"Reta";"N�o";1331029;"Motocicleta";"HONDA/CG 125 FAN KS/CG 125 FAN KS";2009;"Condutor";"Ileso";37;"Masculino";1;0;0;0;-5,889772;-35,246082;"SPRF-RN";"DEL01-RN";"UOP01-DEL01-RN"
745401;1670691;2025-12-31;"quarta-feira";"08:43:00";"RN";101;102;"PARNAMIRIM";"Sim";"Manobra de mudan�a de faixa";1;"Colis�o lateral mesmo sentido";"Com V�timas Feridas";"Pleno dia";"Decrescente";"C�u Claro";"Dupla";"Reta";"N�o";1331029;"Motocicleta";"HONDA/CG 125 FAN KS/CG 125 FAN KS";2009;"Passageiro";"Les�es Leves";39;"Feminino";0;1;0;0;-5,889772;-35,246082;"SPRF-RN";"DEL01-RN";"UOP01-DEL01-RN"
745401;1670693;2025-12-31;"quarta-feira";"08:43:00";"RN";101;102;"PARNAMIRIM";"Sim";"Manobra de mudan�a de faixa";1;"Colis�o lateral mesmo sentido";"Com V�timas Feridas";"Pleno dia";"Decrescente";"C�u Claro";"Dupla";"Reta";"N�o";1331028;"Autom�vel";"VW/POLO SEDAN 1.6/POLO SEDAN 1.6";2009;"Condutor";"Ileso";39;"Masculino";1;0;0;0;-5,889772;-35,246082;"SPRF-RN";"DEL01-RN";"UOP01-DEL01-RN"
745402;NA;2025-07-26;"s�bado";"15:28:00";"MG";116;508,5;"UBAPORANGA";"Sim";"Condutor deixou de manter dist�ncia do ve�culo da frente";1;"Queda de ocupante de ve�culo";"Com V�timas Feridas";"Pleno dia";"Decrescente";"C�u Claro";"Simples";"Curva";"Sim";1331033;"Semireboque";"SR/EGSA 3E PP/EGSA 3E PP";0;NA;NA;NA;NA;NA;NA;NA;NA;-19,63585227;-42,10579488;"SPRF-MG";"DEL06-MG";"UOP02-DEL06-MG"
745402;1670695;2025-07-26;"s�bado";"15:28:00";"MG";116;508,5;"UBAPORANGA";"Sim";"Condutor deixou de manter dist�ncia do ve�culo da frente";1;"Queda de ocupante de ve�culo";"Com V�timas Feridas";"Pleno dia";"Decrescente";"C�u Claro";"Simples";"Curva";"Sim";1331031;"Caminh�o-trator";"DAF/XF FTS 480/XF FTS 480";0;"Condutor";"N�o Informado";NA;"N�o Informado";0;0;0;0;-19,63585227;-42,10579488;"SPRF-MG";"DEL06-MG";"UOP02-DEL06-MG"
745402;1670696;2025-07-26;"s�bado";"15:28:00";"MG";116;508,5;"UBAPORANGA";"Sim";"Condutor deixou de manter dist�ncia do ve�culo da frente";1;"Queda de ocupante de ve�culo";"Com V�timas Feridas";"Pleno dia";"Decrescente";"C�u Claro";"Simples";"Curva";"Sim";1331032;"Bicicleta";"N�o Informado/N�o Informado/N�o Informado";0;"Condutor";"Les�es Graves";14;"Masculino";0;0;1;0;-19,63585227;-42,10579488;"SPRF-MG";"DEL06-MG";"UOP02-DEL06-MG"
745402;1670694;2025-07-26;"s�bado";"15:28:00";"MG";116;508,5;"UBAPORANGA";"Sim";"Condutor deixou de manter dist�ncia do ve�culo da frente";1;"Queda de ocupante de ve�culo";"Com V�timas Feridas";"Pleno dia";"Decrescente";"C�u Claro";"Simples";"Curva";"Sim";NA;NA;"NA/NA/NA";NA;"Testemunha";"N�o Informado";NA;"N�o Informado";0;0;0;0;-19,63585227;-42,10579488;"SPRF-MG";"DEL06-MG";"UOP02-DEL06-MG"
745403;1670699;2025-12-02;"ter�a-feira";"16:10:00";"SC";282;404,7;"JOACABA";"N�o";"Acesso irregular";1;"Colis�o transversal";"Com V�timas Feridas";"Pleno dia";"Crescente";"C�u Claro";"Simples";"Reta";"N�o";1331035;"Caminhonete";"CHEVROLET/MONTANA LS/MONTANA LS";2011;"Condutor";"Les�es Leves";37;"Masculino";0;1;0;0;-27,10503931;-51,64416282;"SPRF-SC";"DEL07-SC";"UOP05-DEL07-SC"
745403;1670698;2025-12-02;"ter�a-feira";"16:10:00";"SC";282;404,7;"JOACABA";"N�o";"Acesso irregular";1;"Colis�o transversal";"Com V�timas Feridas";"Pleno dia";"Crescente";"C�u Claro";"Simples";"Reta";"N�o";1331034;"Motocicleta";"HONDA/CB 300R/CB 300R";2011;"Condutor";"Les�es Graves";27;"Masculino";0;0;1;0;-27,10503931;-51,64416282;"SPRF-SC";"DEL07-SC";"UOP05-DEL07-SC"
745403;1670699;2025-12-02;"ter�a-feira";"16:10:00";"SC";282;404,7;"JOACABA";"Sim";"Acessar a via sem observar a presen�a dos outros ve�culos";1;"Colis�o transversal";"Com V�timas Feridas";"Pleno dia";"Crescente";"C�u Claro";"Simples";"Reta";"N�o";1331035;"Caminhonete";"CHEVROLET/MONTANA LS/MONTANA LS";2011;"Condutor";"Les�es Leves";37;"Masculino";0;1;0;0;-27,10503931;-51,64416282;"SPRF-SC";"DEL07-SC";"UOP05-DEL07-SC"
745403;1670698;2025-12-02;"ter�a-feira";"16:10:00";"SC";282;404,7;"JOACABA";"Sim";"Acessar a via sem observar a presen�a dos outros ve�culos";1;"Colis�o transversal";"Com V�timas Feridas";"Pleno dia";"Crescente";"C�u Claro";"Simples";"Reta";"N�o";1331034;"Motocicleta";"HONDA/CB 300R/CB 300R";2011;"Condutor";"Les�es Graves";27;"Masculino";0;0;1;0;-27,10503931;-51,64416282;"SPRF-SC";"DEL07-SC";"UOP05-DEL07-SC"
745403;1670699;2025-12-02;"ter�a-feira";"16:10:00";"SC";282;404,7;"JOACABA";"N�o";"Velocidade Incompat�vel";1;"Colis�o transversal";"Com V�timas Feridas";"Pleno dia";"Crescente";"C�u Claro";"Simples";"Reta";"N�o";1331035;"Caminhonete";"CHEVROLET/MONTANA LS/MONTANA LS";2011;"Condutor";"Les�es Leves";37;"Masculino";0;1;0;0;-27,10503931;-51,64416282;"SPRF-SC";"DEL07-SC";"UOP05-DEL07-SC"
745403;1670698;2025-12-02;"ter�a-feira";"16:10:00";"SC";282;404,7;"JOACABA";"N�o";"Velocidade Incompat�vel";1;"Colis�o transversal";"Com V�timas Feridas";"Pleno dia";"Crescente";"C�u Claro";"Simples";"Reta";"N�o";1331034;"Motocicleta";"HONDA/CB 300R/CB 300R";2011;"Condutor";"Les�es Graves";27;"Masculino";0;0;1;0;-27,10503931;-51,64416282;"SPRF-SC";"DEL07-SC";"UOP05-DEL07-SC"
745406;1670709;2025-11-29;"s�bado";"13:20:00";"RJ";101;489;"ANGRA DOS REIS";"N�o";"Condutor deixou de manter dist�ncia do ve�culo da frente";3;"Queda de ocupante de ve�culo";"Com V�timas Feridas";"Pleno dia";"Crescente";"C�u Claro";"Simples";"Curva";"Sim";1331041;"Motocicleta";"YAMAHA/YS150 FAZER SED/YS150 FAZER SED";2024;"Condutor";"Les�es Leves";26;"Masculino";0;1;0;0;-22,9900288;-44,2400768;"SPRF-RJ";"DEL03-RJ";"UOP03-DEL03-RJ"
745406;1670708;2025-11-29;"s�bado";"13:20:00";"RJ";101;489;"ANGRA DOS REIS";"N�o";"Condutor deixou de manter dist�ncia do ve�culo da frente";3;"Queda de ocupante de ve�culo";"Com V�timas Feridas";"Pleno dia";"Crescente";"C�u Claro";"Simples";"Curva";"Sim";1331040;"Motocicleta";"YAMAHA/YS150 FAZER ED/YS150 FAZER ED";2014;"Condutor";"Les�es Leves";38;"Masculino";0;1;0;0;-22,9900288;-44,2400768;"SPRF-RJ";"DEL03-RJ";"UOP03-DEL03-RJ"