"id";"pesid";"data_inversa";"dia_semana";"horario";"uf";"br";"km";"municipio";"causa_principal";"causa_acidente";"ordem_tipo_acidente";"tipo_acidente";"classificacao_acidente";"fase_dia";"sentido_via";"condicao_metereologica";"tipo_pista";"tracado_via";"uso_solo";"id_veiculo";"tipo_veiculo";"marca";"ano_fabricacao_veiculo";"tipo_envolvido";"estado_fisico";"idade";"sexo";"ilesos";"feridos_leves";"feridos_graves";"mortos";"latitude";"longitude";"regional";"delegacia";"uop"
745406;1670709;2025-11-29;"s�bado";"13:20:00";"RJ";101;489;"ANGRA DOS REIS";"N�o";"Condutor deixou de manter dist�ncia do ve�culo da frente";2;"Colis�o com objeto";"Com V�timas Feridas";"Pleno dia";"Crescente";"C�u Claro";"Simples";"Curva";"Sim";1331041;"Motocicleta";"YAMAHA/YS150 FAZER SED/YS150 FAZER SED";2024;"Condutor";"Les�es Leves";26;"Masculino";0;1;0;0;-22,9900288;-44,2400768;"SPRF-RJ";"DEL03-RJ";"UOP03-DEL03-RJ"
745406;1670708;2025-11-29;"s�bado";"13:20:00";"RJ";101;489;"ANGRA DOS REIS";"N�o";"Condutor deixou de manter dist�ncia do ve�culo da frente";2;"Colis�o com objeto";"Com V�timas Feridas";"Pleno dia";"Crescente";"C�u Claro";"Simples";"Curva";"Sim";1331040;"Motocicleta";"YAMAHA/YS150 FAZER ED/YS150 FAZER ED";2014;"Condutor";"Les�es Leves";38;"Masculino";0;1;0;0;-22,9900288;-44,2400768;"SPRF-RJ";"DEL03-RJ";"UOP03-DEL03-RJ"
745406;1670709;2025-11-29;"s�bado";"13:20:00";"RJ";101;489;"ANGRA DOS REIS";"N�o";"Condutor deixou de manter dist�ncia do ve�culo da frente";1;"Tombamento";"Com V�timas Feridas";"Pleno dia";"Crescente";"C�u Claro";"Simples";"Curva";"Sim";1331041;"Motocicleta";"YAMAHA/YS150 FAZER SED/YS150 FAZER SED";2024;"Condutor";"Les�es Leves";26;"Masculino";0;1;0;0;-22,9900288;-44,2400768;"SPRF-RJ";"DEL03-RJ";"UOP03-DEL03-RJ"
745406;1670708;2025-11-29;"s�bado";"13:20:00";"RJ";101;489;"ANGRA DOS REIS";"N�o";"Condutor deixou de manter dist�ncia do ve�culo da frente";1;"Tombamento";"Com V�timas Feridas";"Pleno dia";"Crescente";"C�u Claro";"Simples";"Curva";"Sim";1331040;"Motocicleta";"YAMAHA/YS150 FAZER ED/YS150 FAZER ED";2014;"Condutor";"Les�es Leves";38;"Masculino";0;1;0;0;-22,9900288;-44,2400768;"SPRF-RJ";"DEL03-RJ";"UOP03-DEL03-RJ"
745406;1670709;2025-11-29;"s�bado";"13:20:00";"RJ";101;489;"ANGRA DOS REIS";"Sim";"Rea��o tardia ou ineficiente do condutor";3;"Queda de ocupante de ve�culo";"Com V�timas Feridas";"Pleno dia";"Crescente";"C�u Claro";"Simples";"Curva";"Sim";1331041;"Motocicleta";"YAMAHA/YS150 FAZER SED/YS150 FAZER SED";2024;"Condutor";"Les�es Leves";26;"Masculino";0;1;0;0;-22,9900288;-44,2400768;"SPRF-RJ";"DEL03-RJ";"UOP03-DEL03-RJ"
745406;1670708;2025-11-29;"s�bado";"13:20:00";"RJ";101;489;"ANGRA DOS REIS";"Sim";"Rea��o tardia ou ineficiente do condutor";3;"Queda de ocupante de ve�culo";"Com V�timas Feridas";"Pleno dia";"Crescente";"C�u Claro";"Simples";"Curva";"Sim";1331040;"Motocicleta";"YAMAHA/YS150 FAZER ED/YS150 FAZER ED";2014;"Condutor";"Les�es Leves";38;"Masculino";0;1;0;0;-22,9900288;-44,2400768;"SPRF-RJ";"DEL03-RJ";"UOP03-DEL03-RJ"
745406;1670709;2025-11-29;"s�bado";"13:20:00";"RJ";101;489;"ANGRA DOS REIS";"Sim";"Rea��o tardia ou ineficiente do condutor";2;"Colis�o com objeto";"Com V�timas Feridas";"Pleno dia";"Crescente";"C�u Claro";"Simples";"Curva";"Sim";1331041;"Motocicleta";"YAMAHA/YS150 FAZER SED/YS150 FAZER SED";2024;"Condutor";"Les�es Leves";26;"Masculino";0;1;0;0;-22,9900288;-44,2400768;"SPRF-RJ";"DEL03-RJ";"UOP03-DEL03-RJ"
745406;1670708;2025-11-29;"s�bado";"13:20:00";"RJ";101;489;"ANGRA DOS REIS";"Sim";"Rea��o tardia ou ineficiente do condutor";2;"Colis�o com objeto";"Com V�timas Feridas";"Pleno dia";"Crescente";"C�u Claro";"Simples";"Curva";"Sim";1331040;"Motocicleta";"YAMAHA/YS150 FAZER ED/YS150 FAZER ED";2014;"Condutor";"Les�es Leves";38;"Masculino";0;1;0;0;-22,9900288;-44,2400768;"SPRF-RJ";"DEL03-RJ";"UOP03-DEL03-RJ"
745406;1670709;2025-11-29;"s�bado";"13:20:00";"RJ";101;489;"ANGRA DOS REIS";"Sim";"Rea��o tardia ou ineficiente do condutor";1;"Tombamento";"Com V�timas Feridas";"Pleno dia";"Crescente";"C�u Claro";"Simples";"Curva";"Sim";1331041;"Motocicleta";"YAMAHA/YS150 FAZER SED/YS150 FAZER SED";2024;"Condutor";"Les�es Leves";26;"Masculino";0;1;0;0;-22,9900288;-44,2400768;"SPRF-RJ";"DEL03-RJ";"UOP03-DEL03-RJ"
745406;1670708;2025-11-29;"s�bado";"13:20:00";"RJ";101;489;"ANGRA DOS REIS";"Sim";"Rea��o tardia ou ineficiente do condutor";1;"Tombamento";"Com V�timas Feridas";"Pleno dia";"Crescente";"C�u Claro";"Simples";"Curva";"Sim";1331040;"Motocicleta";"YAMAHA/YS150 FAZER ED/YS150 FAZER ED";2014;"Condutor";"Les�es Leves";38;"Masculino";0;1;0;0;-22,9900288;-44,2400768;"SPRF-RJ";"DEL03-RJ";"UOP03-DEL03-RJ"
745425;1670753;2025-12-01;"segunda-feira";"15:16:00";"MA";316;6,2;"BOA VISTA DO GURUPI";"Sim";"Rea��o tardia ou ineficiente do condutor";3;"Capotamento";"Com V�timas Fatais";"Pleno dia";"Decrescente";"Sol";"Simples";"Curva";"N�o";1331076;"Autom�vel";"CHEVROLET/CELTA 1.0L LT/CELTA 1.0L LT";2012;"Condutor";"�bito";48;"Masculino";0;0;0;1;-1,780943;-46,27046;"SPRF-MA";"DEL02-MA";"UOP02-DEL02-MA"
745425;1670753;2025-12-01;"segunda-feira";"15:16:00";"MA";316;6,2;"BOA VISTA DO GURUPI";"Sim";"Rea��o tardia ou ineficiente do condutor";2;"Colis�o frontal";"Com V�timas Fatais";"Pleno dia";"Decrescente";"Sol";"Simples";"Curva";"N�o";1331076;"Autom�vel";"CHEVROLET/CELTA 1.0L LT/CELTA 1.0L LT";2012;"Condutor";"�bito";48;"Masculino";0;0;0;1;-1,780943;-46,27046;"SPRF-MA";"DEL02-MA";"UOP02-DEL02-MA"
745425;1670753;2025-12-01;"segunda-feira";"15:16:00";"MA";316;6,2;"BOA VISTA DO GURUPI";"Sim";"Rea��o tardia ou ineficiente do condutor";1;"Sa�da de leito carro��vel";"Com V�timas Fatais";"Pleno dia";"Decrescente";"Sol";"Simples";"Curva";"N�o";1331076;"Autom�vel";"CHEVROLET/CELTA 1.0L LT/CELTA 1.0L LT";2012;"Condutor";"�bito";48;"Masculino";0;0;0;1;-1,780943;-46,27046;"SPRF-MA";"DEL02-MA";"UOP02-DEL02-MA"
745430;1670775;2025-12-28;"domingo";"06:30:00";"RJ";101;476;"ANGRA DOS REIS";"Sim";"Aus�ncia de rea��o do condutor";1;"Capotamento";"Com V�timas Feridas";"Amanhecer";"Crescente";"C�u Claro";"Simples";"Curva";"N�o";1331087;"Autom�vel";"VW/VOYAGE 1.6/VOYAGE 1.6";2009;"Passageiro";"Les�es Graves";23;"Feminino";0;0;1;0;-23,004233;-44,26157411;"SPRF-RJ";"DEL03-RJ";"UOP03-DEL03-RJ"
745430;1670774;2025-12-28;"domingo";"06:30:00";"RJ";101;476;"ANGRA DOS REIS";"Sim";"Aus�ncia de rea��o do condutor";1;"Capotamento";"Com V�timas Feridas";"Amanhecer";"Crescente";"C�u Claro";"Simples";"Curva";"N�o";1331087;"Autom�vel";"VW/VOYAGE 1.6/VOYAGE 1.6";2009;"Condutor";"Ileso";37;"Masculino";1;0;0;0;-23,004233;-44,26157411;"SPRF-RJ";"DEL03-RJ";"UOP03-DEL03-RJ"
745437;1670786;2025-12-31;"quarta-feira";"10:28:00";"MT";70;2,5;"BARRA DO GARCAS";"Sim";"Aus�ncia de rea��o do condutor";2;"Queda de ocupante de ve�culo";"Com V�timas Feridas";"Pleno dia";"Decrescente";"C�u Claro";"Simples";"Reta";"N�o";1331093;"Motocicleta";"HONDA/CG 125 FAN KS/CG 125 FAN KS";2013;"Condutor";"Les�es Leves";NA;"Masculino";0;1;0;0;-15,884922;-52,271973;"SPRF-MT";"DEL07-MT";"UOP01-DEL07-MT"
745437;1670786;2025-12-31;"quarta-feira";"10:28:00";"MT";70;2,5;"BARRA DO GARCAS";"Sim";"Aus�ncia de rea��o do condutor";1;"Tombamento";"Com V�timas Feridas";"Pleno dia";"Decrescente";"C�u Claro";"Simples";"Reta";"N�o";1331093;"Motocicleta";"HONDA/CG 125 FAN KS/CG 125 FAN KS";2013;"Condutor";"Les�es Leves";NA;"Masculino";0;1;0;0;-15,884922;-52,271973;"SPRF-MT";"DEL07-MT";"UOP01-DEL07-MT"
745454;1670816;2025-05-22;"quinta-feira";"13:00:00";"PI";343;1,9;"TERESINA";"Sim";"Condutor desrespeitou a ilumina��o vermelha do sem�foro";1;"Colis�o transversal";"Com V�timas Feridas";"Pleno dia";"Decrescente";"C�u Claro";"Dupla";"Reta";"Sim";1331121;"Caminhonete";"I/VW AMAROK CD 4X4 HIGH/VW AMAROK CD 4X4 HIGH";2013;"Condutor";"Ileso";54;"Masculino";1;0;0;0;-5,081615;-42,767407;"SPRF-PI";"DEL01-PI";"UOP01-DEL01-PI"
745454;1670817;2025-05-22;"quinta-feira";"13:00:00";"PI";343;1,9;"TERESINA";"Sim";"Condutor desrespeitou a ilumina��o vermelha do sem�foro";1;"Colis�o transversal";"Com V�timas Feridas";"Pleno dia";"Decrescente";"C�u Claro";"Dupla";"Reta";"Sim";1331120;"Motocicleta";"HONDA/CG 160 TITAN/CG 160 TITAN";2019;"Condutor";"Les�es Leves";21;"Masculino";0;1;0;0;-5,081615;-42,767407;"SPRF-PI";"DEL01-PI";"UOP01-DEL01-PI"
745454;1670815;2025-05-22;"quinta-feira";"13:00:00";"PI";343;1,9;"TERESINA";"Sim";"Condutor desrespeitou a ilumina��o vermelha do sem�foro";1;"Colis�o transversal";"Com V�timas Feridas";"Pleno dia";"Decrescente";"C�u Claro";"Dupla";"Reta";"Sim";1331120;"Motocicleta";"HONDA/CG 160 TITAN/CG 160 TITAN";2019;"Passageiro";"Les�es Leves";27;"Masculino";0;1;0;0;-5,081615;-42,767407;"SPRF-PI";"DEL01-PI";"UOP01-DEL01-PI"
745460;1670824;2025-12-28;"domingo";"21:30:00";"RJ";101;486;"ANGRA DOS REIS";"Sim";"Acessar a via sem observar a presen�a dos outros ve�culos";1;"Atropelamento de Pedestre";"Com V�timas Feridas";"Plena Noite";"Decrescente";"C�u Claro";"Simples";"Reta";"Sim";1331134;"Motocicleta";"N�o Informado/N�o Informado/N�o Informado";0;"Condutor";"Les�es Leves";24;"Masculino";0;1;0;0;-23,0059658;-44,3080629;"SPRF-RJ";"DEL03-RJ";"UOP03-DEL03-RJ"
745460;1670825;2025-12-28;"domingo";"21:30:00";"RJ";101;486;"ANGRA DOS REIS";"Sim";"Acessar a via sem observar a presen�a dos outros ve�culos";1;"Atropelamento de Pedestre";"Com V�timas Feridas";"Plena Noite";"Decrescente";"C�u Claro";"Simples";"Reta";"Sim";NA;NA;"NA/NA/NA";NA;"Pedestre";"Les�es Graves";75;"Masculino";0;0;1;0;-23,0059658;-44,3080629;"SPRF-RJ";"DEL03-RJ";"UOP03-DEL03-RJ"
745461;1690413;2025-11-10;"segunda-feira";"13:05:00";"MG";381;705;"NEPOMUCENO";"Sim";"Demais falhas mec�nicas ou el�tricas";1;"Capotamento";"Com V�timas Feridas";"Pleno dia";"Crescente";"C�u Claro";"Dupla";"Curva";"N�o";1331137;"Camioneta";"I/CHEV TRACKER LT/CHEV TRACKER LT";0;"Passageiro";"Les�es Leves";6;"Feminino";0;1;0;0;-21,34965018;-45,17946289;"SPRF-MG";"DEL04-MG";"UOP02-DEL04-MG"
745461;1690415;2025-11-10;"segunda-feira";"13:05:00";"MG";381;705;"NEPOMUCENO";"Sim";"Demais falhas mec�nicas ou el�tricas";1;"Capotamento";"Com V�timas Feridas";"Pleno dia";"Crescente";"C�u Claro";"Dupla";"Curva";"N�o";1331137;"Camioneta";"I/CHEV TRACKER LT/CHEV TRACKER LT";0;"Passageiro";"Les�es Leves";27;"Masculino";0;1;0;0;-21,34965018;-45,17946289;"SPRF-MG";"DEL04-MG";"UOP02-DEL04-MG"
745461;1690412;2025-11-10;"segunda-feira";"13:05:00";"MG";381;705;"NEPOMUCENO";"Sim";"Demais falhas mec�nicas ou el�tricas";1;"Capotamento";"Com V�timas Feridas";"Pleno dia";"Crescente";"C�u Claro";"Dupla";"Curva";"N�o";1331137;"Camioneta";"I/CHEV TRACKER LT/CHEV TRACKER LT";0;"Passageiro";"Ileso";10;"Feminino";1;0;0;0;-21,34965018;-45,17946289;"SPRF-MG";"DEL04-MG";"UOP02-DEL04-MG"
745461;1670859;2025-11-10;"segunda-feira";"13:05:00";"MG";381;705;"NEPOMUCENO";"Sim";"Demais falhas mec�nicas ou el�tricas";1;"Capotamento";"Com V�timas Feridas";"Pleno dia";"Crescente";"C�u Claro";"Dupla";"Curva";"N�o";1331137;"Camioneta";"I/CHEV TRACKER LT/CHEV TRACKER LT";0;"Passageiro";"Les�es Leves";20;"Feminino";0;1;0;0;-21,34965018;-45,17946289;"SPRF-MG";"DEL04-MG";"UOP02-DEL04-MG"
745461;1670835;2025-11-10;"segunda-feira";"13:05:00";"MG";381;705;"NEPOMUCENO";"Sim";"Demais falhas mec�nicas ou el�tricas";1;"Capotamento";"Com V�timas Feridas";"Pleno dia";"Crescente";"C�u Claro";"Dupla";"Curva";"N�o";1331137;"Camioneta";"I/CHEV TRACKER LT/CHEV TRACKER LT";0;"Condutor";"Les�es Leves";46;"Feminino";0;1;0;0;-21,34965018;-45,17946289;"SPRF-MG";"DEL04-MG";"UOP02-DEL04-MG"
745484;NA;2025-12-17;"quarta-feira";"14:25:00";"BA";116;493,2;"RAFAEL JAMBEIRO";"Sim";"Aus�ncia de rea��o do condutor";1;"Colis�o traseira";"Com V�timas Feridas";"Pleno dia";"Decrescente";"C�u Claro";"Dupla";"Reta";"N�o";1331191;"Semireboque";"SR/NOMA SR2E17T1 CL/NOMA SR2E17T1 CL";2005;NA;NA;NA;NA;NA;NA;NA;NA;-12,57527902;-39,50358175;"SPRF-BA";"DEL02-BA";"UOP01-DEL02-BA"
745484;NA;2025-12-17;"quarta-feira";"14:25:00";"BA";116;493,2;"RAFAEL JAMBEIRO";"Sim";"Aus�ncia de rea��o do condutor";1;"Colis�o traseira";"Com V�timas Feridas";"Pleno dia";"Decrescente";"C�u Claro";"Dupla";"Reta";"N�o";1331190;"Semireboque";"SR/NOMA SR2E17T2 CL/NOMA SR2E17T2 CL";2005;NA;NA;NA;NA;NA;NA;NA;NA;-12,57527902;-39,50358175;"SPRF-BA";"DEL02-BA";"UOP01-DEL02-BA"
745484;NA;2025-12-17;"quarta-feira";"14:25:00";"BA";116;493,2;"RAFAEL JAMBEIRO";"Sim";"Aus�ncia de rea��o do condutor";1;"Colis�o traseira";"Com V�timas Feridas";"Pleno dia";"Decrescente";"C�u Claro";"Dupla";"Reta";"N�o";1331189;"Semireboque";"SR/LIBRELATO CACAENCR 3E/LIBRELATO CACAENCR 3E";2019;NA;NA;NA;NA;NA;NA;NA;NA;-12,57527902;-39,50358175;"SPRF-BA";"DEL02-BA";"UOP01-DEL02-BA"
745484;NA;2025-12-17;"quarta-feira";"14:25:00";"BA";116;493,2;"RAFAEL JAMBEIRO";"Sim";"Aus�ncia de rea��o do condutor";1;"Colis�o traseira";"Com V�timas Feridas";"Pleno dia";"Decrescente";"C�u Claro";"Dupla";"Reta";"N�o";1331188;"Semireboque";"SR/LIBRELATO CACAENCR 3E/LIBRELATO CACAENCR 3E";2019;NA;NA;NA;NA;NA;NA;NA;NA;-12,57527902;-39,50358175;"SPRF-BA";"DEL02-BA";"UOP01-DEL02-BA"
745484;1670896;2025-12-17;"quarta-feira";"14:25:00";"BA";116;493,2;"RAFAEL JAMBEIRO";"Sim";"Aus�ncia de rea��o do condutor";1;"Colis�o traseira";"Com V�timas Feridas";"Pleno dia";"Decrescente";"C�u Claro";"Dupla";"Reta";"N�o";1331187;"Caminh�o-trator";"DAF/XF FTS 480/XF FTS 480";2022;"Condutor";"Les�es Graves";63;"Masculino";0;0;1;0;-12,57527902;-39,50358175;"SPRF-BA";"DEL02-BA";"UOP01-DEL02-BA"
745484;1670895;2025-12-17;"quarta-feira";"14:25:00";"BA";116;493,2;"RAFAEL JAMBEIRO";"Sim";"Aus�ncia de rea��o do condutor";1;"Colis�o traseira";"Com V�timas Feridas";"Pleno dia";"Decrescente";"C�u Claro";"Dupla";"Reta";"N�o";1331186;"Caminh�o-trator";"DAF/XF FTT 530 SSC/XF FTT 530 SSC";2023;"Condutor";"Ileso";42;"Masculino";1;0;0;0;-12,57527902;-39,50358175;"SPRF-BA";"DEL02-BA";"UOP01-DEL02-BA"
745486;1670904;2025-09-19;"sexta-feira";"17:50:00";"MG";381;948;"EXTREMA";"Sim";"Trafegar com motocicleta (ou similar) entre as faixas";1;"Colis�o lateral mesmo sentido";"Com V�timas Feridas";"Pleno dia";"Crescente";"C�u Claro";"Dupla";"Reta";"N�o";1331199;"Caminh�o";"M.BENZ/L 1113/L 1113";0;"Condutor";"N�o Informado";NA;"N�o Informado";0;0;0;0;-22,86986834;-46,35746138;"SPRF-MG";"DEL16-MG";"UOP03-DEL16-MG"
745486;1670903;2025-09-19;"sexta-feira";"17:50:00";"MG";381;948;"EXTREMA";"Sim";"Trafegar com motocicleta (ou similar) entre as faixas";1;"Colis�o lateral mesmo sentido";"Com V�timas Feridas";"Pleno dia";"Crescente";"C�u Claro";"Dupla";"Reta";"N�o";1331198;"Autom�vel";"N�o Informado/N�o Informado/N�o Informado";0;"Condutor";"N�o Informado";NA;"N�o Informado";0;0;0;0;-22,86986834;-46,35746138;"SPRF-MG";"DEL16-MG";"UOP03-DEL16-MG"
745486;1670901;2025-09-19;"sexta-feira";"17:50:00";"MG";381;948;"EXTREMA";"Sim";"Trafegar com motocicleta (ou similar) entre as faixas";1;"Colis�o lateral mesmo sentido";"Com V�timas Feridas";"Pleno dia";"Crescente";"C�u Claro";"Dupla";"Reta";"N�o";1331197;"Motocicleta";"HONDA/NXR150 BROS ES/NXR150 BROS ES";2011;"Condutor";"Les�es Leves";31;"Masculino";0;1;0;0;-22,86986834;-46,35746138;"SPRF-MG";"DEL16-MG";"UOP03-DEL16-MG"
745486;1670902;2025-09-19;"sexta-feira";"17:50:00";"MG";381;948;"EXTREMA";"Sim";"Trafegar com motocicleta (ou similar) entre as faixas";1;"Colis�o lateral mesmo sentido";"Com V�timas Feridas";"Pleno dia";"Crescente";"C�u Claro";"Dupla";"Reta";"N�o";NA;NA;"NA/NA/NA";NA;"Testemunha";"N�o Informado";NA;"N�o Informado";0;0;0;0;-22,86986834;-46,35746138;"SPRF-MG";"DEL16-MG";"UOP03-DEL16-MG"
745504;1670954;2025-05-04;"domingo";"20:24:00";"PI";343;4;"TERESINA";"N�o";"Rea��o tardia ou ineficiente do condutor";3;"Capotamento";"Com V�timas Feridas";"Plena Noite";"Crescente";"C�u Claro";"M�ltipla";"Reta";"Sim";1331242;"Autom�vel";"TOYOTA/COROLLA XEI 20/COROLLA XEI 20";2022;"Condutor";"Ileso";31;"Masculino";1;0;0;0;-5,08136899;-42,77183533;"SPRF-PI";"DEL01-PI";"UOP01-DEL01-PI"
745504;1670953;2025-05-04;"domingo";"20:24:00";"PI";343;4;"TERESINA";"N�o";"Rea��o tardia ou ineficiente do condutor";3;"Capotamento";"Com V�timas Feridas";"Plena Noite";"Crescente";"C�u Claro";"M�ltipla";"Reta";"Sim";1331241;"Autom�vel";"FIAT/MOBI LIKE/MOBI LIKE";2020;"Condutor";"Les�es Leves";28;"Ignorado";0;1;0;0;-5,08136899;-42,77183533;"SPRF-PI";"DEL01-PI";"UOP01-DEL01-PI"
745504;1670954;2025-05-04;"domingo";"20:24:00";"PI";343;4;"TERESINA";"N�o";"Rea��o tardia ou ineficiente do condutor";2;"Colis�o com objeto";"Com V�timas Feridas";"Plena Noite";"Crescente";"C�u Claro";"M�ltipla";"Reta";"Sim";1331242;"Autom�vel";"TOYOTA/COROLLA XEI 20/COROLLA XEI 20";2022;"Condutor";"Ileso";31;"Masculino";1;0;0;0;-5,08136899;-42,77183533;"SPRF-PI";"DEL01-PI";"UOP01-DEL01-PI"
745504;1670953;2025-05-04;"domingo";"20:24:00";"PI";343;4;"TERESINA";"N�o";"Rea��o tardia ou ineficiente do condutor";2;"Colis�o com objeto";"Com V�timas Feridas";"Plena Noite";"Crescente";"C�u Claro";"M�ltipla";"Reta";"Sim";1331241;"Autom�vel";"FIAT/MOBI LIKE/MOBI LIKE";2020;"Condutor";"Les�es Leves";28;"Ignorado";0;1;0;0;-5,08136899;-42,77183533;"SPRF-PI";"DEL01-PI";"UOP01-DEL01-PI"
745504;1670954;2025-05-04;"domingo";"20:24:00";"PI";343;4;"TERESINA";"N�o";"Rea��o tardia ou ineficiente do condutor";1;"Colis�o lateral mesmo sentido";"Com V�timas Feridas";"Plena Noite";"Crescente";"C�u Claro";"M�ltipla";"Reta";"Sim";1331242;"Autom�vel";"TOYOTA/COROLLA XEI 20/COROLLA XEI 20";2022;"Condutor";"Ileso";31;"Masculino";1;0;0;0;-5,08136899;-42,77183533;"SPRF-PI";"DEL01-PI";"UOP01-DEL01-PI"
745504;1670953;2025-05-04;"domingo";"20:24:00";"PI";343;4;"TERESINA";"N�o";"Rea��o tardia ou ineficiente do condutor";1;"Colis�o lateral mesmo sentido";"Com V�timas Feridas";"Plena Noite";"Crescente";"C�u Claro";"M�ltipla";"Reta";"Sim";1331241;"Autom�vel";"FIAT/MOBI LIKE/MOBI LIKE";2020;"Condutor";"Les�es Leves";28;"Ignorado";0;1;0;0;-5,08136899;-42,77183533;"SPRF-PI";"DEL01-PI";"UOP01-DEL01-PI"
745504;1670954;2025-05-04;"domingo";"20:24:00";"PI";343;4;"TERESINA";"Sim";"Aus�ncia de rea��o do condutor";3;"Capotamento";"Com V�timas Feridas";"Plena Noite";"Crescente";"C�u Claro";"M�ltipla";"Reta";"Sim";1331242;"Autom�vel";"TOYOTA/COROLLA XEI 20/COROLLA XEI 20";2022;"Condutor";"Ileso";31;"Masculino";1;0;0;0;-5,08136899;-42,77183533;"SPRF-PI";"DEL01-PI";"UOP01-DEL01-PI"
745504;1670953;2025-05-04;"domingo";"20:24:00";"PI";343;4;"TERESINA";"Sim";"Aus�ncia de rea��o do condutor";3;"Capotamento";"Com V�timas Feridas";"Plena Noite";"Crescente";"C�u Claro";"M�ltipla";"Reta";"Sim";1331241;"Autom�vel";"FIAT/MOBI LIKE/MOBI LIKE";2020;"Condutor";"Les�es Leves";28;"Ignorado";0;1;0;0;-5,08136899;-42,77183533;"SPRF-PI";"DEL01-PI";"UOP01-DEL01-PI"
745504;1670954;2025-05-04;"domingo";"20:24:00";"PI";343;4;"TERESINA";"Sim";"Aus�ncia de rea��o do condutor";2;"Colis�o com objeto";"Com V�timas Feridas";"Plena Noite";"Crescente";"C�u Claro";"M�ltipla";"Reta";"Sim";1331242;"Autom�vel";"TOYOTA/COROLLA XEI 20/COROLLA XEI 20";2022;"Condutor";"Ileso";31;"Masculino";1;0;0;0;-5,08136899;-42,77183533;"SPRF-PI";"DEL01-PI";"UOP01-DEL01-PI"
745504;1670953;2025-05-04;"domingo";"20:24:00";"PI";343;4;"TERESINA";"Sim";"Aus�ncia de rea��o do condutor";2;"Colis�o com objeto";"Com V�timas Feridas";"Plena Noite";"Crescente";"C�u Claro";"M�ltipla";"Reta";"Sim";1331241;"Autom�vel";"FIAT/MOBI LIKE/MOBI LIKE";2020;"Condutor";"Les�es Leves";28;"Ignorado";0;1;0;0;-5,08136899;-42,77183533;"SPRF-PI";"DEL01-PI";"UOP01-DEL01-PI"
745504;1670954;2025-05-04;"domingo";"20:24:00";"PI";343;4;"TERESINA";"Sim";"Aus�ncia de rea��o do condutor";1;"Colis�o lateral mesmo sentido";"Com V�timas Feridas";"Plena Noite";"Crescente";"C�u Claro";"M�ltipla";"Reta";"Sim";1331242;"Autom�vel";"TOYOTA/COROLLA XEI 20/COROLLA XEI 20";2022;"Condutor";"Ileso";31;"Masculino";1;0;0;0;-5,08136899;-42,77183533;"SPRF-PI";"DEL01-PI";"UOP01-DEL01-PI"
745504;1670953;2025-05-04;"domingo";"20:24:00";"PI";343;4;"TERESINA";"Sim";"Aus�ncia de rea��o do condutor";1;"Colis�o lateral mesmo sentido";"Com V�timas Feridas";"Plena Noite";"Crescente";"C�u Claro";"M�ltipla";"Reta";"Sim";1331241;"Autom�vel";"FIAT/MOBI LIKE/MOBI LIKE";2020;"Condutor";"Les�es Leves";28;"Ignorado";0;1;0;0;-5,08136899;-42,77183533;"SPRF-PI";"DEL01-PI";"UOP01-DEL01-PI"
745506;1670958;2025-12-31;"quarta-feira";"19:20:00";"RJ";101;416;"MANGARATIBA";"Sim";"Rea��o tardia ou ineficiente do condutor";1;"Tombamento";"Com V�timas Feridas";"Plena Noite";"Decrescente";"C�u Claro";"Simples";"Curva";"N�o";1331248;"Motocicleta";"KASINSKI/MIRAGE 250/MIRAGE 250";2010;"Condutor";"Les�es Graves";68;"Masculino";0;0;1;0;-22,9146;-43,9015;"SPRF-RJ";"DEL03-RJ";"UOP02-DEL03-RJ"
745506;1670958;2025-12-31;"quarta-feira";"19:20:00";"RJ";101;416;"MANGARATIBA";"Sim";"Rea��o tardia ou ineficiente do condutor";2;"Queda de ocupante de ve�culo";"Com V�timas Feridas";"Plena Noite";"Decrescente";"C�u Claro";"Simples";"Curva";"N�o";1331248;"Motocicleta";"KASINSKI/MIRAGE 250/MIRAGE 250";2010;"Condutor";"Les�es Graves";68;"Masculino";0;0;1;0;-22,9146;-43,9015;"SPRF-RJ";"DEL03-RJ";"UOP02-DEL03-RJ"
745516;1670963;2025-10-17;"sexta-feira";"14:40:00";"ES";259;57;"COLATINA";"Sim";"Convers�o proibida";2;"Capotamento";"Com V�timas Feridas";"Pleno dia";"Decrescente";"Sol";"Simples";"Interse��o de Vias;Curva";"Sim";1331253;"Autom�vel";"N�o Informado/N�o Informado/N�o Informado";0;"Condutor";"N�o Informado";NA;"N�o Informado";0;0;0;0;-19,5114768;-40,6562701;"SPRF-ES";"DEL02-ES";"UOP01-DEL02-ES"
745516;1670962;2025-10-17;"sexta-feira";"14:40:00";"ES";259;57;"COLATINA";"Sim";"Convers�o proibida";2;"Capotamento";"Com V�timas Feridas";"Pleno dia";"Decrescente";"Sol";"Simples";"Interse��o de Vias;Curva";"Sim";1331252;"Autom�vel";"FIAT/UNO MILLE FIRE FLEX/UNO MILLE FIRE FLEX";2006;"Condutor";"Les�es Leves";NA;"Masculino";0;1;0;0;-19,5114768;-40,6562701;"SPRF-ES";"DEL02-ES";"UOP01-DEL02-ES"
745516;1670963;2025-10-17;"sexta-feira";"14:40:00";"ES";259;57;"COLATINA";"Sim";"Convers�o proibida";1;"Colis�o transversal";"Com V�timas Feridas";"Pleno dia";"Decrescente";"Sol";"Simples";"Interse��o de Vias;Curva";"Sim";1331253;"Autom�vel";"N�o Informado/N�o Informado/N�o Informado";0;"Condutor";"N�o Informado";NA;"N�o Informado";0;0;0;0;-19,5114768;-40,6562701;"SPRF-ES";"DEL02-ES";"UOP01-DEL02-ES"