"id";"pesid";"data_inversa";"dia_semana";"horario";"uf";"br";"km";"municipio";"causa_principal";"causa_acidente";"ordem_tipo_acidente";"tipo_acidente";"classificacao_acidente";"fase_dia";"sentido_via";"condicao_metereologica";"tipo_pista";"tracado_via";"uso_solo";"id_veiculo";"tipo_veiculo";"marca";"ano_fabricacao_veiculo";"tipo_envolvido";"estado_fisico";"idade";"sexo";"ilesos";"feridos_leves";"feridos_graves";"mortos";"latitude";"longitude";"regional";"delegacia";"uop"
745516;1670962;2025-10-17;"sexta-feira";"14:40:00";"ES";259;57;"COLATINA";"Sim";"Convers�o proibida";1;"Colis�o transversal";"Com V�timas Feridas";"Pleno dia";"Decrescente";"Sol";"Simples";"Interse��o de Vias;Curva";"Sim";1331252;"Autom�vel";"FIAT/UNO MILLE FIRE FLEX/UNO MILLE FIRE FLEX";2006;"Condutor";"Les�es Leves";NA;"Masculino";0;1;0;0;-19,5114768;-40,6562701;"SPRF-ES";"DEL02-ES";"UOP01-DEL02-ES"
745522;1670978;2025-10-06;"segunda-feira";"19:00:00";"PI";343;2;"TERESINA";"Sim";"Aus�ncia de rea��o do condutor";3;"Queda de ocupante de ve�culo";"Com V�timas Feridas";"Plena Noite";"Crescente";"C�u Claro";"Dupla";"Reta";"Sim";1331265;"Outros";"N�o Informado/N�o Informado/N�o Informado";0;"Condutor";"N�o Informado";NA;"N�o Informado";0;0;0;0;-5,081165;-42,773455;"SPRF-PI";"DEL01-PI";"UOP01-DEL01-PI"
745522;1670977;2025-10-06;"segunda-feira";"19:00:00";"PI";343;2;"TERESINA";"Sim";"Aus�ncia de rea��o do condutor";3;"Queda de ocupante de ve�culo";"Com V�timas Feridas";"Plena Noite";"Crescente";"C�u Claro";"Dupla";"Reta";"Sim";1331264;"Motocicleta";"HONDA/POP100/POP100";2014;"Condutor";"Les�es Leves";27;"Masculino";0;1;0;0;-5,081165;-42,773455;"SPRF-PI";"DEL01-PI";"UOP01-DEL01-PI"
745522;1670976;2025-10-06;"segunda-feira";"19:00:00";"PI";343;2;"TERESINA";"Sim";"Aus�ncia de rea��o do condutor";3;"Queda de ocupante de ve�culo";"Com V�timas Feridas";"Plena Noite";"Crescente";"C�u Claro";"Dupla";"Reta";"Sim";1331263;"Autom�vel";"RENAULT/KWID ZEN 2/KWID ZEN 2";2025;"Condutor";"Ileso";35;"Feminino";1;0;0;0;-5,081165;-42,773455;"SPRF-PI";"DEL01-PI";"UOP01-DEL01-PI"
745522;1670979;2025-10-06;"segunda-feira";"19:00:00";"PI";343;2;"TERESINA";"Sim";"Aus�ncia de rea��o do condutor";3;"Queda de ocupante de ve�culo";"Com V�timas Feridas";"Plena Noite";"Crescente";"C�u Claro";"Dupla";"Reta";"Sim";NA;NA;"NA/NA/NA";NA;"Testemunha";"N�o Informado";NA;"N�o Informado";0;0;0;0;-5,081165;-42,773455;"SPRF-PI";"DEL01-PI";"UOP01-DEL01-PI"
745522;1670978;2025-10-06;"segunda-feira";"19:00:00";"PI";343;2;"TERESINA";"Sim";"Aus�ncia de rea��o do condutor";2;"Colis�o lateral mesmo sentido";"Com V�timas Feridas";"Plena Noite";"Crescente";"C�u Claro";"Dupla";"Reta";"Sim";1331265;"Outros";"N�o Informado/N�o Informado/N�o Informado";0;"Condutor";"N�o Informado";NA;"N�o Informado";0;0;0;0;-5,081165;-42,773455;"SPRF-PI";"DEL01-PI";"UOP01-DEL01-PI"
745522;1670977;2025-10-06;"segunda-feira";"19:00:00";"PI";343;2;"TERESINA";"Sim";"Aus�ncia de rea��o do condutor";2;"Colis�o lateral mesmo sentido";"Com V�timas Feridas";"Plena Noite";"Crescente";"C�u Claro";"Dupla";"Reta";"Sim";1331264;"Motocicleta";"HONDA/POP100/POP100";2014;"Condutor";"Les�es Leves";27;"Masculino";0;1;0;0;-5,081165;-42,773455;"SPRF-PI";"DEL01-PI";"UOP01-DEL01-PI"
745522;1670976;2025-10-06;"segunda-feira";"19:00:00";"PI";343;2;"TERESINA";"Sim";"Aus�ncia de rea��o do condutor";2;"Colis�o lateral mesmo sentido";"Com V�timas Feridas";"Plena Noite";"Crescente";"C�u Claro";"Dupla";"Reta";"Sim";1331263;"Autom�vel";"RENAULT/KWID ZEN 2/KWID ZEN 2";2025;"Condutor";"Ileso";35;"Feminino";1;0;0;0;-5,081165;-42,773455;"SPRF-PI";"DEL01-PI";"UOP01-DEL01-PI"
745522;1670979;2025-10-06;"segunda-feira";"19:00:00";"PI";343;2;"TERESINA";"Sim";"Aus�ncia de rea��o do condutor";2;"Colis�o lateral mesmo sentido";"Com V�timas Feridas";"Plena Noite";"Crescente";"C�u Claro";"Dupla";"Reta";"Sim";NA;NA;"NA/NA/NA";NA;"Testemunha";"N�o Informado";NA;"N�o Informado";0;0;0;0;-5,081165;-42,773455;"SPRF-PI";"DEL01-PI";"UOP01-DEL01-PI"
745522;1670978;2025-10-06;"segunda-feira";"19:00:00";"PI";343;2;"TERESINA";"Sim";"Aus�ncia de rea��o do condutor";1;"Colis�o traseira";"Com V�timas Feridas";"Plena Noite";"Crescente";"C�u Claro";"Dupla";"Reta";"Sim";1331265;"Outros";"N�o Informado/N�o Informado/N�o Informado";0;"Condutor";"N�o Informado";NA;"N�o Informado";0;0;0;0;-5,081165;-42,773455;"SPRF-PI";"DEL01-PI";"UOP01-DEL01-PI"
745522;1670977;2025-10-06;"segunda-feira";"19:00:00";"PI";343;2;"TERESINA";"Sim";"Aus�ncia de rea��o do condutor";1;"Colis�o traseira";"Com V�timas Feridas";"Plena Noite";"Crescente";"C�u Claro";"Dupla";"Reta";"Sim";1331264;"Motocicleta";"HONDA/POP100/POP100";2014;"Condutor";"Les�es Leves";27;"Masculino";0;1;0;0;-5,081165;-42,773455;"SPRF-PI";"DEL01-PI";"UOP01-DEL01-PI"
745522;1670976;2025-10-06;"segunda-feira";"19:00:00";"PI";343;2;"TERESINA";"Sim";"Aus�ncia de rea��o do condutor";1;"Colis�o traseira";"Com V�timas Feridas";"Plena Noite";"Crescente";"C�u Claro";"Dupla";"Reta";"Sim";1331263;"Autom�vel";"RENAULT/KWID ZEN 2/KWID ZEN 2";2025;"Condutor";"Ileso";35;"Feminino";1;0;0;0;-5,081165;-42,773455;"SPRF-PI";"DEL01-PI";"UOP01-DEL01-PI"
745522;1670979;2025-10-06;"segunda-feira";"19:00:00";"PI";343;2;"TERESINA";"Sim";"Aus�ncia de rea��o do condutor";1;"Colis�o traseira";"Com V�timas Feridas";"Plena Noite";"Crescente";"C�u Claro";"Dupla";"Reta";"Sim";NA;NA;"NA/NA/NA";NA;"Testemunha";"N�o Informado";NA;"N�o Informado";0;0;0;0;-5,081165;-42,773455;"SPRF-PI";"DEL01-PI";"UOP01-DEL01-PI"
745522;1670978;2025-10-06;"segunda-feira";"19:00:00";"PI";343;2;"TERESINA";"N�o";"Velocidade Incompat�vel";3;"Queda de ocupante de ve�culo";"Com V�timas Feridas";"Plena Noite";"Crescente";"C�u Claro";"Dupla";"Reta";"Sim";1331265;"Outros";"N�o Informado/N�o Informado/N�o Informado";0;"Condutor";"N�o Informado";NA;"N�o Informado";0;0;0;0;-5,081165;-42,773455;"SPRF-PI";"DEL01-PI";"UOP01-DEL01-PI"
745522;1670977;2025-10-06;"segunda-feira";"19:00:00";"PI";343;2;"TERESINA";"N�o";"Velocidade Incompat�vel";3;"Queda de ocupante de ve�culo";"Com V�timas Feridas";"Plena Noite";"Crescente";"C�u Claro";"Dupla";"Reta";"Sim";1331264;"Motocicleta";"HONDA/POP100/POP100";2014;"Condutor";"Les�es Leves";27;"Masculino";0;1;0;0;-5,081165;-42,773455;"SPRF-PI";"DEL01-PI";"UOP01-DEL01-PI"
745522;1670976;2025-10-06;"segunda-feira";"19:00:00";"PI";343;2;"TERESINA";"N�o";"Velocidade Incompat�vel";3;"Queda de ocupante de ve�culo";"Com V�timas Feridas";"Plena Noite";"Crescente";"C�u Claro";"Dupla";"Reta";"Sim";1331263;"Autom�vel";"RENAULT/KWID ZEN 2/KWID ZEN 2";2025;"Condutor";"Ileso";35;"Feminino";1;0;0;0;-5,081165;-42,773455;"SPRF-PI";"DEL01-PI";"UOP01-DEL01-PI"
745522;1670979;2025-10-06;"segunda-feira";"19:00:00";"PI";343;2;"TERESINA";"N�o";"Velocidade Incompat�vel";3;"Queda de ocupante de ve�culo";"Com V�timas Feridas";"Plena Noite";"Crescente";"C�u Claro";"Dupla";"Reta";"Sim";NA;NA;"NA/NA/NA";NA;"Testemunha";"N�o Informado";NA;"N�o Informado";0;0;0;0;-5,081165;-42,773455;"SPRF-PI";"DEL01-PI";"UOP01-DEL01-PI"
745522;1670978;2025-10-06;"segunda-feira";"19:00:00";"PI";343;2;"TERESINA";"N�o";"Velocidade Incompat�vel";2;"Colis�o lateral mesmo sentido";"Com V�timas Feridas";"Plena Noite";"Crescente";"C�u Claro";"Dupla";"Reta";"Sim";1331265;"Outros";"N�o Informado/N�o Informado/N�o Informado";0;"Condutor";"N�o Informado";NA;"N�o Informado";0;0;0;0;-5,081165;-42,773455;"SPRF-PI";"DEL01-PI";"UOP01-DEL01-PI"
745522;1670977;2025-10-06;"segunda-feira";"19:00:00";"PI";343;2;"TERESINA";"N�o";"Velocidade Incompat�vel";2;"Colis�o lateral mesmo sentido";"Com V�timas Feridas";"Plena Noite";"Crescente";"C�u Claro";"Dupla";"Reta";"Sim";1331264;"Motocicleta";"HONDA/POP100/POP100";2014;"Condutor";"Les�es Leves";27;"Masculino";0;1;0;0;-5,081165;-42,773455;"SPRF-PI";"DEL01-PI";"UOP01-DEL01-PI"
745522;1670976;2025-10-06;"segunda-feira";"19:00:00";"PI";343;2;"TERESINA";"N�o";"Velocidade Incompat�vel";2;"Colis�o lateral mesmo sentido";"Com V�timas Feridas";"Plena Noite";"Crescente";"C�u Claro";"Dupla";"Reta";"Sim";1331263;"Autom�vel";"RENAULT/KWID ZEN 2/KWID ZEN 2";2025;"Condutor";"Ileso";35;"Feminino";1;0;0;0;-5,081165;-42,773455;"SPRF-PI";"DEL01-PI";"UOP01-DEL01-PI"
745522;1670979;2025-10-06;"segunda-feira";"19:00:00";"PI";343;2;"TERESINA";"N�o";"Velocidade Incompat�vel";2;"Colis�o lateral mesmo sentido";"Com V�timas Feridas";"Plena Noite";"Crescente";"C�u Claro";"Dupla";"Reta";"Sim";NA;NA;"NA/NA/NA";NA;"Testemunha";"N�o Informado";NA;"N�o Informado";0;0;0;0;-5,081165;-42,773455;"SPRF-PI";"DEL01-PI";"UOP01-DEL01-PI"
745522;1670978;2025-10-06;"segunda-feira";"19:00:00";"PI";343;2;"TERESINA";"N�o";"Velocidade Incompat�vel";1;"Colis�o traseira";"Com V�timas Feridas";"Plena Noite";"Crescente";"C�u Claro";"Dupla";"Reta";"Sim";1331265;"Outros";"N�o Informado/N�o Informado/N�o Informado";0;"Condutor";"N�o Informado";NA;"N�o Informado";0;0;0;0;-5,081165;-42,773455;"SPRF-PI";"DEL01-PI";"UOP01-DEL01-PI"
745522;1670977;2025-10-06;"segunda-feira";"19:00:00";"PI";343;2;"TERESINA";"N�o";"Velocidade Incompat�vel";1;"Colis�o traseira";"Com V�timas Feridas";"Plena Noite";"Crescente";"C�u Claro";"Dupla";"Reta";"Sim";1331264;"Motocicleta";"HONDA/POP100/POP100";2014;"Condutor";"Les�es Leves";27;"Masculino";0;1;0;0;-5,081165;-42,773455;"SPRF-PI";"DEL01-PI";"UOP01-DEL01-PI"
745522;1670976;2025-10-06;"segunda-feira";"19:00:00";"PI";343;2;"TERESINA";"N�o";"Velocidade Incompat�vel";1;"Colis�o traseira";"Com V�timas Feridas";"Plena Noite";"Crescente";"C�u Claro";"Dupla";"Reta";"Sim";1331263;"Autom�vel";"RENAULT/KWID ZEN 2/KWID ZEN 2";2025;"Condutor";"Ileso";35;"Feminino";1;0;0;0;-5,081165;-42,773455;"SPRF-PI";"DEL01-PI";"UOP01-DEL01-PI"
745522;1670979;2025-10-06;"segunda-feira";"19:00:00";"PI";343;2;"TERESINA";"N�o";"Velocidade Incompat�vel";1;"Colis�o traseira";"Com V�timas Feridas";"Plena Noite";"Crescente";"C�u Claro";"Dupla";"Reta";"Sim";NA;NA;"NA/NA/NA";NA;"Testemunha";"N�o Informado";NA;"N�o Informado";0;0;0;0;-5,081165;-42,773455;"SPRF-PI";"DEL01-PI";"UOP01-DEL01-PI"
745523;1670984;2025-10-18;"s�bado";"13:32:00";"PI";343;2;"TERESINA";"Sim";"Transitar no Acostamento";3;"Queda de ocupante de ve�culo";"Com V�timas Feridas";"Pleno dia";"Decrescente";"C�u Claro";"Dupla";"Reta";"Sim";1331270;"Autom�vel";"HYUNDAI/HB20 10M SENSE/HB20 10M SENSE";2022;"Condutor";"Ileso";54;"Feminino";1;0;0;0;-5,081787;-42,770028;"SPRF-PI";"DEL01-PI";"UOP01-DEL01-PI"
745523;1670983;2025-10-18;"s�bado";"13:32:00";"PI";343;2;"TERESINA";"Sim";"Transitar no Acostamento";3;"Queda de ocupante de ve�culo";"Com V�timas Feridas";"Pleno dia";"Decrescente";"C�u Claro";"Dupla";"Reta";"Sim";1331269;"Motocicleta";"HONDA/CG150 FAN ESDI/CG150 FAN ESDI";2014;"Condutor";"Les�es Graves";62;"Masculino";0;0;1;0;-5,081787;-42,770028;"SPRF-PI";"DEL01-PI";"UOP01-DEL01-PI"
745523;1670984;2025-10-18;"s�bado";"13:32:00";"PI";343;2;"TERESINA";"Sim";"Transitar no Acostamento";2;"Tombamento";"Com V�timas Feridas";"Pleno dia";"Decrescente";"C�u Claro";"Dupla";"Reta";"Sim";1331270;"Autom�vel";"HYUNDAI/HB20 10M SENSE/HB20 10M SENSE";2022;"Condutor";"Ileso";54;"Feminino";1;0;0;0;-5,081787;-42,770028;"SPRF-PI";"DEL01-PI";"UOP01-DEL01-PI"
745523;1670983;2025-10-18;"s�bado";"13:32:00";"PI";343;2;"TERESINA";"Sim";"Transitar no Acostamento";2;"Tombamento";"Com V�timas Feridas";"Pleno dia";"Decrescente";"C�u Claro";"Dupla";"Reta";"Sim";1331269;"Motocicleta";"HONDA/CG150 FAN ESDI/CG150 FAN ESDI";2014;"Condutor";"Les�es Graves";62;"Masculino";0;0;1;0;-5,081787;-42,770028;"SPRF-PI";"DEL01-PI";"UOP01-DEL01-PI"
745523;1670984;2025-10-18;"s�bado";"13:32:00";"PI";343;2;"TERESINA";"Sim";"Transitar no Acostamento";1;"Colis�o lateral mesmo sentido";"Com V�timas Feridas";"Pleno dia";"Decrescente";"C�u Claro";"Dupla";"Reta";"Sim";1331270;"Autom�vel";"HYUNDAI/HB20 10M SENSE/HB20 10M SENSE";2022;"Condutor";"Ileso";54;"Feminino";1;0;0;0;-5,081787;-42,770028;"SPRF-PI";"DEL01-PI";"UOP01-DEL01-PI"
745523;1670983;2025-10-18;"s�bado";"13:32:00";"PI";343;2;"TERESINA";"Sim";"Transitar no Acostamento";1;"Colis�o lateral mesmo sentido";"Com V�timas Feridas";"Pleno dia";"Decrescente";"C�u Claro";"Dupla";"Reta";"Sim";1331269;"Motocicleta";"HONDA/CG150 FAN ESDI/CG150 FAN ESDI";2014;"Condutor";"Les�es Graves";62;"Masculino";0;0;1;0;-5,081787;-42,770028;"SPRF-PI";"DEL01-PI";"UOP01-DEL01-PI"
745523;1670984;2025-10-18;"s�bado";"13:32:00";"PI";343;2;"TERESINA";"N�o";"Ingest�o de �lcool pelo condutor";3;"Queda de ocupante de ve�culo";"Com V�timas Feridas";"Pleno dia";"Decrescente";"C�u Claro";"Dupla";"Reta";"Sim";1331270;"Autom�vel";"HYUNDAI/HB20 10M SENSE/HB20 10M SENSE";2022;"Condutor";"Ileso";54;"Feminino";1;0;0;0;-5,081787;-42,770028;"SPRF-PI";"DEL01-PI";"UOP01-DEL01-PI"
745523;1670983;2025-10-18;"s�bado";"13:32:00";"PI";343;2;"TERESINA";"N�o";"Ingest�o de �lcool pelo condutor";3;"Queda de ocupante de ve�culo";"Com V�timas Feridas";"Pleno dia";"Decrescente";"C�u Claro";"Dupla";"Reta";"Sim";1331269;"Motocicleta";"HONDA/CG150 FAN ESDI/CG150 FAN ESDI";2014;"Condutor";"Les�es Graves";62;"Masculino";0;0;1;0;-5,081787;-42,770028;"SPRF-PI";"DEL01-PI";"UOP01-DEL01-PI"
745523;1670984;2025-10-18;"s�bado";"13:32:00";"PI";343;2;"TERESINA";"N�o";"Ingest�o de �lcool pelo condutor";2;"Tombamento";"Com V�timas Feridas";"Pleno dia";"Decrescente";"C�u Claro";"Dupla";"Reta";"Sim";1331270;"Autom�vel";"HYUNDAI/HB20 10M SENSE/HB20 10M SENSE";2022;"Condutor";"Ileso";54;"Feminino";1;0;0;0;-5,081787;-42,770028;"SPRF-PI";"DEL01-PI";"UOP01-DEL01-PI"
745523;1670983;2025-10-18;"s�bado";"13:32:00";"PI";343;2;"TERESINA";"N�o";"Ingest�o de �lcool pelo condutor";2;"Tombamento";"Com V�timas Feridas";"Pleno dia";"Decrescente";"C�u Claro";"Dupla";"Reta";"Sim";1331269;"Motocicleta";"HONDA/CG150 FAN ESDI/CG150 FAN ESDI";2014;"Condutor";"Les�es Graves";62;"Masculino";0;0;1;0;-5,081787;-42,770028;"SPRF-PI";"DEL01-PI";"UOP01-DEL01-PI"
745523;1670984;2025-10-18;"s�bado";"13:32:00";"PI";343;2;"TERESINA";"N�o";"Ingest�o de �lcool pelo condutor";1;"Colis�o lateral mesmo sentido";"Com V�timas Feridas";"Pleno dia";"Decrescente";"C�u Claro";"Dupla";"Reta";"Sim";1331270;"Autom�vel";"HYUNDAI/HB20 10M SENSE/HB20 10M SENSE";2022;"Condutor";"Ileso";54;"Feminino";1;0;0;0;-5,081787;-42,770028;"SPRF-PI";"DEL01-PI";"UOP01-DEL01-PI"
745523;1670983;2025-10-18;"s�bado";"13:32:00";"PI";343;2;"TERESINA";"N�o";"Ingest�o de �lcool pelo condutor";1;"Colis�o lateral mesmo sentido";"Com V�timas Feridas";"Pleno dia";"Decrescente";"C�u Claro";"Dupla";"Reta";"Sim";1331269;"Motocicleta";"HONDA/CG150 FAN ESDI/CG150 FAN ESDI";2014;"Condutor";"Les�es Graves";62;"Masculino";0;0;1;0;-5,081787;-42,770028;"SPRF-PI";"DEL01-PI";"UOP01-DEL01-PI"
745525;1670999;2025-11-20;"quinta-feira";"22:40:00";"RJ";101;500,8;"ANGRA DOS REIS";"Sim";"Velocidade Incompat�vel";1;"Colis�o frontal";"Com V�timas Feridas";"Plena Noite";"Decrescente";"C�u Claro";"Simples";"Curva";"N�o";1331284;"Autom�vel";"I/HONDA CIVIC HYB TRNG/HONDA CIVIC HYB TRNG";2024;"Passageiro";"Les�es Leves";42;"Feminino";0;1;0;0;-22,922122;-44,356765;"SPRF-RJ";"DEL03-RJ";"UOP03-DEL03-RJ"
745525;1670998;2025-11-20;"quinta-feira";"22:40:00";"RJ";101;500,8;"ANGRA DOS REIS";"Sim";"Velocidade Incompat�vel";1;"Colis�o frontal";"Com V�timas Feridas";"Plena Noite";"Decrescente";"C�u Claro";"Simples";"Curva";"N�o";1331284;"Autom�vel";"I/HONDA CIVIC HYB TRNG/HONDA CIVIC HYB TRNG";2024;"Condutor";"Les�es Leves";30;"Masculino";0;1;0;0;-22,922122;-44,356765;"SPRF-RJ";"DEL03-RJ";"UOP03-DEL03-RJ"
745525;1671003;2025-11-20;"quinta-feira";"22:40:00";"RJ";101;500,8;"ANGRA DOS REIS";"Sim";"Velocidade Incompat�vel";1;"Colis�o frontal";"Com V�timas Feridas";"Plena Noite";"Decrescente";"C�u Claro";"Simples";"Curva";"N�o";1331283;"Autom�vel";"GM/MERIVA SS/MERIVA SS";2009;"Passageiro";"Ileso";6;"Feminino";1;0;0;0;-22,922122;-44,356765;"SPRF-RJ";"DEL03-RJ";"UOP03-DEL03-RJ"
745525;1671002;2025-11-20;"quinta-feira";"22:40:00";"RJ";101;500,8;"ANGRA DOS REIS";"Sim";"Velocidade Incompat�vel";1;"Colis�o frontal";"Com V�timas Feridas";"Plena Noite";"Decrescente";"C�u Claro";"Simples";"Curva";"N�o";1331283;"Autom�vel";"GM/MERIVA SS/MERIVA SS";2009;"Condutor";"Ileso";41;"Masculino";1;0;0;0;-22,922122;-44,356765;"SPRF-RJ";"DEL03-RJ";"UOP03-DEL03-RJ"
745525;1670997;2025-11-20;"quinta-feira";"22:40:00";"RJ";101;500,8;"ANGRA DOS REIS";"Sim";"Velocidade Incompat�vel";1;"Colis�o frontal";"Com V�timas Feridas";"Plena Noite";"Decrescente";"C�u Claro";"Simples";"Curva";"N�o";1331283;"Autom�vel";"GM/MERIVA SS/MERIVA SS";2009;"Passageiro";"Les�es Leves";15;"Feminino";0;1;0;0;-22,922122;-44,356765;"SPRF-RJ";"DEL03-RJ";"UOP03-DEL03-RJ"
745525;1670996;2025-11-20;"quinta-feira";"22:40:00";"RJ";101;500,8;"ANGRA DOS REIS";"Sim";"Velocidade Incompat�vel";1;"Colis�o frontal";"Com V�timas Feridas";"Plena Noite";"Decrescente";"C�u Claro";"Simples";"Curva";"N�o";1331283;"Autom�vel";"GM/MERIVA SS/MERIVA SS";2009;"Passageiro";"Les�es Leves";42;"Feminino";0;1;0;0;-22,922122;-44,356765;"SPRF-RJ";"DEL03-RJ";"UOP03-DEL03-RJ"
745525;1671001;2025-11-20;"quinta-feira";"22:40:00";"RJ";101;500,8;"ANGRA DOS REIS";"Sim";"Velocidade Incompat�vel";1;"Colis�o frontal";"Com V�timas Feridas";"Plena Noite";"Decrescente";"C�u Claro";"Simples";"Curva";"N�o";1331282;"Autom�vel";"CITROEN/C3 AIRC TENDANCE/C3 AIRC TENDANCE";2014;"Passageiro";"Les�es Leves";8;"Feminino";0;1;0;0;-22,922122;-44,356765;"SPRF-RJ";"DEL03-RJ";"UOP03-DEL03-RJ"
745525;1671000;2025-11-20;"quinta-feira";"22:40:00";"RJ";101;500,8;"ANGRA DOS REIS";"Sim";"Velocidade Incompat�vel";1;"Colis�o frontal";"Com V�timas Feridas";"Plena Noite";"Decrescente";"C�u Claro";"Simples";"Curva";"N�o";1331282;"Autom�vel";"CITROEN/C3 AIRC TENDANCE/C3 AIRC TENDANCE";2014;"Passageiro";"Les�es Leves";36;"Masculino";0;1;0;0;-22,922122;-44,356765;"SPRF-RJ";"DEL03-RJ";"UOP03-DEL03-RJ"
745525;1670995;2025-11-20;"quinta-feira";"22:40:00";"RJ";101;500,8;"ANGRA DOS REIS";"Sim";"Velocidade Incompat�vel";1;"Colis�o frontal";"Com V�timas Feridas";"Plena Noite";"Decrescente";"C�u Claro";"Simples";"Curva";"N�o";1331282;"Autom�vel";"CITROEN/C3 AIRC TENDANCE/C3 AIRC TENDANCE";2014;"Passageiro";"Les�es Leves";46;"Feminino";0;1;0;0;-22,922122;-44,356765;"SPRF-RJ";"DEL03-RJ";"UOP03-DEL03-RJ"
745525;1670994;2025-11-20;"quinta-feira";"22:40:00";"RJ";101;500,8;"ANGRA DOS REIS";"Sim";"Velocidade Incompat�vel";1;"Colis�o frontal";"Com V�timas Feridas";"Plena Noite";"Decrescente";"C�u Claro";"Simples";"Curva";"N�o";1331282;"Autom�vel";"CITROEN/C3 AIRC TENDANCE/C3 AIRC TENDANCE";2014;"Passageiro";"Les�es Graves";28;"Feminino";0;0;1;0;-22,922122;-44,356765;"SPRF-RJ";"DEL03-RJ";"UOP03-DEL03-RJ"
745525;1670993;2025-11-20;"quinta-feira";"22:40:00";"RJ";101;500,8;"ANGRA DOS REIS";"Sim";"Velocidade Incompat�vel";1;"Colis�o frontal";"Com V�timas Feridas";"Plena Noite";"Decrescente";"C�u Claro";"Simples";"Curva";"N�o";1331282;"Autom�vel";"CITROEN/C3 AIRC TENDANCE/C3 AIRC TENDANCE";2014;"Condutor";"Les�es Leves";29;"Masculino";0;1;0;0;-22,922122;-44,356765;"SPRF-RJ";"DEL03-RJ";"UOP03-DEL03-RJ"
745531;1671014;2025-12-21;"domingo";"09:30:00";"PI";343;0;"TERESINA";"Sim";"Transitar na contram�o";1;"Colis�o transversal";"Sem V�timas";"Pleno dia";"Crescente";"Nublado";"Dupla";"Interse��o de Vias;Viaduto;Rotat�ria";"Sim";1331293;"Autom�vel";"HYUNDAI/HB20 10M SENSE/HB20 10M SENSE";2024;"Condutor";"Ileso";41;"Masculino";1;0;0;0;-5,07807749;-42,74965882;"SPRF-PI";"DEL01-PI";"UOP01-DEL01-PI"
745531;1671013;2025-12-21;"domingo";"09:30:00";"PI";343;0;"TERESINA";"Sim";"Transitar na contram�o";1;"Colis�o transversal";"Sem V�timas";"Pleno dia";"Crescente";"Nublado";"Dupla";"Interse��o de Vias;Viaduto;Rotat�ria";"Sim";1331292;"Camioneta";"RENAULT/DUSTER INT 16/DUSTER INT 16";2023;"Condutor";"Ileso";31;"Masculino";1;0;0;0;-5,07807749;-42,74965882;"SPRF-PI";"DEL01-PI";"UOP01-DEL01-PI"
745531;1671014;2025-12-21;"domingo";"09:30:00";"PI";343;0;"TERESINA";"N�o";"Convers�o proibida";1;"Colis�o transversal";"Sem V�timas";"Pleno dia";"Crescente";"Nublado";"Dupla";"Interse��o de Vias;Viaduto;Rotat�ria";"Sim";1331293;"Autom�vel";"HYUNDAI/HB20 10M SENSE/HB20 10M SENSE";2024;"Condutor";"Ileso";41;"Masculino";1;0;0;0;-5,07807749;-42,74965882;"SPRF-PI";"DEL01-PI";"UOP01-DEL01-PI"
745531;1671013;2025-12-21;"domingo";"09:30:00";"PI";343;0;"TERESINA";"N�o";"Convers�o proibida";1;"Colis�o transversal";"Sem V�timas";"Pleno dia";"Crescente";"Nublado";"Dupla";"Interse��o de Vias;Viaduto;Rotat�ria";"Sim";1331292;"Camioneta";"RENAULT/DUSTER INT 16/DUSTER INT 16";2023;"Condutor";"Ileso";31;"Masculino";1;0;0;0;-5,07807749;-42,74965882;"SPRF-PI";"DEL01-PI";"UOP01-DEL01-PI"
745534;1671038;2025-11-01;"s�bado";"13:18:00";"PA";163;298;"NOVO PROGRESSO";"Sim";"Demais falhas mec�nicas ou el�tricas";1;"Queda de ocupante de ve�culo";"Com V�timas Feridas";"Pleno dia";"Crescente";"C�u Claro";"Simples";"Reta";"N�o";1331302;"Motocicleta";"HONDA/POP 110I ES/POP 110I ES";2024;"Passageiro";"Ileso";NA;"Masculino";1;0;0;0;-7,105004;-55,39771;"SPRF-PA";"DEL05-PA";"UOP03-DEL05-PA"
745534;1671037;2025-11-01;"s�bado";"13:18:00";"PA";163;298;"NOVO PROGRESSO";"Sim";"Demais falhas mec�nicas ou el�tricas";1;"Queda de ocupante de ve�culo";"Com V�timas Feridas";"Pleno dia";"Crescente";"C�u Claro";"Simples";"Reta";"N�o";1331302;"Motocicleta";"HONDA/POP 110I ES/POP 110I ES";2024;"Condutor";"Les�es Leves";NA;"Masculino";0;1;0;0;-7,105004;-55,39771;"SPRF-PA";"DEL05-PA";"UOP03-DEL05-PA"
745534;1671038;2025-11-01;"s�bado";"13:18:00";"PA";163;298;"NOVO PROGRESSO";"N�o";"Rea��o tardia ou ineficiente do condutor";1;"Queda de ocupante de ve�culo";"Com V�timas Feridas";"Pleno dia";"Crescente";"C�u Claro";"Simples";"Reta";"N�o";1331302;"Motocicleta";"HONDA/POP 110I ES/POP 110I ES";2024;"Passageiro";"Ileso";NA;"Masculino";1;0;0;0;-7,105004;-55,39771;"SPRF-PA";"DEL05-PA";"UOP03-DEL05-PA"