"id";"pesid";"data_inversa";"dia_semana";"horario";"uf";"br";"km";"municipio";"causa_principal";"causa_acidente";"ordem_tipo_acidente";"tipo_acidente";"classificacao_acidente";"fase_dia";"sentido_via";"condicao_metereologica";"tipo_pista";"tracado_via";"uso_solo";"id_veiculo";"tipo_veiculo";"marca";"ano_fabricacao_veiculo";"tipo_envolvido";"estado_fisico";"idade";"sexo";"ilesos";"feridos_leves";"feridos_graves";"mortos";"latitude";"longitude";"regional";"delegacia";"uop"
745534;1671037;2025-11-01;"s�bado";"13:18:00";"PA";163;298;"NOVO PROGRESSO";"N�o";"Rea��o tardia ou ineficiente do condutor";1;"Queda de ocupante de ve�culo";"Com V�timas Feridas";"Pleno dia";"Crescente";"C�u Claro";"Simples";"Reta";"N�o";1331302;"Motocicleta";"HONDA/POP 110I ES/POP 110I ES";2024;"Condutor";"Les�es Leves";NA;"Masculino";0;1;0;0;-7,105004;-55,39771;"SPRF-PA";"DEL05-PA";"UOP03-DEL05-PA"
745538;1671040;2025-04-23;"quarta-feira";"16:40:00";"PI";343;3;"TERESINA";"N�o";"Sem�foro com defeito";3;"Queda de ocupante de ve�culo";"Com V�timas Feridas";"Pleno dia";"Crescente";"Nublado";"Dupla";"Interse��o de Vias;Reta";"Sim";1331311;"Autom�vel";"I/NISSAN VERSA SENSE CVT/NISSAN VERSA SENSE CVT";2023;"Condutor";"Ileso";58;"Feminino";1;0;0;0;-5,080883;-42,778103;"SPRF-PI";"DEL01-PI";"UOP01-DEL01-PI"
745538;1671039;2025-04-23;"quarta-feira";"16:40:00";"PI";343;3;"TERESINA";"N�o";"Sem�foro com defeito";3;"Queda de ocupante de ve�culo";"Com V�timas Feridas";"Pleno dia";"Crescente";"Nublado";"Dupla";"Interse��o de Vias;Reta";"Sim";1331310;"Motocicleta";"MOTTU/SPORT 110I/SPORT 110I";2024;"Condutor";"Les�es Leves";46;"Masculino";0;1;0;0;-5,080883;-42,778103;"SPRF-PI";"DEL01-PI";"UOP01-DEL01-PI"
745538;1671040;2025-04-23;"quarta-feira";"16:40:00";"PI";343;3;"TERESINA";"N�o";"Sem�foro com defeito";2;"Tombamento";"Com V�timas Feridas";"Pleno dia";"Crescente";"Nublado";"Dupla";"Interse��o de Vias;Reta";"Sim";1331311;"Autom�vel";"I/NISSAN VERSA SENSE CVT/NISSAN VERSA SENSE CVT";2023;"Condutor";"Ileso";58;"Feminino";1;0;0;0;-5,080883;-42,778103;"SPRF-PI";"DEL01-PI";"UOP01-DEL01-PI"
745538;1671039;2025-04-23;"quarta-feira";"16:40:00";"PI";343;3;"TERESINA";"N�o";"Sem�foro com defeito";2;"Tombamento";"Com V�timas Feridas";"Pleno dia";"Crescente";"Nublado";"Dupla";"Interse��o de Vias;Reta";"Sim";1331310;"Motocicleta";"MOTTU/SPORT 110I/SPORT 110I";2024;"Condutor";"Les�es Leves";46;"Masculino";0;1;0;0;-5,080883;-42,778103;"SPRF-PI";"DEL01-PI";"UOP01-DEL01-PI"
745538;1671040;2025-04-23;"quarta-feira";"16:40:00";"PI";343;3;"TERESINA";"N�o";"Sem�foro com defeito";1;"Colis�o transversal";"Com V�timas Feridas";"Pleno dia";"Crescente";"Nublado";"Dupla";"Interse��o de Vias;Reta";"Sim";1331311;"Autom�vel";"I/NISSAN VERSA SENSE CVT/NISSAN VERSA SENSE CVT";2023;"Condutor";"Ileso";58;"Feminino";1;0;0;0;-5,080883;-42,778103;"SPRF-PI";"DEL01-PI";"UOP01-DEL01-PI"
745538;1671039;2025-04-23;"quarta-feira";"16:40:00";"PI";343;3;"TERESINA";"N�o";"Sem�foro com defeito";1;"Colis�o transversal";"Com V�timas Feridas";"Pleno dia";"Crescente";"Nublado";"Dupla";"Interse��o de Vias;Reta";"Sim";1331310;"Motocicleta";"MOTTU/SPORT 110I/SPORT 110I";2024;"Condutor";"Les�es Leves";46;"Masculino";0;1;0;0;-5,080883;-42,778103;"SPRF-PI";"DEL01-PI";"UOP01-DEL01-PI"
745538;1671040;2025-04-23;"quarta-feira";"16:40:00";"PI";343;3;"TERESINA";"Sim";"Acessar a via sem observar a presen�a dos outros ve�culos";3;"Queda de ocupante de ve�culo";"Com V�timas Feridas";"Pleno dia";"Crescente";"Nublado";"Dupla";"Interse��o de Vias;Reta";"Sim";1331311;"Autom�vel";"I/NISSAN VERSA SENSE CVT/NISSAN VERSA SENSE CVT";2023;"Condutor";"Ileso";58;"Feminino";1;0;0;0;-5,080883;-42,778103;"SPRF-PI";"DEL01-PI";"UOP01-DEL01-PI"
745538;1671039;2025-04-23;"quarta-feira";"16:40:00";"PI";343;3;"TERESINA";"Sim";"Acessar a via sem observar a presen�a dos outros ve�culos";3;"Queda de ocupante de ve�culo";"Com V�timas Feridas";"Pleno dia";"Crescente";"Nublado";"Dupla";"Interse��o de Vias;Reta";"Sim";1331310;"Motocicleta";"MOTTU/SPORT 110I/SPORT 110I";2024;"Condutor";"Les�es Leves";46;"Masculino";0;1;0;0;-5,080883;-42,778103;"SPRF-PI";"DEL01-PI";"UOP01-DEL01-PI"
745538;1671040;2025-04-23;"quarta-feira";"16:40:00";"PI";343;3;"TERESINA";"Sim";"Acessar a via sem observar a presen�a dos outros ve�culos";2;"Tombamento";"Com V�timas Feridas";"Pleno dia";"Crescente";"Nublado";"Dupla";"Interse��o de Vias;Reta";"Sim";1331311;"Autom�vel";"I/NISSAN VERSA SENSE CVT/NISSAN VERSA SENSE CVT";2023;"Condutor";"Ileso";58;"Feminino";1;0;0;0;-5,080883;-42,778103;"SPRF-PI";"DEL01-PI";"UOP01-DEL01-PI"
745538;1671039;2025-04-23;"quarta-feira";"16:40:00";"PI";343;3;"TERESINA";"Sim";"Acessar a via sem observar a presen�a dos outros ve�culos";2;"Tombamento";"Com V�timas Feridas";"Pleno dia";"Crescente";"Nublado";"Dupla";"Interse��o de Vias;Reta";"Sim";1331310;"Motocicleta";"MOTTU/SPORT 110I/SPORT 110I";2024;"Condutor";"Les�es Leves";46;"Masculino";0;1;0;0;-5,080883;-42,778103;"SPRF-PI";"DEL01-PI";"UOP01-DEL01-PI"
745538;1671040;2025-04-23;"quarta-feira";"16:40:00";"PI";343;3;"TERESINA";"Sim";"Acessar a via sem observar a presen�a dos outros ve�culos";1;"Colis�o transversal";"Com V�timas Feridas";"Pleno dia";"Crescente";"Nublado";"Dupla";"Interse��o de Vias;Reta";"Sim";1331311;"Autom�vel";"I/NISSAN VERSA SENSE CVT/NISSAN VERSA SENSE CVT";2023;"Condutor";"Ileso";58;"Feminino";1;0;0;0;-5,080883;-42,778103;"SPRF-PI";"DEL01-PI";"UOP01-DEL01-PI"
745538;1671039;2025-04-23;"quarta-feira";"16:40:00";"PI";343;3;"TERESINA";"Sim";"Acessar a via sem observar a presen�a dos outros ve�culos";1;"Colis�o transversal";"Com V�timas Feridas";"Pleno dia";"Crescente";"Nublado";"Dupla";"Interse��o de Vias;Reta";"Sim";1331310;"Motocicleta";"MOTTU/SPORT 110I/SPORT 110I";2024;"Condutor";"Les�es Leves";46;"Masculino";0;1;0;0;-5,080883;-42,778103;"SPRF-PI";"DEL01-PI";"UOP01-DEL01-PI"
745549;1671070;2025-06-28;"s�bado";"20:30:00";"PI";343;1,8;"TERESINA";"Sim";"Condutor desrespeitou a ilumina��o vermelha do sem�foro";3;"Queda de ocupante de ve�culo";"Com V�timas Feridas";"Plena Noite";"Decrescente";"C�u Claro";"M�ltipla";"Reta";"Sim";1331332;"Autom�vel";"VW/T CROSS HL TSI/T CROSS HL TSI";2025;"Condutor";"Ileso";28;"Feminino";1;0;0;0;-5,081683;-42,767567;"SPRF-PI";"DEL01-PI";"UOP01-DEL01-PI"
745549;1671069;2025-06-28;"s�bado";"20:30:00";"PI";343;1,8;"TERESINA";"Sim";"Condutor desrespeitou a ilumina��o vermelha do sem�foro";3;"Queda de ocupante de ve�culo";"Com V�timas Feridas";"Plena Noite";"Decrescente";"C�u Claro";"M�ltipla";"Reta";"Sim";1331331;"Motocicleta";"SHINERAY/XY150-8/XY150-8";2024;"Passageiro";"Les�es Graves";22;"Masculino";0;0;1;0;-5,081683;-42,767567;"SPRF-PI";"DEL01-PI";"UOP01-DEL01-PI"
745549;1671068;2025-06-28;"s�bado";"20:30:00";"PI";343;1,8;"TERESINA";"Sim";"Condutor desrespeitou a ilumina��o vermelha do sem�foro";3;"Queda de ocupante de ve�culo";"Com V�timas Feridas";"Plena Noite";"Decrescente";"C�u Claro";"M�ltipla";"Reta";"Sim";1331331;"Motocicleta";"SHINERAY/XY150-8/XY150-8";2024;"Condutor";"Ileso";22;"Masculino";1;0;0;0;-5,081683;-42,767567;"SPRF-PI";"DEL01-PI";"UOP01-DEL01-PI"
745549;1671070;2025-06-28;"s�bado";"20:30:00";"PI";343;1,8;"TERESINA";"Sim";"Condutor desrespeitou a ilumina��o vermelha do sem�foro";2;"Tombamento";"Com V�timas Feridas";"Plena Noite";"Decrescente";"C�u Claro";"M�ltipla";"Reta";"Sim";1331332;"Autom�vel";"VW/T CROSS HL TSI/T CROSS HL TSI";2025;"Condutor";"Ileso";28;"Feminino";1;0;0;0;-5,081683;-42,767567;"SPRF-PI";"DEL01-PI";"UOP01-DEL01-PI"
745549;1671069;2025-06-28;"s�bado";"20:30:00";"PI";343;1,8;"TERESINA";"Sim";"Condutor desrespeitou a ilumina��o vermelha do sem�foro";2;"Tombamento";"Com V�timas Feridas";"Plena Noite";"Decrescente";"C�u Claro";"M�ltipla";"Reta";"Sim";1331331;"Motocicleta";"SHINERAY/XY150-8/XY150-8";2024;"Passageiro";"Les�es Graves";22;"Masculino";0;0;1;0;-5,081683;-42,767567;"SPRF-PI";"DEL01-PI";"UOP01-DEL01-PI"
745549;1671068;2025-06-28;"s�bado";"20:30:00";"PI";343;1,8;"TERESINA";"Sim";"Condutor desrespeitou a ilumina��o vermelha do sem�foro";2;"Tombamento";"Com V�timas Feridas";"Plena Noite";"Decrescente";"C�u Claro";"M�ltipla";"Reta";"Sim";1331331;"Motocicleta";"SHINERAY/XY150-8/XY150-8";2024;"Condutor";"Ileso";22;"Masculino";1;0;0;0;-5,081683;-42,767567;"SPRF-PI";"DEL01-PI";"UOP01-DEL01-PI"
745549;1671070;2025-06-28;"s�bado";"20:30:00";"PI";343;1,8;"TERESINA";"Sim";"Condutor desrespeitou a ilumina��o vermelha do sem�foro";1;"Colis�o lateral mesmo sentido";"Com V�timas Feridas";"Plena Noite";"Decrescente";"C�u Claro";"M�ltipla";"Reta";"Sim";1331332;"Autom�vel";"VW/T CROSS HL TSI/T CROSS HL TSI";2025;"Condutor";"Ileso";28;"Feminino";1;0;0;0;-5,081683;-42,767567;"SPRF-PI";"DEL01-PI";"UOP01-DEL01-PI"
745549;1671069;2025-06-28;"s�bado";"20:30:00";"PI";343;1,8;"TERESINA";"Sim";"Condutor desrespeitou a ilumina��o vermelha do sem�foro";1;"Colis�o lateral mesmo sentido";"Com V�timas Feridas";"Plena Noite";"Decrescente";"C�u Claro";"M�ltipla";"Reta";"Sim";1331331;"Motocicleta";"SHINERAY/XY150-8/XY150-8";2024;"Passageiro";"Les�es Graves";22;"Masculino";0;0;1;0;-5,081683;-42,767567;"SPRF-PI";"DEL01-PI";"UOP01-DEL01-PI"
745549;1671068;2025-06-28;"s�bado";"20:30:00";"PI";343;1,8;"TERESINA";"Sim";"Condutor desrespeitou a ilumina��o vermelha do sem�foro";1;"Colis�o lateral mesmo sentido";"Com V�timas Feridas";"Plena Noite";"Decrescente";"C�u Claro";"M�ltipla";"Reta";"Sim";1331331;"Motocicleta";"SHINERAY/XY150-8/XY150-8";2024;"Condutor";"Ileso";22;"Masculino";1;0;0;0;-5,081683;-42,767567;"SPRF-PI";"DEL01-PI";"UOP01-DEL01-PI"
745551;1671077;2025-03-11;"ter�a-feira";"18:31:00";"PI";343;4,5;"TERESINA";"N�o";"Trafegar com motocicleta (ou similar) entre as faixas";4;"Queda de ocupante de ve�culo";"Com V�timas Feridas";"Plena Noite";"Crescente";"C�u Claro";"Dupla";"Interse��o de Vias";"Sim";1331339;"Autom�vel";"I/FIAT CRONOS DRIVE 1.3/FIAT CRONOS DRIVE 1.3";2024;"Condutor";"Ileso";51;"Masculino";1;0;0;0;-5,08023209;-42,78949874;"SPRF-PI";"DEL01-PI";"UOP01-DEL01-PI"
745551;1671076;2025-03-11;"ter�a-feira";"18:31:00";"PI";343;4,5;"TERESINA";"N�o";"Trafegar com motocicleta (ou similar) entre as faixas";4;"Queda de ocupante de ve�culo";"Com V�timas Feridas";"Plena Noite";"Crescente";"C�u Claro";"Dupla";"Interse��o de Vias";"Sim";1331338;"Caminhonete";"FIAT/FIORINO HD WK E/FIORINO HD WK E";2020;"Condutor";"Ileso";28;"Masculino";1;0;0;0;-5,08023209;-42,78949874;"SPRF-PI";"DEL01-PI";"UOP01-DEL01-PI"
745551;1671075;2025-03-11;"ter�a-feira";"18:31:00";"PI";343;4,5;"TERESINA";"N�o";"Trafegar com motocicleta (ou similar) entre as faixas";4;"Queda de ocupante de ve�culo";"Com V�timas Feridas";"Plena Noite";"Crescente";"C�u Claro";"Dupla";"Interse��o de Vias";"Sim";1331337;"Motocicleta";"JTA/SUZUKI EN125 YES/SUZUKI EN125 YES";2009;"Condutor";"Ileso";30;"Masculino";1;0;0;0;-5,08023209;-42,78949874;"SPRF-PI";"DEL01-PI";"UOP01-DEL01-PI"
745551;1671074;2025-03-11;"ter�a-feira";"18:31:00";"PI";343;4,5;"TERESINA";"N�o";"Trafegar com motocicleta (ou similar) entre as faixas";4;"Queda de ocupante de ve�culo";"Com V�timas Feridas";"Plena Noite";"Crescente";"C�u Claro";"Dupla";"Interse��o de Vias";"Sim";1331336;"Motoneta";"HONDA/BIZ 125/BIZ 125";2023;"Condutor";"Les�es Graves";42;"Masculino";0;0;1;0;-5,08023209;-42,78949874;"SPRF-PI";"DEL01-PI";"UOP01-DEL01-PI"
745551;1671077;2025-03-11;"ter�a-feira";"18:31:00";"PI";343;4,5;"TERESINA";"N�o";"Trafegar com motocicleta (ou similar) entre as faixas";3;"Tombamento";"Com V�timas Feridas";"Plena Noite";"Crescente";"C�u Claro";"Dupla";"Interse��o de Vias";"Sim";1331339;"Autom�vel";"I/FIAT CRONOS DRIVE 1.3/FIAT CRONOS DRIVE 1.3";2024;"Condutor";"Ileso";51;"Masculino";1;0;0;0;-5,08023209;-42,78949874;"SPRF-PI";"DEL01-PI";"UOP01-DEL01-PI"
745551;1671076;2025-03-11;"ter�a-feira";"18:31:00";"PI";343;4,5;"TERESINA";"N�o";"Trafegar com motocicleta (ou similar) entre as faixas";3;"Tombamento";"Com V�timas Feridas";"Plena Noite";"Crescente";"C�u Claro";"Dupla";"Interse��o de Vias";"Sim";1331338;"Caminhonete";"FIAT/FIORINO HD WK E/FIORINO HD WK E";2020;"Condutor";"Ileso";28;"Masculino";1;0;0;0;-5,08023209;-42,78949874;"SPRF-PI";"DEL01-PI";"UOP01-DEL01-PI"
745551;1671075;2025-03-11;"ter�a-feira";"18:31:00";"PI";343;4,5;"TERESINA";"N�o";"Trafegar com motocicleta (ou similar) entre as faixas";3;"Tombamento";"Com V�timas Feridas";"Plena Noite";"Crescente";"C�u Claro";"Dupla";"Interse��o de Vias";"Sim";1331337;"Motocicleta";"JTA/SUZUKI EN125 YES/SUZUKI EN125 YES";2009;"Condutor";"Ileso";30;"Masculino";1;0;0;0;-5,08023209;-42,78949874;"SPRF-PI";"DEL01-PI";"UOP01-DEL01-PI"
745551;1671074;2025-03-11;"ter�a-feira";"18:31:00";"PI";343;4,5;"TERESINA";"N�o";"Trafegar com motocicleta (ou similar) entre as faixas";3;"Tombamento";"Com V�timas Feridas";"Plena Noite";"Crescente";"C�u Claro";"Dupla";"Interse��o de Vias";"Sim";1331336;"Motoneta";"HONDA/BIZ 125/BIZ 125";2023;"Condutor";"Les�es Graves";42;"Masculino";0;0;1;0;-5,08023209;-42,78949874;"SPRF-PI";"DEL01-PI";"UOP01-DEL01-PI"
745551;1671077;2025-03-11;"ter�a-feira";"18:31:00";"PI";343;4,5;"TERESINA";"N�o";"Trafegar com motocicleta (ou similar) entre as faixas";2;"Colis�o lateral mesmo sentido";"Com V�timas Feridas";"Plena Noite";"Crescente";"C�u Claro";"Dupla";"Interse��o de Vias";"Sim";1331339;"Autom�vel";"I/FIAT CRONOS DRIVE 1.3/FIAT CRONOS DRIVE 1.3";2024;"Condutor";"Ileso";51;"Masculino";1;0;0;0;-5,08023209;-42,78949874;"SPRF-PI";"DEL01-PI";"UOP01-DEL01-PI"
745551;1671076;2025-03-11;"ter�a-feira";"18:31:00";"PI";343;4,5;"TERESINA";"N�o";"Trafegar com motocicleta (ou similar) entre as faixas";2;"Colis�o lateral mesmo sentido";"Com V�timas Feridas";"Plena Noite";"Crescente";"C�u Claro";"Dupla";"Interse��o de Vias";"Sim";1331338;"Caminhonete";"FIAT/FIORINO HD WK E/FIORINO HD WK E";2020;"Condutor";"Ileso";28;"Masculino";1;0;0;0;-5,08023209;-42,78949874;"SPRF-PI";"DEL01-PI";"UOP01-DEL01-PI"
745551;1671075;2025-03-11;"ter�a-feira";"18:31:00";"PI";343;4,5;"TERESINA";"N�o";"Trafegar com motocicleta (ou similar) entre as faixas";2;"Colis�o lateral mesmo sentido";"Com V�timas Feridas";"Plena Noite";"Crescente";"C�u Claro";"Dupla";"Interse��o de Vias";"Sim";1331337;"Motocicleta";"JTA/SUZUKI EN125 YES/SUZUKI EN125 YES";2009;"Condutor";"Ileso";30;"Masculino";1;0;0;0;-5,08023209;-42,78949874;"SPRF-PI";"DEL01-PI";"UOP01-DEL01-PI"
745551;1671074;2025-03-11;"ter�a-feira";"18:31:00";"PI";343;4,5;"TERESINA";"N�o";"Trafegar com motocicleta (ou similar) entre as faixas";2;"Colis�o lateral mesmo sentido";"Com V�timas Feridas";"Plena Noite";"Crescente";"C�u Claro";"Dupla";"Interse��o de Vias";"Sim";1331336;"Motoneta";"HONDA/BIZ 125/BIZ 125";2023;"Condutor";"Les�es Graves";42;"Masculino";0;0;1;0;-5,08023209;-42,78949874;"SPRF-PI";"DEL01-PI";"UOP01-DEL01-PI"
745551;1671077;2025-03-11;"ter�a-feira";"18:31:00";"PI";343;4,5;"TERESINA";"N�o";"Trafegar com motocicleta (ou similar) entre as faixas";1;"Colis�o traseira";"Com V�timas Feridas";"Plena Noite";"Crescente";"C�u Claro";"Dupla";"Interse��o de Vias";"Sim";1331339;"Autom�vel";"I/FIAT CRONOS DRIVE 1.3/FIAT CRONOS DRIVE 1.3";2024;"Condutor";"Ileso";51;"Masculino";1;0;0;0;-5,08023209;-42,78949874;"SPRF-PI";"DEL01-PI";"UOP01-DEL01-PI"
745551;1671076;2025-03-11;"ter�a-feira";"18:31:00";"PI";343;4,5;"TERESINA";"N�o";"Trafegar com motocicleta (ou similar) entre as faixas";1;"Colis�o traseira";"Com V�timas Feridas";"Plena Noite";"Crescente";"C�u Claro";"Dupla";"Interse��o de Vias";"Sim";1331338;"Caminhonete";"FIAT/FIORINO HD WK E/FIORINO HD WK E";2020;"Condutor";"Ileso";28;"Masculino";1;0;0;0;-5,08023209;-42,78949874;"SPRF-PI";"DEL01-PI";"UOP01-DEL01-PI"
745551;1671075;2025-03-11;"ter�a-feira";"18:31:00";"PI";343;4,5;"TERESINA";"N�o";"Trafegar com motocicleta (ou similar) entre as faixas";1;"Colis�o traseira";"Com V�timas Feridas";"Plena Noite";"Crescente";"C�u Claro";"Dupla";"Interse��o de Vias";"Sim";1331337;"Motocicleta";"JTA/SUZUKI EN125 YES/SUZUKI EN125 YES";2009;"Condutor";"Ileso";30;"Masculino";1;0;0;0;-5,08023209;-42,78949874;"SPRF-PI";"DEL01-PI";"UOP01-DEL01-PI"
745551;1671074;2025-03-11;"ter�a-feira";"18:31:00";"PI";343;4,5;"TERESINA";"N�o";"Trafegar com motocicleta (ou similar) entre as faixas";1;"Colis�o traseira";"Com V�timas Feridas";"Plena Noite";"Crescente";"C�u Claro";"Dupla";"Interse��o de Vias";"Sim";1331336;"Motoneta";"HONDA/BIZ 125/BIZ 125";2023;"Condutor";"Les�es Graves";42;"Masculino";0;0;1;0;-5,08023209;-42,78949874;"SPRF-PI";"DEL01-PI";"UOP01-DEL01-PI"
745551;1671077;2025-03-11;"ter�a-feira";"18:31:00";"PI";343;4,5;"TERESINA";"N�o";"Condutor deixou de manter dist�ncia do ve�culo da frente";4;"Queda de ocupante de ve�culo";"Com V�timas Feridas";"Plena Noite";"Crescente";"C�u Claro";"Dupla";"Interse��o de Vias";"Sim";1331339;"Autom�vel";"I/FIAT CRONOS DRIVE 1.3/FIAT CRONOS DRIVE 1.3";2024;"Condutor";"Ileso";51;"Masculino";1;0;0;0;-5,08023209;-42,78949874;"SPRF-PI";"DEL01-PI";"UOP01-DEL01-PI"
745551;1671076;2025-03-11;"ter�a-feira";"18:31:00";"PI";343;4,5;"TERESINA";"N�o";"Condutor deixou de manter dist�ncia do ve�culo da frente";4;"Queda de ocupante de ve�culo";"Com V�timas Feridas";"Plena Noite";"Crescente";"C�u Claro";"Dupla";"Interse��o de Vias";"Sim";1331338;"Caminhonete";"FIAT/FIORINO HD WK E/FIORINO HD WK E";2020;"Condutor";"Ileso";28;"Masculino";1;0;0;0;-5,08023209;-42,78949874;"SPRF-PI";"DEL01-PI";"UOP01-DEL01-PI"
745551;1671075;2025-03-11;"ter�a-feira";"18:31:00";"PI";343;4,5;"TERESINA";"N�o";"Condutor deixou de manter dist�ncia do ve�culo da frente";4;"Queda de ocupante de ve�culo";"Com V�timas Feridas";"Plena Noite";"Crescente";"C�u Claro";"Dupla";"Interse��o de Vias";"Sim";1331337;"Motocicleta";"JTA/SUZUKI EN125 YES/SUZUKI EN125 YES";2009;"Condutor";"Ileso";30;"Masculino";1;0;0;0;-5,08023209;-42,78949874;"SPRF-PI";"DEL01-PI";"UOP01-DEL01-PI"
745551;1671074;2025-03-11;"ter�a-feira";"18:31:00";"PI";343;4,5;"TERESINA";"N�o";"Condutor deixou de manter dist�ncia do ve�culo da frente";4;"Queda de ocupante de ve�culo";"Com V�timas Feridas";"Plena Noite";"Crescente";"C�u Claro";"Dupla";"Interse��o de Vias";"Sim";1331336;"Motoneta";"HONDA/BIZ 125/BIZ 125";2023;"Condutor";"Les�es Graves";42;"Masculino";0;0;1;0;-5,08023209;-42,78949874;"SPRF-PI";"DEL01-PI";"UOP01-DEL01-PI"
745551;1671077;2025-03-11;"ter�a-feira";"18:31:00";"PI";343;4,5;"TERESINA";"N�o";"Condutor deixou de manter dist�ncia do ve�culo da frente";3;"Tombamento";"Com V�timas Feridas";"Plena Noite";"Crescente";"C�u Claro";"Dupla";"Interse��o de Vias";"Sim";1331339;"Autom�vel";"I/FIAT CRONOS DRIVE 1.3/FIAT CRONOS DRIVE 1.3";2024;"Condutor";"Ileso";51;"Masculino";1;0;0;0;-5,08023209;-42,78949874;"SPRF-PI";"DEL01-PI";"UOP01-DEL01-PI"
745551;1671076;2025-03-11;"ter�a-feira";"18:31:00";"PI";343;4,5;"TERESINA";"N�o";"Condutor deixou de manter dist�ncia do ve�culo da frente";3;"Tombamento";"Com V�timas Feridas";"Plena Noite";"Crescente";"C�u Claro";"Dupla";"Interse��o de Vias";"Sim";1331338;"Caminhonete";"FIAT/FIORINO HD WK E/FIORINO HD WK E";2020;"Condutor";"Ileso";28;"Masculino";1;0;0;0;-5,08023209;-42,78949874;"SPRF-PI";"DEL01-PI";"UOP01-DEL01-PI"
745551;1671075;2025-03-11;"ter�a-feira";"18:31:00";"PI";343;4,5;"TERESINA";"N�o";"Condutor deixou de manter dist�ncia do ve�culo da frente";3;"Tombamento";"Com V�timas Feridas";"Plena Noite";"Crescente";"C�u Claro";"Dupla";"Interse��o de Vias";"Sim";1331337;"Motocicleta";"JTA/SUZUKI EN125 YES/SUZUKI EN125 YES";2009;"Condutor";"Ileso";30;"Masculino";1;0;0;0;-5,08023209;-42,78949874;"SPRF-PI";"DEL01-PI";"UOP01-DEL01-PI"
745551;1671074;2025-03-11;"ter�a-feira";"18:31:00";"PI";343;4,5;"TERESINA";"N�o";"Condutor deixou de manter dist�ncia do ve�culo da frente";3;"Tombamento";"Com V�timas Feridas";"Plena Noite";"Crescente";"C�u Claro";"Dupla";"Interse��o de Vias";"Sim";1331336;"Motoneta";"HONDA/BIZ 125/BIZ 125";2023;"Condutor";"Les�es Graves";42;"Masculino";0;0;1;0;-5,08023209;-42,78949874;"SPRF-PI";"DEL01-PI";"UOP01-DEL01-PI"
745551;1671077;2025-03-11;"ter�a-feira";"18:31:00";"PI";343;4,5;"TERESINA";"N�o";"Condutor deixou de manter dist�ncia do ve�culo da frente";2;"Colis�o lateral mesmo sentido";"Com V�timas Feridas";"Plena Noite";"Crescente";"C�u Claro";"Dupla";"Interse��o de Vias";"Sim";1331339;"Autom�vel";"I/FIAT CRONOS DRIVE 1.3/FIAT CRONOS DRIVE 1.3";2024;"Condutor";"Ileso";51;"Masculino";1;0;0;0;-5,08023209;-42,78949874;"SPRF-PI";"DEL01-PI";"UOP01-DEL01-PI"
745551;1671076;2025-03-11;"ter�a-feira";"18:31:00";"PI";343;4,5;"TERESINA";"N�o";"Condutor deixou de manter dist�ncia do ve�culo da frente";2;"Colis�o lateral mesmo sentido";"Com V�timas Feridas";"Plena Noite";"Crescente";"C�u Claro";"Dupla";"Interse��o de Vias";"Sim";1331338;"Caminhonete";"FIAT/FIORINO HD WK E/FIORINO HD WK E";2020;"Condutor";"Ileso";28;"Masculino";1;0;0;0;-5,08023209;-42,78949874;"SPRF-PI";"DEL01-PI";"UOP01-DEL01-PI"
745551;1671075;2025-03-11;"ter�a-feira";"18:31:00";"PI";343;4,5;"TERESINA";"N�o";"Condutor deixou de manter dist�ncia do ve�culo da frente";2;"Colis�o lateral mesmo sentido";"Com V�timas Feridas";"Plena Noite";"Crescente";"C�u Claro";"Dupla";"Interse��o de Vias";"Sim";1331337;"Motocicleta";"JTA/SUZUKI EN125 YES/SUZUKI EN125 YES";2009;"Condutor";"Ileso";30;"Masculino";1;0;0;0;-5,08023209;-42,78949874;"SPRF-PI";"DEL01-PI";"UOP01-DEL01-PI"
745551;1671074;2025-03-11;"ter�a-feira";"18:31:00";"PI";343;4,5;"TERESINA";"N�o";"Condutor deixou de manter dist�ncia do ve�culo da frente";2;"Colis�o lateral mesmo sentido";"Com V�timas Feridas";"Plena Noite";"Crescente";"C�u Claro";"Dupla";"Interse��o de Vias";"Sim";1331336;"Motoneta";"HONDA/BIZ 125/BIZ 125";2023;"Condutor";"Les�es Graves";42;"Masculino";0;0;1;0;-5,08023209;-42,78949874;"SPRF-PI";"DEL01-PI";"UOP01-DEL01-PI"