"id";"pesid";"data_inversa";"dia_semana";"horario";"uf";"br";"km";"municipio";"causa_principal";"causa_acidente";"ordem_tipo_acidente";"tipo_acidente";"classificacao_acidente";"fase_dia";"sentido_via";"condicao_metereologica";"tipo_pista";"tracado_via";"uso_solo";"id_veiculo";"tipo_veiculo";"marca";"ano_fabricacao_veiculo";"tipo_envolvido";"estado_fisico";"idade";"sexo";"ilesos";"feridos_leves";"feridos_graves";"mortos";"latitude";"longitude";"regional";"delegacia";"uop"
745551;1671077;2025-03-11;"ter�a-feira";"18:31:00";"PI";343;4,5;"TERESINA";"N�o";"Condutor deixou de manter dist�ncia do ve�culo da frente";1;"Colis�o traseira";"Com V�timas Feridas";"Plena Noite";"Crescente";"C�u Claro";"Dupla";"Interse��o de Vias";"Sim";1331339;"Autom�vel";"I/FIAT CRONOS DRIVE 1.3/FIAT CRONOS DRIVE 1.3";2024;"Condutor";"Ileso";51;"Masculino";1;0;0;0;-5,08023209;-42,78949874;"SPRF-PI";"DEL01-PI";"UOP01-DEL01-PI"
745551;1671076;2025-03-11;"ter�a-feira";"18:31:00";"PI";343;4,5;"TERESINA";"N�o";"Condutor deixou de manter dist�ncia do ve�culo da frente";1;"Colis�o traseira";"Com V�timas Feridas";"Plena Noite";"Crescente";"C�u Claro";"Dupla";"Interse��o de Vias";"Sim";1331338;"Caminhonete";"FIAT/FIORINO HD WK E/FIORINO HD WK E";2020;"Condutor";"Ileso";28;"Masculino";1;0;0;0;-5,08023209;-42,78949874;"SPRF-PI";"DEL01-PI";"UOP01-DEL01-PI"
745551;1671075;2025-03-11;"ter�a-feira";"18:31:00";"PI";343;4,5;"TERESINA";"N�o";"Condutor deixou de manter dist�ncia do ve�culo da frente";1;"Colis�o traseira";"Com V�timas Feridas";"Plena Noite";"Crescente";"C�u Claro";"Dupla";"Interse��o de Vias";"Sim";1331337;"Motocicleta";"JTA/SUZUKI EN125 YES/SUZUKI EN125 YES";2009;"Condutor";"Ileso";30;"Masculino";1;0;0;0;-5,08023209;-42,78949874;"SPRF-PI";"DEL01-PI";"UOP01-DEL01-PI"
745551;1671074;2025-03-11;"ter�a-feira";"18:31:00";"PI";343;4,5;"TERESINA";"N�o";"Condutor deixou de manter dist�ncia do ve�culo da frente";1;"Colis�o traseira";"Com V�timas Feridas";"Plena Noite";"Crescente";"C�u Claro";"Dupla";"Interse��o de Vias";"Sim";1331336;"Motoneta";"HONDA/BIZ 125/BIZ 125";2023;"Condutor";"Les�es Graves";42;"Masculino";0;0;1;0;-5,08023209;-42,78949874;"SPRF-PI";"DEL01-PI";"UOP01-DEL01-PI"
745551;1671077;2025-03-11;"ter�a-feira";"18:31:00";"PI";343;4,5;"TERESINA";"N�o";"Aus�ncia de rea��o do condutor";4;"Queda de ocupante de ve�culo";"Com V�timas Feridas";"Plena Noite";"Crescente";"C�u Claro";"Dupla";"Interse��o de Vias";"Sim";1331339;"Autom�vel";"I/FIAT CRONOS DRIVE 1.3/FIAT CRONOS DRIVE 1.3";2024;"Condutor";"Ileso";51;"Masculino";1;0;0;0;-5,08023209;-42,78949874;"SPRF-PI";"DEL01-PI";"UOP01-DEL01-PI"
745551;1671076;2025-03-11;"ter�a-feira";"18:31:00";"PI";343;4,5;"TERESINA";"N�o";"Aus�ncia de rea��o do condutor";4;"Queda de ocupante de ve�culo";"Com V�timas Feridas";"Plena Noite";"Crescente";"C�u Claro";"Dupla";"Interse��o de Vias";"Sim";1331338;"Caminhonete";"FIAT/FIORINO HD WK E/FIORINO HD WK E";2020;"Condutor";"Ileso";28;"Masculino";1;0;0;0;-5,08023209;-42,78949874;"SPRF-PI";"DEL01-PI";"UOP01-DEL01-PI"
745551;1671075;2025-03-11;"ter�a-feira";"18:31:00";"PI";343;4,5;"TERESINA";"N�o";"Aus�ncia de rea��o do condutor";4;"Queda de ocupante de ve�culo";"Com V�timas Feridas";"Plena Noite";"Crescente";"C�u Claro";"Dupla";"Interse��o de Vias";"Sim";1331337;"Motocicleta";"JTA/SUZUKI EN125 YES/SUZUKI EN125 YES";2009;"Condutor";"Ileso";30;"Masculino";1;0;0;0;-5,08023209;-42,78949874;"SPRF-PI";"DEL01-PI";"UOP01-DEL01-PI"
745551;1671074;2025-03-11;"ter�a-feira";"18:31:00";"PI";343;4,5;"TERESINA";"N�o";"Aus�ncia de rea��o do condutor";4;"Queda de ocupante de ve�culo";"Com V�timas Feridas";"Plena Noite";"Crescente";"C�u Claro";"Dupla";"Interse��o de Vias";"Sim";1331336;"Motoneta";"HONDA/BIZ 125/BIZ 125";2023;"Condutor";"Les�es Graves";42;"Masculino";0;0;1;0;-5,08023209;-42,78949874;"SPRF-PI";"DEL01-PI";"UOP01-DEL01-PI"
745551;1671077;2025-03-11;"ter�a-feira";"18:31:00";"PI";343;4,5;"TERESINA";"N�o";"Aus�ncia de rea��o do condutor";3;"Tombamento";"Com V�timas Feridas";"Plena Noite";"Crescente";"C�u Claro";"Dupla";"Interse��o de Vias";"Sim";1331339;"Autom�vel";"I/FIAT CRONOS DRIVE 1.3/FIAT CRONOS DRIVE 1.3";2024;"Condutor";"Ileso";51;"Masculino";1;0;0;0;-5,08023209;-42,78949874;"SPRF-PI";"DEL01-PI";"UOP01-DEL01-PI"
745551;1671076;2025-03-11;"ter�a-feira";"18:31:00";"PI";343;4,5;"TERESINA";"N�o";"Aus�ncia de rea��o do condutor";3;"Tombamento";"Com V�timas Feridas";"Plena Noite";"Crescente";"C�u Claro";"Dupla";"Interse��o de Vias";"Sim";1331338;"Caminhonete";"FIAT/FIORINO HD WK E/FIORINO HD WK E";2020;"Condutor";"Ileso";28;"Masculino";1;0;0;0;-5,08023209;-42,78949874;"SPRF-PI";"DEL01-PI";"UOP01-DEL01-PI"
745551;1671075;2025-03-11;"ter�a-feira";"18:31:00";"PI";343;4,5;"TERESINA";"N�o";"Aus�ncia de rea��o do condutor";3;"Tombamento";"Com V�timas Feridas";"Plena Noite";"Crescente";"C�u Claro";"Dupla";"Interse��o de Vias";"Sim";1331337;"Motocicleta";"JTA/SUZUKI EN125 YES/SUZUKI EN125 YES";2009;"Condutor";"Ileso";30;"Masculino";1;0;0;0;-5,08023209;-42,78949874;"SPRF-PI";"DEL01-PI";"UOP01-DEL01-PI"
745551;1671074;2025-03-11;"ter�a-feira";"18:31:00";"PI";343;4,5;"TERESINA";"N�o";"Aus�ncia de rea��o do condutor";3;"Tombamento";"Com V�timas Feridas";"Plena Noite";"Crescente";"C�u Claro";"Dupla";"Interse��o de Vias";"Sim";1331336;"Motoneta";"HONDA/BIZ 125/BIZ 125";2023;"Condutor";"Les�es Graves";42;"Masculino";0;0;1;0;-5,08023209;-42,78949874;"SPRF-PI";"DEL01-PI";"UOP01-DEL01-PI"
745551;1671077;2025-03-11;"ter�a-feira";"18:31:00";"PI";343;4,5;"TERESINA";"N�o";"Aus�ncia de rea��o do condutor";2;"Colis�o lateral mesmo sentido";"Com V�timas Feridas";"Plena Noite";"Crescente";"C�u Claro";"Dupla";"Interse��o de Vias";"Sim";1331339;"Autom�vel";"I/FIAT CRONOS DRIVE 1.3/FIAT CRONOS DRIVE 1.3";2024;"Condutor";"Ileso";51;"Masculino";1;0;0;0;-5,08023209;-42,78949874;"SPRF-PI";"DEL01-PI";"UOP01-DEL01-PI"
745551;1671076;2025-03-11;"ter�a-feira";"18:31:00";"PI";343;4,5;"TERESINA";"N�o";"Aus�ncia de rea��o do condutor";2;"Colis�o lateral mesmo sentido";"Com V�timas Feridas";"Plena Noite";"Crescente";"C�u Claro";"Dupla";"Interse��o de Vias";"Sim";1331338;"Caminhonete";"FIAT/FIORINO HD WK E/FIORINO HD WK E";2020;"Condutor";"Ileso";28;"Masculino";1;0;0;0;-5,08023209;-42,78949874;"SPRF-PI";"DEL01-PI";"UOP01-DEL01-PI"
745551;1671075;2025-03-11;"ter�a-feira";"18:31:00";"PI";343;4,5;"TERESINA";"N�o";"Aus�ncia de rea��o do condutor";2;"Colis�o lateral mesmo sentido";"Com V�timas Feridas";"Plena Noite";"Crescente";"C�u Claro";"Dupla";"Interse��o de Vias";"Sim";1331337;"Motocicleta";"JTA/SUZUKI EN125 YES/SUZUKI EN125 YES";2009;"Condutor";"Ileso";30;"Masculino";1;0;0;0;-5,08023209;-42,78949874;"SPRF-PI";"DEL01-PI";"UOP01-DEL01-PI"
745551;1671074;2025-03-11;"ter�a-feira";"18:31:00";"PI";343;4,5;"TERESINA";"N�o";"Aus�ncia de rea��o do condutor";2;"Colis�o lateral mesmo sentido";"Com V�timas Feridas";"Plena Noite";"Crescente";"C�u Claro";"Dupla";"Interse��o de Vias";"Sim";1331336;"Motoneta";"HONDA/BIZ 125/BIZ 125";2023;"Condutor";"Les�es Graves";42;"Masculino";0;0;1;0;-5,08023209;-42,78949874;"SPRF-PI";"DEL01-PI";"UOP01-DEL01-PI"
745551;1671077;2025-03-11;"ter�a-feira";"18:31:00";"PI";343;4,5;"TERESINA";"N�o";"Aus�ncia de rea��o do condutor";1;"Colis�o traseira";"Com V�timas Feridas";"Plena Noite";"Crescente";"C�u Claro";"Dupla";"Interse��o de Vias";"Sim";1331339;"Autom�vel";"I/FIAT CRONOS DRIVE 1.3/FIAT CRONOS DRIVE 1.3";2024;"Condutor";"Ileso";51;"Masculino";1;0;0;0;-5,08023209;-42,78949874;"SPRF-PI";"DEL01-PI";"UOP01-DEL01-PI"
745551;1671076;2025-03-11;"ter�a-feira";"18:31:00";"PI";343;4,5;"TERESINA";"N�o";"Aus�ncia de rea��o do condutor";1;"Colis�o traseira";"Com V�timas Feridas";"Plena Noite";"Crescente";"C�u Claro";"Dupla";"Interse��o de Vias";"Sim";1331338;"Caminhonete";"FIAT/FIORINO HD WK E/FIORINO HD WK E";2020;"Condutor";"Ileso";28;"Masculino";1;0;0;0;-5,08023209;-42,78949874;"SPRF-PI";"DEL01-PI";"UOP01-DEL01-PI"
745551;1671075;2025-03-11;"ter�a-feira";"18:31:00";"PI";343;4,5;"TERESINA";"N�o";"Aus�ncia de rea��o do condutor";1;"Colis�o traseira";"Com V�timas Feridas";"Plena Noite";"Crescente";"C�u Claro";"Dupla";"Interse��o de Vias";"Sim";1331337;"Motocicleta";"JTA/SUZUKI EN125 YES/SUZUKI EN125 YES";2009;"Condutor";"Ileso";30;"Masculino";1;0;0;0;-5,08023209;-42,78949874;"SPRF-PI";"DEL01-PI";"UOP01-DEL01-PI"
745551;1671074;2025-03-11;"ter�a-feira";"18:31:00";"PI";343;4,5;"TERESINA";"N�o";"Aus�ncia de rea��o do condutor";1;"Colis�o traseira";"Com V�timas Feridas";"Plena Noite";"Crescente";"C�u Claro";"Dupla";"Interse��o de Vias";"Sim";1331336;"Motoneta";"HONDA/BIZ 125/BIZ 125";2023;"Condutor";"Les�es Graves";42;"Masculino";0;0;1;0;-5,08023209;-42,78949874;"SPRF-PI";"DEL01-PI";"UOP01-DEL01-PI"
745551;1671077;2025-03-11;"ter�a-feira";"18:31:00";"PI";343;4,5;"TERESINA";"Sim";"Ingest�o de �lcool pelo condutor";4;"Queda de ocupante de ve�culo";"Com V�timas Feridas";"Plena Noite";"Crescente";"C�u Claro";"Dupla";"Interse��o de Vias";"Sim";1331339;"Autom�vel";"I/FIAT CRONOS DRIVE 1.3/FIAT CRONOS DRIVE 1.3";2024;"Condutor";"Ileso";51;"Masculino";1;0;0;0;-5,08023209;-42,78949874;"SPRF-PI";"DEL01-PI";"UOP01-DEL01-PI"
745551;1671076;2025-03-11;"ter�a-feira";"18:31:00";"PI";343;4,5;"TERESINA";"Sim";"Ingest�o de �lcool pelo condutor";4;"Queda de ocupante de ve�culo";"Com V�timas Feridas";"Plena Noite";"Crescente";"C�u Claro";"Dupla";"Interse��o de Vias";"Sim";1331338;"Caminhonete";"FIAT/FIORINO HD WK E/FIORINO HD WK E";2020;"Condutor";"Ileso";28;"Masculino";1;0;0;0;-5,08023209;-42,78949874;"SPRF-PI";"DEL01-PI";"UOP01-DEL01-PI"
745551;1671075;2025-03-11;"ter�a-feira";"18:31:00";"PI";343;4,5;"TERESINA";"Sim";"Ingest�o de �lcool pelo condutor";4;"Queda de ocupante de ve�culo";"Com V�timas Feridas";"Plena Noite";"Crescente";"C�u Claro";"Dupla";"Interse��o de Vias";"Sim";1331337;"Motocicleta";"JTA/SUZUKI EN125 YES/SUZUKI EN125 YES";2009;"Condutor";"Ileso";30;"Masculino";1;0;0;0;-5,08023209;-42,78949874;"SPRF-PI";"DEL01-PI";"UOP01-DEL01-PI"
745551;1671074;2025-03-11;"ter�a-feira";"18:31:00";"PI";343;4,5;"TERESINA";"Sim";"Ingest�o de �lcool pelo condutor";4;"Queda de ocupante de ve�culo";"Com V�timas Feridas";"Plena Noite";"Crescente";"C�u Claro";"Dupla";"Interse��o de Vias";"Sim";1331336;"Motoneta";"HONDA/BIZ 125/BIZ 125";2023;"Condutor";"Les�es Graves";42;"Masculino";0;0;1;0;-5,08023209;-42,78949874;"SPRF-PI";"DEL01-PI";"UOP01-DEL01-PI"
745551;1671077;2025-03-11;"ter�a-feira";"18:31:00";"PI";343;4,5;"TERESINA";"Sim";"Ingest�o de �lcool pelo condutor";3;"Tombamento";"Com V�timas Feridas";"Plena Noite";"Crescente";"C�u Claro";"Dupla";"Interse��o de Vias";"Sim";1331339;"Autom�vel";"I/FIAT CRONOS DRIVE 1.3/FIAT CRONOS DRIVE 1.3";2024;"Condutor";"Ileso";51;"Masculino";1;0;0;0;-5,08023209;-42,78949874;"SPRF-PI";"DEL01-PI";"UOP01-DEL01-PI"
745551;1671076;2025-03-11;"ter�a-feira";"18:31:00";"PI";343;4,5;"TERESINA";"Sim";"Ingest�o de �lcool pelo condutor";3;"Tombamento";"Com V�timas Feridas";"Plena Noite";"Crescente";"C�u Claro";"Dupla";"Interse��o de Vias";"Sim";1331338;"Caminhonete";"FIAT/FIORINO HD WK E/FIORINO HD WK E";2020;"Condutor";"Ileso";28;"Masculino";1;0;0;0;-5,08023209;-42,78949874;"SPRF-PI";"DEL01-PI";"UOP01-DEL01-PI"
745551;1671075;2025-03-11;"ter�a-feira";"18:31:00";"PI";343;4,5;"TERESINA";"Sim";"Ingest�o de �lcool pelo condutor";3;"Tombamento";"Com V�timas Feridas";"Plena Noite";"Crescente";"C�u Claro";"Dupla";"Interse��o de Vias";"Sim";1331337;"Motocicleta";"JTA/SUZUKI EN125 YES/SUZUKI EN125 YES";2009;"Condutor";"Ileso";30;"Masculino";1;0;0;0;-5,08023209;-42,78949874;"SPRF-PI";"DEL01-PI";"UOP01-DEL01-PI"
745551;1671074;2025-03-11;"ter�a-feira";"18:31:00";"PI";343;4,5;"TERESINA";"Sim";"Ingest�o de �lcool pelo condutor";3;"Tombamento";"Com V�timas Feridas";"Plena Noite";"Crescente";"C�u Claro";"Dupla";"Interse��o de Vias";"Sim";1331336;"Motoneta";"HONDA/BIZ 125/BIZ 125";2023;"Condutor";"Les�es Graves";42;"Masculino";0;0;1;0;-5,08023209;-42,78949874;"SPRF-PI";"DEL01-PI";"UOP01-DEL01-PI"
745551;1671077;2025-03-11;"ter�a-feira";"18:31:00";"PI";343;4,5;"TERESINA";"Sim";"Ingest�o de �lcool pelo condutor";2;"Colis�o lateral mesmo sentido";"Com V�timas Feridas";"Plena Noite";"Crescente";"C�u Claro";"Dupla";"Interse��o de Vias";"Sim";1331339;"Autom�vel";"I/FIAT CRONOS DRIVE 1.3/FIAT CRONOS DRIVE 1.3";2024;"Condutor";"Ileso";51;"Masculino";1;0;0;0;-5,08023209;-42,78949874;"SPRF-PI";"DEL01-PI";"UOP01-DEL01-PI"
745551;1671076;2025-03-11;"ter�a-feira";"18:31:00";"PI";343;4,5;"TERESINA";"Sim";"Ingest�o de �lcool pelo condutor";2;"Colis�o lateral mesmo sentido";"Com V�timas Feridas";"Plena Noite";"Crescente";"C�u Claro";"Dupla";"Interse��o de Vias";"Sim";1331338;"Caminhonete";"FIAT/FIORINO HD WK E/FIORINO HD WK E";2020;"Condutor";"Ileso";28;"Masculino";1;0;0;0;-5,08023209;-42,78949874;"SPRF-PI";"DEL01-PI";"UOP01-DEL01-PI"
745551;1671075;2025-03-11;"ter�a-feira";"18:31:00";"PI";343;4,5;"TERESINA";"Sim";"Ingest�o de �lcool pelo condutor";2;"Colis�o lateral mesmo sentido";"Com V�timas Feridas";"Plena Noite";"Crescente";"C�u Claro";"Dupla";"Interse��o de Vias";"Sim";1331337;"Motocicleta";"JTA/SUZUKI EN125 YES/SUZUKI EN125 YES";2009;"Condutor";"Ileso";30;"Masculino";1;0;0;0;-5,08023209;-42,78949874;"SPRF-PI";"DEL01-PI";"UOP01-DEL01-PI"
745551;1671074;2025-03-11;"ter�a-feira";"18:31:00";"PI";343;4,5;"TERESINA";"Sim";"Ingest�o de �lcool pelo condutor";2;"Colis�o lateral mesmo sentido";"Com V�timas Feridas";"Plena Noite";"Crescente";"C�u Claro";"Dupla";"Interse��o de Vias";"Sim";1331336;"Motoneta";"HONDA/BIZ 125/BIZ 125";2023;"Condutor";"Les�es Graves";42;"Masculino";0;0;1;0;-5,08023209;-42,78949874;"SPRF-PI";"DEL01-PI";"UOP01-DEL01-PI"
745551;1671077;2025-03-11;"ter�a-feira";"18:31:00";"PI";343;4,5;"TERESINA";"Sim";"Ingest�o de �lcool pelo condutor";1;"Colis�o traseira";"Com V�timas Feridas";"Plena Noite";"Crescente";"C�u Claro";"Dupla";"Interse��o de Vias";"Sim";1331339;"Autom�vel";"I/FIAT CRONOS DRIVE 1.3/FIAT CRONOS DRIVE 1.3";2024;"Condutor";"Ileso";51;"Masculino";1;0;0;0;-5,08023209;-42,78949874;"SPRF-PI";"DEL01-PI";"UOP01-DEL01-PI"
745551;1671076;2025-03-11;"ter�a-feira";"18:31:00";"PI";343;4,5;"TERESINA";"Sim";"Ingest�o de �lcool pelo condutor";1;"Colis�o traseira";"Com V�timas Feridas";"Plena Noite";"Crescente";"C�u Claro";"Dupla";"Interse��o de Vias";"Sim";1331338;"Caminhonete";"FIAT/FIORINO HD WK E/FIORINO HD WK E";2020;"Condutor";"Ileso";28;"Masculino";1;0;0;0;-5,08023209;-42,78949874;"SPRF-PI";"DEL01-PI";"UOP01-DEL01-PI"
745551;1671075;2025-03-11;"ter�a-feira";"18:31:00";"PI";343;4,5;"TERESINA";"Sim";"Ingest�o de �lcool pelo condutor";1;"Colis�o traseira";"Com V�timas Feridas";"Plena Noite";"Crescente";"C�u Claro";"Dupla";"Interse��o de Vias";"Sim";1331337;"Motocicleta";"JTA/SUZUKI EN125 YES/SUZUKI EN125 YES";2009;"Condutor";"Ileso";30;"Masculino";1;0;0;0;-5,08023209;-42,78949874;"SPRF-PI";"DEL01-PI";"UOP01-DEL01-PI"
745551;1671074;2025-03-11;"ter�a-feira";"18:31:00";"PI";343;4,5;"TERESINA";"Sim";"Ingest�o de �lcool pelo condutor";1;"Colis�o traseira";"Com V�timas Feridas";"Plena Noite";"Crescente";"C�u Claro";"Dupla";"Interse��o de Vias";"Sim";1331336;"Motoneta";"HONDA/BIZ 125/BIZ 125";2023;"Condutor";"Les�es Graves";42;"Masculino";0;0;1;0;-5,08023209;-42,78949874;"SPRF-PI";"DEL01-PI";"UOP01-DEL01-PI"
745552;1671079;2025-02-21;"sexta-feira";"12:20:00";"MA";226;285;"BARRA DO CORDA";"Sim";"Transitar na contram�o";1;"Sa�da de leito carro��vel";"Com V�timas Feridas";"Pleno dia";"Decrescente";"Chuva";"Simples";"Curva";"N�o";1331340;"Autom�vel";"FIAT/PALIO ELX FLEX/PALIO ELX FLEX";2008;"Passageiro";"Les�es Leves";36;"Feminino";0;1;0;0;-5,450408;-45,13533;"SPRF-MA";"DEL06-MA";"UOP01-DEL06-MA"
745552;1671078;2025-02-21;"sexta-feira";"12:20:00";"MA";226;285;"BARRA DO CORDA";"Sim";"Transitar na contram�o";1;"Sa�da de leito carro��vel";"Com V�timas Feridas";"Pleno dia";"Decrescente";"Chuva";"Simples";"Curva";"N�o";1331340;"Autom�vel";"FIAT/PALIO ELX FLEX/PALIO ELX FLEX";2008;"Condutor";"Les�es Leves";55;"Masculino";0;1;0;0;-5,450408;-45,13533;"SPRF-MA";"DEL06-MA";"UOP01-DEL06-MA"
745554;1671453;2025-12-20;"s�bado";"20:20:00";"MA";222;598;"BOM JESUS DAS SELVAS";"N�o";"Acumulo de �gua sobre o pavimento";2;"Capotamento";"Com V�timas Feridas";"Plena Noite";"Decrescente";"Chuva";"Simples";"Reta";"N�o";1331661;"Caminhonete";"I/FORD F150 PLATINUM/FORD F150 PLATINUM";0;"Passageiro";"Les�es Leves";NA;"Masculino";0;1;0;0;-4,31117;-46,576911;"SPRF-MA";"DEL04-MA";"UOP03-DEL04-MA"
745554;1671450;2025-12-20;"s�bado";"20:20:00";"MA";222;598;"BOM JESUS DAS SELVAS";"N�o";"Acumulo de �gua sobre o pavimento";2;"Capotamento";"Com V�timas Feridas";"Plena Noite";"Decrescente";"Chuva";"Simples";"Reta";"N�o";1331661;"Caminhonete";"I/FORD F150 PLATINUM/FORD F150 PLATINUM";0;"Passageiro";"Les�es Leves";NA;"Masculino";0;1;0;0;-4,31117;-46,576911;"SPRF-MA";"DEL04-MA";"UOP03-DEL04-MA"
745554;1671448;2025-12-20;"s�bado";"20:20:00";"MA";222;598;"BOM JESUS DAS SELVAS";"N�o";"Acumulo de �gua sobre o pavimento";2;"Capotamento";"Com V�timas Feridas";"Plena Noite";"Decrescente";"Chuva";"Simples";"Reta";"N�o";1331661;"Caminhonete";"I/FORD F150 PLATINUM/FORD F150 PLATINUM";0;"Condutor";"Les�es Leves";NA;"Masculino";0;1;0;0;-4,31117;-46,576911;"SPRF-MA";"DEL04-MA";"UOP03-DEL04-MA"
745554;1671453;2025-12-20;"s�bado";"20:20:00";"MA";222;598;"BOM JESUS DAS SELVAS";"N�o";"Acumulo de �gua sobre o pavimento";1;"Sa�da de leito carro��vel";"Com V�timas Feridas";"Plena Noite";"Decrescente";"Chuva";"Simples";"Reta";"N�o";1331661;"Caminhonete";"I/FORD F150 PLATINUM/FORD F150 PLATINUM";0;"Passageiro";"Les�es Leves";NA;"Masculino";0;1;0;0;-4,31117;-46,576911;"SPRF-MA";"DEL04-MA";"UOP03-DEL04-MA"
745554;1671450;2025-12-20;"s�bado";"20:20:00";"MA";222;598;"BOM JESUS DAS SELVAS";"N�o";"Acumulo de �gua sobre o pavimento";1;"Sa�da de leito carro��vel";"Com V�timas Feridas";"Plena Noite";"Decrescente";"Chuva";"Simples";"Reta";"N�o";1331661;"Caminhonete";"I/FORD F150 PLATINUM/FORD F150 PLATINUM";0;"Passageiro";"Les�es Leves";NA;"Masculino";0;1;0;0;-4,31117;-46,576911;"SPRF-MA";"DEL04-MA";"UOP03-DEL04-MA"
745554;1671448;2025-12-20;"s�bado";"20:20:00";"MA";222;598;"BOM JESUS DAS SELVAS";"N�o";"Acumulo de �gua sobre o pavimento";1;"Sa�da de leito carro��vel";"Com V�timas Feridas";"Plena Noite";"Decrescente";"Chuva";"Simples";"Reta";"N�o";1331661;"Caminhonete";"I/FORD F150 PLATINUM/FORD F150 PLATINUM";0;"Condutor";"Les�es Leves";NA;"Masculino";0;1;0;0;-4,31117;-46,576911;"SPRF-MA";"DEL04-MA";"UOP03-DEL04-MA"
745554;1671453;2025-12-20;"s�bado";"20:20:00";"MA";222;598;"BOM JESUS DAS SELVAS";"Sim";"Chuva";2;"Capotamento";"Com V�timas Feridas";"Plena Noite";"Decrescente";"Chuva";"Simples";"Reta";"N�o";1331661;"Caminhonete";"I/FORD F150 PLATINUM/FORD F150 PLATINUM";0;"Passageiro";"Les�es Leves";NA;"Masculino";0;1;0;0;-4,31117;-46,576911;"SPRF-MA";"DEL04-MA";"UOP03-DEL04-MA"
745554;1671450;2025-12-20;"s�bado";"20:20:00";"MA";222;598;"BOM JESUS DAS SELVAS";"Sim";"Chuva";2;"Capotamento";"Com V�timas Feridas";"Plena Noite";"Decrescente";"Chuva";"Simples";"Reta";"N�o";1331661;"Caminhonete";"I/FORD F150 PLATINUM/FORD F150 PLATINUM";0;"Passageiro";"Les�es Leves";NA;"Masculino";0;1;0;0;-4,31117;-46,576911;"SPRF-MA";"DEL04-MA";"UOP03-DEL04-MA"
745554;1671448;2025-12-20;"s�bado";"20:20:00";"MA";222;598;"BOM JESUS DAS SELVAS";"Sim";"Chuva";2;"Capotamento";"Com V�timas Feridas";"Plena Noite";"Decrescente";"Chuva";"Simples";"Reta";"N�o";1331661;"Caminhonete";"I/FORD F150 PLATINUM/FORD F150 PLATINUM";0;"Condutor";"Les�es Leves";NA;"Masculino";0;1;0;0;-4,31117;-46,576911;"SPRF-MA";"DEL04-MA";"UOP03-DEL04-MA"
745554;1671453;2025-12-20;"s�bado";"20:20:00";"MA";222;598;"BOM JESUS DAS SELVAS";"Sim";"Chuva";1;"Sa�da de leito carro��vel";"Com V�timas Feridas";"Plena Noite";"Decrescente";"Chuva";"Simples";"Reta";"N�o";1331661;"Caminhonete";"I/FORD F150 PLATINUM/FORD F150 PLATINUM";0;"Passageiro";"Les�es Leves";NA;"Masculino";0;1;0;0;-4,31117;-46,576911;"SPRF-MA";"DEL04-MA";"UOP03-DEL04-MA"
745554;1671450;2025-12-20;"s�bado";"20:20:00";"MA";222;598;"BOM JESUS DAS SELVAS";"Sim";"Chuva";1;"Sa�da de leito carro��vel";"Com V�timas Feridas";"Plena Noite";"Decrescente";"Chuva";"Simples";"Reta";"N�o";1331661;"Caminhonete";"I/FORD F150 PLATINUM/FORD F150 PLATINUM";0;"Passageiro";"Les�es Leves";NA;"Masculino";0;1;0;0;-4,31117;-46,576911;"SPRF-MA";"DEL04-MA";"UOP03-DEL04-MA"
745554;1671448;2025-12-20;"s�bado";"20:20:00";"MA";222;598;"BOM JESUS DAS SELVAS";"Sim";"Chuva";1;"Sa�da de leito carro��vel";"Com V�timas Feridas";"Plena Noite";"Decrescente";"Chuva";"Simples";"Reta";"N�o";1331661;"Caminhonete";"I/FORD F150 PLATINUM/FORD F150 PLATINUM";0;"Condutor";"Les�es Leves";NA;"Masculino";0;1;0;0;-4,31117;-46,576911;"SPRF-MA";"DEL04-MA";"UOP03-DEL04-MA"
745555;1673240;2025-11-19;"quarta-feira";"16:44:00";"RJ";116;183;"NOVA IGUACU";"Sim";"Manobra de mudan�a de faixa";1;"Colis�o traseira";"Com V�timas Feridas";"Pleno dia";"Decrescente";"C�u Claro";"Dupla";"Reta";"N�o";1332975;"Autom�vel";"N�o Informado/N�o Informado/N�o Informado";0;"Condutor";"N�o Informado";NA;"N�o Informado";0;0;0;0;-22,74037383;-43,49801509;"SPRF-RJ";"DEL06-RJ";"UOP01-DEL06-RJ"
745555;1673242;2025-11-19;"quarta-feira";"16:44:00";"RJ";116;183;"NOVA IGUACU";"Sim";"Manobra de mudan�a de faixa";1;"Colis�o traseira";"Com V�timas Feridas";"Pleno dia";"Decrescente";"C�u Claro";"Dupla";"Reta";"N�o";1332981;"Motocicleta";"N�o Informado/N�o Informado/N�o Informado";0;"Condutor";"Les�es Leves";NA;"Masculino";0;1;0;0;-22,74037383;-43,49801509;"SPRF-RJ";"DEL06-RJ";"UOP01-DEL06-RJ"
745557;1671085;2025-11-28;"sexta-feira";"23:00:00";"MG";40;517,8;"RIBEIRAO DAS NEVES";"Sim";"Acessar a via sem observar a presen�a dos outros ve�culos";1;"Colis�o transversal";"Com V�timas Feridas";"Plena Noite";"Crescente";"C�u Claro";"Dupla";"Retorno Regulamentado";"Sim";1331346;"Autom�vel";"VW/GOLF 2.0 SPORTLINE/GOLF 2.0 SPORTLINE";2010;"Condutor";"Ileso";42;"Masculino";1;0;0;0;-19,83163207;-44,0826416;"SPRF-MG";"DEL01-MG";"UOP02-DEL01-MG"