"id";"pesid";"data_inversa";"dia_semana";"horario";"uf";"br";"km";"municipio";"causa_principal";"causa_acidente";"ordem_tipo_acidente";"tipo_acidente";"classificacao_acidente";"fase_dia";"sentido_via";"condicao_metereologica";"tipo_pista";"tracado_via";"uso_solo";"id_veiculo";"tipo_veiculo";"marca";"ano_fabricacao_veiculo";"tipo_envolvido";"estado_fisico";"idade";"sexo";"ilesos";"feridos_leves";"feridos_graves";"mortos";"latitude";"longitude";"regional";"delegacia";"uop"
745557;1671087;2025-11-28;"sexta-feira";"23:00:00";"MG";40;517,8;"RIBEIRAO DAS NEVES";"Sim";"Acessar a via sem observar a presen�a dos outros ve�culos";1;"Colis�o transversal";"Com V�timas Feridas";"Plena Noite";"Crescente";"C�u Claro";"Dupla";"Retorno Regulamentado";"Sim";1331345;"Autom�vel";"CHEVROLET/COBALT 1.4 LTZ/COBALT 1.4 LTZ";2012;"Passageiro";"Les�es Leves";26;"Feminino";0;1;0;0;-19,83163207;-44,0826416;"SPRF-MG";"DEL01-MG";"UOP02-DEL01-MG"
745557;1673793;2025-11-28;"sexta-feira";"23:00:00";"MG";40;517,8;"RIBEIRAO DAS NEVES";"Sim";"Acessar a via sem observar a presen�a dos outros ve�culos";1;"Colis�o transversal";"Com V�timas Feridas";"Plena Noite";"Crescente";"C�u Claro";"Dupla";"Retorno Regulamentado";"Sim";1331345;"Autom�vel";"CHEVROLET/COBALT 1.4 LTZ/COBALT 1.4 LTZ";2012;"Condutor";"Ileso";27;"Masculino";1;0;0;0;-19,83163207;-44,0826416;"SPRF-MG";"DEL01-MG";"UOP02-DEL01-MG"
745558;1673277;2025-12-29;"segunda-feira";"08:00:00";"MG";381;481;"CONTAGEM";"Sim";"Acessar a via sem observar a presen�a dos outros ve�culos";1;"Colis�o transversal";"Com V�timas Feridas";"Amanhecer";"Decrescente";"C�u Claro";"Dupla";"Reta";"Sim";1332999;"Motocicleta";"HONDA/CG 160 TITAN/CG 160 TITAN";2025;"Condutor";"Les�es Graves";NA;"Feminino";0;0;1;0;-19,95933917;-44,05444471;"SPRF-MG";"DEL01-MG";"UOP03-DEL01-MG"
745558;1673276;2025-12-29;"segunda-feira";"08:00:00";"MG";381;481;"CONTAGEM";"Sim";"Acessar a via sem observar a presen�a dos outros ve�culos";1;"Colis�o transversal";"Com V�timas Feridas";"Amanhecer";"Decrescente";"C�u Claro";"Dupla";"Reta";"Sim";1332994;"�nibus";"N�o Informado/N�o Informado/N�o Informado";0;"Condutor";"N�o Informado";NA;"N�o Informado";0;0;0;0;-19,95933917;-44,05444471;"SPRF-MG";"DEL01-MG";"UOP03-DEL01-MG"
745561;NA;2025-10-16;"quinta-feira";"10:25:00";"MG";365;16,6;"MONTES CLAROS";"N�o";"Aus�ncia de rea��o do condutor";1;"Tombamento";"Com V�timas Feridas";"Pleno dia";"Crescente";"C�u Claro";"Simples";"Declive;Curva";"N�o";1331350;"Semireboque";"REB/SCHIFFER SSC3E CA/SCHIFFER SSC3E CA";2019;NA;NA;NA;NA;NA;NA;NA;NA;-16,847431;-43,965578;"SPRF-MG";"DEL12-MG";"UOP01-DEL12-MG"
745561;1671091;2025-10-16;"quinta-feira";"10:25:00";"MG";365;16,6;"MONTES CLAROS";"N�o";"Aus�ncia de rea��o do condutor";1;"Tombamento";"Com V�timas Feridas";"Pleno dia";"Crescente";"C�u Claro";"Simples";"Declive;Curva";"N�o";1331349;"Caminh�o-trator";"M.BENZ/ATRON 1635 S/ATRON 1635 S";2019;"Condutor";"Les�es Leves";57;"Masculino";0;1;0;0;-16,847431;-43,965578;"SPRF-MG";"DEL12-MG";"UOP01-DEL12-MG"
745561;1671090;2025-10-16;"quinta-feira";"10:25:00";"MG";365;16,6;"MONTES CLAROS";"N�o";"Aus�ncia de rea��o do condutor";1;"Tombamento";"Com V�timas Feridas";"Pleno dia";"Crescente";"C�u Claro";"Simples";"Declive;Curva";"N�o";NA;NA;"NA/NA/NA";NA;"Testemunha";"N�o Informado";NA;"N�o Informado";0;0;0;0;-16,847431;-43,965578;"SPRF-MG";"DEL12-MG";"UOP01-DEL12-MG"
745561;1671089;2025-10-16;"quinta-feira";"10:25:00";"MG";365;16,6;"MONTES CLAROS";"N�o";"Aus�ncia de rea��o do condutor";1;"Tombamento";"Com V�timas Feridas";"Pleno dia";"Crescente";"C�u Claro";"Simples";"Declive;Curva";"N�o";NA;NA;"NA/NA/NA";NA;"Testemunha";"N�o Informado";NA;"N�o Informado";0;0;0;0;-16,847431;-43,965578;"SPRF-MG";"DEL12-MG";"UOP01-DEL12-MG"
745561;NA;2025-10-16;"quinta-feira";"10:25:00";"MG";365;16,6;"MONTES CLAROS";"Sim";"Velocidade Incompat�vel";1;"Tombamento";"Com V�timas Feridas";"Pleno dia";"Crescente";"C�u Claro";"Simples";"Declive;Curva";"N�o";1331350;"Semireboque";"REB/SCHIFFER SSC3E CA/SCHIFFER SSC3E CA";2019;NA;NA;NA;NA;NA;NA;NA;NA;-16,847431;-43,965578;"SPRF-MG";"DEL12-MG";"UOP01-DEL12-MG"
745561;1671091;2025-10-16;"quinta-feira";"10:25:00";"MG";365;16,6;"MONTES CLAROS";"Sim";"Velocidade Incompat�vel";1;"Tombamento";"Com V�timas Feridas";"Pleno dia";"Crescente";"C�u Claro";"Simples";"Declive;Curva";"N�o";1331349;"Caminh�o-trator";"M.BENZ/ATRON 1635 S/ATRON 1635 S";2019;"Condutor";"Les�es Leves";57;"Masculino";0;1;0;0;-16,847431;-43,965578;"SPRF-MG";"DEL12-MG";"UOP01-DEL12-MG"
745561;1671090;2025-10-16;"quinta-feira";"10:25:00";"MG";365;16,6;"MONTES CLAROS";"Sim";"Velocidade Incompat�vel";1;"Tombamento";"Com V�timas Feridas";"Pleno dia";"Crescente";"C�u Claro";"Simples";"Declive;Curva";"N�o";NA;NA;"NA/NA/NA";NA;"Testemunha";"N�o Informado";NA;"N�o Informado";0;0;0;0;-16,847431;-43,965578;"SPRF-MG";"DEL12-MG";"UOP01-DEL12-MG"
745561;1671089;2025-10-16;"quinta-feira";"10:25:00";"MG";365;16,6;"MONTES CLAROS";"Sim";"Velocidade Incompat�vel";1;"Tombamento";"Com V�timas Feridas";"Pleno dia";"Crescente";"C�u Claro";"Simples";"Declive;Curva";"N�o";NA;NA;"NA/NA/NA";NA;"Testemunha";"N�o Informado";NA;"N�o Informado";0;0;0;0;-16,847431;-43,965578;"SPRF-MG";"DEL12-MG";"UOP01-DEL12-MG"
745562;NA;2025-07-08;"ter�a-feira";"15:01:00";"RS";386;316,8;"MARQUES DE SOUZA";"Sim";"Sinaliza��o mal posicionada";1;"Engavetamento";"Com V�timas Feridas";"Pleno dia";"Crescente";"Sol";"Simples";"Em Obras;Ponte;Curva";"N�o";1331355;"Semireboque";"SR/NOMA SR3E27 BCG/NOMA SR3E27 BCG";2013;NA;NA;NA;NA;NA;NA;NA;NA;-29,26224146;-52,14737741;"SPRF-RS";"DEL04-RS";"UOP01-DEL04-RS"
745562;1671095;2025-07-08;"ter�a-feira";"15:01:00";"RS";386;316,8;"MARQUES DE SOUZA";"Sim";"Sinaliza��o mal posicionada";1;"Engavetamento";"Com V�timas Feridas";"Pleno dia";"Crescente";"Sol";"Simples";"Em Obras;Ponte;Curva";"N�o";1331354;"Autom�vel";"FIAT/PALIO ELX FLEX/PALIO ELX FLEX";2008;"Condutor";"Les�es Leves";52;"Feminino";0;1;0;0;-29,26224146;-52,14737741;"SPRF-RS";"DEL04-RS";"UOP01-DEL04-RS"
745562;1671094;2025-07-08;"ter�a-feira";"15:01:00";"RS";386;316,8;"MARQUES DE SOUZA";"Sim";"Sinaliza��o mal posicionada";1;"Engavetamento";"Com V�timas Feridas";"Pleno dia";"Crescente";"Sol";"Simples";"Em Obras;Ponte;Curva";"N�o";1331353;"Caminh�o";"VW/11.180 DRC 4X2/11.180 DRC 4X2";2022;"Condutor";"Ileso";30;"Masculino";1;0;0;0;-29,26224146;-52,14737741;"SPRF-RS";"DEL04-RS";"UOP01-DEL04-RS"
745562;1671093;2025-07-08;"ter�a-feira";"15:01:00";"RS";386;316,8;"MARQUES DE SOUZA";"Sim";"Sinaliza��o mal posicionada";1;"Engavetamento";"Com V�timas Feridas";"Pleno dia";"Crescente";"Sol";"Simples";"Em Obras;Ponte;Curva";"N�o";1331352;"Caminhonete";"VW/SAVEIRO CS RB MF/SAVEIRO CS RB MF";2025;"Condutor";"Ileso";48;"Masculino";1;0;0;0;-29,26224146;-52,14737741;"SPRF-RS";"DEL04-RS";"UOP01-DEL04-RS"
745562;1671092;2025-07-08;"ter�a-feira";"15:01:00";"RS";386;316,8;"MARQUES DE SOUZA";"Sim";"Sinaliza��o mal posicionada";1;"Engavetamento";"Com V�timas Feridas";"Pleno dia";"Crescente";"Sol";"Simples";"Em Obras;Ponte;Curva";"N�o";1331351;"Caminh�o-trator";"SCANIA/R450 A6X2/R450 A6X2";2020;"Condutor";"Ileso";65;"Masculino";1;0;0;0;-29,26224146;-52,14737741;"SPRF-RS";"DEL04-RS";"UOP01-DEL04-RS"
745562;NA;2025-07-08;"ter�a-feira";"15:01:00";"RS";386;316,8;"MARQUES DE SOUZA";"N�o";"Rea��o tardia ou ineficiente do condutor";1;"Engavetamento";"Com V�timas Feridas";"Pleno dia";"Crescente";"Sol";"Simples";"Em Obras;Ponte;Curva";"N�o";1331355;"Semireboque";"SR/NOMA SR3E27 BCG/NOMA SR3E27 BCG";2013;NA;NA;NA;NA;NA;NA;NA;NA;-29,26224146;-52,14737741;"SPRF-RS";"DEL04-RS";"UOP01-DEL04-RS"
745562;1671095;2025-07-08;"ter�a-feira";"15:01:00";"RS";386;316,8;"MARQUES DE SOUZA";"N�o";"Rea��o tardia ou ineficiente do condutor";1;"Engavetamento";"Com V�timas Feridas";"Pleno dia";"Crescente";"Sol";"Simples";"Em Obras;Ponte;Curva";"N�o";1331354;"Autom�vel";"FIAT/PALIO ELX FLEX/PALIO ELX FLEX";2008;"Condutor";"Les�es Leves";52;"Feminino";0;1;0;0;-29,26224146;-52,14737741;"SPRF-RS";"DEL04-RS";"UOP01-DEL04-RS"
745562;1671094;2025-07-08;"ter�a-feira";"15:01:00";"RS";386;316,8;"MARQUES DE SOUZA";"N�o";"Rea��o tardia ou ineficiente do condutor";1;"Engavetamento";"Com V�timas Feridas";"Pleno dia";"Crescente";"Sol";"Simples";"Em Obras;Ponte;Curva";"N�o";1331353;"Caminh�o";"VW/11.180 DRC 4X2/11.180 DRC 4X2";2022;"Condutor";"Ileso";30;"Masculino";1;0;0;0;-29,26224146;-52,14737741;"SPRF-RS";"DEL04-RS";"UOP01-DEL04-RS"
745562;1671093;2025-07-08;"ter�a-feira";"15:01:00";"RS";386;316,8;"MARQUES DE SOUZA";"N�o";"Rea��o tardia ou ineficiente do condutor";1;"Engavetamento";"Com V�timas Feridas";"Pleno dia";"Crescente";"Sol";"Simples";"Em Obras;Ponte;Curva";"N�o";1331352;"Caminhonete";"VW/SAVEIRO CS RB MF/SAVEIRO CS RB MF";2025;"Condutor";"Ileso";48;"Masculino";1;0;0;0;-29,26224146;-52,14737741;"SPRF-RS";"DEL04-RS";"UOP01-DEL04-RS"
745562;1671092;2025-07-08;"ter�a-feira";"15:01:00";"RS";386;316,8;"MARQUES DE SOUZA";"N�o";"Rea��o tardia ou ineficiente do condutor";1;"Engavetamento";"Com V�timas Feridas";"Pleno dia";"Crescente";"Sol";"Simples";"Em Obras;Ponte;Curva";"N�o";1331351;"Caminh�o-trator";"SCANIA/R450 A6X2/R450 A6X2";2020;"Condutor";"Ileso";65;"Masculino";1;0;0;0;-29,26224146;-52,14737741;"SPRF-RS";"DEL04-RS";"UOP01-DEL04-RS"
745565;1671098;2025-11-27;"quinta-feira";"18:43:00";"RJ";101;383;"RIO DE JANEIRO";"Sim";"Manobra de mudan�a de faixa";1;"Colis�o lateral mesmo sentido";"Com V�timas Feridas";"Plena Noite";"Crescente";"Nublado";"Dupla";"Reta";"Sim";1331357;"Motocicleta";"HONDA/NXR160 BROS ESDD/NXR160 BROS ESDD";2016;"Condutor";"Les�es Leves";66;"Masculino";0;1;0;0;-22,879677;-43,626307;"SPRF-RJ";"DEL03-RJ";"UOP01-DEL03-RJ"
745565;1671097;2025-11-27;"quinta-feira";"18:43:00";"RJ";101;383;"RIO DE JANEIRO";"Sim";"Manobra de mudan�a de faixa";1;"Colis�o lateral mesmo sentido";"Com V�timas Feridas";"Plena Noite";"Crescente";"Nublado";"Dupla";"Reta";"Sim";1331356;"Motocicleta";"YAMAHA/FZ15 FAZER ABS/FZ15 FAZER ABS";2023;"Passageiro";"Ileso";34;"Masculino";1;0;0;0;-22,879677;-43,626307;"SPRF-RJ";"DEL03-RJ";"UOP01-DEL03-RJ"
745565;1671096;2025-11-27;"quinta-feira";"18:43:00";"RJ";101;383;"RIO DE JANEIRO";"Sim";"Manobra de mudan�a de faixa";1;"Colis�o lateral mesmo sentido";"Com V�timas Feridas";"Plena Noite";"Crescente";"Nublado";"Dupla";"Reta";"Sim";1331356;"Motocicleta";"YAMAHA/FZ15 FAZER ABS/FZ15 FAZER ABS";2023;"Condutor";"Les�es Leves";30;"Masculino";0;1;0;0;-22,879677;-43,626307;"SPRF-RJ";"DEL03-RJ";"UOP01-DEL03-RJ"
745566;1671101;2025-12-19;"sexta-feira";"07:10:00";"MT";364;308;"JACIARA";"Sim";"Rea��o tardia ou ineficiente do condutor";1;"Sa�da de leito carro��vel";"Com V�timas Feridas";"Pleno dia";"Crescente";"C�u Claro";"Dupla";"Reta";"N�o";1331358;"Caminhonete";"GM/S10 EXECUTIVE D/S10 EXECUTIVE D";2010;"Condutor";"Ileso";55;"Feminino";1;0;0;0;-15,81721588;-55,22557293;"SPRF-MT";"DEL05-MT";"UOP02-DEL05-MT"
745566;1671100;2025-12-19;"sexta-feira";"07:10:00";"MT";364;308;"JACIARA";"Sim";"Rea��o tardia ou ineficiente do condutor";1;"Sa�da de leito carro��vel";"Com V�timas Feridas";"Pleno dia";"Crescente";"C�u Claro";"Dupla";"Reta";"N�o";1331358;"Caminhonete";"GM/S10 EXECUTIVE D/S10 EXECUTIVE D";2010;"Passageiro";"Les�es Leves";7;"Masculino";0;1;0;0;-15,81721588;-55,22557293;"SPRF-MT";"DEL05-MT";"UOP02-DEL05-MT"
745566;1671099;2025-12-19;"sexta-feira";"07:10:00";"MT";364;308;"JACIARA";"Sim";"Rea��o tardia ou ineficiente do condutor";1;"Sa�da de leito carro��vel";"Com V�timas Feridas";"Pleno dia";"Crescente";"C�u Claro";"Dupla";"Reta";"N�o";1331358;"Caminhonete";"GM/S10 EXECUTIVE D/S10 EXECUTIVE D";2010;"Passageiro";"Les�es Leves";9;"Masculino";0;1;0;0;-15,81721588;-55,22557293;"SPRF-MT";"DEL05-MT";"UOP02-DEL05-MT"
745689;1671319;2025-12-30;"ter�a-feira";"11:15:00";"PE";101;86;"JABOATAO DOS GUARARAPES";"Sim";"Rea��o tardia ou ineficiente do condutor";1;"Engavetamento";"Sem V�timas";"Pleno dia";"Decrescente";"C�u Claro";"Dupla";"Reta";"N�o";1331540;"Autom�vel";"I/FIAT CRONOS DRIVE 1.3/FIAT CRONOS DRIVE 1.3";2020;"Condutor";"Ileso";59;"Masculino";1;0;0;0;-8,184915;-34,968653;"SPRF-PE";"DEL01-PE";"UOP01-DEL01-PE"
745689;1671318;2025-12-30;"ter�a-feira";"11:15:00";"PE";101;86;"JABOATAO DOS GUARARAPES";"Sim";"Rea��o tardia ou ineficiente do condutor";1;"Engavetamento";"Sem V�timas";"Pleno dia";"Decrescente";"C�u Claro";"Dupla";"Reta";"N�o";1331539;"Autom�vel";"I/PEUGEOT 208 STYLE MT/PEUGEOT 208 STYLE MT";2023;"Condutor";"Ileso";30;"Masculino";1;0;0;0;-8,184915;-34,968653;"SPRF-PE";"DEL01-PE";"UOP01-DEL01-PE"
745689;1671317;2025-12-30;"ter�a-feira";"11:15:00";"PE";101;86;"JABOATAO DOS GUARARAPES";"Sim";"Rea��o tardia ou ineficiente do condutor";1;"Engavetamento";"Sem V�timas";"Pleno dia";"Decrescente";"C�u Claro";"Dupla";"Reta";"N�o";1331538;"Autom�vel";"RENAULT/SANDERO AUT1016V/SANDERO AUT1016V";2009;"Condutor";"Ileso";43;"Feminino";1;0;0;0;-8,184915;-34,968653;"SPRF-PE";"DEL01-PE";"UOP01-DEL01-PE"
745689;1671316;2025-12-30;"ter�a-feira";"11:15:00";"PE";101;86;"JABOATAO DOS GUARARAPES";"Sim";"Rea��o tardia ou ineficiente do condutor";1;"Engavetamento";"Sem V�timas";"Pleno dia";"Decrescente";"C�u Claro";"Dupla";"Reta";"N�o";1331537;"Autom�vel";"HYUNDAI/HB20 10M LIMITED/HB20 10M LIMITED";2023;"Condutor";"Ileso";47;"Masculino";1;0;0;0;-8,184915;-34,968653;"SPRF-PE";"DEL01-PE";"UOP01-DEL01-PE"
745701;1671357;2025-11-24;"segunda-feira";"01:30:00";"PI";343;1;"TERESINA";"N�o";"Aus�ncia de rea��o do condutor";1;"Colis�o com objeto";"Sem V�timas";"Plena Noite";"Crescente";"C�u Claro";"M�ltipla";"Reta";"Sim";1331580;"Autom�vel";"FORD/FIESTA FLEX/FIESTA FLEX";2013;"Condutor";"N�o Informado";NA;"N�o Informado";0;0;0;0;-5,0633183;-42,7223833;"SPRF-PI";"DEL01-PI";"UOP01-DEL01-PI"
745701;1671357;2025-11-24;"segunda-feira";"01:30:00";"PI";343;1;"TERESINA";"N�o";"Ingest�o de �lcool pelo condutor";1;"Colis�o com objeto";"Sem V�timas";"Plena Noite";"Crescente";"C�u Claro";"M�ltipla";"Reta";"Sim";1331580;"Autom�vel";"FORD/FIESTA FLEX/FIESTA FLEX";2013;"Condutor";"N�o Informado";NA;"N�o Informado";0;0;0;0;-5,0633183;-42,7223833;"SPRF-PI";"DEL01-PI";"UOP01-DEL01-PI"
745701;1671357;2025-11-24;"segunda-feira";"01:30:00";"PI";343;1;"TERESINA";"Sim";"Condutor Dormindo";1;"Colis�o com objeto";"Sem V�timas";"Plena Noite";"Crescente";"C�u Claro";"M�ltipla";"Reta";"Sim";1331580;"Autom�vel";"FORD/FIESTA FLEX/FIESTA FLEX";2013;"Condutor";"N�o Informado";NA;"N�o Informado";0;0;0;0;-5,0633183;-42,7223833;"SPRF-PI";"DEL01-PI";"UOP01-DEL01-PI"
745703;NA;2025-10-14;"ter�a-feira";"23:50:00";"MG";116;782,8;"LEOPOLDINA";"Sim";"Velocidade Incompat�vel";2;"Tombamento";"Com V�timas Feridas";"Plena Noite";"Crescente";"Nublado";"Simples";"Curva";"N�o";1331583;"Semireboque";"REB/RODOVIARIA SR CN HI/RODOVIARIA SR CN HI";1996;NA;NA;NA;NA;NA;NA;NA;NA;-21,5351296;-42,6573824;"SPRF-MG";"DEL07-MG";"UOP01-DEL07-MG"
745703;1671361;2025-10-14;"ter�a-feira";"23:50:00";"MG";116;782,8;"LEOPOLDINA";"Sim";"Velocidade Incompat�vel";2;"Tombamento";"Com V�timas Feridas";"Plena Noite";"Crescente";"Nublado";"Simples";"Curva";"N�o";1331582;"Caminh�o-trator";"VOLVO/FH 540 6X4T/FH 540 6X4T";2023;"Condutor";"Les�es Leves";33;"Masculino";0;1;0;0;-21,5351296;-42,6573824;"SPRF-MG";"DEL07-MG";"UOP01-DEL07-MG"
745703;NA;2025-10-14;"ter�a-feira";"23:50:00";"MG";116;782,8;"LEOPOLDINA";"Sim";"Velocidade Incompat�vel";1;"Sa�da de leito carro��vel";"Com V�timas Feridas";"Plena Noite";"Crescente";"Nublado";"Simples";"Curva";"N�o";1331583;"Semireboque";"REB/RODOVIARIA SR CN HI/RODOVIARIA SR CN HI";1996;NA;NA;NA;NA;NA;NA;NA;NA;-21,5351296;-42,6573824;"SPRF-MG";"DEL07-MG";"UOP01-DEL07-MG"
745703;1671361;2025-10-14;"ter�a-feira";"23:50:00";"MG";116;782,8;"LEOPOLDINA";"Sim";"Velocidade Incompat�vel";1;"Sa�da de leito carro��vel";"Com V�timas Feridas";"Plena Noite";"Crescente";"Nublado";"Simples";"Curva";"N�o";1331582;"Caminh�o-trator";"VOLVO/FH 540 6X4T/FH 540 6X4T";2023;"Condutor";"Les�es Leves";33;"Masculino";0;1;0;0;-21,5351296;-42,6573824;"SPRF-MG";"DEL07-MG";"UOP01-DEL07-MG"
745703;NA;2025-10-14;"ter�a-feira";"23:50:00";"MG";116;782,8;"LEOPOLDINA";"N�o";"Carga excessiva e/ou mal acondicionada";2;"Tombamento";"Com V�timas Feridas";"Plena Noite";"Crescente";"Nublado";"Simples";"Curva";"N�o";1331583;"Semireboque";"REB/RODOVIARIA SR CN HI/RODOVIARIA SR CN HI";1996;NA;NA;NA;NA;NA;NA;NA;NA;-21,5351296;-42,6573824;"SPRF-MG";"DEL07-MG";"UOP01-DEL07-MG"
745703;1671361;2025-10-14;"ter�a-feira";"23:50:00";"MG";116;782,8;"LEOPOLDINA";"N�o";"Carga excessiva e/ou mal acondicionada";2;"Tombamento";"Com V�timas Feridas";"Plena Noite";"Crescente";"Nublado";"Simples";"Curva";"N�o";1331582;"Caminh�o-trator";"VOLVO/FH 540 6X4T/FH 540 6X4T";2023;"Condutor";"Les�es Leves";33;"Masculino";0;1;0;0;-21,5351296;-42,6573824;"SPRF-MG";"DEL07-MG";"UOP01-DEL07-MG"
745703;NA;2025-10-14;"ter�a-feira";"23:50:00";"MG";116;782,8;"LEOPOLDINA";"N�o";"Carga excessiva e/ou mal acondicionada";1;"Sa�da de leito carro��vel";"Com V�timas Feridas";"Plena Noite";"Crescente";"Nublado";"Simples";"Curva";"N�o";1331583;"Semireboque";"REB/RODOVIARIA SR CN HI/RODOVIARIA SR CN HI";1996;NA;NA;NA;NA;NA;NA;NA;NA;-21,5351296;-42,6573824;"SPRF-MG";"DEL07-MG";"UOP01-DEL07-MG"
745703;1671361;2025-10-14;"ter�a-feira";"23:50:00";"MG";116;782,8;"LEOPOLDINA";"N�o";"Carga excessiva e/ou mal acondicionada";1;"Sa�da de leito carro��vel";"Com V�timas Feridas";"Plena Noite";"Crescente";"Nublado";"Simples";"Curva";"N�o";1331582;"Caminh�o-trator";"VOLVO/FH 540 6X4T/FH 540 6X4T";2023;"Condutor";"Les�es Leves";33;"Masculino";0;1;0;0;-21,5351296;-42,6573824;"SPRF-MG";"DEL07-MG";"UOP01-DEL07-MG"
745705;1671373;2025-03-08;"s�bado";"13:25:00";"PI";343;2,7;"TERESINA";"N�o";"Aus�ncia de rea��o do condutor";3;"Tombamento";"Com V�timas Feridas";"Pleno dia";"Decrescente";"C�u Claro";"M�ltipla";"Rotat�ria;Reta";"Sim";1331589;"Caminhonete";"FIAT/STRADA ADVENTURE CD/STRADA ADVENTURE CD";2011;"Condutor";"Ileso";61;"Masculino";1;0;0;0;-5,08145412;-42,77526526;"SPRF-PI";"DEL05-PI";"UOP01-DEL05-PI"
745705;1671372;2025-03-08;"s�bado";"13:25:00";"PI";343;2,7;"TERESINA";"N�o";"Aus�ncia de rea��o do condutor";3;"Tombamento";"Com V�timas Feridas";"Pleno dia";"Decrescente";"C�u Claro";"M�ltipla";"Rotat�ria;Reta";"Sim";1331588;"Motocicleta";"HONDA/CG 125 FAN KS/CG 125 FAN KS";2012;"Condutor";"Les�es Graves";41;"Masculino";0;0;1;0;-5,08145412;-42,77526526;"SPRF-PI";"DEL05-PI";"UOP01-DEL05-PI"
745705;1671373;2025-03-08;"s�bado";"13:25:00";"PI";343;2,7;"TERESINA";"N�o";"Aus�ncia de rea��o do condutor";2;"Queda de ocupante de ve�culo";"Com V�timas Feridas";"Pleno dia";"Decrescente";"C�u Claro";"M�ltipla";"Rotat�ria;Reta";"Sim";1331589;"Caminhonete";"FIAT/STRADA ADVENTURE CD/STRADA ADVENTURE CD";2011;"Condutor";"Ileso";61;"Masculino";1;0;0;0;-5,08145412;-42,77526526;"SPRF-PI";"DEL05-PI";"UOP01-DEL05-PI"
745705;1671372;2025-03-08;"s�bado";"13:25:00";"PI";343;2,7;"TERESINA";"N�o";"Aus�ncia de rea��o do condutor";2;"Queda de ocupante de ve�culo";"Com V�timas Feridas";"Pleno dia";"Decrescente";"C�u Claro";"M�ltipla";"Rotat�ria;Reta";"Sim";1331588;"Motocicleta";"HONDA/CG 125 FAN KS/CG 125 FAN KS";2012;"Condutor";"Les�es Graves";41;"Masculino";0;0;1;0;-5,08145412;-42,77526526;"SPRF-PI";"DEL05-PI";"UOP01-DEL05-PI"
745705;1671373;2025-03-08;"s�bado";"13:25:00";"PI";343;2,7;"TERESINA";"N�o";"Aus�ncia de rea��o do condutor";1;"Colis�o transversal";"Com V�timas Feridas";"Pleno dia";"Decrescente";"C�u Claro";"M�ltipla";"Rotat�ria;Reta";"Sim";1331589;"Caminhonete";"FIAT/STRADA ADVENTURE CD/STRADA ADVENTURE CD";2011;"Condutor";"Ileso";61;"Masculino";1;0;0;0;-5,08145412;-42,77526526;"SPRF-PI";"DEL05-PI";"UOP01-DEL05-PI"
745705;1671372;2025-03-08;"s�bado";"13:25:00";"PI";343;2,7;"TERESINA";"N�o";"Aus�ncia de rea��o do condutor";1;"Colis�o transversal";"Com V�timas Feridas";"Pleno dia";"Decrescente";"C�u Claro";"M�ltipla";"Rotat�ria;Reta";"Sim";1331588;"Motocicleta";"HONDA/CG 125 FAN KS/CG 125 FAN KS";2012;"Condutor";"Les�es Graves";41;"Masculino";0;0;1;0;-5,08145412;-42,77526526;"SPRF-PI";"DEL05-PI";"UOP01-DEL05-PI"
745705;1671373;2025-03-08;"s�bado";"13:25:00";"PI";343;2,7;"TERESINA";"Sim";"Acessar a via sem observar a presen�a dos outros ve�culos";3;"Tombamento";"Com V�timas Feridas";"Pleno dia";"Decrescente";"C�u Claro";"M�ltipla";"Rotat�ria;Reta";"Sim";1331589;"Caminhonete";"FIAT/STRADA ADVENTURE CD/STRADA ADVENTURE CD";2011;"Condutor";"Ileso";61;"Masculino";1;0;0;0;-5,08145412;-42,77526526;"SPRF-PI";"DEL05-PI";"UOP01-DEL05-PI"
745705;1671372;2025-03-08;"s�bado";"13:25:00";"PI";343;2,7;"TERESINA";"Sim";"Acessar a via sem observar a presen�a dos outros ve�culos";3;"Tombamento";"Com V�timas Feridas";"Pleno dia";"Decrescente";"C�u Claro";"M�ltipla";"Rotat�ria;Reta";"Sim";1331588;"Motocicleta";"HONDA/CG 125 FAN KS/CG 125 FAN KS";2012;"Condutor";"Les�es Graves";41;"Masculino";0;0;1;0;-5,08145412;-42,77526526;"SPRF-PI";"DEL05-PI";"UOP01-DEL05-PI"
745705;1671373;2025-03-08;"s�bado";"13:25:00";"PI";343;2,7;"TERESINA";"Sim";"Acessar a via sem observar a presen�a dos outros ve�culos";2;"Queda de ocupante de ve�culo";"Com V�timas Feridas";"Pleno dia";"Decrescente";"C�u Claro";"M�ltipla";"Rotat�ria;Reta";"Sim";1331589;"Caminhonete";"FIAT/STRADA ADVENTURE CD/STRADA ADVENTURE CD";2011;"Condutor";"Ileso";61;"Masculino";1;0;0;0;-5,08145412;-42,77526526;"SPRF-PI";"DEL05-PI";"UOP01-DEL05-PI"
745705;1671372;2025-03-08;"s�bado";"13:25:00";"PI";343;2,7;"TERESINA";"Sim";"Acessar a via sem observar a presen�a dos outros ve�culos";2;"Queda de ocupante de ve�culo";"Com V�timas Feridas";"Pleno dia";"Decrescente";"C�u Claro";"M�ltipla";"Rotat�ria;Reta";"Sim";1331588;"Motocicleta";"HONDA/CG 125 FAN KS/CG 125 FAN KS";2012;"Condutor";"Les�es Graves";41;"Masculino";0;0;1;0;-5,08145412;-42,77526526;"SPRF-PI";"DEL05-PI";"UOP01-DEL05-PI"