"id";"pesid";"data_inversa";"dia_semana";"horario";"uf";"br";"km";"municipio";"causa_principal";"causa_acidente";"ordem_tipo_acidente";"tipo_acidente";"classificacao_acidente";"fase_dia";"sentido_via";"condicao_metereologica";"tipo_pista";"tracado_via";"uso_solo";"id_veiculo";"tipo_veiculo";"marca";"ano_fabricacao_veiculo";"tipo_envolvido";"estado_fisico";"idade";"sexo";"ilesos";"feridos_leves";"feridos_graves";"mortos";"latitude";"longitude";"regional";"delegacia";"uop"
745705;1671373;2025-03-08;"s�bado";"13:25:00";"PI";343;2,7;"TERESINA";"Sim";"Acessar a via sem observar a presen�a dos outros ve�culos";1;"Colis�o transversal";"Com V�timas Feridas";"Pleno dia";"Decrescente";"C�u Claro";"M�ltipla";"Rotat�ria;Reta";"Sim";1331589;"Caminhonete";"FIAT/STRADA ADVENTURE CD/STRADA ADVENTURE CD";2011;"Condutor";"Ileso";61;"Masculino";1;0;0;0;-5,08145412;-42,77526526;"SPRF-PI";"DEL05-PI";"UOP01-DEL05-PI"
745705;1671372;2025-03-08;"s�bado";"13:25:00";"PI";343;2,7;"TERESINA";"Sim";"Acessar a via sem observar a presen�a dos outros ve�culos";1;"Colis�o transversal";"Com V�timas Feridas";"Pleno dia";"Decrescente";"C�u Claro";"M�ltipla";"Rotat�ria;Reta";"Sim";1331588;"Motocicleta";"HONDA/CG 125 FAN KS/CG 125 FAN KS";2012;"Condutor";"Les�es Graves";41;"Masculino";0;0;1;0;-5,08145412;-42,77526526;"SPRF-PI";"DEL05-PI";"UOP01-DEL05-PI"
745705;1671373;2025-03-08;"s�bado";"13:25:00";"PI";343;2,7;"TERESINA";"N�o";"Defici�ncia do Sistema de Ilumina��o/Sinaliza��o";3;"Tombamento";"Com V�timas Feridas";"Pleno dia";"Decrescente";"C�u Claro";"M�ltipla";"Rotat�ria;Reta";"Sim";1331589;"Caminhonete";"FIAT/STRADA ADVENTURE CD/STRADA ADVENTURE CD";2011;"Condutor";"Ileso";61;"Masculino";1;0;0;0;-5,08145412;-42,77526526;"SPRF-PI";"DEL05-PI";"UOP01-DEL05-PI"
745705;1671372;2025-03-08;"s�bado";"13:25:00";"PI";343;2,7;"TERESINA";"N�o";"Defici�ncia do Sistema de Ilumina��o/Sinaliza��o";3;"Tombamento";"Com V�timas Feridas";"Pleno dia";"Decrescente";"C�u Claro";"M�ltipla";"Rotat�ria;Reta";"Sim";1331588;"Motocicleta";"HONDA/CG 125 FAN KS/CG 125 FAN KS";2012;"Condutor";"Les�es Graves";41;"Masculino";0;0;1;0;-5,08145412;-42,77526526;"SPRF-PI";"DEL05-PI";"UOP01-DEL05-PI"
745705;1671373;2025-03-08;"s�bado";"13:25:00";"PI";343;2,7;"TERESINA";"N�o";"Defici�ncia do Sistema de Ilumina��o/Sinaliza��o";2;"Queda de ocupante de ve�culo";"Com V�timas Feridas";"Pleno dia";"Decrescente";"C�u Claro";"M�ltipla";"Rotat�ria;Reta";"Sim";1331589;"Caminhonete";"FIAT/STRADA ADVENTURE CD/STRADA ADVENTURE CD";2011;"Condutor";"Ileso";61;"Masculino";1;0;0;0;-5,08145412;-42,77526526;"SPRF-PI";"DEL05-PI";"UOP01-DEL05-PI"
745705;1671372;2025-03-08;"s�bado";"13:25:00";"PI";343;2,7;"TERESINA";"N�o";"Defici�ncia do Sistema de Ilumina��o/Sinaliza��o";2;"Queda de ocupante de ve�culo";"Com V�timas Feridas";"Pleno dia";"Decrescente";"C�u Claro";"M�ltipla";"Rotat�ria;Reta";"Sim";1331588;"Motocicleta";"HONDA/CG 125 FAN KS/CG 125 FAN KS";2012;"Condutor";"Les�es Graves";41;"Masculino";0;0;1;0;-5,08145412;-42,77526526;"SPRF-PI";"DEL05-PI";"UOP01-DEL05-PI"
745705;1671373;2025-03-08;"s�bado";"13:25:00";"PI";343;2,7;"TERESINA";"N�o";"Defici�ncia do Sistema de Ilumina��o/Sinaliza��o";1;"Colis�o transversal";"Com V�timas Feridas";"Pleno dia";"Decrescente";"C�u Claro";"M�ltipla";"Rotat�ria;Reta";"Sim";1331589;"Caminhonete";"FIAT/STRADA ADVENTURE CD/STRADA ADVENTURE CD";2011;"Condutor";"Ileso";61;"Masculino";1;0;0;0;-5,08145412;-42,77526526;"SPRF-PI";"DEL05-PI";"UOP01-DEL05-PI"
745705;1671372;2025-03-08;"s�bado";"13:25:00";"PI";343;2,7;"TERESINA";"N�o";"Defici�ncia do Sistema de Ilumina��o/Sinaliza��o";1;"Colis�o transversal";"Com V�timas Feridas";"Pleno dia";"Decrescente";"C�u Claro";"M�ltipla";"Rotat�ria;Reta";"Sim";1331588;"Motocicleta";"HONDA/CG 125 FAN KS/CG 125 FAN KS";2012;"Condutor";"Les�es Graves";41;"Masculino";0;0;1;0;-5,08145412;-42,77526526;"SPRF-PI";"DEL05-PI";"UOP01-DEL05-PI"
745714;1671388;2025-09-14;"domingo";"07:30:00";"PI";343;3,4;"TERESINA";"Sim";"Condutor desrespeitou a ilumina��o vermelha do sem�foro";3;"Queda de ocupante de ve�culo";"Com V�timas Feridas";"Pleno dia";"Crescente";"C�u Claro";"Dupla";"Reta";"N�o";1331601;"Motocicleta";"HONDA/POP 110I ES/POP 110I ES";2024;"Passageiro";"Les�es Graves";19;"Feminino";0;0;1;0;-5,08088224;-42,78020952;"SPRF-PI";"DEL01-PI";"UOP01-DEL01-PI"
745714;1671387;2025-09-14;"domingo";"07:30:00";"PI";343;3,4;"TERESINA";"Sim";"Condutor desrespeitou a ilumina��o vermelha do sem�foro";3;"Queda de ocupante de ve�culo";"Com V�timas Feridas";"Pleno dia";"Crescente";"C�u Claro";"Dupla";"Reta";"N�o";1331601;"Motocicleta";"HONDA/POP 110I ES/POP 110I ES";2024;"Condutor";"Les�es Graves";32;"Feminino";0;0;1;0;-5,08088224;-42,78020952;"SPRF-PI";"DEL01-PI";"UOP01-DEL01-PI"
745714;1671386;2025-09-14;"domingo";"07:30:00";"PI";343;3,4;"TERESINA";"Sim";"Condutor desrespeitou a ilumina��o vermelha do sem�foro";3;"Queda de ocupante de ve�culo";"Com V�timas Feridas";"Pleno dia";"Crescente";"C�u Claro";"Dupla";"Reta";"N�o";1331600;"Camioneta";"RENAULT/DUSTER 16 D CVT/DUSTER 16 D CVT";2019;"Condutor";"Ileso";34;"Masculino";1;0;0;0;-5,08088224;-42,78020952;"SPRF-PI";"DEL01-PI";"UOP01-DEL01-PI"
745714;1671388;2025-09-14;"domingo";"07:30:00";"PI";343;3,4;"TERESINA";"Sim";"Condutor desrespeitou a ilumina��o vermelha do sem�foro";2;"Tombamento";"Com V�timas Feridas";"Pleno dia";"Crescente";"C�u Claro";"Dupla";"Reta";"N�o";1331601;"Motocicleta";"HONDA/POP 110I ES/POP 110I ES";2024;"Passageiro";"Les�es Graves";19;"Feminino";0;0;1;0;-5,08088224;-42,78020952;"SPRF-PI";"DEL01-PI";"UOP01-DEL01-PI"
745714;1671387;2025-09-14;"domingo";"07:30:00";"PI";343;3,4;"TERESINA";"Sim";"Condutor desrespeitou a ilumina��o vermelha do sem�foro";2;"Tombamento";"Com V�timas Feridas";"Pleno dia";"Crescente";"C�u Claro";"Dupla";"Reta";"N�o";1331601;"Motocicleta";"HONDA/POP 110I ES/POP 110I ES";2024;"Condutor";"Les�es Graves";32;"Feminino";0;0;1;0;-5,08088224;-42,78020952;"SPRF-PI";"DEL01-PI";"UOP01-DEL01-PI"
745714;1671386;2025-09-14;"domingo";"07:30:00";"PI";343;3,4;"TERESINA";"Sim";"Condutor desrespeitou a ilumina��o vermelha do sem�foro";2;"Tombamento";"Com V�timas Feridas";"Pleno dia";"Crescente";"C�u Claro";"Dupla";"Reta";"N�o";1331600;"Camioneta";"RENAULT/DUSTER 16 D CVT/DUSTER 16 D CVT";2019;"Condutor";"Ileso";34;"Masculino";1;0;0;0;-5,08088224;-42,78020952;"SPRF-PI";"DEL01-PI";"UOP01-DEL01-PI"
745714;1671388;2025-09-14;"domingo";"07:30:00";"PI";343;3,4;"TERESINA";"Sim";"Condutor desrespeitou a ilumina��o vermelha do sem�foro";1;"Colis�o transversal";"Com V�timas Feridas";"Pleno dia";"Crescente";"C�u Claro";"Dupla";"Reta";"N�o";1331601;"Motocicleta";"HONDA/POP 110I ES/POP 110I ES";2024;"Passageiro";"Les�es Graves";19;"Feminino";0;0;1;0;-5,08088224;-42,78020952;"SPRF-PI";"DEL01-PI";"UOP01-DEL01-PI"
745714;1671387;2025-09-14;"domingo";"07:30:00";"PI";343;3,4;"TERESINA";"Sim";"Condutor desrespeitou a ilumina��o vermelha do sem�foro";1;"Colis�o transversal";"Com V�timas Feridas";"Pleno dia";"Crescente";"C�u Claro";"Dupla";"Reta";"N�o";1331601;"Motocicleta";"HONDA/POP 110I ES/POP 110I ES";2024;"Condutor";"Les�es Graves";32;"Feminino";0;0;1;0;-5,08088224;-42,78020952;"SPRF-PI";"DEL01-PI";"UOP01-DEL01-PI"
745714;1671386;2025-09-14;"domingo";"07:30:00";"PI";343;3,4;"TERESINA";"Sim";"Condutor desrespeitou a ilumina��o vermelha do sem�foro";1;"Colis�o transversal";"Com V�timas Feridas";"Pleno dia";"Crescente";"C�u Claro";"Dupla";"Reta";"N�o";1331600;"Camioneta";"RENAULT/DUSTER 16 D CVT/DUSTER 16 D CVT";2019;"Condutor";"Ileso";34;"Masculino";1;0;0;0;-5,08088224;-42,78020952;"SPRF-PI";"DEL01-PI";"UOP01-DEL01-PI"
745715;1671393;2025-12-22;"segunda-feira";"07:58:00";"PB";230;22,7;"JOAO PESSOA";"Sim";"Manobra de mudan�a de faixa";4;"Queda de ocupante de ve�culo";"Com V�timas Feridas";"Pleno dia";"Crescente";"C�u Claro";"Dupla";"Reta";"Sim";1331605;"Motocicleta";"YAMAHA/YZF R15 ABS/YZF R15 ABS";2025;"Condutor";"Les�es Graves";22;"Masculino";0;0;1;0;-7,15664;-34,85745;"SPRF-PB";"DEL01-PB";"UOP01-DEL01-PB"
745715;1671392;2025-12-22;"segunda-feira";"07:58:00";"PB";230;22,7;"JOAO PESSOA";"Sim";"Manobra de mudan�a de faixa";4;"Queda de ocupante de ve�culo";"Com V�timas Feridas";"Pleno dia";"Crescente";"C�u Claro";"Dupla";"Reta";"Sim";1331604;"Autom�vel";"VW/VOYAGE HL MB S/VOYAGE HL MB S";2014;"Passageiro";"Ileso";38;"Masculino";1;0;0;0;-7,15664;-34,85745;"SPRF-PB";"DEL01-PB";"UOP01-DEL01-PB"
745715;1671391;2025-12-22;"segunda-feira";"07:58:00";"PB";230;22,7;"JOAO PESSOA";"Sim";"Manobra de mudan�a de faixa";4;"Queda de ocupante de ve�culo";"Com V�timas Feridas";"Pleno dia";"Crescente";"C�u Claro";"Dupla";"Reta";"Sim";1331604;"Autom�vel";"VW/VOYAGE HL MB S/VOYAGE HL MB S";2014;"Condutor";"Ileso";30;"Masculino";1;0;0;0;-7,15664;-34,85745;"SPRF-PB";"DEL01-PB";"UOP01-DEL01-PB"
745715;1671390;2025-12-22;"segunda-feira";"07:58:00";"PB";230;22,7;"JOAO PESSOA";"Sim";"Manobra de mudan�a de faixa";4;"Queda de ocupante de ve�culo";"Com V�timas Feridas";"Pleno dia";"Crescente";"C�u Claro";"Dupla";"Reta";"Sim";1331603;"Autom�vel";"HONDA/CITY  EX/CITY  EX";2025;"Passageiro";"Ileso";65;"Feminino";1;0;0;0;-7,15664;-34,85745;"SPRF-PB";"DEL01-PB";"UOP01-DEL01-PB"
745715;1671389;2025-12-22;"segunda-feira";"07:58:00";"PB";230;22,7;"JOAO PESSOA";"Sim";"Manobra de mudan�a de faixa";4;"Queda de ocupante de ve�culo";"Com V�timas Feridas";"Pleno dia";"Crescente";"C�u Claro";"Dupla";"Reta";"Sim";1331603;"Autom�vel";"HONDA/CITY  EX/CITY  EX";2025;"Condutor";"Ileso";72;"Masculino";1;0;0;0;-7,15664;-34,85745;"SPRF-PB";"DEL01-PB";"UOP01-DEL01-PB"
745715;1671393;2025-12-22;"segunda-feira";"07:58:00";"PB";230;22,7;"JOAO PESSOA";"Sim";"Manobra de mudan�a de faixa";3;"Tombamento";"Com V�timas Feridas";"Pleno dia";"Crescente";"C�u Claro";"Dupla";"Reta";"Sim";1331605;"Motocicleta";"YAMAHA/YZF R15 ABS/YZF R15 ABS";2025;"Condutor";"Les�es Graves";22;"Masculino";0;0;1;0;-7,15664;-34,85745;"SPRF-PB";"DEL01-PB";"UOP01-DEL01-PB"
745715;1671392;2025-12-22;"segunda-feira";"07:58:00";"PB";230;22,7;"JOAO PESSOA";"Sim";"Manobra de mudan�a de faixa";3;"Tombamento";"Com V�timas Feridas";"Pleno dia";"Crescente";"C�u Claro";"Dupla";"Reta";"Sim";1331604;"Autom�vel";"VW/VOYAGE HL MB S/VOYAGE HL MB S";2014;"Passageiro";"Ileso";38;"Masculino";1;0;0;0;-7,15664;-34,85745;"SPRF-PB";"DEL01-PB";"UOP01-DEL01-PB"
745715;1671391;2025-12-22;"segunda-feira";"07:58:00";"PB";230;22,7;"JOAO PESSOA";"Sim";"Manobra de mudan�a de faixa";3;"Tombamento";"Com V�timas Feridas";"Pleno dia";"Crescente";"C�u Claro";"Dupla";"Reta";"Sim";1331604;"Autom�vel";"VW/VOYAGE HL MB S/VOYAGE HL MB S";2014;"Condutor";"Ileso";30;"Masculino";1;0;0;0;-7,15664;-34,85745;"SPRF-PB";"DEL01-PB";"UOP01-DEL01-PB"
745715;1671390;2025-12-22;"segunda-feira";"07:58:00";"PB";230;22,7;"JOAO PESSOA";"Sim";"Manobra de mudan�a de faixa";3;"Tombamento";"Com V�timas Feridas";"Pleno dia";"Crescente";"C�u Claro";"Dupla";"Reta";"Sim";1331603;"Autom�vel";"HONDA/CITY  EX/CITY  EX";2025;"Passageiro";"Ileso";65;"Feminino";1;0;0;0;-7,15664;-34,85745;"SPRF-PB";"DEL01-PB";"UOP01-DEL01-PB"
745715;1671389;2025-12-22;"segunda-feira";"07:58:00";"PB";230;22,7;"JOAO PESSOA";"Sim";"Manobra de mudan�a de faixa";3;"Tombamento";"Com V�timas Feridas";"Pleno dia";"Crescente";"C�u Claro";"Dupla";"Reta";"Sim";1331603;"Autom�vel";"HONDA/CITY  EX/CITY  EX";2025;"Condutor";"Ileso";72;"Masculino";1;0;0;0;-7,15664;-34,85745;"SPRF-PB";"DEL01-PB";"UOP01-DEL01-PB"
745715;1671393;2025-12-22;"segunda-feira";"07:58:00";"PB";230;22,7;"JOAO PESSOA";"Sim";"Manobra de mudan�a de faixa";2;"Colis�o lateral mesmo sentido";"Com V�timas Feridas";"Pleno dia";"Crescente";"C�u Claro";"Dupla";"Reta";"Sim";1331605;"Motocicleta";"YAMAHA/YZF R15 ABS/YZF R15 ABS";2025;"Condutor";"Les�es Graves";22;"Masculino";0;0;1;0;-7,15664;-34,85745;"SPRF-PB";"DEL01-PB";"UOP01-DEL01-PB"
745715;1671392;2025-12-22;"segunda-feira";"07:58:00";"PB";230;22,7;"JOAO PESSOA";"Sim";"Manobra de mudan�a de faixa";2;"Colis�o lateral mesmo sentido";"Com V�timas Feridas";"Pleno dia";"Crescente";"C�u Claro";"Dupla";"Reta";"Sim";1331604;"Autom�vel";"VW/VOYAGE HL MB S/VOYAGE HL MB S";2014;"Passageiro";"Ileso";38;"Masculino";1;0;0;0;-7,15664;-34,85745;"SPRF-PB";"DEL01-PB";"UOP01-DEL01-PB"
745715;1671391;2025-12-22;"segunda-feira";"07:58:00";"PB";230;22,7;"JOAO PESSOA";"Sim";"Manobra de mudan�a de faixa";2;"Colis�o lateral mesmo sentido";"Com V�timas Feridas";"Pleno dia";"Crescente";"C�u Claro";"Dupla";"Reta";"Sim";1331604;"Autom�vel";"VW/VOYAGE HL MB S/VOYAGE HL MB S";2014;"Condutor";"Ileso";30;"Masculino";1;0;0;0;-7,15664;-34,85745;"SPRF-PB";"DEL01-PB";"UOP01-DEL01-PB"
745715;1671390;2025-12-22;"segunda-feira";"07:58:00";"PB";230;22,7;"JOAO PESSOA";"Sim";"Manobra de mudan�a de faixa";2;"Colis�o lateral mesmo sentido";"Com V�timas Feridas";"Pleno dia";"Crescente";"C�u Claro";"Dupla";"Reta";"Sim";1331603;"Autom�vel";"HONDA/CITY  EX/CITY  EX";2025;"Passageiro";"Ileso";65;"Feminino";1;0;0;0;-7,15664;-34,85745;"SPRF-PB";"DEL01-PB";"UOP01-DEL01-PB"
745715;1671389;2025-12-22;"segunda-feira";"07:58:00";"PB";230;22,7;"JOAO PESSOA";"Sim";"Manobra de mudan�a de faixa";2;"Colis�o lateral mesmo sentido";"Com V�timas Feridas";"Pleno dia";"Crescente";"C�u Claro";"Dupla";"Reta";"Sim";1331603;"Autom�vel";"HONDA/CITY  EX/CITY  EX";2025;"Condutor";"Ileso";72;"Masculino";1;0;0;0;-7,15664;-34,85745;"SPRF-PB";"DEL01-PB";"UOP01-DEL01-PB"
745715;1671393;2025-12-22;"segunda-feira";"07:58:00";"PB";230;22,7;"JOAO PESSOA";"Sim";"Manobra de mudan�a de faixa";1;"Colis�o traseira";"Com V�timas Feridas";"Pleno dia";"Crescente";"C�u Claro";"Dupla";"Reta";"Sim";1331605;"Motocicleta";"YAMAHA/YZF R15 ABS/YZF R15 ABS";2025;"Condutor";"Les�es Graves";22;"Masculino";0;0;1;0;-7,15664;-34,85745;"SPRF-PB";"DEL01-PB";"UOP01-DEL01-PB"
745715;1671392;2025-12-22;"segunda-feira";"07:58:00";"PB";230;22,7;"JOAO PESSOA";"Sim";"Manobra de mudan�a de faixa";1;"Colis�o traseira";"Com V�timas Feridas";"Pleno dia";"Crescente";"C�u Claro";"Dupla";"Reta";"Sim";1331604;"Autom�vel";"VW/VOYAGE HL MB S/VOYAGE HL MB S";2014;"Passageiro";"Ileso";38;"Masculino";1;0;0;0;-7,15664;-34,85745;"SPRF-PB";"DEL01-PB";"UOP01-DEL01-PB"
745715;1671391;2025-12-22;"segunda-feira";"07:58:00";"PB";230;22,7;"JOAO PESSOA";"Sim";"Manobra de mudan�a de faixa";1;"Colis�o traseira";"Com V�timas Feridas";"Pleno dia";"Crescente";"C�u Claro";"Dupla";"Reta";"Sim";1331604;"Autom�vel";"VW/VOYAGE HL MB S/VOYAGE HL MB S";2014;"Condutor";"Ileso";30;"Masculino";1;0;0;0;-7,15664;-34,85745;"SPRF-PB";"DEL01-PB";"UOP01-DEL01-PB"
745715;1671390;2025-12-22;"segunda-feira";"07:58:00";"PB";230;22,7;"JOAO PESSOA";"Sim";"Manobra de mudan�a de faixa";1;"Colis�o traseira";"Com V�timas Feridas";"Pleno dia";"Crescente";"C�u Claro";"Dupla";"Reta";"Sim";1331603;"Autom�vel";"HONDA/CITY  EX/CITY  EX";2025;"Passageiro";"Ileso";65;"Feminino";1;0;0;0;-7,15664;-34,85745;"SPRF-PB";"DEL01-PB";"UOP01-DEL01-PB"
745715;1671389;2025-12-22;"segunda-feira";"07:58:00";"PB";230;22,7;"JOAO PESSOA";"Sim";"Manobra de mudan�a de faixa";1;"Colis�o traseira";"Com V�timas Feridas";"Pleno dia";"Crescente";"C�u Claro";"Dupla";"Reta";"Sim";1331603;"Autom�vel";"HONDA/CITY  EX/CITY  EX";2025;"Condutor";"Ileso";72;"Masculino";1;0;0;0;-7,15664;-34,85745;"SPRF-PB";"DEL01-PB";"UOP01-DEL01-PB"
745752;NA;2025-10-17;"sexta-feira";"17:30:00";"PR";376;185,6;"SARANDI";"Sim";"Demais falhas mec�nicas ou el�tricas";2;"Colis�o transversal";"Sem V�timas";"Pleno dia";"Decrescente";"Nublado";"Dupla";"Reta";"N�o";1331693;"Semireboque";"SR/RANDON SR FG/RANDON SR FG";2006;NA;NA;NA;NA;NA;NA;NA;NA;-23,451113;-51,854608;"SPRF-PR";"DEL09-PR";"UOP01-DEL09-PR"
745752;1671488;2025-10-17;"sexta-feira";"17:30:00";"PR";376;185,6;"SARANDI";"Sim";"Demais falhas mec�nicas ou el�tricas";2;"Colis�o transversal";"Sem V�timas";"Pleno dia";"Decrescente";"Nublado";"Dupla";"Reta";"N�o";1331692;"Utilit�rio";"CAOACHERY/TIGGO8 16TA/TIGGO8 16TA";2023;"Condutor";"Ileso";57;"Masculino";1;0;0;0;-23,451113;-51,854608;"SPRF-PR";"DEL09-PR";"UOP01-DEL09-PR"
745752;1671487;2025-10-17;"sexta-feira";"17:30:00";"PR";376;185,6;"SARANDI";"Sim";"Demais falhas mec�nicas ou el�tricas";2;"Colis�o transversal";"Sem V�timas";"Pleno dia";"Decrescente";"Nublado";"Dupla";"Reta";"N�o";1331691;"Caminh�o-trator";"VOLVO/FH 440 6X2T/FH 440 6X2T";2008;"Condutor";"Ileso";71;"Masculino";1;0;0;0;-23,451113;-51,854608;"SPRF-PR";"DEL09-PR";"UOP01-DEL09-PR"
745752;NA;2025-10-17;"sexta-feira";"17:30:00";"PR";376;185,6;"SARANDI";"Sim";"Demais falhas mec�nicas ou el�tricas";1;"Colis�o lateral mesmo sentido";"Sem V�timas";"Pleno dia";"Decrescente";"Nublado";"Dupla";"Reta";"N�o";1331693;"Semireboque";"SR/RANDON SR FG/RANDON SR FG";2006;NA;NA;NA;NA;NA;NA;NA;NA;-23,451113;-51,854608;"SPRF-PR";"DEL09-PR";"UOP01-DEL09-PR"
745752;1671488;2025-10-17;"sexta-feira";"17:30:00";"PR";376;185,6;"SARANDI";"Sim";"Demais falhas mec�nicas ou el�tricas";1;"Colis�o lateral mesmo sentido";"Sem V�timas";"Pleno dia";"Decrescente";"Nublado";"Dupla";"Reta";"N�o";1331692;"Utilit�rio";"CAOACHERY/TIGGO8 16TA/TIGGO8 16TA";2023;"Condutor";"Ileso";57;"Masculino";1;0;0;0;-23,451113;-51,854608;"SPRF-PR";"DEL09-PR";"UOP01-DEL09-PR"
745752;1671487;2025-10-17;"sexta-feira";"17:30:00";"PR";376;185,6;"SARANDI";"Sim";"Demais falhas mec�nicas ou el�tricas";1;"Colis�o lateral mesmo sentido";"Sem V�timas";"Pleno dia";"Decrescente";"Nublado";"Dupla";"Reta";"N�o";1331691;"Caminh�o-trator";"VOLVO/FH 440 6X2T/FH 440 6X2T";2008;"Condutor";"Ileso";71;"Masculino";1;0;0;0;-23,451113;-51,854608;"SPRF-PR";"DEL09-PR";"UOP01-DEL09-PR"
745768;1671526;2025-12-08;"segunda-feira";"12:30:00";"PI";343;326,4;"TERESINA";"N�o";"Manobra de mudan�a de faixa";2;"Sa�da de leito carro��vel";"Com V�timas Feridas";"Pleno dia";"Decrescente";"C�u Claro";"Simples";"Reta";"N�o";1331726;"Caminhonete";"CHEVROLET/S10 LT DD4A/S10 LT DD4A";2015;"Condutor";"Les�es Leves";48;"Masculino";0;1;0;0;-5,070503;-42,62022;"SPRF-PI";"DEL01-PI";"UOP01-DEL01-PI"
745768;1671525;2025-12-08;"segunda-feira";"12:30:00";"PI";343;326,4;"TERESINA";"N�o";"Manobra de mudan�a de faixa";2;"Sa�da de leito carro��vel";"Com V�timas Feridas";"Pleno dia";"Decrescente";"C�u Claro";"Simples";"Reta";"N�o";1331725;"Autom�vel";"FIAT/UNO MILLE FIRE/UNO MILLE FIRE";2005;"Passageiro";"Les�es Graves";72;"Feminino";0;0;1;0;-5,070503;-42,62022;"SPRF-PI";"DEL01-PI";"UOP01-DEL01-PI"
745768;1671524;2025-12-08;"segunda-feira";"12:30:00";"PI";343;326,4;"TERESINA";"N�o";"Manobra de mudan�a de faixa";2;"Sa�da de leito carro��vel";"Com V�timas Feridas";"Pleno dia";"Decrescente";"C�u Claro";"Simples";"Reta";"N�o";1331725;"Autom�vel";"FIAT/UNO MILLE FIRE/UNO MILLE FIRE";2005;"Condutor";"Les�es Graves";70;"Masculino";0;0;1;0;-5,070503;-42,62022;"SPRF-PI";"DEL01-PI";"UOP01-DEL01-PI"
745768;1671526;2025-12-08;"segunda-feira";"12:30:00";"PI";343;326,4;"TERESINA";"N�o";"Manobra de mudan�a de faixa";1;"Colis�o lateral sentido oposto";"Com V�timas Feridas";"Pleno dia";"Decrescente";"C�u Claro";"Simples";"Reta";"N�o";1331726;"Caminhonete";"CHEVROLET/S10 LT DD4A/S10 LT DD4A";2015;"Condutor";"Les�es Leves";48;"Masculino";0;1;0;0;-5,070503;-42,62022;"SPRF-PI";"DEL01-PI";"UOP01-DEL01-PI"
745768;1671525;2025-12-08;"segunda-feira";"12:30:00";"PI";343;326,4;"TERESINA";"N�o";"Manobra de mudan�a de faixa";1;"Colis�o lateral sentido oposto";"Com V�timas Feridas";"Pleno dia";"Decrescente";"C�u Claro";"Simples";"Reta";"N�o";1331725;"Autom�vel";"FIAT/UNO MILLE FIRE/UNO MILLE FIRE";2005;"Passageiro";"Les�es Graves";72;"Feminino";0;0;1;0;-5,070503;-42,62022;"SPRF-PI";"DEL01-PI";"UOP01-DEL01-PI"
745768;1671524;2025-12-08;"segunda-feira";"12:30:00";"PI";343;326,4;"TERESINA";"N�o";"Manobra de mudan�a de faixa";1;"Colis�o lateral sentido oposto";"Com V�timas Feridas";"Pleno dia";"Decrescente";"C�u Claro";"Simples";"Reta";"N�o";1331725;"Autom�vel";"FIAT/UNO MILLE FIRE/UNO MILLE FIRE";2005;"Condutor";"Les�es Graves";70;"Masculino";0;0;1;0;-5,070503;-42,62022;"SPRF-PI";"DEL01-PI";"UOP01-DEL01-PI"
745768;1671526;2025-12-08;"segunda-feira";"12:30:00";"PI";343;326,4;"TERESINA";"Sim";"Ingest�o de �lcool pelo condutor";2;"Sa�da de leito carro��vel";"Com V�timas Feridas";"Pleno dia";"Decrescente";"C�u Claro";"Simples";"Reta";"N�o";1331726;"Caminhonete";"CHEVROLET/S10 LT DD4A/S10 LT DD4A";2015;"Condutor";"Les�es Leves";48;"Masculino";0;1;0;0;-5,070503;-42,62022;"SPRF-PI";"DEL01-PI";"UOP01-DEL01-PI"
745768;1671525;2025-12-08;"segunda-feira";"12:30:00";"PI";343;326,4;"TERESINA";"Sim";"Ingest�o de �lcool pelo condutor";2;"Sa�da de leito carro��vel";"Com V�timas Feridas";"Pleno dia";"Decrescente";"C�u Claro";"Simples";"Reta";"N�o";1331725;"Autom�vel";"FIAT/UNO MILLE FIRE/UNO MILLE FIRE";2005;"Passageiro";"Les�es Graves";72;"Feminino";0;0;1;0;-5,070503;-42,62022;"SPRF-PI";"DEL01-PI";"UOP01-DEL01-PI"
745768;1671524;2025-12-08;"segunda-feira";"12:30:00";"PI";343;326,4;"TERESINA";"Sim";"Ingest�o de �lcool pelo condutor";2;"Sa�da de leito carro��vel";"Com V�timas Feridas";"Pleno dia";"Decrescente";"C�u Claro";"Simples";"Reta";"N�o";1331725;"Autom�vel";"FIAT/UNO MILLE FIRE/UNO MILLE FIRE";2005;"Condutor";"Les�es Graves";70;"Masculino";0;0;1;0;-5,070503;-42,62022;"SPRF-PI";"DEL01-PI";"UOP01-DEL01-PI"
745768;1671526;2025-12-08;"segunda-feira";"12:30:00";"PI";343;326,4;"TERESINA";"Sim";"Ingest�o de �lcool pelo condutor";1;"Colis�o lateral sentido oposto";"Com V�timas Feridas";"Pleno dia";"Decrescente";"C�u Claro";"Simples";"Reta";"N�o";1331726;"Caminhonete";"CHEVROLET/S10 LT DD4A/S10 LT DD4A";2015;"Condutor";"Les�es Leves";48;"Masculino";0;1;0;0;-5,070503;-42,62022;"SPRF-PI";"DEL01-PI";"UOP01-DEL01-PI"
745768;1671525;2025-12-08;"segunda-feira";"12:30:00";"PI";343;326,4;"TERESINA";"Sim";"Ingest�o de �lcool pelo condutor";1;"Colis�o lateral sentido oposto";"Com V�timas Feridas";"Pleno dia";"Decrescente";"C�u Claro";"Simples";"Reta";"N�o";1331725;"Autom�vel";"FIAT/UNO MILLE FIRE/UNO MILLE FIRE";2005;"Passageiro";"Les�es Graves";72;"Feminino";0;0;1;0;-5,070503;-42,62022;"SPRF-PI";"DEL01-PI";"UOP01-DEL01-PI"