"id";"pesid";"data_inversa";"dia_semana";"horario";"uf";"br";"km";"municipio";"causa_principal";"causa_acidente";"ordem_tipo_acidente";"tipo_acidente";"classificacao_acidente";"fase_dia";"sentido_via";"condicao_metereologica";"tipo_pista";"tracado_via";"uso_solo";"id_veiculo";"tipo_veiculo";"marca";"ano_fabricacao_veiculo";"tipo_envolvido";"estado_fisico";"idade";"sexo";"ilesos";"feridos_leves";"feridos_graves";"mortos";"latitude";"longitude";"regional";"delegacia";"uop"
745768;1671524;2025-12-08;"segunda-feira";"12:30:00";"PI";343;326,4;"TERESINA";"Sim";"Ingest�o de �lcool pelo condutor";1;"Colis�o lateral sentido oposto";"Com V�timas Feridas";"Pleno dia";"Decrescente";"C�u Claro";"Simples";"Reta";"N�o";1331725;"Autom�vel";"FIAT/UNO MILLE FIRE/UNO MILLE FIRE";2005;"Condutor";"Les�es Graves";70;"Masculino";0;0;1;0;-5,070503;-42,62022;"SPRF-PI";"DEL01-PI";"UOP01-DEL01-PI"
745784;1671595;2025-12-26;"sexta-feira";"13:10:00";"MG";267;59;"GUARARA";"N�o";"Falta de acostamento";2;"Capotamento";"Com V�timas Feridas";"Pleno dia";"Decrescente";"C�u Claro";"Simples";"Reta";"N�o";1331759;"Autom�vel";"HYUNDAI/HB20 10M COMFORT/HB20 10M COMFORT";2025;"Condutor";"Ileso";28;"Masculino";1;0;0;0;-21,71875954;-43,02876949;"SPRF-MG";"DEL07-MG";"UOP01-DEL07-MG"
745784;1671598;2025-12-26;"sexta-feira";"13:10:00";"MG";267;59;"GUARARA";"N�o";"Falta de acostamento";2;"Capotamento";"Com V�timas Feridas";"Pleno dia";"Decrescente";"C�u Claro";"Simples";"Reta";"N�o";1331758;"Autom�vel";"I/M.BENZ C 180 CGI/M.BENZ C 180 CGI";2011;"Passageiro";"Les�es Leves";17;"Feminino";0;1;0;0;-21,71875954;-43,02876949;"SPRF-MG";"DEL07-MG";"UOP01-DEL07-MG"
745784;1671597;2025-12-26;"sexta-feira";"13:10:00";"MG";267;59;"GUARARA";"N�o";"Falta de acostamento";2;"Capotamento";"Com V�timas Feridas";"Pleno dia";"Decrescente";"C�u Claro";"Simples";"Reta";"N�o";1331758;"Autom�vel";"I/M.BENZ C 180 CGI/M.BENZ C 180 CGI";2011;"Passageiro";"Ileso";18;"Feminino";1;0;0;0;-21,71875954;-43,02876949;"SPRF-MG";"DEL07-MG";"UOP01-DEL07-MG"
745784;1671596;2025-12-26;"sexta-feira";"13:10:00";"MG";267;59;"GUARARA";"N�o";"Falta de acostamento";2;"Capotamento";"Com V�timas Feridas";"Pleno dia";"Decrescente";"C�u Claro";"Simples";"Reta";"N�o";1331758;"Autom�vel";"I/M.BENZ C 180 CGI/M.BENZ C 180 CGI";2011;"Passageiro";"Ileso";40;"Feminino";1;0;0;0;-21,71875954;-43,02876949;"SPRF-MG";"DEL07-MG";"UOP01-DEL07-MG"
745784;1671594;2025-12-26;"sexta-feira";"13:10:00";"MG";267;59;"GUARARA";"N�o";"Falta de acostamento";2;"Capotamento";"Com V�timas Feridas";"Pleno dia";"Decrescente";"C�u Claro";"Simples";"Reta";"N�o";1331758;"Autom�vel";"I/M.BENZ C 180 CGI/M.BENZ C 180 CGI";2011;"Condutor";"Ileso";55;"Masculino";1;0;0;0;-21,71875954;-43,02876949;"SPRF-MG";"DEL07-MG";"UOP01-DEL07-MG"
745784;1671595;2025-12-26;"sexta-feira";"13:10:00";"MG";267;59;"GUARARA";"N�o";"Falta de acostamento";1;"Colis�o transversal";"Com V�timas Feridas";"Pleno dia";"Decrescente";"C�u Claro";"Simples";"Reta";"N�o";1331759;"Autom�vel";"HYUNDAI/HB20 10M COMFORT/HB20 10M COMFORT";2025;"Condutor";"Ileso";28;"Masculino";1;0;0;0;-21,71875954;-43,02876949;"SPRF-MG";"DEL07-MG";"UOP01-DEL07-MG"
745784;1671598;2025-12-26;"sexta-feira";"13:10:00";"MG";267;59;"GUARARA";"N�o";"Falta de acostamento";1;"Colis�o transversal";"Com V�timas Feridas";"Pleno dia";"Decrescente";"C�u Claro";"Simples";"Reta";"N�o";1331758;"Autom�vel";"I/M.BENZ C 180 CGI/M.BENZ C 180 CGI";2011;"Passageiro";"Les�es Leves";17;"Feminino";0;1;0;0;-21,71875954;-43,02876949;"SPRF-MG";"DEL07-MG";"UOP01-DEL07-MG"
745784;1671597;2025-12-26;"sexta-feira";"13:10:00";"MG";267;59;"GUARARA";"N�o";"Falta de acostamento";1;"Colis�o transversal";"Com V�timas Feridas";"Pleno dia";"Decrescente";"C�u Claro";"Simples";"Reta";"N�o";1331758;"Autom�vel";"I/M.BENZ C 180 CGI/M.BENZ C 180 CGI";2011;"Passageiro";"Ileso";18;"Feminino";1;0;0;0;-21,71875954;-43,02876949;"SPRF-MG";"DEL07-MG";"UOP01-DEL07-MG"
745784;1671596;2025-12-26;"sexta-feira";"13:10:00";"MG";267;59;"GUARARA";"N�o";"Falta de acostamento";1;"Colis�o transversal";"Com V�timas Feridas";"Pleno dia";"Decrescente";"C�u Claro";"Simples";"Reta";"N�o";1331758;"Autom�vel";"I/M.BENZ C 180 CGI/M.BENZ C 180 CGI";2011;"Passageiro";"Ileso";40;"Feminino";1;0;0;0;-21,71875954;-43,02876949;"SPRF-MG";"DEL07-MG";"UOP01-DEL07-MG"
745784;1671594;2025-12-26;"sexta-feira";"13:10:00";"MG";267;59;"GUARARA";"N�o";"Falta de acostamento";1;"Colis�o transversal";"Com V�timas Feridas";"Pleno dia";"Decrescente";"C�u Claro";"Simples";"Reta";"N�o";1331758;"Autom�vel";"I/M.BENZ C 180 CGI/M.BENZ C 180 CGI";2011;"Condutor";"Ileso";55;"Masculino";1;0;0;0;-21,71875954;-43,02876949;"SPRF-MG";"DEL07-MG";"UOP01-DEL07-MG"
745784;1671595;2025-12-26;"sexta-feira";"13:10:00";"MG";267;59;"GUARARA";"N�o";"Convers�o proibida";2;"Capotamento";"Com V�timas Feridas";"Pleno dia";"Decrescente";"C�u Claro";"Simples";"Reta";"N�o";1331759;"Autom�vel";"HYUNDAI/HB20 10M COMFORT/HB20 10M COMFORT";2025;"Condutor";"Ileso";28;"Masculino";1;0;0;0;-21,71875954;-43,02876949;"SPRF-MG";"DEL07-MG";"UOP01-DEL07-MG"
745784;1671598;2025-12-26;"sexta-feira";"13:10:00";"MG";267;59;"GUARARA";"N�o";"Convers�o proibida";2;"Capotamento";"Com V�timas Feridas";"Pleno dia";"Decrescente";"C�u Claro";"Simples";"Reta";"N�o";1331758;"Autom�vel";"I/M.BENZ C 180 CGI/M.BENZ C 180 CGI";2011;"Passageiro";"Les�es Leves";17;"Feminino";0;1;0;0;-21,71875954;-43,02876949;"SPRF-MG";"DEL07-MG";"UOP01-DEL07-MG"
745784;1671597;2025-12-26;"sexta-feira";"13:10:00";"MG";267;59;"GUARARA";"N�o";"Convers�o proibida";2;"Capotamento";"Com V�timas Feridas";"Pleno dia";"Decrescente";"C�u Claro";"Simples";"Reta";"N�o";1331758;"Autom�vel";"I/M.BENZ C 180 CGI/M.BENZ C 180 CGI";2011;"Passageiro";"Ileso";18;"Feminino";1;0;0;0;-21,71875954;-43,02876949;"SPRF-MG";"DEL07-MG";"UOP01-DEL07-MG"
745784;1671596;2025-12-26;"sexta-feira";"13:10:00";"MG";267;59;"GUARARA";"N�o";"Convers�o proibida";2;"Capotamento";"Com V�timas Feridas";"Pleno dia";"Decrescente";"C�u Claro";"Simples";"Reta";"N�o";1331758;"Autom�vel";"I/M.BENZ C 180 CGI/M.BENZ C 180 CGI";2011;"Passageiro";"Ileso";40;"Feminino";1;0;0;0;-21,71875954;-43,02876949;"SPRF-MG";"DEL07-MG";"UOP01-DEL07-MG"
745784;1671594;2025-12-26;"sexta-feira";"13:10:00";"MG";267;59;"GUARARA";"N�o";"Convers�o proibida";2;"Capotamento";"Com V�timas Feridas";"Pleno dia";"Decrescente";"C�u Claro";"Simples";"Reta";"N�o";1331758;"Autom�vel";"I/M.BENZ C 180 CGI/M.BENZ C 180 CGI";2011;"Condutor";"Ileso";55;"Masculino";1;0;0;0;-21,71875954;-43,02876949;"SPRF-MG";"DEL07-MG";"UOP01-DEL07-MG"
745784;1671595;2025-12-26;"sexta-feira";"13:10:00";"MG";267;59;"GUARARA";"N�o";"Convers�o proibida";1;"Colis�o transversal";"Com V�timas Feridas";"Pleno dia";"Decrescente";"C�u Claro";"Simples";"Reta";"N�o";1331759;"Autom�vel";"HYUNDAI/HB20 10M COMFORT/HB20 10M COMFORT";2025;"Condutor";"Ileso";28;"Masculino";1;0;0;0;-21,71875954;-43,02876949;"SPRF-MG";"DEL07-MG";"UOP01-DEL07-MG"
745784;1671598;2025-12-26;"sexta-feira";"13:10:00";"MG";267;59;"GUARARA";"N�o";"Convers�o proibida";1;"Colis�o transversal";"Com V�timas Feridas";"Pleno dia";"Decrescente";"C�u Claro";"Simples";"Reta";"N�o";1331758;"Autom�vel";"I/M.BENZ C 180 CGI/M.BENZ C 180 CGI";2011;"Passageiro";"Les�es Leves";17;"Feminino";0;1;0;0;-21,71875954;-43,02876949;"SPRF-MG";"DEL07-MG";"UOP01-DEL07-MG"
745784;1671597;2025-12-26;"sexta-feira";"13:10:00";"MG";267;59;"GUARARA";"N�o";"Convers�o proibida";1;"Colis�o transversal";"Com V�timas Feridas";"Pleno dia";"Decrescente";"C�u Claro";"Simples";"Reta";"N�o";1331758;"Autom�vel";"I/M.BENZ C 180 CGI/M.BENZ C 180 CGI";2011;"Passageiro";"Ileso";18;"Feminino";1;0;0;0;-21,71875954;-43,02876949;"SPRF-MG";"DEL07-MG";"UOP01-DEL07-MG"
745784;1671596;2025-12-26;"sexta-feira";"13:10:00";"MG";267;59;"GUARARA";"N�o";"Convers�o proibida";1;"Colis�o transversal";"Com V�timas Feridas";"Pleno dia";"Decrescente";"C�u Claro";"Simples";"Reta";"N�o";1331758;"Autom�vel";"I/M.BENZ C 180 CGI/M.BENZ C 180 CGI";2011;"Passageiro";"Ileso";40;"Feminino";1;0;0;0;-21,71875954;-43,02876949;"SPRF-MG";"DEL07-MG";"UOP01-DEL07-MG"
745784;1671594;2025-12-26;"sexta-feira";"13:10:00";"MG";267;59;"GUARARA";"N�o";"Convers�o proibida";1;"Colis�o transversal";"Com V�timas Feridas";"Pleno dia";"Decrescente";"C�u Claro";"Simples";"Reta";"N�o";1331758;"Autom�vel";"I/M.BENZ C 180 CGI/M.BENZ C 180 CGI";2011;"Condutor";"Ileso";55;"Masculino";1;0;0;0;-21,71875954;-43,02876949;"SPRF-MG";"DEL07-MG";"UOP01-DEL07-MG"
745784;1671595;2025-12-26;"sexta-feira";"13:10:00";"MG";267;59;"GUARARA";"Sim";"Ultrapassagem Indevida";2;"Capotamento";"Com V�timas Feridas";"Pleno dia";"Decrescente";"C�u Claro";"Simples";"Reta";"N�o";1331759;"Autom�vel";"HYUNDAI/HB20 10M COMFORT/HB20 10M COMFORT";2025;"Condutor";"Ileso";28;"Masculino";1;0;0;0;-21,71875954;-43,02876949;"SPRF-MG";"DEL07-MG";"UOP01-DEL07-MG"
745784;1671598;2025-12-26;"sexta-feira";"13:10:00";"MG";267;59;"GUARARA";"Sim";"Ultrapassagem Indevida";2;"Capotamento";"Com V�timas Feridas";"Pleno dia";"Decrescente";"C�u Claro";"Simples";"Reta";"N�o";1331758;"Autom�vel";"I/M.BENZ C 180 CGI/M.BENZ C 180 CGI";2011;"Passageiro";"Les�es Leves";17;"Feminino";0;1;0;0;-21,71875954;-43,02876949;"SPRF-MG";"DEL07-MG";"UOP01-DEL07-MG"
745784;1671597;2025-12-26;"sexta-feira";"13:10:00";"MG";267;59;"GUARARA";"Sim";"Ultrapassagem Indevida";2;"Capotamento";"Com V�timas Feridas";"Pleno dia";"Decrescente";"C�u Claro";"Simples";"Reta";"N�o";1331758;"Autom�vel";"I/M.BENZ C 180 CGI/M.BENZ C 180 CGI";2011;"Passageiro";"Ileso";18;"Feminino";1;0;0;0;-21,71875954;-43,02876949;"SPRF-MG";"DEL07-MG";"UOP01-DEL07-MG"
745784;1671596;2025-12-26;"sexta-feira";"13:10:00";"MG";267;59;"GUARARA";"Sim";"Ultrapassagem Indevida";2;"Capotamento";"Com V�timas Feridas";"Pleno dia";"Decrescente";"C�u Claro";"Simples";"Reta";"N�o";1331758;"Autom�vel";"I/M.BENZ C 180 CGI/M.BENZ C 180 CGI";2011;"Passageiro";"Ileso";40;"Feminino";1;0;0;0;-21,71875954;-43,02876949;"SPRF-MG";"DEL07-MG";"UOP01-DEL07-MG"
745784;1671594;2025-12-26;"sexta-feira";"13:10:00";"MG";267;59;"GUARARA";"Sim";"Ultrapassagem Indevida";2;"Capotamento";"Com V�timas Feridas";"Pleno dia";"Decrescente";"C�u Claro";"Simples";"Reta";"N�o";1331758;"Autom�vel";"I/M.BENZ C 180 CGI/M.BENZ C 180 CGI";2011;"Condutor";"Ileso";55;"Masculino";1;0;0;0;-21,71875954;-43,02876949;"SPRF-MG";"DEL07-MG";"UOP01-DEL07-MG"
745784;1671595;2025-12-26;"sexta-feira";"13:10:00";"MG";267;59;"GUARARA";"Sim";"Ultrapassagem Indevida";1;"Colis�o transversal";"Com V�timas Feridas";"Pleno dia";"Decrescente";"C�u Claro";"Simples";"Reta";"N�o";1331759;"Autom�vel";"HYUNDAI/HB20 10M COMFORT/HB20 10M COMFORT";2025;"Condutor";"Ileso";28;"Masculino";1;0;0;0;-21,71875954;-43,02876949;"SPRF-MG";"DEL07-MG";"UOP01-DEL07-MG"
745784;1671598;2025-12-26;"sexta-feira";"13:10:00";"MG";267;59;"GUARARA";"Sim";"Ultrapassagem Indevida";1;"Colis�o transversal";"Com V�timas Feridas";"Pleno dia";"Decrescente";"C�u Claro";"Simples";"Reta";"N�o";1331758;"Autom�vel";"I/M.BENZ C 180 CGI/M.BENZ C 180 CGI";2011;"Passageiro";"Les�es Leves";17;"Feminino";0;1;0;0;-21,71875954;-43,02876949;"SPRF-MG";"DEL07-MG";"UOP01-DEL07-MG"
745784;1671597;2025-12-26;"sexta-feira";"13:10:00";"MG";267;59;"GUARARA";"Sim";"Ultrapassagem Indevida";1;"Colis�o transversal";"Com V�timas Feridas";"Pleno dia";"Decrescente";"C�u Claro";"Simples";"Reta";"N�o";1331758;"Autom�vel";"I/M.BENZ C 180 CGI/M.BENZ C 180 CGI";2011;"Passageiro";"Ileso";18;"Feminino";1;0;0;0;-21,71875954;-43,02876949;"SPRF-MG";"DEL07-MG";"UOP01-DEL07-MG"
745784;1671596;2025-12-26;"sexta-feira";"13:10:00";"MG";267;59;"GUARARA";"Sim";"Ultrapassagem Indevida";1;"Colis�o transversal";"Com V�timas Feridas";"Pleno dia";"Decrescente";"C�u Claro";"Simples";"Reta";"N�o";1331758;"Autom�vel";"I/M.BENZ C 180 CGI/M.BENZ C 180 CGI";2011;"Passageiro";"Ileso";40;"Feminino";1;0;0;0;-21,71875954;-43,02876949;"SPRF-MG";"DEL07-MG";"UOP01-DEL07-MG"
745784;1671594;2025-12-26;"sexta-feira";"13:10:00";"MG";267;59;"GUARARA";"Sim";"Ultrapassagem Indevida";1;"Colis�o transversal";"Com V�timas Feridas";"Pleno dia";"Decrescente";"C�u Claro";"Simples";"Reta";"N�o";1331758;"Autom�vel";"I/M.BENZ C 180 CGI/M.BENZ C 180 CGI";2011;"Condutor";"Ileso";55;"Masculino";1;0;0;0;-21,71875954;-43,02876949;"SPRF-MG";"DEL07-MG";"UOP01-DEL07-MG"
745804;NA;2025-12-19;"sexta-feira";"04:20:00";"MG";381;552,6;"ITAGUARA";"Sim";"Aus�ncia de rea��o do condutor";3;"Tombamento";"Com V�timas Feridas";"Plena Noite";"Decrescente";"Chuva";"Dupla";"Reta;Aclive";"N�o";1331814;"Semireboque";"SR/RANDON SR FG/RANDON SR FG";2002;NA;NA;NA;NA;NA;NA;NA;NA;-20,318518;-44,454627;"SPRF-MG";"DEL04-MG";"UOP03-DEL04-MG"
745804;NA;2025-12-19;"sexta-feira";"04:20:00";"MG";381;552,6;"ITAGUARA";"Sim";"Aus�ncia de rea��o do condutor";3;"Tombamento";"Com V�timas Feridas";"Plena Noite";"Decrescente";"Chuva";"Dupla";"Reta;Aclive";"N�o";1331813;"Semireboque";"SR/LIBRELATO CACAENCR 3E/LIBRELATO CACAENCR 3E";2015;NA;NA;NA;NA;NA;NA;NA;NA;-20,318518;-44,454627;"SPRF-MG";"DEL04-MG";"UOP03-DEL04-MG"
745804;1671682;2025-12-19;"sexta-feira";"04:20:00";"MG";381;552,6;"ITAGUARA";"Sim";"Aus�ncia de rea��o do condutor";3;"Tombamento";"Com V�timas Feridas";"Plena Noite";"Decrescente";"Chuva";"Dupla";"Reta;Aclive";"N�o";1331812;"Caminh�o-trator";"VOLVO/FH 460 8X2T/FH 460 8X2T";2019;"Condutor";"Les�es Graves";30;"Masculino";0;0;1;0;-20,318518;-44,454627;"SPRF-MG";"DEL04-MG";"UOP03-DEL04-MG"
745804;1671681;2025-12-19;"sexta-feira";"04:20:00";"MG";381;552,6;"ITAGUARA";"Sim";"Aus�ncia de rea��o do condutor";3;"Tombamento";"Com V�timas Feridas";"Plena Noite";"Decrescente";"Chuva";"Dupla";"Reta;Aclive";"N�o";1331811;"Caminh�o-trator";"VOLVO/FM 370 6X2T/FM 370 6X2T";2011;"Condutor";"Ileso";41;"Masculino";1;0;0;0;-20,318518;-44,454627;"SPRF-MG";"DEL04-MG";"UOP03-DEL04-MG"
745804;1671685;2025-12-19;"sexta-feira";"04:20:00";"MG";381;552,6;"ITAGUARA";"Sim";"Aus�ncia de rea��o do condutor";3;"Tombamento";"Com V�timas Feridas";"Plena Noite";"Decrescente";"Chuva";"Dupla";"Reta;Aclive";"N�o";NA;NA;"NA/NA/NA";NA;"Testemunha";"N�o Informado";NA;"N�o Informado";0;0;0;0;-20,318518;-44,454627;"SPRF-MG";"DEL04-MG";"UOP03-DEL04-MG"
745804;NA;2025-12-19;"sexta-feira";"04:20:00";"MG";381;552,6;"ITAGUARA";"Sim";"Aus�ncia de rea��o do condutor";2;"Sa�da de leito carro��vel";"Com V�timas Feridas";"Plena Noite";"Decrescente";"Chuva";"Dupla";"Reta;Aclive";"N�o";1331814;"Semireboque";"SR/RANDON SR FG/RANDON SR FG";2002;NA;NA;NA;NA;NA;NA;NA;NA;-20,318518;-44,454627;"SPRF-MG";"DEL04-MG";"UOP03-DEL04-MG"
745804;NA;2025-12-19;"sexta-feira";"04:20:00";"MG";381;552,6;"ITAGUARA";"Sim";"Aus�ncia de rea��o do condutor";2;"Sa�da de leito carro��vel";"Com V�timas Feridas";"Plena Noite";"Decrescente";"Chuva";"Dupla";"Reta;Aclive";"N�o";1331813;"Semireboque";"SR/LIBRELATO CACAENCR 3E/LIBRELATO CACAENCR 3E";2015;NA;NA;NA;NA;NA;NA;NA;NA;-20,318518;-44,454627;"SPRF-MG";"DEL04-MG";"UOP03-DEL04-MG"
745804;1671682;2025-12-19;"sexta-feira";"04:20:00";"MG";381;552,6;"ITAGUARA";"Sim";"Aus�ncia de rea��o do condutor";2;"Sa�da de leito carro��vel";"Com V�timas Feridas";"Plena Noite";"Decrescente";"Chuva";"Dupla";"Reta;Aclive";"N�o";1331812;"Caminh�o-trator";"VOLVO/FH 460 8X2T/FH 460 8X2T";2019;"Condutor";"Les�es Graves";30;"Masculino";0;0;1;0;-20,318518;-44,454627;"SPRF-MG";"DEL04-MG";"UOP03-DEL04-MG"
745804;1671681;2025-12-19;"sexta-feira";"04:20:00";"MG";381;552,6;"ITAGUARA";"Sim";"Aus�ncia de rea��o do condutor";2;"Sa�da de leito carro��vel";"Com V�timas Feridas";"Plena Noite";"Decrescente";"Chuva";"Dupla";"Reta;Aclive";"N�o";1331811;"Caminh�o-trator";"VOLVO/FM 370 6X2T/FM 370 6X2T";2011;"Condutor";"Ileso";41;"Masculino";1;0;0;0;-20,318518;-44,454627;"SPRF-MG";"DEL04-MG";"UOP03-DEL04-MG"
745804;1671685;2025-12-19;"sexta-feira";"04:20:00";"MG";381;552,6;"ITAGUARA";"Sim";"Aus�ncia de rea��o do condutor";2;"Sa�da de leito carro��vel";"Com V�timas Feridas";"Plena Noite";"Decrescente";"Chuva";"Dupla";"Reta;Aclive";"N�o";NA;NA;"NA/NA/NA";NA;"Testemunha";"N�o Informado";NA;"N�o Informado";0;0;0;0;-20,318518;-44,454627;"SPRF-MG";"DEL04-MG";"UOP03-DEL04-MG"
745804;NA;2025-12-19;"sexta-feira";"04:20:00";"MG";381;552,6;"ITAGUARA";"Sim";"Aus�ncia de rea��o do condutor";1;"Colis�o lateral mesmo sentido";"Com V�timas Feridas";"Plena Noite";"Decrescente";"Chuva";"Dupla";"Reta;Aclive";"N�o";1331814;"Semireboque";"SR/RANDON SR FG/RANDON SR FG";2002;NA;NA;NA;NA;NA;NA;NA;NA;-20,318518;-44,454627;"SPRF-MG";"DEL04-MG";"UOP03-DEL04-MG"
745804;NA;2025-12-19;"sexta-feira";"04:20:00";"MG";381;552,6;"ITAGUARA";"Sim";"Aus�ncia de rea��o do condutor";1;"Colis�o lateral mesmo sentido";"Com V�timas Feridas";"Plena Noite";"Decrescente";"Chuva";"Dupla";"Reta;Aclive";"N�o";1331813;"Semireboque";"SR/LIBRELATO CACAENCR 3E/LIBRELATO CACAENCR 3E";2015;NA;NA;NA;NA;NA;NA;NA;NA;-20,318518;-44,454627;"SPRF-MG";"DEL04-MG";"UOP03-DEL04-MG"
745804;1671682;2025-12-19;"sexta-feira";"04:20:00";"MG";381;552,6;"ITAGUARA";"Sim";"Aus�ncia de rea��o do condutor";1;"Colis�o lateral mesmo sentido";"Com V�timas Feridas";"Plena Noite";"Decrescente";"Chuva";"Dupla";"Reta;Aclive";"N�o";1331812;"Caminh�o-trator";"VOLVO/FH 460 8X2T/FH 460 8X2T";2019;"Condutor";"Les�es Graves";30;"Masculino";0;0;1;0;-20,318518;-44,454627;"SPRF-MG";"DEL04-MG";"UOP03-DEL04-MG"
745804;1671681;2025-12-19;"sexta-feira";"04:20:00";"MG";381;552,6;"ITAGUARA";"Sim";"Aus�ncia de rea��o do condutor";1;"Colis�o lateral mesmo sentido";"Com V�timas Feridas";"Plena Noite";"Decrescente";"Chuva";"Dupla";"Reta;Aclive";"N�o";1331811;"Caminh�o-trator";"VOLVO/FM 370 6X2T/FM 370 6X2T";2011;"Condutor";"Ileso";41;"Masculino";1;0;0;0;-20,318518;-44,454627;"SPRF-MG";"DEL04-MG";"UOP03-DEL04-MG"
745804;1671685;2025-12-19;"sexta-feira";"04:20:00";"MG";381;552,6;"ITAGUARA";"Sim";"Aus�ncia de rea��o do condutor";1;"Colis�o lateral mesmo sentido";"Com V�timas Feridas";"Plena Noite";"Decrescente";"Chuva";"Dupla";"Reta;Aclive";"N�o";NA;NA;"NA/NA/NA";NA;"Testemunha";"N�o Informado";NA;"N�o Informado";0;0;0;0;-20,318518;-44,454627;"SPRF-MG";"DEL04-MG";"UOP03-DEL04-MG"
745812;1671698;2025-11-24;"segunda-feira";"17:00:00";"RJ";101;475;"ANGRA DOS REIS";"Sim";"Avarias e/ou desgaste excessivo no pneu";1;"Sa�da de leito carro��vel";"Com V�timas Feridas";"Pleno dia";"Crescente";"Chuva";"Simples";"Curva";"N�o";1331824;"Autom�vel";"CITROEN/XSARA PICASSO GX/XSARA PICASSO GX";2001;"Passageiro";"Les�es Graves";34;"Feminino";0;0;1;0;-23,004639;-44,259339;"SPRF-RJ";"DEL03-RJ";"UOP03-DEL03-RJ"
745812;1671697;2025-11-24;"segunda-feira";"17:00:00";"RJ";101;475;"ANGRA DOS REIS";"Sim";"Avarias e/ou desgaste excessivo no pneu";1;"Sa�da de leito carro��vel";"Com V�timas Feridas";"Pleno dia";"Crescente";"Chuva";"Simples";"Curva";"N�o";1331824;"Autom�vel";"CITROEN/XSARA PICASSO GX/XSARA PICASSO GX";2001;"Condutor";"Ileso";35;"Masculino";1;0;0;0;-23,004639;-44,259339;"SPRF-RJ";"DEL03-RJ";"UOP03-DEL03-RJ"
745856;NA;2025-07-07;"segunda-feira";"11:15:00";"MT";163;829,1;"SINOP";"Sim";"Acessar a via sem observar a presen�a dos outros ve�culos";2;"Capotamento";"Com V�timas Feridas";"Pleno dia";"Decrescente";"Ignorado";"Dupla";"Retorno Regulamentado;Interse��o de Vias";"Sim";1331894;"Semireboque";"SR/NOMA SR2E18RT2 CG/NOMA SR2E18RT2 CG";2003;NA;NA;NA;NA;NA;NA;NA;NA;-11,912667;-55,508482;"SPRF-MT";"DEL06-MT";"UOP02-DEL06-MT"
745856;NA;2025-07-07;"segunda-feira";"11:15:00";"MT";163;829,1;"SINOP";"Sim";"Acessar a via sem observar a presen�a dos outros ve�culos";2;"Capotamento";"Com V�timas Feridas";"Pleno dia";"Decrescente";"Ignorado";"Dupla";"Retorno Regulamentado;Interse��o de Vias";"Sim";1331893;"Semireboque";"SR/NOMA SR2E18RT1 CG/NOMA SR2E18RT1 CG";2004;NA;NA;NA;NA;NA;NA;NA;NA;-11,912667;-55,508482;"SPRF-MT";"DEL06-MT";"UOP02-DEL06-MT"
745856;1671782;2025-07-07;"segunda-feira";"11:15:00";"MT";163;829,1;"SINOP";"Sim";"Acessar a via sem observar a presen�a dos outros ve�culos";2;"Capotamento";"Com V�timas Feridas";"Pleno dia";"Decrescente";"Ignorado";"Dupla";"Retorno Regulamentado;Interse��o de Vias";"Sim";1331892;"Caminh�o-trator";"VOLVO/FH12 380 4X2T/FH12 380 4X2T";1998;"Condutor";"Ileso";54;"Masculino";1;0;0;0;-11,912667;-55,508482;"SPRF-MT";"DEL06-MT";"UOP02-DEL06-MT"
745856;1671781;2025-07-07;"segunda-feira";"11:15:00";"MT";163;829,1;"SINOP";"Sim";"Acessar a via sem observar a presen�a dos outros ve�culos";2;"Capotamento";"Com V�timas Feridas";"Pleno dia";"Decrescente";"Ignorado";"Dupla";"Retorno Regulamentado;Interse��o de Vias";"Sim";1331891;"Utilit�rio";"I/TOYOTA HILUX SWSRXA4FD/TOYOTA HILUX SWSRXA4FD";2016;"Passageiro";"Les�es Leves";63;"Masculino";0;1;0;0;-11,912667;-55,508482;"SPRF-MT";"DEL06-MT";"UOP02-DEL06-MT"
745856;1671780;2025-07-07;"segunda-feira";"11:15:00";"MT";163;829,1;"SINOP";"Sim";"Acessar a via sem observar a presen�a dos outros ve�culos";2;"Capotamento";"Com V�timas Feridas";"Pleno dia";"Decrescente";"Ignorado";"Dupla";"Retorno Regulamentado;Interse��o de Vias";"Sim";1331891;"Utilit�rio";"I/TOYOTA HILUX SWSRXA4FD/TOYOTA HILUX SWSRXA4FD";2016;"Condutor";"Les�es Leves";63;"Feminino";0;1;0;0;-11,912667;-55,508482;"SPRF-MT";"DEL06-MT";"UOP02-DEL06-MT"
745856;NA;2025-07-07;"segunda-feira";"11:15:00";"MT";163;829,1;"SINOP";"Sim";"Acessar a via sem observar a presen�a dos outros ve�culos";1;"Colis�o traseira";"Com V�timas Feridas";"Pleno dia";"Decrescente";"Ignorado";"Dupla";"Retorno Regulamentado;Interse��o de Vias";"Sim";1331894;"Semireboque";"SR/NOMA SR2E18RT2 CG/NOMA SR2E18RT2 CG";2003;NA;NA;NA;NA;NA;NA;NA;NA;-11,912667;-55,508482;"SPRF-MT";"DEL06-MT";"UOP02-DEL06-MT"