"id";"pesid";"data_inversa";"dia_semana";"horario";"uf";"br";"km";"municipio";"causa_principal";"causa_acidente";"ordem_tipo_acidente";"tipo_acidente";"classificacao_acidente";"fase_dia";"sentido_via";"condicao_metereologica";"tipo_pista";"tracado_via";"uso_solo";"id_veiculo";"tipo_veiculo";"marca";"ano_fabricacao_veiculo";"tipo_envolvido";"estado_fisico";"idade";"sexo";"ilesos";"feridos_leves";"feridos_graves";"mortos";"latitude";"longitude";"regional";"delegacia";"uop"
745856;NA;2025-07-07;"segunda-feira";"11:15:00";"MT";163;829,1;"SINOP";"Sim";"Acessar a via sem observar a presen�a dos outros ve�culos";1;"Colis�o traseira";"Com V�timas Feridas";"Pleno dia";"Decrescente";"Ignorado";"Dupla";"Retorno Regulamentado;Interse��o de Vias";"Sim";1331893;"Semireboque";"SR/NOMA SR2E18RT1 CG/NOMA SR2E18RT1 CG";2004;NA;NA;NA;NA;NA;NA;NA;NA;-11,912667;-55,508482;"SPRF-MT";"DEL06-MT";"UOP02-DEL06-MT"
745856;1671782;2025-07-07;"segunda-feira";"11:15:00";"MT";163;829,1;"SINOP";"Sim";"Acessar a via sem observar a presen�a dos outros ve�culos";1;"Colis�o traseira";"Com V�timas Feridas";"Pleno dia";"Decrescente";"Ignorado";"Dupla";"Retorno Regulamentado;Interse��o de Vias";"Sim";1331892;"Caminh�o-trator";"VOLVO/FH12 380 4X2T/FH12 380 4X2T";1998;"Condutor";"Ileso";54;"Masculino";1;0;0;0;-11,912667;-55,508482;"SPRF-MT";"DEL06-MT";"UOP02-DEL06-MT"
745856;1671781;2025-07-07;"segunda-feira";"11:15:00";"MT";163;829,1;"SINOP";"Sim";"Acessar a via sem observar a presen�a dos outros ve�culos";1;"Colis�o traseira";"Com V�timas Feridas";"Pleno dia";"Decrescente";"Ignorado";"Dupla";"Retorno Regulamentado;Interse��o de Vias";"Sim";1331891;"Utilit�rio";"I/TOYOTA HILUX SWSRXA4FD/TOYOTA HILUX SWSRXA4FD";2016;"Passageiro";"Les�es Leves";63;"Masculino";0;1;0;0;-11,912667;-55,508482;"SPRF-MT";"DEL06-MT";"UOP02-DEL06-MT"
745856;1671780;2025-07-07;"segunda-feira";"11:15:00";"MT";163;829,1;"SINOP";"Sim";"Acessar a via sem observar a presen�a dos outros ve�culos";1;"Colis�o traseira";"Com V�timas Feridas";"Pleno dia";"Decrescente";"Ignorado";"Dupla";"Retorno Regulamentado;Interse��o de Vias";"Sim";1331891;"Utilit�rio";"I/TOYOTA HILUX SWSRXA4FD/TOYOTA HILUX SWSRXA4FD";2016;"Condutor";"Les�es Leves";63;"Feminino";0;1;0;0;-11,912667;-55,508482;"SPRF-MT";"DEL06-MT";"UOP02-DEL06-MT"
745866;NA;2025-11-18;"ter�a-feira";"07:00:00";"RJ";101;596;"PARATY";"Sim";"Velocidade Incompat�vel";1;"Tombamento";"Com V�timas Feridas";"Pleno dia";"Decrescente";"C�u Claro";"Simples";"Curva";"N�o";1331918;"Semireboque";"SR/NOMA SR3E27 CS/NOMA SR3E27 CS";2012;NA;NA;NA;NA;NA;NA;NA;NA;-23,33773517;-44,74355351;"SPRF-RJ";"DEL03-RJ";"UOP04-DEL03-RJ"
745866;1671802;2025-11-18;"ter�a-feira";"07:00:00";"RJ";101;596;"PARATY";"Sim";"Velocidade Incompat�vel";1;"Tombamento";"Com V�timas Feridas";"Pleno dia";"Decrescente";"C�u Claro";"Simples";"Curva";"N�o";1331917;"Caminh�o-trator";"VW/28.460 METEOR 6X2/28.460 METEOR 6X2";2021;"Condutor";"Les�es Leves";44;"Masculino";0;1;0;0;-23,33773517;-44,74355351;"SPRF-RJ";"DEL03-RJ";"UOP04-DEL03-RJ"
745892;1671874;2025-01-15;"quarta-feira";"23:17:00";"PI";316;297;"PICOS";"N�o";"Aus�ncia de rea��o do condutor";3;"Queda de ocupante de ve�culo";"Com V�timas Feridas";"Plena Noite";"Crescente";"C�u Claro";"Dupla";"Aclive;Curva";"N�o";1331975;"Motocicleta";"JTA/SUZUKI EN125 YES/SUZUKI EN125 YES";2008;"Condutor";"Les�es Leves";23;"Masculino";0;1;0;0;-7,024585;-41,560837;"SPRF-PI";"DEL04-PI";"UOP01-DEL04-PI"
745892;1671874;2025-01-15;"quarta-feira";"23:17:00";"PI";316;297;"PICOS";"N�o";"Aus�ncia de rea��o do condutor";2;"Tombamento";"Com V�timas Feridas";"Plena Noite";"Crescente";"C�u Claro";"Dupla";"Aclive;Curva";"N�o";1331975;"Motocicleta";"JTA/SUZUKI EN125 YES/SUZUKI EN125 YES";2008;"Condutor";"Les�es Leves";23;"Masculino";0;1;0;0;-7,024585;-41,560837;"SPRF-PI";"DEL04-PI";"UOP01-DEL04-PI"
745892;1671874;2025-01-15;"quarta-feira";"23:17:00";"PI";316;297;"PICOS";"N�o";"Aus�ncia de rea��o do condutor";1;"Sa�da de leito carro��vel";"Com V�timas Feridas";"Plena Noite";"Crescente";"C�u Claro";"Dupla";"Aclive;Curva";"N�o";1331975;"Motocicleta";"JTA/SUZUKI EN125 YES/SUZUKI EN125 YES";2008;"Condutor";"Les�es Leves";23;"Masculino";0;1;0;0;-7,024585;-41,560837;"SPRF-PI";"DEL04-PI";"UOP01-DEL04-PI"
745892;1671874;2025-01-15;"quarta-feira";"23:17:00";"PI";316;297;"PICOS";"Sim";"Ingest�o de �lcool pelo condutor";3;"Queda de ocupante de ve�culo";"Com V�timas Feridas";"Plena Noite";"Crescente";"C�u Claro";"Dupla";"Aclive;Curva";"N�o";1331975;"Motocicleta";"JTA/SUZUKI EN125 YES/SUZUKI EN125 YES";2008;"Condutor";"Les�es Leves";23;"Masculino";0;1;0;0;-7,024585;-41,560837;"SPRF-PI";"DEL04-PI";"UOP01-DEL04-PI"
745892;1671874;2025-01-15;"quarta-feira";"23:17:00";"PI";316;297;"PICOS";"Sim";"Ingest�o de �lcool pelo condutor";2;"Tombamento";"Com V�timas Feridas";"Plena Noite";"Crescente";"C�u Claro";"Dupla";"Aclive;Curva";"N�o";1331975;"Motocicleta";"JTA/SUZUKI EN125 YES/SUZUKI EN125 YES";2008;"Condutor";"Les�es Leves";23;"Masculino";0;1;0;0;-7,024585;-41,560837;"SPRF-PI";"DEL04-PI";"UOP01-DEL04-PI"
745892;1671874;2025-01-15;"quarta-feira";"23:17:00";"PI";316;297;"PICOS";"Sim";"Ingest�o de �lcool pelo condutor";1;"Sa�da de leito carro��vel";"Com V�timas Feridas";"Plena Noite";"Crescente";"C�u Claro";"Dupla";"Aclive;Curva";"N�o";1331975;"Motocicleta";"JTA/SUZUKI EN125 YES/SUZUKI EN125 YES";2008;"Condutor";"Les�es Leves";23;"Masculino";0;1;0;0;-7,024585;-41,560837;"SPRF-PI";"DEL04-PI";"UOP01-DEL04-PI"
745911;1671927;2025-11-09;"domingo";"08:15:00";"RJ";101;419;"MANGARATIBA";"Sim";"Ultrapassagem Indevida";1;"Colis�o frontal";"Com V�timas Feridas";"Pleno dia";"Decrescente";"Garoa/Chuvisco";"Simples";"T�nel";"N�o";1332022;"Autom�vel";"VW/GOL 1.0/GOL 1.0";2007;"Condutor";"Les�es Graves";72;"Masculino";0;0;1;0;-22,91982026;-43,91887665;"SPRF-RJ";"DEL03-RJ";"UOP02-DEL03-RJ"
745911;1671926;2025-11-09;"domingo";"08:15:00";"RJ";101;419;"MANGARATIBA";"Sim";"Ultrapassagem Indevida";1;"Colis�o frontal";"Com V�timas Feridas";"Pleno dia";"Decrescente";"Garoa/Chuvisco";"Simples";"T�nel";"N�o";1332021;"Autom�vel";"GM/ASTRA SEDAN ADVANTAGE/ASTRA SEDAN ADVANTAGE";2007;"Condutor";"Ileso";31;"Masculino";1;0;0;0;-22,91982026;-43,91887665;"SPRF-RJ";"DEL03-RJ";"UOP02-DEL03-RJ"
745966;1672035;2025-11-21;"sexta-feira";"17:06:00";"RJ";101;475,4;"ANGRA DOS REIS";"N�o";"Rea��o tardia ou ineficiente do condutor";3;"Sa�da de leito carro��vel";"Com V�timas Feridas";"Pleno dia";"Crescente";"C�u Claro";"Simples";"Curva";"Sim";1332116;"Motocicleta";"HONDA/CG 150 FAN ESI/CG 150 FAN ESI";2010;"Condutor";"Les�es Graves";34;"Masculino";0;0;1;0;-23,00492;-44,25952;"SPRF-RJ";"DEL03-RJ";"UOP03-DEL03-RJ"
745966;1672035;2025-11-21;"sexta-feira";"17:06:00";"RJ";101;475,4;"ANGRA DOS REIS";"N�o";"Rea��o tardia ou ineficiente do condutor";2;"Queda de ocupante de ve�culo";"Com V�timas Feridas";"Pleno dia";"Crescente";"C�u Claro";"Simples";"Curva";"Sim";1332116;"Motocicleta";"HONDA/CG 150 FAN ESI/CG 150 FAN ESI";2010;"Condutor";"Les�es Graves";34;"Masculino";0;0;1;0;-23,00492;-44,25952;"SPRF-RJ";"DEL03-RJ";"UOP03-DEL03-RJ"
745966;1672035;2025-11-21;"sexta-feira";"17:06:00";"RJ";101;475,4;"ANGRA DOS REIS";"N�o";"Rea��o tardia ou ineficiente do condutor";1;"Tombamento";"Com V�timas Feridas";"Pleno dia";"Crescente";"C�u Claro";"Simples";"Curva";"Sim";1332116;"Motocicleta";"HONDA/CG 150 FAN ESI/CG 150 FAN ESI";2010;"Condutor";"Les�es Graves";34;"Masculino";0;0;1;0;-23,00492;-44,25952;"SPRF-RJ";"DEL03-RJ";"UOP03-DEL03-RJ"
745966;1672035;2025-11-21;"sexta-feira";"17:06:00";"RJ";101;475,4;"ANGRA DOS REIS";"Sim";"Falta de elemento de conten��o que evite a sa�da do leito carro��vel";3;"Sa�da de leito carro��vel";"Com V�timas Feridas";"Pleno dia";"Crescente";"C�u Claro";"Simples";"Curva";"Sim";1332116;"Motocicleta";"HONDA/CG 150 FAN ESI/CG 150 FAN ESI";2010;"Condutor";"Les�es Graves";34;"Masculino";0;0;1;0;-23,00492;-44,25952;"SPRF-RJ";"DEL03-RJ";"UOP03-DEL03-RJ"
745966;1672035;2025-11-21;"sexta-feira";"17:06:00";"RJ";101;475,4;"ANGRA DOS REIS";"Sim";"Falta de elemento de conten��o que evite a sa�da do leito carro��vel";2;"Queda de ocupante de ve�culo";"Com V�timas Feridas";"Pleno dia";"Crescente";"C�u Claro";"Simples";"Curva";"Sim";1332116;"Motocicleta";"HONDA/CG 150 FAN ESI/CG 150 FAN ESI";2010;"Condutor";"Les�es Graves";34;"Masculino";0;0;1;0;-23,00492;-44,25952;"SPRF-RJ";"DEL03-RJ";"UOP03-DEL03-RJ"
745966;1672035;2025-11-21;"sexta-feira";"17:06:00";"RJ";101;475,4;"ANGRA DOS REIS";"Sim";"Falta de elemento de conten��o que evite a sa�da do leito carro��vel";1;"Tombamento";"Com V�timas Feridas";"Pleno dia";"Crescente";"C�u Claro";"Simples";"Curva";"Sim";1332116;"Motocicleta";"HONDA/CG 150 FAN ESI/CG 150 FAN ESI";2010;"Condutor";"Les�es Graves";34;"Masculino";0;0;1;0;-23,00492;-44,25952;"SPRF-RJ";"DEL03-RJ";"UOP03-DEL03-RJ"
745968;NA;2025-11-17;"segunda-feira";"21:00:00";"MG";381;745,6;"TRES CORACOES";"Sim";"Rea��o tardia ou ineficiente do condutor";2;"Colis�o com objeto";"Com V�timas Feridas";"Plena Noite";"Crescente";"Ignorado";"Dupla";"Reta";"N�o";1332126;"Semireboque";"SR/SAO PEDRO SRFB 3E/SAO PEDRO SRFB 3E";2023;NA;NA;NA;NA;NA;NA;NA;NA;-21,6149875;-45,2585317;"SPRF-MG";"DEL16-MG";"UOP02-DEL16-MG"
745968;1672047;2025-11-17;"segunda-feira";"21:00:00";"MG";381;745,6;"TRES CORACOES";"Sim";"Rea��o tardia ou ineficiente do condutor";2;"Colis�o com objeto";"Com V�timas Feridas";"Plena Noite";"Crescente";"Ignorado";"Dupla";"Reta";"N�o";1332125;"Caminh�o-trator";"DAF/CF FT 410/CF FT 410";2021;"Condutor";"Les�es Leves";36;"Masculino";0;1;0;0;-21,6149875;-45,2585317;"SPRF-MG";"DEL16-MG";"UOP02-DEL16-MG"
745968;NA;2025-11-17;"segunda-feira";"21:00:00";"MG";381;745,6;"TRES CORACOES";"Sim";"Rea��o tardia ou ineficiente do condutor";1;"Sa�da de leito carro��vel";"Com V�timas Feridas";"Plena Noite";"Crescente";"Ignorado";"Dupla";"Reta";"N�o";1332126;"Semireboque";"SR/SAO PEDRO SRFB 3E/SAO PEDRO SRFB 3E";2023;NA;NA;NA;NA;NA;NA;NA;NA;-21,6149875;-45,2585317;"SPRF-MG";"DEL16-MG";"UOP02-DEL16-MG"
745968;1672047;2025-11-17;"segunda-feira";"21:00:00";"MG";381;745,6;"TRES CORACOES";"Sim";"Rea��o tardia ou ineficiente do condutor";1;"Sa�da de leito carro��vel";"Com V�timas Feridas";"Plena Noite";"Crescente";"Ignorado";"Dupla";"Reta";"N�o";1332125;"Caminh�o-trator";"DAF/CF FT 410/CF FT 410";2021;"Condutor";"Les�es Leves";36;"Masculino";0;1;0;0;-21,6149875;-45,2585317;"SPRF-MG";"DEL16-MG";"UOP02-DEL16-MG"
745976;1672067;2025-08-29;"sexta-feira";"17:45:00";"MG";40;510;"RIBEIRAO DAS NEVES";"Sim";"Trafegar com motocicleta (ou similar) entre as faixas";3;"Queda de ocupante de ve�culo";"Com V�timas Feridas";"Anoitecer";"Crescente";"Chuva";"Dupla";"Reta;Aclive";"N�o";1332138;"Autom�vel";"FIAT/SIENA FIRE FLEX/SIENA FIRE FLEX";2008;"Passageiro";"Ileso";38;"Feminino";1;0;0;0;-19,77639606;-44,12246704;"SPRF-MG";"DEL01-MG";"UOP02-DEL01-MG"
745976;1672066;2025-08-29;"sexta-feira";"17:45:00";"MG";40;510;"RIBEIRAO DAS NEVES";"Sim";"Trafegar com motocicleta (ou similar) entre as faixas";3;"Queda de ocupante de ve�culo";"Com V�timas Feridas";"Anoitecer";"Crescente";"Chuva";"Dupla";"Reta;Aclive";"N�o";1332138;"Autom�vel";"FIAT/SIENA FIRE FLEX/SIENA FIRE FLEX";2008;"Condutor";"Ileso";54;"Feminino";1;0;0;0;-19,77639606;-44,12246704;"SPRF-MG";"DEL01-MG";"UOP02-DEL01-MG"
745976;1672065;2025-08-29;"sexta-feira";"17:45:00";"MG";40;510;"RIBEIRAO DAS NEVES";"Sim";"Trafegar com motocicleta (ou similar) entre as faixas";3;"Queda de ocupante de ve�culo";"Com V�timas Feridas";"Anoitecer";"Crescente";"Chuva";"Dupla";"Reta;Aclive";"N�o";1332137;"Motocicleta";"YAMAHA/XTZ250 LANDER/XTZ250 LANDER";2024;"Condutor";"Les�es Leves";42;"Masculino";0;1;0;0;-19,77639606;-44,12246704;"SPRF-MG";"DEL01-MG";"UOP02-DEL01-MG"
745976;1672064;2025-08-29;"sexta-feira";"17:45:00";"MG";40;510;"RIBEIRAO DAS NEVES";"Sim";"Trafegar com motocicleta (ou similar) entre as faixas";3;"Queda de ocupante de ve�culo";"Com V�timas Feridas";"Anoitecer";"Crescente";"Chuva";"Dupla";"Reta;Aclive";"N�o";1332136;"Autom�vel";"FIAT/PUNTO ATTRACTIVE/PUNTO ATTRACTIVE";2014;"Condutor";"Ileso";39;"Masculino";1;0;0;0;-19,77639606;-44,12246704;"SPRF-MG";"DEL01-MG";"UOP02-DEL01-MG"
745976;1672067;2025-08-29;"sexta-feira";"17:45:00";"MG";40;510;"RIBEIRAO DAS NEVES";"Sim";"Trafegar com motocicleta (ou similar) entre as faixas";2;"Colis�o traseira";"Com V�timas Feridas";"Anoitecer";"Crescente";"Chuva";"Dupla";"Reta;Aclive";"N�o";1332138;"Autom�vel";"FIAT/SIENA FIRE FLEX/SIENA FIRE FLEX";2008;"Passageiro";"Ileso";38;"Feminino";1;0;0;0;-19,77639606;-44,12246704;"SPRF-MG";"DEL01-MG";"UOP02-DEL01-MG"
745976;1672066;2025-08-29;"sexta-feira";"17:45:00";"MG";40;510;"RIBEIRAO DAS NEVES";"Sim";"Trafegar com motocicleta (ou similar) entre as faixas";2;"Colis�o traseira";"Com V�timas Feridas";"Anoitecer";"Crescente";"Chuva";"Dupla";"Reta;Aclive";"N�o";1332138;"Autom�vel";"FIAT/SIENA FIRE FLEX/SIENA FIRE FLEX";2008;"Condutor";"Ileso";54;"Feminino";1;0;0;0;-19,77639606;-44,12246704;"SPRF-MG";"DEL01-MG";"UOP02-DEL01-MG"
745976;1672065;2025-08-29;"sexta-feira";"17:45:00";"MG";40;510;"RIBEIRAO DAS NEVES";"Sim";"Trafegar com motocicleta (ou similar) entre as faixas";2;"Colis�o traseira";"Com V�timas Feridas";"Anoitecer";"Crescente";"Chuva";"Dupla";"Reta;Aclive";"N�o";1332137;"Motocicleta";"YAMAHA/XTZ250 LANDER/XTZ250 LANDER";2024;"Condutor";"Les�es Leves";42;"Masculino";0;1;0;0;-19,77639606;-44,12246704;"SPRF-MG";"DEL01-MG";"UOP02-DEL01-MG"
745976;1672064;2025-08-29;"sexta-feira";"17:45:00";"MG";40;510;"RIBEIRAO DAS NEVES";"Sim";"Trafegar com motocicleta (ou similar) entre as faixas";2;"Colis�o traseira";"Com V�timas Feridas";"Anoitecer";"Crescente";"Chuva";"Dupla";"Reta;Aclive";"N�o";1332136;"Autom�vel";"FIAT/PUNTO ATTRACTIVE/PUNTO ATTRACTIVE";2014;"Condutor";"Ileso";39;"Masculino";1;0;0;0;-19,77639606;-44,12246704;"SPRF-MG";"DEL01-MG";"UOP02-DEL01-MG"
745976;1672067;2025-08-29;"sexta-feira";"17:45:00";"MG";40;510;"RIBEIRAO DAS NEVES";"Sim";"Trafegar com motocicleta (ou similar) entre as faixas";1;"Colis�o lateral mesmo sentido";"Com V�timas Feridas";"Anoitecer";"Crescente";"Chuva";"Dupla";"Reta;Aclive";"N�o";1332138;"Autom�vel";"FIAT/SIENA FIRE FLEX/SIENA FIRE FLEX";2008;"Passageiro";"Ileso";38;"Feminino";1;0;0;0;-19,77639606;-44,12246704;"SPRF-MG";"DEL01-MG";"UOP02-DEL01-MG"
745976;1672066;2025-08-29;"sexta-feira";"17:45:00";"MG";40;510;"RIBEIRAO DAS NEVES";"Sim";"Trafegar com motocicleta (ou similar) entre as faixas";1;"Colis�o lateral mesmo sentido";"Com V�timas Feridas";"Anoitecer";"Crescente";"Chuva";"Dupla";"Reta;Aclive";"N�o";1332138;"Autom�vel";"FIAT/SIENA FIRE FLEX/SIENA FIRE FLEX";2008;"Condutor";"Ileso";54;"Feminino";1;0;0;0;-19,77639606;-44,12246704;"SPRF-MG";"DEL01-MG";"UOP02-DEL01-MG"
745976;1672065;2025-08-29;"sexta-feira";"17:45:00";"MG";40;510;"RIBEIRAO DAS NEVES";"Sim";"Trafegar com motocicleta (ou similar) entre as faixas";1;"Colis�o lateral mesmo sentido";"Com V�timas Feridas";"Anoitecer";"Crescente";"Chuva";"Dupla";"Reta;Aclive";"N�o";1332137;"Motocicleta";"YAMAHA/XTZ250 LANDER/XTZ250 LANDER";2024;"Condutor";"Les�es Leves";42;"Masculino";0;1;0;0;-19,77639606;-44,12246704;"SPRF-MG";"DEL01-MG";"UOP02-DEL01-MG"
745976;1672064;2025-08-29;"sexta-feira";"17:45:00";"MG";40;510;"RIBEIRAO DAS NEVES";"Sim";"Trafegar com motocicleta (ou similar) entre as faixas";1;"Colis�o lateral mesmo sentido";"Com V�timas Feridas";"Anoitecer";"Crescente";"Chuva";"Dupla";"Reta;Aclive";"N�o";1332136;"Autom�vel";"FIAT/PUNTO ATTRACTIVE/PUNTO ATTRACTIVE";2014;"Condutor";"Ileso";39;"Masculino";1;0;0;0;-19,77639606;-44,12246704;"SPRF-MG";"DEL01-MG";"UOP02-DEL01-MG"
745976;1672067;2025-08-29;"sexta-feira";"17:45:00";"MG";40;510;"RIBEIRAO DAS NEVES";"N�o";"Condutor deixou de manter dist�ncia do ve�culo da frente";3;"Queda de ocupante de ve�culo";"Com V�timas Feridas";"Anoitecer";"Crescente";"Chuva";"Dupla";"Reta;Aclive";"N�o";1332138;"Autom�vel";"FIAT/SIENA FIRE FLEX/SIENA FIRE FLEX";2008;"Passageiro";"Ileso";38;"Feminino";1;0;0;0;-19,77639606;-44,12246704;"SPRF-MG";"DEL01-MG";"UOP02-DEL01-MG"
745976;1672066;2025-08-29;"sexta-feira";"17:45:00";"MG";40;510;"RIBEIRAO DAS NEVES";"N�o";"Condutor deixou de manter dist�ncia do ve�culo da frente";3;"Queda de ocupante de ve�culo";"Com V�timas Feridas";"Anoitecer";"Crescente";"Chuva";"Dupla";"Reta;Aclive";"N�o";1332138;"Autom�vel";"FIAT/SIENA FIRE FLEX/SIENA FIRE FLEX";2008;"Condutor";"Ileso";54;"Feminino";1;0;0;0;-19,77639606;-44,12246704;"SPRF-MG";"DEL01-MG";"UOP02-DEL01-MG"
745976;1672065;2025-08-29;"sexta-feira";"17:45:00";"MG";40;510;"RIBEIRAO DAS NEVES";"N�o";"Condutor deixou de manter dist�ncia do ve�culo da frente";3;"Queda de ocupante de ve�culo";"Com V�timas Feridas";"Anoitecer";"Crescente";"Chuva";"Dupla";"Reta;Aclive";"N�o";1332137;"Motocicleta";"YAMAHA/XTZ250 LANDER/XTZ250 LANDER";2024;"Condutor";"Les�es Leves";42;"Masculino";0;1;0;0;-19,77639606;-44,12246704;"SPRF-MG";"DEL01-MG";"UOP02-DEL01-MG"
745976;1672064;2025-08-29;"sexta-feira";"17:45:00";"MG";40;510;"RIBEIRAO DAS NEVES";"N�o";"Condutor deixou de manter dist�ncia do ve�culo da frente";3;"Queda de ocupante de ve�culo";"Com V�timas Feridas";"Anoitecer";"Crescente";"Chuva";"Dupla";"Reta;Aclive";"N�o";1332136;"Autom�vel";"FIAT/PUNTO ATTRACTIVE/PUNTO ATTRACTIVE";2014;"Condutor";"Ileso";39;"Masculino";1;0;0;0;-19,77639606;-44,12246704;"SPRF-MG";"DEL01-MG";"UOP02-DEL01-MG"
745976;1672067;2025-08-29;"sexta-feira";"17:45:00";"MG";40;510;"RIBEIRAO DAS NEVES";"N�o";"Condutor deixou de manter dist�ncia do ve�culo da frente";2;"Colis�o traseira";"Com V�timas Feridas";"Anoitecer";"Crescente";"Chuva";"Dupla";"Reta;Aclive";"N�o";1332138;"Autom�vel";"FIAT/SIENA FIRE FLEX/SIENA FIRE FLEX";2008;"Passageiro";"Ileso";38;"Feminino";1;0;0;0;-19,77639606;-44,12246704;"SPRF-MG";"DEL01-MG";"UOP02-DEL01-MG"
745976;1672066;2025-08-29;"sexta-feira";"17:45:00";"MG";40;510;"RIBEIRAO DAS NEVES";"N�o";"Condutor deixou de manter dist�ncia do ve�culo da frente";2;"Colis�o traseira";"Com V�timas Feridas";"Anoitecer";"Crescente";"Chuva";"Dupla";"Reta;Aclive";"N�o";1332138;"Autom�vel";"FIAT/SIENA FIRE FLEX/SIENA FIRE FLEX";2008;"Condutor";"Ileso";54;"Feminino";1;0;0;0;-19,77639606;-44,12246704;"SPRF-MG";"DEL01-MG";"UOP02-DEL01-MG"
745976;1672065;2025-08-29;"sexta-feira";"17:45:00";"MG";40;510;"RIBEIRAO DAS NEVES";"N�o";"Condutor deixou de manter dist�ncia do ve�culo da frente";2;"Colis�o traseira";"Com V�timas Feridas";"Anoitecer";"Crescente";"Chuva";"Dupla";"Reta;Aclive";"N�o";1332137;"Motocicleta";"YAMAHA/XTZ250 LANDER/XTZ250 LANDER";2024;"Condutor";"Les�es Leves";42;"Masculino";0;1;0;0;-19,77639606;-44,12246704;"SPRF-MG";"DEL01-MG";"UOP02-DEL01-MG"
745976;1672064;2025-08-29;"sexta-feira";"17:45:00";"MG";40;510;"RIBEIRAO DAS NEVES";"N�o";"Condutor deixou de manter dist�ncia do ve�culo da frente";2;"Colis�o traseira";"Com V�timas Feridas";"Anoitecer";"Crescente";"Chuva";"Dupla";"Reta;Aclive";"N�o";1332136;"Autom�vel";"FIAT/PUNTO ATTRACTIVE/PUNTO ATTRACTIVE";2014;"Condutor";"Ileso";39;"Masculino";1;0;0;0;-19,77639606;-44,12246704;"SPRF-MG";"DEL01-MG";"UOP02-DEL01-MG"
745976;1672067;2025-08-29;"sexta-feira";"17:45:00";"MG";40;510;"RIBEIRAO DAS NEVES";"N�o";"Condutor deixou de manter dist�ncia do ve�culo da frente";1;"Colis�o lateral mesmo sentido";"Com V�timas Feridas";"Anoitecer";"Crescente";"Chuva";"Dupla";"Reta;Aclive";"N�o";1332138;"Autom�vel";"FIAT/SIENA FIRE FLEX/SIENA FIRE FLEX";2008;"Passageiro";"Ileso";38;"Feminino";1;0;0;0;-19,77639606;-44,12246704;"SPRF-MG";"DEL01-MG";"UOP02-DEL01-MG"
745976;1672066;2025-08-29;"sexta-feira";"17:45:00";"MG";40;510;"RIBEIRAO DAS NEVES";"N�o";"Condutor deixou de manter dist�ncia do ve�culo da frente";1;"Colis�o lateral mesmo sentido";"Com V�timas Feridas";"Anoitecer";"Crescente";"Chuva";"Dupla";"Reta;Aclive";"N�o";1332138;"Autom�vel";"FIAT/SIENA FIRE FLEX/SIENA FIRE FLEX";2008;"Condutor";"Ileso";54;"Feminino";1;0;0;0;-19,77639606;-44,12246704;"SPRF-MG";"DEL01-MG";"UOP02-DEL01-MG"
745976;1672065;2025-08-29;"sexta-feira";"17:45:00";"MG";40;510;"RIBEIRAO DAS NEVES";"N�o";"Condutor deixou de manter dist�ncia do ve�culo da frente";1;"Colis�o lateral mesmo sentido";"Com V�timas Feridas";"Anoitecer";"Crescente";"Chuva";"Dupla";"Reta;Aclive";"N�o";1332137;"Motocicleta";"YAMAHA/XTZ250 LANDER/XTZ250 LANDER";2024;"Condutor";"Les�es Leves";42;"Masculino";0;1;0;0;-19,77639606;-44,12246704;"SPRF-MG";"DEL01-MG";"UOP02-DEL01-MG"
745976;1672064;2025-08-29;"sexta-feira";"17:45:00";"MG";40;510;"RIBEIRAO DAS NEVES";"N�o";"Condutor deixou de manter dist�ncia do ve�culo da frente";1;"Colis�o lateral mesmo sentido";"Com V�timas Feridas";"Anoitecer";"Crescente";"Chuva";"Dupla";"Reta;Aclive";"N�o";1332136;"Autom�vel";"FIAT/PUNTO ATTRACTIVE/PUNTO ATTRACTIVE";2014;"Condutor";"Ileso";39;"Masculino";1;0;0;0;-19,77639606;-44,12246704;"SPRF-MG";"DEL01-MG";"UOP02-DEL01-MG"
745976;1672067;2025-08-29;"sexta-feira";"17:45:00";"MG";40;510;"RIBEIRAO DAS NEVES";"N�o";"Aus�ncia de rea��o do condutor";3;"Queda de ocupante de ve�culo";"Com V�timas Feridas";"Anoitecer";"Crescente";"Chuva";"Dupla";"Reta;Aclive";"N�o";1332138;"Autom�vel";"FIAT/SIENA FIRE FLEX/SIENA FIRE FLEX";2008;"Passageiro";"Ileso";38;"Feminino";1;0;0;0;-19,77639606;-44,12246704;"SPRF-MG";"DEL01-MG";"UOP02-DEL01-MG"
745976;1672066;2025-08-29;"sexta-feira";"17:45:00";"MG";40;510;"RIBEIRAO DAS NEVES";"N�o";"Aus�ncia de rea��o do condutor";3;"Queda de ocupante de ve�culo";"Com V�timas Feridas";"Anoitecer";"Crescente";"Chuva";"Dupla";"Reta;Aclive";"N�o";1332138;"Autom�vel";"FIAT/SIENA FIRE FLEX/SIENA FIRE FLEX";2008;"Condutor";"Ileso";54;"Feminino";1;0;0;0;-19,77639606;-44,12246704;"SPRF-MG";"DEL01-MG";"UOP02-DEL01-MG"
745976;1672065;2025-08-29;"sexta-feira";"17:45:00";"MG";40;510;"RIBEIRAO DAS NEVES";"N�o";"Aus�ncia de rea��o do condutor";3;"Queda de ocupante de ve�culo";"Com V�timas Feridas";"Anoitecer";"Crescente";"Chuva";"Dupla";"Reta;Aclive";"N�o";1332137;"Motocicleta";"YAMAHA/XTZ250 LANDER/XTZ250 LANDER";2024;"Condutor";"Les�es Leves";42;"Masculino";0;1;0;0;-19,77639606;-44,12246704;"SPRF-MG";"DEL01-MG";"UOP02-DEL01-MG"