"id";"pesid";"data_inversa";"dia_semana";"horario";"uf";"br";"km";"municipio";"causa_principal";"causa_acidente";"ordem_tipo_acidente";"tipo_acidente";"classificacao_acidente";"fase_dia";"sentido_via";"condicao_metereologica";"tipo_pista";"tracado_via";"uso_solo";"id_veiculo";"tipo_veiculo";"marca";"ano_fabricacao_veiculo";"tipo_envolvido";"estado_fisico";"idade";"sexo";"ilesos";"feridos_leves";"feridos_graves";"mortos";"latitude";"longitude";"regional";"delegacia";"uop"
745976;1672064;2025-08-29;"sexta-feira";"17:45:00";"MG";40;510;"RIBEIRAO DAS NEVES";"N�o";"Aus�ncia de rea��o do condutor";3;"Queda de ocupante de ve�culo";"Com V�timas Feridas";"Anoitecer";"Crescente";"Chuva";"Dupla";"Reta;Aclive";"N�o";1332136;"Autom�vel";"FIAT/PUNTO ATTRACTIVE/PUNTO ATTRACTIVE";2014;"Condutor";"Ileso";39;"Masculino";1;0;0;0;-19,77639606;-44,12246704;"SPRF-MG";"DEL01-MG";"UOP02-DEL01-MG"
745976;1672067;2025-08-29;"sexta-feira";"17:45:00";"MG";40;510;"RIBEIRAO DAS NEVES";"N�o";"Aus�ncia de rea��o do condutor";2;"Colis�o traseira";"Com V�timas Feridas";"Anoitecer";"Crescente";"Chuva";"Dupla";"Reta;Aclive";"N�o";1332138;"Autom�vel";"FIAT/SIENA FIRE FLEX/SIENA FIRE FLEX";2008;"Passageiro";"Ileso";38;"Feminino";1;0;0;0;-19,77639606;-44,12246704;"SPRF-MG";"DEL01-MG";"UOP02-DEL01-MG"
745976;1672066;2025-08-29;"sexta-feira";"17:45:00";"MG";40;510;"RIBEIRAO DAS NEVES";"N�o";"Aus�ncia de rea��o do condutor";2;"Colis�o traseira";"Com V�timas Feridas";"Anoitecer";"Crescente";"Chuva";"Dupla";"Reta;Aclive";"N�o";1332138;"Autom�vel";"FIAT/SIENA FIRE FLEX/SIENA FIRE FLEX";2008;"Condutor";"Ileso";54;"Feminino";1;0;0;0;-19,77639606;-44,12246704;"SPRF-MG";"DEL01-MG";"UOP02-DEL01-MG"
745976;1672065;2025-08-29;"sexta-feira";"17:45:00";"MG";40;510;"RIBEIRAO DAS NEVES";"N�o";"Aus�ncia de rea��o do condutor";2;"Colis�o traseira";"Com V�timas Feridas";"Anoitecer";"Crescente";"Chuva";"Dupla";"Reta;Aclive";"N�o";1332137;"Motocicleta";"YAMAHA/XTZ250 LANDER/XTZ250 LANDER";2024;"Condutor";"Les�es Leves";42;"Masculino";0;1;0;0;-19,77639606;-44,12246704;"SPRF-MG";"DEL01-MG";"UOP02-DEL01-MG"
745976;1672064;2025-08-29;"sexta-feira";"17:45:00";"MG";40;510;"RIBEIRAO DAS NEVES";"N�o";"Aus�ncia de rea��o do condutor";2;"Colis�o traseira";"Com V�timas Feridas";"Anoitecer";"Crescente";"Chuva";"Dupla";"Reta;Aclive";"N�o";1332136;"Autom�vel";"FIAT/PUNTO ATTRACTIVE/PUNTO ATTRACTIVE";2014;"Condutor";"Ileso";39;"Masculino";1;0;0;0;-19,77639606;-44,12246704;"SPRF-MG";"DEL01-MG";"UOP02-DEL01-MG"
745976;1672067;2025-08-29;"sexta-feira";"17:45:00";"MG";40;510;"RIBEIRAO DAS NEVES";"N�o";"Aus�ncia de rea��o do condutor";1;"Colis�o lateral mesmo sentido";"Com V�timas Feridas";"Anoitecer";"Crescente";"Chuva";"Dupla";"Reta;Aclive";"N�o";1332138;"Autom�vel";"FIAT/SIENA FIRE FLEX/SIENA FIRE FLEX";2008;"Passageiro";"Ileso";38;"Feminino";1;0;0;0;-19,77639606;-44,12246704;"SPRF-MG";"DEL01-MG";"UOP02-DEL01-MG"
745976;1672066;2025-08-29;"sexta-feira";"17:45:00";"MG";40;510;"RIBEIRAO DAS NEVES";"N�o";"Aus�ncia de rea��o do condutor";1;"Colis�o lateral mesmo sentido";"Com V�timas Feridas";"Anoitecer";"Crescente";"Chuva";"Dupla";"Reta;Aclive";"N�o";1332138;"Autom�vel";"FIAT/SIENA FIRE FLEX/SIENA FIRE FLEX";2008;"Condutor";"Ileso";54;"Feminino";1;0;0;0;-19,77639606;-44,12246704;"SPRF-MG";"DEL01-MG";"UOP02-DEL01-MG"
745976;1672065;2025-08-29;"sexta-feira";"17:45:00";"MG";40;510;"RIBEIRAO DAS NEVES";"N�o";"Aus�ncia de rea��o do condutor";1;"Colis�o lateral mesmo sentido";"Com V�timas Feridas";"Anoitecer";"Crescente";"Chuva";"Dupla";"Reta;Aclive";"N�o";1332137;"Motocicleta";"YAMAHA/XTZ250 LANDER/XTZ250 LANDER";2024;"Condutor";"Les�es Leves";42;"Masculino";0;1;0;0;-19,77639606;-44,12246704;"SPRF-MG";"DEL01-MG";"UOP02-DEL01-MG"
745976;1672064;2025-08-29;"sexta-feira";"17:45:00";"MG";40;510;"RIBEIRAO DAS NEVES";"N�o";"Aus�ncia de rea��o do condutor";1;"Colis�o lateral mesmo sentido";"Com V�timas Feridas";"Anoitecer";"Crescente";"Chuva";"Dupla";"Reta;Aclive";"N�o";1332136;"Autom�vel";"FIAT/PUNTO ATTRACTIVE/PUNTO ATTRACTIVE";2014;"Condutor";"Ileso";39;"Masculino";1;0;0;0;-19,77639606;-44,12246704;"SPRF-MG";"DEL01-MG";"UOP02-DEL01-MG"
745983;1672102;2025-12-06;"s�bado";"19:20:00";"PR";373;411,8;"CANDOI";"Sim";"Afundamento ou ondula��o no pavimento";1;"Queda de ocupante de ve�culo";"Com V�timas Feridas";"Anoitecer";"Decrescente";"C�u Claro";"Simples";"Reta;Aclive";"N�o";1332154;"Motocicleta";"RE/ROYAL HUNTER 350/ROYAL HUNTER 350";0;"Condutor";"Les�es Graves";NA;"Masculino";0;0;1;0;-25,647595;-52,107689;"SPRF-PR";"DEL08-PR";"UOP01-DEL08-PR"
745983;1672102;2025-12-06;"s�bado";"19:20:00";"PR";373;411,8;"CANDOI";"N�o";"Rea��o tardia ou ineficiente do condutor";1;"Queda de ocupante de ve�culo";"Com V�timas Feridas";"Anoitecer";"Decrescente";"C�u Claro";"Simples";"Reta;Aclive";"N�o";1332154;"Motocicleta";"RE/ROYAL HUNTER 350/ROYAL HUNTER 350";0;"Condutor";"Les�es Graves";NA;"Masculino";0;0;1;0;-25,647595;-52,107689;"SPRF-PR";"DEL08-PR";"UOP01-DEL08-PR"
745992;1672101;2025-12-18;"quinta-feira";"06:35:00";"RN";226;195,2;"SAO VICENTE";"Sim";"Transitar na contram�o";2;"Queda de ocupante de ve�culo";"Com V�timas Feridas";"Pleno dia";"Decrescente";"C�u Claro";"Simples";"Reta";"N�o";1332158;"Motoneta";"HONDA/BIZ 125 ES/BIZ 125 ES";2012;"Condutor";"Les�es Graves";54;"Feminino";0;0;1;0;-6,23987917;-36,66069031;"SPRF-RN";"DEL03-RN";"UOP02-DEL03-RN"
745992;1672100;2025-12-18;"quinta-feira";"06:35:00";"RN";226;195,2;"SAO VICENTE";"Sim";"Transitar na contram�o";2;"Queda de ocupante de ve�culo";"Com V�timas Feridas";"Pleno dia";"Decrescente";"C�u Claro";"Simples";"Reta";"N�o";1332157;"Autom�vel";"VW/GOL 1.0/GOL 1.0";2008;"Condutor";"Les�es Leves";65;"Masculino";0;1;0;0;-6,23987917;-36,66069031;"SPRF-RN";"DEL03-RN";"UOP02-DEL03-RN"
745992;1672101;2025-12-18;"quinta-feira";"06:35:00";"RN";226;195,2;"SAO VICENTE";"Sim";"Transitar na contram�o";1;"Colis�o frontal";"Com V�timas Feridas";"Pleno dia";"Decrescente";"C�u Claro";"Simples";"Reta";"N�o";1332158;"Motoneta";"HONDA/BIZ 125 ES/BIZ 125 ES";2012;"Condutor";"Les�es Graves";54;"Feminino";0;0;1;0;-6,23987917;-36,66069031;"SPRF-RN";"DEL03-RN";"UOP02-DEL03-RN"
745992;1672100;2025-12-18;"quinta-feira";"06:35:00";"RN";226;195,2;"SAO VICENTE";"Sim";"Transitar na contram�o";1;"Colis�o frontal";"Com V�timas Feridas";"Pleno dia";"Decrescente";"C�u Claro";"Simples";"Reta";"N�o";1332157;"Autom�vel";"VW/GOL 1.0/GOL 1.0";2008;"Condutor";"Les�es Leves";65;"Masculino";0;1;0;0;-6,23987917;-36,66069031;"SPRF-RN";"DEL03-RN";"UOP02-DEL03-RN"
746028;NA;2025-12-23;"ter�a-feira";"08:50:00";"MG";251;457,5;"GRAO MOGOL";"N�o";"Velocidade Incompat�vel";1;"Colis�o lateral mesmo sentido";"Com V�timas Feridas";"Pleno dia";"Decrescente";"C�u Claro";"Simples";"Reta";"N�o";1332240;"Semireboque";"SR/RANDON SR FG/RANDON SR FG";2006;NA;NA;NA;NA;NA;NA;NA;NA;-16,43798765;-43,26129149;"SPRF-MG";"DEL12-MG";"UOP01-DEL12-MG"
746028;1672242;2025-12-23;"ter�a-feira";"08:50:00";"MG";251;457,5;"GRAO MOGOL";"N�o";"Velocidade Incompat�vel";1;"Colis�o lateral mesmo sentido";"Com V�timas Feridas";"Pleno dia";"Decrescente";"C�u Claro";"Simples";"Reta";"N�o";1332239;"Caminh�o-trator";"IVECO/STRALIS 490S44T/STRALIS 490S44T";2012;"Condutor";"Les�es Graves";42;"Masculino";0;0;1;0;-16,43798765;-43,26129149;"SPRF-MG";"DEL12-MG";"UOP01-DEL12-MG"
746028;1672241;2025-12-23;"ter�a-feira";"08:50:00";"MG";251;457,5;"GRAO MOGOL";"N�o";"Velocidade Incompat�vel";1;"Colis�o lateral mesmo sentido";"Com V�timas Feridas";"Pleno dia";"Decrescente";"C�u Claro";"Simples";"Reta";"N�o";1332238;"Caminhonete";"FIAT/STRADA FREEDOM CS13/STRADA FREEDOM CS13";2024;"Condutor";"Les�es Leves";69;"Masculino";0;1;0;0;-16,43798765;-43,26129149;"SPRF-MG";"DEL12-MG";"UOP01-DEL12-MG"
746028;NA;2025-12-23;"ter�a-feira";"08:50:00";"MG";251;457,5;"GRAO MOGOL";"Sim";"Ultrapassagem Indevida";1;"Colis�o lateral mesmo sentido";"Com V�timas Feridas";"Pleno dia";"Decrescente";"C�u Claro";"Simples";"Reta";"N�o";1332240;"Semireboque";"SR/RANDON SR FG/RANDON SR FG";2006;NA;NA;NA;NA;NA;NA;NA;NA;-16,43798765;-43,26129149;"SPRF-MG";"DEL12-MG";"UOP01-DEL12-MG"
746028;1672242;2025-12-23;"ter�a-feira";"08:50:00";"MG";251;457,5;"GRAO MOGOL";"Sim";"Ultrapassagem Indevida";1;"Colis�o lateral mesmo sentido";"Com V�timas Feridas";"Pleno dia";"Decrescente";"C�u Claro";"Simples";"Reta";"N�o";1332239;"Caminh�o-trator";"IVECO/STRALIS 490S44T/STRALIS 490S44T";2012;"Condutor";"Les�es Graves";42;"Masculino";0;0;1;0;-16,43798765;-43,26129149;"SPRF-MG";"DEL12-MG";"UOP01-DEL12-MG"
746028;1672241;2025-12-23;"ter�a-feira";"08:50:00";"MG";251;457,5;"GRAO MOGOL";"Sim";"Ultrapassagem Indevida";1;"Colis�o lateral mesmo sentido";"Com V�timas Feridas";"Pleno dia";"Decrescente";"C�u Claro";"Simples";"Reta";"N�o";1332238;"Caminhonete";"FIAT/STRADA FREEDOM CS13/STRADA FREEDOM CS13";2024;"Condutor";"Les�es Leves";69;"Masculino";0;1;0;0;-16,43798765;-43,26129149;"SPRF-MG";"DEL12-MG";"UOP01-DEL12-MG"
746082;1672376;2025-12-13;"s�bado";"21:15:00";"BA";418;89;"NOVA VICOSA";"Sim";"Acessar a via sem observar a presen�a dos outros ve�culos";2;"Queda de ocupante de ve�culo";"Com V�timas Feridas";"Plena Noite";"Decrescente";"C�u Claro";"Simples";"Reta";"Sim";1332335;"Autom�vel";"FIAT/PALIO FIRE FLEX/PALIO FIRE FLEX";0;"Condutor";"Ileso";45;"Feminino";1;0;0;0;-17,886135;-39,835;"SPRF-BA";"DEL09-BA";"UOP02-DEL09-BA"
746082;1672377;2025-12-13;"s�bado";"21:15:00";"BA";418;89;"NOVA VICOSA";"Sim";"Acessar a via sem observar a presen�a dos outros ve�culos";2;"Queda de ocupante de ve�culo";"Com V�timas Feridas";"Plena Noite";"Decrescente";"C�u Claro";"Simples";"Reta";"Sim";1332336;"Motocicleta";"HONDA/CG 150 TITAN EX/CG 150 TITAN EX";2013;"Condutor";"Les�es Graves";34;"Masculino";0;0;1;0;-17,886135;-39,835;"SPRF-BA";"DEL09-BA";"UOP02-DEL09-BA"
746082;1672376;2025-12-13;"s�bado";"21:15:00";"BA";418;89;"NOVA VICOSA";"Sim";"Acessar a via sem observar a presen�a dos outros ve�culos";1;"Colis�o transversal";"Com V�timas Feridas";"Plena Noite";"Decrescente";"C�u Claro";"Simples";"Reta";"Sim";1332335;"Autom�vel";"FIAT/PALIO FIRE FLEX/PALIO FIRE FLEX";0;"Condutor";"Ileso";45;"Feminino";1;0;0;0;-17,886135;-39,835;"SPRF-BA";"DEL09-BA";"UOP02-DEL09-BA"
746082;1672377;2025-12-13;"s�bado";"21:15:00";"BA";418;89;"NOVA VICOSA";"Sim";"Acessar a via sem observar a presen�a dos outros ve�culos";1;"Colis�o transversal";"Com V�timas Feridas";"Plena Noite";"Decrescente";"C�u Claro";"Simples";"Reta";"Sim";1332336;"Motocicleta";"HONDA/CG 150 TITAN EX/CG 150 TITAN EX";2013;"Condutor";"Les�es Graves";34;"Masculino";0;0;1;0;-17,886135;-39,835;"SPRF-BA";"DEL09-BA";"UOP02-DEL09-BA"
746091;1672436;2025-12-23;"ter�a-feira";"19:30:00";"RJ";101;559;"PARATY";"Sim";"Rea��o tardia ou ineficiente do condutor";1;"Colis�o traseira";"Com V�timas Feridas";"Plena Noite";"Decrescente";"C�u Claro";"Simples";"Reta";"N�o";1332374;"�nibus";"N�o Informado/N�o Informado/N�o Informado";0;"Condutor";"N�o Informado";NA;"N�o Informado";0;0;0;0;-23,1042612;-44,70798103;"SPRF-RJ";"DEL03-RJ";"UOP04-DEL03-RJ"
746091;1672435;2025-12-23;"ter�a-feira";"19:30:00";"RJ";101;559;"PARATY";"Sim";"Rea��o tardia ou ineficiente do condutor";1;"Colis�o traseira";"Com V�timas Feridas";"Plena Noite";"Decrescente";"C�u Claro";"Simples";"Reta";"N�o";1332373;"Caminhonete";"GM/S10 EXECUTIVE D 4X4/S10 EXECUTIVE D 4X4";2008;"Condutor";"Ileso";72;"Masculino";1;0;0;0;-23,1042612;-44,70798103;"SPRF-RJ";"DEL03-RJ";"UOP04-DEL03-RJ"
746091;1672434;2025-12-23;"ter�a-feira";"19:30:00";"RJ";101;559;"PARATY";"Sim";"Rea��o tardia ou ineficiente do condutor";1;"Colis�o traseira";"Com V�timas Feridas";"Plena Noite";"Decrescente";"C�u Claro";"Simples";"Reta";"N�o";1332372;"Motocicleta";"HONDA/NXR150 BROS ES/NXR150 BROS ES";2013;"Condutor";"Les�es Graves";57;"Masculino";0;0;1;0;-23,1042612;-44,70798103;"SPRF-RJ";"DEL03-RJ";"UOP04-DEL03-RJ"
746091;1672436;2025-12-23;"ter�a-feira";"19:30:00";"RJ";101;559;"PARATY";"N�o";"Convers�o proibida";1;"Colis�o traseira";"Com V�timas Feridas";"Plena Noite";"Decrescente";"C�u Claro";"Simples";"Reta";"N�o";1332374;"�nibus";"N�o Informado/N�o Informado/N�o Informado";0;"Condutor";"N�o Informado";NA;"N�o Informado";0;0;0;0;-23,1042612;-44,70798103;"SPRF-RJ";"DEL03-RJ";"UOP04-DEL03-RJ"
746091;1672435;2025-12-23;"ter�a-feira";"19:30:00";"RJ";101;559;"PARATY";"N�o";"Convers�o proibida";1;"Colis�o traseira";"Com V�timas Feridas";"Plena Noite";"Decrescente";"C�u Claro";"Simples";"Reta";"N�o";1332373;"Caminhonete";"GM/S10 EXECUTIVE D 4X4/S10 EXECUTIVE D 4X4";2008;"Condutor";"Ileso";72;"Masculino";1;0;0;0;-23,1042612;-44,70798103;"SPRF-RJ";"DEL03-RJ";"UOP04-DEL03-RJ"
746091;1672434;2025-12-23;"ter�a-feira";"19:30:00";"RJ";101;559;"PARATY";"N�o";"Convers�o proibida";1;"Colis�o traseira";"Com V�timas Feridas";"Plena Noite";"Decrescente";"C�u Claro";"Simples";"Reta";"N�o";1332372;"Motocicleta";"HONDA/NXR150 BROS ES/NXR150 BROS ES";2013;"Condutor";"Les�es Graves";57;"Masculino";0;0;1;0;-23,1042612;-44,70798103;"SPRF-RJ";"DEL03-RJ";"UOP04-DEL03-RJ"
746091;1672436;2025-12-23;"ter�a-feira";"19:30:00";"RJ";101;559;"PARATY";"N�o";"Condutor deixou de manter dist�ncia do ve�culo da frente";1;"Colis�o traseira";"Com V�timas Feridas";"Plena Noite";"Decrescente";"C�u Claro";"Simples";"Reta";"N�o";1332374;"�nibus";"N�o Informado/N�o Informado/N�o Informado";0;"Condutor";"N�o Informado";NA;"N�o Informado";0;0;0;0;-23,1042612;-44,70798103;"SPRF-RJ";"DEL03-RJ";"UOP04-DEL03-RJ"
746091;1672435;2025-12-23;"ter�a-feira";"19:30:00";"RJ";101;559;"PARATY";"N�o";"Condutor deixou de manter dist�ncia do ve�culo da frente";1;"Colis�o traseira";"Com V�timas Feridas";"Plena Noite";"Decrescente";"C�u Claro";"Simples";"Reta";"N�o";1332373;"Caminhonete";"GM/S10 EXECUTIVE D 4X4/S10 EXECUTIVE D 4X4";2008;"Condutor";"Ileso";72;"Masculino";1;0;0;0;-23,1042612;-44,70798103;"SPRF-RJ";"DEL03-RJ";"UOP04-DEL03-RJ"
746091;1672434;2025-12-23;"ter�a-feira";"19:30:00";"RJ";101;559;"PARATY";"N�o";"Condutor deixou de manter dist�ncia do ve�culo da frente";1;"Colis�o traseira";"Com V�timas Feridas";"Plena Noite";"Decrescente";"C�u Claro";"Simples";"Reta";"N�o";1332372;"Motocicleta";"HONDA/NXR150 BROS ES/NXR150 BROS ES";2013;"Condutor";"Les�es Graves";57;"Masculino";0;0;1;0;-23,1042612;-44,70798103;"SPRF-RJ";"DEL03-RJ";"UOP04-DEL03-RJ"
746135;1672531;2025-12-24;"quarta-feira";"15:24:00";"RJ";101;446;"ANGRA DOS REIS";"Sim";"Rea��o tardia ou ineficiente do condutor";1;"Queda de ocupante de ve�culo";"Com V�timas Feridas";"Pleno dia";"Decrescente";"C�u Claro";"Simples";"Reta";"N�o";1332440;"Motocicleta";"BAJAJ/PULSAR N150/PULSAR N150";2025;"Condutor";"Les�es Leves";NA;"Feminino";0;1;0;0;-23,0310831;-44,1746521;"SPRF-RJ";"DEL03-RJ";"UOP02-DEL03-RJ"
746144;1672542;2025-11-10;"segunda-feira";"07:50:00";"PR";116;18;"CURITIBA";"Sim";"Aus�ncia de rea��o do condutor";2;"Queda de ocupante de ve�culo";"Com V�timas Feridas";"Pleno dia";"Crescente";"Nublado";"Dupla";"Reta";"N�o";1332449;"Motoneta";"HONDA/BIZ EX/BIZ EX";2024;"Condutor";"Les�es Leves";21;"Feminino";0;1;0;0;-25,388852;-49,199898;"SPRF-PR";"DEL01-PR";"UOP02-DEL01-PR"
746144;1672541;2025-11-10;"segunda-feira";"07:50:00";"PR";116;18;"CURITIBA";"Sim";"Aus�ncia de rea��o do condutor";2;"Queda de ocupante de ve�culo";"Com V�timas Feridas";"Pleno dia";"Crescente";"Nublado";"Dupla";"Reta";"N�o";1332448;"Autom�vel";"FORD/KA GL/KA GL";2002;"Condutor";"Ileso";38;"Feminino";1;0;0;0;-25,388852;-49,199898;"SPRF-PR";"DEL01-PR";"UOP02-DEL01-PR"
746144;1672542;2025-11-10;"segunda-feira";"07:50:00";"PR";116;18;"CURITIBA";"Sim";"Aus�ncia de rea��o do condutor";1;"Colis�o lateral mesmo sentido";"Com V�timas Feridas";"Pleno dia";"Crescente";"Nublado";"Dupla";"Reta";"N�o";1332449;"Motoneta";"HONDA/BIZ EX/BIZ EX";2024;"Condutor";"Les�es Leves";21;"Feminino";0;1;0;0;-25,388852;-49,199898;"SPRF-PR";"DEL01-PR";"UOP02-DEL01-PR"
746144;1672541;2025-11-10;"segunda-feira";"07:50:00";"PR";116;18;"CURITIBA";"Sim";"Aus�ncia de rea��o do condutor";1;"Colis�o lateral mesmo sentido";"Com V�timas Feridas";"Pleno dia";"Crescente";"Nublado";"Dupla";"Reta";"N�o";1332448;"Autom�vel";"FORD/KA GL/KA GL";2002;"Condutor";"Ileso";38;"Feminino";1;0;0;0;-25,388852;-49,199898;"SPRF-PR";"DEL01-PR";"UOP02-DEL01-PR"
746159;1672580;2025-12-27;"s�bado";"11:40:00";"RJ";101;489;"ANGRA DOS REIS";"Sim";"Acessar a via sem observar a presen�a dos outros ve�culos";1;"Colis�o frontal";"Com V�timas Feridas";"Pleno dia";"Crescente";"C�u Claro";"Simples";"Reta";"Sim";1332475;"Motocicleta";"YAMAHA/YZF R15 ABS/YZF R15 ABS";2025;"Condutor";"Les�es Graves";33;"Masculino";0;0;1;0;-22,9569809;-44,3000588;"SPRF-RJ";"DEL03-RJ";"UOP03-DEL03-RJ"
746159;1672579;2025-12-27;"s�bado";"11:40:00";"RJ";101;489;"ANGRA DOS REIS";"Sim";"Acessar a via sem observar a presen�a dos outros ve�culos";1;"Colis�o frontal";"Com V�timas Feridas";"Pleno dia";"Crescente";"C�u Claro";"Simples";"Reta";"Sim";1332474;"Camioneta";"I/CHEV TRACKER PREMIER/CHEV TRACKER PREMIER";2018;"Condutor";"Ileso";71;"Masculino";1;0;0;0;-22,9569809;-44,3000588;"SPRF-RJ";"DEL03-RJ";"UOP03-DEL03-RJ"
746214;1672709;2025-12-05;"sexta-feira";"18:15:00";"BA";116;336;"TEOFILANDIA";"Sim";"Convers�o proibida";1;"Colis�o transversal";"Com V�timas Feridas";"Anoitecer";"Crescente";"Nublado";"Simples";"Reta";"Sim";1332581;"Motocicleta";"HONDA/CG 125 TITAN KS/CG 125 TITAN KS";2000;"Condutor";"Les�es Graves";26;"Masculino";0;0;1;0;-11,47911;-38,99505;"SPRF-BA";"DEL02-BA";"UOP01-DEL02-BA"
746214;1672708;2025-12-05;"sexta-feira";"18:15:00";"BA";116;336;"TEOFILANDIA";"Sim";"Convers�o proibida";1;"Colis�o transversal";"Com V�timas Feridas";"Anoitecer";"Crescente";"Nublado";"Simples";"Reta";"Sim";1332580;"Autom�vel";"VW/GOL 1.0/GOL 1.0";2012;"Condutor";"Ileso";27;"Masculino";1;0;0;0;-11,47911;-38,99505;"SPRF-BA";"DEL02-BA";"UOP01-DEL02-BA"
746284;1672858;2025-12-08;"segunda-feira";"14:00:00";"RS";392;67;"PELOTAS";"Sim";"Manobra de mudan�a de faixa";1;"Colis�o lateral mesmo sentido";"Com V�timas Feridas";"Pleno dia";"Crescente";"Vento";"Dupla";"Viaduto";"Sim";1332694;"Autom�vel";"VW/NOVO FOX TL MA/NOVO FOX TL MA";2014;"Condutor";"Ileso";54;"Feminino";1;0;0;0;-31,75599272;-52,39998293;"SPRF-RS";"DEL07-RS";"UOP01-DEL07-RS"
746284;1672857;2025-12-08;"segunda-feira";"14:00:00";"RS";392;67;"PELOTAS";"Sim";"Manobra de mudan�a de faixa";1;"Colis�o lateral mesmo sentido";"Com V�timas Feridas";"Pleno dia";"Crescente";"Vento";"Dupla";"Viaduto";"Sim";1332693;"Bicicleta";"N�o Informado/N�o Informado/N�o Informado";0;"Condutor";"Les�es Leves";57;"Masculino";0;1;0;0;-31,75599272;-52,39998293;"SPRF-RS";"DEL07-RS";"UOP01-DEL07-RS"
746409;1673181;2025-09-10;"quarta-feira";"01:30:00";"RO";319;144;"PORTO VELHO";"Sim";"Acessar a via sem observar a presen�a dos outros ve�culos";1;"Colis�o transversal";"Sem V�timas";"Plena Noite";"Decrescente";"Chuva";"Dupla";"Interse��o de Vias;Reta";"Sim";1332933;"Autom�vel";"FIAT/UNO MILLE WAY ECON/UNO MILLE WAY ECON";2011;"Condutor";"N�o Informado";NA;"N�o Informado";0;0;0;0;-8,8002905;-63,7617861;"SPRF-RO";"DEL01-RO";"UOP01-DEL01-RO"
746409;1673180;2025-09-10;"quarta-feira";"01:30:00";"RO";319;144;"PORTO VELHO";"Sim";"Acessar a via sem observar a presen�a dos outros ve�culos";1;"Colis�o transversal";"Sem V�timas";"Plena Noite";"Decrescente";"Chuva";"Dupla";"Interse��o de Vias;Reta";"Sim";1332932;"Autom�vel";"HYUNDAI/HB20 10M SENSE/HB20 10M SENSE";2020;"Condutor";"N�o Informado";NA;"N�o Informado";0;0;0;0;-8,8002905;-63,7617861;"SPRF-RO";"DEL01-RO";"UOP01-DEL01-RO"
746429;1673217;2025-12-05;"sexta-feira";"14:00:00";"PR";376;624;"SAO JOSE DOS PINHAIS";"Sim";"Aus�ncia de rea��o do condutor";2;"Queda de ocupante de ve�culo";"Com V�timas Feridas";"Pleno dia";"Crescente";"C�u Claro";"Dupla";"Reta";"N�o";1332964;"Motocicleta";"HONDA/CG 150 SPORT/CG 150 SPORT";0;"Condutor";"Les�es Leves";NA;"Masculino";0;1;0;0;-25,56570482;-49,18292709;"SPRF-PR";"DEL01-PR";"UOP04-DEL01-PR"
746429;1673216;2025-12-05;"sexta-feira";"14:00:00";"PR";376;624;"SAO JOSE DOS PINHAIS";"Sim";"Aus�ncia de rea��o do condutor";2;"Queda de ocupante de ve�culo";"Com V�timas Feridas";"Pleno dia";"Crescente";"C�u Claro";"Dupla";"Reta";"N�o";1332963;"Motocicleta";"HONDA/CG150 FAN ESDI/CG150 FAN ESDI";0;"Condutor";"Les�es Leves";NA;"Masculino";0;1;0;0;-25,56570482;-49,18292709;"SPRF-PR";"DEL01-PR";"UOP04-DEL01-PR"
746429;1673217;2025-12-05;"sexta-feira";"14:00:00";"PR";376;624;"SAO JOSE DOS PINHAIS";"Sim";"Aus�ncia de rea��o do condutor";1;"Colis�o traseira";"Com V�timas Feridas";"Pleno dia";"Crescente";"C�u Claro";"Dupla";"Reta";"N�o";1332964;"Motocicleta";"HONDA/CG 150 SPORT/CG 150 SPORT";0;"Condutor";"Les�es Leves";NA;"Masculino";0;1;0;0;-25,56570482;-49,18292709;"SPRF-PR";"DEL01-PR";"UOP04-DEL01-PR"
746429;1673216;2025-12-05;"sexta-feira";"14:00:00";"PR";376;624;"SAO JOSE DOS PINHAIS";"Sim";"Aus�ncia de rea��o do condutor";1;"Colis�o traseira";"Com V�timas Feridas";"Pleno dia";"Crescente";"C�u Claro";"Dupla";"Reta";"N�o";1332963;"Motocicleta";"HONDA/CG150 FAN ESDI/CG150 FAN ESDI";0;"Condutor";"Les�es Leves";NA;"Masculino";0;1;0;0;-25,56570482;-49,18292709;"SPRF-PR";"DEL01-PR";"UOP04-DEL01-PR"
746466;NA;2025-03-24;"segunda-feira";"18:30:00";"MG";251;218,8;"CACHOEIRA DE PAJEU";"Sim";"Transitar na contram�o";3;"Tombamento";"Com V�timas Feridas";"Anoitecer";"Decrescente";"C�u Claro";"Simples";"Reta";"N�o";1333022;"Semireboque";"SR/LIBRELATO CACAENCR 3E/LIBRELATO CACAENCR 3E";2013;NA;NA;NA;NA;NA;NA;NA;NA;-15,90520647;-41,54754639;"SPRF-MG";"DEL12-MG";"UOP02-DEL12-MG"
746466;1673325;2025-03-24;"segunda-feira";"18:30:00";"MG";251;218,8;"CACHOEIRA DE PAJEU";"Sim";"Transitar na contram�o";3;"Tombamento";"Com V�timas Feridas";"Anoitecer";"Decrescente";"C�u Claro";"Simples";"Reta";"N�o";1333021;"Caminh�o-trator";"VOLVO/FH 440 6X2T/FH 440 6X2T";2009;"Condutor";"Les�es Leves";36;"Masculino";0;1;0;0;-15,90520647;-41,54754639;"SPRF-MG";"DEL12-MG";"UOP02-DEL12-MG"