"id";"pesid";"data_inversa";"dia_semana";"horario";"uf";"br";"km";"municipio";"causa_principal";"causa_acidente";"ordem_tipo_acidente";"tipo_acidente";"classificacao_acidente";"fase_dia";"sentido_via";"condicao_metereologica";"tipo_pista";"tracado_via";"uso_solo";"id_veiculo";"tipo_veiculo";"marca";"ano_fabricacao_veiculo";"tipo_envolvido";"estado_fisico";"idade";"sexo";"ilesos";"feridos_leves";"feridos_graves";"mortos";"latitude";"longitude";"regional";"delegacia";"uop"
746466;NA;2025-03-24;"segunda-feira";"18:30:00";"MG";251;218,8;"CACHOEIRA DE PAJEU";"Sim";"Transitar na contram�o";2;"Sa�da de leito carro��vel";"Com V�timas Feridas";"Anoitecer";"Decrescente";"C�u Claro";"Simples";"Reta";"N�o";1333022;"Semireboque";"SR/LIBRELATO CACAENCR 3E/LIBRELATO CACAENCR 3E";2013;NA;NA;NA;NA;NA;NA;NA;NA;-15,90520647;-41,54754639;"SPRF-MG";"DEL12-MG";"UOP02-DEL12-MG"
746466;1673325;2025-03-24;"segunda-feira";"18:30:00";"MG";251;218,8;"CACHOEIRA DE PAJEU";"Sim";"Transitar na contram�o";2;"Sa�da de leito carro��vel";"Com V�timas Feridas";"Anoitecer";"Decrescente";"C�u Claro";"Simples";"Reta";"N�o";1333021;"Caminh�o-trator";"VOLVO/FH 440 6X2T/FH 440 6X2T";2009;"Condutor";"Les�es Leves";36;"Masculino";0;1;0;0;-15,90520647;-41,54754639;"SPRF-MG";"DEL12-MG";"UOP02-DEL12-MG"
746466;NA;2025-03-24;"segunda-feira";"18:30:00";"MG";251;218,8;"CACHOEIRA DE PAJEU";"Sim";"Transitar na contram�o";1;"Colis�o frontal";"Com V�timas Feridas";"Anoitecer";"Decrescente";"C�u Claro";"Simples";"Reta";"N�o";1333022;"Semireboque";"SR/LIBRELATO CACAENCR 3E/LIBRELATO CACAENCR 3E";2013;NA;NA;NA;NA;NA;NA;NA;NA;-15,90520647;-41,54754639;"SPRF-MG";"DEL12-MG";"UOP02-DEL12-MG"
746466;1673325;2025-03-24;"segunda-feira";"18:30:00";"MG";251;218,8;"CACHOEIRA DE PAJEU";"Sim";"Transitar na contram�o";1;"Colis�o frontal";"Com V�timas Feridas";"Anoitecer";"Decrescente";"C�u Claro";"Simples";"Reta";"N�o";1333021;"Caminh�o-trator";"VOLVO/FH 440 6X2T/FH 440 6X2T";2009;"Condutor";"Les�es Leves";36;"Masculino";0;1;0;0;-15,90520647;-41,54754639;"SPRF-MG";"DEL12-MG";"UOP02-DEL12-MG"
746466;NA;2025-03-24;"segunda-feira";"18:30:00";"MG";251;218,8;"CACHOEIRA DE PAJEU";"N�o";"Rea��o tardia ou ineficiente do condutor";3;"Tombamento";"Com V�timas Feridas";"Anoitecer";"Decrescente";"C�u Claro";"Simples";"Reta";"N�o";1333022;"Semireboque";"SR/LIBRELATO CACAENCR 3E/LIBRELATO CACAENCR 3E";2013;NA;NA;NA;NA;NA;NA;NA;NA;-15,90520647;-41,54754639;"SPRF-MG";"DEL12-MG";"UOP02-DEL12-MG"
746466;1673325;2025-03-24;"segunda-feira";"18:30:00";"MG";251;218,8;"CACHOEIRA DE PAJEU";"N�o";"Rea��o tardia ou ineficiente do condutor";3;"Tombamento";"Com V�timas Feridas";"Anoitecer";"Decrescente";"C�u Claro";"Simples";"Reta";"N�o";1333021;"Caminh�o-trator";"VOLVO/FH 440 6X2T/FH 440 6X2T";2009;"Condutor";"Les�es Leves";36;"Masculino";0;1;0;0;-15,90520647;-41,54754639;"SPRF-MG";"DEL12-MG";"UOP02-DEL12-MG"
746466;NA;2025-03-24;"segunda-feira";"18:30:00";"MG";251;218,8;"CACHOEIRA DE PAJEU";"N�o";"Rea��o tardia ou ineficiente do condutor";2;"Sa�da de leito carro��vel";"Com V�timas Feridas";"Anoitecer";"Decrescente";"C�u Claro";"Simples";"Reta";"N�o";1333022;"Semireboque";"SR/LIBRELATO CACAENCR 3E/LIBRELATO CACAENCR 3E";2013;NA;NA;NA;NA;NA;NA;NA;NA;-15,90520647;-41,54754639;"SPRF-MG";"DEL12-MG";"UOP02-DEL12-MG"
746466;1673325;2025-03-24;"segunda-feira";"18:30:00";"MG";251;218,8;"CACHOEIRA DE PAJEU";"N�o";"Rea��o tardia ou ineficiente do condutor";2;"Sa�da de leito carro��vel";"Com V�timas Feridas";"Anoitecer";"Decrescente";"C�u Claro";"Simples";"Reta";"N�o";1333021;"Caminh�o-trator";"VOLVO/FH 440 6X2T/FH 440 6X2T";2009;"Condutor";"Les�es Leves";36;"Masculino";0;1;0;0;-15,90520647;-41,54754639;"SPRF-MG";"DEL12-MG";"UOP02-DEL12-MG"
746466;NA;2025-03-24;"segunda-feira";"18:30:00";"MG";251;218,8;"CACHOEIRA DE PAJEU";"N�o";"Rea��o tardia ou ineficiente do condutor";1;"Colis�o frontal";"Com V�timas Feridas";"Anoitecer";"Decrescente";"C�u Claro";"Simples";"Reta";"N�o";1333022;"Semireboque";"SR/LIBRELATO CACAENCR 3E/LIBRELATO CACAENCR 3E";2013;NA;NA;NA;NA;NA;NA;NA;NA;-15,90520647;-41,54754639;"SPRF-MG";"DEL12-MG";"UOP02-DEL12-MG"
746466;1673325;2025-03-24;"segunda-feira";"18:30:00";"MG";251;218,8;"CACHOEIRA DE PAJEU";"N�o";"Rea��o tardia ou ineficiente do condutor";1;"Colis�o frontal";"Com V�timas Feridas";"Anoitecer";"Decrescente";"C�u Claro";"Simples";"Reta";"N�o";1333021;"Caminh�o-trator";"VOLVO/FH 440 6X2T/FH 440 6X2T";2009;"Condutor";"Les�es Leves";36;"Masculino";0;1;0;0;-15,90520647;-41,54754639;"SPRF-MG";"DEL12-MG";"UOP02-DEL12-MG"
746495;1673404;2025-11-28;"sexta-feira";"16:19:00";"ES";101;145,5;"LINHARES";"Sim";"Condutor deixou de manter dist�ncia do ve�culo da frente";1;"Colis�o traseira";"Com V�timas Feridas";"Pleno dia";"Decrescente";"C�u Claro";"M�ltipla";"Reta";"Sim";1333074;"Motocicleta";"N�o Informado/N�o Informado/N�o Informado";0;"Condutor";"Les�es Leves";32;"Masculino";0;1;0;0;-19,3664476;-40,0651644;"SPRF-ES";"DEL04-ES";"UOP01-DEL04-ES"
746495;1673405;2025-11-28;"sexta-feira";"16:19:00";"ES";101;145,5;"LINHARES";"Sim";"Condutor deixou de manter dist�ncia do ve�culo da frente";1;"Colis�o traseira";"Com V�timas Feridas";"Pleno dia";"Decrescente";"C�u Claro";"M�ltipla";"Reta";"Sim";1333075;"Caminhonete";"FIAT/STRADA WORKING/STRADA WORKING";2014;"Condutor";"Ileso";20;"Masculino";1;0;0;0;-19,3664476;-40,0651644;"SPRF-ES";"DEL04-ES";"UOP01-DEL04-ES"
746497;1673414;2025-12-01;"segunda-feira";"07:50:00";"SP";116;230,5;"SAO PAULO";"Sim";"Aus�ncia de rea��o do condutor";1;"Queda de ocupante de ve�culo";"Com V�timas Feridas";"Pleno dia";"Crescente";"C�u Claro";"M�ltipla";"Reta";"Sim";1333079;"Autom�vel";"NISSAN/KICKS SV CVT/KICKS SV CVT";2019;"Condutor";"Ileso";36;"Masculino";1;0;0;0;-23,5177729;-46,58112002;"SPRF-SP";"DEL01-SP";"UOP01-DEL01-SP"
746497;1673409;2025-12-01;"segunda-feira";"07:50:00";"SP";116;230,5;"SAO PAULO";"Sim";"Aus�ncia de rea��o do condutor";1;"Queda de ocupante de ve�culo";"Com V�timas Feridas";"Pleno dia";"Crescente";"C�u Claro";"M�ltipla";"Reta";"Sim";1333078;"Motoneta";"HONDA/ADV 150/ADV 150";2023;"Condutor";"Les�es Leves";27;"Masculino";0;1;0;0;-23,5177729;-46,58112002;"SPRF-SP";"DEL01-SP";"UOP01-DEL01-SP"
746504;1673423;2025-12-26;"sexta-feira";"20:23:00";"ES";101;15,2;"PEDRO CANARIO";"Sim";"Desrespeitar a prefer�ncia no cruzamento";1;"Colis�o transversal";"Com V�timas Feridas";"Pleno dia";"Decrescente";"C�u Claro";"Simples";"Interse��o de Vias;Reta";"N�o";1333086;"Motocicleta";"N�o Informado/N�o Informado/N�o Informado";0;"Passageiro";"Les�es Graves";16;"Feminino";0;0;1;0;-18,29541929;-39,9568646;"SPRF-ES";"DEL04-ES";"UOP02-DEL04-ES"
746504;1673422;2025-12-26;"sexta-feira";"20:23:00";"ES";101;15,2;"PEDRO CANARIO";"Sim";"Desrespeitar a prefer�ncia no cruzamento";1;"Colis�o transversal";"Com V�timas Feridas";"Pleno dia";"Decrescente";"C�u Claro";"Simples";"Interse��o de Vias;Reta";"N�o";1333086;"Motocicleta";"N�o Informado/N�o Informado/N�o Informado";0;"Condutor";"Les�es Leves";23;"Masculino";0;1;0;0;-18,29541929;-39,9568646;"SPRF-ES";"DEL04-ES";"UOP02-DEL04-ES"
746504;1673425;2025-12-26;"sexta-feira";"20:23:00";"ES";101;15,2;"PEDRO CANARIO";"Sim";"Desrespeitar a prefer�ncia no cruzamento";1;"Colis�o transversal";"Com V�timas Feridas";"Pleno dia";"Decrescente";"C�u Claro";"Simples";"Interse��o de Vias;Reta";"N�o";1333087;"Autom�vel";"VW/T CROSS CL TSI/T CROSS CL TSI";2024;"Passageiro";"Ileso";22;"Feminino";1;0;0;0;-18,29541929;-39,9568646;"SPRF-ES";"DEL04-ES";"UOP02-DEL04-ES"
746504;1673424;2025-12-26;"sexta-feira";"20:23:00";"ES";101;15,2;"PEDRO CANARIO";"Sim";"Desrespeitar a prefer�ncia no cruzamento";1;"Colis�o transversal";"Com V�timas Feridas";"Pleno dia";"Decrescente";"C�u Claro";"Simples";"Interse��o de Vias;Reta";"N�o";1333087;"Autom�vel";"VW/T CROSS CL TSI/T CROSS CL TSI";2024;"Condutor";"Ileso";34;"Masculino";1;0;0;0;-18,29541929;-39,9568646;"SPRF-ES";"DEL04-ES";"UOP02-DEL04-ES"
746520;1673445;2025-11-18;"ter�a-feira";"12:00:00";"BA";324;516;"FEIRA DE SANTANA";"Sim";"Acessar a via sem observar a presen�a dos outros ve�culos";1;"Colis�o transversal";"Com V�timas Feridas";"Pleno dia";"Crescente";"Ignorado";"Simples";"Reta";"Sim";1333105;"Motocicleta";"N�o Informado/N�o Informado/N�o Informado";0;"Condutor";"N�o Informado";NA;"N�o Informado";0;0;0;0;-12,24251078;-38,93875122;"SPRF-BA";"DEL02-BA";"UOP01-DEL02-BA"
746520;1673444;2025-11-18;"ter�a-feira";"12:00:00";"BA";324;516;"FEIRA DE SANTANA";"Sim";"Acessar a via sem observar a presen�a dos outros ve�culos";1;"Colis�o transversal";"Com V�timas Feridas";"Pleno dia";"Crescente";"Ignorado";"Simples";"Reta";"Sim";1333104;"Motocicleta";"YAMAHA/MT03 ABS/MT03 ABS";2017;"Condutor";"Les�es Leves";NA;"Masculino";0;1;0;0;-12,24251078;-38,93875122;"SPRF-BA";"DEL02-BA";"UOP01-DEL02-BA"
746541;1673753;2025-12-05;"sexta-feira";"23:10:00";"BA";110;28,3;"PAULO AFONSO";"Sim";"Ultrapassagem Indevida";1;"Colis�o frontal";"Com V�timas Fatais";"Plena Noite";"Crescente";"C�u Claro";"Simples";"Reta";"N�o";1333136;"�nibus";"SCANIA/MPOLO PARADISO LD/MPOLO PARADISO LD";2014;"Passageiro";"Les�es Graves";52;"Masculino";0;0;1;0;-9,6651217;-38,225261;"SPRF-BA";"DEL07-BA";"UOP01-DEL07-BA"
746541;1673506;2025-12-05;"sexta-feira";"23:10:00";"BA";110;28,3;"PAULO AFONSO";"Sim";"Ultrapassagem Indevida";1;"Colis�o frontal";"Com V�timas Fatais";"Plena Noite";"Crescente";"C�u Claro";"Simples";"Reta";"N�o";1333136;"�nibus";"SCANIA/MPOLO PARADISO LD/MPOLO PARADISO LD";2014;"Condutor";"Les�es Graves";27;"Masculino";0;0;1;0;-9,6651217;-38,225261;"SPRF-BA";"DEL07-BA";"UOP01-DEL07-BA"
746541;1673505;2025-12-05;"sexta-feira";"23:10:00";"BA";110;28,3;"PAULO AFONSO";"Sim";"Ultrapassagem Indevida";1;"Colis�o frontal";"Com V�timas Fatais";"Plena Noite";"Crescente";"C�u Claro";"Simples";"Reta";"N�o";1333135;"Autom�vel";"VW/GOL TL MB S/GOL TL MB S";2014;"Passageiro";"�bito";42;"Masculino";0;0;0;1;-9,6651217;-38,225261;"SPRF-BA";"DEL07-BA";"UOP01-DEL07-BA"
746541;1673504;2025-12-05;"sexta-feira";"23:10:00";"BA";110;28,3;"PAULO AFONSO";"Sim";"Ultrapassagem Indevida";1;"Colis�o frontal";"Com V�timas Fatais";"Plena Noite";"Crescente";"C�u Claro";"Simples";"Reta";"N�o";1333135;"Autom�vel";"VW/GOL TL MB S/GOL TL MB S";2014;"Condutor";"�bito";43;"Masculino";0;0;0;1;-9,6651217;-38,225261;"SPRF-BA";"DEL07-BA";"UOP01-DEL07-BA"
746645;1673792;2025-11-28;"sexta-feira";"18:00:00";"PE";424;64;"CAETES";"Sim";"Acessar a via sem observar a presen�a dos outros ve�culos";1;"Colis�o transversal";"Com V�timas Feridas";"Pleno dia";"Crescente";"C�u Claro";"Simples";"Reta";"Sim";1333341;"Autom�vel";"N�o Informado/N�o Informado/N�o Informado";0;"Condutor";"N�o Informado";NA;"N�o Informado";0;0;0;0;-8,75683063;-36,66103363;"SPRF-PE";"DEL03-PE";"UOP01-DEL03-PE"
746645;1673782;2025-11-28;"sexta-feira";"18:00:00";"PE";424;64;"CAETES";"Sim";"Acessar a via sem observar a presen�a dos outros ve�culos";1;"Colis�o transversal";"Com V�timas Feridas";"Pleno dia";"Crescente";"C�u Claro";"Simples";"Reta";"Sim";1333332;"Motocicleta";"HONDA/NXR160 BROS ESDD/NXR160 BROS ESDD";2019;"Condutor";"Les�es Graves";36;"Masculino";0;0;1;0;-8,75683063;-36,66103363;"SPRF-PE";"DEL03-PE";"UOP01-DEL03-PE"
746681;1673878;2025-11-14;"sexta-feira";"17:50:00";"GO";60;109;"GOIANAPOLIS";"Sim";"Condutor deixou de manter dist�ncia do ve�culo da frente";1;"Colis�o lateral mesmo sentido";"Com V�timas Feridas";"Anoitecer";"Crescente";"Ignorado";"Dupla";"Retorno Regulamentado";"N�o";1333405;"Caminhonete";"FIAT/STRADA ENDURANCE CS/STRADA ENDURANCE CS";2021;"Condutor";"Ileso";42;"Masculino";1;0;0;0;-16,4478107;-49,0232223;"SPRF-GO";"DEL01-GO";"UOP01-DEL01-GO"
746681;1673877;2025-11-14;"sexta-feira";"17:50:00";"GO";60;109;"GOIANAPOLIS";"Sim";"Condutor deixou de manter dist�ncia do ve�culo da frente";1;"Colis�o lateral mesmo sentido";"Com V�timas Feridas";"Anoitecer";"Crescente";"Ignorado";"Dupla";"Retorno Regulamentado";"N�o";1333404;"Motocicleta";"HONDA/CB 300R/CB 300R";2015;"Condutor";"Les�es Leves";29;"Masculino";0;1;0;0;-16,4478107;-49,0232223;"SPRF-GO";"DEL01-GO";"UOP01-DEL01-GO"
746683;NA;2025-11-12;"quarta-feira";"07:45:00";"PR";277;313;"PRUDENTOPOLIS";"N�o";"Rea��o tardia ou ineficiente do condutor";2;"Colis�o lateral sentido oposto";"Com V�timas Feridas";"Pleno dia";"Crescente";"C�u Claro";"Simples";"Declive;Curva";"N�o";1333417;"Semireboque";"SR/RANDON SR TQ/RANDON SR TQ";2003;NA;NA;NA;NA;NA;NA;NA;NA;-25,315859;-51,196881;"SPRF-PR";"DEL08-PR";"UOP01-DEL08-PR"
746683;NA;2025-11-12;"quarta-feira";"07:45:00";"PR";277;313;"PRUDENTOPOLIS";"N�o";"Rea��o tardia ou ineficiente do condutor";2;"Colis�o lateral sentido oposto";"Com V�timas Feridas";"Pleno dia";"Crescente";"C�u Claro";"Simples";"Declive;Curva";"N�o";1333416;"Semireboque";"SR/RANDON SR TQ/RANDON SR TQ";2003;NA;NA;NA;NA;NA;NA;NA;NA;-25,315859;-51,196881;"SPRF-PR";"DEL08-PR";"UOP01-DEL08-PR"
746683;NA;2025-11-12;"quarta-feira";"07:45:00";"PR";277;313;"PRUDENTOPOLIS";"N�o";"Rea��o tardia ou ineficiente do condutor";2;"Colis�o lateral sentido oposto";"Com V�timas Feridas";"Pleno dia";"Crescente";"C�u Claro";"Simples";"Declive;Curva";"N�o";1333415;"Semireboque";"R/GUERRA AG GR/GUERRA AG GR";2010;NA;NA;NA;NA;NA;NA;NA;NA;-25,315859;-51,196881;"SPRF-PR";"DEL08-PR";"UOP01-DEL08-PR"
746683;NA;2025-11-12;"quarta-feira";"07:45:00";"PR";277;313;"PRUDENTOPOLIS";"N�o";"Rea��o tardia ou ineficiente do condutor";2;"Colis�o lateral sentido oposto";"Com V�timas Feridas";"Pleno dia";"Crescente";"C�u Claro";"Simples";"Declive;Curva";"N�o";1333414;"Semireboque";"SR/LIBRELATO CACAENCR 3E/LIBRELATO CACAENCR 3E";2018;NA;NA;NA;NA;NA;NA;NA;NA;-25,315859;-51,196881;"SPRF-PR";"DEL08-PR";"UOP01-DEL08-PR"
746683;1673891;2025-11-12;"quarta-feira";"07:45:00";"PR";277;313;"PRUDENTOPOLIS";"N�o";"Rea��o tardia ou ineficiente do condutor";2;"Colis�o lateral sentido oposto";"Com V�timas Feridas";"Pleno dia";"Crescente";"C�u Claro";"Simples";"Declive;Curva";"N�o";1333413;"Caminh�o-trator";"I/SCANIA R380LA4X2HNA/SCANIA R380LA4X2HNA";2005;"Condutor";"Ileso";34;"Masculino";1;0;0;0;-25,315859;-51,196881;"SPRF-PR";"DEL08-PR";"UOP01-DEL08-PR"
746683;1673890;2025-11-12;"quarta-feira";"07:45:00";"PR";277;313;"PRUDENTOPOLIS";"N�o";"Rea��o tardia ou ineficiente do condutor";2;"Colis�o lateral sentido oposto";"Com V�timas Feridas";"Pleno dia";"Crescente";"C�u Claro";"Simples";"Declive;Curva";"N�o";1333412;"Caminh�o-trator";"VW/28.460 METEOR 6X2/28.460 METEOR 6X2";2022;"Passageiro";"Ileso";3;"Masculino";1;0;0;0;-25,315859;-51,196881;"SPRF-PR";"DEL08-PR";"UOP01-DEL08-PR"
746683;1673889;2025-11-12;"quarta-feira";"07:45:00";"PR";277;313;"PRUDENTOPOLIS";"N�o";"Rea��o tardia ou ineficiente do condutor";2;"Colis�o lateral sentido oposto";"Com V�timas Feridas";"Pleno dia";"Crescente";"C�u Claro";"Simples";"Declive;Curva";"N�o";1333412;"Caminh�o-trator";"VW/28.460 METEOR 6X2/28.460 METEOR 6X2";2022;"Passageiro";"Ileso";5;"Masculino";1;0;0;0;-25,315859;-51,196881;"SPRF-PR";"DEL08-PR";"UOP01-DEL08-PR"
746683;1673888;2025-11-12;"quarta-feira";"07:45:00";"PR";277;313;"PRUDENTOPOLIS";"N�o";"Rea��o tardia ou ineficiente do condutor";2;"Colis�o lateral sentido oposto";"Com V�timas Feridas";"Pleno dia";"Crescente";"C�u Claro";"Simples";"Declive;Curva";"N�o";1333412;"Caminh�o-trator";"VW/28.460 METEOR 6X2/28.460 METEOR 6X2";2022;"Passageiro";"Ileso";39;"Feminino";1;0;0;0;-25,315859;-51,196881;"SPRF-PR";"DEL08-PR";"UOP01-DEL08-PR"
746683;1673887;2025-11-12;"quarta-feira";"07:45:00";"PR";277;313;"PRUDENTOPOLIS";"N�o";"Rea��o tardia ou ineficiente do condutor";2;"Colis�o lateral sentido oposto";"Com V�timas Feridas";"Pleno dia";"Crescente";"C�u Claro";"Simples";"Declive;Curva";"N�o";1333412;"Caminh�o-trator";"VW/28.460 METEOR 6X2/28.460 METEOR 6X2";2022;"Condutor";"Ileso";32;"Masculino";1;0;0;0;-25,315859;-51,196881;"SPRF-PR";"DEL08-PR";"UOP01-DEL08-PR"
746683;1673886;2025-11-12;"quarta-feira";"07:45:00";"PR";277;313;"PRUDENTOPOLIS";"N�o";"Rea��o tardia ou ineficiente do condutor";2;"Colis�o lateral sentido oposto";"Com V�timas Feridas";"Pleno dia";"Crescente";"C�u Claro";"Simples";"Declive;Curva";"N�o";1333411;"Caminh�o-trator";"VOLVO/FH 440 6X2T/FH 440 6X2T";2009;"Condutor";"Les�es Graves";47;"Masculino";0;0;1;0;-25,315859;-51,196881;"SPRF-PR";"DEL08-PR";"UOP01-DEL08-PR"
746683;1673896;2025-11-12;"quarta-feira";"07:45:00";"PR";277;313;"PRUDENTOPOLIS";"N�o";"Rea��o tardia ou ineficiente do condutor";2;"Colis�o lateral sentido oposto";"Com V�timas Feridas";"Pleno dia";"Crescente";"C�u Claro";"Simples";"Declive;Curva";"N�o";NA;NA;"NA/NA/NA";NA;"Testemunha";"N�o Informado";NA;"N�o Informado";0;0;0;0;-25,315859;-51,196881;"SPRF-PR";"DEL08-PR";"UOP01-DEL08-PR"
746683;NA;2025-11-12;"quarta-feira";"07:45:00";"PR";277;313;"PRUDENTOPOLIS";"N�o";"Rea��o tardia ou ineficiente do condutor";1;"Colis�o lateral mesmo sentido";"Com V�timas Feridas";"Pleno dia";"Crescente";"C�u Claro";"Simples";"Declive;Curva";"N�o";1333417;"Semireboque";"SR/RANDON SR TQ/RANDON SR TQ";2003;NA;NA;NA;NA;NA;NA;NA;NA;-25,315859;-51,196881;"SPRF-PR";"DEL08-PR";"UOP01-DEL08-PR"
746683;NA;2025-11-12;"quarta-feira";"07:45:00";"PR";277;313;"PRUDENTOPOLIS";"N�o";"Rea��o tardia ou ineficiente do condutor";1;"Colis�o lateral mesmo sentido";"Com V�timas Feridas";"Pleno dia";"Crescente";"C�u Claro";"Simples";"Declive;Curva";"N�o";1333416;"Semireboque";"SR/RANDON SR TQ/RANDON SR TQ";2003;NA;NA;NA;NA;NA;NA;NA;NA;-25,315859;-51,196881;"SPRF-PR";"DEL08-PR";"UOP01-DEL08-PR"
746683;NA;2025-11-12;"quarta-feira";"07:45:00";"PR";277;313;"PRUDENTOPOLIS";"N�o";"Rea��o tardia ou ineficiente do condutor";1;"Colis�o lateral mesmo sentido";"Com V�timas Feridas";"Pleno dia";"Crescente";"C�u Claro";"Simples";"Declive;Curva";"N�o";1333415;"Semireboque";"R/GUERRA AG GR/GUERRA AG GR";2010;NA;NA;NA;NA;NA;NA;NA;NA;-25,315859;-51,196881;"SPRF-PR";"DEL08-PR";"UOP01-DEL08-PR"
746683;NA;2025-11-12;"quarta-feira";"07:45:00";"PR";277;313;"PRUDENTOPOLIS";"N�o";"Rea��o tardia ou ineficiente do condutor";1;"Colis�o lateral mesmo sentido";"Com V�timas Feridas";"Pleno dia";"Crescente";"C�u Claro";"Simples";"Declive;Curva";"N�o";1333414;"Semireboque";"SR/LIBRELATO CACAENCR 3E/LIBRELATO CACAENCR 3E";2018;NA;NA;NA;NA;NA;NA;NA;NA;-25,315859;-51,196881;"SPRF-PR";"DEL08-PR";"UOP01-DEL08-PR"
746683;1673891;2025-11-12;"quarta-feira";"07:45:00";"PR";277;313;"PRUDENTOPOLIS";"N�o";"Rea��o tardia ou ineficiente do condutor";1;"Colis�o lateral mesmo sentido";"Com V�timas Feridas";"Pleno dia";"Crescente";"C�u Claro";"Simples";"Declive;Curva";"N�o";1333413;"Caminh�o-trator";"I/SCANIA R380LA4X2HNA/SCANIA R380LA4X2HNA";2005;"Condutor";"Ileso";34;"Masculino";1;0;0;0;-25,315859;-51,196881;"SPRF-PR";"DEL08-PR";"UOP01-DEL08-PR"
746683;1673890;2025-11-12;"quarta-feira";"07:45:00";"PR";277;313;"PRUDENTOPOLIS";"N�o";"Rea��o tardia ou ineficiente do condutor";1;"Colis�o lateral mesmo sentido";"Com V�timas Feridas";"Pleno dia";"Crescente";"C�u Claro";"Simples";"Declive;Curva";"N�o";1333412;"Caminh�o-trator";"VW/28.460 METEOR 6X2/28.460 METEOR 6X2";2022;"Passageiro";"Ileso";3;"Masculino";1;0;0;0;-25,315859;-51,196881;"SPRF-PR";"DEL08-PR";"UOP01-DEL08-PR"
746683;1673889;2025-11-12;"quarta-feira";"07:45:00";"PR";277;313;"PRUDENTOPOLIS";"N�o";"Rea��o tardia ou ineficiente do condutor";1;"Colis�o lateral mesmo sentido";"Com V�timas Feridas";"Pleno dia";"Crescente";"C�u Claro";"Simples";"Declive;Curva";"N�o";1333412;"Caminh�o-trator";"VW/28.460 METEOR 6X2/28.460 METEOR 6X2";2022;"Passageiro";"Ileso";5;"Masculino";1;0;0;0;-25,315859;-51,196881;"SPRF-PR";"DEL08-PR";"UOP01-DEL08-PR"
746683;1673888;2025-11-12;"quarta-feira";"07:45:00";"PR";277;313;"PRUDENTOPOLIS";"N�o";"Rea��o tardia ou ineficiente do condutor";1;"Colis�o lateral mesmo sentido";"Com V�timas Feridas";"Pleno dia";"Crescente";"C�u Claro";"Simples";"Declive;Curva";"N�o";1333412;"Caminh�o-trator";"VW/28.460 METEOR 6X2/28.460 METEOR 6X2";2022;"Passageiro";"Ileso";39;"Feminino";1;0;0;0;-25,315859;-51,196881;"SPRF-PR";"DEL08-PR";"UOP01-DEL08-PR"
746683;1673887;2025-11-12;"quarta-feira";"07:45:00";"PR";277;313;"PRUDENTOPOLIS";"N�o";"Rea��o tardia ou ineficiente do condutor";1;"Colis�o lateral mesmo sentido";"Com V�timas Feridas";"Pleno dia";"Crescente";"C�u Claro";"Simples";"Declive;Curva";"N�o";1333412;"Caminh�o-trator";"VW/28.460 METEOR 6X2/28.460 METEOR 6X2";2022;"Condutor";"Ileso";32;"Masculino";1;0;0;0;-25,315859;-51,196881;"SPRF-PR";"DEL08-PR";"UOP01-DEL08-PR"
746683;1673886;2025-11-12;"quarta-feira";"07:45:00";"PR";277;313;"PRUDENTOPOLIS";"N�o";"Rea��o tardia ou ineficiente do condutor";1;"Colis�o lateral mesmo sentido";"Com V�timas Feridas";"Pleno dia";"Crescente";"C�u Claro";"Simples";"Declive;Curva";"N�o";1333411;"Caminh�o-trator";"VOLVO/FH 440 6X2T/FH 440 6X2T";2009;"Condutor";"Les�es Graves";47;"Masculino";0;0;1;0;-25,315859;-51,196881;"SPRF-PR";"DEL08-PR";"UOP01-DEL08-PR"
746683;1673896;2025-11-12;"quarta-feira";"07:45:00";"PR";277;313;"PRUDENTOPOLIS";"N�o";"Rea��o tardia ou ineficiente do condutor";1;"Colis�o lateral mesmo sentido";"Com V�timas Feridas";"Pleno dia";"Crescente";"C�u Claro";"Simples";"Declive;Curva";"N�o";NA;NA;"NA/NA/NA";NA;"Testemunha";"N�o Informado";NA;"N�o Informado";0;0;0;0;-25,315859;-51,196881;"SPRF-PR";"DEL08-PR";"UOP01-DEL08-PR"
746683;NA;2025-11-12;"quarta-feira";"07:45:00";"PR";277;313;"PRUDENTOPOLIS";"Sim";"Manobra de mudan�a de faixa";2;"Colis�o lateral sentido oposto";"Com V�timas Feridas";"Pleno dia";"Crescente";"C�u Claro";"Simples";"Declive;Curva";"N�o";1333417;"Semireboque";"SR/RANDON SR TQ/RANDON SR TQ";2003;NA;NA;NA;NA;NA;NA;NA;NA;-25,315859;-51,196881;"SPRF-PR";"DEL08-PR";"UOP01-DEL08-PR"