"id";"pesid";"data_inversa";"dia_semana";"horario";"uf";"br";"km";"municipio";"causa_principal";"causa_acidente";"ordem_tipo_acidente";"tipo_acidente";"classificacao_acidente";"fase_dia";"sentido_via";"condicao_metereologica";"tipo_pista";"tracado_via";"uso_solo";"id_veiculo";"tipo_veiculo";"marca";"ano_fabricacao_veiculo";"tipo_envolvido";"estado_fisico";"idade";"sexo";"ilesos";"feridos_leves";"feridos_graves";"mortos";"latitude";"longitude";"regional";"delegacia";"uop"
746683;NA;2025-11-12;"quarta-feira";"07:45:00";"PR";277;313;"PRUDENTOPOLIS";"Sim";"Manobra de mudan�a de faixa";2;"Colis�o lateral sentido oposto";"Com V�timas Feridas";"Pleno dia";"Crescente";"C�u Claro";"Simples";"Declive;Curva";"N�o";1333416;"Semireboque";"SR/RANDON SR TQ/RANDON SR TQ";2003;NA;NA;NA;NA;NA;NA;NA;NA;-25,315859;-51,196881;"SPRF-PR";"DEL08-PR";"UOP01-DEL08-PR"
746683;NA;2025-11-12;"quarta-feira";"07:45:00";"PR";277;313;"PRUDENTOPOLIS";"Sim";"Manobra de mudan�a de faixa";2;"Colis�o lateral sentido oposto";"Com V�timas Feridas";"Pleno dia";"Crescente";"C�u Claro";"Simples";"Declive;Curva";"N�o";1333415;"Semireboque";"R/GUERRA AG GR/GUERRA AG GR";2010;NA;NA;NA;NA;NA;NA;NA;NA;-25,315859;-51,196881;"SPRF-PR";"DEL08-PR";"UOP01-DEL08-PR"
746683;NA;2025-11-12;"quarta-feira";"07:45:00";"PR";277;313;"PRUDENTOPOLIS";"Sim";"Manobra de mudan�a de faixa";2;"Colis�o lateral sentido oposto";"Com V�timas Feridas";"Pleno dia";"Crescente";"C�u Claro";"Simples";"Declive;Curva";"N�o";1333414;"Semireboque";"SR/LIBRELATO CACAENCR 3E/LIBRELATO CACAENCR 3E";2018;NA;NA;NA;NA;NA;NA;NA;NA;-25,315859;-51,196881;"SPRF-PR";"DEL08-PR";"UOP01-DEL08-PR"
746683;1673891;2025-11-12;"quarta-feira";"07:45:00";"PR";277;313;"PRUDENTOPOLIS";"Sim";"Manobra de mudan�a de faixa";2;"Colis�o lateral sentido oposto";"Com V�timas Feridas";"Pleno dia";"Crescente";"C�u Claro";"Simples";"Declive;Curva";"N�o";1333413;"Caminh�o-trator";"I/SCANIA R380LA4X2HNA/SCANIA R380LA4X2HNA";2005;"Condutor";"Ileso";34;"Masculino";1;0;0;0;-25,315859;-51,196881;"SPRF-PR";"DEL08-PR";"UOP01-DEL08-PR"
746683;1673890;2025-11-12;"quarta-feira";"07:45:00";"PR";277;313;"PRUDENTOPOLIS";"Sim";"Manobra de mudan�a de faixa";2;"Colis�o lateral sentido oposto";"Com V�timas Feridas";"Pleno dia";"Crescente";"C�u Claro";"Simples";"Declive;Curva";"N�o";1333412;"Caminh�o-trator";"VW/28.460 METEOR 6X2/28.460 METEOR 6X2";2022;"Passageiro";"Ileso";3;"Masculino";1;0;0;0;-25,315859;-51,196881;"SPRF-PR";"DEL08-PR";"UOP01-DEL08-PR"
746683;1673889;2025-11-12;"quarta-feira";"07:45:00";"PR";277;313;"PRUDENTOPOLIS";"Sim";"Manobra de mudan�a de faixa";2;"Colis�o lateral sentido oposto";"Com V�timas Feridas";"Pleno dia";"Crescente";"C�u Claro";"Simples";"Declive;Curva";"N�o";1333412;"Caminh�o-trator";"VW/28.460 METEOR 6X2/28.460 METEOR 6X2";2022;"Passageiro";"Ileso";5;"Masculino";1;0;0;0;-25,315859;-51,196881;"SPRF-PR";"DEL08-PR";"UOP01-DEL08-PR"
746683;1673888;2025-11-12;"quarta-feira";"07:45:00";"PR";277;313;"PRUDENTOPOLIS";"Sim";"Manobra de mudan�a de faixa";2;"Colis�o lateral sentido oposto";"Com V�timas Feridas";"Pleno dia";"Crescente";"C�u Claro";"Simples";"Declive;Curva";"N�o";1333412;"Caminh�o-trator";"VW/28.460 METEOR 6X2/28.460 METEOR 6X2";2022;"Passageiro";"Ileso";39;"Feminino";1;0;0;0;-25,315859;-51,196881;"SPRF-PR";"DEL08-PR";"UOP01-DEL08-PR"
746683;1673887;2025-11-12;"quarta-feira";"07:45:00";"PR";277;313;"PRUDENTOPOLIS";"Sim";"Manobra de mudan�a de faixa";2;"Colis�o lateral sentido oposto";"Com V�timas Feridas";"Pleno dia";"Crescente";"C�u Claro";"Simples";"Declive;Curva";"N�o";1333412;"Caminh�o-trator";"VW/28.460 METEOR 6X2/28.460 METEOR 6X2";2022;"Condutor";"Ileso";32;"Masculino";1;0;0;0;-25,315859;-51,196881;"SPRF-PR";"DEL08-PR";"UOP01-DEL08-PR"
746683;1673886;2025-11-12;"quarta-feira";"07:45:00";"PR";277;313;"PRUDENTOPOLIS";"Sim";"Manobra de mudan�a de faixa";2;"Colis�o lateral sentido oposto";"Com V�timas Feridas";"Pleno dia";"Crescente";"C�u Claro";"Simples";"Declive;Curva";"N�o";1333411;"Caminh�o-trator";"VOLVO/FH 440 6X2T/FH 440 6X2T";2009;"Condutor";"Les�es Graves";47;"Masculino";0;0;1;0;-25,315859;-51,196881;"SPRF-PR";"DEL08-PR";"UOP01-DEL08-PR"
746683;1673896;2025-11-12;"quarta-feira";"07:45:00";"PR";277;313;"PRUDENTOPOLIS";"Sim";"Manobra de mudan�a de faixa";2;"Colis�o lateral sentido oposto";"Com V�timas Feridas";"Pleno dia";"Crescente";"C�u Claro";"Simples";"Declive;Curva";"N�o";NA;NA;"NA/NA/NA";NA;"Testemunha";"N�o Informado";NA;"N�o Informado";0;0;0;0;-25,315859;-51,196881;"SPRF-PR";"DEL08-PR";"UOP01-DEL08-PR"
746683;NA;2025-11-12;"quarta-feira";"07:45:00";"PR";277;313;"PRUDENTOPOLIS";"Sim";"Manobra de mudan�a de faixa";1;"Colis�o lateral mesmo sentido";"Com V�timas Feridas";"Pleno dia";"Crescente";"C�u Claro";"Simples";"Declive;Curva";"N�o";1333417;"Semireboque";"SR/RANDON SR TQ/RANDON SR TQ";2003;NA;NA;NA;NA;NA;NA;NA;NA;-25,315859;-51,196881;"SPRF-PR";"DEL08-PR";"UOP01-DEL08-PR"
746683;NA;2025-11-12;"quarta-feira";"07:45:00";"PR";277;313;"PRUDENTOPOLIS";"Sim";"Manobra de mudan�a de faixa";1;"Colis�o lateral mesmo sentido";"Com V�timas Feridas";"Pleno dia";"Crescente";"C�u Claro";"Simples";"Declive;Curva";"N�o";1333416;"Semireboque";"SR/RANDON SR TQ/RANDON SR TQ";2003;NA;NA;NA;NA;NA;NA;NA;NA;-25,315859;-51,196881;"SPRF-PR";"DEL08-PR";"UOP01-DEL08-PR"
746683;NA;2025-11-12;"quarta-feira";"07:45:00";"PR";277;313;"PRUDENTOPOLIS";"Sim";"Manobra de mudan�a de faixa";1;"Colis�o lateral mesmo sentido";"Com V�timas Feridas";"Pleno dia";"Crescente";"C�u Claro";"Simples";"Declive;Curva";"N�o";1333415;"Semireboque";"R/GUERRA AG GR/GUERRA AG GR";2010;NA;NA;NA;NA;NA;NA;NA;NA;-25,315859;-51,196881;"SPRF-PR";"DEL08-PR";"UOP01-DEL08-PR"
746683;NA;2025-11-12;"quarta-feira";"07:45:00";"PR";277;313;"PRUDENTOPOLIS";"Sim";"Manobra de mudan�a de faixa";1;"Colis�o lateral mesmo sentido";"Com V�timas Feridas";"Pleno dia";"Crescente";"C�u Claro";"Simples";"Declive;Curva";"N�o";1333414;"Semireboque";"SR/LIBRELATO CACAENCR 3E/LIBRELATO CACAENCR 3E";2018;NA;NA;NA;NA;NA;NA;NA;NA;-25,315859;-51,196881;"SPRF-PR";"DEL08-PR";"UOP01-DEL08-PR"
746683;1673891;2025-11-12;"quarta-feira";"07:45:00";"PR";277;313;"PRUDENTOPOLIS";"Sim";"Manobra de mudan�a de faixa";1;"Colis�o lateral mesmo sentido";"Com V�timas Feridas";"Pleno dia";"Crescente";"C�u Claro";"Simples";"Declive;Curva";"N�o";1333413;"Caminh�o-trator";"I/SCANIA R380LA4X2HNA/SCANIA R380LA4X2HNA";2005;"Condutor";"Ileso";34;"Masculino";1;0;0;0;-25,315859;-51,196881;"SPRF-PR";"DEL08-PR";"UOP01-DEL08-PR"
746683;1673890;2025-11-12;"quarta-feira";"07:45:00";"PR";277;313;"PRUDENTOPOLIS";"Sim";"Manobra de mudan�a de faixa";1;"Colis�o lateral mesmo sentido";"Com V�timas Feridas";"Pleno dia";"Crescente";"C�u Claro";"Simples";"Declive;Curva";"N�o";1333412;"Caminh�o-trator";"VW/28.460 METEOR 6X2/28.460 METEOR 6X2";2022;"Passageiro";"Ileso";3;"Masculino";1;0;0;0;-25,315859;-51,196881;"SPRF-PR";"DEL08-PR";"UOP01-DEL08-PR"
746683;1673889;2025-11-12;"quarta-feira";"07:45:00";"PR";277;313;"PRUDENTOPOLIS";"Sim";"Manobra de mudan�a de faixa";1;"Colis�o lateral mesmo sentido";"Com V�timas Feridas";"Pleno dia";"Crescente";"C�u Claro";"Simples";"Declive;Curva";"N�o";1333412;"Caminh�o-trator";"VW/28.460 METEOR 6X2/28.460 METEOR 6X2";2022;"Passageiro";"Ileso";5;"Masculino";1;0;0;0;-25,315859;-51,196881;"SPRF-PR";"DEL08-PR";"UOP01-DEL08-PR"
746683;1673888;2025-11-12;"quarta-feira";"07:45:00";"PR";277;313;"PRUDENTOPOLIS";"Sim";"Manobra de mudan�a de faixa";1;"Colis�o lateral mesmo sentido";"Com V�timas Feridas";"Pleno dia";"Crescente";"C�u Claro";"Simples";"Declive;Curva";"N�o";1333412;"Caminh�o-trator";"VW/28.460 METEOR 6X2/28.460 METEOR 6X2";2022;"Passageiro";"Ileso";39;"Feminino";1;0;0;0;-25,315859;-51,196881;"SPRF-PR";"DEL08-PR";"UOP01-DEL08-PR"
746683;1673887;2025-11-12;"quarta-feira";"07:45:00";"PR";277;313;"PRUDENTOPOLIS";"Sim";"Manobra de mudan�a de faixa";1;"Colis�o lateral mesmo sentido";"Com V�timas Feridas";"Pleno dia";"Crescente";"C�u Claro";"Simples";"Declive;Curva";"N�o";1333412;"Caminh�o-trator";"VW/28.460 METEOR 6X2/28.460 METEOR 6X2";2022;"Condutor";"Ileso";32;"Masculino";1;0;0;0;-25,315859;-51,196881;"SPRF-PR";"DEL08-PR";"UOP01-DEL08-PR"
746683;1673886;2025-11-12;"quarta-feira";"07:45:00";"PR";277;313;"PRUDENTOPOLIS";"Sim";"Manobra de mudan�a de faixa";1;"Colis�o lateral mesmo sentido";"Com V�timas Feridas";"Pleno dia";"Crescente";"C�u Claro";"Simples";"Declive;Curva";"N�o";1333411;"Caminh�o-trator";"VOLVO/FH 440 6X2T/FH 440 6X2T";2009;"Condutor";"Les�es Graves";47;"Masculino";0;0;1;0;-25,315859;-51,196881;"SPRF-PR";"DEL08-PR";"UOP01-DEL08-PR"
746683;1673896;2025-11-12;"quarta-feira";"07:45:00";"PR";277;313;"PRUDENTOPOLIS";"Sim";"Manobra de mudan�a de faixa";1;"Colis�o lateral mesmo sentido";"Com V�timas Feridas";"Pleno dia";"Crescente";"C�u Claro";"Simples";"Declive;Curva";"N�o";NA;NA;"NA/NA/NA";NA;"Testemunha";"N�o Informado";NA;"N�o Informado";0;0;0;0;-25,315859;-51,196881;"SPRF-PR";"DEL08-PR";"UOP01-DEL08-PR"
746683;NA;2025-11-12;"quarta-feira";"07:45:00";"PR";277;313;"PRUDENTOPOLIS";"N�o";"Condutor deixou de manter dist�ncia do ve�culo da frente";2;"Colis�o lateral sentido oposto";"Com V�timas Feridas";"Pleno dia";"Crescente";"C�u Claro";"Simples";"Declive;Curva";"N�o";1333417;"Semireboque";"SR/RANDON SR TQ/RANDON SR TQ";2003;NA;NA;NA;NA;NA;NA;NA;NA;-25,315859;-51,196881;"SPRF-PR";"DEL08-PR";"UOP01-DEL08-PR"
746683;NA;2025-11-12;"quarta-feira";"07:45:00";"PR";277;313;"PRUDENTOPOLIS";"N�o";"Condutor deixou de manter dist�ncia do ve�culo da frente";2;"Colis�o lateral sentido oposto";"Com V�timas Feridas";"Pleno dia";"Crescente";"C�u Claro";"Simples";"Declive;Curva";"N�o";1333416;"Semireboque";"SR/RANDON SR TQ/RANDON SR TQ";2003;NA;NA;NA;NA;NA;NA;NA;NA;-25,315859;-51,196881;"SPRF-PR";"DEL08-PR";"UOP01-DEL08-PR"
746683;NA;2025-11-12;"quarta-feira";"07:45:00";"PR";277;313;"PRUDENTOPOLIS";"N�o";"Condutor deixou de manter dist�ncia do ve�culo da frente";2;"Colis�o lateral sentido oposto";"Com V�timas Feridas";"Pleno dia";"Crescente";"C�u Claro";"Simples";"Declive;Curva";"N�o";1333415;"Semireboque";"R/GUERRA AG GR/GUERRA AG GR";2010;NA;NA;NA;NA;NA;NA;NA;NA;-25,315859;-51,196881;"SPRF-PR";"DEL08-PR";"UOP01-DEL08-PR"
746683;NA;2025-11-12;"quarta-feira";"07:45:00";"PR";277;313;"PRUDENTOPOLIS";"N�o";"Condutor deixou de manter dist�ncia do ve�culo da frente";2;"Colis�o lateral sentido oposto";"Com V�timas Feridas";"Pleno dia";"Crescente";"C�u Claro";"Simples";"Declive;Curva";"N�o";1333414;"Semireboque";"SR/LIBRELATO CACAENCR 3E/LIBRELATO CACAENCR 3E";2018;NA;NA;NA;NA;NA;NA;NA;NA;-25,315859;-51,196881;"SPRF-PR";"DEL08-PR";"UOP01-DEL08-PR"
746683;1673891;2025-11-12;"quarta-feira";"07:45:00";"PR";277;313;"PRUDENTOPOLIS";"N�o";"Condutor deixou de manter dist�ncia do ve�culo da frente";2;"Colis�o lateral sentido oposto";"Com V�timas Feridas";"Pleno dia";"Crescente";"C�u Claro";"Simples";"Declive;Curva";"N�o";1333413;"Caminh�o-trator";"I/SCANIA R380LA4X2HNA/SCANIA R380LA4X2HNA";2005;"Condutor";"Ileso";34;"Masculino";1;0;0;0;-25,315859;-51,196881;"SPRF-PR";"DEL08-PR";"UOP01-DEL08-PR"
746683;1673890;2025-11-12;"quarta-feira";"07:45:00";"PR";277;313;"PRUDENTOPOLIS";"N�o";"Condutor deixou de manter dist�ncia do ve�culo da frente";2;"Colis�o lateral sentido oposto";"Com V�timas Feridas";"Pleno dia";"Crescente";"C�u Claro";"Simples";"Declive;Curva";"N�o";1333412;"Caminh�o-trator";"VW/28.460 METEOR 6X2/28.460 METEOR 6X2";2022;"Passageiro";"Ileso";3;"Masculino";1;0;0;0;-25,315859;-51,196881;"SPRF-PR";"DEL08-PR";"UOP01-DEL08-PR"
746683;1673889;2025-11-12;"quarta-feira";"07:45:00";"PR";277;313;"PRUDENTOPOLIS";"N�o";"Condutor deixou de manter dist�ncia do ve�culo da frente";2;"Colis�o lateral sentido oposto";"Com V�timas Feridas";"Pleno dia";"Crescente";"C�u Claro";"Simples";"Declive;Curva";"N�o";1333412;"Caminh�o-trator";"VW/28.460 METEOR 6X2/28.460 METEOR 6X2";2022;"Passageiro";"Ileso";5;"Masculino";1;0;0;0;-25,315859;-51,196881;"SPRF-PR";"DEL08-PR";"UOP01-DEL08-PR"
746683;1673888;2025-11-12;"quarta-feira";"07:45:00";"PR";277;313;"PRUDENTOPOLIS";"N�o";"Condutor deixou de manter dist�ncia do ve�culo da frente";2;"Colis�o lateral sentido oposto";"Com V�timas Feridas";"Pleno dia";"Crescente";"C�u Claro";"Simples";"Declive;Curva";"N�o";1333412;"Caminh�o-trator";"VW/28.460 METEOR 6X2/28.460 METEOR 6X2";2022;"Passageiro";"Ileso";39;"Feminino";1;0;0;0;-25,315859;-51,196881;"SPRF-PR";"DEL08-PR";"UOP01-DEL08-PR"
746683;1673887;2025-11-12;"quarta-feira";"07:45:00";"PR";277;313;"PRUDENTOPOLIS";"N�o";"Condutor deixou de manter dist�ncia do ve�culo da frente";2;"Colis�o lateral sentido oposto";"Com V�timas Feridas";"Pleno dia";"Crescente";"C�u Claro";"Simples";"Declive;Curva";"N�o";1333412;"Caminh�o-trator";"VW/28.460 METEOR 6X2/28.460 METEOR 6X2";2022;"Condutor";"Ileso";32;"Masculino";1;0;0;0;-25,315859;-51,196881;"SPRF-PR";"DEL08-PR";"UOP01-DEL08-PR"
746683;1673886;2025-11-12;"quarta-feira";"07:45:00";"PR";277;313;"PRUDENTOPOLIS";"N�o";"Condutor deixou de manter dist�ncia do ve�culo da frente";2;"Colis�o lateral sentido oposto";"Com V�timas Feridas";"Pleno dia";"Crescente";"C�u Claro";"Simples";"Declive;Curva";"N�o";1333411;"Caminh�o-trator";"VOLVO/FH 440 6X2T/FH 440 6X2T";2009;"Condutor";"Les�es Graves";47;"Masculino";0;0;1;0;-25,315859;-51,196881;"SPRF-PR";"DEL08-PR";"UOP01-DEL08-PR"
746683;1673896;2025-11-12;"quarta-feira";"07:45:00";"PR";277;313;"PRUDENTOPOLIS";"N�o";"Condutor deixou de manter dist�ncia do ve�culo da frente";2;"Colis�o lateral sentido oposto";"Com V�timas Feridas";"Pleno dia";"Crescente";"C�u Claro";"Simples";"Declive;Curva";"N�o";NA;NA;"NA/NA/NA";NA;"Testemunha";"N�o Informado";NA;"N�o Informado";0;0;0;0;-25,315859;-51,196881;"SPRF-PR";"DEL08-PR";"UOP01-DEL08-PR"
746683;NA;2025-11-12;"quarta-feira";"07:45:00";"PR";277;313;"PRUDENTOPOLIS";"N�o";"Condutor deixou de manter dist�ncia do ve�culo da frente";1;"Colis�o lateral mesmo sentido";"Com V�timas Feridas";"Pleno dia";"Crescente";"C�u Claro";"Simples";"Declive;Curva";"N�o";1333417;"Semireboque";"SR/RANDON SR TQ/RANDON SR TQ";2003;NA;NA;NA;NA;NA;NA;NA;NA;-25,315859;-51,196881;"SPRF-PR";"DEL08-PR";"UOP01-DEL08-PR"
746683;NA;2025-11-12;"quarta-feira";"07:45:00";"PR";277;313;"PRUDENTOPOLIS";"N�o";"Condutor deixou de manter dist�ncia do ve�culo da frente";1;"Colis�o lateral mesmo sentido";"Com V�timas Feridas";"Pleno dia";"Crescente";"C�u Claro";"Simples";"Declive;Curva";"N�o";1333416;"Semireboque";"SR/RANDON SR TQ/RANDON SR TQ";2003;NA;NA;NA;NA;NA;NA;NA;NA;-25,315859;-51,196881;"SPRF-PR";"DEL08-PR";"UOP01-DEL08-PR"
746683;NA;2025-11-12;"quarta-feira";"07:45:00";"PR";277;313;"PRUDENTOPOLIS";"N�o";"Condutor deixou de manter dist�ncia do ve�culo da frente";1;"Colis�o lateral mesmo sentido";"Com V�timas Feridas";"Pleno dia";"Crescente";"C�u Claro";"Simples";"Declive;Curva";"N�o";1333415;"Semireboque";"R/GUERRA AG GR/GUERRA AG GR";2010;NA;NA;NA;NA;NA;NA;NA;NA;-25,315859;-51,196881;"SPRF-PR";"DEL08-PR";"UOP01-DEL08-PR"
746683;NA;2025-11-12;"quarta-feira";"07:45:00";"PR";277;313;"PRUDENTOPOLIS";"N�o";"Condutor deixou de manter dist�ncia do ve�culo da frente";1;"Colis�o lateral mesmo sentido";"Com V�timas Feridas";"Pleno dia";"Crescente";"C�u Claro";"Simples";"Declive;Curva";"N�o";1333414;"Semireboque";"SR/LIBRELATO CACAENCR 3E/LIBRELATO CACAENCR 3E";2018;NA;NA;NA;NA;NA;NA;NA;NA;-25,315859;-51,196881;"SPRF-PR";"DEL08-PR";"UOP01-DEL08-PR"
746683;1673891;2025-11-12;"quarta-feira";"07:45:00";"PR";277;313;"PRUDENTOPOLIS";"N�o";"Condutor deixou de manter dist�ncia do ve�culo da frente";1;"Colis�o lateral mesmo sentido";"Com V�timas Feridas";"Pleno dia";"Crescente";"C�u Claro";"Simples";"Declive;Curva";"N�o";1333413;"Caminh�o-trator";"I/SCANIA R380LA4X2HNA/SCANIA R380LA4X2HNA";2005;"Condutor";"Ileso";34;"Masculino";1;0;0;0;-25,315859;-51,196881;"SPRF-PR";"DEL08-PR";"UOP01-DEL08-PR"
746683;1673890;2025-11-12;"quarta-feira";"07:45:00";"PR";277;313;"PRUDENTOPOLIS";"N�o";"Condutor deixou de manter dist�ncia do ve�culo da frente";1;"Colis�o lateral mesmo sentido";"Com V�timas Feridas";"Pleno dia";"Crescente";"C�u Claro";"Simples";"Declive;Curva";"N�o";1333412;"Caminh�o-trator";"VW/28.460 METEOR 6X2/28.460 METEOR 6X2";2022;"Passageiro";"Ileso";3;"Masculino";1;0;0;0;-25,315859;-51,196881;"SPRF-PR";"DEL08-PR";"UOP01-DEL08-PR"
746683;1673889;2025-11-12;"quarta-feira";"07:45:00";"PR";277;313;"PRUDENTOPOLIS";"N�o";"Condutor deixou de manter dist�ncia do ve�culo da frente";1;"Colis�o lateral mesmo sentido";"Com V�timas Feridas";"Pleno dia";"Crescente";"C�u Claro";"Simples";"Declive;Curva";"N�o";1333412;"Caminh�o-trator";"VW/28.460 METEOR 6X2/28.460 METEOR 6X2";2022;"Passageiro";"Ileso";5;"Masculino";1;0;0;0;-25,315859;-51,196881;"SPRF-PR";"DEL08-PR";"UOP01-DEL08-PR"
746683;1673888;2025-11-12;"quarta-feira";"07:45:00";"PR";277;313;"PRUDENTOPOLIS";"N�o";"Condutor deixou de manter dist�ncia do ve�culo da frente";1;"Colis�o lateral mesmo sentido";"Com V�timas Feridas";"Pleno dia";"Crescente";"C�u Claro";"Simples";"Declive;Curva";"N�o";1333412;"Caminh�o-trator";"VW/28.460 METEOR 6X2/28.460 METEOR 6X2";2022;"Passageiro";"Ileso";39;"Feminino";1;0;0;0;-25,315859;-51,196881;"SPRF-PR";"DEL08-PR";"UOP01-DEL08-PR"
746683;1673887;2025-11-12;"quarta-feira";"07:45:00";"PR";277;313;"PRUDENTOPOLIS";"N�o";"Condutor deixou de manter dist�ncia do ve�culo da frente";1;"Colis�o lateral mesmo sentido";"Com V�timas Feridas";"Pleno dia";"Crescente";"C�u Claro";"Simples";"Declive;Curva";"N�o";1333412;"Caminh�o-trator";"VW/28.460 METEOR 6X2/28.460 METEOR 6X2";2022;"Condutor";"Ileso";32;"Masculino";1;0;0;0;-25,315859;-51,196881;"SPRF-PR";"DEL08-PR";"UOP01-DEL08-PR"
746683;1673886;2025-11-12;"quarta-feira";"07:45:00";"PR";277;313;"PRUDENTOPOLIS";"N�o";"Condutor deixou de manter dist�ncia do ve�culo da frente";1;"Colis�o lateral mesmo sentido";"Com V�timas Feridas";"Pleno dia";"Crescente";"C�u Claro";"Simples";"Declive;Curva";"N�o";1333411;"Caminh�o-trator";"VOLVO/FH 440 6X2T/FH 440 6X2T";2009;"Condutor";"Les�es Graves";47;"Masculino";0;0;1;0;-25,315859;-51,196881;"SPRF-PR";"DEL08-PR";"UOP01-DEL08-PR"
746683;1673896;2025-11-12;"quarta-feira";"07:45:00";"PR";277;313;"PRUDENTOPOLIS";"N�o";"Condutor deixou de manter dist�ncia do ve�culo da frente";1;"Colis�o lateral mesmo sentido";"Com V�timas Feridas";"Pleno dia";"Crescente";"C�u Claro";"Simples";"Declive;Curva";"N�o";NA;NA;"NA/NA/NA";NA;"Testemunha";"N�o Informado";NA;"N�o Informado";0;0;0;0;-25,315859;-51,196881;"SPRF-PR";"DEL08-PR";"UOP01-DEL08-PR"
746683;NA;2025-11-12;"quarta-feira";"07:45:00";"PR";277;313;"PRUDENTOPOLIS";"N�o";"Defici�ncia do Sistema de Ilumina��o/Sinaliza��o";2;"Colis�o lateral sentido oposto";"Com V�timas Feridas";"Pleno dia";"Crescente";"C�u Claro";"Simples";"Declive;Curva";"N�o";1333417;"Semireboque";"SR/RANDON SR TQ/RANDON SR TQ";2003;NA;NA;NA;NA;NA;NA;NA;NA;-25,315859;-51,196881;"SPRF-PR";"DEL08-PR";"UOP01-DEL08-PR"
746683;NA;2025-11-12;"quarta-feira";"07:45:00";"PR";277;313;"PRUDENTOPOLIS";"N�o";"Defici�ncia do Sistema de Ilumina��o/Sinaliza��o";2;"Colis�o lateral sentido oposto";"Com V�timas Feridas";"Pleno dia";"Crescente";"C�u Claro";"Simples";"Declive;Curva";"N�o";1333416;"Semireboque";"SR/RANDON SR TQ/RANDON SR TQ";2003;NA;NA;NA;NA;NA;NA;NA;NA;-25,315859;-51,196881;"SPRF-PR";"DEL08-PR";"UOP01-DEL08-PR"
746683;NA;2025-11-12;"quarta-feira";"07:45:00";"PR";277;313;"PRUDENTOPOLIS";"N�o";"Defici�ncia do Sistema de Ilumina��o/Sinaliza��o";2;"Colis�o lateral sentido oposto";"Com V�timas Feridas";"Pleno dia";"Crescente";"C�u Claro";"Simples";"Declive;Curva";"N�o";1333415;"Semireboque";"R/GUERRA AG GR/GUERRA AG GR";2010;NA;NA;NA;NA;NA;NA;NA;NA;-25,315859;-51,196881;"SPRF-PR";"DEL08-PR";"UOP01-DEL08-PR"
746683;NA;2025-11-12;"quarta-feira";"07:45:00";"PR";277;313;"PRUDENTOPOLIS";"N�o";"Defici�ncia do Sistema de Ilumina��o/Sinaliza��o";2;"Colis�o lateral sentido oposto";"Com V�timas Feridas";"Pleno dia";"Crescente";"C�u Claro";"Simples";"Declive;Curva";"N�o";1333414;"Semireboque";"SR/LIBRELATO CACAENCR 3E/LIBRELATO CACAENCR 3E";2018;NA;NA;NA;NA;NA;NA;NA;NA;-25,315859;-51,196881;"SPRF-PR";"DEL08-PR";"UOP01-DEL08-PR"
746683;1673891;2025-11-12;"quarta-feira";"07:45:00";"PR";277;313;"PRUDENTOPOLIS";"N�o";"Defici�ncia do Sistema de Ilumina��o/Sinaliza��o";2;"Colis�o lateral sentido oposto";"Com V�timas Feridas";"Pleno dia";"Crescente";"C�u Claro";"Simples";"Declive;Curva";"N�o";1333413;"Caminh�o-trator";"I/SCANIA R380LA4X2HNA/SCANIA R380LA4X2HNA";2005;"Condutor";"Ileso";34;"Masculino";1;0;0;0;-25,315859;-51,196881;"SPRF-PR";"DEL08-PR";"UOP01-DEL08-PR"
746683;1673890;2025-11-12;"quarta-feira";"07:45:00";"PR";277;313;"PRUDENTOPOLIS";"N�o";"Defici�ncia do Sistema de Ilumina��o/Sinaliza��o";2;"Colis�o lateral sentido oposto";"Com V�timas Feridas";"Pleno dia";"Crescente";"C�u Claro";"Simples";"Declive;Curva";"N�o";1333412;"Caminh�o-trator";"VW/28.460 METEOR 6X2/28.460 METEOR 6X2";2022;"Passageiro";"Ileso";3;"Masculino";1;0;0;0;-25,315859;-51,196881;"SPRF-PR";"DEL08-PR";"UOP01-DEL08-PR"
746683;1673889;2025-11-12;"quarta-feira";"07:45:00";"PR";277;313;"PRUDENTOPOLIS";"N�o";"Defici�ncia do Sistema de Ilumina��o/Sinaliza��o";2;"Colis�o lateral sentido oposto";"Com V�timas Feridas";"Pleno dia";"Crescente";"C�u Claro";"Simples";"Declive;Curva";"N�o";1333412;"Caminh�o-trator";"VW/28.460 METEOR 6X2/28.460 METEOR 6X2";2022;"Passageiro";"Ileso";5;"Masculino";1;0;0;0;-25,315859;-51,196881;"SPRF-PR";"DEL08-PR";"UOP01-DEL08-PR"
746683;1673888;2025-11-12;"quarta-feira";"07:45:00";"PR";277;313;"PRUDENTOPOLIS";"N�o";"Defici�ncia do Sistema de Ilumina��o/Sinaliza��o";2;"Colis�o lateral sentido oposto";"Com V�timas Feridas";"Pleno dia";"Crescente";"C�u Claro";"Simples";"Declive;Curva";"N�o";1333412;"Caminh�o-trator";"VW/28.460 METEOR 6X2/28.460 METEOR 6X2";2022;"Passageiro";"Ileso";39;"Feminino";1;0;0;0;-25,315859;-51,196881;"SPRF-PR";"DEL08-PR";"UOP01-DEL08-PR"