"id";"pesid";"data_inversa";"dia_semana";"horario";"uf";"br";"km";"municipio";"causa_principal";"causa_acidente";"ordem_tipo_acidente";"tipo_acidente";"classificacao_acidente";"fase_dia";"sentido_via";"condicao_metereologica";"tipo_pista";"tracado_via";"uso_solo";"id_veiculo";"tipo_veiculo";"marca";"ano_fabricacao_veiculo";"tipo_envolvido";"estado_fisico";"idade";"sexo";"ilesos";"feridos_leves";"feridos_graves";"mortos";"latitude";"longitude";"regional";"delegacia";"uop"
746683;1673887;2025-11-12;"quarta-feira";"07:45:00";"PR";277;313;"PRUDENTOPOLIS";"N�o";"Defici�ncia do Sistema de Ilumina��o/Sinaliza��o";2;"Colis�o lateral sentido oposto";"Com V�timas Feridas";"Pleno dia";"Crescente";"C�u Claro";"Simples";"Declive;Curva";"N�o";1333412;"Caminh�o-trator";"VW/28.460 METEOR 6X2/28.460 METEOR 6X2";2022;"Condutor";"Ileso";32;"Masculino";1;0;0;0;-25,315859;-51,196881;"SPRF-PR";"DEL08-PR";"UOP01-DEL08-PR"
746683;1673886;2025-11-12;"quarta-feira";"07:45:00";"PR";277;313;"PRUDENTOPOLIS";"N�o";"Defici�ncia do Sistema de Ilumina��o/Sinaliza��o";2;"Colis�o lateral sentido oposto";"Com V�timas Feridas";"Pleno dia";"Crescente";"C�u Claro";"Simples";"Declive;Curva";"N�o";1333411;"Caminh�o-trator";"VOLVO/FH 440 6X2T/FH 440 6X2T";2009;"Condutor";"Les�es Graves";47;"Masculino";0;0;1;0;-25,315859;-51,196881;"SPRF-PR";"DEL08-PR";"UOP01-DEL08-PR"
746683;1673896;2025-11-12;"quarta-feira";"07:45:00";"PR";277;313;"PRUDENTOPOLIS";"N�o";"Defici�ncia do Sistema de Ilumina��o/Sinaliza��o";2;"Colis�o lateral sentido oposto";"Com V�timas Feridas";"Pleno dia";"Crescente";"C�u Claro";"Simples";"Declive;Curva";"N�o";NA;NA;"NA/NA/NA";NA;"Testemunha";"N�o Informado";NA;"N�o Informado";0;0;0;0;-25,315859;-51,196881;"SPRF-PR";"DEL08-PR";"UOP01-DEL08-PR"
746683;NA;2025-11-12;"quarta-feira";"07:45:00";"PR";277;313;"PRUDENTOPOLIS";"N�o";"Defici�ncia do Sistema de Ilumina��o/Sinaliza��o";1;"Colis�o lateral mesmo sentido";"Com V�timas Feridas";"Pleno dia";"Crescente";"C�u Claro";"Simples";"Declive;Curva";"N�o";1333417;"Semireboque";"SR/RANDON SR TQ/RANDON SR TQ";2003;NA;NA;NA;NA;NA;NA;NA;NA;-25,315859;-51,196881;"SPRF-PR";"DEL08-PR";"UOP01-DEL08-PR"
746683;NA;2025-11-12;"quarta-feira";"07:45:00";"PR";277;313;"PRUDENTOPOLIS";"N�o";"Defici�ncia do Sistema de Ilumina��o/Sinaliza��o";1;"Colis�o lateral mesmo sentido";"Com V�timas Feridas";"Pleno dia";"Crescente";"C�u Claro";"Simples";"Declive;Curva";"N�o";1333416;"Semireboque";"SR/RANDON SR TQ/RANDON SR TQ";2003;NA;NA;NA;NA;NA;NA;NA;NA;-25,315859;-51,196881;"SPRF-PR";"DEL08-PR";"UOP01-DEL08-PR"
746683;NA;2025-11-12;"quarta-feira";"07:45:00";"PR";277;313;"PRUDENTOPOLIS";"N�o";"Defici�ncia do Sistema de Ilumina��o/Sinaliza��o";1;"Colis�o lateral mesmo sentido";"Com V�timas Feridas";"Pleno dia";"Crescente";"C�u Claro";"Simples";"Declive;Curva";"N�o";1333415;"Semireboque";"R/GUERRA AG GR/GUERRA AG GR";2010;NA;NA;NA;NA;NA;NA;NA;NA;-25,315859;-51,196881;"SPRF-PR";"DEL08-PR";"UOP01-DEL08-PR"
746683;NA;2025-11-12;"quarta-feira";"07:45:00";"PR";277;313;"PRUDENTOPOLIS";"N�o";"Defici�ncia do Sistema de Ilumina��o/Sinaliza��o";1;"Colis�o lateral mesmo sentido";"Com V�timas Feridas";"Pleno dia";"Crescente";"C�u Claro";"Simples";"Declive;Curva";"N�o";1333414;"Semireboque";"SR/LIBRELATO CACAENCR 3E/LIBRELATO CACAENCR 3E";2018;NA;NA;NA;NA;NA;NA;NA;NA;-25,315859;-51,196881;"SPRF-PR";"DEL08-PR";"UOP01-DEL08-PR"
746683;1673891;2025-11-12;"quarta-feira";"07:45:00";"PR";277;313;"PRUDENTOPOLIS";"N�o";"Defici�ncia do Sistema de Ilumina��o/Sinaliza��o";1;"Colis�o lateral mesmo sentido";"Com V�timas Feridas";"Pleno dia";"Crescente";"C�u Claro";"Simples";"Declive;Curva";"N�o";1333413;"Caminh�o-trator";"I/SCANIA R380LA4X2HNA/SCANIA R380LA4X2HNA";2005;"Condutor";"Ileso";34;"Masculino";1;0;0;0;-25,315859;-51,196881;"SPRF-PR";"DEL08-PR";"UOP01-DEL08-PR"
746683;1673890;2025-11-12;"quarta-feira";"07:45:00";"PR";277;313;"PRUDENTOPOLIS";"N�o";"Defici�ncia do Sistema de Ilumina��o/Sinaliza��o";1;"Colis�o lateral mesmo sentido";"Com V�timas Feridas";"Pleno dia";"Crescente";"C�u Claro";"Simples";"Declive;Curva";"N�o";1333412;"Caminh�o-trator";"VW/28.460 METEOR 6X2/28.460 METEOR 6X2";2022;"Passageiro";"Ileso";3;"Masculino";1;0;0;0;-25,315859;-51,196881;"SPRF-PR";"DEL08-PR";"UOP01-DEL08-PR"
746683;1673889;2025-11-12;"quarta-feira";"07:45:00";"PR";277;313;"PRUDENTOPOLIS";"N�o";"Defici�ncia do Sistema de Ilumina��o/Sinaliza��o";1;"Colis�o lateral mesmo sentido";"Com V�timas Feridas";"Pleno dia";"Crescente";"C�u Claro";"Simples";"Declive;Curva";"N�o";1333412;"Caminh�o-trator";"VW/28.460 METEOR 6X2/28.460 METEOR 6X2";2022;"Passageiro";"Ileso";5;"Masculino";1;0;0;0;-25,315859;-51,196881;"SPRF-PR";"DEL08-PR";"UOP01-DEL08-PR"
746683;1673888;2025-11-12;"quarta-feira";"07:45:00";"PR";277;313;"PRUDENTOPOLIS";"N�o";"Defici�ncia do Sistema de Ilumina��o/Sinaliza��o";1;"Colis�o lateral mesmo sentido";"Com V�timas Feridas";"Pleno dia";"Crescente";"C�u Claro";"Simples";"Declive;Curva";"N�o";1333412;"Caminh�o-trator";"VW/28.460 METEOR 6X2/28.460 METEOR 6X2";2022;"Passageiro";"Ileso";39;"Feminino";1;0;0;0;-25,315859;-51,196881;"SPRF-PR";"DEL08-PR";"UOP01-DEL08-PR"
746683;1673887;2025-11-12;"quarta-feira";"07:45:00";"PR";277;313;"PRUDENTOPOLIS";"N�o";"Defici�ncia do Sistema de Ilumina��o/Sinaliza��o";1;"Colis�o lateral mesmo sentido";"Com V�timas Feridas";"Pleno dia";"Crescente";"C�u Claro";"Simples";"Declive;Curva";"N�o";1333412;"Caminh�o-trator";"VW/28.460 METEOR 6X2/28.460 METEOR 6X2";2022;"Condutor";"Ileso";32;"Masculino";1;0;0;0;-25,315859;-51,196881;"SPRF-PR";"DEL08-PR";"UOP01-DEL08-PR"
746683;1673886;2025-11-12;"quarta-feira";"07:45:00";"PR";277;313;"PRUDENTOPOLIS";"N�o";"Defici�ncia do Sistema de Ilumina��o/Sinaliza��o";1;"Colis�o lateral mesmo sentido";"Com V�timas Feridas";"Pleno dia";"Crescente";"C�u Claro";"Simples";"Declive;Curva";"N�o";1333411;"Caminh�o-trator";"VOLVO/FH 440 6X2T/FH 440 6X2T";2009;"Condutor";"Les�es Graves";47;"Masculino";0;0;1;0;-25,315859;-51,196881;"SPRF-PR";"DEL08-PR";"UOP01-DEL08-PR"
746683;1673896;2025-11-12;"quarta-feira";"07:45:00";"PR";277;313;"PRUDENTOPOLIS";"N�o";"Defici�ncia do Sistema de Ilumina��o/Sinaliza��o";1;"Colis�o lateral mesmo sentido";"Com V�timas Feridas";"Pleno dia";"Crescente";"C�u Claro";"Simples";"Declive;Curva";"N�o";NA;NA;"NA/NA/NA";NA;"Testemunha";"N�o Informado";NA;"N�o Informado";0;0;0;0;-25,315859;-51,196881;"SPRF-PR";"DEL08-PR";"UOP01-DEL08-PR"
746694;1673935;2025-10-20;"segunda-feira";"18:50:00";"MG";116;701,8;"MURIAE";"Sim";"Acessar a via sem observar a presen�a dos outros ve�culos";1;"Colis�o transversal";"Com V�timas Feridas";"Plena Noite";"Decrescente";"C�u Claro";"Simples";"Reta";"N�o";1333448;"Motocicleta";"HONDA/CG 150 TITAN ES/CG 150 TITAN ES";2009;"Condutor";"Les�es Graves";NA;"Masculino";0;0;1;0;-21,1216216;-42,38016341;"SPRF-MG";"DEL07-MG";"UOP02-DEL07-MG"
746694;1673931;2025-10-20;"segunda-feira";"18:50:00";"MG";116;701,8;"MURIAE";"Sim";"Acessar a via sem observar a presen�a dos outros ve�culos";1;"Colis�o transversal";"Com V�timas Feridas";"Plena Noite";"Decrescente";"C�u Claro";"Simples";"Reta";"N�o";1333446;"Motocicleta";"HONDA/XRE 300 ABS/XRE 300 ABS";2021;"Condutor";"Les�es Leves";NA;"Masculino";0;1;0;0;-21,1216216;-42,38016341;"SPRF-MG";"DEL07-MG";"UOP02-DEL07-MG"
746694;1675985;2025-10-20;"segunda-feira";"18:50:00";"MG";116;701,8;"MURIAE";"Sim";"Acessar a via sem observar a presen�a dos outros ve�culos";1;"Colis�o transversal";"Com V�timas Feridas";"Plena Noite";"Decrescente";"C�u Claro";"Simples";"Reta";"N�o";NA;NA;"NA/NA/NA";NA;"Testemunha";"N�o Informado";NA;"N�o Informado";0;0;0;0;-21,1216216;-42,38016341;"SPRF-MG";"DEL07-MG";"UOP02-DEL07-MG"
746698;1673936;2025-11-17;"segunda-feira";"05:15:00";"SP";381;79;"SAO PAULO";"Sim";"Velocidade Incompat�vel";2;"Colis�o com objeto";"Com V�timas Feridas";"Pleno dia";"Crescente";"C�u Claro";"Dupla";"Curva";"Sim";1333447;"Caminh�o-trator";"SCANIA/G 420 A6X2/G 420 A6X2";2010;"Condutor";"Les�es Leves";27;"Masculino";0;1;0;0;-23,40547167;-46,57990392;"SPRF-SP";"DEL03-SP";"UOP01-DEL03-SP"
746698;NA;2025-11-17;"segunda-feira";"05:15:00";"SP";381;79;"SAO PAULO";"Sim";"Velocidade Incompat�vel";2;"Colis�o com objeto";"Com V�timas Feridas";"Pleno dia";"Crescente";"C�u Claro";"Dupla";"Curva";"Sim";1333454;"Semireboque";"SR/RANDONSP SRFG LO/RANDONSP SRFG LO";2013;NA;NA;NA;NA;NA;NA;NA;NA;-23,40547167;-46,57990392;"SPRF-SP";"DEL03-SP";"UOP01-DEL03-SP"
746698;1673936;2025-11-17;"segunda-feira";"05:15:00";"SP";381;79;"SAO PAULO";"Sim";"Velocidade Incompat�vel";1;"Tombamento";"Com V�timas Feridas";"Pleno dia";"Crescente";"C�u Claro";"Dupla";"Curva";"Sim";1333447;"Caminh�o-trator";"SCANIA/G 420 A6X2/G 420 A6X2";2010;"Condutor";"Les�es Leves";27;"Masculino";0;1;0;0;-23,40547167;-46,57990392;"SPRF-SP";"DEL03-SP";"UOP01-DEL03-SP"
746698;NA;2025-11-17;"segunda-feira";"05:15:00";"SP";381;79;"SAO PAULO";"Sim";"Velocidade Incompat�vel";1;"Tombamento";"Com V�timas Feridas";"Pleno dia";"Crescente";"C�u Claro";"Dupla";"Curva";"Sim";1333454;"Semireboque";"SR/RANDONSP SRFG LO/RANDONSP SRFG LO";2013;NA;NA;NA;NA;NA;NA;NA;NA;-23,40547167;-46,57990392;"SPRF-SP";"DEL03-SP";"UOP01-DEL03-SP"
746701;1674139;2025-10-25;"s�bado";"16:00:00";"MG";116;411;"GOVERNADOR VALADARES";"Sim";"Manobra de mudan�a de faixa";3;"Tombamento";"Com V�timas Feridas";"Pleno dia";"Crescente";"Ignorado";"Dupla";"Reta;Aclive";"Sim";1333463;"Autom�vel";"FORD/FIESTA FLEX/FIESTA FLEX";2012;"Passageiro";"Les�es Leves";NA;"Masculino";0;1;0;0;-18,87417591;-41,96623418;"SPRF-MG";"DEL06-MG";"UOP01-DEL06-MG"
746701;1674125;2025-10-25;"s�bado";"16:00:00";"MG";116;411;"GOVERNADOR VALADARES";"Sim";"Manobra de mudan�a de faixa";3;"Tombamento";"Com V�timas Feridas";"Pleno dia";"Crescente";"Ignorado";"Dupla";"Reta;Aclive";"Sim";1333463;"Autom�vel";"FORD/FIESTA FLEX/FIESTA FLEX";2012;"Condutor";"Ileso";NA;"Masculino";1;0;0;0;-18,87417591;-41,96623418;"SPRF-MG";"DEL06-MG";"UOP01-DEL06-MG"
746701;1674124;2025-10-25;"s�bado";"16:00:00";"MG";116;411;"GOVERNADOR VALADARES";"Sim";"Manobra de mudan�a de faixa";3;"Tombamento";"Com V�timas Feridas";"Pleno dia";"Crescente";"Ignorado";"Dupla";"Reta;Aclive";"Sim";1333464;"Motocicleta";"YAMAHA/XTZ 250 LANDER/XTZ 250 LANDER";2025;"Condutor";"Les�es Graves";NA;"Masculino";0;0;1;0;-18,87417591;-41,96623418;"SPRF-MG";"DEL06-MG";"UOP01-DEL06-MG"
746701;1674139;2025-10-25;"s�bado";"16:00:00";"MG";116;411;"GOVERNADOR VALADARES";"Sim";"Manobra de mudan�a de faixa";2;"Queda de ocupante de ve�culo";"Com V�timas Feridas";"Pleno dia";"Crescente";"Ignorado";"Dupla";"Reta;Aclive";"Sim";1333463;"Autom�vel";"FORD/FIESTA FLEX/FIESTA FLEX";2012;"Passageiro";"Les�es Leves";NA;"Masculino";0;1;0;0;-18,87417591;-41,96623418;"SPRF-MG";"DEL06-MG";"UOP01-DEL06-MG"
746701;1674125;2025-10-25;"s�bado";"16:00:00";"MG";116;411;"GOVERNADOR VALADARES";"Sim";"Manobra de mudan�a de faixa";2;"Queda de ocupante de ve�culo";"Com V�timas Feridas";"Pleno dia";"Crescente";"Ignorado";"Dupla";"Reta;Aclive";"Sim";1333463;"Autom�vel";"FORD/FIESTA FLEX/FIESTA FLEX";2012;"Condutor";"Ileso";NA;"Masculino";1;0;0;0;-18,87417591;-41,96623418;"SPRF-MG";"DEL06-MG";"UOP01-DEL06-MG"
746701;1674124;2025-10-25;"s�bado";"16:00:00";"MG";116;411;"GOVERNADOR VALADARES";"Sim";"Manobra de mudan�a de faixa";2;"Queda de ocupante de ve�culo";"Com V�timas Feridas";"Pleno dia";"Crescente";"Ignorado";"Dupla";"Reta;Aclive";"Sim";1333464;"Motocicleta";"YAMAHA/XTZ 250 LANDER/XTZ 250 LANDER";2025;"Condutor";"Les�es Graves";NA;"Masculino";0;0;1;0;-18,87417591;-41,96623418;"SPRF-MG";"DEL06-MG";"UOP01-DEL06-MG"
746701;1674139;2025-10-25;"s�bado";"16:00:00";"MG";116;411;"GOVERNADOR VALADARES";"Sim";"Manobra de mudan�a de faixa";1;"Colis�o lateral mesmo sentido";"Com V�timas Feridas";"Pleno dia";"Crescente";"Ignorado";"Dupla";"Reta;Aclive";"Sim";1333463;"Autom�vel";"FORD/FIESTA FLEX/FIESTA FLEX";2012;"Passageiro";"Les�es Leves";NA;"Masculino";0;1;0;0;-18,87417591;-41,96623418;"SPRF-MG";"DEL06-MG";"UOP01-DEL06-MG"
746701;1674125;2025-10-25;"s�bado";"16:00:00";"MG";116;411;"GOVERNADOR VALADARES";"Sim";"Manobra de mudan�a de faixa";1;"Colis�o lateral mesmo sentido";"Com V�timas Feridas";"Pleno dia";"Crescente";"Ignorado";"Dupla";"Reta;Aclive";"Sim";1333463;"Autom�vel";"FORD/FIESTA FLEX/FIESTA FLEX";2012;"Condutor";"Ileso";NA;"Masculino";1;0;0;0;-18,87417591;-41,96623418;"SPRF-MG";"DEL06-MG";"UOP01-DEL06-MG"
746701;1674124;2025-10-25;"s�bado";"16:00:00";"MG";116;411;"GOVERNADOR VALADARES";"Sim";"Manobra de mudan�a de faixa";1;"Colis�o lateral mesmo sentido";"Com V�timas Feridas";"Pleno dia";"Crescente";"Ignorado";"Dupla";"Reta;Aclive";"Sim";1333464;"Motocicleta";"YAMAHA/XTZ 250 LANDER/XTZ 250 LANDER";2025;"Condutor";"Les�es Graves";NA;"Masculino";0;0;1;0;-18,87417591;-41,96623418;"SPRF-MG";"DEL06-MG";"UOP01-DEL06-MG"
746702;1673930;2025-10-19;"domingo";"16:35:00";"SC";101;153;"PORTO BELO";"Sim";"Trafegar com motocicleta (ou similar) entre as faixas";2;"Colis�o lateral mesmo sentido";"Com V�timas Feridas";"Pleno dia";"Decrescente";"C�u Claro";"Dupla";"Reta";"N�o";1333453;"Camioneta";"I/VW TAOS HL TSI AE/VW TAOS HL TSI AE";2021;"Condutor";"Ileso";41;"Masculino";1;0;0;0;-27,14183791;-48,61017426;"SPRF-SC";"DEL04-SC";"UOP03-DEL04-SC"
746702;1673929;2025-10-19;"domingo";"16:35:00";"SC";101;153;"PORTO BELO";"Sim";"Trafegar com motocicleta (ou similar) entre as faixas";2;"Colis�o lateral mesmo sentido";"Com V�timas Feridas";"Pleno dia";"Decrescente";"C�u Claro";"Dupla";"Reta";"N�o";1333452;"Autom�vel";"CAOACHERY/ARRIZO6 GSX/ARRIZO6 GSX";2020;"Condutor";"Ileso";36;"Masculino";1;0;0;0;-27,14183791;-48,61017426;"SPRF-SC";"DEL04-SC";"UOP03-DEL04-SC"
746702;1673928;2025-10-19;"domingo";"16:35:00";"SC";101;153;"PORTO BELO";"Sim";"Trafegar com motocicleta (ou similar) entre as faixas";2;"Colis�o lateral mesmo sentido";"Com V�timas Feridas";"Pleno dia";"Decrescente";"C�u Claro";"Dupla";"Reta";"N�o";1333451;"Motocicleta";"HONDA/CB600F HORNET/CB600F HORNET";2007;"Passageiro";"Les�es Leves";37;"Feminino";0;1;0;0;-27,14183791;-48,61017426;"SPRF-SC";"DEL04-SC";"UOP03-DEL04-SC"
746702;1673927;2025-10-19;"domingo";"16:35:00";"SC";101;153;"PORTO BELO";"Sim";"Trafegar com motocicleta (ou similar) entre as faixas";2;"Colis�o lateral mesmo sentido";"Com V�timas Feridas";"Pleno dia";"Decrescente";"C�u Claro";"Dupla";"Reta";"N�o";1333451;"Motocicleta";"HONDA/CB600F HORNET/CB600F HORNET";2007;"Condutor";"Les�es Graves";47;"Masculino";0;0;1;0;-27,14183791;-48,61017426;"SPRF-SC";"DEL04-SC";"UOP03-DEL04-SC"
746702;1673926;2025-10-19;"domingo";"16:35:00";"SC";101;153;"PORTO BELO";"Sim";"Trafegar com motocicleta (ou similar) entre as faixas";2;"Colis�o lateral mesmo sentido";"Com V�timas Feridas";"Pleno dia";"Decrescente";"C�u Claro";"Dupla";"Reta";"N�o";1333450;"Motocicleta";"YAMAHA/MT07 ABS/MT07 ABS";2022;"Condutor";"Les�es Graves";21;"Masculino";0;0;1;0;-27,14183791;-48,61017426;"SPRF-SC";"DEL04-SC";"UOP03-DEL04-SC"
746702;1673930;2025-10-19;"domingo";"16:35:00";"SC";101;153;"PORTO BELO";"Sim";"Trafegar com motocicleta (ou similar) entre as faixas";1;"Colis�o lateral mesmo sentido";"Com V�timas Feridas";"Pleno dia";"Decrescente";"C�u Claro";"Dupla";"Reta";"N�o";1333453;"Camioneta";"I/VW TAOS HL TSI AE/VW TAOS HL TSI AE";2021;"Condutor";"Ileso";41;"Masculino";1;0;0;0;-27,14183791;-48,61017426;"SPRF-SC";"DEL04-SC";"UOP03-DEL04-SC"
746702;1673929;2025-10-19;"domingo";"16:35:00";"SC";101;153;"PORTO BELO";"Sim";"Trafegar com motocicleta (ou similar) entre as faixas";1;"Colis�o lateral mesmo sentido";"Com V�timas Feridas";"Pleno dia";"Decrescente";"C�u Claro";"Dupla";"Reta";"N�o";1333452;"Autom�vel";"CAOACHERY/ARRIZO6 GSX/ARRIZO6 GSX";2020;"Condutor";"Ileso";36;"Masculino";1;0;0;0;-27,14183791;-48,61017426;"SPRF-SC";"DEL04-SC";"UOP03-DEL04-SC"
746702;1673928;2025-10-19;"domingo";"16:35:00";"SC";101;153;"PORTO BELO";"Sim";"Trafegar com motocicleta (ou similar) entre as faixas";1;"Colis�o lateral mesmo sentido";"Com V�timas Feridas";"Pleno dia";"Decrescente";"C�u Claro";"Dupla";"Reta";"N�o";1333451;"Motocicleta";"HONDA/CB600F HORNET/CB600F HORNET";2007;"Passageiro";"Les�es Leves";37;"Feminino";0;1;0;0;-27,14183791;-48,61017426;"SPRF-SC";"DEL04-SC";"UOP03-DEL04-SC"
746702;1673927;2025-10-19;"domingo";"16:35:00";"SC";101;153;"PORTO BELO";"Sim";"Trafegar com motocicleta (ou similar) entre as faixas";1;"Colis�o lateral mesmo sentido";"Com V�timas Feridas";"Pleno dia";"Decrescente";"C�u Claro";"Dupla";"Reta";"N�o";1333451;"Motocicleta";"HONDA/CB600F HORNET/CB600F HORNET";2007;"Condutor";"Les�es Graves";47;"Masculino";0;0;1;0;-27,14183791;-48,61017426;"SPRF-SC";"DEL04-SC";"UOP03-DEL04-SC"
746702;1673926;2025-10-19;"domingo";"16:35:00";"SC";101;153;"PORTO BELO";"Sim";"Trafegar com motocicleta (ou similar) entre as faixas";1;"Colis�o lateral mesmo sentido";"Com V�timas Feridas";"Pleno dia";"Decrescente";"C�u Claro";"Dupla";"Reta";"N�o";1333450;"Motocicleta";"YAMAHA/MT07 ABS/MT07 ABS";2022;"Condutor";"Les�es Graves";21;"Masculino";0;0;1;0;-27,14183791;-48,61017426;"SPRF-SC";"DEL04-SC";"UOP03-DEL04-SC"
746708;1673962;2025-11-19;"quarta-feira";"07:50:00";"SC";101;148;"ITAPEMA";"Sim";"Acessar a via sem observar a presen�a dos outros ve�culos";1;"Colis�o transversal";"Com V�timas Feridas";"Pleno dia";"Crescente";"C�u Claro";"Dupla";"Interse��o de Vias;Reta";"Sim";1333469;"Utilit�rio";"BMW/X1 X25I ACTIVEFLEX/X1 X25I ACTIVEFLEX";0;"Condutor";"Ileso";NA;"Feminino";1;0;0;0;-27,1042584;-48,6166929;"SPRF-SC";"DEL04-SC";"UOP03-DEL04-SC"
746708;1673961;2025-11-19;"quarta-feira";"07:50:00";"SC";101;148;"ITAPEMA";"Sim";"Acessar a via sem observar a presen�a dos outros ve�culos";1;"Colis�o transversal";"Com V�timas Feridas";"Pleno dia";"Crescente";"C�u Claro";"Dupla";"Interse��o de Vias;Reta";"Sim";1333468;"Motoneta";"YAMAHA/FLUO 125/FLUO 125";0;"Condutor";"Les�es Leves";NA;"Feminino";0;1;0;0;-27,1042584;-48,6166929;"SPRF-SC";"DEL04-SC";"UOP03-DEL04-SC"
746720;1673993;2025-08-08;"sexta-feira";"09:55:00";"PI";343;0,5;"TERESINA";"Sim";"Rea��o tardia ou ineficiente do condutor";3;"Queda de ocupante de ve�culo";"Com V�timas Feridas";"Pleno dia";"Crescente";"C�u Claro";"M�ltipla";"Reta";"Sim";1333490;"Motocicleta";"YAMAHA/FZ15 FAZER ABS/FZ15 FAZER ABS";2025;"Condutor";"Ileso";33;"Masculino";1;0;0;0;-5,07879439;-42,75217652;"SPRF-PI";"DEL01-PI";"UOP01-DEL01-PI"
746720;1673992;2025-08-08;"sexta-feira";"09:55:00";"PI";343;0,5;"TERESINA";"Sim";"Rea��o tardia ou ineficiente do condutor";3;"Queda de ocupante de ve�culo";"Com V�timas Feridas";"Pleno dia";"Crescente";"C�u Claro";"M�ltipla";"Reta";"Sim";1333489;"Motoneta";"HONDA/BIZ 110I/BIZ 110I";2019;"Condutor";"Les�es Leves";65;"Feminino";0;1;0;0;-5,07879439;-42,75217652;"SPRF-PI";"DEL01-PI";"UOP01-DEL01-PI"
746720;1673993;2025-08-08;"sexta-feira";"09:55:00";"PI";343;0,5;"TERESINA";"Sim";"Rea��o tardia ou ineficiente do condutor";2;"Tombamento";"Com V�timas Feridas";"Pleno dia";"Crescente";"C�u Claro";"M�ltipla";"Reta";"Sim";1333490;"Motocicleta";"YAMAHA/FZ15 FAZER ABS/FZ15 FAZER ABS";2025;"Condutor";"Ileso";33;"Masculino";1;0;0;0;-5,07879439;-42,75217652;"SPRF-PI";"DEL01-PI";"UOP01-DEL01-PI"
746720;1673992;2025-08-08;"sexta-feira";"09:55:00";"PI";343;0,5;"TERESINA";"Sim";"Rea��o tardia ou ineficiente do condutor";2;"Tombamento";"Com V�timas Feridas";"Pleno dia";"Crescente";"C�u Claro";"M�ltipla";"Reta";"Sim";1333489;"Motoneta";"HONDA/BIZ 110I/BIZ 110I";2019;"Condutor";"Les�es Leves";65;"Feminino";0;1;0;0;-5,07879439;-42,75217652;"SPRF-PI";"DEL01-PI";"UOP01-DEL01-PI"
746720;1673993;2025-08-08;"sexta-feira";"09:55:00";"PI";343;0,5;"TERESINA";"Sim";"Rea��o tardia ou ineficiente do condutor";1;"Colis�o traseira";"Com V�timas Feridas";"Pleno dia";"Crescente";"C�u Claro";"M�ltipla";"Reta";"Sim";1333490;"Motocicleta";"YAMAHA/FZ15 FAZER ABS/FZ15 FAZER ABS";2025;"Condutor";"Ileso";33;"Masculino";1;0;0;0;-5,07879439;-42,75217652;"SPRF-PI";"DEL01-PI";"UOP01-DEL01-PI"
746720;1673992;2025-08-08;"sexta-feira";"09:55:00";"PI";343;0,5;"TERESINA";"Sim";"Rea��o tardia ou ineficiente do condutor";1;"Colis�o traseira";"Com V�timas Feridas";"Pleno dia";"Crescente";"C�u Claro";"M�ltipla";"Reta";"Sim";1333489;"Motoneta";"HONDA/BIZ 110I/BIZ 110I";2019;"Condutor";"Les�es Leves";65;"Feminino";0;1;0;0;-5,07879439;-42,75217652;"SPRF-PI";"DEL01-PI";"UOP01-DEL01-PI"
746721;1673995;2025-05-16;"sexta-feira";"09:00:00";"GO";153;506,4;"APARECIDA DE GOIANIA";"Sim";"Frear bruscamente";1;"Colis�o traseira";"Com V�timas Feridas";"Pleno dia";"Crescente";"C�u Claro";"Dupla";"Reta";"N�o";1333491;"Motocicleta";"HONDA/CG 150 TITAN ESD/CG 150 TITAN ESD";2012;"Passageiro";"Les�es Leves";47;"Feminino";0;1;0;0;-16,758616;-49,240351;"SPRF-GO";"DEL01-GO";"UOP01-DEL01-GO"
746721;1673994;2025-05-16;"sexta-feira";"09:00:00";"GO";153;506,4;"APARECIDA DE GOIANIA";"Sim";"Frear bruscamente";1;"Colis�o traseira";"Com V�timas Feridas";"Pleno dia";"Crescente";"C�u Claro";"Dupla";"Reta";"N�o";1333491;"Motocicleta";"HONDA/CG 150 TITAN ESD/CG 150 TITAN ESD";2012;"Condutor";"Ileso";52;"Masculino";1;0;0;0;-16,758616;-49,240351;"SPRF-GO";"DEL01-GO";"UOP01-DEL01-GO"
746721;1673996;2025-05-16;"sexta-feira";"09:00:00";"GO";153;506,4;"APARECIDA DE GOIANIA";"Sim";"Frear bruscamente";1;"Colis�o traseira";"Com V�timas Feridas";"Pleno dia";"Crescente";"C�u Claro";"Dupla";"Reta";"N�o";1333492;"Autom�vel";"HYUNDAI/CRETA 20A SPORT/CRETA 20A SPORT";2018;"Condutor";"Ileso";36;"Masculino";1;0;0;0;-16,758616;-49,240351;"SPRF-GO";"DEL01-GO";"UOP01-DEL01-GO"
746723;1674012;2025-11-16;"domingo";"18:39:00";"PA";163;297;"NOVO PROGRESSO";"N�o";"Condutor deixou de manter dist�ncia do ve�culo da frente";1;"Colis�o traseira";"Com V�timas Feridas";"Plena Noite";"Crescente";"Ignorado";"Simples";"Reta";"N�o";1333504;"Motocicleta";"HONDA/NXR125 BROS KS/NXR125 BROS KS";2005;"Condutor";"Les�es Leves";NA;"Masculino";0;1;0;0;-7,1543;-55,37308;"SPRF-PA";"DEL05-PA";"UOP03-DEL05-PA"