"id";"pesid";"data_inversa";"dia_semana";"horario";"uf";"br";"km";"municipio";"causa_principal";"causa_acidente";"ordem_tipo_acidente";"tipo_acidente";"classificacao_acidente";"fase_dia";"sentido_via";"condicao_metereologica";"tipo_pista";"tracado_via";"uso_solo";"id_veiculo";"tipo_veiculo";"marca";"ano_fabricacao_veiculo";"tipo_envolvido";"estado_fisico";"idade";"sexo";"ilesos";"feridos_leves";"feridos_graves";"mortos";"latitude";"longitude";"regional";"delegacia";"uop"
746723;1674013;2025-11-16;"domingo";"18:39:00";"PA";163;297;"NOVO PROGRESSO";"N�o";"Condutor deixou de manter dist�ncia do ve�culo da frente";1;"Colis�o traseira";"Com V�timas Feridas";"Plena Noite";"Crescente";"Ignorado";"Simples";"Reta";"N�o";1333507;"Caminh�o";"FORD/F4000 G/F4000 G";2011;"Condutor";"Ileso";NA;"Masculino";1;0;0;0;-7,1543;-55,37308;"SPRF-PA";"DEL05-PA";"UOP03-DEL05-PA"
746723;1674012;2025-11-16;"domingo";"18:39:00";"PA";163;297;"NOVO PROGRESSO";"Sim";"Defici�ncia do Sistema de Ilumina��o/Sinaliza��o";1;"Colis�o traseira";"Com V�timas Feridas";"Plena Noite";"Crescente";"Ignorado";"Simples";"Reta";"N�o";1333504;"Motocicleta";"HONDA/NXR125 BROS KS/NXR125 BROS KS";2005;"Condutor";"Les�es Leves";NA;"Masculino";0;1;0;0;-7,1543;-55,37308;"SPRF-PA";"DEL05-PA";"UOP03-DEL05-PA"
746723;1674013;2025-11-16;"domingo";"18:39:00";"PA";163;297;"NOVO PROGRESSO";"Sim";"Defici�ncia do Sistema de Ilumina��o/Sinaliza��o";1;"Colis�o traseira";"Com V�timas Feridas";"Plena Noite";"Crescente";"Ignorado";"Simples";"Reta";"N�o";1333507;"Caminh�o";"FORD/F4000 G/F4000 G";2011;"Condutor";"Ileso";NA;"Masculino";1;0;0;0;-7,1543;-55,37308;"SPRF-PA";"DEL05-PA";"UOP03-DEL05-PA"
746734;1674020;2025-07-31;"quinta-feira";"18:04:00";"PI";343;2,2;"TERESINA";"Sim";"Transitar no Acostamento";3;"Queda de ocupante de ve�culo";"Com V�timas Feridas";"Plena Noite";"Decrescente";"C�u Claro";"Dupla";"Reta";"Sim";1333519;"Motocicleta";"HONDA/XRE 300 SAHARA/XRE 300 SAHARA";2024;"Condutor";"Les�es Leves";20;"Feminino";0;1;0;0;-5,08147586;-42,77083755;"SPRF-PI";"DEL01-PI";"UOP01-DEL01-PI"
746734;1674019;2025-07-31;"quinta-feira";"18:04:00";"PI";343;2,2;"TERESINA";"Sim";"Transitar no Acostamento";3;"Queda de ocupante de ve�culo";"Com V�timas Feridas";"Plena Noite";"Decrescente";"C�u Claro";"Dupla";"Reta";"Sim";1333518;"Autom�vel";"RENAULT/KWID ZEN 10MT/KWID ZEN 10MT";2018;"Condutor";"Ileso";47;"Feminino";1;0;0;0;-5,08147586;-42,77083755;"SPRF-PI";"DEL01-PI";"UOP01-DEL01-PI"
746734;1674020;2025-07-31;"quinta-feira";"18:04:00";"PI";343;2,2;"TERESINA";"Sim";"Transitar no Acostamento";2;"Tombamento";"Com V�timas Feridas";"Plena Noite";"Decrescente";"C�u Claro";"Dupla";"Reta";"Sim";1333519;"Motocicleta";"HONDA/XRE 300 SAHARA/XRE 300 SAHARA";2024;"Condutor";"Les�es Leves";20;"Feminino";0;1;0;0;-5,08147586;-42,77083755;"SPRF-PI";"DEL01-PI";"UOP01-DEL01-PI"
746734;1674019;2025-07-31;"quinta-feira";"18:04:00";"PI";343;2,2;"TERESINA";"Sim";"Transitar no Acostamento";2;"Tombamento";"Com V�timas Feridas";"Plena Noite";"Decrescente";"C�u Claro";"Dupla";"Reta";"Sim";1333518;"Autom�vel";"RENAULT/KWID ZEN 10MT/KWID ZEN 10MT";2018;"Condutor";"Ileso";47;"Feminino";1;0;0;0;-5,08147586;-42,77083755;"SPRF-PI";"DEL01-PI";"UOP01-DEL01-PI"
746734;1674020;2025-07-31;"quinta-feira";"18:04:00";"PI";343;2,2;"TERESINA";"Sim";"Transitar no Acostamento";1;"Colis�o lateral mesmo sentido";"Com V�timas Feridas";"Plena Noite";"Decrescente";"C�u Claro";"Dupla";"Reta";"Sim";1333519;"Motocicleta";"HONDA/XRE 300 SAHARA/XRE 300 SAHARA";2024;"Condutor";"Les�es Leves";20;"Feminino";0;1;0;0;-5,08147586;-42,77083755;"SPRF-PI";"DEL01-PI";"UOP01-DEL01-PI"
746734;1674019;2025-07-31;"quinta-feira";"18:04:00";"PI";343;2,2;"TERESINA";"Sim";"Transitar no Acostamento";1;"Colis�o lateral mesmo sentido";"Com V�timas Feridas";"Plena Noite";"Decrescente";"C�u Claro";"Dupla";"Reta";"Sim";1333518;"Autom�vel";"RENAULT/KWID ZEN 10MT/KWID ZEN 10MT";2018;"Condutor";"Ileso";47;"Feminino";1;0;0;0;-5,08147586;-42,77083755;"SPRF-PI";"DEL01-PI";"UOP01-DEL01-PI"
746818;1674268;2025-02-19;"quarta-feira";"17:00:00";"PI";343;3;"TERESINA";"Sim";"Manobra de mudan�a de faixa";2;"Queda de ocupante de ve�culo";"Com V�timas Feridas";"Anoitecer";"Decrescente";"Nublado";"M�ltipla";"Rotat�ria";"Sim";1333695;"Motocicleta";"HONDA/CG 125I FAN/CG 125I FAN";2018;"Condutor";"Les�es Leves";20;"Masculino";0;1;0;0;-5,080906;-42,775267;"SPRF-PI";"DEL01-PI";"UOP01-DEL01-PI"
746818;1674267;2025-02-19;"quarta-feira";"17:00:00";"PI";343;3;"TERESINA";"Sim";"Manobra de mudan�a de faixa";2;"Queda de ocupante de ve�culo";"Com V�timas Feridas";"Anoitecer";"Decrescente";"Nublado";"M�ltipla";"Rotat�ria";"Sim";1333694;"Autom�vel";"RENAULT/SANDERO AUTH 10/SANDERO AUTH 10";2016;"Condutor";"Ileso";37;"Feminino";1;0;0;0;-5,080906;-42,775267;"SPRF-PI";"DEL01-PI";"UOP01-DEL01-PI"
746818;1674268;2025-02-19;"quarta-feira";"17:00:00";"PI";343;3;"TERESINA";"Sim";"Manobra de mudan�a de faixa";1;"Colis�o lateral mesmo sentido";"Com V�timas Feridas";"Anoitecer";"Decrescente";"Nublado";"M�ltipla";"Rotat�ria";"Sim";1333695;"Motocicleta";"HONDA/CG 125I FAN/CG 125I FAN";2018;"Condutor";"Les�es Leves";20;"Masculino";0;1;0;0;-5,080906;-42,775267;"SPRF-PI";"DEL01-PI";"UOP01-DEL01-PI"
746818;1674267;2025-02-19;"quarta-feira";"17:00:00";"PI";343;3;"TERESINA";"Sim";"Manobra de mudan�a de faixa";1;"Colis�o lateral mesmo sentido";"Com V�timas Feridas";"Anoitecer";"Decrescente";"Nublado";"M�ltipla";"Rotat�ria";"Sim";1333694;"Autom�vel";"RENAULT/SANDERO AUTH 10/SANDERO AUTH 10";2016;"Condutor";"Ileso";37;"Feminino";1;0;0;0;-5,080906;-42,775267;"SPRF-PI";"DEL01-PI";"UOP01-DEL01-PI"
746818;1674268;2025-02-19;"quarta-feira";"17:00:00";"PI";343;3;"TERESINA";"N�o";"Acessar a via sem observar a presen�a dos outros ve�culos";2;"Queda de ocupante de ve�culo";"Com V�timas Feridas";"Anoitecer";"Decrescente";"Nublado";"M�ltipla";"Rotat�ria";"Sim";1333695;"Motocicleta";"HONDA/CG 125I FAN/CG 125I FAN";2018;"Condutor";"Les�es Leves";20;"Masculino";0;1;0;0;-5,080906;-42,775267;"SPRF-PI";"DEL01-PI";"UOP01-DEL01-PI"
746818;1674267;2025-02-19;"quarta-feira";"17:00:00";"PI";343;3;"TERESINA";"N�o";"Acessar a via sem observar a presen�a dos outros ve�culos";2;"Queda de ocupante de ve�culo";"Com V�timas Feridas";"Anoitecer";"Decrescente";"Nublado";"M�ltipla";"Rotat�ria";"Sim";1333694;"Autom�vel";"RENAULT/SANDERO AUTH 10/SANDERO AUTH 10";2016;"Condutor";"Ileso";37;"Feminino";1;0;0;0;-5,080906;-42,775267;"SPRF-PI";"DEL01-PI";"UOP01-DEL01-PI"
746818;1674268;2025-02-19;"quarta-feira";"17:00:00";"PI";343;3;"TERESINA";"N�o";"Acessar a via sem observar a presen�a dos outros ve�culos";1;"Colis�o lateral mesmo sentido";"Com V�timas Feridas";"Anoitecer";"Decrescente";"Nublado";"M�ltipla";"Rotat�ria";"Sim";1333695;"Motocicleta";"HONDA/CG 125I FAN/CG 125I FAN";2018;"Condutor";"Les�es Leves";20;"Masculino";0;1;0;0;-5,080906;-42,775267;"SPRF-PI";"DEL01-PI";"UOP01-DEL01-PI"
746818;1674267;2025-02-19;"quarta-feira";"17:00:00";"PI";343;3;"TERESINA";"N�o";"Acessar a via sem observar a presen�a dos outros ve�culos";1;"Colis�o lateral mesmo sentido";"Com V�timas Feridas";"Anoitecer";"Decrescente";"Nublado";"M�ltipla";"Rotat�ria";"Sim";1333694;"Autom�vel";"RENAULT/SANDERO AUTH 10/SANDERO AUTH 10";2016;"Condutor";"Ileso";37;"Feminino";1;0;0;0;-5,080906;-42,775267;"SPRF-PI";"DEL01-PI";"UOP01-DEL01-PI"
746841;NA;2025-10-11;"s�bado";"11:47:00";"SP";116;114,2;"TAUBATE";"Sim";"Manobra de mudan�a de faixa";2;"Capotamento";"Com V�timas Feridas";"Pleno dia";"Crescente";"Nublado";"Dupla";"Reta";"Sim";1333726;"Semireboque";"SR/GUERRA AG GR/GUERRA AG GR";2009;NA;NA;NA;NA;NA;NA;NA;NA;-23,04731876;-45,5934754;"SPRF-SP";"DEL02-SP";"UOP02-DEL02-SP"
746841;1674302;2025-10-11;"s�bado";"11:47:00";"SP";116;114,2;"TAUBATE";"Sim";"Manobra de mudan�a de faixa";2;"Capotamento";"Com V�timas Feridas";"Pleno dia";"Crescente";"Nublado";"Dupla";"Reta";"Sim";1333725;"Caminh�o-trator";"VOLVO/FH 460 6X2T/FH 460 6X2T";2018;"Condutor";"Ileso";43;"Masculino";1;0;0;0;-23,04731876;-45,5934754;"SPRF-SP";"DEL02-SP";"UOP02-DEL02-SP"
746841;1674303;2025-10-11;"s�bado";"11:47:00";"SP";116;114,2;"TAUBATE";"Sim";"Manobra de mudan�a de faixa";2;"Capotamento";"Com V�timas Feridas";"Pleno dia";"Crescente";"Nublado";"Dupla";"Reta";"Sim";1333724;"Autom�vel";"GM/PRISMA MAXX/PRISMA MAXX";2009;"Condutor";"Les�es Leves";62;"Masculino";0;1;0;0;-23,04731876;-45,5934754;"SPRF-SP";"DEL02-SP";"UOP02-DEL02-SP"
746841;1674301;2025-10-11;"s�bado";"11:47:00";"SP";116;114,2;"TAUBATE";"Sim";"Manobra de mudan�a de faixa";2;"Capotamento";"Com V�timas Feridas";"Pleno dia";"Crescente";"Nublado";"Dupla";"Reta";"Sim";1333724;"Autom�vel";"GM/PRISMA MAXX/PRISMA MAXX";2009;"Passageiro";"Les�es Leves";24;"Masculino";0;1;0;0;-23,04731876;-45,5934754;"SPRF-SP";"DEL02-SP";"UOP02-DEL02-SP"
746841;1674300;2025-10-11;"s�bado";"11:47:00";"SP";116;114,2;"TAUBATE";"Sim";"Manobra de mudan�a de faixa";2;"Capotamento";"Com V�timas Feridas";"Pleno dia";"Crescente";"Nublado";"Dupla";"Reta";"Sim";1333724;"Autom�vel";"GM/PRISMA MAXX/PRISMA MAXX";2009;"Passageiro";"Les�es Leves";28;"Feminino";0;1;0;0;-23,04731876;-45,5934754;"SPRF-SP";"DEL02-SP";"UOP02-DEL02-SP"
746841;1674298;2025-10-11;"s�bado";"11:47:00";"SP";116;114,2;"TAUBATE";"Sim";"Manobra de mudan�a de faixa";2;"Capotamento";"Com V�timas Feridas";"Pleno dia";"Crescente";"Nublado";"Dupla";"Reta";"Sim";1333724;"Autom�vel";"GM/PRISMA MAXX/PRISMA MAXX";2009;"Passageiro";"Les�es Leves";57;"Feminino";0;1;0;0;-23,04731876;-45,5934754;"SPRF-SP";"DEL02-SP";"UOP02-DEL02-SP"
746841;1674299;2025-10-11;"s�bado";"11:47:00";"SP";116;114,2;"TAUBATE";"Sim";"Manobra de mudan�a de faixa";2;"Capotamento";"Com V�timas Feridas";"Pleno dia";"Crescente";"Nublado";"Dupla";"Reta";"Sim";NA;NA;"NA/NA/NA";NA;"Testemunha";"N�o Informado";NA;"N�o Informado";0;0;0;0;-23,04731876;-45,5934754;"SPRF-SP";"DEL02-SP";"UOP02-DEL02-SP"
746841;NA;2025-10-11;"s�bado";"11:47:00";"SP";116;114,2;"TAUBATE";"Sim";"Manobra de mudan�a de faixa";1;"Colis�o lateral mesmo sentido";"Com V�timas Feridas";"Pleno dia";"Crescente";"Nublado";"Dupla";"Reta";"Sim";1333726;"Semireboque";"SR/GUERRA AG GR/GUERRA AG GR";2009;NA;NA;NA;NA;NA;NA;NA;NA;-23,04731876;-45,5934754;"SPRF-SP";"DEL02-SP";"UOP02-DEL02-SP"
746841;1674302;2025-10-11;"s�bado";"11:47:00";"SP";116;114,2;"TAUBATE";"Sim";"Manobra de mudan�a de faixa";1;"Colis�o lateral mesmo sentido";"Com V�timas Feridas";"Pleno dia";"Crescente";"Nublado";"Dupla";"Reta";"Sim";1333725;"Caminh�o-trator";"VOLVO/FH 460 6X2T/FH 460 6X2T";2018;"Condutor";"Ileso";43;"Masculino";1;0;0;0;-23,04731876;-45,5934754;"SPRF-SP";"DEL02-SP";"UOP02-DEL02-SP"
746841;1674303;2025-10-11;"s�bado";"11:47:00";"SP";116;114,2;"TAUBATE";"Sim";"Manobra de mudan�a de faixa";1;"Colis�o lateral mesmo sentido";"Com V�timas Feridas";"Pleno dia";"Crescente";"Nublado";"Dupla";"Reta";"Sim";1333724;"Autom�vel";"GM/PRISMA MAXX/PRISMA MAXX";2009;"Condutor";"Les�es Leves";62;"Masculino";0;1;0;0;-23,04731876;-45,5934754;"SPRF-SP";"DEL02-SP";"UOP02-DEL02-SP"
746841;1674301;2025-10-11;"s�bado";"11:47:00";"SP";116;114,2;"TAUBATE";"Sim";"Manobra de mudan�a de faixa";1;"Colis�o lateral mesmo sentido";"Com V�timas Feridas";"Pleno dia";"Crescente";"Nublado";"Dupla";"Reta";"Sim";1333724;"Autom�vel";"GM/PRISMA MAXX/PRISMA MAXX";2009;"Passageiro";"Les�es Leves";24;"Masculino";0;1;0;0;-23,04731876;-45,5934754;"SPRF-SP";"DEL02-SP";"UOP02-DEL02-SP"
746841;1674300;2025-10-11;"s�bado";"11:47:00";"SP";116;114,2;"TAUBATE";"Sim";"Manobra de mudan�a de faixa";1;"Colis�o lateral mesmo sentido";"Com V�timas Feridas";"Pleno dia";"Crescente";"Nublado";"Dupla";"Reta";"Sim";1333724;"Autom�vel";"GM/PRISMA MAXX/PRISMA MAXX";2009;"Passageiro";"Les�es Leves";28;"Feminino";0;1;0;0;-23,04731876;-45,5934754;"SPRF-SP";"DEL02-SP";"UOP02-DEL02-SP"
746841;1674298;2025-10-11;"s�bado";"11:47:00";"SP";116;114,2;"TAUBATE";"Sim";"Manobra de mudan�a de faixa";1;"Colis�o lateral mesmo sentido";"Com V�timas Feridas";"Pleno dia";"Crescente";"Nublado";"Dupla";"Reta";"Sim";1333724;"Autom�vel";"GM/PRISMA MAXX/PRISMA MAXX";2009;"Passageiro";"Les�es Leves";57;"Feminino";0;1;0;0;-23,04731876;-45,5934754;"SPRF-SP";"DEL02-SP";"UOP02-DEL02-SP"
746841;1674299;2025-10-11;"s�bado";"11:47:00";"SP";116;114,2;"TAUBATE";"Sim";"Manobra de mudan�a de faixa";1;"Colis�o lateral mesmo sentido";"Com V�timas Feridas";"Pleno dia";"Crescente";"Nublado";"Dupla";"Reta";"Sim";NA;NA;"NA/NA/NA";NA;"Testemunha";"N�o Informado";NA;"N�o Informado";0;0;0;0;-23,04731876;-45,5934754;"SPRF-SP";"DEL02-SP";"UOP02-DEL02-SP"
746854;1674331;2025-11-25;"ter�a-feira";"23:25:00";"PA";NA;NA;"SANTAREM";"Sim";"Pista esburacada";3;"Tombamento";"Com V�timas Feridas";"Plena Noite";"N�o Informado";"C�u Claro";"Simples";"Reta";"N�o";1333745;"Motocicleta";"HONDA/NXR160 BROS ESDD/NXR160 BROS ESDD";2019;"Condutor";"Les�es Leves";18;"Masculino";0;1;0;0;-2,559735;-54,72373724;"SPRF-PA";"DEL05-PA";"UOP01-DEL05-PA"
746854;1674329;2025-11-25;"ter�a-feira";"23:25:00";"PA";NA;NA;"SANTAREM";"Sim";"Pista esburacada";3;"Tombamento";"Com V�timas Feridas";"Plena Noite";"N�o Informado";"C�u Claro";"Simples";"Reta";"N�o";1333743;"Caminhonete";"MMC/TRITON SPORT GLS AT/TRITON SPORT GLS AT";2024;"Passageiro";"Ileso";34;"Masculino";1;0;0;0;-2,559735;-54,72373724;"SPRF-PA";"DEL05-PA";"UOP01-DEL05-PA"
746854;1674330;2025-11-25;"ter�a-feira";"23:25:00";"PA";NA;NA;"SANTAREM";"Sim";"Pista esburacada";3;"Tombamento";"Com V�timas Feridas";"Plena Noite";"N�o Informado";"C�u Claro";"Simples";"Reta";"N�o";1333743;"Caminhonete";"MMC/TRITON SPORT GLS AT/TRITON SPORT GLS AT";2024;"Passageiro";"Ileso";44;"Masculino";1;0;0;0;-2,559735;-54,72373724;"SPRF-PA";"DEL05-PA";"UOP01-DEL05-PA"
746854;1674327;2025-11-25;"ter�a-feira";"23:25:00";"PA";NA;NA;"SANTAREM";"Sim";"Pista esburacada";3;"Tombamento";"Com V�timas Feridas";"Plena Noite";"N�o Informado";"C�u Claro";"Simples";"Reta";"N�o";1333743;"Caminhonete";"MMC/TRITON SPORT GLS AT/TRITON SPORT GLS AT";2024;"Condutor";"Ileso";33;"Masculino";1;0;0;0;-2,559735;-54,72373724;"SPRF-PA";"DEL05-PA";"UOP01-DEL05-PA"
746854;1674331;2025-11-25;"ter�a-feira";"23:25:00";"PA";NA;NA;"SANTAREM";"Sim";"Pista esburacada";1;"Queda de ocupante de ve�culo";"Com V�timas Feridas";"Plena Noite";"N�o Informado";"C�u Claro";"Simples";"Reta";"N�o";1333745;"Motocicleta";"HONDA/NXR160 BROS ESDD/NXR160 BROS ESDD";2019;"Condutor";"Les�es Leves";18;"Masculino";0;1;0;0;-2,559735;-54,72373724;"SPRF-PA";"DEL05-PA";"UOP01-DEL05-PA"
746854;1674329;2025-11-25;"ter�a-feira";"23:25:00";"PA";NA;NA;"SANTAREM";"Sim";"Pista esburacada";1;"Queda de ocupante de ve�culo";"Com V�timas Feridas";"Plena Noite";"N�o Informado";"C�u Claro";"Simples";"Reta";"N�o";1333743;"Caminhonete";"MMC/TRITON SPORT GLS AT/TRITON SPORT GLS AT";2024;"Passageiro";"Ileso";34;"Masculino";1;0;0;0;-2,559735;-54,72373724;"SPRF-PA";"DEL05-PA";"UOP01-DEL05-PA"
746854;1674330;2025-11-25;"ter�a-feira";"23:25:00";"PA";NA;NA;"SANTAREM";"Sim";"Pista esburacada";1;"Queda de ocupante de ve�culo";"Com V�timas Feridas";"Plena Noite";"N�o Informado";"C�u Claro";"Simples";"Reta";"N�o";1333743;"Caminhonete";"MMC/TRITON SPORT GLS AT/TRITON SPORT GLS AT";2024;"Passageiro";"Ileso";44;"Masculino";1;0;0;0;-2,559735;-54,72373724;"SPRF-PA";"DEL05-PA";"UOP01-DEL05-PA"
746854;1674327;2025-11-25;"ter�a-feira";"23:25:00";"PA";NA;NA;"SANTAREM";"Sim";"Pista esburacada";1;"Queda de ocupante de ve�culo";"Com V�timas Feridas";"Plena Noite";"N�o Informado";"C�u Claro";"Simples";"Reta";"N�o";1333743;"Caminhonete";"MMC/TRITON SPORT GLS AT/TRITON SPORT GLS AT";2024;"Condutor";"Ileso";33;"Masculino";1;0;0;0;-2,559735;-54,72373724;"SPRF-PA";"DEL05-PA";"UOP01-DEL05-PA"
746854;1674331;2025-11-25;"ter�a-feira";"23:25:00";"PA";NA;NA;"SANTAREM";"Sim";"Pista esburacada";2;"Colis�o traseira";"Com V�timas Feridas";"Plena Noite";"N�o Informado";"C�u Claro";"Simples";"Reta";"N�o";1333745;"Motocicleta";"HONDA/NXR160 BROS ESDD/NXR160 BROS ESDD";2019;"Condutor";"Les�es Leves";18;"Masculino";0;1;0;0;-2,559735;-54,72373724;"SPRF-PA";"DEL05-PA";"UOP01-DEL05-PA"
746854;1674329;2025-11-25;"ter�a-feira";"23:25:00";"PA";NA;NA;"SANTAREM";"Sim";"Pista esburacada";2;"Colis�o traseira";"Com V�timas Feridas";"Plena Noite";"N�o Informado";"C�u Claro";"Simples";"Reta";"N�o";1333743;"Caminhonete";"MMC/TRITON SPORT GLS AT/TRITON SPORT GLS AT";2024;"Passageiro";"Ileso";34;"Masculino";1;0;0;0;-2,559735;-54,72373724;"SPRF-PA";"DEL05-PA";"UOP01-DEL05-PA"
746854;1674330;2025-11-25;"ter�a-feira";"23:25:00";"PA";NA;NA;"SANTAREM";"Sim";"Pista esburacada";2;"Colis�o traseira";"Com V�timas Feridas";"Plena Noite";"N�o Informado";"C�u Claro";"Simples";"Reta";"N�o";1333743;"Caminhonete";"MMC/TRITON SPORT GLS AT/TRITON SPORT GLS AT";2024;"Passageiro";"Ileso";44;"Masculino";1;0;0;0;-2,559735;-54,72373724;"SPRF-PA";"DEL05-PA";"UOP01-DEL05-PA"
746854;1674327;2025-11-25;"ter�a-feira";"23:25:00";"PA";NA;NA;"SANTAREM";"Sim";"Pista esburacada";2;"Colis�o traseira";"Com V�timas Feridas";"Plena Noite";"N�o Informado";"C�u Claro";"Simples";"Reta";"N�o";1333743;"Caminhonete";"MMC/TRITON SPORT GLS AT/TRITON SPORT GLS AT";2024;"Condutor";"Ileso";33;"Masculino";1;0;0;0;-2,559735;-54,72373724;"SPRF-PA";"DEL05-PA";"UOP01-DEL05-PA"
746854;1674331;2025-11-25;"ter�a-feira";"23:25:00";"PA";NA;NA;"SANTAREM";"N�o";"Faixas de tr�nsito com largura insuficiente";3;"Tombamento";"Com V�timas Feridas";"Plena Noite";"N�o Informado";"C�u Claro";"Simples";"Reta";"N�o";1333745;"Motocicleta";"HONDA/NXR160 BROS ESDD/NXR160 BROS ESDD";2019;"Condutor";"Les�es Leves";18;"Masculino";0;1;0;0;-2,559735;-54,72373724;"SPRF-PA";"DEL05-PA";"UOP01-DEL05-PA"
746854;1674329;2025-11-25;"ter�a-feira";"23:25:00";"PA";NA;NA;"SANTAREM";"N�o";"Faixas de tr�nsito com largura insuficiente";3;"Tombamento";"Com V�timas Feridas";"Plena Noite";"N�o Informado";"C�u Claro";"Simples";"Reta";"N�o";1333743;"Caminhonete";"MMC/TRITON SPORT GLS AT/TRITON SPORT GLS AT";2024;"Passageiro";"Ileso";34;"Masculino";1;0;0;0;-2,559735;-54,72373724;"SPRF-PA";"DEL05-PA";"UOP01-DEL05-PA"
746854;1674330;2025-11-25;"ter�a-feira";"23:25:00";"PA";NA;NA;"SANTAREM";"N�o";"Faixas de tr�nsito com largura insuficiente";3;"Tombamento";"Com V�timas Feridas";"Plena Noite";"N�o Informado";"C�u Claro";"Simples";"Reta";"N�o";1333743;"Caminhonete";"MMC/TRITON SPORT GLS AT/TRITON SPORT GLS AT";2024;"Passageiro";"Ileso";44;"Masculino";1;0;0;0;-2,559735;-54,72373724;"SPRF-PA";"DEL05-PA";"UOP01-DEL05-PA"
746854;1674327;2025-11-25;"ter�a-feira";"23:25:00";"PA";NA;NA;"SANTAREM";"N�o";"Faixas de tr�nsito com largura insuficiente";3;"Tombamento";"Com V�timas Feridas";"Plena Noite";"N�o Informado";"C�u Claro";"Simples";"Reta";"N�o";1333743;"Caminhonete";"MMC/TRITON SPORT GLS AT/TRITON SPORT GLS AT";2024;"Condutor";"Ileso";33;"Masculino";1;0;0;0;-2,559735;-54,72373724;"SPRF-PA";"DEL05-PA";"UOP01-DEL05-PA"
746854;1674331;2025-11-25;"ter�a-feira";"23:25:00";"PA";NA;NA;"SANTAREM";"N�o";"Faixas de tr�nsito com largura insuficiente";1;"Queda de ocupante de ve�culo";"Com V�timas Feridas";"Plena Noite";"N�o Informado";"C�u Claro";"Simples";"Reta";"N�o";1333745;"Motocicleta";"HONDA/NXR160 BROS ESDD/NXR160 BROS ESDD";2019;"Condutor";"Les�es Leves";18;"Masculino";0;1;0;0;-2,559735;-54,72373724;"SPRF-PA";"DEL05-PA";"UOP01-DEL05-PA"
746854;1674329;2025-11-25;"ter�a-feira";"23:25:00";"PA";NA;NA;"SANTAREM";"N�o";"Faixas de tr�nsito com largura insuficiente";1;"Queda de ocupante de ve�culo";"Com V�timas Feridas";"Plena Noite";"N�o Informado";"C�u Claro";"Simples";"Reta";"N�o";1333743;"Caminhonete";"MMC/TRITON SPORT GLS AT/TRITON SPORT GLS AT";2024;"Passageiro";"Ileso";34;"Masculino";1;0;0;0;-2,559735;-54,72373724;"SPRF-PA";"DEL05-PA";"UOP01-DEL05-PA"
746854;1674330;2025-11-25;"ter�a-feira";"23:25:00";"PA";NA;NA;"SANTAREM";"N�o";"Faixas de tr�nsito com largura insuficiente";1;"Queda de ocupante de ve�culo";"Com V�timas Feridas";"Plena Noite";"N�o Informado";"C�u Claro";"Simples";"Reta";"N�o";1333743;"Caminhonete";"MMC/TRITON SPORT GLS AT/TRITON SPORT GLS AT";2024;"Passageiro";"Ileso";44;"Masculino";1;0;0;0;-2,559735;-54,72373724;"SPRF-PA";"DEL05-PA";"UOP01-DEL05-PA"
746854;1674327;2025-11-25;"ter�a-feira";"23:25:00";"PA";NA;NA;"SANTAREM";"N�o";"Faixas de tr�nsito com largura insuficiente";1;"Queda de ocupante de ve�culo";"Com V�timas Feridas";"Plena Noite";"N�o Informado";"C�u Claro";"Simples";"Reta";"N�o";1333743;"Caminhonete";"MMC/TRITON SPORT GLS AT/TRITON SPORT GLS AT";2024;"Condutor";"Ileso";33;"Masculino";1;0;0;0;-2,559735;-54,72373724;"SPRF-PA";"DEL05-PA";"UOP01-DEL05-PA"
746854;1674331;2025-11-25;"ter�a-feira";"23:25:00";"PA";NA;NA;"SANTAREM";"N�o";"Faixas de tr�nsito com largura insuficiente";2;"Colis�o traseira";"Com V�timas Feridas";"Plena Noite";"N�o Informado";"C�u Claro";"Simples";"Reta";"N�o";1333745;"Motocicleta";"HONDA/NXR160 BROS ESDD/NXR160 BROS ESDD";2019;"Condutor";"Les�es Leves";18;"Masculino";0;1;0;0;-2,559735;-54,72373724;"SPRF-PA";"DEL05-PA";"UOP01-DEL05-PA"
746854;1674329;2025-11-25;"ter�a-feira";"23:25:00";"PA";NA;NA;"SANTAREM";"N�o";"Faixas de tr�nsito com largura insuficiente";2;"Colis�o traseira";"Com V�timas Feridas";"Plena Noite";"N�o Informado";"C�u Claro";"Simples";"Reta";"N�o";1333743;"Caminhonete";"MMC/TRITON SPORT GLS AT/TRITON SPORT GLS AT";2024;"Passageiro";"Ileso";34;"Masculino";1;0;0;0;-2,559735;-54,72373724;"SPRF-PA";"DEL05-PA";"UOP01-DEL05-PA"
746854;1674330;2025-11-25;"ter�a-feira";"23:25:00";"PA";NA;NA;"SANTAREM";"N�o";"Faixas de tr�nsito com largura insuficiente";2;"Colis�o traseira";"Com V�timas Feridas";"Plena Noite";"N�o Informado";"C�u Claro";"Simples";"Reta";"N�o";1333743;"Caminhonete";"MMC/TRITON SPORT GLS AT/TRITON SPORT GLS AT";2024;"Passageiro";"Ileso";44;"Masculino";1;0;0;0;-2,559735;-54,72373724;"SPRF-PA";"DEL05-PA";"UOP01-DEL05-PA"
746854;1674327;2025-11-25;"ter�a-feira";"23:25:00";"PA";NA;NA;"SANTAREM";"N�o";"Faixas de tr�nsito com largura insuficiente";2;"Colis�o traseira";"Com V�timas Feridas";"Plena Noite";"N�o Informado";"C�u Claro";"Simples";"Reta";"N�o";1333743;"Caminhonete";"MMC/TRITON SPORT GLS AT/TRITON SPORT GLS AT";2024;"Condutor";"Ileso";33;"Masculino";1;0;0;0;-2,559735;-54,72373724;"SPRF-PA";"DEL05-PA";"UOP01-DEL05-PA"