"id";"pesid";"data_inversa";"dia_semana";"horario";"uf";"br";"km";"municipio";"causa_principal";"causa_acidente";"ordem_tipo_acidente";"tipo_acidente";"classificacao_acidente";"fase_dia";"sentido_via";"condicao_metereologica";"tipo_pista";"tracado_via";"uso_solo";"id_veiculo";"tipo_veiculo";"marca";"ano_fabricacao_veiculo";"tipo_envolvido";"estado_fisico";"idade";"sexo";"ilesos";"feridos_leves";"feridos_graves";"mortos";"latitude";"longitude";"regional";"delegacia";"uop"
746854;1674331;2025-11-25;"ter�a-feira";"23:25:00";"PA";NA;NA;"SANTAREM";"N�o";"Afundamento ou ondula��o no pavimento";3;"Tombamento";"Com V�timas Feridas";"Plena Noite";"N�o Informado";"C�u Claro";"Simples";"Reta";"N�o";1333745;"Motocicleta";"HONDA/NXR160 BROS ESDD/NXR160 BROS ESDD";2019;"Condutor";"Les�es Leves";18;"Masculino";0;1;0;0;-2,559735;-54,72373724;"SPRF-PA";"DEL05-PA";"UOP01-DEL05-PA"
746854;1674329;2025-11-25;"ter�a-feira";"23:25:00";"PA";NA;NA;"SANTAREM";"N�o";"Afundamento ou ondula��o no pavimento";3;"Tombamento";"Com V�timas Feridas";"Plena Noite";"N�o Informado";"C�u Claro";"Simples";"Reta";"N�o";1333743;"Caminhonete";"MMC/TRITON SPORT GLS AT/TRITON SPORT GLS AT";2024;"Passageiro";"Ileso";34;"Masculino";1;0;0;0;-2,559735;-54,72373724;"SPRF-PA";"DEL05-PA";"UOP01-DEL05-PA"
746854;1674330;2025-11-25;"ter�a-feira";"23:25:00";"PA";NA;NA;"SANTAREM";"N�o";"Afundamento ou ondula��o no pavimento";3;"Tombamento";"Com V�timas Feridas";"Plena Noite";"N�o Informado";"C�u Claro";"Simples";"Reta";"N�o";1333743;"Caminhonete";"MMC/TRITON SPORT GLS AT/TRITON SPORT GLS AT";2024;"Passageiro";"Ileso";44;"Masculino";1;0;0;0;-2,559735;-54,72373724;"SPRF-PA";"DEL05-PA";"UOP01-DEL05-PA"
746854;1674327;2025-11-25;"ter�a-feira";"23:25:00";"PA";NA;NA;"SANTAREM";"N�o";"Afundamento ou ondula��o no pavimento";3;"Tombamento";"Com V�timas Feridas";"Plena Noite";"N�o Informado";"C�u Claro";"Simples";"Reta";"N�o";1333743;"Caminhonete";"MMC/TRITON SPORT GLS AT/TRITON SPORT GLS AT";2024;"Condutor";"Ileso";33;"Masculino";1;0;0;0;-2,559735;-54,72373724;"SPRF-PA";"DEL05-PA";"UOP01-DEL05-PA"
746854;1674331;2025-11-25;"ter�a-feira";"23:25:00";"PA";NA;NA;"SANTAREM";"N�o";"Afundamento ou ondula��o no pavimento";1;"Queda de ocupante de ve�culo";"Com V�timas Feridas";"Plena Noite";"N�o Informado";"C�u Claro";"Simples";"Reta";"N�o";1333745;"Motocicleta";"HONDA/NXR160 BROS ESDD/NXR160 BROS ESDD";2019;"Condutor";"Les�es Leves";18;"Masculino";0;1;0;0;-2,559735;-54,72373724;"SPRF-PA";"DEL05-PA";"UOP01-DEL05-PA"
746854;1674329;2025-11-25;"ter�a-feira";"23:25:00";"PA";NA;NA;"SANTAREM";"N�o";"Afundamento ou ondula��o no pavimento";1;"Queda de ocupante de ve�culo";"Com V�timas Feridas";"Plena Noite";"N�o Informado";"C�u Claro";"Simples";"Reta";"N�o";1333743;"Caminhonete";"MMC/TRITON SPORT GLS AT/TRITON SPORT GLS AT";2024;"Passageiro";"Ileso";34;"Masculino";1;0;0;0;-2,559735;-54,72373724;"SPRF-PA";"DEL05-PA";"UOP01-DEL05-PA"
746854;1674330;2025-11-25;"ter�a-feira";"23:25:00";"PA";NA;NA;"SANTAREM";"N�o";"Afundamento ou ondula��o no pavimento";1;"Queda de ocupante de ve�culo";"Com V�timas Feridas";"Plena Noite";"N�o Informado";"C�u Claro";"Simples";"Reta";"N�o";1333743;"Caminhonete";"MMC/TRITON SPORT GLS AT/TRITON SPORT GLS AT";2024;"Passageiro";"Ileso";44;"Masculino";1;0;0;0;-2,559735;-54,72373724;"SPRF-PA";"DEL05-PA";"UOP01-DEL05-PA"
746854;1674327;2025-11-25;"ter�a-feira";"23:25:00";"PA";NA;NA;"SANTAREM";"N�o";"Afundamento ou ondula��o no pavimento";1;"Queda de ocupante de ve�culo";"Com V�timas Feridas";"Plena Noite";"N�o Informado";"C�u Claro";"Simples";"Reta";"N�o";1333743;"Caminhonete";"MMC/TRITON SPORT GLS AT/TRITON SPORT GLS AT";2024;"Condutor";"Ileso";33;"Masculino";1;0;0;0;-2,559735;-54,72373724;"SPRF-PA";"DEL05-PA";"UOP01-DEL05-PA"
746854;1674331;2025-11-25;"ter�a-feira";"23:25:00";"PA";NA;NA;"SANTAREM";"N�o";"Afundamento ou ondula��o no pavimento";2;"Colis�o traseira";"Com V�timas Feridas";"Plena Noite";"N�o Informado";"C�u Claro";"Simples";"Reta";"N�o";1333745;"Motocicleta";"HONDA/NXR160 BROS ESDD/NXR160 BROS ESDD";2019;"Condutor";"Les�es Leves";18;"Masculino";0;1;0;0;-2,559735;-54,72373724;"SPRF-PA";"DEL05-PA";"UOP01-DEL05-PA"
746854;1674329;2025-11-25;"ter�a-feira";"23:25:00";"PA";NA;NA;"SANTAREM";"N�o";"Afundamento ou ondula��o no pavimento";2;"Colis�o traseira";"Com V�timas Feridas";"Plena Noite";"N�o Informado";"C�u Claro";"Simples";"Reta";"N�o";1333743;"Caminhonete";"MMC/TRITON SPORT GLS AT/TRITON SPORT GLS AT";2024;"Passageiro";"Ileso";34;"Masculino";1;0;0;0;-2,559735;-54,72373724;"SPRF-PA";"DEL05-PA";"UOP01-DEL05-PA"
746854;1674330;2025-11-25;"ter�a-feira";"23:25:00";"PA";NA;NA;"SANTAREM";"N�o";"Afundamento ou ondula��o no pavimento";2;"Colis�o traseira";"Com V�timas Feridas";"Plena Noite";"N�o Informado";"C�u Claro";"Simples";"Reta";"N�o";1333743;"Caminhonete";"MMC/TRITON SPORT GLS AT/TRITON SPORT GLS AT";2024;"Passageiro";"Ileso";44;"Masculino";1;0;0;0;-2,559735;-54,72373724;"SPRF-PA";"DEL05-PA";"UOP01-DEL05-PA"
746854;1674327;2025-11-25;"ter�a-feira";"23:25:00";"PA";NA;NA;"SANTAREM";"N�o";"Afundamento ou ondula��o no pavimento";2;"Colis�o traseira";"Com V�timas Feridas";"Plena Noite";"N�o Informado";"C�u Claro";"Simples";"Reta";"N�o";1333743;"Caminhonete";"MMC/TRITON SPORT GLS AT/TRITON SPORT GLS AT";2024;"Condutor";"Ileso";33;"Masculino";1;0;0;0;-2,559735;-54,72373724;"SPRF-PA";"DEL05-PA";"UOP01-DEL05-PA"
746866;1674342;2025-12-29;"segunda-feira";"10:40:00";"RS";NA;NA;"SAO LEOPOLDO";"Sim";"Rea��o tardia ou ineficiente do condutor";1;"Colis�o lateral sentido oposto";"Sem V�timas";"Pleno dia";"N�o Informado";"Nublado";"Simples";"Interse��o de Vias";"Sim";1333756;"Autom�vel";"FIAT/PALIO FIRE FLEX/PALIO FIRE FLEX";2008;"Condutor";"N�o Informado";NA;"N�o Informado";0;0;0;0;-29,75127253;-51,14474773;"SPRF-RS";"DEL01-RS";"UOP02-DEL01-RS"
746866;1674341;2025-12-29;"segunda-feira";"10:40:00";"RS";NA;NA;"SAO LEOPOLDO";"Sim";"Rea��o tardia ou ineficiente do condutor";1;"Colis�o lateral sentido oposto";"Sem V�timas";"Pleno dia";"N�o Informado";"Nublado";"Simples";"Interse��o de Vias";"Sim";1333755;"Caminhonete";"MMC/L200 TRITON SPT GL/L200 TRITON SPT GL";2018;"Passageiro";"Ileso";40;"Masculino";1;0;0;0;-29,75127253;-51,14474773;"SPRF-RS";"DEL01-RS";"UOP02-DEL01-RS"
746866;1674340;2025-12-29;"segunda-feira";"10:40:00";"RS";NA;NA;"SAO LEOPOLDO";"Sim";"Rea��o tardia ou ineficiente do condutor";1;"Colis�o lateral sentido oposto";"Sem V�timas";"Pleno dia";"N�o Informado";"Nublado";"Simples";"Interse��o de Vias";"Sim";1333755;"Caminhonete";"MMC/L200 TRITON SPT GL/L200 TRITON SPT GL";2018;"Condutor";"Ileso";31;"Masculino";1;0;0;0;-29,75127253;-51,14474773;"SPRF-RS";"DEL01-RS";"UOP02-DEL01-RS"
746877;NA;2025-12-16;"ter�a-feira";"15:45:00";"RJ";493;3;"ITABORAI";"Sim";"Aus�ncia de rea��o do condutor";1;"Colis�o traseira";"Sem V�timas";"Pleno dia";"Decrescente";"C�u Claro";"Dupla";"Reta;Viaduto";"Sim";1333772;"Semireboque";"SR/RANDON SR CA/RANDON SR CA";2019;NA;NA;NA;NA;NA;NA;NA;NA;-22,75870883;-42,93598048;"SPRF-RJ";"DEL02-RJ";"UOP02-DEL02-RJ"
746877;NA;2025-12-16;"ter�a-feira";"15:45:00";"RJ";493;3;"ITABORAI";"Sim";"Aus�ncia de rea��o do condutor";1;"Colis�o traseira";"Sem V�timas";"Pleno dia";"Decrescente";"C�u Claro";"Dupla";"Reta;Viaduto";"Sim";1333771;"Semireboque";"SR/RANDON SR CA/RANDON SR CA";2019;NA;NA;NA;NA;NA;NA;NA;NA;-22,75870883;-42,93598048;"SPRF-RJ";"DEL02-RJ";"UOP02-DEL02-RJ"
746877;NA;2025-12-16;"ter�a-feira";"15:45:00";"RJ";493;3;"ITABORAI";"Sim";"Aus�ncia de rea��o do condutor";1;"Colis�o traseira";"Sem V�timas";"Pleno dia";"Decrescente";"C�u Claro";"Dupla";"Reta;Viaduto";"Sim";1333770;"Semireboque";"SR/IDEROL/IDEROL";1992;NA;NA;NA;NA;NA;NA;NA;NA;-22,75870883;-42,93598048;"SPRF-RJ";"DEL02-RJ";"UOP02-DEL02-RJ"
746877;NA;2025-12-16;"ter�a-feira";"15:45:00";"RJ";493;3;"ITABORAI";"Sim";"Aus�ncia de rea��o do condutor";1;"Colis�o traseira";"Sem V�timas";"Pleno dia";"Decrescente";"C�u Claro";"Dupla";"Reta;Viaduto";"Sim";1333769;"Reboque";"REB/FNV - FRUEHAUF/FNV - FRUEHAUF";1982;NA;NA;NA;NA;NA;NA;NA;NA;-22,75870883;-42,93598048;"SPRF-RJ";"DEL02-RJ";"UOP02-DEL02-RJ"
746877;1674356;2025-12-16;"ter�a-feira";"15:45:00";"RJ";493;3;"ITABORAI";"Sim";"Aus�ncia de rea��o do condutor";1;"Colis�o traseira";"Sem V�timas";"Pleno dia";"Decrescente";"C�u Claro";"Dupla";"Reta;Viaduto";"Sim";1333768;"Caminh�o-trator";"VOLVO/FH 540 6X4T/FH 540 6X4T";2020;"Condutor";"Ileso";41;"Masculino";1;0;0;0;-22,75870883;-42,93598048;"SPRF-RJ";"DEL02-RJ";"UOP02-DEL02-RJ"
746877;1674355;2025-12-16;"ter�a-feira";"15:45:00";"RJ";493;3;"ITABORAI";"Sim";"Aus�ncia de rea��o do condutor";1;"Colis�o traseira";"Sem V�timas";"Pleno dia";"Decrescente";"C�u Claro";"Dupla";"Reta;Viaduto";"Sim";1333767;"Caminh�o-trator";"SCANIA/R 440 A6X4/R 440 A6X4";2012;"Condutor";"Ileso";72;"Masculino";1;0;0;0;-22,75870883;-42,93598048;"SPRF-RJ";"DEL02-RJ";"UOP02-DEL02-RJ"
746880;1674360;2025-07-30;"quarta-feira";"18:20:00";"PI";343;3,2;"TERESINA";"N�o";"Sem�foro com defeito";3;"Queda de ocupante de ve�culo";"Com V�timas Feridas";"Plena Noite";"Crescente";"Chuva";"Dupla";"Reta";"Sim";1333775;"Motoneta";"HONDA/BIZ 100 ES/BIZ 100 ES";2013;"Condutor";"Les�es Graves";33;"Feminino";0;0;1;0;-5,08117663;-42,77801514;"SPRF-PI";"DEL01-PI";"UOP01-DEL01-PI"
746880;1674359;2025-07-30;"quarta-feira";"18:20:00";"PI";343;3,2;"TERESINA";"N�o";"Sem�foro com defeito";3;"Queda de ocupante de ve�culo";"Com V�timas Feridas";"Plena Noite";"Crescente";"Chuva";"Dupla";"Reta";"Sim";1333774;"Autom�vel";"TOYOTA/YARIS SA XL15/YARIS SA XL15";2023;"Condutor";"Ileso";60;"Masculino";1;0;0;0;-5,08117663;-42,77801514;"SPRF-PI";"DEL01-PI";"UOP01-DEL01-PI"
746880;1674360;2025-07-30;"quarta-feira";"18:20:00";"PI";343;3,2;"TERESINA";"N�o";"Sem�foro com defeito";2;"Tombamento";"Com V�timas Feridas";"Plena Noite";"Crescente";"Chuva";"Dupla";"Reta";"Sim";1333775;"Motoneta";"HONDA/BIZ 100 ES/BIZ 100 ES";2013;"Condutor";"Les�es Graves";33;"Feminino";0;0;1;0;-5,08117663;-42,77801514;"SPRF-PI";"DEL01-PI";"UOP01-DEL01-PI"
746880;1674359;2025-07-30;"quarta-feira";"18:20:00";"PI";343;3,2;"TERESINA";"N�o";"Sem�foro com defeito";2;"Tombamento";"Com V�timas Feridas";"Plena Noite";"Crescente";"Chuva";"Dupla";"Reta";"Sim";1333774;"Autom�vel";"TOYOTA/YARIS SA XL15/YARIS SA XL15";2023;"Condutor";"Ileso";60;"Masculino";1;0;0;0;-5,08117663;-42,77801514;"SPRF-PI";"DEL01-PI";"UOP01-DEL01-PI"
746880;1674360;2025-07-30;"quarta-feira";"18:20:00";"PI";343;3,2;"TERESINA";"N�o";"Sem�foro com defeito";1;"Colis�o transversal";"Com V�timas Feridas";"Plena Noite";"Crescente";"Chuva";"Dupla";"Reta";"Sim";1333775;"Motoneta";"HONDA/BIZ 100 ES/BIZ 100 ES";2013;"Condutor";"Les�es Graves";33;"Feminino";0;0;1;0;-5,08117663;-42,77801514;"SPRF-PI";"DEL01-PI";"UOP01-DEL01-PI"
746880;1674359;2025-07-30;"quarta-feira";"18:20:00";"PI";343;3,2;"TERESINA";"N�o";"Sem�foro com defeito";1;"Colis�o transversal";"Com V�timas Feridas";"Plena Noite";"Crescente";"Chuva";"Dupla";"Reta";"Sim";1333774;"Autom�vel";"TOYOTA/YARIS SA XL15/YARIS SA XL15";2023;"Condutor";"Ileso";60;"Masculino";1;0;0;0;-5,08117663;-42,77801514;"SPRF-PI";"DEL01-PI";"UOP01-DEL01-PI"
746880;1674360;2025-07-30;"quarta-feira";"18:20:00";"PI";343;3,2;"TERESINA";"N�o";"Desrespeitar a prefer�ncia no cruzamento";3;"Queda de ocupante de ve�culo";"Com V�timas Feridas";"Plena Noite";"Crescente";"Chuva";"Dupla";"Reta";"Sim";1333775;"Motoneta";"HONDA/BIZ 100 ES/BIZ 100 ES";2013;"Condutor";"Les�es Graves";33;"Feminino";0;0;1;0;-5,08117663;-42,77801514;"SPRF-PI";"DEL01-PI";"UOP01-DEL01-PI"
746880;1674359;2025-07-30;"quarta-feira";"18:20:00";"PI";343;3,2;"TERESINA";"N�o";"Desrespeitar a prefer�ncia no cruzamento";3;"Queda de ocupante de ve�culo";"Com V�timas Feridas";"Plena Noite";"Crescente";"Chuva";"Dupla";"Reta";"Sim";1333774;"Autom�vel";"TOYOTA/YARIS SA XL15/YARIS SA XL15";2023;"Condutor";"Ileso";60;"Masculino";1;0;0;0;-5,08117663;-42,77801514;"SPRF-PI";"DEL01-PI";"UOP01-DEL01-PI"
746880;1674360;2025-07-30;"quarta-feira";"18:20:00";"PI";343;3,2;"TERESINA";"N�o";"Desrespeitar a prefer�ncia no cruzamento";2;"Tombamento";"Com V�timas Feridas";"Plena Noite";"Crescente";"Chuva";"Dupla";"Reta";"Sim";1333775;"Motoneta";"HONDA/BIZ 100 ES/BIZ 100 ES";2013;"Condutor";"Les�es Graves";33;"Feminino";0;0;1;0;-5,08117663;-42,77801514;"SPRF-PI";"DEL01-PI";"UOP01-DEL01-PI"
746880;1674359;2025-07-30;"quarta-feira";"18:20:00";"PI";343;3,2;"TERESINA";"N�o";"Desrespeitar a prefer�ncia no cruzamento";2;"Tombamento";"Com V�timas Feridas";"Plena Noite";"Crescente";"Chuva";"Dupla";"Reta";"Sim";1333774;"Autom�vel";"TOYOTA/YARIS SA XL15/YARIS SA XL15";2023;"Condutor";"Ileso";60;"Masculino";1;0;0;0;-5,08117663;-42,77801514;"SPRF-PI";"DEL01-PI";"UOP01-DEL01-PI"
746880;1674360;2025-07-30;"quarta-feira";"18:20:00";"PI";343;3,2;"TERESINA";"N�o";"Desrespeitar a prefer�ncia no cruzamento";1;"Colis�o transversal";"Com V�timas Feridas";"Plena Noite";"Crescente";"Chuva";"Dupla";"Reta";"Sim";1333775;"Motoneta";"HONDA/BIZ 100 ES/BIZ 100 ES";2013;"Condutor";"Les�es Graves";33;"Feminino";0;0;1;0;-5,08117663;-42,77801514;"SPRF-PI";"DEL01-PI";"UOP01-DEL01-PI"
746880;1674359;2025-07-30;"quarta-feira";"18:20:00";"PI";343;3,2;"TERESINA";"N�o";"Desrespeitar a prefer�ncia no cruzamento";1;"Colis�o transversal";"Com V�timas Feridas";"Plena Noite";"Crescente";"Chuva";"Dupla";"Reta";"Sim";1333774;"Autom�vel";"TOYOTA/YARIS SA XL15/YARIS SA XL15";2023;"Condutor";"Ileso";60;"Masculino";1;0;0;0;-5,08117663;-42,77801514;"SPRF-PI";"DEL01-PI";"UOP01-DEL01-PI"
746880;1674360;2025-07-30;"quarta-feira";"18:20:00";"PI";343;3,2;"TERESINA";"N�o";"Deixar de acionar o farol da motocicleta (ou similar)";3;"Queda de ocupante de ve�culo";"Com V�timas Feridas";"Plena Noite";"Crescente";"Chuva";"Dupla";"Reta";"Sim";1333775;"Motoneta";"HONDA/BIZ 100 ES/BIZ 100 ES";2013;"Condutor";"Les�es Graves";33;"Feminino";0;0;1;0;-5,08117663;-42,77801514;"SPRF-PI";"DEL01-PI";"UOP01-DEL01-PI"
746880;1674359;2025-07-30;"quarta-feira";"18:20:00";"PI";343;3,2;"TERESINA";"N�o";"Deixar de acionar o farol da motocicleta (ou similar)";3;"Queda de ocupante de ve�culo";"Com V�timas Feridas";"Plena Noite";"Crescente";"Chuva";"Dupla";"Reta";"Sim";1333774;"Autom�vel";"TOYOTA/YARIS SA XL15/YARIS SA XL15";2023;"Condutor";"Ileso";60;"Masculino";1;0;0;0;-5,08117663;-42,77801514;"SPRF-PI";"DEL01-PI";"UOP01-DEL01-PI"
746880;1674360;2025-07-30;"quarta-feira";"18:20:00";"PI";343;3,2;"TERESINA";"N�o";"Deixar de acionar o farol da motocicleta (ou similar)";2;"Tombamento";"Com V�timas Feridas";"Plena Noite";"Crescente";"Chuva";"Dupla";"Reta";"Sim";1333775;"Motoneta";"HONDA/BIZ 100 ES/BIZ 100 ES";2013;"Condutor";"Les�es Graves";33;"Feminino";0;0;1;0;-5,08117663;-42,77801514;"SPRF-PI";"DEL01-PI";"UOP01-DEL01-PI"
746880;1674359;2025-07-30;"quarta-feira";"18:20:00";"PI";343;3,2;"TERESINA";"N�o";"Deixar de acionar o farol da motocicleta (ou similar)";2;"Tombamento";"Com V�timas Feridas";"Plena Noite";"Crescente";"Chuva";"Dupla";"Reta";"Sim";1333774;"Autom�vel";"TOYOTA/YARIS SA XL15/YARIS SA XL15";2023;"Condutor";"Ileso";60;"Masculino";1;0;0;0;-5,08117663;-42,77801514;"SPRF-PI";"DEL01-PI";"UOP01-DEL01-PI"
746880;1674360;2025-07-30;"quarta-feira";"18:20:00";"PI";343;3,2;"TERESINA";"N�o";"Deixar de acionar o farol da motocicleta (ou similar)";1;"Colis�o transversal";"Com V�timas Feridas";"Plena Noite";"Crescente";"Chuva";"Dupla";"Reta";"Sim";1333775;"Motoneta";"HONDA/BIZ 100 ES/BIZ 100 ES";2013;"Condutor";"Les�es Graves";33;"Feminino";0;0;1;0;-5,08117663;-42,77801514;"SPRF-PI";"DEL01-PI";"UOP01-DEL01-PI"
746880;1674359;2025-07-30;"quarta-feira";"18:20:00";"PI";343;3,2;"TERESINA";"N�o";"Deixar de acionar o farol da motocicleta (ou similar)";1;"Colis�o transversal";"Com V�timas Feridas";"Plena Noite";"Crescente";"Chuva";"Dupla";"Reta";"Sim";1333774;"Autom�vel";"TOYOTA/YARIS SA XL15/YARIS SA XL15";2023;"Condutor";"Ileso";60;"Masculino";1;0;0;0;-5,08117663;-42,77801514;"SPRF-PI";"DEL01-PI";"UOP01-DEL01-PI"
746880;1674360;2025-07-30;"quarta-feira";"18:20:00";"PI";343;3,2;"TERESINA";"N�o";"Chuva";3;"Queda de ocupante de ve�culo";"Com V�timas Feridas";"Plena Noite";"Crescente";"Chuva";"Dupla";"Reta";"Sim";1333775;"Motoneta";"HONDA/BIZ 100 ES/BIZ 100 ES";2013;"Condutor";"Les�es Graves";33;"Feminino";0;0;1;0;-5,08117663;-42,77801514;"SPRF-PI";"DEL01-PI";"UOP01-DEL01-PI"
746880;1674359;2025-07-30;"quarta-feira";"18:20:00";"PI";343;3,2;"TERESINA";"N�o";"Chuva";3;"Queda de ocupante de ve�culo";"Com V�timas Feridas";"Plena Noite";"Crescente";"Chuva";"Dupla";"Reta";"Sim";1333774;"Autom�vel";"TOYOTA/YARIS SA XL15/YARIS SA XL15";2023;"Condutor";"Ileso";60;"Masculino";1;0;0;0;-5,08117663;-42,77801514;"SPRF-PI";"DEL01-PI";"UOP01-DEL01-PI"
746880;1674360;2025-07-30;"quarta-feira";"18:20:00";"PI";343;3,2;"TERESINA";"N�o";"Chuva";2;"Tombamento";"Com V�timas Feridas";"Plena Noite";"Crescente";"Chuva";"Dupla";"Reta";"Sim";1333775;"Motoneta";"HONDA/BIZ 100 ES/BIZ 100 ES";2013;"Condutor";"Les�es Graves";33;"Feminino";0;0;1;0;-5,08117663;-42,77801514;"SPRF-PI";"DEL01-PI";"UOP01-DEL01-PI"
746880;1674359;2025-07-30;"quarta-feira";"18:20:00";"PI";343;3,2;"TERESINA";"N�o";"Chuva";2;"Tombamento";"Com V�timas Feridas";"Plena Noite";"Crescente";"Chuva";"Dupla";"Reta";"Sim";1333774;"Autom�vel";"TOYOTA/YARIS SA XL15/YARIS SA XL15";2023;"Condutor";"Ileso";60;"Masculino";1;0;0;0;-5,08117663;-42,77801514;"SPRF-PI";"DEL01-PI";"UOP01-DEL01-PI"
746880;1674360;2025-07-30;"quarta-feira";"18:20:00";"PI";343;3,2;"TERESINA";"N�o";"Chuva";1;"Colis�o transversal";"Com V�timas Feridas";"Plena Noite";"Crescente";"Chuva";"Dupla";"Reta";"Sim";1333775;"Motoneta";"HONDA/BIZ 100 ES/BIZ 100 ES";2013;"Condutor";"Les�es Graves";33;"Feminino";0;0;1;0;-5,08117663;-42,77801514;"SPRF-PI";"DEL01-PI";"UOP01-DEL01-PI"
746880;1674359;2025-07-30;"quarta-feira";"18:20:00";"PI";343;3,2;"TERESINA";"N�o";"Chuva";1;"Colis�o transversal";"Com V�timas Feridas";"Plena Noite";"Crescente";"Chuva";"Dupla";"Reta";"Sim";1333774;"Autom�vel";"TOYOTA/YARIS SA XL15/YARIS SA XL15";2023;"Condutor";"Ileso";60;"Masculino";1;0;0;0;-5,08117663;-42,77801514;"SPRF-PI";"DEL01-PI";"UOP01-DEL01-PI"
746880;1674360;2025-07-30;"quarta-feira";"18:20:00";"PI";343;3,2;"TERESINA";"N�o";"Aus�ncia de rea��o do condutor";3;"Queda de ocupante de ve�culo";"Com V�timas Feridas";"Plena Noite";"Crescente";"Chuva";"Dupla";"Reta";"Sim";1333775;"Motoneta";"HONDA/BIZ 100 ES/BIZ 100 ES";2013;"Condutor";"Les�es Graves";33;"Feminino";0;0;1;0;-5,08117663;-42,77801514;"SPRF-PI";"DEL01-PI";"UOP01-DEL01-PI"
746880;1674359;2025-07-30;"quarta-feira";"18:20:00";"PI";343;3,2;"TERESINA";"N�o";"Aus�ncia de rea��o do condutor";3;"Queda de ocupante de ve�culo";"Com V�timas Feridas";"Plena Noite";"Crescente";"Chuva";"Dupla";"Reta";"Sim";1333774;"Autom�vel";"TOYOTA/YARIS SA XL15/YARIS SA XL15";2023;"Condutor";"Ileso";60;"Masculino";1;0;0;0;-5,08117663;-42,77801514;"SPRF-PI";"DEL01-PI";"UOP01-DEL01-PI"
746880;1674360;2025-07-30;"quarta-feira";"18:20:00";"PI";343;3,2;"TERESINA";"N�o";"Aus�ncia de rea��o do condutor";2;"Tombamento";"Com V�timas Feridas";"Plena Noite";"Crescente";"Chuva";"Dupla";"Reta";"Sim";1333775;"Motoneta";"HONDA/BIZ 100 ES/BIZ 100 ES";2013;"Condutor";"Les�es Graves";33;"Feminino";0;0;1;0;-5,08117663;-42,77801514;"SPRF-PI";"DEL01-PI";"UOP01-DEL01-PI"
746880;1674359;2025-07-30;"quarta-feira";"18:20:00";"PI";343;3,2;"TERESINA";"N�o";"Aus�ncia de rea��o do condutor";2;"Tombamento";"Com V�timas Feridas";"Plena Noite";"Crescente";"Chuva";"Dupla";"Reta";"Sim";1333774;"Autom�vel";"TOYOTA/YARIS SA XL15/YARIS SA XL15";2023;"Condutor";"Ileso";60;"Masculino";1;0;0;0;-5,08117663;-42,77801514;"SPRF-PI";"DEL01-PI";"UOP01-DEL01-PI"
746880;1674360;2025-07-30;"quarta-feira";"18:20:00";"PI";343;3,2;"TERESINA";"N�o";"Aus�ncia de rea��o do condutor";1;"Colis�o transversal";"Com V�timas Feridas";"Plena Noite";"Crescente";"Chuva";"Dupla";"Reta";"Sim";1333775;"Motoneta";"HONDA/BIZ 100 ES/BIZ 100 ES";2013;"Condutor";"Les�es Graves";33;"Feminino";0;0;1;0;-5,08117663;-42,77801514;"SPRF-PI";"DEL01-PI";"UOP01-DEL01-PI"
746880;1674359;2025-07-30;"quarta-feira";"18:20:00";"PI";343;3,2;"TERESINA";"N�o";"Aus�ncia de rea��o do condutor";1;"Colis�o transversal";"Com V�timas Feridas";"Plena Noite";"Crescente";"Chuva";"Dupla";"Reta";"Sim";1333774;"Autom�vel";"TOYOTA/YARIS SA XL15/YARIS SA XL15";2023;"Condutor";"Ileso";60;"Masculino";1;0;0;0;-5,08117663;-42,77801514;"SPRF-PI";"DEL01-PI";"UOP01-DEL01-PI"
746880;1674360;2025-07-30;"quarta-feira";"18:20:00";"PI";343;3,2;"TERESINA";"Sim";"Acessar a via sem observar a presen�a dos outros ve�culos";3;"Queda de ocupante de ve�culo";"Com V�timas Feridas";"Plena Noite";"Crescente";"Chuva";"Dupla";"Reta";"Sim";1333775;"Motoneta";"HONDA/BIZ 100 ES/BIZ 100 ES";2013;"Condutor";"Les�es Graves";33;"Feminino";0;0;1;0;-5,08117663;-42,77801514;"SPRF-PI";"DEL01-PI";"UOP01-DEL01-PI"
746880;1674359;2025-07-30;"quarta-feira";"18:20:00";"PI";343;3,2;"TERESINA";"Sim";"Acessar a via sem observar a presen�a dos outros ve�culos";3;"Queda de ocupante de ve�culo";"Com V�timas Feridas";"Plena Noite";"Crescente";"Chuva";"Dupla";"Reta";"Sim";1333774;"Autom�vel";"TOYOTA/YARIS SA XL15/YARIS SA XL15";2023;"Condutor";"Ileso";60;"Masculino";1;0;0;0;-5,08117663;-42,77801514;"SPRF-PI";"DEL01-PI";"UOP01-DEL01-PI"
746880;1674360;2025-07-30;"quarta-feira";"18:20:00";"PI";343;3,2;"TERESINA";"Sim";"Acessar a via sem observar a presen�a dos outros ve�culos";2;"Tombamento";"Com V�timas Feridas";"Plena Noite";"Crescente";"Chuva";"Dupla";"Reta";"Sim";1333775;"Motoneta";"HONDA/BIZ 100 ES/BIZ 100 ES";2013;"Condutor";"Les�es Graves";33;"Feminino";0;0;1;0;-5,08117663;-42,77801514;"SPRF-PI";"DEL01-PI";"UOP01-DEL01-PI"