"id";"pesid";"data_inversa";"dia_semana";"horario";"uf";"br";"km";"municipio";"causa_principal";"causa_acidente";"ordem_tipo_acidente";"tipo_acidente";"classificacao_acidente";"fase_dia";"sentido_via";"condicao_metereologica";"tipo_pista";"tracado_via";"uso_solo";"id_veiculo";"tipo_veiculo";"marca";"ano_fabricacao_veiculo";"tipo_envolvido";"estado_fisico";"idade";"sexo";"ilesos";"feridos_leves";"feridos_graves";"mortos";"latitude";"longitude";"regional";"delegacia";"uop"
746880;1674359;2025-07-30;"quarta-feira";"18:20:00";"PI";343;3,2;"TERESINA";"Sim";"Acessar a via sem observar a presen�a dos outros ve�culos";2;"Tombamento";"Com V�timas Feridas";"Plena Noite";"Crescente";"Chuva";"Dupla";"Reta";"Sim";1333774;"Autom�vel";"TOYOTA/YARIS SA XL15/YARIS SA XL15";2023;"Condutor";"Ileso";60;"Masculino";1;0;0;0;-5,08117663;-42,77801514;"SPRF-PI";"DEL01-PI";"UOP01-DEL01-PI"
746880;1674360;2025-07-30;"quarta-feira";"18:20:00";"PI";343;3,2;"TERESINA";"Sim";"Acessar a via sem observar a presen�a dos outros ve�culos";1;"Colis�o transversal";"Com V�timas Feridas";"Plena Noite";"Crescente";"Chuva";"Dupla";"Reta";"Sim";1333775;"Motoneta";"HONDA/BIZ 100 ES/BIZ 100 ES";2013;"Condutor";"Les�es Graves";33;"Feminino";0;0;1;0;-5,08117663;-42,77801514;"SPRF-PI";"DEL01-PI";"UOP01-DEL01-PI"
746880;1674359;2025-07-30;"quarta-feira";"18:20:00";"PI";343;3,2;"TERESINA";"Sim";"Acessar a via sem observar a presen�a dos outros ve�culos";1;"Colis�o transversal";"Com V�timas Feridas";"Plena Noite";"Crescente";"Chuva";"Dupla";"Reta";"Sim";1333774;"Autom�vel";"TOYOTA/YARIS SA XL15/YARIS SA XL15";2023;"Condutor";"Ileso";60;"Masculino";1;0;0;0;-5,08117663;-42,77801514;"SPRF-PI";"DEL01-PI";"UOP01-DEL01-PI"
746909;1674440;2025-12-06;"s�bado";"06:20:00";"AL";424;105;"MARECHAL DEODORO";"Sim";"Transitar na contram�o";2;"Colis�o com objeto";"Com V�timas Feridas";"Pleno dia";"Crescente";"Ignorado";"Simples";"Declive";"N�o";1333821;"Caminhonete";"CHEVROLET/S10 LS DD4/S10 LS DD4";2019;"Condutor";"Ileso";41;"Masculino";1;0;0;0;-9,685658;-35,821572;"SPRF-AL";"DEL02-AL";"UOP01-DEL02-AL"
746909;1674439;2025-12-06;"s�bado";"06:20:00";"AL";424;105;"MARECHAL DEODORO";"Sim";"Transitar na contram�o";2;"Colis�o com objeto";"Com V�timas Feridas";"Pleno dia";"Crescente";"Ignorado";"Simples";"Declive";"N�o";1333820;"Caminhonete";"FIAT/FIORINO HD WK E/FIORINO HD WK E";2016;"Condutor";"Les�es Graves";46;"Masculino";0;0;1;0;-9,685658;-35,821572;"SPRF-AL";"DEL02-AL";"UOP01-DEL02-AL"
746909;1674440;2025-12-06;"s�bado";"06:20:00";"AL";424;105;"MARECHAL DEODORO";"Sim";"Transitar na contram�o";1;"Colis�o frontal";"Com V�timas Feridas";"Pleno dia";"Crescente";"Ignorado";"Simples";"Declive";"N�o";1333821;"Caminhonete";"CHEVROLET/S10 LS DD4/S10 LS DD4";2019;"Condutor";"Ileso";41;"Masculino";1;0;0;0;-9,685658;-35,821572;"SPRF-AL";"DEL02-AL";"UOP01-DEL02-AL"
746909;1674439;2025-12-06;"s�bado";"06:20:00";"AL";424;105;"MARECHAL DEODORO";"Sim";"Transitar na contram�o";1;"Colis�o frontal";"Com V�timas Feridas";"Pleno dia";"Crescente";"Ignorado";"Simples";"Declive";"N�o";1333820;"Caminhonete";"FIAT/FIORINO HD WK E/FIORINO HD WK E";2016;"Condutor";"Les�es Graves";46;"Masculino";0;0;1;0;-9,685658;-35,821572;"SPRF-AL";"DEL02-AL";"UOP01-DEL02-AL"
746909;1674440;2025-12-06;"s�bado";"06:20:00";"AL";424;105;"MARECHAL DEODORO";"N�o";"Chuva";2;"Colis�o com objeto";"Com V�timas Feridas";"Pleno dia";"Crescente";"Ignorado";"Simples";"Declive";"N�o";1333821;"Caminhonete";"CHEVROLET/S10 LS DD4/S10 LS DD4";2019;"Condutor";"Ileso";41;"Masculino";1;0;0;0;-9,685658;-35,821572;"SPRF-AL";"DEL02-AL";"UOP01-DEL02-AL"
746909;1674439;2025-12-06;"s�bado";"06:20:00";"AL";424;105;"MARECHAL DEODORO";"N�o";"Chuva";2;"Colis�o com objeto";"Com V�timas Feridas";"Pleno dia";"Crescente";"Ignorado";"Simples";"Declive";"N�o";1333820;"Caminhonete";"FIAT/FIORINO HD WK E/FIORINO HD WK E";2016;"Condutor";"Les�es Graves";46;"Masculino";0;0;1;0;-9,685658;-35,821572;"SPRF-AL";"DEL02-AL";"UOP01-DEL02-AL"
746909;1674440;2025-12-06;"s�bado";"06:20:00";"AL";424;105;"MARECHAL DEODORO";"N�o";"Chuva";1;"Colis�o frontal";"Com V�timas Feridas";"Pleno dia";"Crescente";"Ignorado";"Simples";"Declive";"N�o";1333821;"Caminhonete";"CHEVROLET/S10 LS DD4/S10 LS DD4";2019;"Condutor";"Ileso";41;"Masculino";1;0;0;0;-9,685658;-35,821572;"SPRF-AL";"DEL02-AL";"UOP01-DEL02-AL"
746909;1674439;2025-12-06;"s�bado";"06:20:00";"AL";424;105;"MARECHAL DEODORO";"N�o";"Chuva";1;"Colis�o frontal";"Com V�timas Feridas";"Pleno dia";"Crescente";"Ignorado";"Simples";"Declive";"N�o";1333820;"Caminhonete";"FIAT/FIORINO HD WK E/FIORINO HD WK E";2016;"Condutor";"Les�es Graves";46;"Masculino";0;0;1;0;-9,685658;-35,821572;"SPRF-AL";"DEL02-AL";"UOP01-DEL02-AL"
746909;1674440;2025-12-06;"s�bado";"06:20:00";"AL";424;105;"MARECHAL DEODORO";"N�o";"Carga excessiva e/ou mal acondicionada";2;"Colis�o com objeto";"Com V�timas Feridas";"Pleno dia";"Crescente";"Ignorado";"Simples";"Declive";"N�o";1333821;"Caminhonete";"CHEVROLET/S10 LS DD4/S10 LS DD4";2019;"Condutor";"Ileso";41;"Masculino";1;0;0;0;-9,685658;-35,821572;"SPRF-AL";"DEL02-AL";"UOP01-DEL02-AL"
746909;1674439;2025-12-06;"s�bado";"06:20:00";"AL";424;105;"MARECHAL DEODORO";"N�o";"Carga excessiva e/ou mal acondicionada";2;"Colis�o com objeto";"Com V�timas Feridas";"Pleno dia";"Crescente";"Ignorado";"Simples";"Declive";"N�o";1333820;"Caminhonete";"FIAT/FIORINO HD WK E/FIORINO HD WK E";2016;"Condutor";"Les�es Graves";46;"Masculino";0;0;1;0;-9,685658;-35,821572;"SPRF-AL";"DEL02-AL";"UOP01-DEL02-AL"
746909;1674440;2025-12-06;"s�bado";"06:20:00";"AL";424;105;"MARECHAL DEODORO";"N�o";"Carga excessiva e/ou mal acondicionada";1;"Colis�o frontal";"Com V�timas Feridas";"Pleno dia";"Crescente";"Ignorado";"Simples";"Declive";"N�o";1333821;"Caminhonete";"CHEVROLET/S10 LS DD4/S10 LS DD4";2019;"Condutor";"Ileso";41;"Masculino";1;0;0;0;-9,685658;-35,821572;"SPRF-AL";"DEL02-AL";"UOP01-DEL02-AL"
746909;1674439;2025-12-06;"s�bado";"06:20:00";"AL";424;105;"MARECHAL DEODORO";"N�o";"Carga excessiva e/ou mal acondicionada";1;"Colis�o frontal";"Com V�timas Feridas";"Pleno dia";"Crescente";"Ignorado";"Simples";"Declive";"N�o";1333820;"Caminhonete";"FIAT/FIORINO HD WK E/FIORINO HD WK E";2016;"Condutor";"Les�es Graves";46;"Masculino";0;0;1;0;-9,685658;-35,821572;"SPRF-AL";"DEL02-AL";"UOP01-DEL02-AL"
746927;1674535;2025-08-16;"s�bado";"11:15:00";"BA";116;777;"PLANALTO";"Sim";"Aus�ncia de rea��o do condutor";1;"Colis�o lateral sentido oposto";"Com V�timas Feridas";"Pleno dia";"Crescente";"Nublado";"Simples";"Reta";"Sim";1333869;"Motocicleta";"HONDA/CG 125 FAN/CG 125 FAN";0;"Condutor";"Les�es Graves";37;"Masculino";0;0;1;0;-14,67124614;-40,47971103;"SPRF-BA";"DEL08-BA";"UOP02-DEL08-BA"
746927;NA;2025-08-16;"s�bado";"11:15:00";"BA";116;777;"PLANALTO";"Sim";"Aus�ncia de rea��o do condutor";1;"Colis�o lateral sentido oposto";"Com V�timas Feridas";"Pleno dia";"Crescente";"Nublado";"Simples";"Reta";"Sim";1333872;"Semireboque";"SR/RANDON SR CA 1ED3E/RANDON SR CA 1ED3E";2022;NA;NA;NA;NA;NA;NA;NA;NA;-14,67124614;-40,47971103;"SPRF-BA";"DEL08-BA";"UOP02-DEL08-BA"
746927;NA;2025-08-16;"s�bado";"11:15:00";"BA";116;777;"PLANALTO";"Sim";"Aus�ncia de rea��o do condutor";1;"Colis�o lateral sentido oposto";"Com V�timas Feridas";"Pleno dia";"Crescente";"Nublado";"Simples";"Reta";"Sim";1333871;"Semireboque";"SR/LIBRELATO CACAENCR 3E/LIBRELATO CACAENCR 3E";2021;NA;NA;NA;NA;NA;NA;NA;NA;-14,67124614;-40,47971103;"SPRF-BA";"DEL08-BA";"UOP02-DEL08-BA"
746927;NA;2025-08-16;"s�bado";"11:15:00";"BA";116;777;"PLANALTO";"Sim";"Aus�ncia de rea��o do condutor";1;"Colis�o lateral sentido oposto";"Com V�timas Feridas";"Pleno dia";"Crescente";"Nublado";"Simples";"Reta";"Sim";1333870;"Semireboque";"SR/LIBRELATO CACAENCR 3E/LIBRELATO CACAENCR 3E";2021;NA;NA;NA;NA;NA;NA;NA;NA;-14,67124614;-40,47971103;"SPRF-BA";"DEL08-BA";"UOP02-DEL08-BA"
746927;1674534;2025-08-16;"s�bado";"11:15:00";"BA";116;777;"PLANALTO";"Sim";"Aus�ncia de rea��o do condutor";1;"Colis�o lateral sentido oposto";"Com V�timas Feridas";"Pleno dia";"Crescente";"Nublado";"Simples";"Reta";"Sim";1333868;"Caminh�o-trator";"SCANIA/R540 A6X4/R540 A6X4";2021;"Condutor";"Ileso";51;"Masculino";1;0;0;0;-14,67124614;-40,47971103;"SPRF-BA";"DEL08-BA";"UOP02-DEL08-BA"
746927;1674533;2025-08-16;"s�bado";"11:15:00";"BA";116;777;"PLANALTO";"Sim";"Aus�ncia de rea��o do condutor";1;"Colis�o lateral sentido oposto";"Com V�timas Feridas";"Pleno dia";"Crescente";"Nublado";"Simples";"Reta";"Sim";1333867;"Caminh�o-trator";"VOLVO/FH 400 6X2T/FH 400 6X2T";2007;"Condutor";"Ileso";60;"Masculino";1;0;0;0;-14,67124614;-40,47971103;"SPRF-BA";"DEL08-BA";"UOP02-DEL08-BA"
746934;1674542;2025-12-17;"quarta-feira";"08:50:00";"PI";343;4,8;"TERESINA";"N�o";"Condutor deixou de manter dist�ncia do ve�culo da frente";3;"Tombamento";"Com V�timas Feridas";"Pleno dia";"Crescente";"Nublado";"M�ltipla";"Ponte;Reta";"Sim";1333879;"Motocicleta";"YAMAHA/FZ15 FAZER ABS/FZ15 FAZER ABS";2025;"Condutor";"Les�es Leves";37;"Masculino";0;1;0;0;-5,08264397;-42,7953996;"SPRF-PI";"DEL01-PI";"UOP01-DEL01-PI"
746934;1674541;2025-12-17;"quarta-feira";"08:50:00";"PI";343;4,8;"TERESINA";"N�o";"Condutor deixou de manter dist�ncia do ve�culo da frente";3;"Tombamento";"Com V�timas Feridas";"Pleno dia";"Crescente";"Nublado";"M�ltipla";"Ponte;Reta";"Sim";1333878;"Autom�vel";"NISSAN/KICKS ACTIVE CVT/KICKS ACTIVE CVT";2021;"Condutor";"Ileso";51;"Masculino";1;0;0;0;-5,08264397;-42,7953996;"SPRF-PI";"DEL01-PI";"UOP01-DEL01-PI"
746934;1674542;2025-12-17;"quarta-feira";"08:50:00";"PI";343;4,8;"TERESINA";"N�o";"Condutor deixou de manter dist�ncia do ve�culo da frente";2;"Queda de ocupante de ve�culo";"Com V�timas Feridas";"Pleno dia";"Crescente";"Nublado";"M�ltipla";"Ponte;Reta";"Sim";1333879;"Motocicleta";"YAMAHA/FZ15 FAZER ABS/FZ15 FAZER ABS";2025;"Condutor";"Les�es Leves";37;"Masculino";0;1;0;0;-5,08264397;-42,7953996;"SPRF-PI";"DEL01-PI";"UOP01-DEL01-PI"
746934;1674541;2025-12-17;"quarta-feira";"08:50:00";"PI";343;4,8;"TERESINA";"N�o";"Condutor deixou de manter dist�ncia do ve�culo da frente";2;"Queda de ocupante de ve�culo";"Com V�timas Feridas";"Pleno dia";"Crescente";"Nublado";"M�ltipla";"Ponte;Reta";"Sim";1333878;"Autom�vel";"NISSAN/KICKS ACTIVE CVT/KICKS ACTIVE CVT";2021;"Condutor";"Ileso";51;"Masculino";1;0;0;0;-5,08264397;-42,7953996;"SPRF-PI";"DEL01-PI";"UOP01-DEL01-PI"
746934;1674542;2025-12-17;"quarta-feira";"08:50:00";"PI";343;4,8;"TERESINA";"N�o";"Condutor deixou de manter dist�ncia do ve�culo da frente";1;"Colis�o traseira";"Com V�timas Feridas";"Pleno dia";"Crescente";"Nublado";"M�ltipla";"Ponte;Reta";"Sim";1333879;"Motocicleta";"YAMAHA/FZ15 FAZER ABS/FZ15 FAZER ABS";2025;"Condutor";"Les�es Leves";37;"Masculino";0;1;0;0;-5,08264397;-42,7953996;"SPRF-PI";"DEL01-PI";"UOP01-DEL01-PI"
746934;1674541;2025-12-17;"quarta-feira";"08:50:00";"PI";343;4,8;"TERESINA";"N�o";"Condutor deixou de manter dist�ncia do ve�culo da frente";1;"Colis�o traseira";"Com V�timas Feridas";"Pleno dia";"Crescente";"Nublado";"M�ltipla";"Ponte;Reta";"Sim";1333878;"Autom�vel";"NISSAN/KICKS ACTIVE CVT/KICKS ACTIVE CVT";2021;"Condutor";"Ileso";51;"Masculino";1;0;0;0;-5,08264397;-42,7953996;"SPRF-PI";"DEL01-PI";"UOP01-DEL01-PI"
746934;1674542;2025-12-17;"quarta-feira";"08:50:00";"PI";343;4,8;"TERESINA";"Sim";"Aus�ncia de rea��o do condutor";3;"Tombamento";"Com V�timas Feridas";"Pleno dia";"Crescente";"Nublado";"M�ltipla";"Ponte;Reta";"Sim";1333879;"Motocicleta";"YAMAHA/FZ15 FAZER ABS/FZ15 FAZER ABS";2025;"Condutor";"Les�es Leves";37;"Masculino";0;1;0;0;-5,08264397;-42,7953996;"SPRF-PI";"DEL01-PI";"UOP01-DEL01-PI"
746934;1674541;2025-12-17;"quarta-feira";"08:50:00";"PI";343;4,8;"TERESINA";"Sim";"Aus�ncia de rea��o do condutor";3;"Tombamento";"Com V�timas Feridas";"Pleno dia";"Crescente";"Nublado";"M�ltipla";"Ponte;Reta";"Sim";1333878;"Autom�vel";"NISSAN/KICKS ACTIVE CVT/KICKS ACTIVE CVT";2021;"Condutor";"Ileso";51;"Masculino";1;0;0;0;-5,08264397;-42,7953996;"SPRF-PI";"DEL01-PI";"UOP01-DEL01-PI"
746934;1674542;2025-12-17;"quarta-feira";"08:50:00";"PI";343;4,8;"TERESINA";"Sim";"Aus�ncia de rea��o do condutor";2;"Queda de ocupante de ve�culo";"Com V�timas Feridas";"Pleno dia";"Crescente";"Nublado";"M�ltipla";"Ponte;Reta";"Sim";1333879;"Motocicleta";"YAMAHA/FZ15 FAZER ABS/FZ15 FAZER ABS";2025;"Condutor";"Les�es Leves";37;"Masculino";0;1;0;0;-5,08264397;-42,7953996;"SPRF-PI";"DEL01-PI";"UOP01-DEL01-PI"
746934;1674541;2025-12-17;"quarta-feira";"08:50:00";"PI";343;4,8;"TERESINA";"Sim";"Aus�ncia de rea��o do condutor";2;"Queda de ocupante de ve�culo";"Com V�timas Feridas";"Pleno dia";"Crescente";"Nublado";"M�ltipla";"Ponte;Reta";"Sim";1333878;"Autom�vel";"NISSAN/KICKS ACTIVE CVT/KICKS ACTIVE CVT";2021;"Condutor";"Ileso";51;"Masculino";1;0;0;0;-5,08264397;-42,7953996;"SPRF-PI";"DEL01-PI";"UOP01-DEL01-PI"
746934;1674542;2025-12-17;"quarta-feira";"08:50:00";"PI";343;4,8;"TERESINA";"Sim";"Aus�ncia de rea��o do condutor";1;"Colis�o traseira";"Com V�timas Feridas";"Pleno dia";"Crescente";"Nublado";"M�ltipla";"Ponte;Reta";"Sim";1333879;"Motocicleta";"YAMAHA/FZ15 FAZER ABS/FZ15 FAZER ABS";2025;"Condutor";"Les�es Leves";37;"Masculino";0;1;0;0;-5,08264397;-42,7953996;"SPRF-PI";"DEL01-PI";"UOP01-DEL01-PI"
746934;1674541;2025-12-17;"quarta-feira";"08:50:00";"PI";343;4,8;"TERESINA";"Sim";"Aus�ncia de rea��o do condutor";1;"Colis�o traseira";"Com V�timas Feridas";"Pleno dia";"Crescente";"Nublado";"M�ltipla";"Ponte;Reta";"Sim";1333878;"Autom�vel";"NISSAN/KICKS ACTIVE CVT/KICKS ACTIVE CVT";2021;"Condutor";"Ileso";51;"Masculino";1;0;0;0;-5,08264397;-42,7953996;"SPRF-PI";"DEL01-PI";"UOP01-DEL01-PI"
747017;1674767;2025-11-29;"s�bado";"21:40:00";"BA";101;943;"MUCURI";"Sim";"Aus�ncia de rea��o do condutor";1;"Tombamento";"Com V�timas Feridas";"Plena Noite";"Decrescente";"Nublado";"Simples";"Reta";"N�o";1334053;"Motocicleta";"YAMAHA/FAZER YS250/FAZER YS250";0;"Condutor";"Les�es Leves";42;"Masculino";0;1;0;0;-18,06996;-39,88168;"SPRF-BA";"DEL09-BA";"UOP02-DEL09-BA"
747017;1674766;2025-11-29;"s�bado";"21:40:00";"BA";101;943;"MUCURI";"Sim";"Aus�ncia de rea��o do condutor";1;"Tombamento";"Com V�timas Feridas";"Plena Noite";"Decrescente";"Nublado";"Simples";"Reta";"N�o";1334053;"Motocicleta";"YAMAHA/FAZER YS250/FAZER YS250";0;"Passageiro";"Les�es Leves";28;"Masculino";0;1;0;0;-18,06996;-39,88168;"SPRF-BA";"DEL09-BA";"UOP02-DEL09-BA"
747054;1674827;2025-12-21;"domingo";"08:00:00";"SC";282;55,8;"AGUAS MORNAS";"Sim";"Velocidade Incompat�vel";4;"Queda de ocupante de ve�culo";"Com V�timas Fatais";"Pleno dia";"Decrescente";"Nublado";"Simples";"Curva;Aclive";"N�o";1334103;"Motocicleta";"BMW/S1000 RR/S1000 RR";2015;"Condutor";"�bito";34;"Masculino";0;0;0;1;-27,69195872;-48,98895677;"SPRF-SC";"DEL01-SC";"UOP03-DEL01-SC"
747054;1674827;2025-12-21;"domingo";"08:00:00";"SC";282;55,8;"AGUAS MORNAS";"Sim";"Velocidade Incompat�vel";3;"Tombamento";"Com V�timas Fatais";"Pleno dia";"Decrescente";"Nublado";"Simples";"Curva;Aclive";"N�o";1334103;"Motocicleta";"BMW/S1000 RR/S1000 RR";2015;"Condutor";"�bito";34;"Masculino";0;0;0;1;-27,69195872;-48,98895677;"SPRF-SC";"DEL01-SC";"UOP03-DEL01-SC"
747054;1674827;2025-12-21;"domingo";"08:00:00";"SC";282;55,8;"AGUAS MORNAS";"Sim";"Velocidade Incompat�vel";2;"Colis�o com objeto";"Com V�timas Fatais";"Pleno dia";"Decrescente";"Nublado";"Simples";"Curva;Aclive";"N�o";1334103;"Motocicleta";"BMW/S1000 RR/S1000 RR";2015;"Condutor";"�bito";34;"Masculino";0;0;0;1;-27,69195872;-48,98895677;"SPRF-SC";"DEL01-SC";"UOP03-DEL01-SC"
747054;1674827;2025-12-21;"domingo";"08:00:00";"SC";282;55,8;"AGUAS MORNAS";"Sim";"Velocidade Incompat�vel";1;"Sa�da de leito carro��vel";"Com V�timas Fatais";"Pleno dia";"Decrescente";"Nublado";"Simples";"Curva;Aclive";"N�o";1334103;"Motocicleta";"BMW/S1000 RR/S1000 RR";2015;"Condutor";"�bito";34;"Masculino";0;0;0;1;-27,69195872;-48,98895677;"SPRF-SC";"DEL01-SC";"UOP03-DEL01-SC"
747063;1674889;2025-09-08;"segunda-feira";"06:50:00";"PR";476;42,7;"TUNAS DO PARANA";"Sim";"Mal s�bito do condutor";2;"Queda de ocupante de ve�culo";"Com V�timas Feridas";"Amanhecer";"Crescente";"C�u Claro";"Simples";"Reta";"N�o";1334144;"Motocicleta";"HONDA/XRE 300 ABS/XRE 300 ABS";2023;"Condutor";"Les�es Leves";NA;"Masculino";0;1;0;0;-24,97796678;-49,08382416;"SPRF-PR";"DEL01-PR";"UOP01-DEL01-PR"
747063;1674889;2025-09-08;"segunda-feira";"06:50:00";"PR";476;42,7;"TUNAS DO PARANA";"Sim";"Mal s�bito do condutor";1;"Tombamento";"Com V�timas Feridas";"Amanhecer";"Crescente";"C�u Claro";"Simples";"Reta";"N�o";1334144;"Motocicleta";"HONDA/XRE 300 ABS/XRE 300 ABS";2023;"Condutor";"Les�es Leves";NA;"Masculino";0;1;0;0;-24,97796678;-49,08382416;"SPRF-PR";"DEL01-PR";"UOP01-DEL01-PR"
747063;1674889;2025-09-08;"segunda-feira";"06:50:00";"PR";476;42,7;"TUNAS DO PARANA";"N�o";"Aus�ncia de rea��o do condutor";2;"Queda de ocupante de ve�culo";"Com V�timas Feridas";"Amanhecer";"Crescente";"C�u Claro";"Simples";"Reta";"N�o";1334144;"Motocicleta";"HONDA/XRE 300 ABS/XRE 300 ABS";2023;"Condutor";"Les�es Leves";NA;"Masculino";0;1;0;0;-24,97796678;-49,08382416;"SPRF-PR";"DEL01-PR";"UOP01-DEL01-PR"
747063;1674889;2025-09-08;"segunda-feira";"06:50:00";"PR";476;42,7;"TUNAS DO PARANA";"N�o";"Aus�ncia de rea��o do condutor";1;"Tombamento";"Com V�timas Feridas";"Amanhecer";"Crescente";"C�u Claro";"Simples";"Reta";"N�o";1334144;"Motocicleta";"HONDA/XRE 300 ABS/XRE 300 ABS";2023;"Condutor";"Les�es Leves";NA;"Masculino";0;1;0;0;-24,97796678;-49,08382416;"SPRF-PR";"DEL01-PR";"UOP01-DEL01-PR"
747078;1674887;2025-12-12;"sexta-feira";"15:50:00";"SC";280;3;"SAO FRANCISCO DO SUL";"Sim";"Acesso irregular";1;"Colis�o transversal";"Com V�timas Feridas";"Pleno dia";"Crescente";"Nublado";"Simples";"Interse��o de Vias;Reta";"Sim";1334150;"Autom�vel";"RENAULT/KWID ZEN 2/KWID ZEN 2";2023;"Condutor";"Ileso";56;"Masculino";1;0;0;0;-26,24077153;-48,61784414;"SPRF-SC";"DEL03-SC";"UOP03-DEL03-SC"
747078;1674888;2025-12-12;"sexta-feira";"15:50:00";"SC";280;3;"SAO FRANCISCO DO SUL";"Sim";"Acesso irregular";1;"Colis�o transversal";"Com V�timas Feridas";"Pleno dia";"Crescente";"Nublado";"Simples";"Interse��o de Vias;Reta";"Sim";1334149;"Motocicleta";"HONDA/CBX 250 TWISTER/CBX 250 TWISTER";2007;"Passageiro";"Les�es Graves";21;"Feminino";0;0;1;0;-26,24077153;-48,61784414;"SPRF-SC";"DEL03-SC";"UOP03-DEL03-SC"
747078;1674886;2025-12-12;"sexta-feira";"15:50:00";"SC";280;3;"SAO FRANCISCO DO SUL";"Sim";"Acesso irregular";1;"Colis�o transversal";"Com V�timas Feridas";"Pleno dia";"Crescente";"Nublado";"Simples";"Interse��o de Vias;Reta";"Sim";1334149;"Motocicleta";"HONDA/CBX 250 TWISTER/CBX 250 TWISTER";2007;"Condutor";"Les�es Graves";21;"Masculino";0;0;1;0;-26,24077153;-48,61784414;"SPRF-SC";"DEL03-SC";"UOP03-DEL03-SC"
747101;NA;2025-12-16;"ter�a-feira";"21:17:00";"CE";116;61;"CHOROZINHO";"Sim";"Ultrapassagem Indevida";1;"Colis�o lateral sentido oposto";"Com V�timas Feridas";"Plena Noite";"Crescente";"C�u Claro";"Simples";"Reta;Ponte";"N�o";1334194;"Semireboque";"SR/RANDON SR CC/RANDON SR CC";2012;NA;NA;NA;NA;NA;NA;NA;NA;-4,266965;-38,48981;"SPRF-CE";"DEL01-CE";"UOP04-DEL01-CE"
747101;1674943;2025-12-16;"ter�a-feira";"21:17:00";"CE";116;61;"CHOROZINHO";"Sim";"Ultrapassagem Indevida";1;"Colis�o lateral sentido oposto";"Com V�timas Feridas";"Plena Noite";"Crescente";"C�u Claro";"Simples";"Reta;Ponte";"N�o";1334193;"Caminh�o-trator";"VOLVO/FH 540 6X4T/FH 540 6X4T";2021;"Condutor";"Les�es Leves";40;"Masculino";0;1;0;0;-4,266965;-38,48981;"SPRF-CE";"DEL01-CE";"UOP04-DEL01-CE"
747101;1674942;2025-12-16;"ter�a-feira";"21:17:00";"CE";116;61;"CHOROZINHO";"Sim";"Ultrapassagem Indevida";1;"Colis�o lateral sentido oposto";"Com V�timas Feridas";"Plena Noite";"Crescente";"C�u Claro";"Simples";"Reta;Ponte";"N�o";1334192;"�nibus";"M.BENZ/OF 1519 R.ORE/OF 1519 R.ORE";2014;"Condutor";"Ileso";28;"Masculino";1;0;0;0;-4,266965;-38,48981;"SPRF-CE";"DEL01-CE";"UOP04-DEL01-CE"
747101;1674941;2025-12-16;"ter�a-feira";"21:17:00";"CE";116;61;"CHOROZINHO";"Sim";"Ultrapassagem Indevida";1;"Colis�o lateral sentido oposto";"Com V�timas Feridas";"Plena Noite";"Crescente";"C�u Claro";"Simples";"Reta;Ponte";"N�o";1334191;"Autom�vel";"FIAT/PALIO ATTRACTIV 1.0/PALIO ATTRACTIV 1.0";2012;"Condutor";"Les�es Leves";47;"Feminino";0;1;0;0;-4,266965;-38,48981;"SPRF-CE";"DEL01-CE";"UOP04-DEL01-CE"
747104;1674957;2025-04-12;"s�bado";"18:25:00";"PI";343;2;"TERESINA";"Sim";"Ingest�o de �lcool pelo condutor";1;"Colis�o traseira";"Sem V�timas";"Plena Noite";"Decrescente";"C�u Claro";"Simples";"Reta";"Sim";1334203;"Autom�vel";"FIAT/PALIO FIRE FLEX/PALIO FIRE FLEX";2005;"Condutor";"Ileso";44;"Masculino";1;0;0;0;-5,056647;-42,6841512;"SPRF-PI";"DEL01-PI";"UOP01-DEL01-PI"
747104;1674956;2025-04-12;"s�bado";"18:25:00";"PI";343;2;"TERESINA";"Sim";"Ingest�o de �lcool pelo condutor";1;"Colis�o traseira";"Sem V�timas";"Plena Noite";"Decrescente";"C�u Claro";"Simples";"Reta";"Sim";1334202;"Autom�vel";"VW/POLO TRACK MA/POLO TRACK MA";2024;"Condutor";"Ileso";30;"Masculino";1;0;0;0;-5,056647;-42,6841512;"SPRF-PI";"DEL01-PI";"UOP01-DEL01-PI"
747128;1674981;2025-12-19;"sexta-feira";"17:05:00";"MG";251;269;"SALINAS";"Sim";"Demais Fen�menos da natureza";1;"Inc�ndio";"Sem V�timas";"Anoitecer";"Crescente";"C�u Claro";"Simples";"Reta";"N�o";1334227;"Semireboque";"SR/LINSHALM SRCF 3ECL/LINSHALM SRCF 3ECL";2024;"Condutor";"Ileso";67;"Masculino";1;0;0;0;-16;-42;"SPRF-MG";"DEL12-MG";"UOP02-DEL12-MG"
747128;1674979;2025-12-19;"sexta-feira";"17:05:00";"MG";251;269;"SALINAS";"Sim";"Demais Fen�menos da natureza";1;"Inc�ndio";"Sem V�timas";"Anoitecer";"Crescente";"C�u Claro";"Simples";"Reta";"N�o";1334226;"Caminh�o-trator";"VOLVO/FH 460 6X2T/FH 460 6X2T";2025;"Condutor";"Ileso";67;"Masculino";1;0;0;0;-16;-42;"SPRF-MG";"DEL12-MG";"UOP02-DEL12-MG"