"id";"pesid";"data_inversa";"dia_semana";"horario";"uf";"br";"km";"municipio";"causa_principal";"causa_acidente";"ordem_tipo_acidente";"tipo_acidente";"classificacao_acidente";"fase_dia";"sentido_via";"condicao_metereologica";"tipo_pista";"tracado_via";"uso_solo";"id_veiculo";"tipo_veiculo";"marca";"ano_fabricacao_veiculo";"tipo_envolvido";"estado_fisico";"idade";"sexo";"ilesos";"feridos_leves";"feridos_graves";"mortos";"latitude";"longitude";"regional";"delegacia";"uop"
747128;1674980;2025-12-19;"sexta-feira";"17:05:00";"MG";251;269;"SALINAS";"Sim";"Demais Fen�menos da natureza";1;"Inc�ndio";"Sem V�timas";"Anoitecer";"Crescente";"C�u Claro";"Simples";"Reta";"N�o";NA;NA;"NA/NA/NA";NA;"Testemunha";"N�o Informado";NA;"N�o Informado";0;0;0;0;-16;-42;"SPRF-MG";"DEL12-MG";"UOP02-DEL12-MG"
747129;1674987;2025-11-14;"sexta-feira";"21:30:00";"ES";262;65,5;"MARECHAL FLORIANO";"Sim";"Pedestre - Ingest�o de �lcool/ subst�ncias psicoativas";1;"Atropelamento de Pedestre";"Com V�timas Fatais";"Plena Noite";"Crescente";"C�u Claro";"Simples";"Reta";"N�o";1334228;"Autom�vel";"HONDA/CIVIC EXL CVT/CIVIC EXL CVT";2016;"Passageiro";"Ileso";23;"Feminino";1;0;0;0;-20,4146177133;-40,8268036616;"SPRF-ES";"DEL01-ES";"UOP02-DEL01-ES"
747129;1674986;2025-11-14;"sexta-feira";"21:30:00";"ES";262;65,5;"MARECHAL FLORIANO";"Sim";"Pedestre - Ingest�o de �lcool/ subst�ncias psicoativas";1;"Atropelamento de Pedestre";"Com V�timas Fatais";"Plena Noite";"Crescente";"C�u Claro";"Simples";"Reta";"N�o";1334228;"Autom�vel";"HONDA/CIVIC EXL CVT/CIVIC EXL CVT";2016;"Passageiro";"Ileso";28;"Feminino";1;0;0;0;-20,4146177133;-40,8268036616;"SPRF-ES";"DEL01-ES";"UOP02-DEL01-ES"
747129;1674985;2025-11-14;"sexta-feira";"21:30:00";"ES";262;65,5;"MARECHAL FLORIANO";"Sim";"Pedestre - Ingest�o de �lcool/ subst�ncias psicoativas";1;"Atropelamento de Pedestre";"Com V�timas Fatais";"Plena Noite";"Crescente";"C�u Claro";"Simples";"Reta";"N�o";1334228;"Autom�vel";"HONDA/CIVIC EXL CVT/CIVIC EXL CVT";2016;"Passageiro";"Ileso";21;"Masculino";1;0;0;0;-20,4146177133;-40,8268036616;"SPRF-ES";"DEL01-ES";"UOP02-DEL01-ES"
747129;1674984;2025-11-14;"sexta-feira";"21:30:00";"ES";262;65,5;"MARECHAL FLORIANO";"Sim";"Pedestre - Ingest�o de �lcool/ subst�ncias psicoativas";1;"Atropelamento de Pedestre";"Com V�timas Fatais";"Plena Noite";"Crescente";"C�u Claro";"Simples";"Reta";"N�o";1334228;"Autom�vel";"HONDA/CIVIC EXL CVT/CIVIC EXL CVT";2016;"Condutor";"Ileso";27;"Masculino";1;0;0;0;-20,4146177133;-40,8268036616;"SPRF-ES";"DEL01-ES";"UOP02-DEL01-ES"
747129;1674988;2025-11-14;"sexta-feira";"21:30:00";"ES";262;65,5;"MARECHAL FLORIANO";"Sim";"Pedestre - Ingest�o de �lcool/ subst�ncias psicoativas";1;"Atropelamento de Pedestre";"Com V�timas Fatais";"Plena Noite";"Crescente";"C�u Claro";"Simples";"Reta";"N�o";NA;NA;"NA/NA/NA";NA;"Pedestre";"�bito";33;"Feminino";0;0;0;1;-20,4146177133;-40,8268036616;"SPRF-ES";"DEL01-ES";"UOP02-DEL01-ES"
747129;1674987;2025-11-14;"sexta-feira";"21:30:00";"ES";262;65,5;"MARECHAL FLORIANO";"N�o";"Suic�dio (presumido)";1;"Atropelamento de Pedestre";"Com V�timas Fatais";"Plena Noite";"Crescente";"C�u Claro";"Simples";"Reta";"N�o";1334228;"Autom�vel";"HONDA/CIVIC EXL CVT/CIVIC EXL CVT";2016;"Passageiro";"Ileso";23;"Feminino";1;0;0;0;-20,4146177133;-40,8268036616;"SPRF-ES";"DEL01-ES";"UOP02-DEL01-ES"
747129;1674986;2025-11-14;"sexta-feira";"21:30:00";"ES";262;65,5;"MARECHAL FLORIANO";"N�o";"Suic�dio (presumido)";1;"Atropelamento de Pedestre";"Com V�timas Fatais";"Plena Noite";"Crescente";"C�u Claro";"Simples";"Reta";"N�o";1334228;"Autom�vel";"HONDA/CIVIC EXL CVT/CIVIC EXL CVT";2016;"Passageiro";"Ileso";28;"Feminino";1;0;0;0;-20,4146177133;-40,8268036616;"SPRF-ES";"DEL01-ES";"UOP02-DEL01-ES"
747129;1674985;2025-11-14;"sexta-feira";"21:30:00";"ES";262;65,5;"MARECHAL FLORIANO";"N�o";"Suic�dio (presumido)";1;"Atropelamento de Pedestre";"Com V�timas Fatais";"Plena Noite";"Crescente";"C�u Claro";"Simples";"Reta";"N�o";1334228;"Autom�vel";"HONDA/CIVIC EXL CVT/CIVIC EXL CVT";2016;"Passageiro";"Ileso";21;"Masculino";1;0;0;0;-20,4146177133;-40,8268036616;"SPRF-ES";"DEL01-ES";"UOP02-DEL01-ES"
747129;1674984;2025-11-14;"sexta-feira";"21:30:00";"ES";262;65,5;"MARECHAL FLORIANO";"N�o";"Suic�dio (presumido)";1;"Atropelamento de Pedestre";"Com V�timas Fatais";"Plena Noite";"Crescente";"C�u Claro";"Simples";"Reta";"N�o";1334228;"Autom�vel";"HONDA/CIVIC EXL CVT/CIVIC EXL CVT";2016;"Condutor";"Ileso";27;"Masculino";1;0;0;0;-20,4146177133;-40,8268036616;"SPRF-ES";"DEL01-ES";"UOP02-DEL01-ES"
747129;1674988;2025-11-14;"sexta-feira";"21:30:00";"ES";262;65,5;"MARECHAL FLORIANO";"N�o";"Suic�dio (presumido)";1;"Atropelamento de Pedestre";"Com V�timas Fatais";"Plena Noite";"Crescente";"C�u Claro";"Simples";"Reta";"N�o";NA;NA;"NA/NA/NA";NA;"Pedestre";"�bito";33;"Feminino";0;0;0;1;-20,4146177133;-40,8268036616;"SPRF-ES";"DEL01-ES";"UOP02-DEL01-ES"
747130;NA;2025-12-08;"segunda-feira";"16:20:00";"PR";116;114;"CURITIBA";"Sim";"Trafegar com motocicleta (ou similar) entre as faixas";4;"Atropelamento de Pedestre";"Com V�timas Feridas";"Pleno dia";"Decrescente";"Nublado";"Dupla";"Reta";"Sim";1334234;"Semireboque";"SR/GUERRA AG SI/GUERRA AG SI";2012;NA;NA;NA;NA;NA;NA;NA;NA;-25,548284;-49,286592;"SPRF-PR";"DEL01-PR";"UOP03-DEL01-PR"
747130;1674996;2025-12-08;"segunda-feira";"16:20:00";"PR";116;114;"CURITIBA";"Sim";"Trafegar com motocicleta (ou similar) entre as faixas";4;"Atropelamento de Pedestre";"Com V�timas Feridas";"Pleno dia";"Decrescente";"Nublado";"Dupla";"Reta";"Sim";1334233;"Autom�vel";"CHEV/ONIX 10MT HB/ONIX 10MT HB";2025;"Condutor";"Ileso";58;"Feminino";1;0;0;0;-25,548284;-49,286592;"SPRF-PR";"DEL01-PR";"UOP03-DEL01-PR"
747130;1674995;2025-12-08;"segunda-feira";"16:20:00";"PR";116;114;"CURITIBA";"Sim";"Trafegar com motocicleta (ou similar) entre as faixas";4;"Atropelamento de Pedestre";"Com V�timas Feridas";"Pleno dia";"Decrescente";"Nublado";"Dupla";"Reta";"Sim";1334232;"Caminh�o-trator";"DAF/XF105 FTS 460A/XF105 FTS 460A";2019;"Condutor";"Ileso";40;"Masculino";1;0;0;0;-25,548284;-49,286592;"SPRF-PR";"DEL01-PR";"UOP03-DEL01-PR"
747130;1674994;2025-12-08;"segunda-feira";"16:20:00";"PR";116;114;"CURITIBA";"Sim";"Trafegar com motocicleta (ou similar) entre as faixas";4;"Atropelamento de Pedestre";"Com V�timas Feridas";"Pleno dia";"Decrescente";"Nublado";"Dupla";"Reta";"Sim";1334231;"Motocicleta";"HONDA/CG 160 FAN/CG 160 FAN";2024;"Condutor";"Les�es Graves";30;"Masculino";0;0;1;0;-25,548284;-49,286592;"SPRF-PR";"DEL01-PR";"UOP03-DEL01-PR"
747130;NA;2025-12-08;"segunda-feira";"16:20:00";"PR";116;114;"CURITIBA";"Sim";"Trafegar com motocicleta (ou similar) entre as faixas";3;"Queda de ocupante de ve�culo";"Com V�timas Feridas";"Pleno dia";"Decrescente";"Nublado";"Dupla";"Reta";"Sim";1334234;"Semireboque";"SR/GUERRA AG SI/GUERRA AG SI";2012;NA;NA;NA;NA;NA;NA;NA;NA;-25,548284;-49,286592;"SPRF-PR";"DEL01-PR";"UOP03-DEL01-PR"
747130;1674996;2025-12-08;"segunda-feira";"16:20:00";"PR";116;114;"CURITIBA";"Sim";"Trafegar com motocicleta (ou similar) entre as faixas";3;"Queda de ocupante de ve�culo";"Com V�timas Feridas";"Pleno dia";"Decrescente";"Nublado";"Dupla";"Reta";"Sim";1334233;"Autom�vel";"CHEV/ONIX 10MT HB/ONIX 10MT HB";2025;"Condutor";"Ileso";58;"Feminino";1;0;0;0;-25,548284;-49,286592;"SPRF-PR";"DEL01-PR";"UOP03-DEL01-PR"
747130;1674995;2025-12-08;"segunda-feira";"16:20:00";"PR";116;114;"CURITIBA";"Sim";"Trafegar com motocicleta (ou similar) entre as faixas";3;"Queda de ocupante de ve�culo";"Com V�timas Feridas";"Pleno dia";"Decrescente";"Nublado";"Dupla";"Reta";"Sim";1334232;"Caminh�o-trator";"DAF/XF105 FTS 460A/XF105 FTS 460A";2019;"Condutor";"Ileso";40;"Masculino";1;0;0;0;-25,548284;-49,286592;"SPRF-PR";"DEL01-PR";"UOP03-DEL01-PR"
747130;1674994;2025-12-08;"segunda-feira";"16:20:00";"PR";116;114;"CURITIBA";"Sim";"Trafegar com motocicleta (ou similar) entre as faixas";3;"Queda de ocupante de ve�culo";"Com V�timas Feridas";"Pleno dia";"Decrescente";"Nublado";"Dupla";"Reta";"Sim";1334231;"Motocicleta";"HONDA/CG 160 FAN/CG 160 FAN";2024;"Condutor";"Les�es Graves";30;"Masculino";0;0;1;0;-25,548284;-49,286592;"SPRF-PR";"DEL01-PR";"UOP03-DEL01-PR"
747130;NA;2025-12-08;"segunda-feira";"16:20:00";"PR";116;114;"CURITIBA";"Sim";"Trafegar com motocicleta (ou similar) entre as faixas";2;"Tombamento";"Com V�timas Feridas";"Pleno dia";"Decrescente";"Nublado";"Dupla";"Reta";"Sim";1334234;"Semireboque";"SR/GUERRA AG SI/GUERRA AG SI";2012;NA;NA;NA;NA;NA;NA;NA;NA;-25,548284;-49,286592;"SPRF-PR";"DEL01-PR";"UOP03-DEL01-PR"
747130;1674996;2025-12-08;"segunda-feira";"16:20:00";"PR";116;114;"CURITIBA";"Sim";"Trafegar com motocicleta (ou similar) entre as faixas";2;"Tombamento";"Com V�timas Feridas";"Pleno dia";"Decrescente";"Nublado";"Dupla";"Reta";"Sim";1334233;"Autom�vel";"CHEV/ONIX 10MT HB/ONIX 10MT HB";2025;"Condutor";"Ileso";58;"Feminino";1;0;0;0;-25,548284;-49,286592;"SPRF-PR";"DEL01-PR";"UOP03-DEL01-PR"
747130;1674995;2025-12-08;"segunda-feira";"16:20:00";"PR";116;114;"CURITIBA";"Sim";"Trafegar com motocicleta (ou similar) entre as faixas";2;"Tombamento";"Com V�timas Feridas";"Pleno dia";"Decrescente";"Nublado";"Dupla";"Reta";"Sim";1334232;"Caminh�o-trator";"DAF/XF105 FTS 460A/XF105 FTS 460A";2019;"Condutor";"Ileso";40;"Masculino";1;0;0;0;-25,548284;-49,286592;"SPRF-PR";"DEL01-PR";"UOP03-DEL01-PR"
747130;1674994;2025-12-08;"segunda-feira";"16:20:00";"PR";116;114;"CURITIBA";"Sim";"Trafegar com motocicleta (ou similar) entre as faixas";2;"Tombamento";"Com V�timas Feridas";"Pleno dia";"Decrescente";"Nublado";"Dupla";"Reta";"Sim";1334231;"Motocicleta";"HONDA/CG 160 FAN/CG 160 FAN";2024;"Condutor";"Les�es Graves";30;"Masculino";0;0;1;0;-25,548284;-49,286592;"SPRF-PR";"DEL01-PR";"UOP03-DEL01-PR"
747130;NA;2025-12-08;"segunda-feira";"16:20:00";"PR";116;114;"CURITIBA";"Sim";"Trafegar com motocicleta (ou similar) entre as faixas";1;"Colis�o lateral mesmo sentido";"Com V�timas Feridas";"Pleno dia";"Decrescente";"Nublado";"Dupla";"Reta";"Sim";1334234;"Semireboque";"SR/GUERRA AG SI/GUERRA AG SI";2012;NA;NA;NA;NA;NA;NA;NA;NA;-25,548284;-49,286592;"SPRF-PR";"DEL01-PR";"UOP03-DEL01-PR"
747130;1674996;2025-12-08;"segunda-feira";"16:20:00";"PR";116;114;"CURITIBA";"Sim";"Trafegar com motocicleta (ou similar) entre as faixas";1;"Colis�o lateral mesmo sentido";"Com V�timas Feridas";"Pleno dia";"Decrescente";"Nublado";"Dupla";"Reta";"Sim";1334233;"Autom�vel";"CHEV/ONIX 10MT HB/ONIX 10MT HB";2025;"Condutor";"Ileso";58;"Feminino";1;0;0;0;-25,548284;-49,286592;"SPRF-PR";"DEL01-PR";"UOP03-DEL01-PR"
747130;1674995;2025-12-08;"segunda-feira";"16:20:00";"PR";116;114;"CURITIBA";"Sim";"Trafegar com motocicleta (ou similar) entre as faixas";1;"Colis�o lateral mesmo sentido";"Com V�timas Feridas";"Pleno dia";"Decrescente";"Nublado";"Dupla";"Reta";"Sim";1334232;"Caminh�o-trator";"DAF/XF105 FTS 460A/XF105 FTS 460A";2019;"Condutor";"Ileso";40;"Masculino";1;0;0;0;-25,548284;-49,286592;"SPRF-PR";"DEL01-PR";"UOP03-DEL01-PR"
747130;1674994;2025-12-08;"segunda-feira";"16:20:00";"PR";116;114;"CURITIBA";"Sim";"Trafegar com motocicleta (ou similar) entre as faixas";1;"Colis�o lateral mesmo sentido";"Com V�timas Feridas";"Pleno dia";"Decrescente";"Nublado";"Dupla";"Reta";"Sim";1334231;"Motocicleta";"HONDA/CG 160 FAN/CG 160 FAN";2024;"Condutor";"Les�es Graves";30;"Masculino";0;0;1;0;-25,548284;-49,286592;"SPRF-PR";"DEL01-PR";"UOP03-DEL01-PR"
747138;1675022;2025-12-20;"s�bado";"23:25:00";"GO";153;4,2;"PORANGATU";"Sim";"Transitar na contram�o";2;"Sa�da de leito carro��vel";"Com V�timas Fatais";"Plena Noite";"Crescente";"C�u Claro";"Simples";"Reta";"N�o";1334246;"Autom�vel";"VW/POLO TRACK MA/POLO TRACK MA";2025;"Passageiro";"Les�es Graves";18;"Masculino";0;0;1;0;-12,87246;-49,105001;"SPRF-GO";"DEL07-GO";"UOP01-DEL07-GO"
747138;1675021;2025-12-20;"s�bado";"23:25:00";"GO";153;4,2;"PORANGATU";"Sim";"Transitar na contram�o";2;"Sa�da de leito carro��vel";"Com V�timas Fatais";"Plena Noite";"Crescente";"C�u Claro";"Simples";"Reta";"N�o";1334246;"Autom�vel";"VW/POLO TRACK MA/POLO TRACK MA";2025;"Passageiro";"�bito";62;"Feminino";0;0;0;1;-12,87246;-49,105001;"SPRF-GO";"DEL07-GO";"UOP01-DEL07-GO"
747138;1675020;2025-12-20;"s�bado";"23:25:00";"GO";153;4,2;"PORANGATU";"Sim";"Transitar na contram�o";2;"Sa�da de leito carro��vel";"Com V�timas Fatais";"Plena Noite";"Crescente";"C�u Claro";"Simples";"Reta";"N�o";1334246;"Autom�vel";"VW/POLO TRACK MA/POLO TRACK MA";2025;"Passageiro";"�bito";16;"Masculino";0;0;0;1;-12,87246;-49,105001;"SPRF-GO";"DEL07-GO";"UOP01-DEL07-GO"
747138;1675019;2025-12-20;"s�bado";"23:25:00";"GO";153;4,2;"PORANGATU";"Sim";"Transitar na contram�o";2;"Sa�da de leito carro��vel";"Com V�timas Fatais";"Plena Noite";"Crescente";"C�u Claro";"Simples";"Reta";"N�o";1334246;"Autom�vel";"VW/POLO TRACK MA/POLO TRACK MA";2025;"Condutor";"Les�es Leves";43;"Masculino";0;1;0;0;-12,87246;-49,105001;"SPRF-GO";"DEL07-GO";"UOP01-DEL07-GO"
747138;1675018;2025-12-20;"s�bado";"23:25:00";"GO";153;4,2;"PORANGATU";"Sim";"Transitar na contram�o";2;"Sa�da de leito carro��vel";"Com V�timas Fatais";"Plena Noite";"Crescente";"C�u Claro";"Simples";"Reta";"N�o";1334245;"Caminh�o";"FORD/CARGO 2428 CNL/CARGO 2428 CNL";2011;"Condutor";"Ileso";44;"Masculino";1;0;0;0;-12,87246;-49,105001;"SPRF-GO";"DEL07-GO";"UOP01-DEL07-GO"
747138;1675022;2025-12-20;"s�bado";"23:25:00";"GO";153;4,2;"PORANGATU";"Sim";"Transitar na contram�o";1;"Colis�o lateral sentido oposto";"Com V�timas Fatais";"Plena Noite";"Crescente";"C�u Claro";"Simples";"Reta";"N�o";1334246;"Autom�vel";"VW/POLO TRACK MA/POLO TRACK MA";2025;"Passageiro";"Les�es Graves";18;"Masculino";0;0;1;0;-12,87246;-49,105001;"SPRF-GO";"DEL07-GO";"UOP01-DEL07-GO"
747138;1675021;2025-12-20;"s�bado";"23:25:00";"GO";153;4,2;"PORANGATU";"Sim";"Transitar na contram�o";1;"Colis�o lateral sentido oposto";"Com V�timas Fatais";"Plena Noite";"Crescente";"C�u Claro";"Simples";"Reta";"N�o";1334246;"Autom�vel";"VW/POLO TRACK MA/POLO TRACK MA";2025;"Passageiro";"�bito";62;"Feminino";0;0;0;1;-12,87246;-49,105001;"SPRF-GO";"DEL07-GO";"UOP01-DEL07-GO"
747138;1675020;2025-12-20;"s�bado";"23:25:00";"GO";153;4,2;"PORANGATU";"Sim";"Transitar na contram�o";1;"Colis�o lateral sentido oposto";"Com V�timas Fatais";"Plena Noite";"Crescente";"C�u Claro";"Simples";"Reta";"N�o";1334246;"Autom�vel";"VW/POLO TRACK MA/POLO TRACK MA";2025;"Passageiro";"�bito";16;"Masculino";0;0;0;1;-12,87246;-49,105001;"SPRF-GO";"DEL07-GO";"UOP01-DEL07-GO"
747138;1675019;2025-12-20;"s�bado";"23:25:00";"GO";153;4,2;"PORANGATU";"Sim";"Transitar na contram�o";1;"Colis�o lateral sentido oposto";"Com V�timas Fatais";"Plena Noite";"Crescente";"C�u Claro";"Simples";"Reta";"N�o";1334246;"Autom�vel";"VW/POLO TRACK MA/POLO TRACK MA";2025;"Condutor";"Les�es Leves";43;"Masculino";0;1;0;0;-12,87246;-49,105001;"SPRF-GO";"DEL07-GO";"UOP01-DEL07-GO"
747138;1675018;2025-12-20;"s�bado";"23:25:00";"GO";153;4,2;"PORANGATU";"Sim";"Transitar na contram�o";1;"Colis�o lateral sentido oposto";"Com V�timas Fatais";"Plena Noite";"Crescente";"C�u Claro";"Simples";"Reta";"N�o";1334245;"Caminh�o";"FORD/CARGO 2428 CNL/CARGO 2428 CNL";2011;"Condutor";"Ileso";44;"Masculino";1;0;0;0;-12,87246;-49,105001;"SPRF-GO";"DEL07-GO";"UOP01-DEL07-GO"
747138;1675022;2025-12-20;"s�bado";"23:25:00";"GO";153;4,2;"PORANGATU";"N�o";"Velocidade Incompat�vel";2;"Sa�da de leito carro��vel";"Com V�timas Fatais";"Plena Noite";"Crescente";"C�u Claro";"Simples";"Reta";"N�o";1334246;"Autom�vel";"VW/POLO TRACK MA/POLO TRACK MA";2025;"Passageiro";"Les�es Graves";18;"Masculino";0;0;1;0;-12,87246;-49,105001;"SPRF-GO";"DEL07-GO";"UOP01-DEL07-GO"
747138;1675021;2025-12-20;"s�bado";"23:25:00";"GO";153;4,2;"PORANGATU";"N�o";"Velocidade Incompat�vel";2;"Sa�da de leito carro��vel";"Com V�timas Fatais";"Plena Noite";"Crescente";"C�u Claro";"Simples";"Reta";"N�o";1334246;"Autom�vel";"VW/POLO TRACK MA/POLO TRACK MA";2025;"Passageiro";"�bito";62;"Feminino";0;0;0;1;-12,87246;-49,105001;"SPRF-GO";"DEL07-GO";"UOP01-DEL07-GO"
747138;1675020;2025-12-20;"s�bado";"23:25:00";"GO";153;4,2;"PORANGATU";"N�o";"Velocidade Incompat�vel";2;"Sa�da de leito carro��vel";"Com V�timas Fatais";"Plena Noite";"Crescente";"C�u Claro";"Simples";"Reta";"N�o";1334246;"Autom�vel";"VW/POLO TRACK MA/POLO TRACK MA";2025;"Passageiro";"�bito";16;"Masculino";0;0;0;1;-12,87246;-49,105001;"SPRF-GO";"DEL07-GO";"UOP01-DEL07-GO"
747138;1675019;2025-12-20;"s�bado";"23:25:00";"GO";153;4,2;"PORANGATU";"N�o";"Velocidade Incompat�vel";2;"Sa�da de leito carro��vel";"Com V�timas Fatais";"Plena Noite";"Crescente";"C�u Claro";"Simples";"Reta";"N�o";1334246;"Autom�vel";"VW/POLO TRACK MA/POLO TRACK MA";2025;"Condutor";"Les�es Leves";43;"Masculino";0;1;0;0;-12,87246;-49,105001;"SPRF-GO";"DEL07-GO";"UOP01-DEL07-GO"
747138;1675018;2025-12-20;"s�bado";"23:25:00";"GO";153;4,2;"PORANGATU";"N�o";"Velocidade Incompat�vel";2;"Sa�da de leito carro��vel";"Com V�timas Fatais";"Plena Noite";"Crescente";"C�u Claro";"Simples";"Reta";"N�o";1334245;"Caminh�o";"FORD/CARGO 2428 CNL/CARGO 2428 CNL";2011;"Condutor";"Ileso";44;"Masculino";1;0;0;0;-12,87246;-49,105001;"SPRF-GO";"DEL07-GO";"UOP01-DEL07-GO"
747138;1675022;2025-12-20;"s�bado";"23:25:00";"GO";153;4,2;"PORANGATU";"N�o";"Velocidade Incompat�vel";1;"Colis�o lateral sentido oposto";"Com V�timas Fatais";"Plena Noite";"Crescente";"C�u Claro";"Simples";"Reta";"N�o";1334246;"Autom�vel";"VW/POLO TRACK MA/POLO TRACK MA";2025;"Passageiro";"Les�es Graves";18;"Masculino";0;0;1;0;-12,87246;-49,105001;"SPRF-GO";"DEL07-GO";"UOP01-DEL07-GO"
747138;1675021;2025-12-20;"s�bado";"23:25:00";"GO";153;4,2;"PORANGATU";"N�o";"Velocidade Incompat�vel";1;"Colis�o lateral sentido oposto";"Com V�timas Fatais";"Plena Noite";"Crescente";"C�u Claro";"Simples";"Reta";"N�o";1334246;"Autom�vel";"VW/POLO TRACK MA/POLO TRACK MA";2025;"Passageiro";"�bito";62;"Feminino";0;0;0;1;-12,87246;-49,105001;"SPRF-GO";"DEL07-GO";"UOP01-DEL07-GO"
747138;1675020;2025-12-20;"s�bado";"23:25:00";"GO";153;4,2;"PORANGATU";"N�o";"Velocidade Incompat�vel";1;"Colis�o lateral sentido oposto";"Com V�timas Fatais";"Plena Noite";"Crescente";"C�u Claro";"Simples";"Reta";"N�o";1334246;"Autom�vel";"VW/POLO TRACK MA/POLO TRACK MA";2025;"Passageiro";"�bito";16;"Masculino";0;0;0;1;-12,87246;-49,105001;"SPRF-GO";"DEL07-GO";"UOP01-DEL07-GO"
747138;1675019;2025-12-20;"s�bado";"23:25:00";"GO";153;4,2;"PORANGATU";"N�o";"Velocidade Incompat�vel";1;"Colis�o lateral sentido oposto";"Com V�timas Fatais";"Plena Noite";"Crescente";"C�u Claro";"Simples";"Reta";"N�o";1334246;"Autom�vel";"VW/POLO TRACK MA/POLO TRACK MA";2025;"Condutor";"Les�es Leves";43;"Masculino";0;1;0;0;-12,87246;-49,105001;"SPRF-GO";"DEL07-GO";"UOP01-DEL07-GO"
747138;1675018;2025-12-20;"s�bado";"23:25:00";"GO";153;4,2;"PORANGATU";"N�o";"Velocidade Incompat�vel";1;"Colis�o lateral sentido oposto";"Com V�timas Fatais";"Plena Noite";"Crescente";"C�u Claro";"Simples";"Reta";"N�o";1334245;"Caminh�o";"FORD/CARGO 2428 CNL/CARGO 2428 CNL";2011;"Condutor";"Ileso";44;"Masculino";1;0;0;0;-12,87246;-49,105001;"SPRF-GO";"DEL07-GO";"UOP01-DEL07-GO"
747138;1675022;2025-12-20;"s�bado";"23:25:00";"GO";153;4,2;"PORANGATU";"N�o";"Ultrapassagem Indevida";2;"Sa�da de leito carro��vel";"Com V�timas Fatais";"Plena Noite";"Crescente";"C�u Claro";"Simples";"Reta";"N�o";1334246;"Autom�vel";"VW/POLO TRACK MA/POLO TRACK MA";2025;"Passageiro";"Les�es Graves";18;"Masculino";0;0;1;0;-12,87246;-49,105001;"SPRF-GO";"DEL07-GO";"UOP01-DEL07-GO"
747138;1675021;2025-12-20;"s�bado";"23:25:00";"GO";153;4,2;"PORANGATU";"N�o";"Ultrapassagem Indevida";2;"Sa�da de leito carro��vel";"Com V�timas Fatais";"Plena Noite";"Crescente";"C�u Claro";"Simples";"Reta";"N�o";1334246;"Autom�vel";"VW/POLO TRACK MA/POLO TRACK MA";2025;"Passageiro";"�bito";62;"Feminino";0;0;0;1;-12,87246;-49,105001;"SPRF-GO";"DEL07-GO";"UOP01-DEL07-GO"
747138;1675020;2025-12-20;"s�bado";"23:25:00";"GO";153;4,2;"PORANGATU";"N�o";"Ultrapassagem Indevida";2;"Sa�da de leito carro��vel";"Com V�timas Fatais";"Plena Noite";"Crescente";"C�u Claro";"Simples";"Reta";"N�o";1334246;"Autom�vel";"VW/POLO TRACK MA/POLO TRACK MA";2025;"Passageiro";"�bito";16;"Masculino";0;0;0;1;-12,87246;-49,105001;"SPRF-GO";"DEL07-GO";"UOP01-DEL07-GO"
747138;1675019;2025-12-20;"s�bado";"23:25:00";"GO";153;4,2;"PORANGATU";"N�o";"Ultrapassagem Indevida";2;"Sa�da de leito carro��vel";"Com V�timas Fatais";"Plena Noite";"Crescente";"C�u Claro";"Simples";"Reta";"N�o";1334246;"Autom�vel";"VW/POLO TRACK MA/POLO TRACK MA";2025;"Condutor";"Les�es Leves";43;"Masculino";0;1;0;0;-12,87246;-49,105001;"SPRF-GO";"DEL07-GO";"UOP01-DEL07-GO"
747138;1675018;2025-12-20;"s�bado";"23:25:00";"GO";153;4,2;"PORANGATU";"N�o";"Ultrapassagem Indevida";2;"Sa�da de leito carro��vel";"Com V�timas Fatais";"Plena Noite";"Crescente";"C�u Claro";"Simples";"Reta";"N�o";1334245;"Caminh�o";"FORD/CARGO 2428 CNL/CARGO 2428 CNL";2011;"Condutor";"Ileso";44;"Masculino";1;0;0;0;-12,87246;-49,105001;"SPRF-GO";"DEL07-GO";"UOP01-DEL07-GO"
747138;1675022;2025-12-20;"s�bado";"23:25:00";"GO";153;4,2;"PORANGATU";"N�o";"Ultrapassagem Indevida";1;"Colis�o lateral sentido oposto";"Com V�timas Fatais";"Plena Noite";"Crescente";"C�u Claro";"Simples";"Reta";"N�o";1334246;"Autom�vel";"VW/POLO TRACK MA/POLO TRACK MA";2025;"Passageiro";"Les�es Graves";18;"Masculino";0;0;1;0;-12,87246;-49,105001;"SPRF-GO";"DEL07-GO";"UOP01-DEL07-GO"
747138;1675021;2025-12-20;"s�bado";"23:25:00";"GO";153;4,2;"PORANGATU";"N�o";"Ultrapassagem Indevida";1;"Colis�o lateral sentido oposto";"Com V�timas Fatais";"Plena Noite";"Crescente";"C�u Claro";"Simples";"Reta";"N�o";1334246;"Autom�vel";"VW/POLO TRACK MA/POLO TRACK MA";2025;"Passageiro";"�bito";62;"Feminino";0;0;0;1;-12,87246;-49,105001;"SPRF-GO";"DEL07-GO";"UOP01-DEL07-GO"
747138;1675020;2025-12-20;"s�bado";"23:25:00";"GO";153;4,2;"PORANGATU";"N�o";"Ultrapassagem Indevida";1;"Colis�o lateral sentido oposto";"Com V�timas Fatais";"Plena Noite";"Crescente";"C�u Claro";"Simples";"Reta";"N�o";1334246;"Autom�vel";"VW/POLO TRACK MA/POLO TRACK MA";2025;"Passageiro";"�bito";16;"Masculino";0;0;0;1;-12,87246;-49,105001;"SPRF-GO";"DEL07-GO";"UOP01-DEL07-GO"