"id";"pesid";"data_inversa";"dia_semana";"horario";"uf";"br";"km";"municipio";"causa_principal";"causa_acidente";"ordem_tipo_acidente";"tipo_acidente";"classificacao_acidente";"fase_dia";"sentido_via";"condicao_metereologica";"tipo_pista";"tracado_via";"uso_solo";"id_veiculo";"tipo_veiculo";"marca";"ano_fabricacao_veiculo";"tipo_envolvido";"estado_fisico";"idade";"sexo";"ilesos";"feridos_leves";"feridos_graves";"mortos";"latitude";"longitude";"regional";"delegacia";"uop"
747145;1675053;2025-12-19;"sexta-feira";"18:56:00";"SE";235;23,9;"LARANJEIRAS";"N�o";"Ingest�o de �lcool pelo condutor";3;"Colis�o frontal";"Com V�timas Fatais";"Plena Noite";"Crescente";"C�u Claro";"Simples";"Declive;Reta";"N�o";1334263;"Autom�vel";"TOYOTA/COROLLA XEI18FLEX/COROLLA XEI18FLEX";2009;"Passageiro";"Les�es Graves";47;"Masculino";0;0;1;0;-10,814491;-37,249336;"SPRF-SE";"DEL01-SE";"UOP02-DEL01-SE"
747145;1675048;2025-12-19;"sexta-feira";"18:56:00";"SE";235;23,9;"LARANJEIRAS";"N�o";"Ingest�o de �lcool pelo condutor";3;"Colis�o frontal";"Com V�timas Fatais";"Plena Noite";"Crescente";"C�u Claro";"Simples";"Declive;Reta";"N�o";1334263;"Autom�vel";"TOYOTA/COROLLA XEI18FLEX/COROLLA XEI18FLEX";2009;"Passageiro";"Les�es Leves";27;"Masculino";0;1;0;0;-10,814491;-37,249336;"SPRF-SE";"DEL01-SE";"UOP02-DEL01-SE"
747145;1675057;2025-12-19;"sexta-feira";"18:56:00";"SE";235;23,9;"LARANJEIRAS";"N�o";"Ingest�o de �lcool pelo condutor";3;"Colis�o frontal";"Com V�timas Fatais";"Plena Noite";"Crescente";"C�u Claro";"Simples";"Declive;Reta";"N�o";1334262;"Caminhonete";"RENAULT/MASTER L2H2 MNPA/MASTER L2H2 MNPA";2020;"Passageiro";"Ileso";49;"Masculino";1;0;0;0;-10,814491;-37,249336;"SPRF-SE";"DEL01-SE";"UOP02-DEL01-SE"
747145;1675050;2025-12-19;"sexta-feira";"18:56:00";"SE";235;23,9;"LARANJEIRAS";"N�o";"Ingest�o de �lcool pelo condutor";3;"Colis�o frontal";"Com V�timas Fatais";"Plena Noite";"Crescente";"C�u Claro";"Simples";"Declive;Reta";"N�o";1334262;"Caminhonete";"RENAULT/MASTER L2H2 MNPA/MASTER L2H2 MNPA";2020;"Passageiro";"Les�es Leves";38;"Feminino";0;1;0;0;-10,814491;-37,249336;"SPRF-SE";"DEL01-SE";"UOP02-DEL01-SE"
747145;1675049;2025-12-19;"sexta-feira";"18:56:00";"SE";235;23,9;"LARANJEIRAS";"N�o";"Ingest�o de �lcool pelo condutor";3;"Colis�o frontal";"Com V�timas Fatais";"Plena Noite";"Crescente";"C�u Claro";"Simples";"Declive;Reta";"N�o";1334262;"Caminhonete";"RENAULT/MASTER L2H2 MNPA/MASTER L2H2 MNPA";2020;"Passageiro";"Les�es Leves";52;"Feminino";0;1;0;0;-10,814491;-37,249336;"SPRF-SE";"DEL01-SE";"UOP02-DEL01-SE"
747145;1675047;2025-12-19;"sexta-feira";"18:56:00";"SE";235;23,9;"LARANJEIRAS";"N�o";"Ingest�o de �lcool pelo condutor";3;"Colis�o frontal";"Com V�timas Fatais";"Plena Noite";"Crescente";"C�u Claro";"Simples";"Declive;Reta";"N�o";1334262;"Caminhonete";"RENAULT/MASTER L2H2 MNPA/MASTER L2H2 MNPA";2020;"Condutor";"Ileso";41;"Masculino";1;0;0;0;-10,814491;-37,249336;"SPRF-SE";"DEL01-SE";"UOP02-DEL01-SE"
747145;1675060;2025-12-19;"sexta-feira";"18:56:00";"SE";235;23,9;"LARANJEIRAS";"N�o";"Ingest�o de �lcool pelo condutor";2;"Colis�o lateral mesmo sentido";"Com V�timas Fatais";"Plena Noite";"Crescente";"C�u Claro";"Simples";"Declive;Reta";"N�o";1334266;"�nibus";"IVECO/MASCA ROMA R/MASCA ROMA R";2024;"Condutor";"Ileso";49;"Masculino";1;0;0;0;-10,814491;-37,249336;"SPRF-SE";"DEL01-SE";"UOP02-DEL01-SE"
747145;1675058;2025-12-19;"sexta-feira";"18:56:00";"SE";235;23,9;"LARANJEIRAS";"N�o";"Ingest�o de �lcool pelo condutor";2;"Colis�o lateral mesmo sentido";"Com V�timas Fatais";"Plena Noite";"Crescente";"C�u Claro";"Simples";"Declive;Reta";"N�o";1334265;"Caminhonete";"CHEVROLET/S10 LTZ DD4A/S10 LTZ DD4A";2019;"Passageiro";"Les�es Leves";42;"Masculino";0;1;0;0;-10,814491;-37,249336;"SPRF-SE";"DEL01-SE";"UOP02-DEL01-SE"
747145;1675056;2025-12-19;"sexta-feira";"18:56:00";"SE";235;23,9;"LARANJEIRAS";"N�o";"Ingest�o de �lcool pelo condutor";2;"Colis�o lateral mesmo sentido";"Com V�timas Fatais";"Plena Noite";"Crescente";"C�u Claro";"Simples";"Declive;Reta";"N�o";1334265;"Caminhonete";"CHEVROLET/S10 LTZ DD4A/S10 LTZ DD4A";2019;"Condutor";"Les�es Leves";41;"Masculino";0;1;0;0;-10,814491;-37,249336;"SPRF-SE";"DEL01-SE";"UOP02-DEL01-SE"
747145;1675055;2025-12-19;"sexta-feira";"18:56:00";"SE";235;23,9;"LARANJEIRAS";"N�o";"Ingest�o de �lcool pelo condutor";2;"Colis�o lateral mesmo sentido";"Com V�timas Fatais";"Plena Noite";"Crescente";"C�u Claro";"Simples";"Declive;Reta";"N�o";1334265;"Caminhonete";"CHEVROLET/S10 LTZ DD4A/S10 LTZ DD4A";2019;"Passageiro";"Les�es Leves";40;"Masculino";0;1;0;0;-10,814491;-37,249336;"SPRF-SE";"DEL01-SE";"UOP02-DEL01-SE"
747145;1675052;2025-12-19;"sexta-feira";"18:56:00";"SE";235;23,9;"LARANJEIRAS";"N�o";"Ingest�o de �lcool pelo condutor";2;"Colis�o lateral mesmo sentido";"Com V�timas Fatais";"Plena Noite";"Crescente";"C�u Claro";"Simples";"Declive;Reta";"N�o";1334265;"Caminhonete";"CHEVROLET/S10 LTZ DD4A/S10 LTZ DD4A";2019;"Passageiro";"Ileso";54;"Masculino";1;0;0;0;-10,814491;-37,249336;"SPRF-SE";"DEL01-SE";"UOP02-DEL01-SE"
747145;1675051;2025-12-19;"sexta-feira";"18:56:00";"SE";235;23,9;"LARANJEIRAS";"N�o";"Ingest�o de �lcool pelo condutor";2;"Colis�o lateral mesmo sentido";"Com V�timas Fatais";"Plena Noite";"Crescente";"C�u Claro";"Simples";"Declive;Reta";"N�o";1334264;"Motoneta";"HONDA/BIZ 110I/BIZ 110I";2017;"Condutor";"Les�es Leves";24;"Masculino";0;1;0;0;-10,814491;-37,249336;"SPRF-SE";"DEL01-SE";"UOP02-DEL01-SE"
747145;1675059;2025-12-19;"sexta-feira";"18:56:00";"SE";235;23,9;"LARANJEIRAS";"N�o";"Ingest�o de �lcool pelo condutor";2;"Colis�o lateral mesmo sentido";"Com V�timas Fatais";"Plena Noite";"Crescente";"C�u Claro";"Simples";"Declive;Reta";"N�o";1334263;"Autom�vel";"TOYOTA/COROLLA XEI18FLEX/COROLLA XEI18FLEX";2009;"Passageiro";"N�o Informado";NA;"N�o Informado";0;0;0;0;-10,814491;-37,249336;"SPRF-SE";"DEL01-SE";"UOP02-DEL01-SE"
747145;1675054;2025-12-19;"sexta-feira";"18:56:00";"SE";235;23,9;"LARANJEIRAS";"N�o";"Ingest�o de �lcool pelo condutor";2;"Colis�o lateral mesmo sentido";"Com V�timas Fatais";"Plena Noite";"Crescente";"C�u Claro";"Simples";"Declive;Reta";"N�o";1334263;"Autom�vel";"TOYOTA/COROLLA XEI18FLEX/COROLLA XEI18FLEX";2009;"Condutor";"�bito";59;"Masculino";0;0;0;1;-10,814491;-37,249336;"SPRF-SE";"DEL01-SE";"UOP02-DEL01-SE"
747145;1675053;2025-12-19;"sexta-feira";"18:56:00";"SE";235;23,9;"LARANJEIRAS";"N�o";"Ingest�o de �lcool pelo condutor";2;"Colis�o lateral mesmo sentido";"Com V�timas Fatais";"Plena Noite";"Crescente";"C�u Claro";"Simples";"Declive;Reta";"N�o";1334263;"Autom�vel";"TOYOTA/COROLLA XEI18FLEX/COROLLA XEI18FLEX";2009;"Passageiro";"Les�es Graves";47;"Masculino";0;0;1;0;-10,814491;-37,249336;"SPRF-SE";"DEL01-SE";"UOP02-DEL01-SE"
747145;1675048;2025-12-19;"sexta-feira";"18:56:00";"SE";235;23,9;"LARANJEIRAS";"N�o";"Ingest�o de �lcool pelo condutor";2;"Colis�o lateral mesmo sentido";"Com V�timas Fatais";"Plena Noite";"Crescente";"C�u Claro";"Simples";"Declive;Reta";"N�o";1334263;"Autom�vel";"TOYOTA/COROLLA XEI18FLEX/COROLLA XEI18FLEX";2009;"Passageiro";"Les�es Leves";27;"Masculino";0;1;0;0;-10,814491;-37,249336;"SPRF-SE";"DEL01-SE";"UOP02-DEL01-SE"
747145;1675057;2025-12-19;"sexta-feira";"18:56:00";"SE";235;23,9;"LARANJEIRAS";"N�o";"Ingest�o de �lcool pelo condutor";2;"Colis�o lateral mesmo sentido";"Com V�timas Fatais";"Plena Noite";"Crescente";"C�u Claro";"Simples";"Declive;Reta";"N�o";1334262;"Caminhonete";"RENAULT/MASTER L2H2 MNPA/MASTER L2H2 MNPA";2020;"Passageiro";"Ileso";49;"Masculino";1;0;0;0;-10,814491;-37,249336;"SPRF-SE";"DEL01-SE";"UOP02-DEL01-SE"
747145;1675050;2025-12-19;"sexta-feira";"18:56:00";"SE";235;23,9;"LARANJEIRAS";"N�o";"Ingest�o de �lcool pelo condutor";2;"Colis�o lateral mesmo sentido";"Com V�timas Fatais";"Plena Noite";"Crescente";"C�u Claro";"Simples";"Declive;Reta";"N�o";1334262;"Caminhonete";"RENAULT/MASTER L2H2 MNPA/MASTER L2H2 MNPA";2020;"Passageiro";"Les�es Leves";38;"Feminino";0;1;0;0;-10,814491;-37,249336;"SPRF-SE";"DEL01-SE";"UOP02-DEL01-SE"
747145;1675049;2025-12-19;"sexta-feira";"18:56:00";"SE";235;23,9;"LARANJEIRAS";"N�o";"Ingest�o de �lcool pelo condutor";2;"Colis�o lateral mesmo sentido";"Com V�timas Fatais";"Plena Noite";"Crescente";"C�u Claro";"Simples";"Declive;Reta";"N�o";1334262;"Caminhonete";"RENAULT/MASTER L2H2 MNPA/MASTER L2H2 MNPA";2020;"Passageiro";"Les�es Leves";52;"Feminino";0;1;0;0;-10,814491;-37,249336;"SPRF-SE";"DEL01-SE";"UOP02-DEL01-SE"
747145;1675047;2025-12-19;"sexta-feira";"18:56:00";"SE";235;23,9;"LARANJEIRAS";"N�o";"Ingest�o de �lcool pelo condutor";2;"Colis�o lateral mesmo sentido";"Com V�timas Fatais";"Plena Noite";"Crescente";"C�u Claro";"Simples";"Declive;Reta";"N�o";1334262;"Caminhonete";"RENAULT/MASTER L2H2 MNPA/MASTER L2H2 MNPA";2020;"Condutor";"Ileso";41;"Masculino";1;0;0;0;-10,814491;-37,249336;"SPRF-SE";"DEL01-SE";"UOP02-DEL01-SE"
747145;1675060;2025-12-19;"sexta-feira";"18:56:00";"SE";235;23,9;"LARANJEIRAS";"N�o";"Ingest�o de �lcool pelo condutor";1;"Colis�o lateral mesmo sentido";"Com V�timas Fatais";"Plena Noite";"Crescente";"C�u Claro";"Simples";"Declive;Reta";"N�o";1334266;"�nibus";"IVECO/MASCA ROMA R/MASCA ROMA R";2024;"Condutor";"Ileso";49;"Masculino";1;0;0;0;-10,814491;-37,249336;"SPRF-SE";"DEL01-SE";"UOP02-DEL01-SE"
747145;1675058;2025-12-19;"sexta-feira";"18:56:00";"SE";235;23,9;"LARANJEIRAS";"N�o";"Ingest�o de �lcool pelo condutor";1;"Colis�o lateral mesmo sentido";"Com V�timas Fatais";"Plena Noite";"Crescente";"C�u Claro";"Simples";"Declive;Reta";"N�o";1334265;"Caminhonete";"CHEVROLET/S10 LTZ DD4A/S10 LTZ DD4A";2019;"Passageiro";"Les�es Leves";42;"Masculino";0;1;0;0;-10,814491;-37,249336;"SPRF-SE";"DEL01-SE";"UOP02-DEL01-SE"
747145;1675056;2025-12-19;"sexta-feira";"18:56:00";"SE";235;23,9;"LARANJEIRAS";"N�o";"Ingest�o de �lcool pelo condutor";1;"Colis�o lateral mesmo sentido";"Com V�timas Fatais";"Plena Noite";"Crescente";"C�u Claro";"Simples";"Declive;Reta";"N�o";1334265;"Caminhonete";"CHEVROLET/S10 LTZ DD4A/S10 LTZ DD4A";2019;"Condutor";"Les�es Leves";41;"Masculino";0;1;0;0;-10,814491;-37,249336;"SPRF-SE";"DEL01-SE";"UOP02-DEL01-SE"
747145;1675055;2025-12-19;"sexta-feira";"18:56:00";"SE";235;23,9;"LARANJEIRAS";"N�o";"Ingest�o de �lcool pelo condutor";1;"Colis�o lateral mesmo sentido";"Com V�timas Fatais";"Plena Noite";"Crescente";"C�u Claro";"Simples";"Declive;Reta";"N�o";1334265;"Caminhonete";"CHEVROLET/S10 LTZ DD4A/S10 LTZ DD4A";2019;"Passageiro";"Les�es Leves";40;"Masculino";0;1;0;0;-10,814491;-37,249336;"SPRF-SE";"DEL01-SE";"UOP02-DEL01-SE"
747145;1675052;2025-12-19;"sexta-feira";"18:56:00";"SE";235;23,9;"LARANJEIRAS";"N�o";"Ingest�o de �lcool pelo condutor";1;"Colis�o lateral mesmo sentido";"Com V�timas Fatais";"Plena Noite";"Crescente";"C�u Claro";"Simples";"Declive;Reta";"N�o";1334265;"Caminhonete";"CHEVROLET/S10 LTZ DD4A/S10 LTZ DD4A";2019;"Passageiro";"Ileso";54;"Masculino";1;0;0;0;-10,814491;-37,249336;"SPRF-SE";"DEL01-SE";"UOP02-DEL01-SE"
747145;1675051;2025-12-19;"sexta-feira";"18:56:00";"SE";235;23,9;"LARANJEIRAS";"N�o";"Ingest�o de �lcool pelo condutor";1;"Colis�o lateral mesmo sentido";"Com V�timas Fatais";"Plena Noite";"Crescente";"C�u Claro";"Simples";"Declive;Reta";"N�o";1334264;"Motoneta";"HONDA/BIZ 110I/BIZ 110I";2017;"Condutor";"Les�es Leves";24;"Masculino";0;1;0;0;-10,814491;-37,249336;"SPRF-SE";"DEL01-SE";"UOP02-DEL01-SE"
747145;1675059;2025-12-19;"sexta-feira";"18:56:00";"SE";235;23,9;"LARANJEIRAS";"N�o";"Ingest�o de �lcool pelo condutor";1;"Colis�o lateral mesmo sentido";"Com V�timas Fatais";"Plena Noite";"Crescente";"C�u Claro";"Simples";"Declive;Reta";"N�o";1334263;"Autom�vel";"TOYOTA/COROLLA XEI18FLEX/COROLLA XEI18FLEX";2009;"Passageiro";"N�o Informado";NA;"N�o Informado";0;0;0;0;-10,814491;-37,249336;"SPRF-SE";"DEL01-SE";"UOP02-DEL01-SE"
747145;1675054;2025-12-19;"sexta-feira";"18:56:00";"SE";235;23,9;"LARANJEIRAS";"N�o";"Ingest�o de �lcool pelo condutor";1;"Colis�o lateral mesmo sentido";"Com V�timas Fatais";"Plena Noite";"Crescente";"C�u Claro";"Simples";"Declive;Reta";"N�o";1334263;"Autom�vel";"TOYOTA/COROLLA XEI18FLEX/COROLLA XEI18FLEX";2009;"Condutor";"�bito";59;"Masculino";0;0;0;1;-10,814491;-37,249336;"SPRF-SE";"DEL01-SE";"UOP02-DEL01-SE"
747145;1675053;2025-12-19;"sexta-feira";"18:56:00";"SE";235;23,9;"LARANJEIRAS";"N�o";"Ingest�o de �lcool pelo condutor";1;"Colis�o lateral mesmo sentido";"Com V�timas Fatais";"Plena Noite";"Crescente";"C�u Claro";"Simples";"Declive;Reta";"N�o";1334263;"Autom�vel";"TOYOTA/COROLLA XEI18FLEX/COROLLA XEI18FLEX";2009;"Passageiro";"Les�es Graves";47;"Masculino";0;0;1;0;-10,814491;-37,249336;"SPRF-SE";"DEL01-SE";"UOP02-DEL01-SE"
747145;1675048;2025-12-19;"sexta-feira";"18:56:00";"SE";235;23,9;"LARANJEIRAS";"N�o";"Ingest�o de �lcool pelo condutor";1;"Colis�o lateral mesmo sentido";"Com V�timas Fatais";"Plena Noite";"Crescente";"C�u Claro";"Simples";"Declive;Reta";"N�o";1334263;"Autom�vel";"TOYOTA/COROLLA XEI18FLEX/COROLLA XEI18FLEX";2009;"Passageiro";"Les�es Leves";27;"Masculino";0;1;0;0;-10,814491;-37,249336;"SPRF-SE";"DEL01-SE";"UOP02-DEL01-SE"
747145;1675057;2025-12-19;"sexta-feira";"18:56:00";"SE";235;23,9;"LARANJEIRAS";"N�o";"Ingest�o de �lcool pelo condutor";1;"Colis�o lateral mesmo sentido";"Com V�timas Fatais";"Plena Noite";"Crescente";"C�u Claro";"Simples";"Declive;Reta";"N�o";1334262;"Caminhonete";"RENAULT/MASTER L2H2 MNPA/MASTER L2H2 MNPA";2020;"Passageiro";"Ileso";49;"Masculino";1;0;0;0;-10,814491;-37,249336;"SPRF-SE";"DEL01-SE";"UOP02-DEL01-SE"
747145;1675050;2025-12-19;"sexta-feira";"18:56:00";"SE";235;23,9;"LARANJEIRAS";"N�o";"Ingest�o de �lcool pelo condutor";1;"Colis�o lateral mesmo sentido";"Com V�timas Fatais";"Plena Noite";"Crescente";"C�u Claro";"Simples";"Declive;Reta";"N�o";1334262;"Caminhonete";"RENAULT/MASTER L2H2 MNPA/MASTER L2H2 MNPA";2020;"Passageiro";"Les�es Leves";38;"Feminino";0;1;0;0;-10,814491;-37,249336;"SPRF-SE";"DEL01-SE";"UOP02-DEL01-SE"
747145;1675049;2025-12-19;"sexta-feira";"18:56:00";"SE";235;23,9;"LARANJEIRAS";"N�o";"Ingest�o de �lcool pelo condutor";1;"Colis�o lateral mesmo sentido";"Com V�timas Fatais";"Plena Noite";"Crescente";"C�u Claro";"Simples";"Declive;Reta";"N�o";1334262;"Caminhonete";"RENAULT/MASTER L2H2 MNPA/MASTER L2H2 MNPA";2020;"Passageiro";"Les�es Leves";52;"Feminino";0;1;0;0;-10,814491;-37,249336;"SPRF-SE";"DEL01-SE";"UOP02-DEL01-SE"
747145;1675047;2025-12-19;"sexta-feira";"18:56:00";"SE";235;23,9;"LARANJEIRAS";"N�o";"Ingest�o de �lcool pelo condutor";1;"Colis�o lateral mesmo sentido";"Com V�timas Fatais";"Plena Noite";"Crescente";"C�u Claro";"Simples";"Declive;Reta";"N�o";1334262;"Caminhonete";"RENAULT/MASTER L2H2 MNPA/MASTER L2H2 MNPA";2020;"Condutor";"Ileso";41;"Masculino";1;0;0;0;-10,814491;-37,249336;"SPRF-SE";"DEL01-SE";"UOP02-DEL01-SE"
747145;1675060;2025-12-19;"sexta-feira";"18:56:00";"SE";235;23,9;"LARANJEIRAS";"Sim";"Ultrapassagem Indevida";6;"Colis�o lateral mesmo sentido";"Com V�timas Fatais";"Plena Noite";"Crescente";"C�u Claro";"Simples";"Declive;Reta";"N�o";1334266;"�nibus";"IVECO/MASCA ROMA R/MASCA ROMA R";2024;"Condutor";"Ileso";49;"Masculino";1;0;0;0;-10,814491;-37,249336;"SPRF-SE";"DEL01-SE";"UOP02-DEL01-SE"
747145;1675058;2025-12-19;"sexta-feira";"18:56:00";"SE";235;23,9;"LARANJEIRAS";"Sim";"Ultrapassagem Indevida";6;"Colis�o lateral mesmo sentido";"Com V�timas Fatais";"Plena Noite";"Crescente";"C�u Claro";"Simples";"Declive;Reta";"N�o";1334265;"Caminhonete";"CHEVROLET/S10 LTZ DD4A/S10 LTZ DD4A";2019;"Passageiro";"Les�es Leves";42;"Masculino";0;1;0;0;-10,814491;-37,249336;"SPRF-SE";"DEL01-SE";"UOP02-DEL01-SE"
747145;1675056;2025-12-19;"sexta-feira";"18:56:00";"SE";235;23,9;"LARANJEIRAS";"Sim";"Ultrapassagem Indevida";6;"Colis�o lateral mesmo sentido";"Com V�timas Fatais";"Plena Noite";"Crescente";"C�u Claro";"Simples";"Declive;Reta";"N�o";1334265;"Caminhonete";"CHEVROLET/S10 LTZ DD4A/S10 LTZ DD4A";2019;"Condutor";"Les�es Leves";41;"Masculino";0;1;0;0;-10,814491;-37,249336;"SPRF-SE";"DEL01-SE";"UOP02-DEL01-SE"
747145;1675055;2025-12-19;"sexta-feira";"18:56:00";"SE";235;23,9;"LARANJEIRAS";"Sim";"Ultrapassagem Indevida";6;"Colis�o lateral mesmo sentido";"Com V�timas Fatais";"Plena Noite";"Crescente";"C�u Claro";"Simples";"Declive;Reta";"N�o";1334265;"Caminhonete";"CHEVROLET/S10 LTZ DD4A/S10 LTZ DD4A";2019;"Passageiro";"Les�es Leves";40;"Masculino";0;1;0;0;-10,814491;-37,249336;"SPRF-SE";"DEL01-SE";"UOP02-DEL01-SE"
747145;1675052;2025-12-19;"sexta-feira";"18:56:00";"SE";235;23,9;"LARANJEIRAS";"Sim";"Ultrapassagem Indevida";6;"Colis�o lateral mesmo sentido";"Com V�timas Fatais";"Plena Noite";"Crescente";"C�u Claro";"Simples";"Declive;Reta";"N�o";1334265;"Caminhonete";"CHEVROLET/S10 LTZ DD4A/S10 LTZ DD4A";2019;"Passageiro";"Ileso";54;"Masculino";1;0;0;0;-10,814491;-37,249336;"SPRF-SE";"DEL01-SE";"UOP02-DEL01-SE"
747145;1675051;2025-12-19;"sexta-feira";"18:56:00";"SE";235;23,9;"LARANJEIRAS";"Sim";"Ultrapassagem Indevida";6;"Colis�o lateral mesmo sentido";"Com V�timas Fatais";"Plena Noite";"Crescente";"C�u Claro";"Simples";"Declive;Reta";"N�o";1334264;"Motoneta";"HONDA/BIZ 110I/BIZ 110I";2017;"Condutor";"Les�es Leves";24;"Masculino";0;1;0;0;-10,814491;-37,249336;"SPRF-SE";"DEL01-SE";"UOP02-DEL01-SE"
747145;1675059;2025-12-19;"sexta-feira";"18:56:00";"SE";235;23,9;"LARANJEIRAS";"Sim";"Ultrapassagem Indevida";6;"Colis�o lateral mesmo sentido";"Com V�timas Fatais";"Plena Noite";"Crescente";"C�u Claro";"Simples";"Declive;Reta";"N�o";1334263;"Autom�vel";"TOYOTA/COROLLA XEI18FLEX/COROLLA XEI18FLEX";2009;"Passageiro";"N�o Informado";NA;"N�o Informado";0;0;0;0;-10,814491;-37,249336;"SPRF-SE";"DEL01-SE";"UOP02-DEL01-SE"
747145;1675054;2025-12-19;"sexta-feira";"18:56:00";"SE";235;23,9;"LARANJEIRAS";"Sim";"Ultrapassagem Indevida";6;"Colis�o lateral mesmo sentido";"Com V�timas Fatais";"Plena Noite";"Crescente";"C�u Claro";"Simples";"Declive;Reta";"N�o";1334263;"Autom�vel";"TOYOTA/COROLLA XEI18FLEX/COROLLA XEI18FLEX";2009;"Condutor";"�bito";59;"Masculino";0;0;0;1;-10,814491;-37,249336;"SPRF-SE";"DEL01-SE";"UOP02-DEL01-SE"
747145;1675053;2025-12-19;"sexta-feira";"18:56:00";"SE";235;23,9;"LARANJEIRAS";"Sim";"Ultrapassagem Indevida";6;"Colis�o lateral mesmo sentido";"Com V�timas Fatais";"Plena Noite";"Crescente";"C�u Claro";"Simples";"Declive;Reta";"N�o";1334263;"Autom�vel";"TOYOTA/COROLLA XEI18FLEX/COROLLA XEI18FLEX";2009;"Passageiro";"Les�es Graves";47;"Masculino";0;0;1;0;-10,814491;-37,249336;"SPRF-SE";"DEL01-SE";"UOP02-DEL01-SE"
747145;1675048;2025-12-19;"sexta-feira";"18:56:00";"SE";235;23,9;"LARANJEIRAS";"Sim";"Ultrapassagem Indevida";6;"Colis�o lateral mesmo sentido";"Com V�timas Fatais";"Plena Noite";"Crescente";"C�u Claro";"Simples";"Declive;Reta";"N�o";1334263;"Autom�vel";"TOYOTA/COROLLA XEI18FLEX/COROLLA XEI18FLEX";2009;"Passageiro";"Les�es Leves";27;"Masculino";0;1;0;0;-10,814491;-37,249336;"SPRF-SE";"DEL01-SE";"UOP02-DEL01-SE"
747145;1675057;2025-12-19;"sexta-feira";"18:56:00";"SE";235;23,9;"LARANJEIRAS";"Sim";"Ultrapassagem Indevida";6;"Colis�o lateral mesmo sentido";"Com V�timas Fatais";"Plena Noite";"Crescente";"C�u Claro";"Simples";"Declive;Reta";"N�o";1334262;"Caminhonete";"RENAULT/MASTER L2H2 MNPA/MASTER L2H2 MNPA";2020;"Passageiro";"Ileso";49;"Masculino";1;0;0;0;-10,814491;-37,249336;"SPRF-SE";"DEL01-SE";"UOP02-DEL01-SE"
747145;1675050;2025-12-19;"sexta-feira";"18:56:00";"SE";235;23,9;"LARANJEIRAS";"Sim";"Ultrapassagem Indevida";6;"Colis�o lateral mesmo sentido";"Com V�timas Fatais";"Plena Noite";"Crescente";"C�u Claro";"Simples";"Declive;Reta";"N�o";1334262;"Caminhonete";"RENAULT/MASTER L2H2 MNPA/MASTER L2H2 MNPA";2020;"Passageiro";"Les�es Leves";38;"Feminino";0;1;0;0;-10,814491;-37,249336;"SPRF-SE";"DEL01-SE";"UOP02-DEL01-SE"
747145;1675049;2025-12-19;"sexta-feira";"18:56:00";"SE";235;23,9;"LARANJEIRAS";"Sim";"Ultrapassagem Indevida";6;"Colis�o lateral mesmo sentido";"Com V�timas Fatais";"Plena Noite";"Crescente";"C�u Claro";"Simples";"Declive;Reta";"N�o";1334262;"Caminhonete";"RENAULT/MASTER L2H2 MNPA/MASTER L2H2 MNPA";2020;"Passageiro";"Les�es Leves";52;"Feminino";0;1;0;0;-10,814491;-37,249336;"SPRF-SE";"DEL01-SE";"UOP02-DEL01-SE"
747145;1675047;2025-12-19;"sexta-feira";"18:56:00";"SE";235;23,9;"LARANJEIRAS";"Sim";"Ultrapassagem Indevida";6;"Colis�o lateral mesmo sentido";"Com V�timas Fatais";"Plena Noite";"Crescente";"C�u Claro";"Simples";"Declive;Reta";"N�o";1334262;"Caminhonete";"RENAULT/MASTER L2H2 MNPA/MASTER L2H2 MNPA";2020;"Condutor";"Ileso";41;"Masculino";1;0;0;0;-10,814491;-37,249336;"SPRF-SE";"DEL01-SE";"UOP02-DEL01-SE"
747145;1675060;2025-12-19;"sexta-feira";"18:56:00";"SE";235;23,9;"LARANJEIRAS";"Sim";"Ultrapassagem Indevida";5;"Tombamento";"Com V�timas Fatais";"Plena Noite";"Crescente";"C�u Claro";"Simples";"Declive;Reta";"N�o";1334266;"�nibus";"IVECO/MASCA ROMA R/MASCA ROMA R";2024;"Condutor";"Ileso";49;"Masculino";1;0;0;0;-10,814491;-37,249336;"SPRF-SE";"DEL01-SE";"UOP02-DEL01-SE"
747145;1675058;2025-12-19;"sexta-feira";"18:56:00";"SE";235;23,9;"LARANJEIRAS";"Sim";"Ultrapassagem Indevida";5;"Tombamento";"Com V�timas Fatais";"Plena Noite";"Crescente";"C�u Claro";"Simples";"Declive;Reta";"N�o";1334265;"Caminhonete";"CHEVROLET/S10 LTZ DD4A/S10 LTZ DD4A";2019;"Passageiro";"Les�es Leves";42;"Masculino";0;1;0;0;-10,814491;-37,249336;"SPRF-SE";"DEL01-SE";"UOP02-DEL01-SE"
747145;1675056;2025-12-19;"sexta-feira";"18:56:00";"SE";235;23,9;"LARANJEIRAS";"Sim";"Ultrapassagem Indevida";5;"Tombamento";"Com V�timas Fatais";"Plena Noite";"Crescente";"C�u Claro";"Simples";"Declive;Reta";"N�o";1334265;"Caminhonete";"CHEVROLET/S10 LTZ DD4A/S10 LTZ DD4A";2019;"Condutor";"Les�es Leves";41;"Masculino";0;1;0;0;-10,814491;-37,249336;"SPRF-SE";"DEL01-SE";"UOP02-DEL01-SE"