"id";"pesid";"data_inversa";"dia_semana";"horario";"uf";"br";"km";"municipio";"causa_principal";"causa_acidente";"ordem_tipo_acidente";"tipo_acidente";"classificacao_acidente";"fase_dia";"sentido_via";"condicao_metereologica";"tipo_pista";"tracado_via";"uso_solo";"id_veiculo";"tipo_veiculo";"marca";"ano_fabricacao_veiculo";"tipo_envolvido";"estado_fisico";"idade";"sexo";"ilesos";"feridos_leves";"feridos_graves";"mortos";"latitude";"longitude";"regional";"delegacia";"uop"
747145;1675060;2025-12-19;"sexta-feira";"18:56:00";"SE";235;23,9;"LARANJEIRAS";"Sim";"Ultrapassagem Indevida";1;"Colis�o lateral mesmo sentido";"Com V�timas Fatais";"Plena Noite";"Crescente";"C�u Claro";"Simples";"Declive;Reta";"N�o";1334266;"�nibus";"IVECO/MASCA ROMA R/MASCA ROMA R";2024;"Condutor";"Ileso";49;"Masculino";1;0;0;0;-10,814491;-37,249336;"SPRF-SE";"DEL01-SE";"UOP02-DEL01-SE"
747145;1675058;2025-12-19;"sexta-feira";"18:56:00";"SE";235;23,9;"LARANJEIRAS";"Sim";"Ultrapassagem Indevida";1;"Colis�o lateral mesmo sentido";"Com V�timas Fatais";"Plena Noite";"Crescente";"C�u Claro";"Simples";"Declive;Reta";"N�o";1334265;"Caminhonete";"CHEVROLET/S10 LTZ DD4A/S10 LTZ DD4A";2019;"Passageiro";"Les�es Leves";42;"Masculino";0;1;0;0;-10,814491;-37,249336;"SPRF-SE";"DEL01-SE";"UOP02-DEL01-SE"
747145;1675056;2025-12-19;"sexta-feira";"18:56:00";"SE";235;23,9;"LARANJEIRAS";"Sim";"Ultrapassagem Indevida";1;"Colis�o lateral mesmo sentido";"Com V�timas Fatais";"Plena Noite";"Crescente";"C�u Claro";"Simples";"Declive;Reta";"N�o";1334265;"Caminhonete";"CHEVROLET/S10 LTZ DD4A/S10 LTZ DD4A";2019;"Condutor";"Les�es Leves";41;"Masculino";0;1;0;0;-10,814491;-37,249336;"SPRF-SE";"DEL01-SE";"UOP02-DEL01-SE"
747145;1675055;2025-12-19;"sexta-feira";"18:56:00";"SE";235;23,9;"LARANJEIRAS";"Sim";"Ultrapassagem Indevida";1;"Colis�o lateral mesmo sentido";"Com V�timas Fatais";"Plena Noite";"Crescente";"C�u Claro";"Simples";"Declive;Reta";"N�o";1334265;"Caminhonete";"CHEVROLET/S10 LTZ DD4A/S10 LTZ DD4A";2019;"Passageiro";"Les�es Leves";40;"Masculino";0;1;0;0;-10,814491;-37,249336;"SPRF-SE";"DEL01-SE";"UOP02-DEL01-SE"
747145;1675052;2025-12-19;"sexta-feira";"18:56:00";"SE";235;23,9;"LARANJEIRAS";"Sim";"Ultrapassagem Indevida";1;"Colis�o lateral mesmo sentido";"Com V�timas Fatais";"Plena Noite";"Crescente";"C�u Claro";"Simples";"Declive;Reta";"N�o";1334265;"Caminhonete";"CHEVROLET/S10 LTZ DD4A/S10 LTZ DD4A";2019;"Passageiro";"Ileso";54;"Masculino";1;0;0;0;-10,814491;-37,249336;"SPRF-SE";"DEL01-SE";"UOP02-DEL01-SE"
747145;1675051;2025-12-19;"sexta-feira";"18:56:00";"SE";235;23,9;"LARANJEIRAS";"Sim";"Ultrapassagem Indevida";1;"Colis�o lateral mesmo sentido";"Com V�timas Fatais";"Plena Noite";"Crescente";"C�u Claro";"Simples";"Declive;Reta";"N�o";1334264;"Motoneta";"HONDA/BIZ 110I/BIZ 110I";2017;"Condutor";"Les�es Leves";24;"Masculino";0;1;0;0;-10,814491;-37,249336;"SPRF-SE";"DEL01-SE";"UOP02-DEL01-SE"
747145;1675059;2025-12-19;"sexta-feira";"18:56:00";"SE";235;23,9;"LARANJEIRAS";"Sim";"Ultrapassagem Indevida";1;"Colis�o lateral mesmo sentido";"Com V�timas Fatais";"Plena Noite";"Crescente";"C�u Claro";"Simples";"Declive;Reta";"N�o";1334263;"Autom�vel";"TOYOTA/COROLLA XEI18FLEX/COROLLA XEI18FLEX";2009;"Passageiro";"N�o Informado";NA;"N�o Informado";0;0;0;0;-10,814491;-37,249336;"SPRF-SE";"DEL01-SE";"UOP02-DEL01-SE"
747145;1675054;2025-12-19;"sexta-feira";"18:56:00";"SE";235;23,9;"LARANJEIRAS";"Sim";"Ultrapassagem Indevida";1;"Colis�o lateral mesmo sentido";"Com V�timas Fatais";"Plena Noite";"Crescente";"C�u Claro";"Simples";"Declive;Reta";"N�o";1334263;"Autom�vel";"TOYOTA/COROLLA XEI18FLEX/COROLLA XEI18FLEX";2009;"Condutor";"�bito";59;"Masculino";0;0;0;1;-10,814491;-37,249336;"SPRF-SE";"DEL01-SE";"UOP02-DEL01-SE"
747145;1675053;2025-12-19;"sexta-feira";"18:56:00";"SE";235;23,9;"LARANJEIRAS";"Sim";"Ultrapassagem Indevida";1;"Colis�o lateral mesmo sentido";"Com V�timas Fatais";"Plena Noite";"Crescente";"C�u Claro";"Simples";"Declive;Reta";"N�o";1334263;"Autom�vel";"TOYOTA/COROLLA XEI18FLEX/COROLLA XEI18FLEX";2009;"Passageiro";"Les�es Graves";47;"Masculino";0;0;1;0;-10,814491;-37,249336;"SPRF-SE";"DEL01-SE";"UOP02-DEL01-SE"
747145;1675048;2025-12-19;"sexta-feira";"18:56:00";"SE";235;23,9;"LARANJEIRAS";"Sim";"Ultrapassagem Indevida";1;"Colis�o lateral mesmo sentido";"Com V�timas Fatais";"Plena Noite";"Crescente";"C�u Claro";"Simples";"Declive;Reta";"N�o";1334263;"Autom�vel";"TOYOTA/COROLLA XEI18FLEX/COROLLA XEI18FLEX";2009;"Passageiro";"Les�es Leves";27;"Masculino";0;1;0;0;-10,814491;-37,249336;"SPRF-SE";"DEL01-SE";"UOP02-DEL01-SE"
747145;1675057;2025-12-19;"sexta-feira";"18:56:00";"SE";235;23,9;"LARANJEIRAS";"Sim";"Ultrapassagem Indevida";1;"Colis�o lateral mesmo sentido";"Com V�timas Fatais";"Plena Noite";"Crescente";"C�u Claro";"Simples";"Declive;Reta";"N�o";1334262;"Caminhonete";"RENAULT/MASTER L2H2 MNPA/MASTER L2H2 MNPA";2020;"Passageiro";"Ileso";49;"Masculino";1;0;0;0;-10,814491;-37,249336;"SPRF-SE";"DEL01-SE";"UOP02-DEL01-SE"
747145;1675050;2025-12-19;"sexta-feira";"18:56:00";"SE";235;23,9;"LARANJEIRAS";"Sim";"Ultrapassagem Indevida";1;"Colis�o lateral mesmo sentido";"Com V�timas Fatais";"Plena Noite";"Crescente";"C�u Claro";"Simples";"Declive;Reta";"N�o";1334262;"Caminhonete";"RENAULT/MASTER L2H2 MNPA/MASTER L2H2 MNPA";2020;"Passageiro";"Les�es Leves";38;"Feminino";0;1;0;0;-10,814491;-37,249336;"SPRF-SE";"DEL01-SE";"UOP02-DEL01-SE"
747145;1675049;2025-12-19;"sexta-feira";"18:56:00";"SE";235;23,9;"LARANJEIRAS";"Sim";"Ultrapassagem Indevida";1;"Colis�o lateral mesmo sentido";"Com V�timas Fatais";"Plena Noite";"Crescente";"C�u Claro";"Simples";"Declive;Reta";"N�o";1334262;"Caminhonete";"RENAULT/MASTER L2H2 MNPA/MASTER L2H2 MNPA";2020;"Passageiro";"Les�es Leves";52;"Feminino";0;1;0;0;-10,814491;-37,249336;"SPRF-SE";"DEL01-SE";"UOP02-DEL01-SE"
747145;1675047;2025-12-19;"sexta-feira";"18:56:00";"SE";235;23,9;"LARANJEIRAS";"Sim";"Ultrapassagem Indevida";1;"Colis�o lateral mesmo sentido";"Com V�timas Fatais";"Plena Noite";"Crescente";"C�u Claro";"Simples";"Declive;Reta";"N�o";1334262;"Caminhonete";"RENAULT/MASTER L2H2 MNPA/MASTER L2H2 MNPA";2020;"Condutor";"Ileso";41;"Masculino";1;0;0;0;-10,814491;-37,249336;"SPRF-SE";"DEL01-SE";"UOP02-DEL01-SE"
747150;1675064;2025-12-10;"quarta-feira";"12:40:00";"RJ";116;182;"RIO DE JANEIRO";"Sim";"Condutor deixou de manter dist�ncia do ve�culo da frente";1;"Colis�o traseira";"Com V�timas Feridas";"Pleno dia";"Decrescente";"Chuva";"M�ltipla";"Reta";"Sim";1334270;"Motocicleta";"N�o Informado/N�o Informado/N�o Informado";0;"Condutor";"Les�es Leves";NA;"Masculino";0;1;0;0;-22,96229624;-43,39875195;"SPRF-RJ";"DEL06-RJ";"UOP01-DEL06-RJ"
747182;1675159;2025-12-24;"quarta-feira";"21:45:00";"PR";277;431,8;"VIRMOND";"Sim";"Rea��o tardia ou ineficiente do condutor";1;"Queda de ocupante de ve�culo";"Com V�timas Feridas";"Plena Noite";"Decrescente";"C�u Claro";"Simples";"Curva";"N�o";1334341;"Motocicleta";"I/SHINERAY XY 150 GY/SHINERAY XY 150 GY";2024;"Condutor";"Les�es Graves";40;"Masculino";0;0;1;0;-25,3843132;-52,17912421;"SPRF-PR";"DEL04-PR";"UOP02-DEL04-PR"
747189;1675179;2025-12-21;"domingo";"01:10:00";"PR";277;464,4;"LARANJEIRAS DO SUL";"Sim";"Aus�ncia de rea��o do condutor";2;"Colis�o com objeto";"Com V�timas Feridas";"Plena Noite";"Crescente";"C�u Claro";"Simples";"Curva";"N�o";1334355;"Autom�vel";"I/FORD FOCUS 1.6 FLEX HA/FORD FOCUS 1.6 FLEX HA";2008;"Passageiro";"Les�es Leves";32;"Feminino";0;1;0;0;-25,38480633;-52,42636621;"SPRF-PR";"DEL04-PR";"UOP02-DEL04-PR"
747189;1675178;2025-12-21;"domingo";"01:10:00";"PR";277;464,4;"LARANJEIRAS DO SUL";"Sim";"Aus�ncia de rea��o do condutor";2;"Colis�o com objeto";"Com V�timas Feridas";"Plena Noite";"Crescente";"C�u Claro";"Simples";"Curva";"N�o";1334355;"Autom�vel";"I/FORD FOCUS 1.6 FLEX HA/FORD FOCUS 1.6 FLEX HA";2008;"Condutor";"Les�es Leves";35;"Masculino";0;1;0;0;-25,38480633;-52,42636621;"SPRF-PR";"DEL04-PR";"UOP02-DEL04-PR"
747189;1675179;2025-12-21;"domingo";"01:10:00";"PR";277;464,4;"LARANJEIRAS DO SUL";"Sim";"Aus�ncia de rea��o do condutor";1;"Sa�da de leito carro��vel";"Com V�timas Feridas";"Plena Noite";"Crescente";"C�u Claro";"Simples";"Curva";"N�o";1334355;"Autom�vel";"I/FORD FOCUS 1.6 FLEX HA/FORD FOCUS 1.6 FLEX HA";2008;"Passageiro";"Les�es Leves";32;"Feminino";0;1;0;0;-25,38480633;-52,42636621;"SPRF-PR";"DEL04-PR";"UOP02-DEL04-PR"
747189;1675178;2025-12-21;"domingo";"01:10:00";"PR";277;464,4;"LARANJEIRAS DO SUL";"Sim";"Aus�ncia de rea��o do condutor";1;"Sa�da de leito carro��vel";"Com V�timas Feridas";"Plena Noite";"Crescente";"C�u Claro";"Simples";"Curva";"N�o";1334355;"Autom�vel";"I/FORD FOCUS 1.6 FLEX HA/FORD FOCUS 1.6 FLEX HA";2008;"Condutor";"Les�es Leves";35;"Masculino";0;1;0;0;-25,38480633;-52,42636621;"SPRF-PR";"DEL04-PR";"UOP02-DEL04-PR"
747194;1675191;2025-12-19;"sexta-feira";"18:15:00";"PR";369;132;"IBIPORA";"Sim";"Rea��o tardia ou ineficiente do condutor";2;"Tombamento";"Sem V�timas";"Pleno dia";"Crescente";"Sol";"Dupla";"Reta";"N�o";1334377;"Autom�vel";"VW/VOYAGE LS/VOYAGE LS";1984;"Passageiro";"Ileso";49;"Feminino";1;0;0;0;-23,26014744;-51,00441154;"SPRF-PR";"DEL07-PR";"UOP01-DEL07-PR"
747194;1675190;2025-12-19;"sexta-feira";"18:15:00";"PR";369;132;"IBIPORA";"Sim";"Rea��o tardia ou ineficiente do condutor";2;"Tombamento";"Sem V�timas";"Pleno dia";"Crescente";"Sol";"Dupla";"Reta";"N�o";1334377;"Autom�vel";"VW/VOYAGE LS/VOYAGE LS";1984;"Condutor";"Ileso";38;"Masculino";1;0;0;0;-23,26014744;-51,00441154;"SPRF-PR";"DEL07-PR";"UOP01-DEL07-PR"
747194;1675189;2025-12-19;"sexta-feira";"18:15:00";"PR";369;132;"IBIPORA";"Sim";"Rea��o tardia ou ineficiente do condutor";2;"Tombamento";"Sem V�timas";"Pleno dia";"Crescente";"Sol";"Dupla";"Reta";"N�o";1334376;"Caminh�o";"IVECO/VERTIS 130V19/VERTIS 130V19";2014;"Condutor";"Ileso";44;"Masculino";1;0;0;0;-23,26014744;-51,00441154;"SPRF-PR";"DEL07-PR";"UOP01-DEL07-PR"
747194;1675191;2025-12-19;"sexta-feira";"18:15:00";"PR";369;132;"IBIPORA";"Sim";"Rea��o tardia ou ineficiente do condutor";1;"Colis�o traseira";"Sem V�timas";"Pleno dia";"Crescente";"Sol";"Dupla";"Reta";"N�o";1334377;"Autom�vel";"VW/VOYAGE LS/VOYAGE LS";1984;"Passageiro";"Ileso";49;"Feminino";1;0;0;0;-23,26014744;-51,00441154;"SPRF-PR";"DEL07-PR";"UOP01-DEL07-PR"
747194;1675190;2025-12-19;"sexta-feira";"18:15:00";"PR";369;132;"IBIPORA";"Sim";"Rea��o tardia ou ineficiente do condutor";1;"Colis�o traseira";"Sem V�timas";"Pleno dia";"Crescente";"Sol";"Dupla";"Reta";"N�o";1334377;"Autom�vel";"VW/VOYAGE LS/VOYAGE LS";1984;"Condutor";"Ileso";38;"Masculino";1;0;0;0;-23,26014744;-51,00441154;"SPRF-PR";"DEL07-PR";"UOP01-DEL07-PR"
747194;1675189;2025-12-19;"sexta-feira";"18:15:00";"PR";369;132;"IBIPORA";"Sim";"Rea��o tardia ou ineficiente do condutor";1;"Colis�o traseira";"Sem V�timas";"Pleno dia";"Crescente";"Sol";"Dupla";"Reta";"N�o";1334376;"Caminh�o";"IVECO/VERTIS 130V19/VERTIS 130V19";2014;"Condutor";"Ileso";44;"Masculino";1;0;0;0;-23,26014744;-51,00441154;"SPRF-PR";"DEL07-PR";"UOP01-DEL07-PR"
747194;1675191;2025-12-19;"sexta-feira";"18:15:00";"PR";369;132;"IBIPORA";"N�o";"Frear bruscamente";2;"Tombamento";"Sem V�timas";"Pleno dia";"Crescente";"Sol";"Dupla";"Reta";"N�o";1334377;"Autom�vel";"VW/VOYAGE LS/VOYAGE LS";1984;"Passageiro";"Ileso";49;"Feminino";1;0;0;0;-23,26014744;-51,00441154;"SPRF-PR";"DEL07-PR";"UOP01-DEL07-PR"
747194;1675190;2025-12-19;"sexta-feira";"18:15:00";"PR";369;132;"IBIPORA";"N�o";"Frear bruscamente";2;"Tombamento";"Sem V�timas";"Pleno dia";"Crescente";"Sol";"Dupla";"Reta";"N�o";1334377;"Autom�vel";"VW/VOYAGE LS/VOYAGE LS";1984;"Condutor";"Ileso";38;"Masculino";1;0;0;0;-23,26014744;-51,00441154;"SPRF-PR";"DEL07-PR";"UOP01-DEL07-PR"
747194;1675189;2025-12-19;"sexta-feira";"18:15:00";"PR";369;132;"IBIPORA";"N�o";"Frear bruscamente";2;"Tombamento";"Sem V�timas";"Pleno dia";"Crescente";"Sol";"Dupla";"Reta";"N�o";1334376;"Caminh�o";"IVECO/VERTIS 130V19/VERTIS 130V19";2014;"Condutor";"Ileso";44;"Masculino";1;0;0;0;-23,26014744;-51,00441154;"SPRF-PR";"DEL07-PR";"UOP01-DEL07-PR"
747194;1675191;2025-12-19;"sexta-feira";"18:15:00";"PR";369;132;"IBIPORA";"N�o";"Frear bruscamente";1;"Colis�o traseira";"Sem V�timas";"Pleno dia";"Crescente";"Sol";"Dupla";"Reta";"N�o";1334377;"Autom�vel";"VW/VOYAGE LS/VOYAGE LS";1984;"Passageiro";"Ileso";49;"Feminino";1;0;0;0;-23,26014744;-51,00441154;"SPRF-PR";"DEL07-PR";"UOP01-DEL07-PR"
747194;1675190;2025-12-19;"sexta-feira";"18:15:00";"PR";369;132;"IBIPORA";"N�o";"Frear bruscamente";1;"Colis�o traseira";"Sem V�timas";"Pleno dia";"Crescente";"Sol";"Dupla";"Reta";"N�o";1334377;"Autom�vel";"VW/VOYAGE LS/VOYAGE LS";1984;"Condutor";"Ileso";38;"Masculino";1;0;0;0;-23,26014744;-51,00441154;"SPRF-PR";"DEL07-PR";"UOP01-DEL07-PR"
747194;1675189;2025-12-19;"sexta-feira";"18:15:00";"PR";369;132;"IBIPORA";"N�o";"Frear bruscamente";1;"Colis�o traseira";"Sem V�timas";"Pleno dia";"Crescente";"Sol";"Dupla";"Reta";"N�o";1334376;"Caminh�o";"IVECO/VERTIS 130V19/VERTIS 130V19";2014;"Condutor";"Ileso";44;"Masculino";1;0;0;0;-23,26014744;-51,00441154;"SPRF-PR";"DEL07-PR";"UOP01-DEL07-PR"
747206;NA;2025-12-08;"segunda-feira";"05:35:00";"BA";324;609;"SIMOES FILHO";"Sim";"Rea��o tardia ou ineficiente do condutor";1;"Tombamento";"Sem V�timas";"Pleno dia";"Decrescente";"C�u Claro";"Simples";"Curva";"N�o";1334397;"Semireboque";"SR/RANDON SRFG CG/RANDON SRFG CG";2019;NA;NA;NA;NA;NA;NA;NA;NA;-12,821325;-38,408048;"SPRF-BA";"DEL01-BA";"UOP01-DEL01-BA"
747206;1675219;2025-12-08;"segunda-feira";"05:35:00";"BA";324;609;"SIMOES FILHO";"Sim";"Rea��o tardia ou ineficiente do condutor";1;"Tombamento";"Sem V�timas";"Pleno dia";"Decrescente";"C�u Claro";"Simples";"Curva";"N�o";1334396;"Caminh�o-trator";"SCANIA/T113 H 4X2 360/T113 H 4X2 360";1997;"Condutor";"Ileso";38;"Masculino";1;0;0;0;-12,821325;-38,408048;"SPRF-BA";"DEL01-BA";"UOP01-DEL01-BA"
747249;NA;2025-06-15;"domingo";"08:40:00";"PR";376;667;"GUARATUBA";"Sim";"Problema com o freio";1;"Tombamento";"Com V�timas Fatais";"Pleno dia";"Crescente";"Chuva";"Dupla";"Curva";"N�o";1334501;"Semireboque";"SR/RECRUSUL SRFM/RECRUSUL SRFM";2010;NA;NA;NA;NA;NA;NA;NA;NA;-25,863935;-48,934555;"SPRF-PR";"DEL01-PR";"UOP04-DEL01-PR"
747249;1675352;2025-06-15;"domingo";"08:40:00";"PR";376;667;"GUARATUBA";"Sim";"Problema com o freio";1;"Tombamento";"Com V�timas Fatais";"Pleno dia";"Crescente";"Chuva";"Dupla";"Curva";"N�o";1334500;"Caminh�o-trator";"SCANIA/G 420 A6X2/G 420 A6X2";2010;"Condutor";"�bito";60;"Masculino";0;0;0;1;-25,863935;-48,934555;"SPRF-PR";"DEL01-PR";"UOP04-DEL01-PR"
747257;1675376;2025-12-13;"s�bado";"22:04:00";"PE";104;26,3;"TAQUARITINGA DO NORTE";"Sim";"Transitar na contram�o";3;"Inc�ndio";"Com V�timas Feridas";"Plena Noite";"Crescente";"C�u Claro";"Dupla";"Reta;Declive";"N�o";1334514;"Motocicleta";"HONDA/CG 125 FAN/CG 125 FAN";0;"Passageiro";"Les�es Graves";NA;"Feminino";0;0;1;0;-7,99722;-36,0936;"SPRF-PE";"DEL02-PE";"UOP01-DEL02-PE"
747257;1675375;2025-12-13;"s�bado";"22:04:00";"PE";104;26,3;"TAQUARITINGA DO NORTE";"Sim";"Transitar na contram�o";3;"Inc�ndio";"Com V�timas Feridas";"Plena Noite";"Crescente";"C�u Claro";"Dupla";"Reta;Declive";"N�o";1334514;"Motocicleta";"HONDA/CG 125 FAN/CG 125 FAN";0;"Passageiro";"Les�es Graves";NA;"Feminino";0;0;1;0;-7,99722;-36,0936;"SPRF-PE";"DEL02-PE";"UOP01-DEL02-PE"
747257;1675374;2025-12-13;"s�bado";"22:04:00";"PE";104;26,3;"TAQUARITINGA DO NORTE";"Sim";"Transitar na contram�o";3;"Inc�ndio";"Com V�timas Feridas";"Plena Noite";"Crescente";"C�u Claro";"Dupla";"Reta;Declive";"N�o";1334514;"Motocicleta";"HONDA/CG 125 FAN/CG 125 FAN";0;"Condutor";"Les�es Graves";31;"Masculino";0;0;1;0;-7,99722;-36,0936;"SPRF-PE";"DEL02-PE";"UOP01-DEL02-PE"
747257;1675373;2025-12-13;"s�bado";"22:04:00";"PE";104;26,3;"TAQUARITINGA DO NORTE";"Sim";"Transitar na contram�o";3;"Inc�ndio";"Com V�timas Feridas";"Plena Noite";"Crescente";"C�u Claro";"Dupla";"Reta;Declive";"N�o";1334513;"Autom�vel";"FIAT/PUNTO ATTRACTIVE/PUNTO ATTRACTIVE";2012;"Condutor";"Ileso";37;"Masculino";1;0;0;0;-7,99722;-36,0936;"SPRF-PE";"DEL02-PE";"UOP01-DEL02-PE"
747257;1675376;2025-12-13;"s�bado";"22:04:00";"PE";104;26,3;"TAQUARITINGA DO NORTE";"Sim";"Transitar na contram�o";2;"Colis�o com objeto";"Com V�timas Feridas";"Plena Noite";"Crescente";"C�u Claro";"Dupla";"Reta;Declive";"N�o";1334514;"Motocicleta";"HONDA/CG 125 FAN/CG 125 FAN";0;"Passageiro";"Les�es Graves";NA;"Feminino";0;0;1;0;-7,99722;-36,0936;"SPRF-PE";"DEL02-PE";"UOP01-DEL02-PE"
747257;1675375;2025-12-13;"s�bado";"22:04:00";"PE";104;26,3;"TAQUARITINGA DO NORTE";"Sim";"Transitar na contram�o";2;"Colis�o com objeto";"Com V�timas Feridas";"Plena Noite";"Crescente";"C�u Claro";"Dupla";"Reta;Declive";"N�o";1334514;"Motocicleta";"HONDA/CG 125 FAN/CG 125 FAN";0;"Passageiro";"Les�es Graves";NA;"Feminino";0;0;1;0;-7,99722;-36,0936;"SPRF-PE";"DEL02-PE";"UOP01-DEL02-PE"
747257;1675374;2025-12-13;"s�bado";"22:04:00";"PE";104;26,3;"TAQUARITINGA DO NORTE";"Sim";"Transitar na contram�o";2;"Colis�o com objeto";"Com V�timas Feridas";"Plena Noite";"Crescente";"C�u Claro";"Dupla";"Reta;Declive";"N�o";1334514;"Motocicleta";"HONDA/CG 125 FAN/CG 125 FAN";0;"Condutor";"Les�es Graves";31;"Masculino";0;0;1;0;-7,99722;-36,0936;"SPRF-PE";"DEL02-PE";"UOP01-DEL02-PE"
747257;1675373;2025-12-13;"s�bado";"22:04:00";"PE";104;26,3;"TAQUARITINGA DO NORTE";"Sim";"Transitar na contram�o";2;"Colis�o com objeto";"Com V�timas Feridas";"Plena Noite";"Crescente";"C�u Claro";"Dupla";"Reta;Declive";"N�o";1334513;"Autom�vel";"FIAT/PUNTO ATTRACTIVE/PUNTO ATTRACTIVE";2012;"Condutor";"Ileso";37;"Masculino";1;0;0;0;-7,99722;-36,0936;"SPRF-PE";"DEL02-PE";"UOP01-DEL02-PE"
747257;1675376;2025-12-13;"s�bado";"22:04:00";"PE";104;26,3;"TAQUARITINGA DO NORTE";"Sim";"Transitar na contram�o";1;"Colis�o frontal";"Com V�timas Feridas";"Plena Noite";"Crescente";"C�u Claro";"Dupla";"Reta;Declive";"N�o";1334514;"Motocicleta";"HONDA/CG 125 FAN/CG 125 FAN";0;"Passageiro";"Les�es Graves";NA;"Feminino";0;0;1;0;-7,99722;-36,0936;"SPRF-PE";"DEL02-PE";"UOP01-DEL02-PE"
747257;1675375;2025-12-13;"s�bado";"22:04:00";"PE";104;26,3;"TAQUARITINGA DO NORTE";"Sim";"Transitar na contram�o";1;"Colis�o frontal";"Com V�timas Feridas";"Plena Noite";"Crescente";"C�u Claro";"Dupla";"Reta;Declive";"N�o";1334514;"Motocicleta";"HONDA/CG 125 FAN/CG 125 FAN";0;"Passageiro";"Les�es Graves";NA;"Feminino";0;0;1;0;-7,99722;-36,0936;"SPRF-PE";"DEL02-PE";"UOP01-DEL02-PE"
747257;1675374;2025-12-13;"s�bado";"22:04:00";"PE";104;26,3;"TAQUARITINGA DO NORTE";"Sim";"Transitar na contram�o";1;"Colis�o frontal";"Com V�timas Feridas";"Plena Noite";"Crescente";"C�u Claro";"Dupla";"Reta;Declive";"N�o";1334514;"Motocicleta";"HONDA/CG 125 FAN/CG 125 FAN";0;"Condutor";"Les�es Graves";31;"Masculino";0;0;1;0;-7,99722;-36,0936;"SPRF-PE";"DEL02-PE";"UOP01-DEL02-PE"
747257;1675373;2025-12-13;"s�bado";"22:04:00";"PE";104;26,3;"TAQUARITINGA DO NORTE";"Sim";"Transitar na contram�o";1;"Colis�o frontal";"Com V�timas Feridas";"Plena Noite";"Crescente";"C�u Claro";"Dupla";"Reta;Declive";"N�o";1334513;"Autom�vel";"FIAT/PUNTO ATTRACTIVE/PUNTO ATTRACTIVE";2012;"Condutor";"Ileso";37;"Masculino";1;0;0;0;-7,99722;-36,0936;"SPRF-PE";"DEL02-PE";"UOP01-DEL02-PE"
747277;1675414;2025-12-30;"ter�a-feira";"23:00:00";"PR";369;486,1;"CORBELIA";"N�o";"Ilumina��o deficiente";2;"Capotamento";"Com V�timas Feridas";"Plena Noite";"Decrescente";"C�u Claro";"Simples";"Reta";"Sim";1334539;"Caminh�o";"M.BENZ/ATEGO 2426 CE/ATEGO 2426 CE";2021;"Condutor";"Ileso";44;"Masculino";1;0;0;0;-24,80931857;-53,29366041;"SPRF-PR";"DEL04-PR";"UOP03-DEL04-PR"
747277;1675413;2025-12-30;"ter�a-feira";"23:00:00";"PR";369;486,1;"CORBELIA";"N�o";"Ilumina��o deficiente";2;"Capotamento";"Com V�timas Feridas";"Plena Noite";"Decrescente";"C�u Claro";"Simples";"Reta";"Sim";1334538;"Autom�vel";"VW/VOYAGE GL/VOYAGE GL";1990;"Condutor";"Les�es Leves";48;"Masculino";0;1;0;0;-24,80931857;-53,29366041;"SPRF-PR";"DEL04-PR";"UOP03-DEL04-PR"
747277;1675414;2025-12-30;"ter�a-feira";"23:00:00";"PR";369;486,1;"CORBELIA";"N�o";"Ilumina��o deficiente";1;"Colis�o com objeto";"Com V�timas Feridas";"Plena Noite";"Decrescente";"C�u Claro";"Simples";"Reta";"Sim";1334539;"Caminh�o";"M.BENZ/ATEGO 2426 CE/ATEGO 2426 CE";2021;"Condutor";"Ileso";44;"Masculino";1;0;0;0;-24,80931857;-53,29366041;"SPRF-PR";"DEL04-PR";"UOP03-DEL04-PR"
747277;1675413;2025-12-30;"ter�a-feira";"23:00:00";"PR";369;486,1;"CORBELIA";"N�o";"Ilumina��o deficiente";1;"Colis�o com objeto";"Com V�timas Feridas";"Plena Noite";"Decrescente";"C�u Claro";"Simples";"Reta";"Sim";1334538;"Autom�vel";"VW/VOYAGE GL/VOYAGE GL";1990;"Condutor";"Les�es Leves";48;"Masculino";0;1;0;0;-24,80931857;-53,29366041;"SPRF-PR";"DEL04-PR";"UOP03-DEL04-PR"
747277;1675414;2025-12-30;"ter�a-feira";"23:00:00";"PR";369;486,1;"CORBELIA";"Sim";"Aus�ncia de rea��o do condutor";2;"Capotamento";"Com V�timas Feridas";"Plena Noite";"Decrescente";"C�u Claro";"Simples";"Reta";"Sim";1334539;"Caminh�o";"M.BENZ/ATEGO 2426 CE/ATEGO 2426 CE";2021;"Condutor";"Ileso";44;"Masculino";1;0;0;0;-24,80931857;-53,29366041;"SPRF-PR";"DEL04-PR";"UOP03-DEL04-PR"
747277;1675413;2025-12-30;"ter�a-feira";"23:00:00";"PR";369;486,1;"CORBELIA";"Sim";"Aus�ncia de rea��o do condutor";2;"Capotamento";"Com V�timas Feridas";"Plena Noite";"Decrescente";"C�u Claro";"Simples";"Reta";"Sim";1334538;"Autom�vel";"VW/VOYAGE GL/VOYAGE GL";1990;"Condutor";"Les�es Leves";48;"Masculino";0;1;0;0;-24,80931857;-53,29366041;"SPRF-PR";"DEL04-PR";"UOP03-DEL04-PR"
747277;1675414;2025-12-30;"ter�a-feira";"23:00:00";"PR";369;486,1;"CORBELIA";"Sim";"Aus�ncia de rea��o do condutor";1;"Colis�o com objeto";"Com V�timas Feridas";"Plena Noite";"Decrescente";"C�u Claro";"Simples";"Reta";"Sim";1334539;"Caminh�o";"M.BENZ/ATEGO 2426 CE/ATEGO 2426 CE";2021;"Condutor";"Ileso";44;"Masculino";1;0;0;0;-24,80931857;-53,29366041;"SPRF-PR";"DEL04-PR";"UOP03-DEL04-PR"