"id";"pesid";"data_inversa";"dia_semana";"horario";"uf";"br";"km";"municipio";"causa_principal";"causa_acidente";"ordem_tipo_acidente";"tipo_acidente";"classificacao_acidente";"fase_dia";"sentido_via";"condicao_metereologica";"tipo_pista";"tracado_via";"uso_solo";"id_veiculo";"tipo_veiculo";"marca";"ano_fabricacao_veiculo";"tipo_envolvido";"estado_fisico";"idade";"sexo";"ilesos";"feridos_leves";"feridos_graves";"mortos";"latitude";"longitude";"regional";"delegacia";"uop"
747277;1675413;2025-12-30;"ter�a-feira";"23:00:00";"PR";369;486,1;"CORBELIA";"Sim";"Aus�ncia de rea��o do condutor";1;"Colis�o com objeto";"Com V�timas Feridas";"Plena Noite";"Decrescente";"C�u Claro";"Simples";"Reta";"Sim";1334538;"Autom�vel";"VW/VOYAGE GL/VOYAGE GL";1990;"Condutor";"Les�es Leves";48;"Masculino";0;1;0;0;-24,80931857;-53,29366041;"SPRF-PR";"DEL04-PR";"UOP03-DEL04-PR"
747298;1675518;2025-12-05;"sexta-feira";"17:30:00";"SC";101;151;"ITAPEMA";"Sim";"Rea��o tardia ou ineficiente do condutor";1;"Tombamento";"Com V�timas Feridas";"Pleno dia";"Decrescente";"Ignorado";"M�ltipla";"Reta";"Sim";1334577;"Motocicleta";"SHINERAY/XY150-8/XY150-8";2025;"Condutor";"Les�es Graves";NA;"Masculino";0;0;1;0;-27,126536;-48,609642;"SPRF-SC";"DEL04-SC";"UOP03-DEL04-SC"
747308;1675474;2025-12-26;"sexta-feira";"17:25:00";"MS";262;604;"MIRANDA";"Sim";"Acessar a via sem observar a presen�a dos outros ve�culos";2;"Inc�ndio";"Com V�timas Feridas";"Pleno dia";"Decrescente";"C�u Claro";"Simples";"Interse��o de Vias;Reta;Rotat�ria";"N�o";1334588;"Motocicleta";"DUCATI/STREETFIGHTERV4 S/STREETFIGHTERV4 S";0;"Condutor";"Les�es Graves";30;"Masculino";0;0;1;0;-20,07640336;-56,76089142;"SPRF-MS";"DEL03-MS";"UOP02-DEL03-MS"
747308;1675473;2025-12-26;"sexta-feira";"17:25:00";"MS";262;604;"MIRANDA";"Sim";"Acessar a via sem observar a presen�a dos outros ve�culos";2;"Inc�ndio";"Com V�timas Feridas";"Pleno dia";"Decrescente";"C�u Claro";"Simples";"Interse��o de Vias;Reta;Rotat�ria";"N�o";1334587;"Caminh�o";"VW/8.120 EURO3/8.120 EURO3";2010;"Condutor";"Ileso";57;"Masculino";1;0;0;0;-20,07640336;-56,76089142;"SPRF-MS";"DEL03-MS";"UOP02-DEL03-MS"
747308;1675474;2025-12-26;"sexta-feira";"17:25:00";"MS";262;604;"MIRANDA";"Sim";"Acessar a via sem observar a presen�a dos outros ve�culos";1;"Colis�o transversal";"Com V�timas Feridas";"Pleno dia";"Decrescente";"C�u Claro";"Simples";"Interse��o de Vias;Reta;Rotat�ria";"N�o";1334588;"Motocicleta";"DUCATI/STREETFIGHTERV4 S/STREETFIGHTERV4 S";0;"Condutor";"Les�es Graves";30;"Masculino";0;0;1;0;-20,07640336;-56,76089142;"SPRF-MS";"DEL03-MS";"UOP02-DEL03-MS"
747308;1675473;2025-12-26;"sexta-feira";"17:25:00";"MS";262;604;"MIRANDA";"Sim";"Acessar a via sem observar a presen�a dos outros ve�culos";1;"Colis�o transversal";"Com V�timas Feridas";"Pleno dia";"Decrescente";"C�u Claro";"Simples";"Interse��o de Vias;Reta;Rotat�ria";"N�o";1334587;"Caminh�o";"VW/8.120 EURO3/8.120 EURO3";2010;"Condutor";"Ileso";57;"Masculino";1;0;0;0;-20,07640336;-56,76089142;"SPRF-MS";"DEL03-MS";"UOP02-DEL03-MS"
747315;1675477;2025-06-29;"domingo";"04:10:00";"PI";343;2,3;"TERESINA";"Sim";"Condutor deixou de manter dist�ncia do ve�culo da frente";3;"Queda de ocupante de ve�culo";"Com V�timas Feridas";"Plena Noite";"Decrescente";"C�u Claro";"Dupla";"Reta";"Sim";1334592;"Motocicleta";"YAMAHA/FZ15 FAZER ABS/FZ15 FAZER ABS";2022;"Condutor";"Les�es Leves";35;"Masculino";0;1;0;0;-5,08168664;-42,7726078;"SPRF-PI";"DEL01-PI";"UOP01-DEL01-PI"
747315;1675476;2025-06-29;"domingo";"04:10:00";"PI";343;2,3;"TERESINA";"Sim";"Condutor deixou de manter dist�ncia do ve�culo da frente";3;"Queda de ocupante de ve�culo";"Com V�timas Feridas";"Plena Noite";"Decrescente";"C�u Claro";"Dupla";"Reta";"Sim";1334591;"Autom�vel";"HONDA/CIVIC EXL CVT/CIVIC EXL CVT";2020;"Condutor";"Ileso";26;"Masculino";1;0;0;0;-5,08168664;-42,7726078;"SPRF-PI";"DEL01-PI";"UOP01-DEL01-PI"
747315;1675477;2025-06-29;"domingo";"04:10:00";"PI";343;2,3;"TERESINA";"Sim";"Condutor deixou de manter dist�ncia do ve�culo da frente";2;"Tombamento";"Com V�timas Feridas";"Plena Noite";"Decrescente";"C�u Claro";"Dupla";"Reta";"Sim";1334592;"Motocicleta";"YAMAHA/FZ15 FAZER ABS/FZ15 FAZER ABS";2022;"Condutor";"Les�es Leves";35;"Masculino";0;1;0;0;-5,08168664;-42,7726078;"SPRF-PI";"DEL01-PI";"UOP01-DEL01-PI"
747315;1675476;2025-06-29;"domingo";"04:10:00";"PI";343;2,3;"TERESINA";"Sim";"Condutor deixou de manter dist�ncia do ve�culo da frente";2;"Tombamento";"Com V�timas Feridas";"Plena Noite";"Decrescente";"C�u Claro";"Dupla";"Reta";"Sim";1334591;"Autom�vel";"HONDA/CIVIC EXL CVT/CIVIC EXL CVT";2020;"Condutor";"Ileso";26;"Masculino";1;0;0;0;-5,08168664;-42,7726078;"SPRF-PI";"DEL01-PI";"UOP01-DEL01-PI"
747315;1675477;2025-06-29;"domingo";"04:10:00";"PI";343;2,3;"TERESINA";"Sim";"Condutor deixou de manter dist�ncia do ve�culo da frente";1;"Colis�o traseira";"Com V�timas Feridas";"Plena Noite";"Decrescente";"C�u Claro";"Dupla";"Reta";"Sim";1334592;"Motocicleta";"YAMAHA/FZ15 FAZER ABS/FZ15 FAZER ABS";2022;"Condutor";"Les�es Leves";35;"Masculino";0;1;0;0;-5,08168664;-42,7726078;"SPRF-PI";"DEL01-PI";"UOP01-DEL01-PI"
747315;1675476;2025-06-29;"domingo";"04:10:00";"PI";343;2,3;"TERESINA";"Sim";"Condutor deixou de manter dist�ncia do ve�culo da frente";1;"Colis�o traseira";"Com V�timas Feridas";"Plena Noite";"Decrescente";"C�u Claro";"Dupla";"Reta";"Sim";1334591;"Autom�vel";"HONDA/CIVIC EXL CVT/CIVIC EXL CVT";2020;"Condutor";"Ileso";26;"Masculino";1;0;0;0;-5,08168664;-42,7726078;"SPRF-PI";"DEL01-PI";"UOP01-DEL01-PI"
747315;1675477;2025-06-29;"domingo";"04:10:00";"PI";343;2,3;"TERESINA";"N�o";"Aus�ncia de rea��o do condutor";3;"Queda de ocupante de ve�culo";"Com V�timas Feridas";"Plena Noite";"Decrescente";"C�u Claro";"Dupla";"Reta";"Sim";1334592;"Motocicleta";"YAMAHA/FZ15 FAZER ABS/FZ15 FAZER ABS";2022;"Condutor";"Les�es Leves";35;"Masculino";0;1;0;0;-5,08168664;-42,7726078;"SPRF-PI";"DEL01-PI";"UOP01-DEL01-PI"
747315;1675476;2025-06-29;"domingo";"04:10:00";"PI";343;2,3;"TERESINA";"N�o";"Aus�ncia de rea��o do condutor";3;"Queda de ocupante de ve�culo";"Com V�timas Feridas";"Plena Noite";"Decrescente";"C�u Claro";"Dupla";"Reta";"Sim";1334591;"Autom�vel";"HONDA/CIVIC EXL CVT/CIVIC EXL CVT";2020;"Condutor";"Ileso";26;"Masculino";1;0;0;0;-5,08168664;-42,7726078;"SPRF-PI";"DEL01-PI";"UOP01-DEL01-PI"
747315;1675477;2025-06-29;"domingo";"04:10:00";"PI";343;2,3;"TERESINA";"N�o";"Aus�ncia de rea��o do condutor";2;"Tombamento";"Com V�timas Feridas";"Plena Noite";"Decrescente";"C�u Claro";"Dupla";"Reta";"Sim";1334592;"Motocicleta";"YAMAHA/FZ15 FAZER ABS/FZ15 FAZER ABS";2022;"Condutor";"Les�es Leves";35;"Masculino";0;1;0;0;-5,08168664;-42,7726078;"SPRF-PI";"DEL01-PI";"UOP01-DEL01-PI"
747315;1675476;2025-06-29;"domingo";"04:10:00";"PI";343;2,3;"TERESINA";"N�o";"Aus�ncia de rea��o do condutor";2;"Tombamento";"Com V�timas Feridas";"Plena Noite";"Decrescente";"C�u Claro";"Dupla";"Reta";"Sim";1334591;"Autom�vel";"HONDA/CIVIC EXL CVT/CIVIC EXL CVT";2020;"Condutor";"Ileso";26;"Masculino";1;0;0;0;-5,08168664;-42,7726078;"SPRF-PI";"DEL01-PI";"UOP01-DEL01-PI"
747315;1675477;2025-06-29;"domingo";"04:10:00";"PI";343;2,3;"TERESINA";"N�o";"Aus�ncia de rea��o do condutor";1;"Colis�o traseira";"Com V�timas Feridas";"Plena Noite";"Decrescente";"C�u Claro";"Dupla";"Reta";"Sim";1334592;"Motocicleta";"YAMAHA/FZ15 FAZER ABS/FZ15 FAZER ABS";2022;"Condutor";"Les�es Leves";35;"Masculino";0;1;0;0;-5,08168664;-42,7726078;"SPRF-PI";"DEL01-PI";"UOP01-DEL01-PI"
747315;1675476;2025-06-29;"domingo";"04:10:00";"PI";343;2,3;"TERESINA";"N�o";"Aus�ncia de rea��o do condutor";1;"Colis�o traseira";"Com V�timas Feridas";"Plena Noite";"Decrescente";"C�u Claro";"Dupla";"Reta";"Sim";1334591;"Autom�vel";"HONDA/CIVIC EXL CVT/CIVIC EXL CVT";2020;"Condutor";"Ileso";26;"Masculino";1;0;0;0;-5,08168664;-42,7726078;"SPRF-PI";"DEL01-PI";"UOP01-DEL01-PI"
747317;1675484;2025-07-16;"quarta-feira";"18:40:00";"PI";343;1,9;"TERESINA";"Sim";"Aus�ncia de rea��o do condutor";4;"Colis�o transversal";"Com V�timas Feridas";"Plena Noite";"Decrescente";"C�u Claro";"Dupla";"Reta;Retorno Regulamentado";"Sim";1334606;"Utilit�rio";"I/MMC OUTLANDER 2.0/MMC OUTLANDER 2.0";2013;"Condutor";"Ileso";45;"Masculino";1;0;0;0;-5,081578;-42,767142;"SPRF-PI";"DEL01-PI";"UOP01-DEL01-PI"
747317;1675483;2025-07-16;"quarta-feira";"18:40:00";"PI";343;1,9;"TERESINA";"Sim";"Aus�ncia de rea��o do condutor";4;"Colis�o transversal";"Com V�timas Feridas";"Plena Noite";"Decrescente";"C�u Claro";"Dupla";"Reta;Retorno Regulamentado";"Sim";1334605;"Autom�vel";"HYUNDAI/HB20 10M LIMITED/HB20 10M LIMITED";2024;"Condutor";"Ileso";41;"Masculino";1;0;0;0;-5,081578;-42,767142;"SPRF-PI";"DEL01-PI";"UOP01-DEL01-PI"
747317;1675485;2025-07-16;"quarta-feira";"18:40:00";"PI";343;1,9;"TERESINA";"Sim";"Aus�ncia de rea��o do condutor";4;"Colis�o transversal";"Com V�timas Feridas";"Plena Noite";"Decrescente";"C�u Claro";"Dupla";"Reta;Retorno Regulamentado";"Sim";1334604;"Motocicleta";"HONDA/CG 125 FAN KS/CG 125 FAN KS";2010;"Passageiro";"Les�es Graves";21;"Feminino";0;0;1;0;-5,081578;-42,767142;"SPRF-PI";"DEL01-PI";"UOP01-DEL01-PI"
747317;1675482;2025-07-16;"quarta-feira";"18:40:00";"PI";343;1,9;"TERESINA";"Sim";"Aus�ncia de rea��o do condutor";4;"Colis�o transversal";"Com V�timas Feridas";"Plena Noite";"Decrescente";"C�u Claro";"Dupla";"Reta;Retorno Regulamentado";"Sim";1334604;"Motocicleta";"HONDA/CG 125 FAN KS/CG 125 FAN KS";2010;"Condutor";"Les�es Graves";20;"Masculino";0;0;1;0;-5,081578;-42,767142;"SPRF-PI";"DEL01-PI";"UOP01-DEL01-PI"
747317;1675484;2025-07-16;"quarta-feira";"18:40:00";"PI";343;1,9;"TERESINA";"Sim";"Aus�ncia de rea��o do condutor";3;"Queda de ocupante de ve�culo";"Com V�timas Feridas";"Plena Noite";"Decrescente";"C�u Claro";"Dupla";"Reta;Retorno Regulamentado";"Sim";1334606;"Utilit�rio";"I/MMC OUTLANDER 2.0/MMC OUTLANDER 2.0";2013;"Condutor";"Ileso";45;"Masculino";1;0;0;0;-5,081578;-42,767142;"SPRF-PI";"DEL01-PI";"UOP01-DEL01-PI"
747317;1675483;2025-07-16;"quarta-feira";"18:40:00";"PI";343;1,9;"TERESINA";"Sim";"Aus�ncia de rea��o do condutor";3;"Queda de ocupante de ve�culo";"Com V�timas Feridas";"Plena Noite";"Decrescente";"C�u Claro";"Dupla";"Reta;Retorno Regulamentado";"Sim";1334605;"Autom�vel";"HYUNDAI/HB20 10M LIMITED/HB20 10M LIMITED";2024;"Condutor";"Ileso";41;"Masculino";1;0;0;0;-5,081578;-42,767142;"SPRF-PI";"DEL01-PI";"UOP01-DEL01-PI"
747317;1675485;2025-07-16;"quarta-feira";"18:40:00";"PI";343;1,9;"TERESINA";"Sim";"Aus�ncia de rea��o do condutor";3;"Queda de ocupante de ve�culo";"Com V�timas Feridas";"Plena Noite";"Decrescente";"C�u Claro";"Dupla";"Reta;Retorno Regulamentado";"Sim";1334604;"Motocicleta";"HONDA/CG 125 FAN KS/CG 125 FAN KS";2010;"Passageiro";"Les�es Graves";21;"Feminino";0;0;1;0;-5,081578;-42,767142;"SPRF-PI";"DEL01-PI";"UOP01-DEL01-PI"
747317;1675482;2025-07-16;"quarta-feira";"18:40:00";"PI";343;1,9;"TERESINA";"Sim";"Aus�ncia de rea��o do condutor";3;"Queda de ocupante de ve�culo";"Com V�timas Feridas";"Plena Noite";"Decrescente";"C�u Claro";"Dupla";"Reta;Retorno Regulamentado";"Sim";1334604;"Motocicleta";"HONDA/CG 125 FAN KS/CG 125 FAN KS";2010;"Condutor";"Les�es Graves";20;"Masculino";0;0;1;0;-5,081578;-42,767142;"SPRF-PI";"DEL01-PI";"UOP01-DEL01-PI"
747317;1675484;2025-07-16;"quarta-feira";"18:40:00";"PI";343;1,9;"TERESINA";"Sim";"Aus�ncia de rea��o do condutor";2;"Tombamento";"Com V�timas Feridas";"Plena Noite";"Decrescente";"C�u Claro";"Dupla";"Reta;Retorno Regulamentado";"Sim";1334606;"Utilit�rio";"I/MMC OUTLANDER 2.0/MMC OUTLANDER 2.0";2013;"Condutor";"Ileso";45;"Masculino";1;0;0;0;-5,081578;-42,767142;"SPRF-PI";"DEL01-PI";"UOP01-DEL01-PI"
747317;1675483;2025-07-16;"quarta-feira";"18:40:00";"PI";343;1,9;"TERESINA";"Sim";"Aus�ncia de rea��o do condutor";2;"Tombamento";"Com V�timas Feridas";"Plena Noite";"Decrescente";"C�u Claro";"Dupla";"Reta;Retorno Regulamentado";"Sim";1334605;"Autom�vel";"HYUNDAI/HB20 10M LIMITED/HB20 10M LIMITED";2024;"Condutor";"Ileso";41;"Masculino";1;0;0;0;-5,081578;-42,767142;"SPRF-PI";"DEL01-PI";"UOP01-DEL01-PI"
747317;1675485;2025-07-16;"quarta-feira";"18:40:00";"PI";343;1,9;"TERESINA";"Sim";"Aus�ncia de rea��o do condutor";2;"Tombamento";"Com V�timas Feridas";"Plena Noite";"Decrescente";"C�u Claro";"Dupla";"Reta;Retorno Regulamentado";"Sim";1334604;"Motocicleta";"HONDA/CG 125 FAN KS/CG 125 FAN KS";2010;"Passageiro";"Les�es Graves";21;"Feminino";0;0;1;0;-5,081578;-42,767142;"SPRF-PI";"DEL01-PI";"UOP01-DEL01-PI"
747317;1675482;2025-07-16;"quarta-feira";"18:40:00";"PI";343;1,9;"TERESINA";"Sim";"Aus�ncia de rea��o do condutor";2;"Tombamento";"Com V�timas Feridas";"Plena Noite";"Decrescente";"C�u Claro";"Dupla";"Reta;Retorno Regulamentado";"Sim";1334604;"Motocicleta";"HONDA/CG 125 FAN KS/CG 125 FAN KS";2010;"Condutor";"Les�es Graves";20;"Masculino";0;0;1;0;-5,081578;-42,767142;"SPRF-PI";"DEL01-PI";"UOP01-DEL01-PI"
747317;1675484;2025-07-16;"quarta-feira";"18:40:00";"PI";343;1,9;"TERESINA";"Sim";"Aus�ncia de rea��o do condutor";1;"Colis�o traseira";"Com V�timas Feridas";"Plena Noite";"Decrescente";"C�u Claro";"Dupla";"Reta;Retorno Regulamentado";"Sim";1334606;"Utilit�rio";"I/MMC OUTLANDER 2.0/MMC OUTLANDER 2.0";2013;"Condutor";"Ileso";45;"Masculino";1;0;0;0;-5,081578;-42,767142;"SPRF-PI";"DEL01-PI";"UOP01-DEL01-PI"
747317;1675483;2025-07-16;"quarta-feira";"18:40:00";"PI";343;1,9;"TERESINA";"Sim";"Aus�ncia de rea��o do condutor";1;"Colis�o traseira";"Com V�timas Feridas";"Plena Noite";"Decrescente";"C�u Claro";"Dupla";"Reta;Retorno Regulamentado";"Sim";1334605;"Autom�vel";"HYUNDAI/HB20 10M LIMITED/HB20 10M LIMITED";2024;"Condutor";"Ileso";41;"Masculino";1;0;0;0;-5,081578;-42,767142;"SPRF-PI";"DEL01-PI";"UOP01-DEL01-PI"
747317;1675485;2025-07-16;"quarta-feira";"18:40:00";"PI";343;1,9;"TERESINA";"Sim";"Aus�ncia de rea��o do condutor";1;"Colis�o traseira";"Com V�timas Feridas";"Plena Noite";"Decrescente";"C�u Claro";"Dupla";"Reta;Retorno Regulamentado";"Sim";1334604;"Motocicleta";"HONDA/CG 125 FAN KS/CG 125 FAN KS";2010;"Passageiro";"Les�es Graves";21;"Feminino";0;0;1;0;-5,081578;-42,767142;"SPRF-PI";"DEL01-PI";"UOP01-DEL01-PI"
747317;1675482;2025-07-16;"quarta-feira";"18:40:00";"PI";343;1,9;"TERESINA";"Sim";"Aus�ncia de rea��o do condutor";1;"Colis�o traseira";"Com V�timas Feridas";"Plena Noite";"Decrescente";"C�u Claro";"Dupla";"Reta;Retorno Regulamentado";"Sim";1334604;"Motocicleta";"HONDA/CG 125 FAN KS/CG 125 FAN KS";2010;"Condutor";"Les�es Graves";20;"Masculino";0;0;1;0;-5,081578;-42,767142;"SPRF-PI";"DEL01-PI";"UOP01-DEL01-PI"
747318;1675499;2025-12-11;"quinta-feira";"18:20:00";"PR";369;99;"CORNELIO PROCOPIO";"Sim";"Suic�dio (presumido)";3;"Tombamento";"Com V�timas Feridas";"Pleno dia";"Crescente";"C�u Claro";"Dupla";"Declive;Reta";"N�o";1334614;"Motocicleta";"HONDA/CG 160 TITAN/CG 160 TITAN";2025;"Condutor";"Les�es Graves";55;"Masculino";0;0;1;0;-23,24205589;-50,70739746;"SPRF-PR";"DEL07-PR";"UOP05-DEL07-PR"
747318;1675498;2025-12-11;"quinta-feira";"18:20:00";"PR";369;99;"CORNELIO PROCOPIO";"Sim";"Suic�dio (presumido)";3;"Tombamento";"Com V�timas Feridas";"Pleno dia";"Crescente";"C�u Claro";"Dupla";"Declive;Reta";"N�o";1334613;"Caminhonete";"I/FIAT TITANO RANCH/FIAT TITANO RANCH";2025;"Passageiro";"Ileso";66;"Feminino";1;0;0;0;-23,24205589;-50,70739746;"SPRF-PR";"DEL07-PR";"UOP05-DEL07-PR"
747318;1675497;2025-12-11;"quinta-feira";"18:20:00";"PR";369;99;"CORNELIO PROCOPIO";"Sim";"Suic�dio (presumido)";3;"Tombamento";"Com V�timas Feridas";"Pleno dia";"Crescente";"C�u Claro";"Dupla";"Declive;Reta";"N�o";1334613;"Caminhonete";"I/FIAT TITANO RANCH/FIAT TITANO RANCH";2025;"Condutor";"Ileso";78;"Masculino";1;0;0;0;-23,24205589;-50,70739746;"SPRF-PR";"DEL07-PR";"UOP05-DEL07-PR"
747318;1675499;2025-12-11;"quinta-feira";"18:20:00";"PR";369;99;"CORNELIO PROCOPIO";"Sim";"Suic�dio (presumido)";2;"Queda de ocupante de ve�culo";"Com V�timas Feridas";"Pleno dia";"Crescente";"C�u Claro";"Dupla";"Declive;Reta";"N�o";1334614;"Motocicleta";"HONDA/CG 160 TITAN/CG 160 TITAN";2025;"Condutor";"Les�es Graves";55;"Masculino";0;0;1;0;-23,24205589;-50,70739746;"SPRF-PR";"DEL07-PR";"UOP05-DEL07-PR"
747318;1675498;2025-12-11;"quinta-feira";"18:20:00";"PR";369;99;"CORNELIO PROCOPIO";"Sim";"Suic�dio (presumido)";2;"Queda de ocupante de ve�culo";"Com V�timas Feridas";"Pleno dia";"Crescente";"C�u Claro";"Dupla";"Declive;Reta";"N�o";1334613;"Caminhonete";"I/FIAT TITANO RANCH/FIAT TITANO RANCH";2025;"Passageiro";"Ileso";66;"Feminino";1;0;0;0;-23,24205589;-50,70739746;"SPRF-PR";"DEL07-PR";"UOP05-DEL07-PR"
747318;1675497;2025-12-11;"quinta-feira";"18:20:00";"PR";369;99;"CORNELIO PROCOPIO";"Sim";"Suic�dio (presumido)";2;"Queda de ocupante de ve�culo";"Com V�timas Feridas";"Pleno dia";"Crescente";"C�u Claro";"Dupla";"Declive;Reta";"N�o";1334613;"Caminhonete";"I/FIAT TITANO RANCH/FIAT TITANO RANCH";2025;"Condutor";"Ileso";78;"Masculino";1;0;0;0;-23,24205589;-50,70739746;"SPRF-PR";"DEL07-PR";"UOP05-DEL07-PR"
747318;1675499;2025-12-11;"quinta-feira";"18:20:00";"PR";369;99;"CORNELIO PROCOPIO";"Sim";"Suic�dio (presumido)";1;"Colis�o frontal";"Com V�timas Feridas";"Pleno dia";"Crescente";"C�u Claro";"Dupla";"Declive;Reta";"N�o";1334614;"Motocicleta";"HONDA/CG 160 TITAN/CG 160 TITAN";2025;"Condutor";"Les�es Graves";55;"Masculino";0;0;1;0;-23,24205589;-50,70739746;"SPRF-PR";"DEL07-PR";"UOP05-DEL07-PR"
747318;1675498;2025-12-11;"quinta-feira";"18:20:00";"PR";369;99;"CORNELIO PROCOPIO";"Sim";"Suic�dio (presumido)";1;"Colis�o frontal";"Com V�timas Feridas";"Pleno dia";"Crescente";"C�u Claro";"Dupla";"Declive;Reta";"N�o";1334613;"Caminhonete";"I/FIAT TITANO RANCH/FIAT TITANO RANCH";2025;"Passageiro";"Ileso";66;"Feminino";1;0;0;0;-23,24205589;-50,70739746;"SPRF-PR";"DEL07-PR";"UOP05-DEL07-PR"
747318;1675497;2025-12-11;"quinta-feira";"18:20:00";"PR";369;99;"CORNELIO PROCOPIO";"Sim";"Suic�dio (presumido)";1;"Colis�o frontal";"Com V�timas Feridas";"Pleno dia";"Crescente";"C�u Claro";"Dupla";"Declive;Reta";"N�o";1334613;"Caminhonete";"I/FIAT TITANO RANCH/FIAT TITANO RANCH";2025;"Condutor";"Ileso";78;"Masculino";1;0;0;0;-23,24205589;-50,70739746;"SPRF-PR";"DEL07-PR";"UOP05-DEL07-PR"
747329;NA;2025-12-01;"segunda-feira";"23:30:00";"MG";116;105,1;"ITAOBIM";"Sim";"Transitar na contram�o";1;"Colis�o lateral sentido oposto";"Com V�timas Feridas";"Plena Noite";"Decrescente";"Nublado";"Simples";"Curva;Aclive";"N�o";1334636;"Semireboque";"SR/FACCHINI SRF CF/FACCHINI SRF CF";2021;NA;NA;NA;NA;NA;NA;NA;NA;-16,47274;-41,503769;"SPRF-MG";"DEL11-MG";"UOP02-DEL11-MG"
747329;1675538;2025-12-01;"segunda-feira";"23:30:00";"MG";116;105,1;"ITAOBIM";"Sim";"Transitar na contram�o";1;"Colis�o lateral sentido oposto";"Com V�timas Feridas";"Plena Noite";"Decrescente";"Nublado";"Simples";"Curva;Aclive";"N�o";1334635;"Camioneta";"VW/KOMBI/KOMBI";2009;"Passageiro";"Les�es Graves";17;"Masculino";0;0;1;0;-16,47274;-41,503769;"SPRF-MG";"DEL11-MG";"UOP02-DEL11-MG"
747329;1675537;2025-12-01;"segunda-feira";"23:30:00";"MG";116;105,1;"ITAOBIM";"Sim";"Transitar na contram�o";1;"Colis�o lateral sentido oposto";"Com V�timas Feridas";"Plena Noite";"Decrescente";"Nublado";"Simples";"Curva;Aclive";"N�o";1334635;"Camioneta";"VW/KOMBI/KOMBI";2009;"Passageiro";"Les�es Graves";65;"Feminino";0;0;1;0;-16,47274;-41,503769;"SPRF-MG";"DEL11-MG";"UOP02-DEL11-MG"
747329;1675536;2025-12-01;"segunda-feira";"23:30:00";"MG";116;105,1;"ITAOBIM";"Sim";"Transitar na contram�o";1;"Colis�o lateral sentido oposto";"Com V�timas Feridas";"Plena Noite";"Decrescente";"Nublado";"Simples";"Curva;Aclive";"N�o";1334635;"Camioneta";"VW/KOMBI/KOMBI";2009;"Condutor";"Les�es Graves";43;"Masculino";0;0;1;0;-16,47274;-41,503769;"SPRF-MG";"DEL11-MG";"UOP02-DEL11-MG"
747329;1675535;2025-12-01;"segunda-feira";"23:30:00";"MG";116;105,1;"ITAOBIM";"Sim";"Transitar na contram�o";1;"Colis�o lateral sentido oposto";"Com V�timas Feridas";"Plena Noite";"Decrescente";"Nublado";"Simples";"Curva;Aclive";"N�o";1334634;"Caminh�o-trator";"M.BENZ/AXOR 2041 S/AXOR 2041 S";2019;"Condutor";"Ileso";21;"Masculino";1;0;0;0;-16,47274;-41,503769;"SPRF-MG";"DEL11-MG";"UOP02-DEL11-MG"
747329;NA;2025-12-01;"segunda-feira";"23:30:00";"MG";116;105,1;"ITAOBIM";"N�o";"Aus�ncia de rea��o do condutor";1;"Colis�o lateral sentido oposto";"Com V�timas Feridas";"Plena Noite";"Decrescente";"Nublado";"Simples";"Curva;Aclive";"N�o";1334636;"Semireboque";"SR/FACCHINI SRF CF/FACCHINI SRF CF";2021;NA;NA;NA;NA;NA;NA;NA;NA;-16,47274;-41,503769;"SPRF-MG";"DEL11-MG";"UOP02-DEL11-MG"
747329;1675538;2025-12-01;"segunda-feira";"23:30:00";"MG";116;105,1;"ITAOBIM";"N�o";"Aus�ncia de rea��o do condutor";1;"Colis�o lateral sentido oposto";"Com V�timas Feridas";"Plena Noite";"Decrescente";"Nublado";"Simples";"Curva;Aclive";"N�o";1334635;"Camioneta";"VW/KOMBI/KOMBI";2009;"Passageiro";"Les�es Graves";17;"Masculino";0;0;1;0;-16,47274;-41,503769;"SPRF-MG";"DEL11-MG";"UOP02-DEL11-MG"
747329;1675537;2025-12-01;"segunda-feira";"23:30:00";"MG";116;105,1;"ITAOBIM";"N�o";"Aus�ncia de rea��o do condutor";1;"Colis�o lateral sentido oposto";"Com V�timas Feridas";"Plena Noite";"Decrescente";"Nublado";"Simples";"Curva;Aclive";"N�o";1334635;"Camioneta";"VW/KOMBI/KOMBI";2009;"Passageiro";"Les�es Graves";65;"Feminino";0;0;1;0;-16,47274;-41,503769;"SPRF-MG";"DEL11-MG";"UOP02-DEL11-MG"
747329;1675536;2025-12-01;"segunda-feira";"23:30:00";"MG";116;105,1;"ITAOBIM";"N�o";"Aus�ncia de rea��o do condutor";1;"Colis�o lateral sentido oposto";"Com V�timas Feridas";"Plena Noite";"Decrescente";"Nublado";"Simples";"Curva;Aclive";"N�o";1334635;"Camioneta";"VW/KOMBI/KOMBI";2009;"Condutor";"Les�es Graves";43;"Masculino";0;0;1;0;-16,47274;-41,503769;"SPRF-MG";"DEL11-MG";"UOP02-DEL11-MG"
747329;1675535;2025-12-01;"segunda-feira";"23:30:00";"MG";116;105,1;"ITAOBIM";"N�o";"Aus�ncia de rea��o do condutor";1;"Colis�o lateral sentido oposto";"Com V�timas Feridas";"Plena Noite";"Decrescente";"Nublado";"Simples";"Curva;Aclive";"N�o";1334634;"Caminh�o-trator";"M.BENZ/AXOR 2041 S/AXOR 2041 S";2019;"Condutor";"Ileso";21;"Masculino";1;0;0;0;-16,47274;-41,503769;"SPRF-MG";"DEL11-MG";"UOP02-DEL11-MG"