"id";"pesid";"data_inversa";"dia_semana";"horario";"uf";"br";"km";"municipio";"causa_principal";"causa_acidente";"ordem_tipo_acidente";"tipo_acidente";"classificacao_acidente";"fase_dia";"sentido_via";"condicao_metereologica";"tipo_pista";"tracado_via";"uso_solo";"id_veiculo";"tipo_veiculo";"marca";"ano_fabricacao_veiculo";"tipo_envolvido";"estado_fisico";"idade";"sexo";"ilesos";"feridos_leves";"feridos_graves";"mortos";"latitude";"longitude";"regional";"delegacia";"uop"
747334;NA;2025-11-26;"quarta-feira";"12:55:00";"CE";222;207,2;"FORQUILHA";"Sim";"Transitar na contram�o";2;"Sa�da de leito carro��vel";"Com V�timas Feridas";"Pleno dia";"Crescente";"C�u Claro";"Simples";"Curva";"N�o";1334653;"Semireboque";"SR/RANDON SR CA/RANDON SR CA";2009;NA;NA;NA;NA;NA;NA;NA;NA;-3,79443;-40,25228;"SPRF-CE";"DEL04-CE";"UOP01-DEL04-CE"
747334;1675569;2025-11-26;"quarta-feira";"12:55:00";"CE";222;207,2;"FORQUILHA";"Sim";"Transitar na contram�o";2;"Sa�da de leito carro��vel";"Com V�timas Feridas";"Pleno dia";"Crescente";"C�u Claro";"Simples";"Curva";"N�o";1334652;"Caminh�o-trator";"SCANIA/R560 A6X4/R560 A6X4";2024;"Condutor";"Les�es Leves";29;"Masculino";0;1;0;0;-3,79443;-40,25228;"SPRF-CE";"DEL04-CE";"UOP01-DEL04-CE"
747334;1675568;2025-11-26;"quarta-feira";"12:55:00";"CE";222;207,2;"FORQUILHA";"Sim";"Transitar na contram�o";2;"Sa�da de leito carro��vel";"Com V�timas Feridas";"Pleno dia";"Crescente";"C�u Claro";"Simples";"Curva";"N�o";1334651;"Caminh�o-trator";"DAF/XF FTS 480/XF FTS 480";2021;"Condutor";"Ileso";44;"Masculino";1;0;0;0;-3,79443;-40,25228;"SPRF-CE";"DEL04-CE";"UOP01-DEL04-CE"
747334;NA;2025-11-26;"quarta-feira";"12:55:00";"CE";222;207,2;"FORQUILHA";"Sim";"Transitar na contram�o";1;"Colis�o lateral sentido oposto";"Com V�timas Feridas";"Pleno dia";"Crescente";"C�u Claro";"Simples";"Curva";"N�o";1334653;"Semireboque";"SR/RANDON SR CA/RANDON SR CA";2009;NA;NA;NA;NA;NA;NA;NA;NA;-3,79443;-40,25228;"SPRF-CE";"DEL04-CE";"UOP01-DEL04-CE"
747334;1675569;2025-11-26;"quarta-feira";"12:55:00";"CE";222;207,2;"FORQUILHA";"Sim";"Transitar na contram�o";1;"Colis�o lateral sentido oposto";"Com V�timas Feridas";"Pleno dia";"Crescente";"C�u Claro";"Simples";"Curva";"N�o";1334652;"Caminh�o-trator";"SCANIA/R560 A6X4/R560 A6X4";2024;"Condutor";"Les�es Leves";29;"Masculino";0;1;0;0;-3,79443;-40,25228;"SPRF-CE";"DEL04-CE";"UOP01-DEL04-CE"
747334;1675568;2025-11-26;"quarta-feira";"12:55:00";"CE";222;207,2;"FORQUILHA";"Sim";"Transitar na contram�o";1;"Colis�o lateral sentido oposto";"Com V�timas Feridas";"Pleno dia";"Crescente";"C�u Claro";"Simples";"Curva";"N�o";1334651;"Caminh�o-trator";"DAF/XF FTS 480/XF FTS 480";2021;"Condutor";"Ileso";44;"Masculino";1;0;0;0;-3,79443;-40,25228;"SPRF-CE";"DEL04-CE";"UOP01-DEL04-CE"
747334;NA;2025-11-26;"quarta-feira";"12:55:00";"CE";222;207,2;"FORQUILHA";"N�o";"Velocidade Incompat�vel";2;"Sa�da de leito carro��vel";"Com V�timas Feridas";"Pleno dia";"Crescente";"C�u Claro";"Simples";"Curva";"N�o";1334653;"Semireboque";"SR/RANDON SR CA/RANDON SR CA";2009;NA;NA;NA;NA;NA;NA;NA;NA;-3,79443;-40,25228;"SPRF-CE";"DEL04-CE";"UOP01-DEL04-CE"
747334;1675569;2025-11-26;"quarta-feira";"12:55:00";"CE";222;207,2;"FORQUILHA";"N�o";"Velocidade Incompat�vel";2;"Sa�da de leito carro��vel";"Com V�timas Feridas";"Pleno dia";"Crescente";"C�u Claro";"Simples";"Curva";"N�o";1334652;"Caminh�o-trator";"SCANIA/R560 A6X4/R560 A6X4";2024;"Condutor";"Les�es Leves";29;"Masculino";0;1;0;0;-3,79443;-40,25228;"SPRF-CE";"DEL04-CE";"UOP01-DEL04-CE"
747334;1675568;2025-11-26;"quarta-feira";"12:55:00";"CE";222;207,2;"FORQUILHA";"N�o";"Velocidade Incompat�vel";2;"Sa�da de leito carro��vel";"Com V�timas Feridas";"Pleno dia";"Crescente";"C�u Claro";"Simples";"Curva";"N�o";1334651;"Caminh�o-trator";"DAF/XF FTS 480/XF FTS 480";2021;"Condutor";"Ileso";44;"Masculino";1;0;0;0;-3,79443;-40,25228;"SPRF-CE";"DEL04-CE";"UOP01-DEL04-CE"
747334;NA;2025-11-26;"quarta-feira";"12:55:00";"CE";222;207,2;"FORQUILHA";"N�o";"Velocidade Incompat�vel";1;"Colis�o lateral sentido oposto";"Com V�timas Feridas";"Pleno dia";"Crescente";"C�u Claro";"Simples";"Curva";"N�o";1334653;"Semireboque";"SR/RANDON SR CA/RANDON SR CA";2009;NA;NA;NA;NA;NA;NA;NA;NA;-3,79443;-40,25228;"SPRF-CE";"DEL04-CE";"UOP01-DEL04-CE"
747334;1675569;2025-11-26;"quarta-feira";"12:55:00";"CE";222;207,2;"FORQUILHA";"N�o";"Velocidade Incompat�vel";1;"Colis�o lateral sentido oposto";"Com V�timas Feridas";"Pleno dia";"Crescente";"C�u Claro";"Simples";"Curva";"N�o";1334652;"Caminh�o-trator";"SCANIA/R560 A6X4/R560 A6X4";2024;"Condutor";"Les�es Leves";29;"Masculino";0;1;0;0;-3,79443;-40,25228;"SPRF-CE";"DEL04-CE";"UOP01-DEL04-CE"
747334;1675568;2025-11-26;"quarta-feira";"12:55:00";"CE";222;207,2;"FORQUILHA";"N�o";"Velocidade Incompat�vel";1;"Colis�o lateral sentido oposto";"Com V�timas Feridas";"Pleno dia";"Crescente";"C�u Claro";"Simples";"Curva";"N�o";1334651;"Caminh�o-trator";"DAF/XF FTS 480/XF FTS 480";2021;"Condutor";"Ileso";44;"Masculino";1;0;0;0;-3,79443;-40,25228;"SPRF-CE";"DEL04-CE";"UOP01-DEL04-CE"
747342;1675586;2025-12-21;"domingo";"23:30:00";"RJ";101;262;"RIO BONITO";"N�o";"Ilumina��o deficiente";2;"Colis�o traseira";"Sem V�timas";"Plena Noite";"Decrescente";"C�u Claro";"Dupla";"Aclive;Curva";"Sim";1334665;"Motoneta";"HONDA/ADV 160/ADV 160";0;"Condutor";"Ileso";39;"Masculino";1;0;0;0;-22,71412324;-42,62042999;"SPRF-RJ";"DEL02-RJ";"UOP03-DEL02-RJ"
747342;1675585;2025-12-21;"domingo";"23:30:00";"RJ";101;262;"RIO BONITO";"N�o";"Ilumina��o deficiente";2;"Colis�o traseira";"Sem V�timas";"Plena Noite";"Decrescente";"C�u Claro";"Dupla";"Aclive;Curva";"Sim";1334664;"Micro-�nibus";"RENAULT/MASTER MBUS L3H2/MASTER MBUS L3H2";2014;"Condutor";"Ileso";39;"Masculino";1;0;0;0;-22,71412324;-42,62042999;"SPRF-RJ";"DEL02-RJ";"UOP03-DEL02-RJ"
747342;1675584;2025-12-21;"domingo";"23:30:00";"RJ";101;262;"RIO BONITO";"N�o";"Ilumina��o deficiente";2;"Colis�o traseira";"Sem V�timas";"Plena Noite";"Decrescente";"C�u Claro";"Dupla";"Aclive;Curva";"Sim";1334663;"Caminhonete";"VW/SAVEIRO CS RB MF/SAVEIRO CS RB MF";2024;"Condutor";"Ileso";41;"Masculino";1;0;0;0;-22,71412324;-42,62042999;"SPRF-RJ";"DEL02-RJ";"UOP03-DEL02-RJ"
747342;1675583;2025-12-21;"domingo";"23:30:00";"RJ";101;262;"RIO BONITO";"N�o";"Ilumina��o deficiente";2;"Colis�o traseira";"Sem V�timas";"Plena Noite";"Decrescente";"C�u Claro";"Dupla";"Aclive;Curva";"Sim";1334662;"Camioneta";"RENAULT/DUSTER 16 D 4X2/DUSTER 16 D 4X2";2015;"Condutor";"Ileso";42;"Masculino";1;0;0;0;-22,71412324;-42,62042999;"SPRF-RJ";"DEL02-RJ";"UOP03-DEL02-RJ"
747342;1675586;2025-12-21;"domingo";"23:30:00";"RJ";101;262;"RIO BONITO";"N�o";"Ilumina��o deficiente";1;"Capotamento";"Sem V�timas";"Plena Noite";"Decrescente";"C�u Claro";"Dupla";"Aclive;Curva";"Sim";1334665;"Motoneta";"HONDA/ADV 160/ADV 160";0;"Condutor";"Ileso";39;"Masculino";1;0;0;0;-22,71412324;-42,62042999;"SPRF-RJ";"DEL02-RJ";"UOP03-DEL02-RJ"
747342;1675585;2025-12-21;"domingo";"23:30:00";"RJ";101;262;"RIO BONITO";"N�o";"Ilumina��o deficiente";1;"Capotamento";"Sem V�timas";"Plena Noite";"Decrescente";"C�u Claro";"Dupla";"Aclive;Curva";"Sim";1334664;"Micro-�nibus";"RENAULT/MASTER MBUS L3H2/MASTER MBUS L3H2";2014;"Condutor";"Ileso";39;"Masculino";1;0;0;0;-22,71412324;-42,62042999;"SPRF-RJ";"DEL02-RJ";"UOP03-DEL02-RJ"
747342;1675584;2025-12-21;"domingo";"23:30:00";"RJ";101;262;"RIO BONITO";"N�o";"Ilumina��o deficiente";1;"Capotamento";"Sem V�timas";"Plena Noite";"Decrescente";"C�u Claro";"Dupla";"Aclive;Curva";"Sim";1334663;"Caminhonete";"VW/SAVEIRO CS RB MF/SAVEIRO CS RB MF";2024;"Condutor";"Ileso";41;"Masculino";1;0;0;0;-22,71412324;-42,62042999;"SPRF-RJ";"DEL02-RJ";"UOP03-DEL02-RJ"
747342;1675583;2025-12-21;"domingo";"23:30:00";"RJ";101;262;"RIO BONITO";"N�o";"Ilumina��o deficiente";1;"Capotamento";"Sem V�timas";"Plena Noite";"Decrescente";"C�u Claro";"Dupla";"Aclive;Curva";"Sim";1334662;"Camioneta";"RENAULT/DUSTER 16 D 4X2/DUSTER 16 D 4X2";2015;"Condutor";"Ileso";42;"Masculino";1;0;0;0;-22,71412324;-42,62042999;"SPRF-RJ";"DEL02-RJ";"UOP03-DEL02-RJ"
747342;1675586;2025-12-21;"domingo";"23:30:00";"RJ";101;262;"RIO BONITO";"N�o";"Curva acentuada";2;"Colis�o traseira";"Sem V�timas";"Plena Noite";"Decrescente";"C�u Claro";"Dupla";"Aclive;Curva";"Sim";1334665;"Motoneta";"HONDA/ADV 160/ADV 160";0;"Condutor";"Ileso";39;"Masculino";1;0;0;0;-22,71412324;-42,62042999;"SPRF-RJ";"DEL02-RJ";"UOP03-DEL02-RJ"
747342;1675585;2025-12-21;"domingo";"23:30:00";"RJ";101;262;"RIO BONITO";"N�o";"Curva acentuada";2;"Colis�o traseira";"Sem V�timas";"Plena Noite";"Decrescente";"C�u Claro";"Dupla";"Aclive;Curva";"Sim";1334664;"Micro-�nibus";"RENAULT/MASTER MBUS L3H2/MASTER MBUS L3H2";2014;"Condutor";"Ileso";39;"Masculino";1;0;0;0;-22,71412324;-42,62042999;"SPRF-RJ";"DEL02-RJ";"UOP03-DEL02-RJ"
747342;1675584;2025-12-21;"domingo";"23:30:00";"RJ";101;262;"RIO BONITO";"N�o";"Curva acentuada";2;"Colis�o traseira";"Sem V�timas";"Plena Noite";"Decrescente";"C�u Claro";"Dupla";"Aclive;Curva";"Sim";1334663;"Caminhonete";"VW/SAVEIRO CS RB MF/SAVEIRO CS RB MF";2024;"Condutor";"Ileso";41;"Masculino";1;0;0;0;-22,71412324;-42,62042999;"SPRF-RJ";"DEL02-RJ";"UOP03-DEL02-RJ"
747342;1675583;2025-12-21;"domingo";"23:30:00";"RJ";101;262;"RIO BONITO";"N�o";"Curva acentuada";2;"Colis�o traseira";"Sem V�timas";"Plena Noite";"Decrescente";"C�u Claro";"Dupla";"Aclive;Curva";"Sim";1334662;"Camioneta";"RENAULT/DUSTER 16 D 4X2/DUSTER 16 D 4X2";2015;"Condutor";"Ileso";42;"Masculino";1;0;0;0;-22,71412324;-42,62042999;"SPRF-RJ";"DEL02-RJ";"UOP03-DEL02-RJ"
747342;1675586;2025-12-21;"domingo";"23:30:00";"RJ";101;262;"RIO BONITO";"N�o";"Curva acentuada";1;"Capotamento";"Sem V�timas";"Plena Noite";"Decrescente";"C�u Claro";"Dupla";"Aclive;Curva";"Sim";1334665;"Motoneta";"HONDA/ADV 160/ADV 160";0;"Condutor";"Ileso";39;"Masculino";1;0;0;0;-22,71412324;-42,62042999;"SPRF-RJ";"DEL02-RJ";"UOP03-DEL02-RJ"
747342;1675585;2025-12-21;"domingo";"23:30:00";"RJ";101;262;"RIO BONITO";"N�o";"Curva acentuada";1;"Capotamento";"Sem V�timas";"Plena Noite";"Decrescente";"C�u Claro";"Dupla";"Aclive;Curva";"Sim";1334664;"Micro-�nibus";"RENAULT/MASTER MBUS L3H2/MASTER MBUS L3H2";2014;"Condutor";"Ileso";39;"Masculino";1;0;0;0;-22,71412324;-42,62042999;"SPRF-RJ";"DEL02-RJ";"UOP03-DEL02-RJ"
747342;1675584;2025-12-21;"domingo";"23:30:00";"RJ";101;262;"RIO BONITO";"N�o";"Curva acentuada";1;"Capotamento";"Sem V�timas";"Plena Noite";"Decrescente";"C�u Claro";"Dupla";"Aclive;Curva";"Sim";1334663;"Caminhonete";"VW/SAVEIRO CS RB MF/SAVEIRO CS RB MF";2024;"Condutor";"Ileso";41;"Masculino";1;0;0;0;-22,71412324;-42,62042999;"SPRF-RJ";"DEL02-RJ";"UOP03-DEL02-RJ"
747342;1675583;2025-12-21;"domingo";"23:30:00";"RJ";101;262;"RIO BONITO";"N�o";"Curva acentuada";1;"Capotamento";"Sem V�timas";"Plena Noite";"Decrescente";"C�u Claro";"Dupla";"Aclive;Curva";"Sim";1334662;"Camioneta";"RENAULT/DUSTER 16 D 4X2/DUSTER 16 D 4X2";2015;"Condutor";"Ileso";42;"Masculino";1;0;0;0;-22,71412324;-42,62042999;"SPRF-RJ";"DEL02-RJ";"UOP03-DEL02-RJ"
747342;1675586;2025-12-21;"domingo";"23:30:00";"RJ";101;262;"RIO BONITO";"Sim";"Aus�ncia de rea��o do condutor";2;"Colis�o traseira";"Sem V�timas";"Plena Noite";"Decrescente";"C�u Claro";"Dupla";"Aclive;Curva";"Sim";1334665;"Motoneta";"HONDA/ADV 160/ADV 160";0;"Condutor";"Ileso";39;"Masculino";1;0;0;0;-22,71412324;-42,62042999;"SPRF-RJ";"DEL02-RJ";"UOP03-DEL02-RJ"
747342;1675585;2025-12-21;"domingo";"23:30:00";"RJ";101;262;"RIO BONITO";"Sim";"Aus�ncia de rea��o do condutor";2;"Colis�o traseira";"Sem V�timas";"Plena Noite";"Decrescente";"C�u Claro";"Dupla";"Aclive;Curva";"Sim";1334664;"Micro-�nibus";"RENAULT/MASTER MBUS L3H2/MASTER MBUS L3H2";2014;"Condutor";"Ileso";39;"Masculino";1;0;0;0;-22,71412324;-42,62042999;"SPRF-RJ";"DEL02-RJ";"UOP03-DEL02-RJ"
747342;1675584;2025-12-21;"domingo";"23:30:00";"RJ";101;262;"RIO BONITO";"Sim";"Aus�ncia de rea��o do condutor";2;"Colis�o traseira";"Sem V�timas";"Plena Noite";"Decrescente";"C�u Claro";"Dupla";"Aclive;Curva";"Sim";1334663;"Caminhonete";"VW/SAVEIRO CS RB MF/SAVEIRO CS RB MF";2024;"Condutor";"Ileso";41;"Masculino";1;0;0;0;-22,71412324;-42,62042999;"SPRF-RJ";"DEL02-RJ";"UOP03-DEL02-RJ"
747342;1675583;2025-12-21;"domingo";"23:30:00";"RJ";101;262;"RIO BONITO";"Sim";"Aus�ncia de rea��o do condutor";2;"Colis�o traseira";"Sem V�timas";"Plena Noite";"Decrescente";"C�u Claro";"Dupla";"Aclive;Curva";"Sim";1334662;"Camioneta";"RENAULT/DUSTER 16 D 4X2/DUSTER 16 D 4X2";2015;"Condutor";"Ileso";42;"Masculino";1;0;0;0;-22,71412324;-42,62042999;"SPRF-RJ";"DEL02-RJ";"UOP03-DEL02-RJ"
747342;1675586;2025-12-21;"domingo";"23:30:00";"RJ";101;262;"RIO BONITO";"Sim";"Aus�ncia de rea��o do condutor";1;"Capotamento";"Sem V�timas";"Plena Noite";"Decrescente";"C�u Claro";"Dupla";"Aclive;Curva";"Sim";1334665;"Motoneta";"HONDA/ADV 160/ADV 160";0;"Condutor";"Ileso";39;"Masculino";1;0;0;0;-22,71412324;-42,62042999;"SPRF-RJ";"DEL02-RJ";"UOP03-DEL02-RJ"
747342;1675585;2025-12-21;"domingo";"23:30:00";"RJ";101;262;"RIO BONITO";"Sim";"Aus�ncia de rea��o do condutor";1;"Capotamento";"Sem V�timas";"Plena Noite";"Decrescente";"C�u Claro";"Dupla";"Aclive;Curva";"Sim";1334664;"Micro-�nibus";"RENAULT/MASTER MBUS L3H2/MASTER MBUS L3H2";2014;"Condutor";"Ileso";39;"Masculino";1;0;0;0;-22,71412324;-42,62042999;"SPRF-RJ";"DEL02-RJ";"UOP03-DEL02-RJ"
747342;1675584;2025-12-21;"domingo";"23:30:00";"RJ";101;262;"RIO BONITO";"Sim";"Aus�ncia de rea��o do condutor";1;"Capotamento";"Sem V�timas";"Plena Noite";"Decrescente";"C�u Claro";"Dupla";"Aclive;Curva";"Sim";1334663;"Caminhonete";"VW/SAVEIRO CS RB MF/SAVEIRO CS RB MF";2024;"Condutor";"Ileso";41;"Masculino";1;0;0;0;-22,71412324;-42,62042999;"SPRF-RJ";"DEL02-RJ";"UOP03-DEL02-RJ"
747342;1675583;2025-12-21;"domingo";"23:30:00";"RJ";101;262;"RIO BONITO";"Sim";"Aus�ncia de rea��o do condutor";1;"Capotamento";"Sem V�timas";"Plena Noite";"Decrescente";"C�u Claro";"Dupla";"Aclive;Curva";"Sim";1334662;"Camioneta";"RENAULT/DUSTER 16 D 4X2/DUSTER 16 D 4X2";2015;"Condutor";"Ileso";42;"Masculino";1;0;0;0;-22,71412324;-42,62042999;"SPRF-RJ";"DEL02-RJ";"UOP03-DEL02-RJ"
747342;1675586;2025-12-21;"domingo";"23:30:00";"RJ";101;262;"RIO BONITO";"N�o";"Acessar a via sem observar a presen�a dos outros ve�culos";2;"Colis�o traseira";"Sem V�timas";"Plena Noite";"Decrescente";"C�u Claro";"Dupla";"Aclive;Curva";"Sim";1334665;"Motoneta";"HONDA/ADV 160/ADV 160";0;"Condutor";"Ileso";39;"Masculino";1;0;0;0;-22,71412324;-42,62042999;"SPRF-RJ";"DEL02-RJ";"UOP03-DEL02-RJ"
747342;1675585;2025-12-21;"domingo";"23:30:00";"RJ";101;262;"RIO BONITO";"N�o";"Acessar a via sem observar a presen�a dos outros ve�culos";2;"Colis�o traseira";"Sem V�timas";"Plena Noite";"Decrescente";"C�u Claro";"Dupla";"Aclive;Curva";"Sim";1334664;"Micro-�nibus";"RENAULT/MASTER MBUS L3H2/MASTER MBUS L3H2";2014;"Condutor";"Ileso";39;"Masculino";1;0;0;0;-22,71412324;-42,62042999;"SPRF-RJ";"DEL02-RJ";"UOP03-DEL02-RJ"
747342;1675584;2025-12-21;"domingo";"23:30:00";"RJ";101;262;"RIO BONITO";"N�o";"Acessar a via sem observar a presen�a dos outros ve�culos";2;"Colis�o traseira";"Sem V�timas";"Plena Noite";"Decrescente";"C�u Claro";"Dupla";"Aclive;Curva";"Sim";1334663;"Caminhonete";"VW/SAVEIRO CS RB MF/SAVEIRO CS RB MF";2024;"Condutor";"Ileso";41;"Masculino";1;0;0;0;-22,71412324;-42,62042999;"SPRF-RJ";"DEL02-RJ";"UOP03-DEL02-RJ"
747342;1675583;2025-12-21;"domingo";"23:30:00";"RJ";101;262;"RIO BONITO";"N�o";"Acessar a via sem observar a presen�a dos outros ve�culos";2;"Colis�o traseira";"Sem V�timas";"Plena Noite";"Decrescente";"C�u Claro";"Dupla";"Aclive;Curva";"Sim";1334662;"Camioneta";"RENAULT/DUSTER 16 D 4X2/DUSTER 16 D 4X2";2015;"Condutor";"Ileso";42;"Masculino";1;0;0;0;-22,71412324;-42,62042999;"SPRF-RJ";"DEL02-RJ";"UOP03-DEL02-RJ"
747342;1675586;2025-12-21;"domingo";"23:30:00";"RJ";101;262;"RIO BONITO";"N�o";"Acessar a via sem observar a presen�a dos outros ve�culos";1;"Capotamento";"Sem V�timas";"Plena Noite";"Decrescente";"C�u Claro";"Dupla";"Aclive;Curva";"Sim";1334665;"Motoneta";"HONDA/ADV 160/ADV 160";0;"Condutor";"Ileso";39;"Masculino";1;0;0;0;-22,71412324;-42,62042999;"SPRF-RJ";"DEL02-RJ";"UOP03-DEL02-RJ"
747342;1675585;2025-12-21;"domingo";"23:30:00";"RJ";101;262;"RIO BONITO";"N�o";"Acessar a via sem observar a presen�a dos outros ve�culos";1;"Capotamento";"Sem V�timas";"Plena Noite";"Decrescente";"C�u Claro";"Dupla";"Aclive;Curva";"Sim";1334664;"Micro-�nibus";"RENAULT/MASTER MBUS L3H2/MASTER MBUS L3H2";2014;"Condutor";"Ileso";39;"Masculino";1;0;0;0;-22,71412324;-42,62042999;"SPRF-RJ";"DEL02-RJ";"UOP03-DEL02-RJ"
747342;1675584;2025-12-21;"domingo";"23:30:00";"RJ";101;262;"RIO BONITO";"N�o";"Acessar a via sem observar a presen�a dos outros ve�culos";1;"Capotamento";"Sem V�timas";"Plena Noite";"Decrescente";"C�u Claro";"Dupla";"Aclive;Curva";"Sim";1334663;"Caminhonete";"VW/SAVEIRO CS RB MF/SAVEIRO CS RB MF";2024;"Condutor";"Ileso";41;"Masculino";1;0;0;0;-22,71412324;-42,62042999;"SPRF-RJ";"DEL02-RJ";"UOP03-DEL02-RJ"
747342;1675583;2025-12-21;"domingo";"23:30:00";"RJ";101;262;"RIO BONITO";"N�o";"Acessar a via sem observar a presen�a dos outros ve�culos";1;"Capotamento";"Sem V�timas";"Plena Noite";"Decrescente";"C�u Claro";"Dupla";"Aclive;Curva";"Sim";1334662;"Camioneta";"RENAULT/DUSTER 16 D 4X2/DUSTER 16 D 4X2";2015;"Condutor";"Ileso";42;"Masculino";1;0;0;0;-22,71412324;-42,62042999;"SPRF-RJ";"DEL02-RJ";"UOP03-DEL02-RJ"
747342;1675586;2025-12-21;"domingo";"23:30:00";"RJ";101;262;"RIO BONITO";"N�o";"Restri��o de visibilidade em curvas verticais";2;"Colis�o traseira";"Sem V�timas";"Plena Noite";"Decrescente";"C�u Claro";"Dupla";"Aclive;Curva";"Sim";1334665;"Motoneta";"HONDA/ADV 160/ADV 160";0;"Condutor";"Ileso";39;"Masculino";1;0;0;0;-22,71412324;-42,62042999;"SPRF-RJ";"DEL02-RJ";"UOP03-DEL02-RJ"
747342;1675585;2025-12-21;"domingo";"23:30:00";"RJ";101;262;"RIO BONITO";"N�o";"Restri��o de visibilidade em curvas verticais";2;"Colis�o traseira";"Sem V�timas";"Plena Noite";"Decrescente";"C�u Claro";"Dupla";"Aclive;Curva";"Sim";1334664;"Micro-�nibus";"RENAULT/MASTER MBUS L3H2/MASTER MBUS L3H2";2014;"Condutor";"Ileso";39;"Masculino";1;0;0;0;-22,71412324;-42,62042999;"SPRF-RJ";"DEL02-RJ";"UOP03-DEL02-RJ"
747342;1675584;2025-12-21;"domingo";"23:30:00";"RJ";101;262;"RIO BONITO";"N�o";"Restri��o de visibilidade em curvas verticais";2;"Colis�o traseira";"Sem V�timas";"Plena Noite";"Decrescente";"C�u Claro";"Dupla";"Aclive;Curva";"Sim";1334663;"Caminhonete";"VW/SAVEIRO CS RB MF/SAVEIRO CS RB MF";2024;"Condutor";"Ileso";41;"Masculino";1;0;0;0;-22,71412324;-42,62042999;"SPRF-RJ";"DEL02-RJ";"UOP03-DEL02-RJ"
747342;1675583;2025-12-21;"domingo";"23:30:00";"RJ";101;262;"RIO BONITO";"N�o";"Restri��o de visibilidade em curvas verticais";2;"Colis�o traseira";"Sem V�timas";"Plena Noite";"Decrescente";"C�u Claro";"Dupla";"Aclive;Curva";"Sim";1334662;"Camioneta";"RENAULT/DUSTER 16 D 4X2/DUSTER 16 D 4X2";2015;"Condutor";"Ileso";42;"Masculino";1;0;0;0;-22,71412324;-42,62042999;"SPRF-RJ";"DEL02-RJ";"UOP03-DEL02-RJ"
747342;1675586;2025-12-21;"domingo";"23:30:00";"RJ";101;262;"RIO BONITO";"N�o";"Restri��o de visibilidade em curvas verticais";1;"Capotamento";"Sem V�timas";"Plena Noite";"Decrescente";"C�u Claro";"Dupla";"Aclive;Curva";"Sim";1334665;"Motoneta";"HONDA/ADV 160/ADV 160";0;"Condutor";"Ileso";39;"Masculino";1;0;0;0;-22,71412324;-42,62042999;"SPRF-RJ";"DEL02-RJ";"UOP03-DEL02-RJ"
747342;1675585;2025-12-21;"domingo";"23:30:00";"RJ";101;262;"RIO BONITO";"N�o";"Restri��o de visibilidade em curvas verticais";1;"Capotamento";"Sem V�timas";"Plena Noite";"Decrescente";"C�u Claro";"Dupla";"Aclive;Curva";"Sim";1334664;"Micro-�nibus";"RENAULT/MASTER MBUS L3H2/MASTER MBUS L3H2";2014;"Condutor";"Ileso";39;"Masculino";1;0;0;0;-22,71412324;-42,62042999;"SPRF-RJ";"DEL02-RJ";"UOP03-DEL02-RJ"
747342;1675584;2025-12-21;"domingo";"23:30:00";"RJ";101;262;"RIO BONITO";"N�o";"Restri��o de visibilidade em curvas verticais";1;"Capotamento";"Sem V�timas";"Plena Noite";"Decrescente";"C�u Claro";"Dupla";"Aclive;Curva";"Sim";1334663;"Caminhonete";"VW/SAVEIRO CS RB MF/SAVEIRO CS RB MF";2024;"Condutor";"Ileso";41;"Masculino";1;0;0;0;-22,71412324;-42,62042999;"SPRF-RJ";"DEL02-RJ";"UOP03-DEL02-RJ"
747342;1675583;2025-12-21;"domingo";"23:30:00";"RJ";101;262;"RIO BONITO";"N�o";"Restri��o de visibilidade em curvas verticais";1;"Capotamento";"Sem V�timas";"Plena Noite";"Decrescente";"C�u Claro";"Dupla";"Aclive;Curva";"Sim";1334662;"Camioneta";"RENAULT/DUSTER 16 D 4X2/DUSTER 16 D 4X2";2015;"Condutor";"Ileso";42;"Masculino";1;0;0;0;-22,71412324;-42,62042999;"SPRF-RJ";"DEL02-RJ";"UOP03-DEL02-RJ"
747359;1675619;2025-12-24;"quarta-feira";"07:00:00";"RJ";101;133,2;"CARAPEBUS";"Sim";"Aus�ncia de rea��o do condutor";2;"Capotamento";"Com V�timas Feridas";"Pleno dia";"Crescente";"C�u Claro";"Dupla";"Reta";"N�o";1334692;"Autom�vel";"RENAULT/SANDERO EXP1016V/SANDERO EXP1016V";0;"Condutor";"Les�es Graves";38;"Feminino";0;0;1;0;-22,12495635;-41,70823242;"SPRF-RJ";"DEL08-RJ";"UOP04-DEL08-RJ"
747359;1675619;2025-12-24;"quarta-feira";"07:00:00";"RJ";101;133,2;"CARAPEBUS";"Sim";"Aus�ncia de rea��o do condutor";1;"Colis�o com objeto";"Com V�timas Feridas";"Pleno dia";"Crescente";"C�u Claro";"Dupla";"Reta";"N�o";1334692;"Autom�vel";"RENAULT/SANDERO EXP1016V/SANDERO EXP1016V";0;"Condutor";"Les�es Graves";38;"Feminino";0;0;1;0;-22,12495635;-41,70823242;"SPRF-RJ";"DEL08-RJ";"UOP04-DEL08-RJ"
747386;1675701;2025-12-26;"sexta-feira";"19:45:00";"RJ";116;146;"DUQUE DE CAXIAS";"N�o";"Rea��o tardia ou ineficiente do condutor";1;"Colis�o lateral mesmo sentido";"Com V�timas Feridas";"Plena Noite";"Crescente";"C�u Claro";"Simples";"Reta";"Sim";1334750;"Motocicleta";"HONDA/CB 300R/CB 300R";2010;"Condutor";"Les�es Leves";34;"Masculino";0;1;0;0;-22,64742093;-43,22695389;"SPRF-RJ";"DEL01-RJ";"UOP02-DEL01-RJ"