"id";"pesid";"data_inversa";"dia_semana";"horario";"uf";"br";"km";"municipio";"causa_principal";"causa_acidente";"ordem_tipo_acidente";"tipo_acidente";"classificacao_acidente";"fase_dia";"sentido_via";"condicao_metereologica";"tipo_pista";"tracado_via";"uso_solo";"id_veiculo";"tipo_veiculo";"marca";"ano_fabricacao_veiculo";"tipo_envolvido";"estado_fisico";"idade";"sexo";"ilesos";"feridos_leves";"feridos_graves";"mortos";"latitude";"longitude";"regional";"delegacia";"uop"
747386;1675700;2025-12-26;"sexta-feira";"19:45:00";"RJ";116;146;"DUQUE DE CAXIAS";"N�o";"Rea��o tardia ou ineficiente do condutor";1;"Colis�o lateral mesmo sentido";"Com V�timas Feridas";"Plena Noite";"Crescente";"C�u Claro";"Simples";"Reta";"Sim";1334749;"Motocicleta";"HONDA/CG 160 FAN/CG 160 FAN";0;"Condutor";"Ileso";29;"Masculino";1;0;0;0;-22,64742093;-43,22695389;"SPRF-RJ";"DEL01-RJ";"UOP02-DEL01-RJ"
747386;1675701;2025-12-26;"sexta-feira";"19:45:00";"RJ";116;146;"DUQUE DE CAXIAS";"Sim";"Manobra de mudan�a de faixa";1;"Colis�o lateral mesmo sentido";"Com V�timas Feridas";"Plena Noite";"Crescente";"C�u Claro";"Simples";"Reta";"Sim";1334750;"Motocicleta";"HONDA/CB 300R/CB 300R";2010;"Condutor";"Les�es Leves";34;"Masculino";0;1;0;0;-22,64742093;-43,22695389;"SPRF-RJ";"DEL01-RJ";"UOP02-DEL01-RJ"
747386;1675700;2025-12-26;"sexta-feira";"19:45:00";"RJ";116;146;"DUQUE DE CAXIAS";"Sim";"Manobra de mudan�a de faixa";1;"Colis�o lateral mesmo sentido";"Com V�timas Feridas";"Plena Noite";"Crescente";"C�u Claro";"Simples";"Reta";"Sim";1334749;"Motocicleta";"HONDA/CG 160 FAN/CG 160 FAN";0;"Condutor";"Ileso";29;"Masculino";1;0;0;0;-22,64742093;-43,22695389;"SPRF-RJ";"DEL01-RJ";"UOP02-DEL01-RJ"
747447;NA;2025-12-18;"quinta-feira";"19:00:00";"MG";365;430;"PATOS DE MINAS";"Sim";"Chuva";1;"Colis�o lateral sentido oposto";"Com V�timas Fatais";"Plena Noite";"Decrescente";"Chuva";"Simples";"Curva;Aclive";"N�o";1334876;"Semireboque";"SR/RODOTECNICA SL BC 3EA/RODOTECNICA SL BC 3EA";2014;NA;NA;NA;NA;NA;NA;NA;NA;-18,7435;-46,6299;"SPRF-MG";"DEL10-MG";"UOP01-DEL10-MG"
747447;1675878;2025-12-18;"quinta-feira";"19:00:00";"MG";365;430;"PATOS DE MINAS";"Sim";"Chuva";1;"Colis�o lateral sentido oposto";"Com V�timas Fatais";"Plena Noite";"Decrescente";"Chuva";"Simples";"Curva;Aclive";"N�o";1334875;"Caminh�o-trator";"VOLVO/FH 460 6X2T/FH 460 6X2T";2021;"Condutor";"Ileso";45;"Masculino";1;0;0;0;-18,7435;-46,6299;"SPRF-MG";"DEL10-MG";"UOP01-DEL10-MG"
747447;1675877;2025-12-18;"quinta-feira";"19:00:00";"MG";365;430;"PATOS DE MINAS";"Sim";"Chuva";1;"Colis�o lateral sentido oposto";"Com V�timas Fatais";"Plena Noite";"Decrescente";"Chuva";"Simples";"Curva;Aclive";"N�o";1334874;"�nibus";"SCANIA/MPOLO PARADISO R/MPOLO PARADISO R";2010;"Condutor";"Ileso";23;"Masculino";1;0;0;0;-18,7435;-46,6299;"SPRF-MG";"DEL10-MG";"UOP01-DEL10-MG"
747447;1675876;2025-12-18;"quinta-feira";"19:00:00";"MG";365;430;"PATOS DE MINAS";"Sim";"Chuva";1;"Colis�o lateral sentido oposto";"Com V�timas Fatais";"Plena Noite";"Decrescente";"Chuva";"Simples";"Curva;Aclive";"N�o";1334873;"Autom�vel";"CHEVROLET/ONIX 1.4MT ACT/ONIX 1.4MT ACT";2016;"Condutor";"�bito";37;"Masculino";0;0;0;1;-18,7435;-46,6299;"SPRF-MG";"DEL10-MG";"UOP01-DEL10-MG"
747455;1675906;2025-11-15;"s�bado";"18:25:00";"PR";116;94,1;"SAO JOSE DOS PINHAIS";"N�o";"Rea��o tardia ou ineficiente do condutor";2;"Colis�o transversal";"Com V�timas Feridas";"Anoitecer";"Decrescente";"Nublado";"Dupla";"Reta;Aclive";"N�o";1334901;"Caminh�o-trator";"M.BENZ/AXOR 2044 S/AXOR 2044 S";2011;"Condutor";"Ileso";58;"Masculino";1;0;0;0;-25,520982;-49,134981;"SPRF-PR";"DEL01-PR";"UOP07-DEL01-PR"
747455;NA;2025-11-15;"s�bado";"18:25:00";"PR";116;94,1;"SAO JOSE DOS PINHAIS";"N�o";"Rea��o tardia ou ineficiente do condutor";2;"Colis�o transversal";"Com V�timas Feridas";"Anoitecer";"Decrescente";"Nublado";"Dupla";"Reta;Aclive";"N�o";1334903;"Semireboque";"SR/RANDON SR FG/RANDON SR FG";2005;NA;NA;NA;NA;NA;NA;NA;NA;-25,520982;-49,134981;"SPRF-PR";"DEL01-PR";"UOP07-DEL01-PR"
747455;NA;2025-11-15;"s�bado";"18:25:00";"PR";116;94,1;"SAO JOSE DOS PINHAIS";"N�o";"Rea��o tardia ou ineficiente do condutor";2;"Colis�o transversal";"Com V�timas Feridas";"Anoitecer";"Decrescente";"Nublado";"Dupla";"Reta;Aclive";"N�o";1334902;"Semireboque";"SR/LIBRELATO SRLN 4E/LIBRELATO SRLN 4E";2023;NA;NA;NA;NA;NA;NA;NA;NA;-25,520982;-49,134981;"SPRF-PR";"DEL01-PR";"UOP07-DEL01-PR"
747455;1675905;2025-11-15;"s�bado";"18:25:00";"PR";116;94,1;"SAO JOSE DOS PINHAIS";"N�o";"Rea��o tardia ou ineficiente do condutor";2;"Colis�o transversal";"Com V�timas Feridas";"Anoitecer";"Decrescente";"Nublado";"Dupla";"Reta;Aclive";"N�o";1334900;"Caminh�o-trator";"VW/28.480 MTM 6X2 HD/28.480 MTM 6X2 HD";2025;"Condutor";"Ileso";41;"Masculino";1;0;0;0;-25,520982;-49,134981;"SPRF-PR";"DEL01-PR";"UOP07-DEL01-PR"
747455;1675904;2025-11-15;"s�bado";"18:25:00";"PR";116;94,1;"SAO JOSE DOS PINHAIS";"N�o";"Rea��o tardia ou ineficiente do condutor";2;"Colis�o transversal";"Com V�timas Feridas";"Anoitecer";"Decrescente";"Nublado";"Dupla";"Reta;Aclive";"N�o";1334899;"Autom�vel";"FIAT/PALIO FIRE ECONOMY/PALIO FIRE ECONOMY";2009;"Condutor";"Les�es Graves";21;"Masculino";0;0;1;0;-25,520982;-49,134981;"SPRF-PR";"DEL01-PR";"UOP07-DEL01-PR"
747455;1675906;2025-11-15;"s�bado";"18:25:00";"PR";116;94,1;"SAO JOSE DOS PINHAIS";"N�o";"Rea��o tardia ou ineficiente do condutor";1;"Colis�o lateral mesmo sentido";"Com V�timas Feridas";"Anoitecer";"Decrescente";"Nublado";"Dupla";"Reta;Aclive";"N�o";1334901;"Caminh�o-trator";"M.BENZ/AXOR 2044 S/AXOR 2044 S";2011;"Condutor";"Ileso";58;"Masculino";1;0;0;0;-25,520982;-49,134981;"SPRF-PR";"DEL01-PR";"UOP07-DEL01-PR"
747455;NA;2025-11-15;"s�bado";"18:25:00";"PR";116;94,1;"SAO JOSE DOS PINHAIS";"N�o";"Rea��o tardia ou ineficiente do condutor";1;"Colis�o lateral mesmo sentido";"Com V�timas Feridas";"Anoitecer";"Decrescente";"Nublado";"Dupla";"Reta;Aclive";"N�o";1334903;"Semireboque";"SR/RANDON SR FG/RANDON SR FG";2005;NA;NA;NA;NA;NA;NA;NA;NA;-25,520982;-49,134981;"SPRF-PR";"DEL01-PR";"UOP07-DEL01-PR"
747455;NA;2025-11-15;"s�bado";"18:25:00";"PR";116;94,1;"SAO JOSE DOS PINHAIS";"N�o";"Rea��o tardia ou ineficiente do condutor";1;"Colis�o lateral mesmo sentido";"Com V�timas Feridas";"Anoitecer";"Decrescente";"Nublado";"Dupla";"Reta;Aclive";"N�o";1334902;"Semireboque";"SR/LIBRELATO SRLN 4E/LIBRELATO SRLN 4E";2023;NA;NA;NA;NA;NA;NA;NA;NA;-25,520982;-49,134981;"SPRF-PR";"DEL01-PR";"UOP07-DEL01-PR"
747455;1675905;2025-11-15;"s�bado";"18:25:00";"PR";116;94,1;"SAO JOSE DOS PINHAIS";"N�o";"Rea��o tardia ou ineficiente do condutor";1;"Colis�o lateral mesmo sentido";"Com V�timas Feridas";"Anoitecer";"Decrescente";"Nublado";"Dupla";"Reta;Aclive";"N�o";1334900;"Caminh�o-trator";"VW/28.480 MTM 6X2 HD/28.480 MTM 6X2 HD";2025;"Condutor";"Ileso";41;"Masculino";1;0;0;0;-25,520982;-49,134981;"SPRF-PR";"DEL01-PR";"UOP07-DEL01-PR"
747455;1675904;2025-11-15;"s�bado";"18:25:00";"PR";116;94,1;"SAO JOSE DOS PINHAIS";"N�o";"Rea��o tardia ou ineficiente do condutor";1;"Colis�o lateral mesmo sentido";"Com V�timas Feridas";"Anoitecer";"Decrescente";"Nublado";"Dupla";"Reta;Aclive";"N�o";1334899;"Autom�vel";"FIAT/PALIO FIRE ECONOMY/PALIO FIRE ECONOMY";2009;"Condutor";"Les�es Graves";21;"Masculino";0;0;1;0;-25,520982;-49,134981;"SPRF-PR";"DEL01-PR";"UOP07-DEL01-PR"
747455;1675906;2025-11-15;"s�bado";"18:25:00";"PR";116;94,1;"SAO JOSE DOS PINHAIS";"Sim";"Manobra de mudan�a de faixa";2;"Colis�o transversal";"Com V�timas Feridas";"Anoitecer";"Decrescente";"Nublado";"Dupla";"Reta;Aclive";"N�o";1334901;"Caminh�o-trator";"M.BENZ/AXOR 2044 S/AXOR 2044 S";2011;"Condutor";"Ileso";58;"Masculino";1;0;0;0;-25,520982;-49,134981;"SPRF-PR";"DEL01-PR";"UOP07-DEL01-PR"
747455;NA;2025-11-15;"s�bado";"18:25:00";"PR";116;94,1;"SAO JOSE DOS PINHAIS";"Sim";"Manobra de mudan�a de faixa";2;"Colis�o transversal";"Com V�timas Feridas";"Anoitecer";"Decrescente";"Nublado";"Dupla";"Reta;Aclive";"N�o";1334903;"Semireboque";"SR/RANDON SR FG/RANDON SR FG";2005;NA;NA;NA;NA;NA;NA;NA;NA;-25,520982;-49,134981;"SPRF-PR";"DEL01-PR";"UOP07-DEL01-PR"
747455;NA;2025-11-15;"s�bado";"18:25:00";"PR";116;94,1;"SAO JOSE DOS PINHAIS";"Sim";"Manobra de mudan�a de faixa";2;"Colis�o transversal";"Com V�timas Feridas";"Anoitecer";"Decrescente";"Nublado";"Dupla";"Reta;Aclive";"N�o";1334902;"Semireboque";"SR/LIBRELATO SRLN 4E/LIBRELATO SRLN 4E";2023;NA;NA;NA;NA;NA;NA;NA;NA;-25,520982;-49,134981;"SPRF-PR";"DEL01-PR";"UOP07-DEL01-PR"
747455;1675905;2025-11-15;"s�bado";"18:25:00";"PR";116;94,1;"SAO JOSE DOS PINHAIS";"Sim";"Manobra de mudan�a de faixa";2;"Colis�o transversal";"Com V�timas Feridas";"Anoitecer";"Decrescente";"Nublado";"Dupla";"Reta;Aclive";"N�o";1334900;"Caminh�o-trator";"VW/28.480 MTM 6X2 HD/28.480 MTM 6X2 HD";2025;"Condutor";"Ileso";41;"Masculino";1;0;0;0;-25,520982;-49,134981;"SPRF-PR";"DEL01-PR";"UOP07-DEL01-PR"
747455;1675904;2025-11-15;"s�bado";"18:25:00";"PR";116;94,1;"SAO JOSE DOS PINHAIS";"Sim";"Manobra de mudan�a de faixa";2;"Colis�o transversal";"Com V�timas Feridas";"Anoitecer";"Decrescente";"Nublado";"Dupla";"Reta;Aclive";"N�o";1334899;"Autom�vel";"FIAT/PALIO FIRE ECONOMY/PALIO FIRE ECONOMY";2009;"Condutor";"Les�es Graves";21;"Masculino";0;0;1;0;-25,520982;-49,134981;"SPRF-PR";"DEL01-PR";"UOP07-DEL01-PR"
747455;1675906;2025-11-15;"s�bado";"18:25:00";"PR";116;94,1;"SAO JOSE DOS PINHAIS";"Sim";"Manobra de mudan�a de faixa";1;"Colis�o lateral mesmo sentido";"Com V�timas Feridas";"Anoitecer";"Decrescente";"Nublado";"Dupla";"Reta;Aclive";"N�o";1334901;"Caminh�o-trator";"M.BENZ/AXOR 2044 S/AXOR 2044 S";2011;"Condutor";"Ileso";58;"Masculino";1;0;0;0;-25,520982;-49,134981;"SPRF-PR";"DEL01-PR";"UOP07-DEL01-PR"
747455;NA;2025-11-15;"s�bado";"18:25:00";"PR";116;94,1;"SAO JOSE DOS PINHAIS";"Sim";"Manobra de mudan�a de faixa";1;"Colis�o lateral mesmo sentido";"Com V�timas Feridas";"Anoitecer";"Decrescente";"Nublado";"Dupla";"Reta;Aclive";"N�o";1334903;"Semireboque";"SR/RANDON SR FG/RANDON SR FG";2005;NA;NA;NA;NA;NA;NA;NA;NA;-25,520982;-49,134981;"SPRF-PR";"DEL01-PR";"UOP07-DEL01-PR"
747455;NA;2025-11-15;"s�bado";"18:25:00";"PR";116;94,1;"SAO JOSE DOS PINHAIS";"Sim";"Manobra de mudan�a de faixa";1;"Colis�o lateral mesmo sentido";"Com V�timas Feridas";"Anoitecer";"Decrescente";"Nublado";"Dupla";"Reta;Aclive";"N�o";1334902;"Semireboque";"SR/LIBRELATO SRLN 4E/LIBRELATO SRLN 4E";2023;NA;NA;NA;NA;NA;NA;NA;NA;-25,520982;-49,134981;"SPRF-PR";"DEL01-PR";"UOP07-DEL01-PR"
747455;1675905;2025-11-15;"s�bado";"18:25:00";"PR";116;94,1;"SAO JOSE DOS PINHAIS";"Sim";"Manobra de mudan�a de faixa";1;"Colis�o lateral mesmo sentido";"Com V�timas Feridas";"Anoitecer";"Decrescente";"Nublado";"Dupla";"Reta;Aclive";"N�o";1334900;"Caminh�o-trator";"VW/28.480 MTM 6X2 HD/28.480 MTM 6X2 HD";2025;"Condutor";"Ileso";41;"Masculino";1;0;0;0;-25,520982;-49,134981;"SPRF-PR";"DEL01-PR";"UOP07-DEL01-PR"
747455;1675904;2025-11-15;"s�bado";"18:25:00";"PR";116;94,1;"SAO JOSE DOS PINHAIS";"Sim";"Manobra de mudan�a de faixa";1;"Colis�o lateral mesmo sentido";"Com V�timas Feridas";"Anoitecer";"Decrescente";"Nublado";"Dupla";"Reta;Aclive";"N�o";1334899;"Autom�vel";"FIAT/PALIO FIRE ECONOMY/PALIO FIRE ECONOMY";2009;"Condutor";"Les�es Graves";21;"Masculino";0;0;1;0;-25,520982;-49,134981;"SPRF-PR";"DEL01-PR";"UOP07-DEL01-PR"
747490;1675981;2025-12-25;"quinta-feira";"17:20:00";"SC";116;210;"PONTE ALTA";"Sim";"Rea��o tardia ou ineficiente do condutor";1;"Colis�o frontal";"Com V�timas Feridas";"Pleno dia";"Crescente";"Nublado";"Simples";"Curva";"N�o";1334956;"Autom�vel";"RENAULT/LOGAN AUT 1016V/LOGAN AUT 1016V";2012;"Passageiro";"Les�es Graves";40;"Feminino";0;0;1;0;-27,5047917;-50,365815;"SPRF-SC";"DEL05-SC";"UOP03-DEL05-SC"
747490;1675980;2025-12-25;"quinta-feira";"17:20:00";"SC";116;210;"PONTE ALTA";"Sim";"Rea��o tardia ou ineficiente do condutor";1;"Colis�o frontal";"Com V�timas Feridas";"Pleno dia";"Crescente";"Nublado";"Simples";"Curva";"N�o";1334956;"Autom�vel";"RENAULT/LOGAN AUT 1016V/LOGAN AUT 1016V";2012;"Condutor";"Les�es Leves";28;"Masculino";0;1;0;0;-27,5047917;-50,365815;"SPRF-SC";"DEL05-SC";"UOP03-DEL05-SC"
747490;1675979;2025-12-25;"quinta-feira";"17:20:00";"SC";116;210;"PONTE ALTA";"Sim";"Rea��o tardia ou ineficiente do condutor";1;"Colis�o frontal";"Com V�timas Feridas";"Pleno dia";"Crescente";"Nublado";"Simples";"Curva";"N�o";1334955;"Caminhonete";"CHEVROLET/S10 LTZ DD4A/S10 LTZ DD4A";2025;"Passageiro";"Les�es Leves";35;"Masculino";0;1;0;0;-27,5047917;-50,365815;"SPRF-SC";"DEL05-SC";"UOP03-DEL05-SC"
747490;1675978;2025-12-25;"quinta-feira";"17:20:00";"SC";116;210;"PONTE ALTA";"Sim";"Rea��o tardia ou ineficiente do condutor";1;"Colis�o frontal";"Com V�timas Feridas";"Pleno dia";"Crescente";"Nublado";"Simples";"Curva";"N�o";1334955;"Caminhonete";"CHEVROLET/S10 LTZ DD4A/S10 LTZ DD4A";2025;"Passageiro";"Ileso";0;"Feminino";1;0;0;0;-27,5047917;-50,365815;"SPRF-SC";"DEL05-SC";"UOP03-DEL05-SC"
747490;1675977;2025-12-25;"quinta-feira";"17:20:00";"SC";116;210;"PONTE ALTA";"Sim";"Rea��o tardia ou ineficiente do condutor";1;"Colis�o frontal";"Com V�timas Feridas";"Pleno dia";"Crescente";"Nublado";"Simples";"Curva";"N�o";1334955;"Caminhonete";"CHEVROLET/S10 LTZ DD4A/S10 LTZ DD4A";2025;"Passageiro";"Ileso";2;"Feminino";1;0;0;0;-27,5047917;-50,365815;"SPRF-SC";"DEL05-SC";"UOP03-DEL05-SC"
747490;1675976;2025-12-25;"quinta-feira";"17:20:00";"SC";116;210;"PONTE ALTA";"Sim";"Rea��o tardia ou ineficiente do condutor";1;"Colis�o frontal";"Com V�timas Feridas";"Pleno dia";"Crescente";"Nublado";"Simples";"Curva";"N�o";1334955;"Caminhonete";"CHEVROLET/S10 LTZ DD4A/S10 LTZ DD4A";2025;"Condutor";"Les�es Leves";33;"Feminino";0;1;0;0;-27,5047917;-50,365815;"SPRF-SC";"DEL05-SC";"UOP03-DEL05-SC"
747494;1676092;2025-12-18;"quinta-feira";"10:15:00";"PR";376;179;"MARINGA";"Sim";"Condutor deixou de manter dist�ncia do ve�culo da frente";1;"Engavetamento";"Com V�timas Feridas";"Pleno dia";"Decrescente";"Nublado";"Dupla";"Reta";"Sim";1334965;"Autom�vel";"HYUNDAI/HB20 10M COMFORT/HB20 10M COMFORT";0;"Condutor";"Les�es Leves";NA;"Feminino";0;1;0;0;-23,42376925;-51,90091308;"SPRF-PR";"DEL09-PR";"UOP01-DEL09-PR"
747506;1676005;2025-12-17;"quarta-feira";"17:30:00";"RJ";101;506;"ANGRA DOS REIS";"Sim";"Acumulo de areia ou detritos sobre o pavimento";1;"Queda de ocupante de ve�culo";"Com V�timas Feridas";"Pleno dia";"Decrescente";"Chuva";"Simples";"Reta";"Sim";1334973;"Motocicleta";"YAMAHA/YS150 FAZER SED/YS150 FAZER SED";2015;"Condutor";"Les�es Graves";24;"Feminino";0;0;1;0;-22,93310075;-44,39300537;"SPRF-RJ";"DEL03-RJ";"UOP03-DEL03-RJ"
747507;NA;2025-09-27;"s�bado";"10:30:00";"RS";158;88,8;"PALMEIRA DAS MISSOES";"Sim";"Transitar na contram�o";2;"Capotamento";"Com V�timas Fatais";"Pleno dia";"Crescente";"C�u Claro";"Simples";"Reta";"N�o";1334977;"Semireboque";"SR/RANDON SR FG FR 03E/RANDON SR FG FR 03E";2025;NA;NA;NA;NA;NA;NA;NA;NA;-27,8070683;-53,3342603;"SPRF-RS";"DEL08-RS";"UOP02-DEL08-RS"
747507;1676007;2025-09-27;"s�bado";"10:30:00";"RS";158;88,8;"PALMEIRA DAS MISSOES";"Sim";"Transitar na contram�o";2;"Capotamento";"Com V�timas Fatais";"Pleno dia";"Crescente";"C�u Claro";"Simples";"Reta";"N�o";1334976;"Caminh�o-trator";"SCANIA/R500 A6X2/R500 A6X2";2025;"Condutor";"Ileso";35;"Masculino";1;0;0;0;-27,8070683;-53,3342603;"SPRF-RS";"DEL08-RS";"UOP02-DEL08-RS"
747507;1676006;2025-09-27;"s�bado";"10:30:00";"RS";158;88,8;"PALMEIRA DAS MISSOES";"Sim";"Transitar na contram�o";2;"Capotamento";"Com V�timas Fatais";"Pleno dia";"Crescente";"C�u Claro";"Simples";"Reta";"N�o";1334975;"Autom�vel";"I/VW SPACEFOX SPORTLINE/VW SPACEFOX SPORTLINE";2008;"Condutor";"�bito";64;"Masculino";0;0;0;1;-27,8070683;-53,3342603;"SPRF-RS";"DEL08-RS";"UOP02-DEL08-RS"
747507;1676008;2025-09-27;"s�bado";"10:30:00";"RS";158;88,8;"PALMEIRA DAS MISSOES";"Sim";"Transitar na contram�o";2;"Capotamento";"Com V�timas Fatais";"Pleno dia";"Crescente";"C�u Claro";"Simples";"Reta";"N�o";NA;NA;"NA/NA/NA";NA;"Testemunha";"N�o Informado";NA;"N�o Informado";0;0;0;0;-27,8070683;-53,3342603;"SPRF-RS";"DEL08-RS";"UOP02-DEL08-RS"
747507;NA;2025-09-27;"s�bado";"10:30:00";"RS";158;88,8;"PALMEIRA DAS MISSOES";"Sim";"Transitar na contram�o";1;"Colis�o frontal";"Com V�timas Fatais";"Pleno dia";"Crescente";"C�u Claro";"Simples";"Reta";"N�o";1334977;"Semireboque";"SR/RANDON SR FG FR 03E/RANDON SR FG FR 03E";2025;NA;NA;NA;NA;NA;NA;NA;NA;-27,8070683;-53,3342603;"SPRF-RS";"DEL08-RS";"UOP02-DEL08-RS"
747507;1676007;2025-09-27;"s�bado";"10:30:00";"RS";158;88,8;"PALMEIRA DAS MISSOES";"Sim";"Transitar na contram�o";1;"Colis�o frontal";"Com V�timas Fatais";"Pleno dia";"Crescente";"C�u Claro";"Simples";"Reta";"N�o";1334976;"Caminh�o-trator";"SCANIA/R500 A6X2/R500 A6X2";2025;"Condutor";"Ileso";35;"Masculino";1;0;0;0;-27,8070683;-53,3342603;"SPRF-RS";"DEL08-RS";"UOP02-DEL08-RS"
747507;1676006;2025-09-27;"s�bado";"10:30:00";"RS";158;88,8;"PALMEIRA DAS MISSOES";"Sim";"Transitar na contram�o";1;"Colis�o frontal";"Com V�timas Fatais";"Pleno dia";"Crescente";"C�u Claro";"Simples";"Reta";"N�o";1334975;"Autom�vel";"I/VW SPACEFOX SPORTLINE/VW SPACEFOX SPORTLINE";2008;"Condutor";"�bito";64;"Masculino";0;0;0;1;-27,8070683;-53,3342603;"SPRF-RS";"DEL08-RS";"UOP02-DEL08-RS"
747507;1676008;2025-09-27;"s�bado";"10:30:00";"RS";158;88,8;"PALMEIRA DAS MISSOES";"Sim";"Transitar na contram�o";1;"Colis�o frontal";"Com V�timas Fatais";"Pleno dia";"Crescente";"C�u Claro";"Simples";"Reta";"N�o";NA;NA;"NA/NA/NA";NA;"Testemunha";"N�o Informado";NA;"N�o Informado";0;0;0;0;-27,8070683;-53,3342603;"SPRF-RS";"DEL08-RS";"UOP02-DEL08-RS"
747514;1676049;2025-12-19;"sexta-feira";"03:32:00";"PA";163;312;"NOVO PROGRESSO";"N�o";"Trafegar com motocicleta (ou similar) entre as faixas";2;"Queda de ocupante de ve�culo";"Sem V�timas";"Plena Noite";"Crescente";"Ignorado";"Simples";"Reta";"Sim";1335009;"Motocicleta";"N�o Informado/N�o Informado/N�o Informado";0;"Condutor";"N�o Informado";NA;"N�o Informado";0;0;0;0;-7,07125173;-55,40817261;"SPRF-PA";"DEL05-PA";"UOP03-DEL05-PA"
747514;1676049;2025-12-19;"sexta-feira";"03:32:00";"PA";163;312;"NOVO PROGRESSO";"N�o";"Trafegar com motocicleta (ou similar) entre as faixas";1;"Tombamento";"Sem V�timas";"Plena Noite";"Crescente";"Ignorado";"Simples";"Reta";"Sim";1335009;"Motocicleta";"N�o Informado/N�o Informado/N�o Informado";0;"Condutor";"N�o Informado";NA;"N�o Informado";0;0;0;0;-7,07125173;-55,40817261;"SPRF-PA";"DEL05-PA";"UOP03-DEL05-PA"
747514;1676049;2025-12-19;"sexta-feira";"03:32:00";"PA";163;312;"NOVO PROGRESSO";"Sim";"Aus�ncia de rea��o do condutor";2;"Queda de ocupante de ve�culo";"Sem V�timas";"Plena Noite";"Crescente";"Ignorado";"Simples";"Reta";"Sim";1335009;"Motocicleta";"N�o Informado/N�o Informado/N�o Informado";0;"Condutor";"N�o Informado";NA;"N�o Informado";0;0;0;0;-7,07125173;-55,40817261;"SPRF-PA";"DEL05-PA";"UOP03-DEL05-PA"
747514;1676049;2025-12-19;"sexta-feira";"03:32:00";"PA";163;312;"NOVO PROGRESSO";"Sim";"Aus�ncia de rea��o do condutor";1;"Tombamento";"Sem V�timas";"Plena Noite";"Crescente";"Ignorado";"Simples";"Reta";"Sim";1335009;"Motocicleta";"N�o Informado/N�o Informado/N�o Informado";0;"Condutor";"N�o Informado";NA;"N�o Informado";0;0;0;0;-7,07125173;-55,40817261;"SPRF-PA";"DEL05-PA";"UOP03-DEL05-PA"
747519;1676039;2025-12-25;"quinta-feira";"21:15:00";"GO";70;1;"AGUAS LINDAS DE GOIAS";"Sim";"Velocidade Incompat�vel";3;"Sa�da de leito carro��vel";"Com V�timas Fatais";"Plena Noite";"Crescente";"Nublado";"M�ltipla";"Reta";"Sim";1334997;"Autom�vel";"FIAT/PALIO FIRE ECONOMY/PALIO FIRE ECONOMY";2010;"Condutor";"�bito";36;"Masculino";0;0;0;1;-15,77771703;-48,23324203;"SPRF-DF";"DEL03-DF";"UOP02-DEL03-DF"
747519;1676038;2025-12-25;"quinta-feira";"21:15:00";"GO";70;1;"AGUAS LINDAS DE GOIAS";"Sim";"Velocidade Incompat�vel";3;"Sa�da de leito carro��vel";"Com V�timas Fatais";"Plena Noite";"Crescente";"Nublado";"M�ltipla";"Reta";"Sim";1334997;"Autom�vel";"FIAT/PALIO FIRE ECONOMY/PALIO FIRE ECONOMY";2010;"Passageiro";"Les�es Graves";NA;"Feminino";0;0;1;0;-15,77771703;-48,23324203;"SPRF-DF";"DEL03-DF";"UOP02-DEL03-DF"
747519;1676039;2025-12-25;"quinta-feira";"21:15:00";"GO";70;1;"AGUAS LINDAS DE GOIAS";"Sim";"Velocidade Incompat�vel";2;"Colis�o com objeto";"Com V�timas Fatais";"Plena Noite";"Crescente";"Nublado";"M�ltipla";"Reta";"Sim";1334997;"Autom�vel";"FIAT/PALIO FIRE ECONOMY/PALIO FIRE ECONOMY";2010;"Condutor";"�bito";36;"Masculino";0;0;0;1;-15,77771703;-48,23324203;"SPRF-DF";"DEL03-DF";"UOP02-DEL03-DF"
747519;1676038;2025-12-25;"quinta-feira";"21:15:00";"GO";70;1;"AGUAS LINDAS DE GOIAS";"Sim";"Velocidade Incompat�vel";2;"Colis�o com objeto";"Com V�timas Fatais";"Plena Noite";"Crescente";"Nublado";"M�ltipla";"Reta";"Sim";1334997;"Autom�vel";"FIAT/PALIO FIRE ECONOMY/PALIO FIRE ECONOMY";2010;"Passageiro";"Les�es Graves";NA;"Feminino";0;0;1;0;-15,77771703;-48,23324203;"SPRF-DF";"DEL03-DF";"UOP02-DEL03-DF"
747519;1676039;2025-12-25;"quinta-feira";"21:15:00";"GO";70;1;"AGUAS LINDAS DE GOIAS";"Sim";"Velocidade Incompat�vel";1;"Capotamento";"Com V�timas Fatais";"Plena Noite";"Crescente";"Nublado";"M�ltipla";"Reta";"Sim";1334997;"Autom�vel";"FIAT/PALIO FIRE ECONOMY/PALIO FIRE ECONOMY";2010;"Condutor";"�bito";36;"Masculino";0;0;0;1;-15,77771703;-48,23324203;"SPRF-DF";"DEL03-DF";"UOP02-DEL03-DF"
747519;1676038;2025-12-25;"quinta-feira";"21:15:00";"GO";70;1;"AGUAS LINDAS DE GOIAS";"Sim";"Velocidade Incompat�vel";1;"Capotamento";"Com V�timas Fatais";"Plena Noite";"Crescente";"Nublado";"M�ltipla";"Reta";"Sim";1334997;"Autom�vel";"FIAT/PALIO FIRE ECONOMY/PALIO FIRE ECONOMY";2010;"Passageiro";"Les�es Graves";NA;"Feminino";0;0;1;0;-15,77771703;-48,23324203;"SPRF-DF";"DEL03-DF";"UOP02-DEL03-DF"