"id";"pesid";"data_inversa";"dia_semana";"horario";"uf";"br";"km";"municipio";"causa_principal";"causa_acidente";"ordem_tipo_acidente";"tipo_acidente";"classificacao_acidente";"fase_dia";"sentido_via";"condicao_metereologica";"tipo_pista";"tracado_via";"uso_solo";"id_veiculo";"tipo_veiculo";"marca";"ano_fabricacao_veiculo";"tipo_envolvido";"estado_fisico";"idade";"sexo";"ilesos";"feridos_leves";"feridos_graves";"mortos";"latitude";"longitude";"regional";"delegacia";"uop"
747525;1676047;2025-12-30;"ter�a-feira";"20:10:00";"SC";101;1,3;"FLORIANOPOLIS";"Sim";"Rea��o tardia ou ineficiente do condutor";1;"Colis�o traseira";"Com V�timas Feridas";"Plena Noite";"Decrescente";"Chuva";"Dupla";"Reta";"Sim";1335007;"Autom�vel";"HONDA/CIVIC LX/CIVIC LX";2002;"Condutor";"Ileso";28;"Masculino";1;0;0;0;-27,603835;-48,583453;"SPRF-SC";"DEL03-SC";"UOP01-DEL03-SC"
747525;1676046;2025-12-30;"ter�a-feira";"20:10:00";"SC";101;1,3;"FLORIANOPOLIS";"Sim";"Rea��o tardia ou ineficiente do condutor";1;"Colis�o traseira";"Com V�timas Feridas";"Plena Noite";"Decrescente";"Chuva";"Dupla";"Reta";"Sim";1335006;"Autom�vel";"FORD/FIESTA 1.6 FLEX/FIESTA 1.6 FLEX";2011;"Passageiro";"Les�es Leves";49;"Feminino";0;1;0;0;-27,603835;-48,583453;"SPRF-SC";"DEL03-SC";"UOP01-DEL03-SC"
747525;1676045;2025-12-30;"ter�a-feira";"20:10:00";"SC";101;1,3;"FLORIANOPOLIS";"Sim";"Rea��o tardia ou ineficiente do condutor";1;"Colis�o traseira";"Com V�timas Feridas";"Plena Noite";"Decrescente";"Chuva";"Dupla";"Reta";"Sim";1335006;"Autom�vel";"FORD/FIESTA 1.6 FLEX/FIESTA 1.6 FLEX";2011;"Condutor";"Ileso";52;"Masculino";1;0;0;0;-27,603835;-48,583453;"SPRF-SC";"DEL03-SC";"UOP01-DEL03-SC"
747542;1676105;2025-12-24;"quarta-feira";"14:55:00";"PE";101;208,6;"XEXEU";"Sim";"Velocidade Incompat�vel";2;"Capotamento";"Com V�timas Feridas";"Pleno dia";"Crescente";"Nublado";"Dupla";"Curva";"N�o";1335033;"Autom�vel";"CHEVROLET/ONIX 1.4MT LT/ONIX 1.4MT LT";2019;"Condutor";"Les�es Leves";38;"Masculino";0;1;0;0;-8,83409;-35,64431;"SPRF-PE";"DEL01-PE";"UOP03-DEL01-PE"
747542;1676105;2025-12-24;"quarta-feira";"14:55:00";"PE";101;208,6;"XEXEU";"Sim";"Velocidade Incompat�vel";1;"Sa�da de leito carro��vel";"Com V�timas Feridas";"Pleno dia";"Crescente";"Nublado";"Dupla";"Curva";"N�o";1335033;"Autom�vel";"CHEVROLET/ONIX 1.4MT LT/ONIX 1.4MT LT";2019;"Condutor";"Les�es Leves";38;"Masculino";0;1;0;0;-8,83409;-35,64431;"SPRF-PE";"DEL01-PE";"UOP03-DEL01-PE"
747576;1676186;2025-07-27;"domingo";"13:32:00";"PI";343;2,7;"TERESINA";"Sim";"Manobra de mudan�a de faixa";1;"Colis�o lateral mesmo sentido";"Sem V�timas";"Pleno dia";"Decrescente";"C�u Claro";"Dupla";"Reta";"Sim";1335098;"Caminhonete";"MMC/L200 4X4 GLS/L200 4X4 GLS";2001;"Condutor";"Ileso";66;"Masculino";1;0;0;0;-5,081149;-42,774318;"SPRF-PI";"DEL01-PI";"UOP01-DEL01-PI"
747576;1676185;2025-07-27;"domingo";"13:32:00";"PI";343;2,7;"TERESINA";"Sim";"Manobra de mudan�a de faixa";1;"Colis�o lateral mesmo sentido";"Sem V�timas";"Pleno dia";"Decrescente";"C�u Claro";"Dupla";"Reta";"Sim";1335097;"Autom�vel";"TOYOTA/YARIS SA XS15/YARIS SA XS15";2023;"Condutor";"Ileso";60;"Masculino";1;0;0;0;-5,081149;-42,774318;"SPRF-PI";"DEL01-PI";"UOP01-DEL01-PI"
747627;1676333;2025-11-17;"segunda-feira";"17:04:00";"MA";230;400,2;"BALSAS";"N�o";"Transitar na contram�o";2;"Tombamento";"Com V�timas Feridas";"Pleno dia";"Decrescente";"C�u Claro";"Simples";"Reta";"N�o";1335203;"Motocicleta";"HONDA/CG 160 START/CG 160 START";2022;"Passageiro";"Les�es Graves";47;"Masculino";0;0;1;0;-7,497057;-46,026572;"SPRF-MA";"DEL05-MA";"UOP01-DEL05-MA"
747627;1676332;2025-11-17;"segunda-feira";"17:04:00";"MA";230;400,2;"BALSAS";"N�o";"Transitar na contram�o";2;"Tombamento";"Com V�timas Feridas";"Pleno dia";"Decrescente";"C�u Claro";"Simples";"Reta";"N�o";1335203;"Motocicleta";"HONDA/CG 160 START/CG 160 START";2022;"Condutor";"Les�es Graves";21;"Masculino";0;0;1;0;-7,497057;-46,026572;"SPRF-MA";"DEL05-MA";"UOP01-DEL05-MA"
747627;1676331;2025-11-17;"segunda-feira";"17:04:00";"MA";230;400,2;"BALSAS";"N�o";"Transitar na contram�o";2;"Tombamento";"Com V�timas Feridas";"Pleno dia";"Decrescente";"C�u Claro";"Simples";"Reta";"N�o";1335202;"Caminhonete";"FIAT/STRADA FREEDOM CD13/STRADA FREEDOM CD13";2023;"Condutor";"Ileso";34;"Masculino";1;0;0;0;-7,497057;-46,026572;"SPRF-MA";"DEL05-MA";"UOP01-DEL05-MA"
747627;1676333;2025-11-17;"segunda-feira";"17:04:00";"MA";230;400,2;"BALSAS";"N�o";"Transitar na contram�o";1;"Colis�o lateral mesmo sentido";"Com V�timas Feridas";"Pleno dia";"Decrescente";"C�u Claro";"Simples";"Reta";"N�o";1335203;"Motocicleta";"HONDA/CG 160 START/CG 160 START";2022;"Passageiro";"Les�es Graves";47;"Masculino";0;0;1;0;-7,497057;-46,026572;"SPRF-MA";"DEL05-MA";"UOP01-DEL05-MA"
747627;1676332;2025-11-17;"segunda-feira";"17:04:00";"MA";230;400,2;"BALSAS";"N�o";"Transitar na contram�o";1;"Colis�o lateral mesmo sentido";"Com V�timas Feridas";"Pleno dia";"Decrescente";"C�u Claro";"Simples";"Reta";"N�o";1335203;"Motocicleta";"HONDA/CG 160 START/CG 160 START";2022;"Condutor";"Les�es Graves";21;"Masculino";0;0;1;0;-7,497057;-46,026572;"SPRF-MA";"DEL05-MA";"UOP01-DEL05-MA"
747627;1676331;2025-11-17;"segunda-feira";"17:04:00";"MA";230;400,2;"BALSAS";"N�o";"Transitar na contram�o";1;"Colis�o lateral mesmo sentido";"Com V�timas Feridas";"Pleno dia";"Decrescente";"C�u Claro";"Simples";"Reta";"N�o";1335202;"Caminhonete";"FIAT/STRADA FREEDOM CD13/STRADA FREEDOM CD13";2023;"Condutor";"Ileso";34;"Masculino";1;0;0;0;-7,497057;-46,026572;"SPRF-MA";"DEL05-MA";"UOP01-DEL05-MA"
747627;1676333;2025-11-17;"segunda-feira";"17:04:00";"MA";230;400,2;"BALSAS";"N�o";"Falta de acostamento";2;"Tombamento";"Com V�timas Feridas";"Pleno dia";"Decrescente";"C�u Claro";"Simples";"Reta";"N�o";1335203;"Motocicleta";"HONDA/CG 160 START/CG 160 START";2022;"Passageiro";"Les�es Graves";47;"Masculino";0;0;1;0;-7,497057;-46,026572;"SPRF-MA";"DEL05-MA";"UOP01-DEL05-MA"
747627;1676332;2025-11-17;"segunda-feira";"17:04:00";"MA";230;400,2;"BALSAS";"N�o";"Falta de acostamento";2;"Tombamento";"Com V�timas Feridas";"Pleno dia";"Decrescente";"C�u Claro";"Simples";"Reta";"N�o";1335203;"Motocicleta";"HONDA/CG 160 START/CG 160 START";2022;"Condutor";"Les�es Graves";21;"Masculino";0;0;1;0;-7,497057;-46,026572;"SPRF-MA";"DEL05-MA";"UOP01-DEL05-MA"
747627;1676331;2025-11-17;"segunda-feira";"17:04:00";"MA";230;400,2;"BALSAS";"N�o";"Falta de acostamento";2;"Tombamento";"Com V�timas Feridas";"Pleno dia";"Decrescente";"C�u Claro";"Simples";"Reta";"N�o";1335202;"Caminhonete";"FIAT/STRADA FREEDOM CD13/STRADA FREEDOM CD13";2023;"Condutor";"Ileso";34;"Masculino";1;0;0;0;-7,497057;-46,026572;"SPRF-MA";"DEL05-MA";"UOP01-DEL05-MA"
747627;1676333;2025-11-17;"segunda-feira";"17:04:00";"MA";230;400,2;"BALSAS";"N�o";"Falta de acostamento";1;"Colis�o lateral mesmo sentido";"Com V�timas Feridas";"Pleno dia";"Decrescente";"C�u Claro";"Simples";"Reta";"N�o";1335203;"Motocicleta";"HONDA/CG 160 START/CG 160 START";2022;"Passageiro";"Les�es Graves";47;"Masculino";0;0;1;0;-7,497057;-46,026572;"SPRF-MA";"DEL05-MA";"UOP01-DEL05-MA"
747627;1676332;2025-11-17;"segunda-feira";"17:04:00";"MA";230;400,2;"BALSAS";"N�o";"Falta de acostamento";1;"Colis�o lateral mesmo sentido";"Com V�timas Feridas";"Pleno dia";"Decrescente";"C�u Claro";"Simples";"Reta";"N�o";1335203;"Motocicleta";"HONDA/CG 160 START/CG 160 START";2022;"Condutor";"Les�es Graves";21;"Masculino";0;0;1;0;-7,497057;-46,026572;"SPRF-MA";"DEL05-MA";"UOP01-DEL05-MA"
747627;1676331;2025-11-17;"segunda-feira";"17:04:00";"MA";230;400,2;"BALSAS";"N�o";"Falta de acostamento";1;"Colis�o lateral mesmo sentido";"Com V�timas Feridas";"Pleno dia";"Decrescente";"C�u Claro";"Simples";"Reta";"N�o";1335202;"Caminhonete";"FIAT/STRADA FREEDOM CD13/STRADA FREEDOM CD13";2023;"Condutor";"Ileso";34;"Masculino";1;0;0;0;-7,497057;-46,026572;"SPRF-MA";"DEL05-MA";"UOP01-DEL05-MA"
747627;1676333;2025-11-17;"segunda-feira";"17:04:00";"MA";230;400,2;"BALSAS";"N�o";"Condutor deixou de manter dist�ncia do ve�culo da frente";2;"Tombamento";"Com V�timas Feridas";"Pleno dia";"Decrescente";"C�u Claro";"Simples";"Reta";"N�o";1335203;"Motocicleta";"HONDA/CG 160 START/CG 160 START";2022;"Passageiro";"Les�es Graves";47;"Masculino";0;0;1;0;-7,497057;-46,026572;"SPRF-MA";"DEL05-MA";"UOP01-DEL05-MA"
747627;1676332;2025-11-17;"segunda-feira";"17:04:00";"MA";230;400,2;"BALSAS";"N�o";"Condutor deixou de manter dist�ncia do ve�culo da frente";2;"Tombamento";"Com V�timas Feridas";"Pleno dia";"Decrescente";"C�u Claro";"Simples";"Reta";"N�o";1335203;"Motocicleta";"HONDA/CG 160 START/CG 160 START";2022;"Condutor";"Les�es Graves";21;"Masculino";0;0;1;0;-7,497057;-46,026572;"SPRF-MA";"DEL05-MA";"UOP01-DEL05-MA"
747627;1676331;2025-11-17;"segunda-feira";"17:04:00";"MA";230;400,2;"BALSAS";"N�o";"Condutor deixou de manter dist�ncia do ve�culo da frente";2;"Tombamento";"Com V�timas Feridas";"Pleno dia";"Decrescente";"C�u Claro";"Simples";"Reta";"N�o";1335202;"Caminhonete";"FIAT/STRADA FREEDOM CD13/STRADA FREEDOM CD13";2023;"Condutor";"Ileso";34;"Masculino";1;0;0;0;-7,497057;-46,026572;"SPRF-MA";"DEL05-MA";"UOP01-DEL05-MA"
747627;1676333;2025-11-17;"segunda-feira";"17:04:00";"MA";230;400,2;"BALSAS";"N�o";"Condutor deixou de manter dist�ncia do ve�culo da frente";1;"Colis�o lateral mesmo sentido";"Com V�timas Feridas";"Pleno dia";"Decrescente";"C�u Claro";"Simples";"Reta";"N�o";1335203;"Motocicleta";"HONDA/CG 160 START/CG 160 START";2022;"Passageiro";"Les�es Graves";47;"Masculino";0;0;1;0;-7,497057;-46,026572;"SPRF-MA";"DEL05-MA";"UOP01-DEL05-MA"
747627;1676332;2025-11-17;"segunda-feira";"17:04:00";"MA";230;400,2;"BALSAS";"N�o";"Condutor deixou de manter dist�ncia do ve�culo da frente";1;"Colis�o lateral mesmo sentido";"Com V�timas Feridas";"Pleno dia";"Decrescente";"C�u Claro";"Simples";"Reta";"N�o";1335203;"Motocicleta";"HONDA/CG 160 START/CG 160 START";2022;"Condutor";"Les�es Graves";21;"Masculino";0;0;1;0;-7,497057;-46,026572;"SPRF-MA";"DEL05-MA";"UOP01-DEL05-MA"
747627;1676331;2025-11-17;"segunda-feira";"17:04:00";"MA";230;400,2;"BALSAS";"N�o";"Condutor deixou de manter dist�ncia do ve�culo da frente";1;"Colis�o lateral mesmo sentido";"Com V�timas Feridas";"Pleno dia";"Decrescente";"C�u Claro";"Simples";"Reta";"N�o";1335202;"Caminhonete";"FIAT/STRADA FREEDOM CD13/STRADA FREEDOM CD13";2023;"Condutor";"Ileso";34;"Masculino";1;0;0;0;-7,497057;-46,026572;"SPRF-MA";"DEL05-MA";"UOP01-DEL05-MA"
747627;1676333;2025-11-17;"segunda-feira";"17:04:00";"MA";230;400,2;"BALSAS";"N�o";"Aus�ncia de rea��o do condutor";2;"Tombamento";"Com V�timas Feridas";"Pleno dia";"Decrescente";"C�u Claro";"Simples";"Reta";"N�o";1335203;"Motocicleta";"HONDA/CG 160 START/CG 160 START";2022;"Passageiro";"Les�es Graves";47;"Masculino";0;0;1;0;-7,497057;-46,026572;"SPRF-MA";"DEL05-MA";"UOP01-DEL05-MA"
747627;1676332;2025-11-17;"segunda-feira";"17:04:00";"MA";230;400,2;"BALSAS";"N�o";"Aus�ncia de rea��o do condutor";2;"Tombamento";"Com V�timas Feridas";"Pleno dia";"Decrescente";"C�u Claro";"Simples";"Reta";"N�o";1335203;"Motocicleta";"HONDA/CG 160 START/CG 160 START";2022;"Condutor";"Les�es Graves";21;"Masculino";0;0;1;0;-7,497057;-46,026572;"SPRF-MA";"DEL05-MA";"UOP01-DEL05-MA"
747627;1676331;2025-11-17;"segunda-feira";"17:04:00";"MA";230;400,2;"BALSAS";"N�o";"Aus�ncia de rea��o do condutor";2;"Tombamento";"Com V�timas Feridas";"Pleno dia";"Decrescente";"C�u Claro";"Simples";"Reta";"N�o";1335202;"Caminhonete";"FIAT/STRADA FREEDOM CD13/STRADA FREEDOM CD13";2023;"Condutor";"Ileso";34;"Masculino";1;0;0;0;-7,497057;-46,026572;"SPRF-MA";"DEL05-MA";"UOP01-DEL05-MA"
747627;1676333;2025-11-17;"segunda-feira";"17:04:00";"MA";230;400,2;"BALSAS";"N�o";"Aus�ncia de rea��o do condutor";1;"Colis�o lateral mesmo sentido";"Com V�timas Feridas";"Pleno dia";"Decrescente";"C�u Claro";"Simples";"Reta";"N�o";1335203;"Motocicleta";"HONDA/CG 160 START/CG 160 START";2022;"Passageiro";"Les�es Graves";47;"Masculino";0;0;1;0;-7,497057;-46,026572;"SPRF-MA";"DEL05-MA";"UOP01-DEL05-MA"
747627;1676332;2025-11-17;"segunda-feira";"17:04:00";"MA";230;400,2;"BALSAS";"N�o";"Aus�ncia de rea��o do condutor";1;"Colis�o lateral mesmo sentido";"Com V�timas Feridas";"Pleno dia";"Decrescente";"C�u Claro";"Simples";"Reta";"N�o";1335203;"Motocicleta";"HONDA/CG 160 START/CG 160 START";2022;"Condutor";"Les�es Graves";21;"Masculino";0;0;1;0;-7,497057;-46,026572;"SPRF-MA";"DEL05-MA";"UOP01-DEL05-MA"
747627;1676331;2025-11-17;"segunda-feira";"17:04:00";"MA";230;400,2;"BALSAS";"N�o";"Aus�ncia de rea��o do condutor";1;"Colis�o lateral mesmo sentido";"Com V�timas Feridas";"Pleno dia";"Decrescente";"C�u Claro";"Simples";"Reta";"N�o";1335202;"Caminhonete";"FIAT/STRADA FREEDOM CD13/STRADA FREEDOM CD13";2023;"Condutor";"Ileso";34;"Masculino";1;0;0;0;-7,497057;-46,026572;"SPRF-MA";"DEL05-MA";"UOP01-DEL05-MA"
747627;1676333;2025-11-17;"segunda-feira";"17:04:00";"MA";230;400,2;"BALSAS";"Sim";"Acesso irregular";2;"Tombamento";"Com V�timas Feridas";"Pleno dia";"Decrescente";"C�u Claro";"Simples";"Reta";"N�o";1335203;"Motocicleta";"HONDA/CG 160 START/CG 160 START";2022;"Passageiro";"Les�es Graves";47;"Masculino";0;0;1;0;-7,497057;-46,026572;"SPRF-MA";"DEL05-MA";"UOP01-DEL05-MA"
747627;1676332;2025-11-17;"segunda-feira";"17:04:00";"MA";230;400,2;"BALSAS";"Sim";"Acesso irregular";2;"Tombamento";"Com V�timas Feridas";"Pleno dia";"Decrescente";"C�u Claro";"Simples";"Reta";"N�o";1335203;"Motocicleta";"HONDA/CG 160 START/CG 160 START";2022;"Condutor";"Les�es Graves";21;"Masculino";0;0;1;0;-7,497057;-46,026572;"SPRF-MA";"DEL05-MA";"UOP01-DEL05-MA"
747627;1676331;2025-11-17;"segunda-feira";"17:04:00";"MA";230;400,2;"BALSAS";"Sim";"Acesso irregular";2;"Tombamento";"Com V�timas Feridas";"Pleno dia";"Decrescente";"C�u Claro";"Simples";"Reta";"N�o";1335202;"Caminhonete";"FIAT/STRADA FREEDOM CD13/STRADA FREEDOM CD13";2023;"Condutor";"Ileso";34;"Masculino";1;0;0;0;-7,497057;-46,026572;"SPRF-MA";"DEL05-MA";"UOP01-DEL05-MA"
747627;1676333;2025-11-17;"segunda-feira";"17:04:00";"MA";230;400,2;"BALSAS";"Sim";"Acesso irregular";1;"Colis�o lateral mesmo sentido";"Com V�timas Feridas";"Pleno dia";"Decrescente";"C�u Claro";"Simples";"Reta";"N�o";1335203;"Motocicleta";"HONDA/CG 160 START/CG 160 START";2022;"Passageiro";"Les�es Graves";47;"Masculino";0;0;1;0;-7,497057;-46,026572;"SPRF-MA";"DEL05-MA";"UOP01-DEL05-MA"
747627;1676332;2025-11-17;"segunda-feira";"17:04:00";"MA";230;400,2;"BALSAS";"Sim";"Acesso irregular";1;"Colis�o lateral mesmo sentido";"Com V�timas Feridas";"Pleno dia";"Decrescente";"C�u Claro";"Simples";"Reta";"N�o";1335203;"Motocicleta";"HONDA/CG 160 START/CG 160 START";2022;"Condutor";"Les�es Graves";21;"Masculino";0;0;1;0;-7,497057;-46,026572;"SPRF-MA";"DEL05-MA";"UOP01-DEL05-MA"
747627;1676331;2025-11-17;"segunda-feira";"17:04:00";"MA";230;400,2;"BALSAS";"Sim";"Acesso irregular";1;"Colis�o lateral mesmo sentido";"Com V�timas Feridas";"Pleno dia";"Decrescente";"C�u Claro";"Simples";"Reta";"N�o";1335202;"Caminhonete";"FIAT/STRADA FREEDOM CD13/STRADA FREEDOM CD13";2023;"Condutor";"Ileso";34;"Masculino";1;0;0;0;-7,497057;-46,026572;"SPRF-MA";"DEL05-MA";"UOP01-DEL05-MA"
747703;1676524;2025-11-23;"domingo";"21:20:00";"MT";70;591;"POCONE";"Sim";"Transitar na contram�o";4;"Tombamento";"Com V�timas Fatais";"Plena Noite";"Crescente";"C�u Claro";"Simples";"Curva";"N�o";1335350;"Autom�vel";"VW/VOYAGE 1.0/VOYAGE 1.0";2012;"Passageiro";"Ileso";35;"Masculino";1;0;0;0;-15,8201713;-56,7304584;"SPRF-MT";"DEL03-MT";"UOP02-DEL03-MT"
747703;1676523;2025-11-23;"domingo";"21:20:00";"MT";70;591;"POCONE";"Sim";"Transitar na contram�o";4;"Tombamento";"Com V�timas Fatais";"Plena Noite";"Crescente";"C�u Claro";"Simples";"Curva";"N�o";1335350;"Autom�vel";"VW/VOYAGE 1.0/VOYAGE 1.0";2012;"Condutor";"Ileso";33;"Masculino";1;0;0;0;-15,8201713;-56,7304584;"SPRF-MT";"DEL03-MT";"UOP02-DEL03-MT"
747703;1676522;2025-11-23;"domingo";"21:20:00";"MT";70;591;"POCONE";"Sim";"Transitar na contram�o";4;"Tombamento";"Com V�timas Fatais";"Plena Noite";"Crescente";"C�u Claro";"Simples";"Curva";"N�o";1335349;"Autom�vel";"VW/NOVO GOL 1.0 CITY/NOVO GOL 1.0 CITY";2014;"Passageiro";"Ileso";10;"Masculino";1;0;0;0;-15,8201713;-56,7304584;"SPRF-MT";"DEL03-MT";"UOP02-DEL03-MT"
747703;1676521;2025-11-23;"domingo";"21:20:00";"MT";70;591;"POCONE";"Sim";"Transitar na contram�o";4;"Tombamento";"Com V�timas Fatais";"Plena Noite";"Crescente";"C�u Claro";"Simples";"Curva";"N�o";1335349;"Autom�vel";"VW/NOVO GOL 1.0 CITY/NOVO GOL 1.0 CITY";2014;"Passageiro";"Ileso";6;"Feminino";1;0;0;0;-15,8201713;-56,7304584;"SPRF-MT";"DEL03-MT";"UOP02-DEL03-MT"
747703;1676520;2025-11-23;"domingo";"21:20:00";"MT";70;591;"POCONE";"Sim";"Transitar na contram�o";4;"Tombamento";"Com V�timas Fatais";"Plena Noite";"Crescente";"C�u Claro";"Simples";"Curva";"N�o";1335349;"Autom�vel";"VW/NOVO GOL 1.0 CITY/NOVO GOL 1.0 CITY";2014;"Condutor";"Ileso";47;"Masculino";1;0;0;0;-15,8201713;-56,7304584;"SPRF-MT";"DEL03-MT";"UOP02-DEL03-MT"
747703;1676525;2025-11-23;"domingo";"21:20:00";"MT";70;591;"POCONE";"Sim";"Transitar na contram�o";4;"Tombamento";"Com V�timas Fatais";"Plena Noite";"Crescente";"C�u Claro";"Simples";"Curva";"N�o";1335348;"Utilit�rio";"I/TOYOTA HILUXSW4 SRV4X4/TOYOTA HILUXSW4 SRV4X4";2013;"Condutor";"Les�es Leves";45;"Feminino";0;1;0;0;-15,8201713;-56,7304584;"SPRF-MT";"DEL03-MT";"UOP02-DEL03-MT"
747703;1676519;2025-11-23;"domingo";"21:20:00";"MT";70;591;"POCONE";"Sim";"Transitar na contram�o";4;"Tombamento";"Com V�timas Fatais";"Plena Noite";"Crescente";"C�u Claro";"Simples";"Curva";"N�o";1335348;"Utilit�rio";"I/TOYOTA HILUXSW4 SRV4X4/TOYOTA HILUXSW4 SRV4X4";2013;"Passageiro";"Les�es Leves";42;"Feminino";0;1;0;0;-15,8201713;-56,7304584;"SPRF-MT";"DEL03-MT";"UOP02-DEL03-MT"
747703;1676518;2025-11-23;"domingo";"21:20:00";"MT";70;591;"POCONE";"Sim";"Transitar na contram�o";4;"Tombamento";"Com V�timas Fatais";"Plena Noite";"Crescente";"C�u Claro";"Simples";"Curva";"N�o";1335348;"Utilit�rio";"I/TOYOTA HILUXSW4 SRV4X4/TOYOTA HILUXSW4 SRV4X4";2013;"Passageiro";"Les�es Graves";16;"Feminino";0;0;1;0;-15,8201713;-56,7304584;"SPRF-MT";"DEL03-MT";"UOP02-DEL03-MT"
747703;1676526;2025-11-23;"domingo";"21:20:00";"MT";70;591;"POCONE";"Sim";"Transitar na contram�o";4;"Tombamento";"Com V�timas Fatais";"Plena Noite";"Crescente";"C�u Claro";"Simples";"Curva";"N�o";1335347;"Autom�vel";"FORD/KA SE 1.0 HA C/KA SE 1.0 HA C";2019;"Passageiro";"�bito";14;"Feminino";0;0;0;1;-15,8201713;-56,7304584;"SPRF-MT";"DEL03-MT";"UOP02-DEL03-MT"
747703;1676517;2025-11-23;"domingo";"21:20:00";"MT";70;591;"POCONE";"Sim";"Transitar na contram�o";4;"Tombamento";"Com V�timas Fatais";"Plena Noite";"Crescente";"C�u Claro";"Simples";"Curva";"N�o";1335347;"Autom�vel";"FORD/KA SE 1.0 HA C/KA SE 1.0 HA C";2019;"Passageiro";"�bito";46;"Feminino";0;0;0;1;-15,8201713;-56,7304584;"SPRF-MT";"DEL03-MT";"UOP02-DEL03-MT"
747703;1676516;2025-11-23;"domingo";"21:20:00";"MT";70;591;"POCONE";"Sim";"Transitar na contram�o";4;"Tombamento";"Com V�timas Fatais";"Plena Noite";"Crescente";"C�u Claro";"Simples";"Curva";"N�o";1335347;"Autom�vel";"FORD/KA SE 1.0 HA C/KA SE 1.0 HA C";2019;"Passageiro";"Les�es Graves";47;"Feminino";0;0;1;0;-15,8201713;-56,7304584;"SPRF-MT";"DEL03-MT";"UOP02-DEL03-MT"
747703;1676515;2025-11-23;"domingo";"21:20:00";"MT";70;591;"POCONE";"Sim";"Transitar na contram�o";4;"Tombamento";"Com V�timas Fatais";"Plena Noite";"Crescente";"C�u Claro";"Simples";"Curva";"N�o";1335347;"Autom�vel";"FORD/KA SE 1.0 HA C/KA SE 1.0 HA C";2019;"Condutor";"�bito";51;"Masculino";0;0;0;1;-15,8201713;-56,7304584;"SPRF-MT";"DEL03-MT";"UOP02-DEL03-MT"
747703;1676524;2025-11-23;"domingo";"21:20:00";"MT";70;591;"POCONE";"Sim";"Transitar na contram�o";3;"Capotamento";"Com V�timas Fatais";"Plena Noite";"Crescente";"C�u Claro";"Simples";"Curva";"N�o";1335350;"Autom�vel";"VW/VOYAGE 1.0/VOYAGE 1.0";2012;"Passageiro";"Ileso";35;"Masculino";1;0;0;0;-15,8201713;-56,7304584;"SPRF-MT";"DEL03-MT";"UOP02-DEL03-MT"
747703;1676523;2025-11-23;"domingo";"21:20:00";"MT";70;591;"POCONE";"Sim";"Transitar na contram�o";3;"Capotamento";"Com V�timas Fatais";"Plena Noite";"Crescente";"C�u Claro";"Simples";"Curva";"N�o";1335350;"Autom�vel";"VW/VOYAGE 1.0/VOYAGE 1.0";2012;"Condutor";"Ileso";33;"Masculino";1;0;0;0;-15,8201713;-56,7304584;"SPRF-MT";"DEL03-MT";"UOP02-DEL03-MT"
747703;1676522;2025-11-23;"domingo";"21:20:00";"MT";70;591;"POCONE";"Sim";"Transitar na contram�o";3;"Capotamento";"Com V�timas Fatais";"Plena Noite";"Crescente";"C�u Claro";"Simples";"Curva";"N�o";1335349;"Autom�vel";"VW/NOVO GOL 1.0 CITY/NOVO GOL 1.0 CITY";2014;"Passageiro";"Ileso";10;"Masculino";1;0;0;0;-15,8201713;-56,7304584;"SPRF-MT";"DEL03-MT";"UOP02-DEL03-MT"
747703;1676521;2025-11-23;"domingo";"21:20:00";"MT";70;591;"POCONE";"Sim";"Transitar na contram�o";3;"Capotamento";"Com V�timas Fatais";"Plena Noite";"Crescente";"C�u Claro";"Simples";"Curva";"N�o";1335349;"Autom�vel";"VW/NOVO GOL 1.0 CITY/NOVO GOL 1.0 CITY";2014;"Passageiro";"Ileso";6;"Feminino";1;0;0;0;-15,8201713;-56,7304584;"SPRF-MT";"DEL03-MT";"UOP02-DEL03-MT"
747703;1676520;2025-11-23;"domingo";"21:20:00";"MT";70;591;"POCONE";"Sim";"Transitar na contram�o";3;"Capotamento";"Com V�timas Fatais";"Plena Noite";"Crescente";"C�u Claro";"Simples";"Curva";"N�o";1335349;"Autom�vel";"VW/NOVO GOL 1.0 CITY/NOVO GOL 1.0 CITY";2014;"Condutor";"Ileso";47;"Masculino";1;0;0;0;-15,8201713;-56,7304584;"SPRF-MT";"DEL03-MT";"UOP02-DEL03-MT"
747703;1676525;2025-11-23;"domingo";"21:20:00";"MT";70;591;"POCONE";"Sim";"Transitar na contram�o";3;"Capotamento";"Com V�timas Fatais";"Plena Noite";"Crescente";"C�u Claro";"Simples";"Curva";"N�o";1335348;"Utilit�rio";"I/TOYOTA HILUXSW4 SRV4X4/TOYOTA HILUXSW4 SRV4X4";2013;"Condutor";"Les�es Leves";45;"Feminino";0;1;0;0;-15,8201713;-56,7304584;"SPRF-MT";"DEL03-MT";"UOP02-DEL03-MT"
747703;1676519;2025-11-23;"domingo";"21:20:00";"MT";70;591;"POCONE";"Sim";"Transitar na contram�o";3;"Capotamento";"Com V�timas Fatais";"Plena Noite";"Crescente";"C�u Claro";"Simples";"Curva";"N�o";1335348;"Utilit�rio";"I/TOYOTA HILUXSW4 SRV4X4/TOYOTA HILUXSW4 SRV4X4";2013;"Passageiro";"Les�es Leves";42;"Feminino";0;1;0;0;-15,8201713;-56,7304584;"SPRF-MT";"DEL03-MT";"UOP02-DEL03-MT"