"id";"pesid";"data_inversa";"dia_semana";"horario";"uf";"br";"km";"municipio";"causa_principal";"causa_acidente";"ordem_tipo_acidente";"tipo_acidente";"classificacao_acidente";"fase_dia";"sentido_via";"condicao_metereologica";"tipo_pista";"tracado_via";"uso_solo";"id_veiculo";"tipo_veiculo";"marca";"ano_fabricacao_veiculo";"tipo_envolvido";"estado_fisico";"idade";"sexo";"ilesos";"feridos_leves";"feridos_graves";"mortos";"latitude";"longitude";"regional";"delegacia";"uop"
747703;1676518;2025-11-23;"domingo";"21:20:00";"MT";70;591;"POCONE";"Sim";"Transitar na contram�o";3;"Capotamento";"Com V�timas Fatais";"Plena Noite";"Crescente";"C�u Claro";"Simples";"Curva";"N�o";1335348;"Utilit�rio";"I/TOYOTA HILUXSW4 SRV4X4/TOYOTA HILUXSW4 SRV4X4";2013;"Passageiro";"Les�es Graves";16;"Feminino";0;0;1;0;-15,8201713;-56,7304584;"SPRF-MT";"DEL03-MT";"UOP02-DEL03-MT"
747703;1676526;2025-11-23;"domingo";"21:20:00";"MT";70;591;"POCONE";"Sim";"Transitar na contram�o";3;"Capotamento";"Com V�timas Fatais";"Plena Noite";"Crescente";"C�u Claro";"Simples";"Curva";"N�o";1335347;"Autom�vel";"FORD/KA SE 1.0 HA C/KA SE 1.0 HA C";2019;"Passageiro";"�bito";14;"Feminino";0;0;0;1;-15,8201713;-56,7304584;"SPRF-MT";"DEL03-MT";"UOP02-DEL03-MT"
747703;1676517;2025-11-23;"domingo";"21:20:00";"MT";70;591;"POCONE";"Sim";"Transitar na contram�o";3;"Capotamento";"Com V�timas Fatais";"Plena Noite";"Crescente";"C�u Claro";"Simples";"Curva";"N�o";1335347;"Autom�vel";"FORD/KA SE 1.0 HA C/KA SE 1.0 HA C";2019;"Passageiro";"�bito";46;"Feminino";0;0;0;1;-15,8201713;-56,7304584;"SPRF-MT";"DEL03-MT";"UOP02-DEL03-MT"
747703;1676516;2025-11-23;"domingo";"21:20:00";"MT";70;591;"POCONE";"Sim";"Transitar na contram�o";3;"Capotamento";"Com V�timas Fatais";"Plena Noite";"Crescente";"C�u Claro";"Simples";"Curva";"N�o";1335347;"Autom�vel";"FORD/KA SE 1.0 HA C/KA SE 1.0 HA C";2019;"Passageiro";"Les�es Graves";47;"Feminino";0;0;1;0;-15,8201713;-56,7304584;"SPRF-MT";"DEL03-MT";"UOP02-DEL03-MT"
747703;1676515;2025-11-23;"domingo";"21:20:00";"MT";70;591;"POCONE";"Sim";"Transitar na contram�o";3;"Capotamento";"Com V�timas Fatais";"Plena Noite";"Crescente";"C�u Claro";"Simples";"Curva";"N�o";1335347;"Autom�vel";"FORD/KA SE 1.0 HA C/KA SE 1.0 HA C";2019;"Condutor";"�bito";51;"Masculino";0;0;0;1;-15,8201713;-56,7304584;"SPRF-MT";"DEL03-MT";"UOP02-DEL03-MT"
747703;1676524;2025-11-23;"domingo";"21:20:00";"MT";70;591;"POCONE";"Sim";"Transitar na contram�o";2;"Colis�o lateral mesmo sentido";"Com V�timas Fatais";"Plena Noite";"Crescente";"C�u Claro";"Simples";"Curva";"N�o";1335350;"Autom�vel";"VW/VOYAGE 1.0/VOYAGE 1.0";2012;"Passageiro";"Ileso";35;"Masculino";1;0;0;0;-15,8201713;-56,7304584;"SPRF-MT";"DEL03-MT";"UOP02-DEL03-MT"
747703;1676523;2025-11-23;"domingo";"21:20:00";"MT";70;591;"POCONE";"Sim";"Transitar na contram�o";2;"Colis�o lateral mesmo sentido";"Com V�timas Fatais";"Plena Noite";"Crescente";"C�u Claro";"Simples";"Curva";"N�o";1335350;"Autom�vel";"VW/VOYAGE 1.0/VOYAGE 1.0";2012;"Condutor";"Ileso";33;"Masculino";1;0;0;0;-15,8201713;-56,7304584;"SPRF-MT";"DEL03-MT";"UOP02-DEL03-MT"
747703;1676522;2025-11-23;"domingo";"21:20:00";"MT";70;591;"POCONE";"Sim";"Transitar na contram�o";2;"Colis�o lateral mesmo sentido";"Com V�timas Fatais";"Plena Noite";"Crescente";"C�u Claro";"Simples";"Curva";"N�o";1335349;"Autom�vel";"VW/NOVO GOL 1.0 CITY/NOVO GOL 1.0 CITY";2014;"Passageiro";"Ileso";10;"Masculino";1;0;0;0;-15,8201713;-56,7304584;"SPRF-MT";"DEL03-MT";"UOP02-DEL03-MT"
747703;1676521;2025-11-23;"domingo";"21:20:00";"MT";70;591;"POCONE";"Sim";"Transitar na contram�o";2;"Colis�o lateral mesmo sentido";"Com V�timas Fatais";"Plena Noite";"Crescente";"C�u Claro";"Simples";"Curva";"N�o";1335349;"Autom�vel";"VW/NOVO GOL 1.0 CITY/NOVO GOL 1.0 CITY";2014;"Passageiro";"Ileso";6;"Feminino";1;0;0;0;-15,8201713;-56,7304584;"SPRF-MT";"DEL03-MT";"UOP02-DEL03-MT"
747703;1676520;2025-11-23;"domingo";"21:20:00";"MT";70;591;"POCONE";"Sim";"Transitar na contram�o";2;"Colis�o lateral mesmo sentido";"Com V�timas Fatais";"Plena Noite";"Crescente";"C�u Claro";"Simples";"Curva";"N�o";1335349;"Autom�vel";"VW/NOVO GOL 1.0 CITY/NOVO GOL 1.0 CITY";2014;"Condutor";"Ileso";47;"Masculino";1;0;0;0;-15,8201713;-56,7304584;"SPRF-MT";"DEL03-MT";"UOP02-DEL03-MT"
747703;1676525;2025-11-23;"domingo";"21:20:00";"MT";70;591;"POCONE";"Sim";"Transitar na contram�o";2;"Colis�o lateral mesmo sentido";"Com V�timas Fatais";"Plena Noite";"Crescente";"C�u Claro";"Simples";"Curva";"N�o";1335348;"Utilit�rio";"I/TOYOTA HILUXSW4 SRV4X4/TOYOTA HILUXSW4 SRV4X4";2013;"Condutor";"Les�es Leves";45;"Feminino";0;1;0;0;-15,8201713;-56,7304584;"SPRF-MT";"DEL03-MT";"UOP02-DEL03-MT"
747703;1676519;2025-11-23;"domingo";"21:20:00";"MT";70;591;"POCONE";"Sim";"Transitar na contram�o";2;"Colis�o lateral mesmo sentido";"Com V�timas Fatais";"Plena Noite";"Crescente";"C�u Claro";"Simples";"Curva";"N�o";1335348;"Utilit�rio";"I/TOYOTA HILUXSW4 SRV4X4/TOYOTA HILUXSW4 SRV4X4";2013;"Passageiro";"Les�es Leves";42;"Feminino";0;1;0;0;-15,8201713;-56,7304584;"SPRF-MT";"DEL03-MT";"UOP02-DEL03-MT"
747703;1676518;2025-11-23;"domingo";"21:20:00";"MT";70;591;"POCONE";"Sim";"Transitar na contram�o";2;"Colis�o lateral mesmo sentido";"Com V�timas Fatais";"Plena Noite";"Crescente";"C�u Claro";"Simples";"Curva";"N�o";1335348;"Utilit�rio";"I/TOYOTA HILUXSW4 SRV4X4/TOYOTA HILUXSW4 SRV4X4";2013;"Passageiro";"Les�es Graves";16;"Feminino";0;0;1;0;-15,8201713;-56,7304584;"SPRF-MT";"DEL03-MT";"UOP02-DEL03-MT"
747703;1676526;2025-11-23;"domingo";"21:20:00";"MT";70;591;"POCONE";"Sim";"Transitar na contram�o";2;"Colis�o lateral mesmo sentido";"Com V�timas Fatais";"Plena Noite";"Crescente";"C�u Claro";"Simples";"Curva";"N�o";1335347;"Autom�vel";"FORD/KA SE 1.0 HA C/KA SE 1.0 HA C";2019;"Passageiro";"�bito";14;"Feminino";0;0;0;1;-15,8201713;-56,7304584;"SPRF-MT";"DEL03-MT";"UOP02-DEL03-MT"
747703;1676517;2025-11-23;"domingo";"21:20:00";"MT";70;591;"POCONE";"Sim";"Transitar na contram�o";2;"Colis�o lateral mesmo sentido";"Com V�timas Fatais";"Plena Noite";"Crescente";"C�u Claro";"Simples";"Curva";"N�o";1335347;"Autom�vel";"FORD/KA SE 1.0 HA C/KA SE 1.0 HA C";2019;"Passageiro";"�bito";46;"Feminino";0;0;0;1;-15,8201713;-56,7304584;"SPRF-MT";"DEL03-MT";"UOP02-DEL03-MT"
747703;1676516;2025-11-23;"domingo";"21:20:00";"MT";70;591;"POCONE";"Sim";"Transitar na contram�o";2;"Colis�o lateral mesmo sentido";"Com V�timas Fatais";"Plena Noite";"Crescente";"C�u Claro";"Simples";"Curva";"N�o";1335347;"Autom�vel";"FORD/KA SE 1.0 HA C/KA SE 1.0 HA C";2019;"Passageiro";"Les�es Graves";47;"Feminino";0;0;1;0;-15,8201713;-56,7304584;"SPRF-MT";"DEL03-MT";"UOP02-DEL03-MT"
747703;1676515;2025-11-23;"domingo";"21:20:00";"MT";70;591;"POCONE";"Sim";"Transitar na contram�o";2;"Colis�o lateral mesmo sentido";"Com V�timas Fatais";"Plena Noite";"Crescente";"C�u Claro";"Simples";"Curva";"N�o";1335347;"Autom�vel";"FORD/KA SE 1.0 HA C/KA SE 1.0 HA C";2019;"Condutor";"�bito";51;"Masculino";0;0;0;1;-15,8201713;-56,7304584;"SPRF-MT";"DEL03-MT";"UOP02-DEL03-MT"
747703;1676524;2025-11-23;"domingo";"21:20:00";"MT";70;591;"POCONE";"Sim";"Transitar na contram�o";1;"Colis�o frontal";"Com V�timas Fatais";"Plena Noite";"Crescente";"C�u Claro";"Simples";"Curva";"N�o";1335350;"Autom�vel";"VW/VOYAGE 1.0/VOYAGE 1.0";2012;"Passageiro";"Ileso";35;"Masculino";1;0;0;0;-15,8201713;-56,7304584;"SPRF-MT";"DEL03-MT";"UOP02-DEL03-MT"
747703;1676523;2025-11-23;"domingo";"21:20:00";"MT";70;591;"POCONE";"Sim";"Transitar na contram�o";1;"Colis�o frontal";"Com V�timas Fatais";"Plena Noite";"Crescente";"C�u Claro";"Simples";"Curva";"N�o";1335350;"Autom�vel";"VW/VOYAGE 1.0/VOYAGE 1.0";2012;"Condutor";"Ileso";33;"Masculino";1;0;0;0;-15,8201713;-56,7304584;"SPRF-MT";"DEL03-MT";"UOP02-DEL03-MT"
747703;1676522;2025-11-23;"domingo";"21:20:00";"MT";70;591;"POCONE";"Sim";"Transitar na contram�o";1;"Colis�o frontal";"Com V�timas Fatais";"Plena Noite";"Crescente";"C�u Claro";"Simples";"Curva";"N�o";1335349;"Autom�vel";"VW/NOVO GOL 1.0 CITY/NOVO GOL 1.0 CITY";2014;"Passageiro";"Ileso";10;"Masculino";1;0;0;0;-15,8201713;-56,7304584;"SPRF-MT";"DEL03-MT";"UOP02-DEL03-MT"
747703;1676521;2025-11-23;"domingo";"21:20:00";"MT";70;591;"POCONE";"Sim";"Transitar na contram�o";1;"Colis�o frontal";"Com V�timas Fatais";"Plena Noite";"Crescente";"C�u Claro";"Simples";"Curva";"N�o";1335349;"Autom�vel";"VW/NOVO GOL 1.0 CITY/NOVO GOL 1.0 CITY";2014;"Passageiro";"Ileso";6;"Feminino";1;0;0;0;-15,8201713;-56,7304584;"SPRF-MT";"DEL03-MT";"UOP02-DEL03-MT"
747703;1676520;2025-11-23;"domingo";"21:20:00";"MT";70;591;"POCONE";"Sim";"Transitar na contram�o";1;"Colis�o frontal";"Com V�timas Fatais";"Plena Noite";"Crescente";"C�u Claro";"Simples";"Curva";"N�o";1335349;"Autom�vel";"VW/NOVO GOL 1.0 CITY/NOVO GOL 1.0 CITY";2014;"Condutor";"Ileso";47;"Masculino";1;0;0;0;-15,8201713;-56,7304584;"SPRF-MT";"DEL03-MT";"UOP02-DEL03-MT"
747703;1676525;2025-11-23;"domingo";"21:20:00";"MT";70;591;"POCONE";"Sim";"Transitar na contram�o";1;"Colis�o frontal";"Com V�timas Fatais";"Plena Noite";"Crescente";"C�u Claro";"Simples";"Curva";"N�o";1335348;"Utilit�rio";"I/TOYOTA HILUXSW4 SRV4X4/TOYOTA HILUXSW4 SRV4X4";2013;"Condutor";"Les�es Leves";45;"Feminino";0;1;0;0;-15,8201713;-56,7304584;"SPRF-MT";"DEL03-MT";"UOP02-DEL03-MT"
747703;1676519;2025-11-23;"domingo";"21:20:00";"MT";70;591;"POCONE";"Sim";"Transitar na contram�o";1;"Colis�o frontal";"Com V�timas Fatais";"Plena Noite";"Crescente";"C�u Claro";"Simples";"Curva";"N�o";1335348;"Utilit�rio";"I/TOYOTA HILUXSW4 SRV4X4/TOYOTA HILUXSW4 SRV4X4";2013;"Passageiro";"Les�es Leves";42;"Feminino";0;1;0;0;-15,8201713;-56,7304584;"SPRF-MT";"DEL03-MT";"UOP02-DEL03-MT"
747703;1676518;2025-11-23;"domingo";"21:20:00";"MT";70;591;"POCONE";"Sim";"Transitar na contram�o";1;"Colis�o frontal";"Com V�timas Fatais";"Plena Noite";"Crescente";"C�u Claro";"Simples";"Curva";"N�o";1335348;"Utilit�rio";"I/TOYOTA HILUXSW4 SRV4X4/TOYOTA HILUXSW4 SRV4X4";2013;"Passageiro";"Les�es Graves";16;"Feminino";0;0;1;0;-15,8201713;-56,7304584;"SPRF-MT";"DEL03-MT";"UOP02-DEL03-MT"
747703;1676526;2025-11-23;"domingo";"21:20:00";"MT";70;591;"POCONE";"Sim";"Transitar na contram�o";1;"Colis�o frontal";"Com V�timas Fatais";"Plena Noite";"Crescente";"C�u Claro";"Simples";"Curva";"N�o";1335347;"Autom�vel";"FORD/KA SE 1.0 HA C/KA SE 1.0 HA C";2019;"Passageiro";"�bito";14;"Feminino";0;0;0;1;-15,8201713;-56,7304584;"SPRF-MT";"DEL03-MT";"UOP02-DEL03-MT"
747703;1676517;2025-11-23;"domingo";"21:20:00";"MT";70;591;"POCONE";"Sim";"Transitar na contram�o";1;"Colis�o frontal";"Com V�timas Fatais";"Plena Noite";"Crescente";"C�u Claro";"Simples";"Curva";"N�o";1335347;"Autom�vel";"FORD/KA SE 1.0 HA C/KA SE 1.0 HA C";2019;"Passageiro";"�bito";46;"Feminino";0;0;0;1;-15,8201713;-56,7304584;"SPRF-MT";"DEL03-MT";"UOP02-DEL03-MT"
747703;1676516;2025-11-23;"domingo";"21:20:00";"MT";70;591;"POCONE";"Sim";"Transitar na contram�o";1;"Colis�o frontal";"Com V�timas Fatais";"Plena Noite";"Crescente";"C�u Claro";"Simples";"Curva";"N�o";1335347;"Autom�vel";"FORD/KA SE 1.0 HA C/KA SE 1.0 HA C";2019;"Passageiro";"Les�es Graves";47;"Feminino";0;0;1;0;-15,8201713;-56,7304584;"SPRF-MT";"DEL03-MT";"UOP02-DEL03-MT"
747703;1676515;2025-11-23;"domingo";"21:20:00";"MT";70;591;"POCONE";"Sim";"Transitar na contram�o";1;"Colis�o frontal";"Com V�timas Fatais";"Plena Noite";"Crescente";"C�u Claro";"Simples";"Curva";"N�o";1335347;"Autom�vel";"FORD/KA SE 1.0 HA C/KA SE 1.0 HA C";2019;"Condutor";"�bito";51;"Masculino";0;0;0;1;-15,8201713;-56,7304584;"SPRF-MT";"DEL03-MT";"UOP02-DEL03-MT"
747703;1676524;2025-11-23;"domingo";"21:20:00";"MT";70;591;"POCONE";"N�o";"Aus�ncia de sinaliza��o";4;"Tombamento";"Com V�timas Fatais";"Plena Noite";"Crescente";"C�u Claro";"Simples";"Curva";"N�o";1335350;"Autom�vel";"VW/VOYAGE 1.0/VOYAGE 1.0";2012;"Passageiro";"Ileso";35;"Masculino";1;0;0;0;-15,8201713;-56,7304584;"SPRF-MT";"DEL03-MT";"UOP02-DEL03-MT"
747703;1676523;2025-11-23;"domingo";"21:20:00";"MT";70;591;"POCONE";"N�o";"Aus�ncia de sinaliza��o";4;"Tombamento";"Com V�timas Fatais";"Plena Noite";"Crescente";"C�u Claro";"Simples";"Curva";"N�o";1335350;"Autom�vel";"VW/VOYAGE 1.0/VOYAGE 1.0";2012;"Condutor";"Ileso";33;"Masculino";1;0;0;0;-15,8201713;-56,7304584;"SPRF-MT";"DEL03-MT";"UOP02-DEL03-MT"
747703;1676522;2025-11-23;"domingo";"21:20:00";"MT";70;591;"POCONE";"N�o";"Aus�ncia de sinaliza��o";4;"Tombamento";"Com V�timas Fatais";"Plena Noite";"Crescente";"C�u Claro";"Simples";"Curva";"N�o";1335349;"Autom�vel";"VW/NOVO GOL 1.0 CITY/NOVO GOL 1.0 CITY";2014;"Passageiro";"Ileso";10;"Masculino";1;0;0;0;-15,8201713;-56,7304584;"SPRF-MT";"DEL03-MT";"UOP02-DEL03-MT"
747703;1676521;2025-11-23;"domingo";"21:20:00";"MT";70;591;"POCONE";"N�o";"Aus�ncia de sinaliza��o";4;"Tombamento";"Com V�timas Fatais";"Plena Noite";"Crescente";"C�u Claro";"Simples";"Curva";"N�o";1335349;"Autom�vel";"VW/NOVO GOL 1.0 CITY/NOVO GOL 1.0 CITY";2014;"Passageiro";"Ileso";6;"Feminino";1;0;0;0;-15,8201713;-56,7304584;"SPRF-MT";"DEL03-MT";"UOP02-DEL03-MT"
747703;1676520;2025-11-23;"domingo";"21:20:00";"MT";70;591;"POCONE";"N�o";"Aus�ncia de sinaliza��o";4;"Tombamento";"Com V�timas Fatais";"Plena Noite";"Crescente";"C�u Claro";"Simples";"Curva";"N�o";1335349;"Autom�vel";"VW/NOVO GOL 1.0 CITY/NOVO GOL 1.0 CITY";2014;"Condutor";"Ileso";47;"Masculino";1;0;0;0;-15,8201713;-56,7304584;"SPRF-MT";"DEL03-MT";"UOP02-DEL03-MT"
747703;1676525;2025-11-23;"domingo";"21:20:00";"MT";70;591;"POCONE";"N�o";"Aus�ncia de sinaliza��o";4;"Tombamento";"Com V�timas Fatais";"Plena Noite";"Crescente";"C�u Claro";"Simples";"Curva";"N�o";1335348;"Utilit�rio";"I/TOYOTA HILUXSW4 SRV4X4/TOYOTA HILUXSW4 SRV4X4";2013;"Condutor";"Les�es Leves";45;"Feminino";0;1;0;0;-15,8201713;-56,7304584;"SPRF-MT";"DEL03-MT";"UOP02-DEL03-MT"
747703;1676519;2025-11-23;"domingo";"21:20:00";"MT";70;591;"POCONE";"N�o";"Aus�ncia de sinaliza��o";4;"Tombamento";"Com V�timas Fatais";"Plena Noite";"Crescente";"C�u Claro";"Simples";"Curva";"N�o";1335348;"Utilit�rio";"I/TOYOTA HILUXSW4 SRV4X4/TOYOTA HILUXSW4 SRV4X4";2013;"Passageiro";"Les�es Leves";42;"Feminino";0;1;0;0;-15,8201713;-56,7304584;"SPRF-MT";"DEL03-MT";"UOP02-DEL03-MT"
747703;1676518;2025-11-23;"domingo";"21:20:00";"MT";70;591;"POCONE";"N�o";"Aus�ncia de sinaliza��o";4;"Tombamento";"Com V�timas Fatais";"Plena Noite";"Crescente";"C�u Claro";"Simples";"Curva";"N�o";1335348;"Utilit�rio";"I/TOYOTA HILUXSW4 SRV4X4/TOYOTA HILUXSW4 SRV4X4";2013;"Passageiro";"Les�es Graves";16;"Feminino";0;0;1;0;-15,8201713;-56,7304584;"SPRF-MT";"DEL03-MT";"UOP02-DEL03-MT"
747703;1676526;2025-11-23;"domingo";"21:20:00";"MT";70;591;"POCONE";"N�o";"Aus�ncia de sinaliza��o";4;"Tombamento";"Com V�timas Fatais";"Plena Noite";"Crescente";"C�u Claro";"Simples";"Curva";"N�o";1335347;"Autom�vel";"FORD/KA SE 1.0 HA C/KA SE 1.0 HA C";2019;"Passageiro";"�bito";14;"Feminino";0;0;0;1;-15,8201713;-56,7304584;"SPRF-MT";"DEL03-MT";"UOP02-DEL03-MT"
747703;1676517;2025-11-23;"domingo";"21:20:00";"MT";70;591;"POCONE";"N�o";"Aus�ncia de sinaliza��o";4;"Tombamento";"Com V�timas Fatais";"Plena Noite";"Crescente";"C�u Claro";"Simples";"Curva";"N�o";1335347;"Autom�vel";"FORD/KA SE 1.0 HA C/KA SE 1.0 HA C";2019;"Passageiro";"�bito";46;"Feminino";0;0;0;1;-15,8201713;-56,7304584;"SPRF-MT";"DEL03-MT";"UOP02-DEL03-MT"
747703;1676516;2025-11-23;"domingo";"21:20:00";"MT";70;591;"POCONE";"N�o";"Aus�ncia de sinaliza��o";4;"Tombamento";"Com V�timas Fatais";"Plena Noite";"Crescente";"C�u Claro";"Simples";"Curva";"N�o";1335347;"Autom�vel";"FORD/KA SE 1.0 HA C/KA SE 1.0 HA C";2019;"Passageiro";"Les�es Graves";47;"Feminino";0;0;1;0;-15,8201713;-56,7304584;"SPRF-MT";"DEL03-MT";"UOP02-DEL03-MT"
747703;1676515;2025-11-23;"domingo";"21:20:00";"MT";70;591;"POCONE";"N�o";"Aus�ncia de sinaliza��o";4;"Tombamento";"Com V�timas Fatais";"Plena Noite";"Crescente";"C�u Claro";"Simples";"Curva";"N�o";1335347;"Autom�vel";"FORD/KA SE 1.0 HA C/KA SE 1.0 HA C";2019;"Condutor";"�bito";51;"Masculino";0;0;0;1;-15,8201713;-56,7304584;"SPRF-MT";"DEL03-MT";"UOP02-DEL03-MT"
747703;1676524;2025-11-23;"domingo";"21:20:00";"MT";70;591;"POCONE";"N�o";"Aus�ncia de sinaliza��o";3;"Capotamento";"Com V�timas Fatais";"Plena Noite";"Crescente";"C�u Claro";"Simples";"Curva";"N�o";1335350;"Autom�vel";"VW/VOYAGE 1.0/VOYAGE 1.0";2012;"Passageiro";"Ileso";35;"Masculino";1;0;0;0;-15,8201713;-56,7304584;"SPRF-MT";"DEL03-MT";"UOP02-DEL03-MT"
747703;1676523;2025-11-23;"domingo";"21:20:00";"MT";70;591;"POCONE";"N�o";"Aus�ncia de sinaliza��o";3;"Capotamento";"Com V�timas Fatais";"Plena Noite";"Crescente";"C�u Claro";"Simples";"Curva";"N�o";1335350;"Autom�vel";"VW/VOYAGE 1.0/VOYAGE 1.0";2012;"Condutor";"Ileso";33;"Masculino";1;0;0;0;-15,8201713;-56,7304584;"SPRF-MT";"DEL03-MT";"UOP02-DEL03-MT"
747703;1676522;2025-11-23;"domingo";"21:20:00";"MT";70;591;"POCONE";"N�o";"Aus�ncia de sinaliza��o";3;"Capotamento";"Com V�timas Fatais";"Plena Noite";"Crescente";"C�u Claro";"Simples";"Curva";"N�o";1335349;"Autom�vel";"VW/NOVO GOL 1.0 CITY/NOVO GOL 1.0 CITY";2014;"Passageiro";"Ileso";10;"Masculino";1;0;0;0;-15,8201713;-56,7304584;"SPRF-MT";"DEL03-MT";"UOP02-DEL03-MT"
747703;1676521;2025-11-23;"domingo";"21:20:00";"MT";70;591;"POCONE";"N�o";"Aus�ncia de sinaliza��o";3;"Capotamento";"Com V�timas Fatais";"Plena Noite";"Crescente";"C�u Claro";"Simples";"Curva";"N�o";1335349;"Autom�vel";"VW/NOVO GOL 1.0 CITY/NOVO GOL 1.0 CITY";2014;"Passageiro";"Ileso";6;"Feminino";1;0;0;0;-15,8201713;-56,7304584;"SPRF-MT";"DEL03-MT";"UOP02-DEL03-MT"
747703;1676520;2025-11-23;"domingo";"21:20:00";"MT";70;591;"POCONE";"N�o";"Aus�ncia de sinaliza��o";3;"Capotamento";"Com V�timas Fatais";"Plena Noite";"Crescente";"C�u Claro";"Simples";"Curva";"N�o";1335349;"Autom�vel";"VW/NOVO GOL 1.0 CITY/NOVO GOL 1.0 CITY";2014;"Condutor";"Ileso";47;"Masculino";1;0;0;0;-15,8201713;-56,7304584;"SPRF-MT";"DEL03-MT";"UOP02-DEL03-MT"
747703;1676525;2025-11-23;"domingo";"21:20:00";"MT";70;591;"POCONE";"N�o";"Aus�ncia de sinaliza��o";3;"Capotamento";"Com V�timas Fatais";"Plena Noite";"Crescente";"C�u Claro";"Simples";"Curva";"N�o";1335348;"Utilit�rio";"I/TOYOTA HILUXSW4 SRV4X4/TOYOTA HILUXSW4 SRV4X4";2013;"Condutor";"Les�es Leves";45;"Feminino";0;1;0;0;-15,8201713;-56,7304584;"SPRF-MT";"DEL03-MT";"UOP02-DEL03-MT"
747703;1676519;2025-11-23;"domingo";"21:20:00";"MT";70;591;"POCONE";"N�o";"Aus�ncia de sinaliza��o";3;"Capotamento";"Com V�timas Fatais";"Plena Noite";"Crescente";"C�u Claro";"Simples";"Curva";"N�o";1335348;"Utilit�rio";"I/TOYOTA HILUXSW4 SRV4X4/TOYOTA HILUXSW4 SRV4X4";2013;"Passageiro";"Les�es Leves";42;"Feminino";0;1;0;0;-15,8201713;-56,7304584;"SPRF-MT";"DEL03-MT";"UOP02-DEL03-MT"
747703;1676518;2025-11-23;"domingo";"21:20:00";"MT";70;591;"POCONE";"N�o";"Aus�ncia de sinaliza��o";3;"Capotamento";"Com V�timas Fatais";"Plena Noite";"Crescente";"C�u Claro";"Simples";"Curva";"N�o";1335348;"Utilit�rio";"I/TOYOTA HILUXSW4 SRV4X4/TOYOTA HILUXSW4 SRV4X4";2013;"Passageiro";"Les�es Graves";16;"Feminino";0;0;1;0;-15,8201713;-56,7304584;"SPRF-MT";"DEL03-MT";"UOP02-DEL03-MT"
747703;1676526;2025-11-23;"domingo";"21:20:00";"MT";70;591;"POCONE";"N�o";"Aus�ncia de sinaliza��o";3;"Capotamento";"Com V�timas Fatais";"Plena Noite";"Crescente";"C�u Claro";"Simples";"Curva";"N�o";1335347;"Autom�vel";"FORD/KA SE 1.0 HA C/KA SE 1.0 HA C";2019;"Passageiro";"�bito";14;"Feminino";0;0;0;1;-15,8201713;-56,7304584;"SPRF-MT";"DEL03-MT";"UOP02-DEL03-MT"
747703;1676517;2025-11-23;"domingo";"21:20:00";"MT";70;591;"POCONE";"N�o";"Aus�ncia de sinaliza��o";3;"Capotamento";"Com V�timas Fatais";"Plena Noite";"Crescente";"C�u Claro";"Simples";"Curva";"N�o";1335347;"Autom�vel";"FORD/KA SE 1.0 HA C/KA SE 1.0 HA C";2019;"Passageiro";"�bito";46;"Feminino";0;0;0;1;-15,8201713;-56,7304584;"SPRF-MT";"DEL03-MT";"UOP02-DEL03-MT"
747703;1676516;2025-11-23;"domingo";"21:20:00";"MT";70;591;"POCONE";"N�o";"Aus�ncia de sinaliza��o";3;"Capotamento";"Com V�timas Fatais";"Plena Noite";"Crescente";"C�u Claro";"Simples";"Curva";"N�o";1335347;"Autom�vel";"FORD/KA SE 1.0 HA C/KA SE 1.0 HA C";2019;"Passageiro";"Les�es Graves";47;"Feminino";0;0;1;0;-15,8201713;-56,7304584;"SPRF-MT";"DEL03-MT";"UOP02-DEL03-MT"
747703;1676515;2025-11-23;"domingo";"21:20:00";"MT";70;591;"POCONE";"N�o";"Aus�ncia de sinaliza��o";3;"Capotamento";"Com V�timas Fatais";"Plena Noite";"Crescente";"C�u Claro";"Simples";"Curva";"N�o";1335347;"Autom�vel";"FORD/KA SE 1.0 HA C/KA SE 1.0 HA C";2019;"Condutor";"�bito";51;"Masculino";0;0;0;1;-15,8201713;-56,7304584;"SPRF-MT";"DEL03-MT";"UOP02-DEL03-MT"
747703;1676524;2025-11-23;"domingo";"21:20:00";"MT";70;591;"POCONE";"N�o";"Aus�ncia de sinaliza��o";2;"Colis�o lateral mesmo sentido";"Com V�timas Fatais";"Plena Noite";"Crescente";"C�u Claro";"Simples";"Curva";"N�o";1335350;"Autom�vel";"VW/VOYAGE 1.0/VOYAGE 1.0";2012;"Passageiro";"Ileso";35;"Masculino";1;0;0;0;-15,8201713;-56,7304584;"SPRF-MT";"DEL03-MT";"UOP02-DEL03-MT"
747703;1676523;2025-11-23;"domingo";"21:20:00";"MT";70;591;"POCONE";"N�o";"Aus�ncia de sinaliza��o";2;"Colis�o lateral mesmo sentido";"Com V�timas Fatais";"Plena Noite";"Crescente";"C�u Claro";"Simples";"Curva";"N�o";1335350;"Autom�vel";"VW/VOYAGE 1.0/VOYAGE 1.0";2012;"Condutor";"Ileso";33;"Masculino";1;0;0;0;-15,8201713;-56,7304584;"SPRF-MT";"DEL03-MT";"UOP02-DEL03-MT"
747703;1676522;2025-11-23;"domingo";"21:20:00";"MT";70;591;"POCONE";"N�o";"Aus�ncia de sinaliza��o";2;"Colis�o lateral mesmo sentido";"Com V�timas Fatais";"Plena Noite";"Crescente";"C�u Claro";"Simples";"Curva";"N�o";1335349;"Autom�vel";"VW/NOVO GOL 1.0 CITY/NOVO GOL 1.0 CITY";2014;"Passageiro";"Ileso";10;"Masculino";1;0;0;0;-15,8201713;-56,7304584;"SPRF-MT";"DEL03-MT";"UOP02-DEL03-MT"