"id";"pesid";"data_inversa";"dia_semana";"horario";"uf";"br";"km";"municipio";"causa_principal";"causa_acidente";"ordem_tipo_acidente";"tipo_acidente";"classificacao_acidente";"fase_dia";"sentido_via";"condicao_metereologica";"tipo_pista";"tracado_via";"uso_solo";"id_veiculo";"tipo_veiculo";"marca";"ano_fabricacao_veiculo";"tipo_envolvido";"estado_fisico";"idade";"sexo";"ilesos";"feridos_leves";"feridos_graves";"mortos";"latitude";"longitude";"regional";"delegacia";"uop"
747703;1676521;2025-11-23;"domingo";"21:20:00";"MT";70;591;"POCONE";"N�o";"Aus�ncia de sinaliza��o";2;"Colis�o lateral mesmo sentido";"Com V�timas Fatais";"Plena Noite";"Crescente";"C�u Claro";"Simples";"Curva";"N�o";1335349;"Autom�vel";"VW/NOVO GOL 1.0 CITY/NOVO GOL 1.0 CITY";2014;"Passageiro";"Ileso";6;"Feminino";1;0;0;0;-15,8201713;-56,7304584;"SPRF-MT";"DEL03-MT";"UOP02-DEL03-MT"
747703;1676520;2025-11-23;"domingo";"21:20:00";"MT";70;591;"POCONE";"N�o";"Aus�ncia de sinaliza��o";2;"Colis�o lateral mesmo sentido";"Com V�timas Fatais";"Plena Noite";"Crescente";"C�u Claro";"Simples";"Curva";"N�o";1335349;"Autom�vel";"VW/NOVO GOL 1.0 CITY/NOVO GOL 1.0 CITY";2014;"Condutor";"Ileso";47;"Masculino";1;0;0;0;-15,8201713;-56,7304584;"SPRF-MT";"DEL03-MT";"UOP02-DEL03-MT"
747703;1676525;2025-11-23;"domingo";"21:20:00";"MT";70;591;"POCONE";"N�o";"Aus�ncia de sinaliza��o";2;"Colis�o lateral mesmo sentido";"Com V�timas Fatais";"Plena Noite";"Crescente";"C�u Claro";"Simples";"Curva";"N�o";1335348;"Utilit�rio";"I/TOYOTA HILUXSW4 SRV4X4/TOYOTA HILUXSW4 SRV4X4";2013;"Condutor";"Les�es Leves";45;"Feminino";0;1;0;0;-15,8201713;-56,7304584;"SPRF-MT";"DEL03-MT";"UOP02-DEL03-MT"
747703;1676519;2025-11-23;"domingo";"21:20:00";"MT";70;591;"POCONE";"N�o";"Aus�ncia de sinaliza��o";2;"Colis�o lateral mesmo sentido";"Com V�timas Fatais";"Plena Noite";"Crescente";"C�u Claro";"Simples";"Curva";"N�o";1335348;"Utilit�rio";"I/TOYOTA HILUXSW4 SRV4X4/TOYOTA HILUXSW4 SRV4X4";2013;"Passageiro";"Les�es Leves";42;"Feminino";0;1;0;0;-15,8201713;-56,7304584;"SPRF-MT";"DEL03-MT";"UOP02-DEL03-MT"
747703;1676518;2025-11-23;"domingo";"21:20:00";"MT";70;591;"POCONE";"N�o";"Aus�ncia de sinaliza��o";2;"Colis�o lateral mesmo sentido";"Com V�timas Fatais";"Plena Noite";"Crescente";"C�u Claro";"Simples";"Curva";"N�o";1335348;"Utilit�rio";"I/TOYOTA HILUXSW4 SRV4X4/TOYOTA HILUXSW4 SRV4X4";2013;"Passageiro";"Les�es Graves";16;"Feminino";0;0;1;0;-15,8201713;-56,7304584;"SPRF-MT";"DEL03-MT";"UOP02-DEL03-MT"
747703;1676526;2025-11-23;"domingo";"21:20:00";"MT";70;591;"POCONE";"N�o";"Aus�ncia de sinaliza��o";2;"Colis�o lateral mesmo sentido";"Com V�timas Fatais";"Plena Noite";"Crescente";"C�u Claro";"Simples";"Curva";"N�o";1335347;"Autom�vel";"FORD/KA SE 1.0 HA C/KA SE 1.0 HA C";2019;"Passageiro";"�bito";14;"Feminino";0;0;0;1;-15,8201713;-56,7304584;"SPRF-MT";"DEL03-MT";"UOP02-DEL03-MT"
747703;1676517;2025-11-23;"domingo";"21:20:00";"MT";70;591;"POCONE";"N�o";"Aus�ncia de sinaliza��o";2;"Colis�o lateral mesmo sentido";"Com V�timas Fatais";"Plena Noite";"Crescente";"C�u Claro";"Simples";"Curva";"N�o";1335347;"Autom�vel";"FORD/KA SE 1.0 HA C/KA SE 1.0 HA C";2019;"Passageiro";"�bito";46;"Feminino";0;0;0;1;-15,8201713;-56,7304584;"SPRF-MT";"DEL03-MT";"UOP02-DEL03-MT"
747703;1676516;2025-11-23;"domingo";"21:20:00";"MT";70;591;"POCONE";"N�o";"Aus�ncia de sinaliza��o";2;"Colis�o lateral mesmo sentido";"Com V�timas Fatais";"Plena Noite";"Crescente";"C�u Claro";"Simples";"Curva";"N�o";1335347;"Autom�vel";"FORD/KA SE 1.0 HA C/KA SE 1.0 HA C";2019;"Passageiro";"Les�es Graves";47;"Feminino";0;0;1;0;-15,8201713;-56,7304584;"SPRF-MT";"DEL03-MT";"UOP02-DEL03-MT"
747703;1676515;2025-11-23;"domingo";"21:20:00";"MT";70;591;"POCONE";"N�o";"Aus�ncia de sinaliza��o";2;"Colis�o lateral mesmo sentido";"Com V�timas Fatais";"Plena Noite";"Crescente";"C�u Claro";"Simples";"Curva";"N�o";1335347;"Autom�vel";"FORD/KA SE 1.0 HA C/KA SE 1.0 HA C";2019;"Condutor";"�bito";51;"Masculino";0;0;0;1;-15,8201713;-56,7304584;"SPRF-MT";"DEL03-MT";"UOP02-DEL03-MT"
747703;1676524;2025-11-23;"domingo";"21:20:00";"MT";70;591;"POCONE";"N�o";"Aus�ncia de sinaliza��o";1;"Colis�o frontal";"Com V�timas Fatais";"Plena Noite";"Crescente";"C�u Claro";"Simples";"Curva";"N�o";1335350;"Autom�vel";"VW/VOYAGE 1.0/VOYAGE 1.0";2012;"Passageiro";"Ileso";35;"Masculino";1;0;0;0;-15,8201713;-56,7304584;"SPRF-MT";"DEL03-MT";"UOP02-DEL03-MT"
747703;1676523;2025-11-23;"domingo";"21:20:00";"MT";70;591;"POCONE";"N�o";"Aus�ncia de sinaliza��o";1;"Colis�o frontal";"Com V�timas Fatais";"Plena Noite";"Crescente";"C�u Claro";"Simples";"Curva";"N�o";1335350;"Autom�vel";"VW/VOYAGE 1.0/VOYAGE 1.0";2012;"Condutor";"Ileso";33;"Masculino";1;0;0;0;-15,8201713;-56,7304584;"SPRF-MT";"DEL03-MT";"UOP02-DEL03-MT"
747703;1676522;2025-11-23;"domingo";"21:20:00";"MT";70;591;"POCONE";"N�o";"Aus�ncia de sinaliza��o";1;"Colis�o frontal";"Com V�timas Fatais";"Plena Noite";"Crescente";"C�u Claro";"Simples";"Curva";"N�o";1335349;"Autom�vel";"VW/NOVO GOL 1.0 CITY/NOVO GOL 1.0 CITY";2014;"Passageiro";"Ileso";10;"Masculino";1;0;0;0;-15,8201713;-56,7304584;"SPRF-MT";"DEL03-MT";"UOP02-DEL03-MT"
747703;1676521;2025-11-23;"domingo";"21:20:00";"MT";70;591;"POCONE";"N�o";"Aus�ncia de sinaliza��o";1;"Colis�o frontal";"Com V�timas Fatais";"Plena Noite";"Crescente";"C�u Claro";"Simples";"Curva";"N�o";1335349;"Autom�vel";"VW/NOVO GOL 1.0 CITY/NOVO GOL 1.0 CITY";2014;"Passageiro";"Ileso";6;"Feminino";1;0;0;0;-15,8201713;-56,7304584;"SPRF-MT";"DEL03-MT";"UOP02-DEL03-MT"
747703;1676520;2025-11-23;"domingo";"21:20:00";"MT";70;591;"POCONE";"N�o";"Aus�ncia de sinaliza��o";1;"Colis�o frontal";"Com V�timas Fatais";"Plena Noite";"Crescente";"C�u Claro";"Simples";"Curva";"N�o";1335349;"Autom�vel";"VW/NOVO GOL 1.0 CITY/NOVO GOL 1.0 CITY";2014;"Condutor";"Ileso";47;"Masculino";1;0;0;0;-15,8201713;-56,7304584;"SPRF-MT";"DEL03-MT";"UOP02-DEL03-MT"
747703;1676525;2025-11-23;"domingo";"21:20:00";"MT";70;591;"POCONE";"N�o";"Aus�ncia de sinaliza��o";1;"Colis�o frontal";"Com V�timas Fatais";"Plena Noite";"Crescente";"C�u Claro";"Simples";"Curva";"N�o";1335348;"Utilit�rio";"I/TOYOTA HILUXSW4 SRV4X4/TOYOTA HILUXSW4 SRV4X4";2013;"Condutor";"Les�es Leves";45;"Feminino";0;1;0;0;-15,8201713;-56,7304584;"SPRF-MT";"DEL03-MT";"UOP02-DEL03-MT"
747703;1676519;2025-11-23;"domingo";"21:20:00";"MT";70;591;"POCONE";"N�o";"Aus�ncia de sinaliza��o";1;"Colis�o frontal";"Com V�timas Fatais";"Plena Noite";"Crescente";"C�u Claro";"Simples";"Curva";"N�o";1335348;"Utilit�rio";"I/TOYOTA HILUXSW4 SRV4X4/TOYOTA HILUXSW4 SRV4X4";2013;"Passageiro";"Les�es Leves";42;"Feminino";0;1;0;0;-15,8201713;-56,7304584;"SPRF-MT";"DEL03-MT";"UOP02-DEL03-MT"
747703;1676518;2025-11-23;"domingo";"21:20:00";"MT";70;591;"POCONE";"N�o";"Aus�ncia de sinaliza��o";1;"Colis�o frontal";"Com V�timas Fatais";"Plena Noite";"Crescente";"C�u Claro";"Simples";"Curva";"N�o";1335348;"Utilit�rio";"I/TOYOTA HILUXSW4 SRV4X4/TOYOTA HILUXSW4 SRV4X4";2013;"Passageiro";"Les�es Graves";16;"Feminino";0;0;1;0;-15,8201713;-56,7304584;"SPRF-MT";"DEL03-MT";"UOP02-DEL03-MT"
747703;1676526;2025-11-23;"domingo";"21:20:00";"MT";70;591;"POCONE";"N�o";"Aus�ncia de sinaliza��o";1;"Colis�o frontal";"Com V�timas Fatais";"Plena Noite";"Crescente";"C�u Claro";"Simples";"Curva";"N�o";1335347;"Autom�vel";"FORD/KA SE 1.0 HA C/KA SE 1.0 HA C";2019;"Passageiro";"�bito";14;"Feminino";0;0;0;1;-15,8201713;-56,7304584;"SPRF-MT";"DEL03-MT";"UOP02-DEL03-MT"
747703;1676517;2025-11-23;"domingo";"21:20:00";"MT";70;591;"POCONE";"N�o";"Aus�ncia de sinaliza��o";1;"Colis�o frontal";"Com V�timas Fatais";"Plena Noite";"Crescente";"C�u Claro";"Simples";"Curva";"N�o";1335347;"Autom�vel";"FORD/KA SE 1.0 HA C/KA SE 1.0 HA C";2019;"Passageiro";"�bito";46;"Feminino";0;0;0;1;-15,8201713;-56,7304584;"SPRF-MT";"DEL03-MT";"UOP02-DEL03-MT"
747703;1676516;2025-11-23;"domingo";"21:20:00";"MT";70;591;"POCONE";"N�o";"Aus�ncia de sinaliza��o";1;"Colis�o frontal";"Com V�timas Fatais";"Plena Noite";"Crescente";"C�u Claro";"Simples";"Curva";"N�o";1335347;"Autom�vel";"FORD/KA SE 1.0 HA C/KA SE 1.0 HA C";2019;"Passageiro";"Les�es Graves";47;"Feminino";0;0;1;0;-15,8201713;-56,7304584;"SPRF-MT";"DEL03-MT";"UOP02-DEL03-MT"
747703;1676515;2025-11-23;"domingo";"21:20:00";"MT";70;591;"POCONE";"N�o";"Aus�ncia de sinaliza��o";1;"Colis�o frontal";"Com V�timas Fatais";"Plena Noite";"Crescente";"C�u Claro";"Simples";"Curva";"N�o";1335347;"Autom�vel";"FORD/KA SE 1.0 HA C/KA SE 1.0 HA C";2019;"Condutor";"�bito";51;"Masculino";0;0;0;1;-15,8201713;-56,7304584;"SPRF-MT";"DEL03-MT";"UOP02-DEL03-MT"
747713;1676565;2025-12-09;"ter�a-feira";"23:20:00";"SC";470;146;"RIO DO SUL";"Sim";"Desrespeitar a prefer�ncia no cruzamento";1;"Colis�o transversal";"Com V�timas Feridas";"Plena Noite";"Decrescente";"C�u Claro";"Simples";"Interse��o de Vias";"Sim";1335379;"Caminh�o";"VW/24.260 CRM 6X2/24.260 CRM 6X2";2020;"Condutor";"Les�es Graves";26;"Masculino";0;0;1;0;-27,23951558;-49,68459455;"SPRF-SC";"DEL04-SC";"UOP02-DEL04-SC"
747713;1676564;2025-12-09;"ter�a-feira";"23:20:00";"SC";470;146;"RIO DO SUL";"Sim";"Desrespeitar a prefer�ncia no cruzamento";1;"Colis�o transversal";"Com V�timas Feridas";"Plena Noite";"Decrescente";"C�u Claro";"Simples";"Interse��o de Vias";"Sim";1335378;"Caminh�o";"VW/26.320 CRM 6X2/26.320 CRM 6X2";2024;"Condutor";"Ileso";61;"Masculino";1;0;0;0;-27,23951558;-49,68459455;"SPRF-SC";"DEL04-SC";"UOP02-DEL04-SC"
747802;NA;2025-12-14;"domingo";"18:10:00";"SE";101;130,2;"ESTANCIA";"Sim";"Acesso irregular";1;"Colis�o transversal";"Com V�timas Fatais";"Plena Noite";"Decrescente";"C�u Claro";"Dupla";"Reta";"N�o";1335559;"Semireboque";"SR/DAMBROZ EA113E/DAMBROZ EA113E";2008;NA;NA;NA;NA;NA;NA;NA;NA;-11,099469;-37,371238;"SPRF-SE";"DEL02-SE";"UOP01-DEL02-SE"
747802;1676787;2025-12-14;"domingo";"18:10:00";"SE";101;130,2;"ESTANCIA";"Sim";"Acesso irregular";1;"Colis�o transversal";"Com V�timas Fatais";"Plena Noite";"Decrescente";"C�u Claro";"Dupla";"Reta";"N�o";1335558;"Caminh�o-trator";"DAF/XF FTS 530/XF FTS 530";2024;"Condutor";"Ileso";53;"Masculino";1;0;0;0;-11,099469;-37,371238;"SPRF-SE";"DEL02-SE";"UOP01-DEL02-SE"
747802;1676786;2025-12-14;"domingo";"18:10:00";"SE";101;130,2;"ESTANCIA";"Sim";"Acesso irregular";1;"Colis�o transversal";"Com V�timas Fatais";"Plena Noite";"Decrescente";"C�u Claro";"Dupla";"Reta";"N�o";1335557;"Motocicleta";"HONDA/CG 150 TITAN ES/CG 150 TITAN ES";0;"Condutor";"�bito";47;"Masculino";0;0;0;1;-11,099469;-37,371238;"SPRF-SE";"DEL02-SE";"UOP01-DEL02-SE"
747934;1677098;2025-12-17;"quarta-feira";"07:00:00";"MG";365;599;"UBERLANDIA";"Sim";"Acumulo de �gua sobre o pavimento";1;"Inc�ndio";"Sem V�timas";"Amanhecer";"Crescente";"Chuva";"Dupla";"Reta";"N�o";1335809;"Caminhonete";"HYUNDAI/HR HDB/HR HDB";2010;"Condutor";"Ileso";42;"Masculino";1;0;0;0;-18,87640219;-48,52661133;"SPRF-MG";"DEL15-MG";"UOP01-DEL15-MG"
748108;1677441;2025-12-09;"ter�a-feira";"14:45:00";"RJ";101;445;"MANGARATIBA";"Sim";"Velocidade Incompat�vel";2;"Tombamento";"Com V�timas Feridas";"Pleno dia";"Crescente";"Garoa/Chuvisco";"Simples";"Curva;Aclive";"N�o";1336091;"Caminhonete";"VW/SAVEIRO CS RB MPI/SAVEIRO CS RB MPI";2023;"Condutor";"Les�es Graves";56;"Masculino";0;0;1;0;-22,96357876;-44,08607181;"SPRF-RJ";"DEL03-RJ";"UOP02-DEL03-RJ"
748108;1677441;2025-12-09;"ter�a-feira";"14:45:00";"RJ";101;445;"MANGARATIBA";"Sim";"Velocidade Incompat�vel";1;"Sa�da de leito carro��vel";"Com V�timas Feridas";"Pleno dia";"Crescente";"Garoa/Chuvisco";"Simples";"Curva;Aclive";"N�o";1336091;"Caminhonete";"VW/SAVEIRO CS RB MPI/SAVEIRO CS RB MPI";2023;"Condutor";"Les�es Graves";56;"Masculino";0;0;1;0;-22,96357876;-44,08607181;"SPRF-RJ";"DEL03-RJ";"UOP02-DEL03-RJ"
748129;1677504;2025-12-04;"quinta-feira";"19:30:00";"PB";361;1;"PATOS";"N�o";"Rea��o tardia ou ineficiente do condutor";3;"Queda de ocupante de ve�culo";"Com V�timas Feridas";"Plena Noite";"Crescente";"C�u Claro";"Simples";"Interse��o de Vias;Reta";"Sim";1336136;"Motocicleta";"MOTTU/SPORT 110I/SPORT 110I";2025;"Condutor";"Les�es Leves";28;"Masculino";0;1;0;0;-7,019333;-37,262618;"SPRF-PB";"DEL03-PB";"UOP01-DEL03-PB"
748129;1677503;2025-12-04;"quinta-feira";"19:30:00";"PB";361;1;"PATOS";"N�o";"Rea��o tardia ou ineficiente do condutor";3;"Queda de ocupante de ve�culo";"Com V�timas Feridas";"Plena Noite";"Crescente";"C�u Claro";"Simples";"Interse��o de Vias;Reta";"Sim";1336135;"Autom�vel";"VW/T CROSS SENSE TSI/T CROSS SENSE TSI";2025;"Condutor";"Ileso";54;"Masculino";1;0;0;0;-7,019333;-37,262618;"SPRF-PB";"DEL03-PB";"UOP01-DEL03-PB"
748129;1677504;2025-12-04;"quinta-feira";"19:30:00";"PB";361;1;"PATOS";"N�o";"Rea��o tardia ou ineficiente do condutor";2;"Tombamento";"Com V�timas Feridas";"Plena Noite";"Crescente";"C�u Claro";"Simples";"Interse��o de Vias;Reta";"Sim";1336136;"Motocicleta";"MOTTU/SPORT 110I/SPORT 110I";2025;"Condutor";"Les�es Leves";28;"Masculino";0;1;0;0;-7,019333;-37,262618;"SPRF-PB";"DEL03-PB";"UOP01-DEL03-PB"
748129;1677503;2025-12-04;"quinta-feira";"19:30:00";"PB";361;1;"PATOS";"N�o";"Rea��o tardia ou ineficiente do condutor";2;"Tombamento";"Com V�timas Feridas";"Plena Noite";"Crescente";"C�u Claro";"Simples";"Interse��o de Vias;Reta";"Sim";1336135;"Autom�vel";"VW/T CROSS SENSE TSI/T CROSS SENSE TSI";2025;"Condutor";"Ileso";54;"Masculino";1;0;0;0;-7,019333;-37,262618;"SPRF-PB";"DEL03-PB";"UOP01-DEL03-PB"
748129;1677504;2025-12-04;"quinta-feira";"19:30:00";"PB";361;1;"PATOS";"N�o";"Rea��o tardia ou ineficiente do condutor";1;"Colis�o transversal";"Com V�timas Feridas";"Plena Noite";"Crescente";"C�u Claro";"Simples";"Interse��o de Vias;Reta";"Sim";1336136;"Motocicleta";"MOTTU/SPORT 110I/SPORT 110I";2025;"Condutor";"Les�es Leves";28;"Masculino";0;1;0;0;-7,019333;-37,262618;"SPRF-PB";"DEL03-PB";"UOP01-DEL03-PB"
748129;1677503;2025-12-04;"quinta-feira";"19:30:00";"PB";361;1;"PATOS";"N�o";"Rea��o tardia ou ineficiente do condutor";1;"Colis�o transversal";"Com V�timas Feridas";"Plena Noite";"Crescente";"C�u Claro";"Simples";"Interse��o de Vias;Reta";"Sim";1336135;"Autom�vel";"VW/T CROSS SENSE TSI/T CROSS SENSE TSI";2025;"Condutor";"Ileso";54;"Masculino";1;0;0;0;-7,019333;-37,262618;"SPRF-PB";"DEL03-PB";"UOP01-DEL03-PB"
748129;1677504;2025-12-04;"quinta-feira";"19:30:00";"PB";361;1;"PATOS";"N�o";"Desrespeitar a prefer�ncia no cruzamento";3;"Queda de ocupante de ve�culo";"Com V�timas Feridas";"Plena Noite";"Crescente";"C�u Claro";"Simples";"Interse��o de Vias;Reta";"Sim";1336136;"Motocicleta";"MOTTU/SPORT 110I/SPORT 110I";2025;"Condutor";"Les�es Leves";28;"Masculino";0;1;0;0;-7,019333;-37,262618;"SPRF-PB";"DEL03-PB";"UOP01-DEL03-PB"
748129;1677503;2025-12-04;"quinta-feira";"19:30:00";"PB";361;1;"PATOS";"N�o";"Desrespeitar a prefer�ncia no cruzamento";3;"Queda de ocupante de ve�culo";"Com V�timas Feridas";"Plena Noite";"Crescente";"C�u Claro";"Simples";"Interse��o de Vias;Reta";"Sim";1336135;"Autom�vel";"VW/T CROSS SENSE TSI/T CROSS SENSE TSI";2025;"Condutor";"Ileso";54;"Masculino";1;0;0;0;-7,019333;-37,262618;"SPRF-PB";"DEL03-PB";"UOP01-DEL03-PB"
748129;1677504;2025-12-04;"quinta-feira";"19:30:00";"PB";361;1;"PATOS";"N�o";"Desrespeitar a prefer�ncia no cruzamento";2;"Tombamento";"Com V�timas Feridas";"Plena Noite";"Crescente";"C�u Claro";"Simples";"Interse��o de Vias;Reta";"Sim";1336136;"Motocicleta";"MOTTU/SPORT 110I/SPORT 110I";2025;"Condutor";"Les�es Leves";28;"Masculino";0;1;0;0;-7,019333;-37,262618;"SPRF-PB";"DEL03-PB";"UOP01-DEL03-PB"
748129;1677503;2025-12-04;"quinta-feira";"19:30:00";"PB";361;1;"PATOS";"N�o";"Desrespeitar a prefer�ncia no cruzamento";2;"Tombamento";"Com V�timas Feridas";"Plena Noite";"Crescente";"C�u Claro";"Simples";"Interse��o de Vias;Reta";"Sim";1336135;"Autom�vel";"VW/T CROSS SENSE TSI/T CROSS SENSE TSI";2025;"Condutor";"Ileso";54;"Masculino";1;0;0;0;-7,019333;-37,262618;"SPRF-PB";"DEL03-PB";"UOP01-DEL03-PB"
748129;1677504;2025-12-04;"quinta-feira";"19:30:00";"PB";361;1;"PATOS";"N�o";"Desrespeitar a prefer�ncia no cruzamento";1;"Colis�o transversal";"Com V�timas Feridas";"Plena Noite";"Crescente";"C�u Claro";"Simples";"Interse��o de Vias;Reta";"Sim";1336136;"Motocicleta";"MOTTU/SPORT 110I/SPORT 110I";2025;"Condutor";"Les�es Leves";28;"Masculino";0;1;0;0;-7,019333;-37,262618;"SPRF-PB";"DEL03-PB";"UOP01-DEL03-PB"
748129;1677503;2025-12-04;"quinta-feira";"19:30:00";"PB";361;1;"PATOS";"N�o";"Desrespeitar a prefer�ncia no cruzamento";1;"Colis�o transversal";"Com V�timas Feridas";"Plena Noite";"Crescente";"C�u Claro";"Simples";"Interse��o de Vias;Reta";"Sim";1336135;"Autom�vel";"VW/T CROSS SENSE TSI/T CROSS SENSE TSI";2025;"Condutor";"Ileso";54;"Masculino";1;0;0;0;-7,019333;-37,262618;"SPRF-PB";"DEL03-PB";"UOP01-DEL03-PB"
748129;1677504;2025-12-04;"quinta-feira";"19:30:00";"PB";361;1;"PATOS";"N�o";"Condutor usando celular";3;"Queda de ocupante de ve�culo";"Com V�timas Feridas";"Plena Noite";"Crescente";"C�u Claro";"Simples";"Interse��o de Vias;Reta";"Sim";1336136;"Motocicleta";"MOTTU/SPORT 110I/SPORT 110I";2025;"Condutor";"Les�es Leves";28;"Masculino";0;1;0;0;-7,019333;-37,262618;"SPRF-PB";"DEL03-PB";"UOP01-DEL03-PB"
748129;1677503;2025-12-04;"quinta-feira";"19:30:00";"PB";361;1;"PATOS";"N�o";"Condutor usando celular";3;"Queda de ocupante de ve�culo";"Com V�timas Feridas";"Plena Noite";"Crescente";"C�u Claro";"Simples";"Interse��o de Vias;Reta";"Sim";1336135;"Autom�vel";"VW/T CROSS SENSE TSI/T CROSS SENSE TSI";2025;"Condutor";"Ileso";54;"Masculino";1;0;0;0;-7,019333;-37,262618;"SPRF-PB";"DEL03-PB";"UOP01-DEL03-PB"
748129;1677504;2025-12-04;"quinta-feira";"19:30:00";"PB";361;1;"PATOS";"N�o";"Condutor usando celular";2;"Tombamento";"Com V�timas Feridas";"Plena Noite";"Crescente";"C�u Claro";"Simples";"Interse��o de Vias;Reta";"Sim";1336136;"Motocicleta";"MOTTU/SPORT 110I/SPORT 110I";2025;"Condutor";"Les�es Leves";28;"Masculino";0;1;0;0;-7,019333;-37,262618;"SPRF-PB";"DEL03-PB";"UOP01-DEL03-PB"
748129;1677503;2025-12-04;"quinta-feira";"19:30:00";"PB";361;1;"PATOS";"N�o";"Condutor usando celular";2;"Tombamento";"Com V�timas Feridas";"Plena Noite";"Crescente";"C�u Claro";"Simples";"Interse��o de Vias;Reta";"Sim";1336135;"Autom�vel";"VW/T CROSS SENSE TSI/T CROSS SENSE TSI";2025;"Condutor";"Ileso";54;"Masculino";1;0;0;0;-7,019333;-37,262618;"SPRF-PB";"DEL03-PB";"UOP01-DEL03-PB"
748129;1677504;2025-12-04;"quinta-feira";"19:30:00";"PB";361;1;"PATOS";"N�o";"Condutor usando celular";1;"Colis�o transversal";"Com V�timas Feridas";"Plena Noite";"Crescente";"C�u Claro";"Simples";"Interse��o de Vias;Reta";"Sim";1336136;"Motocicleta";"MOTTU/SPORT 110I/SPORT 110I";2025;"Condutor";"Les�es Leves";28;"Masculino";0;1;0;0;-7,019333;-37,262618;"SPRF-PB";"DEL03-PB";"UOP01-DEL03-PB"
748129;1677503;2025-12-04;"quinta-feira";"19:30:00";"PB";361;1;"PATOS";"N�o";"Condutor usando celular";1;"Colis�o transversal";"Com V�timas Feridas";"Plena Noite";"Crescente";"C�u Claro";"Simples";"Interse��o de Vias;Reta";"Sim";1336135;"Autom�vel";"VW/T CROSS SENSE TSI/T CROSS SENSE TSI";2025;"Condutor";"Ileso";54;"Masculino";1;0;0;0;-7,019333;-37,262618;"SPRF-PB";"DEL03-PB";"UOP01-DEL03-PB"
748129;1677504;2025-12-04;"quinta-feira";"19:30:00";"PB";361;1;"PATOS";"N�o";"Aus�ncia de rea��o do condutor";3;"Queda de ocupante de ve�culo";"Com V�timas Feridas";"Plena Noite";"Crescente";"C�u Claro";"Simples";"Interse��o de Vias;Reta";"Sim";1336136;"Motocicleta";"MOTTU/SPORT 110I/SPORT 110I";2025;"Condutor";"Les�es Leves";28;"Masculino";0;1;0;0;-7,019333;-37,262618;"SPRF-PB";"DEL03-PB";"UOP01-DEL03-PB"
748129;1677503;2025-12-04;"quinta-feira";"19:30:00";"PB";361;1;"PATOS";"N�o";"Aus�ncia de rea��o do condutor";3;"Queda de ocupante de ve�culo";"Com V�timas Feridas";"Plena Noite";"Crescente";"C�u Claro";"Simples";"Interse��o de Vias;Reta";"Sim";1336135;"Autom�vel";"VW/T CROSS SENSE TSI/T CROSS SENSE TSI";2025;"Condutor";"Ileso";54;"Masculino";1;0;0;0;-7,019333;-37,262618;"SPRF-PB";"DEL03-PB";"UOP01-DEL03-PB"
748129;1677504;2025-12-04;"quinta-feira";"19:30:00";"PB";361;1;"PATOS";"N�o";"Aus�ncia de rea��o do condutor";2;"Tombamento";"Com V�timas Feridas";"Plena Noite";"Crescente";"C�u Claro";"Simples";"Interse��o de Vias;Reta";"Sim";1336136;"Motocicleta";"MOTTU/SPORT 110I/SPORT 110I";2025;"Condutor";"Les�es Leves";28;"Masculino";0;1;0;0;-7,019333;-37,262618;"SPRF-PB";"DEL03-PB";"UOP01-DEL03-PB"
748129;1677503;2025-12-04;"quinta-feira";"19:30:00";"PB";361;1;"PATOS";"N�o";"Aus�ncia de rea��o do condutor";2;"Tombamento";"Com V�timas Feridas";"Plena Noite";"Crescente";"C�u Claro";"Simples";"Interse��o de Vias;Reta";"Sim";1336135;"Autom�vel";"VW/T CROSS SENSE TSI/T CROSS SENSE TSI";2025;"Condutor";"Ileso";54;"Masculino";1;0;0;0;-7,019333;-37,262618;"SPRF-PB";"DEL03-PB";"UOP01-DEL03-PB"
748129;1677504;2025-12-04;"quinta-feira";"19:30:00";"PB";361;1;"PATOS";"N�o";"Aus�ncia de rea��o do condutor";1;"Colis�o transversal";"Com V�timas Feridas";"Plena Noite";"Crescente";"C�u Claro";"Simples";"Interse��o de Vias;Reta";"Sim";1336136;"Motocicleta";"MOTTU/SPORT 110I/SPORT 110I";2025;"Condutor";"Les�es Leves";28;"Masculino";0;1;0;0;-7,019333;-37,262618;"SPRF-PB";"DEL03-PB";"UOP01-DEL03-PB"
748129;1677503;2025-12-04;"quinta-feira";"19:30:00";"PB";361;1;"PATOS";"N�o";"Aus�ncia de rea��o do condutor";1;"Colis�o transversal";"Com V�timas Feridas";"Plena Noite";"Crescente";"C�u Claro";"Simples";"Interse��o de Vias;Reta";"Sim";1336135;"Autom�vel";"VW/T CROSS SENSE TSI/T CROSS SENSE TSI";2025;"Condutor";"Ileso";54;"Masculino";1;0;0;0;-7,019333;-37,262618;"SPRF-PB";"DEL03-PB";"UOP01-DEL03-PB"
748129;1677504;2025-12-04;"quinta-feira";"19:30:00";"PB";361;1;"PATOS";"N�o";"Acesso irregular";3;"Queda de ocupante de ve�culo";"Com V�timas Feridas";"Plena Noite";"Crescente";"C�u Claro";"Simples";"Interse��o de Vias;Reta";"Sim";1336136;"Motocicleta";"MOTTU/SPORT 110I/SPORT 110I";2025;"Condutor";"Les�es Leves";28;"Masculino";0;1;0;0;-7,019333;-37,262618;"SPRF-PB";"DEL03-PB";"UOP01-DEL03-PB"