"id";"pesid";"data_inversa";"dia_semana";"horario";"uf";"br";"km";"municipio";"causa_principal";"causa_acidente";"ordem_tipo_acidente";"tipo_acidente";"classificacao_acidente";"fase_dia";"sentido_via";"condicao_metereologica";"tipo_pista";"tracado_via";"uso_solo";"id_veiculo";"tipo_veiculo";"marca";"ano_fabricacao_veiculo";"tipo_envolvido";"estado_fisico";"idade";"sexo";"ilesos";"feridos_leves";"feridos_graves";"mortos";"latitude";"longitude";"regional";"delegacia";"uop"
748129;1677503;2025-12-04;"quinta-feira";"19:30:00";"PB";361;1;"PATOS";"N�o";"Acesso irregular";3;"Queda de ocupante de ve�culo";"Com V�timas Feridas";"Plena Noite";"Crescente";"C�u Claro";"Simples";"Interse��o de Vias;Reta";"Sim";1336135;"Autom�vel";"VW/T CROSS SENSE TSI/T CROSS SENSE TSI";2025;"Condutor";"Ileso";54;"Masculino";1;0;0;0;-7,019333;-37,262618;"SPRF-PB";"DEL03-PB";"UOP01-DEL03-PB"
748129;1677504;2025-12-04;"quinta-feira";"19:30:00";"PB";361;1;"PATOS";"N�o";"Acesso irregular";2;"Tombamento";"Com V�timas Feridas";"Plena Noite";"Crescente";"C�u Claro";"Simples";"Interse��o de Vias;Reta";"Sim";1336136;"Motocicleta";"MOTTU/SPORT 110I/SPORT 110I";2025;"Condutor";"Les�es Leves";28;"Masculino";0;1;0;0;-7,019333;-37,262618;"SPRF-PB";"DEL03-PB";"UOP01-DEL03-PB"
748129;1677503;2025-12-04;"quinta-feira";"19:30:00";"PB";361;1;"PATOS";"N�o";"Acesso irregular";2;"Tombamento";"Com V�timas Feridas";"Plena Noite";"Crescente";"C�u Claro";"Simples";"Interse��o de Vias;Reta";"Sim";1336135;"Autom�vel";"VW/T CROSS SENSE TSI/T CROSS SENSE TSI";2025;"Condutor";"Ileso";54;"Masculino";1;0;0;0;-7,019333;-37,262618;"SPRF-PB";"DEL03-PB";"UOP01-DEL03-PB"
748129;1677504;2025-12-04;"quinta-feira";"19:30:00";"PB";361;1;"PATOS";"N�o";"Acesso irregular";1;"Colis�o transversal";"Com V�timas Feridas";"Plena Noite";"Crescente";"C�u Claro";"Simples";"Interse��o de Vias;Reta";"Sim";1336136;"Motocicleta";"MOTTU/SPORT 110I/SPORT 110I";2025;"Condutor";"Les�es Leves";28;"Masculino";0;1;0;0;-7,019333;-37,262618;"SPRF-PB";"DEL03-PB";"UOP01-DEL03-PB"
748129;1677503;2025-12-04;"quinta-feira";"19:30:00";"PB";361;1;"PATOS";"N�o";"Acesso irregular";1;"Colis�o transversal";"Com V�timas Feridas";"Plena Noite";"Crescente";"C�u Claro";"Simples";"Interse��o de Vias;Reta";"Sim";1336135;"Autom�vel";"VW/T CROSS SENSE TSI/T CROSS SENSE TSI";2025;"Condutor";"Ileso";54;"Masculino";1;0;0;0;-7,019333;-37,262618;"SPRF-PB";"DEL03-PB";"UOP01-DEL03-PB"
748129;1677504;2025-12-04;"quinta-feira";"19:30:00";"PB";361;1;"PATOS";"Sim";"Acessar a via sem observar a presen�a dos outros ve�culos";3;"Queda de ocupante de ve�culo";"Com V�timas Feridas";"Plena Noite";"Crescente";"C�u Claro";"Simples";"Interse��o de Vias;Reta";"Sim";1336136;"Motocicleta";"MOTTU/SPORT 110I/SPORT 110I";2025;"Condutor";"Les�es Leves";28;"Masculino";0;1;0;0;-7,019333;-37,262618;"SPRF-PB";"DEL03-PB";"UOP01-DEL03-PB"
748129;1677503;2025-12-04;"quinta-feira";"19:30:00";"PB";361;1;"PATOS";"Sim";"Acessar a via sem observar a presen�a dos outros ve�culos";3;"Queda de ocupante de ve�culo";"Com V�timas Feridas";"Plena Noite";"Crescente";"C�u Claro";"Simples";"Interse��o de Vias;Reta";"Sim";1336135;"Autom�vel";"VW/T CROSS SENSE TSI/T CROSS SENSE TSI";2025;"Condutor";"Ileso";54;"Masculino";1;0;0;0;-7,019333;-37,262618;"SPRF-PB";"DEL03-PB";"UOP01-DEL03-PB"
748129;1677504;2025-12-04;"quinta-feira";"19:30:00";"PB";361;1;"PATOS";"Sim";"Acessar a via sem observar a presen�a dos outros ve�culos";2;"Tombamento";"Com V�timas Feridas";"Plena Noite";"Crescente";"C�u Claro";"Simples";"Interse��o de Vias;Reta";"Sim";1336136;"Motocicleta";"MOTTU/SPORT 110I/SPORT 110I";2025;"Condutor";"Les�es Leves";28;"Masculino";0;1;0;0;-7,019333;-37,262618;"SPRF-PB";"DEL03-PB";"UOP01-DEL03-PB"
748129;1677503;2025-12-04;"quinta-feira";"19:30:00";"PB";361;1;"PATOS";"Sim";"Acessar a via sem observar a presen�a dos outros ve�culos";2;"Tombamento";"Com V�timas Feridas";"Plena Noite";"Crescente";"C�u Claro";"Simples";"Interse��o de Vias;Reta";"Sim";1336135;"Autom�vel";"VW/T CROSS SENSE TSI/T CROSS SENSE TSI";2025;"Condutor";"Ileso";54;"Masculino";1;0;0;0;-7,019333;-37,262618;"SPRF-PB";"DEL03-PB";"UOP01-DEL03-PB"
748129;1677504;2025-12-04;"quinta-feira";"19:30:00";"PB";361;1;"PATOS";"Sim";"Acessar a via sem observar a presen�a dos outros ve�culos";1;"Colis�o transversal";"Com V�timas Feridas";"Plena Noite";"Crescente";"C�u Claro";"Simples";"Interse��o de Vias;Reta";"Sim";1336136;"Motocicleta";"MOTTU/SPORT 110I/SPORT 110I";2025;"Condutor";"Les�es Leves";28;"Masculino";0;1;0;0;-7,019333;-37,262618;"SPRF-PB";"DEL03-PB";"UOP01-DEL03-PB"
748129;1677503;2025-12-04;"quinta-feira";"19:30:00";"PB";361;1;"PATOS";"Sim";"Acessar a via sem observar a presen�a dos outros ve�culos";1;"Colis�o transversal";"Com V�timas Feridas";"Plena Noite";"Crescente";"C�u Claro";"Simples";"Interse��o de Vias;Reta";"Sim";1336135;"Autom�vel";"VW/T CROSS SENSE TSI/T CROSS SENSE TSI";2025;"Condutor";"Ileso";54;"Masculino";1;0;0;0;-7,019333;-37,262618;"SPRF-PB";"DEL03-PB";"UOP01-DEL03-PB"
748159;1678736;2025-12-21;"domingo";"09:22:00";"PA";163;423;"ITAITUBA";"Sim";"Rea��o tardia ou ineficiente do condutor";1;"Tombamento";"Sem V�timas";"Pleno dia";"Crescente";"Ignorado";"Simples";"Curva;Declive";"N�o";1336221;"Caminh�o-trator";"N�o Informado/N�o Informado/N�o Informado";0;"Passageiro";"N�o Informado";NA;"N�o Informado";0;0;0;0;-6,12171177;-55,61522198;"SPRF-PA";"DEL05-PA";"UOP03-DEL05-PA"
748159;1678734;2025-12-21;"domingo";"09:22:00";"PA";163;423;"ITAITUBA";"Sim";"Rea��o tardia ou ineficiente do condutor";1;"Tombamento";"Sem V�timas";"Pleno dia";"Crescente";"Ignorado";"Simples";"Curva;Declive";"N�o";1336221;"Caminh�o-trator";"N�o Informado/N�o Informado/N�o Informado";0;"Condutor";"N�o Informado";NA;"N�o Informado";0;0;0;0;-6,12171177;-55,61522198;"SPRF-PA";"DEL05-PA";"UOP03-DEL05-PA"
748171;1677569;2025-12-14;"domingo";"02:00:00";"RJ";101;541;"PARATY";"Sim";"Chuva";2;"Inc�ndio";"Com V�timas Feridas";"Plena Noite";"Crescente";"Chuva";"Dupla";"Curva";"N�o";1336195;"Autom�vel";"CHEV/PRISMA 1.4MT LT/PRISMA 1.4MT LT";2014;"Condutor";"Les�es Graves";39;"Masculino";0;0;1;0;-23,04877556;-44,58869934;"SPRF-RJ";"DEL03-RJ";"UOP04-DEL03-RJ"
748171;1677569;2025-12-14;"domingo";"02:00:00";"RJ";101;541;"PARATY";"Sim";"Chuva";1;"Colis�o com objeto";"Com V�timas Feridas";"Plena Noite";"Crescente";"Chuva";"Dupla";"Curva";"N�o";1336195;"Autom�vel";"CHEV/PRISMA 1.4MT LT/PRISMA 1.4MT LT";2014;"Condutor";"Les�es Graves";39;"Masculino";0;0;1;0;-23,04877556;-44,58869934;"SPRF-RJ";"DEL03-RJ";"UOP04-DEL03-RJ"
748198;1677670;2025-12-05;"sexta-feira";"07:40:00";"PR";277;108;"CURITIBA";"Sim";"Aus�ncia de rea��o do condutor";1;"Queda de ocupante de ve�culo";"Com V�timas Feridas";"Pleno dia";"Decrescente";"C�u Claro";"Dupla";"Reta";"Sim";1336265;"Motocicleta";"HONDA/CB 300R/CB 300R";2012;"Condutor";"Les�es Leves";28;"Masculino";0;1;0;0;-25,43272364;-49,37119603;"SPRF-PR";"DEL01-PR";"UOP06-DEL01-PR"
748208;1677748;2025-12-12;"sexta-feira";"16:00:00";"MG";365;623;"UBERLANDIA";"Sim";"Chuva";2;"Queda de ocupante de ve�culo";"Com V�timas Feridas";"Pleno dia";"Decrescente";"Chuva";"Dupla";"Reta";"Sim";1336319;"Motocicleta";"MOTTU/SPORT 110I/SPORT 110I";2025;"Condutor";"Les�es Leves";52;"Masculino";0;1;0;0;-18,90317755;-48,27858059;"SPRF-MG";"DEL15-MG";"UOP01-DEL15-MG"
748208;1677748;2025-12-12;"sexta-feira";"16:00:00";"MG";365;623;"UBERLANDIA";"Sim";"Chuva";1;"Tombamento";"Com V�timas Feridas";"Pleno dia";"Decrescente";"Chuva";"Dupla";"Reta";"Sim";1336319;"Motocicleta";"MOTTU/SPORT 110I/SPORT 110I";2025;"Condutor";"Les�es Leves";52;"Masculino";0;1;0;0;-18,90317755;-48,27858059;"SPRF-MG";"DEL15-MG";"UOP01-DEL15-MG"
748209;1677747;2025-12-24;"quarta-feira";"11:30:00";"AL";101;33;"JOAQUIM GOMES";"Sim";"Chuva";1;"Capotamento";"Sem V�timas";"Pleno dia";"Crescente";"Nublado";"Dupla";"Curva";"N�o";1336318;"Autom�vel";"HYUNDAI/HB20 TCIM COMP/HB20 TCIM COMP";2018;"Condutor";"N�o Informado";NA;"N�o Informado";0;0;0;0;-9,09525841;-35,75446576;"SPRF-AL";"DEL01-AL";"UOP02-DEL01-AL"
748224;1677798;2025-12-04;"quinta-feira";"23:50:00";"MG";381;851,5;"POUSO ALEGRE";"Sim";"Animais na Pista";3;"Queda de ocupante de ve�culo";"Com V�timas Feridas";"Plena Noite";"Crescente";"C�u Claro";"Dupla";"Curva";"N�o";1336356;"Motocicleta";"YAMAHA/YS150 FAZER SED/YS150 FAZER SED";0;"Passageiro";"Les�es Leves";16;"Masculino";0;1;0;0;-22,25007761;-45,88705972;"SPRF-MG";"DEL16-MG";"UOP01-DEL16-MG"
748224;1677797;2025-12-04;"quinta-feira";"23:50:00";"MG";381;851,5;"POUSO ALEGRE";"Sim";"Animais na Pista";3;"Queda de ocupante de ve�culo";"Com V�timas Feridas";"Plena Noite";"Crescente";"C�u Claro";"Dupla";"Curva";"N�o";1336356;"Motocicleta";"YAMAHA/YS150 FAZER SED/YS150 FAZER SED";0;"Condutor";"Les�es Leves";38;"Feminino";0;1;0;0;-22,25007761;-45,88705972;"SPRF-MG";"DEL16-MG";"UOP01-DEL16-MG"
748224;1677798;2025-12-04;"quinta-feira";"23:50:00";"MG";381;851,5;"POUSO ALEGRE";"Sim";"Animais na Pista";2;"Tombamento";"Com V�timas Feridas";"Plena Noite";"Crescente";"C�u Claro";"Dupla";"Curva";"N�o";1336356;"Motocicleta";"YAMAHA/YS150 FAZER SED/YS150 FAZER SED";0;"Passageiro";"Les�es Leves";16;"Masculino";0;1;0;0;-22,25007761;-45,88705972;"SPRF-MG";"DEL16-MG";"UOP01-DEL16-MG"
748224;1677797;2025-12-04;"quinta-feira";"23:50:00";"MG";381;851,5;"POUSO ALEGRE";"Sim";"Animais na Pista";2;"Tombamento";"Com V�timas Feridas";"Plena Noite";"Crescente";"C�u Claro";"Dupla";"Curva";"N�o";1336356;"Motocicleta";"YAMAHA/YS150 FAZER SED/YS150 FAZER SED";0;"Condutor";"Les�es Leves";38;"Feminino";0;1;0;0;-22,25007761;-45,88705972;"SPRF-MG";"DEL16-MG";"UOP01-DEL16-MG"
748224;1677798;2025-12-04;"quinta-feira";"23:50:00";"MG";381;851,5;"POUSO ALEGRE";"Sim";"Animais na Pista";1;"Atropelamento de Animal";"Com V�timas Feridas";"Plena Noite";"Crescente";"C�u Claro";"Dupla";"Curva";"N�o";1336356;"Motocicleta";"YAMAHA/YS150 FAZER SED/YS150 FAZER SED";0;"Passageiro";"Les�es Leves";16;"Masculino";0;1;0;0;-22,25007761;-45,88705972;"SPRF-MG";"DEL16-MG";"UOP01-DEL16-MG"
748224;1677797;2025-12-04;"quinta-feira";"23:50:00";"MG";381;851,5;"POUSO ALEGRE";"Sim";"Animais na Pista";1;"Atropelamento de Animal";"Com V�timas Feridas";"Plena Noite";"Crescente";"C�u Claro";"Dupla";"Curva";"N�o";1336356;"Motocicleta";"YAMAHA/YS150 FAZER SED/YS150 FAZER SED";0;"Condutor";"Les�es Leves";38;"Feminino";0;1;0;0;-22,25007761;-45,88705972;"SPRF-MG";"DEL16-MG";"UOP01-DEL16-MG"
748293;1677984;2025-12-22;"segunda-feira";"13:51:00";"RN";304;276;"MACAIBA";"Sim";"Demais falhas mec�nicas ou el�tricas";1;"Inc�ndio";"Sem V�timas";"Pleno dia";"Crescente";"C�u Claro";"Simples";"Reta";"N�o";1336485;"Caminhonete";"I/FORD RANGER XLTCD4A32C/FORD RANGER XLTCD4A32C";2019;"Condutor";"Ileso";30;"Masculino";1;0;0;0;-5,884594;-35,513891;"SPRF-RN";"DEL01-RN";"UOP02-DEL01-RN"
748309;1678031;2025-12-15;"segunda-feira";"06:30:00";"PR";116;119;"CURITIBA";"Sim";"Rea��o tardia ou ineficiente do condutor";2;"Queda de ocupante de ve�culo";"Com V�timas Feridas";"Pleno dia";"Decrescente";"C�u Claro";"Dupla";"Reta";"N�o";1336510;"Motocicleta";"HONDA/CB300F TWISTER ABS/CB300F TWISTER ABS";2024;"Condutor";"Les�es Leves";53;"Feminino";0;1;0;0;-25,578091;-49,312363;"SPRF-PR";"DEL01-PR";"UOP03-DEL01-PR"
748309;1678031;2025-12-15;"segunda-feira";"06:30:00";"PR";116;119;"CURITIBA";"Sim";"Rea��o tardia ou ineficiente do condutor";1;"Tombamento";"Com V�timas Feridas";"Pleno dia";"Decrescente";"C�u Claro";"Dupla";"Reta";"N�o";1336510;"Motocicleta";"HONDA/CB300F TWISTER ABS/CB300F TWISTER ABS";2024;"Condutor";"Les�es Leves";53;"Feminino";0;1;0;0;-25,578091;-49,312363;"SPRF-PR";"DEL01-PR";"UOP03-DEL01-PR"
748322;1678065;2025-12-06;"s�bado";"17:50:00";"RJ";101;554,5;"PARATY";"Sim";"Acessar a via sem observar a presen�a dos outros ve�culos";1;"Colis�o lateral mesmo sentido";"Com V�timas Feridas";"Plena Noite";"Decrescente";"C�u Claro";"Simples";"Reta";"N�o";1336532;"Motocicleta";"HONDA/XR 250 TORNADO/XR 250 TORNADO";2007;"Condutor";"Les�es Graves";49;"Masculino";0;0;1;0;-23,0308816;-44,5460194;"SPRF-RJ";"DEL03-RJ";"UOP04-DEL03-RJ"
748322;1678064;2025-12-06;"s�bado";"17:50:00";"RJ";101;554,5;"PARATY";"Sim";"Acessar a via sem observar a presen�a dos outros ve�culos";1;"Colis�o lateral mesmo sentido";"Com V�timas Feridas";"Plena Noite";"Decrescente";"C�u Claro";"Simples";"Reta";"N�o";1336531;"Autom�vel";"GM/CELTA 2P LIFE/CELTA 2P LIFE";2010;"Condutor";"Ileso";37;"Feminino";1;0;0;0;-23,0308816;-44,5460194;"SPRF-RJ";"DEL03-RJ";"UOP04-DEL03-RJ"
748372;1678193;2025-11-24;"segunda-feira";"17:10:00";"RJ";116;281;"BARRA MANSA";"Sim";"Aus�ncia de rea��o do condutor";1;"Tombamento";"Sem V�timas";"Pleno dia";"Crescente";"Sol";"Dupla";"Reta";"N�o";1336629;"Caminh�o";"M.BENZ/608/608";1979;"Condutor";"Ileso";25;"Masculino";1;0;0;0;-22,50992673;-44,21881199;"SPRF-RJ";"DEL07-RJ";"UOP02-DEL07-RJ"
748427;1678389;2025-11-13;"quinta-feira";"12:05:00";"PB";230;112,8;"INGA";"Sim";"Velocidade Incompat�vel";1;"Tombamento";"Com V�timas Feridas";"Pleno dia";"Crescente";"C�u Claro";"Dupla";"Curva";"N�o";1336789;"Caminh�o";"M.BENZ/L 1620/L 1620";2004;"Condutor";"Les�es Graves";25;"Masculino";0;0;1;0;-7,217953;-35,595646;"SPRF-PB";"DEL01-PB";"UOP02-DEL01-PB"
748443;1678411;2025-11-16;"domingo";"21:30:00";"MG";40;510;"RIBEIRAO DAS NEVES";"Sim";"Condutor deixou de manter dist�ncia do ve�culo da frente";1;"Colis�o traseira";"Sem V�timas";"Plena Noite";"Decrescente";"Chuva";"Dupla";"Reta";"Sim";1336810;"�nibus";"M.BENZ/MASCA ROMA R/MASCA ROMA R";2022;"Condutor";"Ileso";29;"Masculino";1;0;0;0;-19,77607298;-44,1226387;"SPRF-MG";"DEL01-MG";"UOP02-DEL01-MG"
748443;1678419;2025-11-16;"domingo";"21:30:00";"MG";40;510;"RIBEIRAO DAS NEVES";"Sim";"Condutor deixou de manter dist�ncia do ve�culo da frente";1;"Colis�o traseira";"Sem V�timas";"Plena Noite";"Decrescente";"Chuva";"Dupla";"Reta";"Sim";1336809;"Autom�vel";"FIAT/UNO MILLE ECONOMY/UNO MILLE ECONOMY";2010;"Passageiro";"Ileso";11;"Masculino";1;0;0;0;-19,77607298;-44,1226387;"SPRF-MG";"DEL01-MG";"UOP02-DEL01-MG"
748443;1678410;2025-11-16;"domingo";"21:30:00";"MG";40;510;"RIBEIRAO DAS NEVES";"Sim";"Condutor deixou de manter dist�ncia do ve�culo da frente";1;"Colis�o traseira";"Sem V�timas";"Plena Noite";"Decrescente";"Chuva";"Dupla";"Reta";"Sim";1336809;"Autom�vel";"FIAT/UNO MILLE ECONOMY/UNO MILLE ECONOMY";2010;"Condutor";"Ileso";58;"Masculino";1;0;0;0;-19,77607298;-44,1226387;"SPRF-MG";"DEL01-MG";"UOP02-DEL01-MG"
748444;1678415;2025-12-28;"domingo";"00:10:00";"AL";101;71;"MESSIAS";"Sim";"Transitar na contram�o";2;"Capotamento";"Com V�timas Feridas";"Plena Noite";"Decrescente";"C�u Claro";"Dupla";"Curva";"N�o";1336814;"Autom�vel";"CHEVROLET/CELTA 1.0L LT/CELTA 1.0L LT";2013;"Condutor";"Ileso";26;"Masculino";1;0;0;0;-9,36751292;-35,83300201;"SPRF-AL";"DEL01-AL";"UOP01-DEL01-AL"
748444;1678414;2025-12-28;"domingo";"00:10:00";"AL";101;71;"MESSIAS";"Sim";"Transitar na contram�o";2;"Capotamento";"Com V�timas Feridas";"Plena Noite";"Decrescente";"C�u Claro";"Dupla";"Curva";"N�o";1336813;"Autom�vel";"I/PEUGEOT 207HB XR S/PEUGEOT 207HB XR S";2010;"Condutor";"Les�es Leves";21;"Masculino";0;1;0;0;-9,36751292;-35,83300201;"SPRF-AL";"DEL01-AL";"UOP01-DEL01-AL"
748444;1678413;2025-12-28;"domingo";"00:10:00";"AL";101;71;"MESSIAS";"Sim";"Transitar na contram�o";2;"Capotamento";"Com V�timas Feridas";"Plena Noite";"Decrescente";"C�u Claro";"Dupla";"Curva";"N�o";1336812;"Autom�vel";"PEUGEOT/207 ESCAPADE/207 ESCAPADE";2009;"Condutor";"Ileso";60;"Masculino";1;0;0;0;-9,36751292;-35,83300201;"SPRF-AL";"DEL01-AL";"UOP01-DEL01-AL"
748444;1678415;2025-12-28;"domingo";"00:10:00";"AL";101;71;"MESSIAS";"Sim";"Transitar na contram�o";1;"Colis�o frontal";"Com V�timas Feridas";"Plena Noite";"Decrescente";"C�u Claro";"Dupla";"Curva";"N�o";1336814;"Autom�vel";"CHEVROLET/CELTA 1.0L LT/CELTA 1.0L LT";2013;"Condutor";"Ileso";26;"Masculino";1;0;0;0;-9,36751292;-35,83300201;"SPRF-AL";"DEL01-AL";"UOP01-DEL01-AL"
748444;1678414;2025-12-28;"domingo";"00:10:00";"AL";101;71;"MESSIAS";"Sim";"Transitar na contram�o";1;"Colis�o frontal";"Com V�timas Feridas";"Plena Noite";"Decrescente";"C�u Claro";"Dupla";"Curva";"N�o";1336813;"Autom�vel";"I/PEUGEOT 207HB XR S/PEUGEOT 207HB XR S";2010;"Condutor";"Les�es Leves";21;"Masculino";0;1;0;0;-9,36751292;-35,83300201;"SPRF-AL";"DEL01-AL";"UOP01-DEL01-AL"
748444;1678413;2025-12-28;"domingo";"00:10:00";"AL";101;71;"MESSIAS";"Sim";"Transitar na contram�o";1;"Colis�o frontal";"Com V�timas Feridas";"Plena Noite";"Decrescente";"C�u Claro";"Dupla";"Curva";"N�o";1336812;"Autom�vel";"PEUGEOT/207 ESCAPADE/207 ESCAPADE";2009;"Condutor";"Ileso";60;"Masculino";1;0;0;0;-9,36751292;-35,83300201;"SPRF-AL";"DEL01-AL";"UOP01-DEL01-AL"
748444;1678415;2025-12-28;"domingo";"00:10:00";"AL";101;71;"MESSIAS";"N�o";"Rea��o tardia ou ineficiente do condutor";2;"Capotamento";"Com V�timas Feridas";"Plena Noite";"Decrescente";"C�u Claro";"Dupla";"Curva";"N�o";1336814;"Autom�vel";"CHEVROLET/CELTA 1.0L LT/CELTA 1.0L LT";2013;"Condutor";"Ileso";26;"Masculino";1;0;0;0;-9,36751292;-35,83300201;"SPRF-AL";"DEL01-AL";"UOP01-DEL01-AL"
748444;1678414;2025-12-28;"domingo";"00:10:00";"AL";101;71;"MESSIAS";"N�o";"Rea��o tardia ou ineficiente do condutor";2;"Capotamento";"Com V�timas Feridas";"Plena Noite";"Decrescente";"C�u Claro";"Dupla";"Curva";"N�o";1336813;"Autom�vel";"I/PEUGEOT 207HB XR S/PEUGEOT 207HB XR S";2010;"Condutor";"Les�es Leves";21;"Masculino";0;1;0;0;-9,36751292;-35,83300201;"SPRF-AL";"DEL01-AL";"UOP01-DEL01-AL"
748444;1678413;2025-12-28;"domingo";"00:10:00";"AL";101;71;"MESSIAS";"N�o";"Rea��o tardia ou ineficiente do condutor";2;"Capotamento";"Com V�timas Feridas";"Plena Noite";"Decrescente";"C�u Claro";"Dupla";"Curva";"N�o";1336812;"Autom�vel";"PEUGEOT/207 ESCAPADE/207 ESCAPADE";2009;"Condutor";"Ileso";60;"Masculino";1;0;0;0;-9,36751292;-35,83300201;"SPRF-AL";"DEL01-AL";"UOP01-DEL01-AL"
748444;1678415;2025-12-28;"domingo";"00:10:00";"AL";101;71;"MESSIAS";"N�o";"Rea��o tardia ou ineficiente do condutor";1;"Colis�o frontal";"Com V�timas Feridas";"Plena Noite";"Decrescente";"C�u Claro";"Dupla";"Curva";"N�o";1336814;"Autom�vel";"CHEVROLET/CELTA 1.0L LT/CELTA 1.0L LT";2013;"Condutor";"Ileso";26;"Masculino";1;0;0;0;-9,36751292;-35,83300201;"SPRF-AL";"DEL01-AL";"UOP01-DEL01-AL"
748444;1678414;2025-12-28;"domingo";"00:10:00";"AL";101;71;"MESSIAS";"N�o";"Rea��o tardia ou ineficiente do condutor";1;"Colis�o frontal";"Com V�timas Feridas";"Plena Noite";"Decrescente";"C�u Claro";"Dupla";"Curva";"N�o";1336813;"Autom�vel";"I/PEUGEOT 207HB XR S/PEUGEOT 207HB XR S";2010;"Condutor";"Les�es Leves";21;"Masculino";0;1;0;0;-9,36751292;-35,83300201;"SPRF-AL";"DEL01-AL";"UOP01-DEL01-AL"
748444;1678413;2025-12-28;"domingo";"00:10:00";"AL";101;71;"MESSIAS";"N�o";"Rea��o tardia ou ineficiente do condutor";1;"Colis�o frontal";"Com V�timas Feridas";"Plena Noite";"Decrescente";"C�u Claro";"Dupla";"Curva";"N�o";1336812;"Autom�vel";"PEUGEOT/207 ESCAPADE/207 ESCAPADE";2009;"Condutor";"Ileso";60;"Masculino";1;0;0;0;-9,36751292;-35,83300201;"SPRF-AL";"DEL01-AL";"UOP01-DEL01-AL"
748462;1678444;2025-11-09;"domingo";"23:10:00";"MA";135;111;"ITAPECURU MIRIM";"N�o";"Aus�ncia de sinaliza��o";3;"Tombamento";"Com V�timas Fatais";"Plena Noite";"Crescente";"C�u Claro";"Simples";"Reta";"N�o";1336836;"Caminh�o-trator";"IVECO/STRALISHD 570S42TN/STRALISHD 570S42TN";2009;"Condutor";"Ileso";50;"Masculino";1;0;0;0;-3,44861;-44,52556;"SPRF-MA";"DEL01-MA";"UOP02-DEL01-MA"
748462;NA;2025-11-09;"domingo";"23:10:00";"MA";135;111;"ITAPECURU MIRIM";"N�o";"Aus�ncia de sinaliza��o";3;"Tombamento";"Com V�timas Fatais";"Plena Noite";"Crescente";"C�u Claro";"Simples";"Reta";"N�o";1336838;"Semireboque";"SR/FACCHINI SRF CB/FACCHINI SRF CB";2015;NA;NA;NA;NA;NA;NA;NA;NA;-3,44861;-44,52556;"SPRF-MA";"DEL01-MA";"UOP02-DEL01-MA"
748462;1678450;2025-11-09;"domingo";"23:10:00";"MA";135;111;"ITAPECURU MIRIM";"N�o";"Aus�ncia de sinaliza��o";3;"Tombamento";"Com V�timas Fatais";"Plena Noite";"Crescente";"C�u Claro";"Simples";"Reta";"N�o";1336837;"Autom�vel";"VW/GOL 1.0L MC4/GOL 1.0L MC4";2019;"Passageiro";"Les�es Leves";11;"Masculino";0;1;0;0;-3,44861;-44,52556;"SPRF-MA";"DEL01-MA";"UOP02-DEL01-MA"
748462;1678447;2025-11-09;"domingo";"23:10:00";"MA";135;111;"ITAPECURU MIRIM";"N�o";"Aus�ncia de sinaliza��o";3;"Tombamento";"Com V�timas Fatais";"Plena Noite";"Crescente";"C�u Claro";"Simples";"Reta";"N�o";1336837;"Autom�vel";"VW/GOL 1.0L MC4/GOL 1.0L MC4";2019;"Passageiro";"Les�es Leves";9;"Masculino";0;1;0;0;-3,44861;-44,52556;"SPRF-MA";"DEL01-MA";"UOP02-DEL01-MA"
748462;1678446;2025-11-09;"domingo";"23:10:00";"MA";135;111;"ITAPECURU MIRIM";"N�o";"Aus�ncia de sinaliza��o";3;"Tombamento";"Com V�timas Fatais";"Plena Noite";"Crescente";"C�u Claro";"Simples";"Reta";"N�o";1336837;"Autom�vel";"VW/GOL 1.0L MC4/GOL 1.0L MC4";2019;"Passageiro";"Les�es Leves";34;"Feminino";0;1;0;0;-3,44861;-44,52556;"SPRF-MA";"DEL01-MA";"UOP02-DEL01-MA"
748462;1678445;2025-11-09;"domingo";"23:10:00";"MA";135;111;"ITAPECURU MIRIM";"N�o";"Aus�ncia de sinaliza��o";3;"Tombamento";"Com V�timas Fatais";"Plena Noite";"Crescente";"C�u Claro";"Simples";"Reta";"N�o";1336837;"Autom�vel";"VW/GOL 1.0L MC4/GOL 1.0L MC4";2019;"Condutor";"�bito";37;"Masculino";0;0;0;1;-3,44861;-44,52556;"SPRF-MA";"DEL01-MA";"UOP02-DEL01-MA"
748462;1678449;2025-11-09;"domingo";"23:10:00";"MA";135;111;"ITAPECURU MIRIM";"N�o";"Aus�ncia de sinaliza��o";3;"Tombamento";"Com V�timas Fatais";"Plena Noite";"Crescente";"C�u Claro";"Simples";"Reta";"N�o";1336835;"Caminh�o";"M.BENZ/L 1620/L 1620";2006;"Passageiro";"N�o Informado";NA;"N�o Informado";0;0;0;0;-3,44861;-44,52556;"SPRF-MA";"DEL01-MA";"UOP02-DEL01-MA"
748462;1678448;2025-11-09;"domingo";"23:10:00";"MA";135;111;"ITAPECURU MIRIM";"N�o";"Aus�ncia de sinaliza��o";3;"Tombamento";"Com V�timas Fatais";"Plena Noite";"Crescente";"C�u Claro";"Simples";"Reta";"N�o";1336835;"Caminh�o";"M.BENZ/L 1620/L 1620";2006;"Passageiro";"Les�es Leves";NA;"Feminino";0;1;0;0;-3,44861;-44,52556;"SPRF-MA";"DEL01-MA";"UOP02-DEL01-MA"