"id";"pesid";"data_inversa";"dia_semana";"horario";"uf";"br";"km";"municipio";"causa_principal";"causa_acidente";"ordem_tipo_acidente";"tipo_acidente";"classificacao_acidente";"fase_dia";"sentido_via";"condicao_metereologica";"tipo_pista";"tracado_via";"uso_solo";"id_veiculo";"tipo_veiculo";"marca";"ano_fabricacao_veiculo";"tipo_envolvido";"estado_fisico";"idade";"sexo";"ilesos";"feridos_leves";"feridos_graves";"mortos";"latitude";"longitude";"regional";"delegacia";"uop"
748462;1678443;2025-11-09;"domingo";"23:10:00";"MA";135;111;"ITAPECURU MIRIM";"N�o";"Aus�ncia de sinaliza��o";3;"Tombamento";"Com V�timas Fatais";"Plena Noite";"Crescente";"C�u Claro";"Simples";"Reta";"N�o";1336835;"Caminh�o";"M.BENZ/L 1620/L 1620";2006;"Condutor";"Les�es Leves";NA;"Masculino";0;1;0;0;-3,44861;-44,52556;"SPRF-MA";"DEL01-MA";"UOP02-DEL01-MA"
748462;1678451;2025-11-09;"domingo";"23:10:00";"MA";135;111;"ITAPECURU MIRIM";"N�o";"Aus�ncia de sinaliza��o";3;"Tombamento";"Com V�timas Fatais";"Plena Noite";"Crescente";"C�u Claro";"Simples";"Reta";"N�o";NA;NA;"NA/NA/NA";NA;"Testemunha";"N�o Informado";NA;"N�o Informado";0;0;0;0;-3,44861;-44,52556;"SPRF-MA";"DEL01-MA";"UOP02-DEL01-MA"
748462;1678444;2025-11-09;"domingo";"23:10:00";"MA";135;111;"ITAPECURU MIRIM";"N�o";"Aus�ncia de sinaliza��o";2;"Colis�o frontal";"Com V�timas Fatais";"Plena Noite";"Crescente";"C�u Claro";"Simples";"Reta";"N�o";1336836;"Caminh�o-trator";"IVECO/STRALISHD 570S42TN/STRALISHD 570S42TN";2009;"Condutor";"Ileso";50;"Masculino";1;0;0;0;-3,44861;-44,52556;"SPRF-MA";"DEL01-MA";"UOP02-DEL01-MA"
748462;NA;2025-11-09;"domingo";"23:10:00";"MA";135;111;"ITAPECURU MIRIM";"N�o";"Aus�ncia de sinaliza��o";2;"Colis�o frontal";"Com V�timas Fatais";"Plena Noite";"Crescente";"C�u Claro";"Simples";"Reta";"N�o";1336838;"Semireboque";"SR/FACCHINI SRF CB/FACCHINI SRF CB";2015;NA;NA;NA;NA;NA;NA;NA;NA;-3,44861;-44,52556;"SPRF-MA";"DEL01-MA";"UOP02-DEL01-MA"
748462;1678450;2025-11-09;"domingo";"23:10:00";"MA";135;111;"ITAPECURU MIRIM";"N�o";"Aus�ncia de sinaliza��o";2;"Colis�o frontal";"Com V�timas Fatais";"Plena Noite";"Crescente";"C�u Claro";"Simples";"Reta";"N�o";1336837;"Autom�vel";"VW/GOL 1.0L MC4/GOL 1.0L MC4";2019;"Passageiro";"Les�es Leves";11;"Masculino";0;1;0;0;-3,44861;-44,52556;"SPRF-MA";"DEL01-MA";"UOP02-DEL01-MA"
748462;1678447;2025-11-09;"domingo";"23:10:00";"MA";135;111;"ITAPECURU MIRIM";"N�o";"Aus�ncia de sinaliza��o";2;"Colis�o frontal";"Com V�timas Fatais";"Plena Noite";"Crescente";"C�u Claro";"Simples";"Reta";"N�o";1336837;"Autom�vel";"VW/GOL 1.0L MC4/GOL 1.0L MC4";2019;"Passageiro";"Les�es Leves";9;"Masculino";0;1;0;0;-3,44861;-44,52556;"SPRF-MA";"DEL01-MA";"UOP02-DEL01-MA"
748462;1678446;2025-11-09;"domingo";"23:10:00";"MA";135;111;"ITAPECURU MIRIM";"N�o";"Aus�ncia de sinaliza��o";2;"Colis�o frontal";"Com V�timas Fatais";"Plena Noite";"Crescente";"C�u Claro";"Simples";"Reta";"N�o";1336837;"Autom�vel";"VW/GOL 1.0L MC4/GOL 1.0L MC4";2019;"Passageiro";"Les�es Leves";34;"Feminino";0;1;0;0;-3,44861;-44,52556;"SPRF-MA";"DEL01-MA";"UOP02-DEL01-MA"
748462;1678445;2025-11-09;"domingo";"23:10:00";"MA";135;111;"ITAPECURU MIRIM";"N�o";"Aus�ncia de sinaliza��o";2;"Colis�o frontal";"Com V�timas Fatais";"Plena Noite";"Crescente";"C�u Claro";"Simples";"Reta";"N�o";1336837;"Autom�vel";"VW/GOL 1.0L MC4/GOL 1.0L MC4";2019;"Condutor";"�bito";37;"Masculino";0;0;0;1;-3,44861;-44,52556;"SPRF-MA";"DEL01-MA";"UOP02-DEL01-MA"
748462;1678449;2025-11-09;"domingo";"23:10:00";"MA";135;111;"ITAPECURU MIRIM";"N�o";"Aus�ncia de sinaliza��o";2;"Colis�o frontal";"Com V�timas Fatais";"Plena Noite";"Crescente";"C�u Claro";"Simples";"Reta";"N�o";1336835;"Caminh�o";"M.BENZ/L 1620/L 1620";2006;"Passageiro";"N�o Informado";NA;"N�o Informado";0;0;0;0;-3,44861;-44,52556;"SPRF-MA";"DEL01-MA";"UOP02-DEL01-MA"
748462;1678448;2025-11-09;"domingo";"23:10:00";"MA";135;111;"ITAPECURU MIRIM";"N�o";"Aus�ncia de sinaliza��o";2;"Colis�o frontal";"Com V�timas Fatais";"Plena Noite";"Crescente";"C�u Claro";"Simples";"Reta";"N�o";1336835;"Caminh�o";"M.BENZ/L 1620/L 1620";2006;"Passageiro";"Les�es Leves";NA;"Feminino";0;1;0;0;-3,44861;-44,52556;"SPRF-MA";"DEL01-MA";"UOP02-DEL01-MA"
748462;1678443;2025-11-09;"domingo";"23:10:00";"MA";135;111;"ITAPECURU MIRIM";"N�o";"Aus�ncia de sinaliza��o";2;"Colis�o frontal";"Com V�timas Fatais";"Plena Noite";"Crescente";"C�u Claro";"Simples";"Reta";"N�o";1336835;"Caminh�o";"M.BENZ/L 1620/L 1620";2006;"Condutor";"Les�es Leves";NA;"Masculino";0;1;0;0;-3,44861;-44,52556;"SPRF-MA";"DEL01-MA";"UOP02-DEL01-MA"
748462;1678451;2025-11-09;"domingo";"23:10:00";"MA";135;111;"ITAPECURU MIRIM";"N�o";"Aus�ncia de sinaliza��o";2;"Colis�o frontal";"Com V�timas Fatais";"Plena Noite";"Crescente";"C�u Claro";"Simples";"Reta";"N�o";NA;NA;"NA/NA/NA";NA;"Testemunha";"N�o Informado";NA;"N�o Informado";0;0;0;0;-3,44861;-44,52556;"SPRF-MA";"DEL01-MA";"UOP02-DEL01-MA"
748462;1678444;2025-11-09;"domingo";"23:10:00";"MA";135;111;"ITAPECURU MIRIM";"N�o";"Aus�ncia de sinaliza��o";1;"Colis�o lateral sentido oposto";"Com V�timas Fatais";"Plena Noite";"Crescente";"C�u Claro";"Simples";"Reta";"N�o";1336836;"Caminh�o-trator";"IVECO/STRALISHD 570S42TN/STRALISHD 570S42TN";2009;"Condutor";"Ileso";50;"Masculino";1;0;0;0;-3,44861;-44,52556;"SPRF-MA";"DEL01-MA";"UOP02-DEL01-MA"
748462;NA;2025-11-09;"domingo";"23:10:00";"MA";135;111;"ITAPECURU MIRIM";"N�o";"Aus�ncia de sinaliza��o";1;"Colis�o lateral sentido oposto";"Com V�timas Fatais";"Plena Noite";"Crescente";"C�u Claro";"Simples";"Reta";"N�o";1336838;"Semireboque";"SR/FACCHINI SRF CB/FACCHINI SRF CB";2015;NA;NA;NA;NA;NA;NA;NA;NA;-3,44861;-44,52556;"SPRF-MA";"DEL01-MA";"UOP02-DEL01-MA"
748462;1678450;2025-11-09;"domingo";"23:10:00";"MA";135;111;"ITAPECURU MIRIM";"N�o";"Aus�ncia de sinaliza��o";1;"Colis�o lateral sentido oposto";"Com V�timas Fatais";"Plena Noite";"Crescente";"C�u Claro";"Simples";"Reta";"N�o";1336837;"Autom�vel";"VW/GOL 1.0L MC4/GOL 1.0L MC4";2019;"Passageiro";"Les�es Leves";11;"Masculino";0;1;0;0;-3,44861;-44,52556;"SPRF-MA";"DEL01-MA";"UOP02-DEL01-MA"
748462;1678447;2025-11-09;"domingo";"23:10:00";"MA";135;111;"ITAPECURU MIRIM";"N�o";"Aus�ncia de sinaliza��o";1;"Colis�o lateral sentido oposto";"Com V�timas Fatais";"Plena Noite";"Crescente";"C�u Claro";"Simples";"Reta";"N�o";1336837;"Autom�vel";"VW/GOL 1.0L MC4/GOL 1.0L MC4";2019;"Passageiro";"Les�es Leves";9;"Masculino";0;1;0;0;-3,44861;-44,52556;"SPRF-MA";"DEL01-MA";"UOP02-DEL01-MA"
748462;1678446;2025-11-09;"domingo";"23:10:00";"MA";135;111;"ITAPECURU MIRIM";"N�o";"Aus�ncia de sinaliza��o";1;"Colis�o lateral sentido oposto";"Com V�timas Fatais";"Plena Noite";"Crescente";"C�u Claro";"Simples";"Reta";"N�o";1336837;"Autom�vel";"VW/GOL 1.0L MC4/GOL 1.0L MC4";2019;"Passageiro";"Les�es Leves";34;"Feminino";0;1;0;0;-3,44861;-44,52556;"SPRF-MA";"DEL01-MA";"UOP02-DEL01-MA"
748462;1678445;2025-11-09;"domingo";"23:10:00";"MA";135;111;"ITAPECURU MIRIM";"N�o";"Aus�ncia de sinaliza��o";1;"Colis�o lateral sentido oposto";"Com V�timas Fatais";"Plena Noite";"Crescente";"C�u Claro";"Simples";"Reta";"N�o";1336837;"Autom�vel";"VW/GOL 1.0L MC4/GOL 1.0L MC4";2019;"Condutor";"�bito";37;"Masculino";0;0;0;1;-3,44861;-44,52556;"SPRF-MA";"DEL01-MA";"UOP02-DEL01-MA"
748462;1678449;2025-11-09;"domingo";"23:10:00";"MA";135;111;"ITAPECURU MIRIM";"N�o";"Aus�ncia de sinaliza��o";1;"Colis�o lateral sentido oposto";"Com V�timas Fatais";"Plena Noite";"Crescente";"C�u Claro";"Simples";"Reta";"N�o";1336835;"Caminh�o";"M.BENZ/L 1620/L 1620";2006;"Passageiro";"N�o Informado";NA;"N�o Informado";0;0;0;0;-3,44861;-44,52556;"SPRF-MA";"DEL01-MA";"UOP02-DEL01-MA"
748462;1678448;2025-11-09;"domingo";"23:10:00";"MA";135;111;"ITAPECURU MIRIM";"N�o";"Aus�ncia de sinaliza��o";1;"Colis�o lateral sentido oposto";"Com V�timas Fatais";"Plena Noite";"Crescente";"C�u Claro";"Simples";"Reta";"N�o";1336835;"Caminh�o";"M.BENZ/L 1620/L 1620";2006;"Passageiro";"Les�es Leves";NA;"Feminino";0;1;0;0;-3,44861;-44,52556;"SPRF-MA";"DEL01-MA";"UOP02-DEL01-MA"
748462;1678443;2025-11-09;"domingo";"23:10:00";"MA";135;111;"ITAPECURU MIRIM";"N�o";"Aus�ncia de sinaliza��o";1;"Colis�o lateral sentido oposto";"Com V�timas Fatais";"Plena Noite";"Crescente";"C�u Claro";"Simples";"Reta";"N�o";1336835;"Caminh�o";"M.BENZ/L 1620/L 1620";2006;"Condutor";"Les�es Leves";NA;"Masculino";0;1;0;0;-3,44861;-44,52556;"SPRF-MA";"DEL01-MA";"UOP02-DEL01-MA"
748462;1678451;2025-11-09;"domingo";"23:10:00";"MA";135;111;"ITAPECURU MIRIM";"N�o";"Aus�ncia de sinaliza��o";1;"Colis�o lateral sentido oposto";"Com V�timas Fatais";"Plena Noite";"Crescente";"C�u Claro";"Simples";"Reta";"N�o";NA;NA;"NA/NA/NA";NA;"Testemunha";"N�o Informado";NA;"N�o Informado";0;0;0;0;-3,44861;-44,52556;"SPRF-MA";"DEL01-MA";"UOP02-DEL01-MA"
748462;1678444;2025-11-09;"domingo";"23:10:00";"MA";135;111;"ITAPECURU MIRIM";"Sim";"Ingest�o de �lcool pelo condutor";3;"Tombamento";"Com V�timas Fatais";"Plena Noite";"Crescente";"C�u Claro";"Simples";"Reta";"N�o";1336836;"Caminh�o-trator";"IVECO/STRALISHD 570S42TN/STRALISHD 570S42TN";2009;"Condutor";"Ileso";50;"Masculino";1;0;0;0;-3,44861;-44,52556;"SPRF-MA";"DEL01-MA";"UOP02-DEL01-MA"
748462;NA;2025-11-09;"domingo";"23:10:00";"MA";135;111;"ITAPECURU MIRIM";"Sim";"Ingest�o de �lcool pelo condutor";3;"Tombamento";"Com V�timas Fatais";"Plena Noite";"Crescente";"C�u Claro";"Simples";"Reta";"N�o";1336838;"Semireboque";"SR/FACCHINI SRF CB/FACCHINI SRF CB";2015;NA;NA;NA;NA;NA;NA;NA;NA;-3,44861;-44,52556;"SPRF-MA";"DEL01-MA";"UOP02-DEL01-MA"
748462;1678450;2025-11-09;"domingo";"23:10:00";"MA";135;111;"ITAPECURU MIRIM";"Sim";"Ingest�o de �lcool pelo condutor";3;"Tombamento";"Com V�timas Fatais";"Plena Noite";"Crescente";"C�u Claro";"Simples";"Reta";"N�o";1336837;"Autom�vel";"VW/GOL 1.0L MC4/GOL 1.0L MC4";2019;"Passageiro";"Les�es Leves";11;"Masculino";0;1;0;0;-3,44861;-44,52556;"SPRF-MA";"DEL01-MA";"UOP02-DEL01-MA"
748462;1678447;2025-11-09;"domingo";"23:10:00";"MA";135;111;"ITAPECURU MIRIM";"Sim";"Ingest�o de �lcool pelo condutor";3;"Tombamento";"Com V�timas Fatais";"Plena Noite";"Crescente";"C�u Claro";"Simples";"Reta";"N�o";1336837;"Autom�vel";"VW/GOL 1.0L MC4/GOL 1.0L MC4";2019;"Passageiro";"Les�es Leves";9;"Masculino";0;1;0;0;-3,44861;-44,52556;"SPRF-MA";"DEL01-MA";"UOP02-DEL01-MA"
748462;1678446;2025-11-09;"domingo";"23:10:00";"MA";135;111;"ITAPECURU MIRIM";"Sim";"Ingest�o de �lcool pelo condutor";3;"Tombamento";"Com V�timas Fatais";"Plena Noite";"Crescente";"C�u Claro";"Simples";"Reta";"N�o";1336837;"Autom�vel";"VW/GOL 1.0L MC4/GOL 1.0L MC4";2019;"Passageiro";"Les�es Leves";34;"Feminino";0;1;0;0;-3,44861;-44,52556;"SPRF-MA";"DEL01-MA";"UOP02-DEL01-MA"
748462;1678445;2025-11-09;"domingo";"23:10:00";"MA";135;111;"ITAPECURU MIRIM";"Sim";"Ingest�o de �lcool pelo condutor";3;"Tombamento";"Com V�timas Fatais";"Plena Noite";"Crescente";"C�u Claro";"Simples";"Reta";"N�o";1336837;"Autom�vel";"VW/GOL 1.0L MC4/GOL 1.0L MC4";2019;"Condutor";"�bito";37;"Masculino";0;0;0;1;-3,44861;-44,52556;"SPRF-MA";"DEL01-MA";"UOP02-DEL01-MA"
748462;1678449;2025-11-09;"domingo";"23:10:00";"MA";135;111;"ITAPECURU MIRIM";"Sim";"Ingest�o de �lcool pelo condutor";3;"Tombamento";"Com V�timas Fatais";"Plena Noite";"Crescente";"C�u Claro";"Simples";"Reta";"N�o";1336835;"Caminh�o";"M.BENZ/L 1620/L 1620";2006;"Passageiro";"N�o Informado";NA;"N�o Informado";0;0;0;0;-3,44861;-44,52556;"SPRF-MA";"DEL01-MA";"UOP02-DEL01-MA"
748462;1678448;2025-11-09;"domingo";"23:10:00";"MA";135;111;"ITAPECURU MIRIM";"Sim";"Ingest�o de �lcool pelo condutor";3;"Tombamento";"Com V�timas Fatais";"Plena Noite";"Crescente";"C�u Claro";"Simples";"Reta";"N�o";1336835;"Caminh�o";"M.BENZ/L 1620/L 1620";2006;"Passageiro";"Les�es Leves";NA;"Feminino";0;1;0;0;-3,44861;-44,52556;"SPRF-MA";"DEL01-MA";"UOP02-DEL01-MA"
748462;1678443;2025-11-09;"domingo";"23:10:00";"MA";135;111;"ITAPECURU MIRIM";"Sim";"Ingest�o de �lcool pelo condutor";3;"Tombamento";"Com V�timas Fatais";"Plena Noite";"Crescente";"C�u Claro";"Simples";"Reta";"N�o";1336835;"Caminh�o";"M.BENZ/L 1620/L 1620";2006;"Condutor";"Les�es Leves";NA;"Masculino";0;1;0;0;-3,44861;-44,52556;"SPRF-MA";"DEL01-MA";"UOP02-DEL01-MA"
748462;1678451;2025-11-09;"domingo";"23:10:00";"MA";135;111;"ITAPECURU MIRIM";"Sim";"Ingest�o de �lcool pelo condutor";3;"Tombamento";"Com V�timas Fatais";"Plena Noite";"Crescente";"C�u Claro";"Simples";"Reta";"N�o";NA;NA;"NA/NA/NA";NA;"Testemunha";"N�o Informado";NA;"N�o Informado";0;0;0;0;-3,44861;-44,52556;"SPRF-MA";"DEL01-MA";"UOP02-DEL01-MA"
748462;1678444;2025-11-09;"domingo";"23:10:00";"MA";135;111;"ITAPECURU MIRIM";"Sim";"Ingest�o de �lcool pelo condutor";2;"Colis�o frontal";"Com V�timas Fatais";"Plena Noite";"Crescente";"C�u Claro";"Simples";"Reta";"N�o";1336836;"Caminh�o-trator";"IVECO/STRALISHD 570S42TN/STRALISHD 570S42TN";2009;"Condutor";"Ileso";50;"Masculino";1;0;0;0;-3,44861;-44,52556;"SPRF-MA";"DEL01-MA";"UOP02-DEL01-MA"
748462;NA;2025-11-09;"domingo";"23:10:00";"MA";135;111;"ITAPECURU MIRIM";"Sim";"Ingest�o de �lcool pelo condutor";2;"Colis�o frontal";"Com V�timas Fatais";"Plena Noite";"Crescente";"C�u Claro";"Simples";"Reta";"N�o";1336838;"Semireboque";"SR/FACCHINI SRF CB/FACCHINI SRF CB";2015;NA;NA;NA;NA;NA;NA;NA;NA;-3,44861;-44,52556;"SPRF-MA";"DEL01-MA";"UOP02-DEL01-MA"
748462;1678450;2025-11-09;"domingo";"23:10:00";"MA";135;111;"ITAPECURU MIRIM";"Sim";"Ingest�o de �lcool pelo condutor";2;"Colis�o frontal";"Com V�timas Fatais";"Plena Noite";"Crescente";"C�u Claro";"Simples";"Reta";"N�o";1336837;"Autom�vel";"VW/GOL 1.0L MC4/GOL 1.0L MC4";2019;"Passageiro";"Les�es Leves";11;"Masculino";0;1;0;0;-3,44861;-44,52556;"SPRF-MA";"DEL01-MA";"UOP02-DEL01-MA"
748462;1678447;2025-11-09;"domingo";"23:10:00";"MA";135;111;"ITAPECURU MIRIM";"Sim";"Ingest�o de �lcool pelo condutor";2;"Colis�o frontal";"Com V�timas Fatais";"Plena Noite";"Crescente";"C�u Claro";"Simples";"Reta";"N�o";1336837;"Autom�vel";"VW/GOL 1.0L MC4/GOL 1.0L MC4";2019;"Passageiro";"Les�es Leves";9;"Masculino";0;1;0;0;-3,44861;-44,52556;"SPRF-MA";"DEL01-MA";"UOP02-DEL01-MA"
748462;1678446;2025-11-09;"domingo";"23:10:00";"MA";135;111;"ITAPECURU MIRIM";"Sim";"Ingest�o de �lcool pelo condutor";2;"Colis�o frontal";"Com V�timas Fatais";"Plena Noite";"Crescente";"C�u Claro";"Simples";"Reta";"N�o";1336837;"Autom�vel";"VW/GOL 1.0L MC4/GOL 1.0L MC4";2019;"Passageiro";"Les�es Leves";34;"Feminino";0;1;0;0;-3,44861;-44,52556;"SPRF-MA";"DEL01-MA";"UOP02-DEL01-MA"
748462;1678445;2025-11-09;"domingo";"23:10:00";"MA";135;111;"ITAPECURU MIRIM";"Sim";"Ingest�o de �lcool pelo condutor";2;"Colis�o frontal";"Com V�timas Fatais";"Plena Noite";"Crescente";"C�u Claro";"Simples";"Reta";"N�o";1336837;"Autom�vel";"VW/GOL 1.0L MC4/GOL 1.0L MC4";2019;"Condutor";"�bito";37;"Masculino";0;0;0;1;-3,44861;-44,52556;"SPRF-MA";"DEL01-MA";"UOP02-DEL01-MA"
748462;1678449;2025-11-09;"domingo";"23:10:00";"MA";135;111;"ITAPECURU MIRIM";"Sim";"Ingest�o de �lcool pelo condutor";2;"Colis�o frontal";"Com V�timas Fatais";"Plena Noite";"Crescente";"C�u Claro";"Simples";"Reta";"N�o";1336835;"Caminh�o";"M.BENZ/L 1620/L 1620";2006;"Passageiro";"N�o Informado";NA;"N�o Informado";0;0;0;0;-3,44861;-44,52556;"SPRF-MA";"DEL01-MA";"UOP02-DEL01-MA"
748462;1678448;2025-11-09;"domingo";"23:10:00";"MA";135;111;"ITAPECURU MIRIM";"Sim";"Ingest�o de �lcool pelo condutor";2;"Colis�o frontal";"Com V�timas Fatais";"Plena Noite";"Crescente";"C�u Claro";"Simples";"Reta";"N�o";1336835;"Caminh�o";"M.BENZ/L 1620/L 1620";2006;"Passageiro";"Les�es Leves";NA;"Feminino";0;1;0;0;-3,44861;-44,52556;"SPRF-MA";"DEL01-MA";"UOP02-DEL01-MA"
748462;1678443;2025-11-09;"domingo";"23:10:00";"MA";135;111;"ITAPECURU MIRIM";"Sim";"Ingest�o de �lcool pelo condutor";2;"Colis�o frontal";"Com V�timas Fatais";"Plena Noite";"Crescente";"C�u Claro";"Simples";"Reta";"N�o";1336835;"Caminh�o";"M.BENZ/L 1620/L 1620";2006;"Condutor";"Les�es Leves";NA;"Masculino";0;1;0;0;-3,44861;-44,52556;"SPRF-MA";"DEL01-MA";"UOP02-DEL01-MA"
748462;1678451;2025-11-09;"domingo";"23:10:00";"MA";135;111;"ITAPECURU MIRIM";"Sim";"Ingest�o de �lcool pelo condutor";2;"Colis�o frontal";"Com V�timas Fatais";"Plena Noite";"Crescente";"C�u Claro";"Simples";"Reta";"N�o";NA;NA;"NA/NA/NA";NA;"Testemunha";"N�o Informado";NA;"N�o Informado";0;0;0;0;-3,44861;-44,52556;"SPRF-MA";"DEL01-MA";"UOP02-DEL01-MA"
748462;1678444;2025-11-09;"domingo";"23:10:00";"MA";135;111;"ITAPECURU MIRIM";"Sim";"Ingest�o de �lcool pelo condutor";1;"Colis�o lateral sentido oposto";"Com V�timas Fatais";"Plena Noite";"Crescente";"C�u Claro";"Simples";"Reta";"N�o";1336836;"Caminh�o-trator";"IVECO/STRALISHD 570S42TN/STRALISHD 570S42TN";2009;"Condutor";"Ileso";50;"Masculino";1;0;0;0;-3,44861;-44,52556;"SPRF-MA";"DEL01-MA";"UOP02-DEL01-MA"
748462;NA;2025-11-09;"domingo";"23:10:00";"MA";135;111;"ITAPECURU MIRIM";"Sim";"Ingest�o de �lcool pelo condutor";1;"Colis�o lateral sentido oposto";"Com V�timas Fatais";"Plena Noite";"Crescente";"C�u Claro";"Simples";"Reta";"N�o";1336838;"Semireboque";"SR/FACCHINI SRF CB/FACCHINI SRF CB";2015;NA;NA;NA;NA;NA;NA;NA;NA;-3,44861;-44,52556;"SPRF-MA";"DEL01-MA";"UOP02-DEL01-MA"
748462;1678450;2025-11-09;"domingo";"23:10:00";"MA";135;111;"ITAPECURU MIRIM";"Sim";"Ingest�o de �lcool pelo condutor";1;"Colis�o lateral sentido oposto";"Com V�timas Fatais";"Plena Noite";"Crescente";"C�u Claro";"Simples";"Reta";"N�o";1336837;"Autom�vel";"VW/GOL 1.0L MC4/GOL 1.0L MC4";2019;"Passageiro";"Les�es Leves";11;"Masculino";0;1;0;0;-3,44861;-44,52556;"SPRF-MA";"DEL01-MA";"UOP02-DEL01-MA"
748462;1678447;2025-11-09;"domingo";"23:10:00";"MA";135;111;"ITAPECURU MIRIM";"Sim";"Ingest�o de �lcool pelo condutor";1;"Colis�o lateral sentido oposto";"Com V�timas Fatais";"Plena Noite";"Crescente";"C�u Claro";"Simples";"Reta";"N�o";1336837;"Autom�vel";"VW/GOL 1.0L MC4/GOL 1.0L MC4";2019;"Passageiro";"Les�es Leves";9;"Masculino";0;1;0;0;-3,44861;-44,52556;"SPRF-MA";"DEL01-MA";"UOP02-DEL01-MA"
748462;1678446;2025-11-09;"domingo";"23:10:00";"MA";135;111;"ITAPECURU MIRIM";"Sim";"Ingest�o de �lcool pelo condutor";1;"Colis�o lateral sentido oposto";"Com V�timas Fatais";"Plena Noite";"Crescente";"C�u Claro";"Simples";"Reta";"N�o";1336837;"Autom�vel";"VW/GOL 1.0L MC4/GOL 1.0L MC4";2019;"Passageiro";"Les�es Leves";34;"Feminino";0;1;0;0;-3,44861;-44,52556;"SPRF-MA";"DEL01-MA";"UOP02-DEL01-MA"
748462;1678445;2025-11-09;"domingo";"23:10:00";"MA";135;111;"ITAPECURU MIRIM";"Sim";"Ingest�o de �lcool pelo condutor";1;"Colis�o lateral sentido oposto";"Com V�timas Fatais";"Plena Noite";"Crescente";"C�u Claro";"Simples";"Reta";"N�o";1336837;"Autom�vel";"VW/GOL 1.0L MC4/GOL 1.0L MC4";2019;"Condutor";"�bito";37;"Masculino";0;0;0;1;-3,44861;-44,52556;"SPRF-MA";"DEL01-MA";"UOP02-DEL01-MA"
748462;1678449;2025-11-09;"domingo";"23:10:00";"MA";135;111;"ITAPECURU MIRIM";"Sim";"Ingest�o de �lcool pelo condutor";1;"Colis�o lateral sentido oposto";"Com V�timas Fatais";"Plena Noite";"Crescente";"C�u Claro";"Simples";"Reta";"N�o";1336835;"Caminh�o";"M.BENZ/L 1620/L 1620";2006;"Passageiro";"N�o Informado";NA;"N�o Informado";0;0;0;0;-3,44861;-44,52556;"SPRF-MA";"DEL01-MA";"UOP02-DEL01-MA"
748462;1678448;2025-11-09;"domingo";"23:10:00";"MA";135;111;"ITAPECURU MIRIM";"Sim";"Ingest�o de �lcool pelo condutor";1;"Colis�o lateral sentido oposto";"Com V�timas Fatais";"Plena Noite";"Crescente";"C�u Claro";"Simples";"Reta";"N�o";1336835;"Caminh�o";"M.BENZ/L 1620/L 1620";2006;"Passageiro";"Les�es Leves";NA;"Feminino";0;1;0;0;-3,44861;-44,52556;"SPRF-MA";"DEL01-MA";"UOP02-DEL01-MA"
748462;1678443;2025-11-09;"domingo";"23:10:00";"MA";135;111;"ITAPECURU MIRIM";"Sim";"Ingest�o de �lcool pelo condutor";1;"Colis�o lateral sentido oposto";"Com V�timas Fatais";"Plena Noite";"Crescente";"C�u Claro";"Simples";"Reta";"N�o";1336835;"Caminh�o";"M.BENZ/L 1620/L 1620";2006;"Condutor";"Les�es Leves";NA;"Masculino";0;1;0;0;-3,44861;-44,52556;"SPRF-MA";"DEL01-MA";"UOP02-DEL01-MA"
748462;1678451;2025-11-09;"domingo";"23:10:00";"MA";135;111;"ITAPECURU MIRIM";"Sim";"Ingest�o de �lcool pelo condutor";1;"Colis�o lateral sentido oposto";"Com V�timas Fatais";"Plena Noite";"Crescente";"C�u Claro";"Simples";"Reta";"N�o";NA;NA;"NA/NA/NA";NA;"Testemunha";"N�o Informado";NA;"N�o Informado";0;0;0;0;-3,44861;-44,52556;"SPRF-MA";"DEL01-MA";"UOP02-DEL01-MA"
748463;1678458;2025-11-05;"quarta-feira";"04:00:00";"ES";101;295,1;"VILA VELHA";"Sim";"Ingest�o de �lcool pelo condutor";1;"Colis�o com objeto";"Com V�timas Feridas";"Plena Noite";"Crescente";"Nublado";"M�ltipla";"Reta";"N�o";1336844;"Motocicleta";"MOTTU/SPORT 110I/SPORT 110I";2025;"Condutor";"Les�es Graves";29;"Masculino";0;0;1;0;-20,46478424;-40,46530724;"SPRF-ES";"DEL01-ES";"UOP01-DEL01-ES"
748465;NA;2025-12-29;"segunda-feira";"03:37:00";"PA";10;37,3;"DOM ELISEU";"Sim";"Transitar na contram�o";3;"Queda de ocupante de ve�culo";"Com V�timas Fatais";"Plena Noite";"Decrescente";"C�u Claro";"Simples";"Reta";"N�o";1336852;"Semireboque";"SR/SERGOMEL SRTTL 01 2E/SERGOMEL SRTTL 01 2E";2019;NA;NA;NA;NA;NA;NA;NA;NA;-4,123237;-47,548313;"SPRF-PA";"DEL02-PA";"UOP02-DEL02-PA"
748465;NA;2025-12-29;"segunda-feira";"03:37:00";"PA";10;37,3;"DOM ELISEU";"Sim";"Transitar na contram�o";3;"Queda de ocupante de ve�culo";"Com V�timas Fatais";"Plena Noite";"Decrescente";"C�u Claro";"Simples";"Reta";"N�o";1336851;"Semireboque";"SR/SERGOMEL SRTTL 02 2E/SERGOMEL SRTTL 02 2E";2019;NA;NA;NA;NA;NA;NA;NA;NA;-4,123237;-47,548313;"SPRF-PA";"DEL02-PA";"UOP02-DEL02-PA"
748465;NA;2025-12-29;"segunda-feira";"03:37:00";"PA";10;37,3;"DOM ELISEU";"Sim";"Transitar na contram�o";3;"Queda de ocupante de ve�culo";"Com V�timas Fatais";"Plena Noite";"Decrescente";"C�u Claro";"Simples";"Reta";"N�o";1336850;"Semireboque";"SR/SERGOMEL SRTTL 03 2E/SERGOMEL SRTTL 03 2E";2019;NA;NA;NA;NA;NA;NA;NA;NA;-4,123237;-47,548313;"SPRF-PA";"DEL02-PA";"UOP02-DEL02-PA"