"id";"pesid";"data_inversa";"dia_semana";"horario";"uf";"br";"km";"municipio";"causa_principal";"causa_acidente";"ordem_tipo_acidente";"tipo_acidente";"classificacao_acidente";"fase_dia";"sentido_via";"condicao_metereologica";"tipo_pista";"tracado_via";"uso_solo";"id_veiculo";"tipo_veiculo";"marca";"ano_fabricacao_veiculo";"tipo_envolvido";"estado_fisico";"idade";"sexo";"ilesos";"feridos_leves";"feridos_graves";"mortos";"latitude";"longitude";"regional";"delegacia";"uop"
748465;1678466;2025-12-29;"segunda-feira";"03:37:00";"PA";10;37,3;"DOM ELISEU";"Sim";"Transitar na contram�o";3;"Queda de ocupante de ve�culo";"Com V�timas Fatais";"Plena Noite";"Decrescente";"C�u Claro";"Simples";"Reta";"N�o";1336849;"Caminh�o-trator";"M.BENZ/AXOR 3344S6X4/AXOR 3344S6X4";2022;"Condutor";"Ileso";29;"Masculino";1;0;0;0;-4,123237;-47,548313;"SPRF-PA";"DEL02-PA";"UOP02-DEL02-PA"
748465;1678465;2025-12-29;"segunda-feira";"03:37:00";"PA";10;37,3;"DOM ELISEU";"Sim";"Transitar na contram�o";3;"Queda de ocupante de ve�culo";"Com V�timas Fatais";"Plena Noite";"Decrescente";"C�u Claro";"Simples";"Reta";"N�o";1336848;"Motocicleta";"HONDA/CG 160 START/CG 160 START";2018;"Condutor";"�bito";20;"Masculino";0;0;0;1;-4,123237;-47,548313;"SPRF-PA";"DEL02-PA";"UOP02-DEL02-PA"
748465;NA;2025-12-29;"segunda-feira";"03:37:00";"PA";10;37,3;"DOM ELISEU";"Sim";"Transitar na contram�o";2;"Tombamento";"Com V�timas Fatais";"Plena Noite";"Decrescente";"C�u Claro";"Simples";"Reta";"N�o";1336852;"Semireboque";"SR/SERGOMEL SRTTL 01 2E/SERGOMEL SRTTL 01 2E";2019;NA;NA;NA;NA;NA;NA;NA;NA;-4,123237;-47,548313;"SPRF-PA";"DEL02-PA";"UOP02-DEL02-PA"
748465;NA;2025-12-29;"segunda-feira";"03:37:00";"PA";10;37,3;"DOM ELISEU";"Sim";"Transitar na contram�o";2;"Tombamento";"Com V�timas Fatais";"Plena Noite";"Decrescente";"C�u Claro";"Simples";"Reta";"N�o";1336851;"Semireboque";"SR/SERGOMEL SRTTL 02 2E/SERGOMEL SRTTL 02 2E";2019;NA;NA;NA;NA;NA;NA;NA;NA;-4,123237;-47,548313;"SPRF-PA";"DEL02-PA";"UOP02-DEL02-PA"
748465;NA;2025-12-29;"segunda-feira";"03:37:00";"PA";10;37,3;"DOM ELISEU";"Sim";"Transitar na contram�o";2;"Tombamento";"Com V�timas Fatais";"Plena Noite";"Decrescente";"C�u Claro";"Simples";"Reta";"N�o";1336850;"Semireboque";"SR/SERGOMEL SRTTL 03 2E/SERGOMEL SRTTL 03 2E";2019;NA;NA;NA;NA;NA;NA;NA;NA;-4,123237;-47,548313;"SPRF-PA";"DEL02-PA";"UOP02-DEL02-PA"
748465;1678466;2025-12-29;"segunda-feira";"03:37:00";"PA";10;37,3;"DOM ELISEU";"Sim";"Transitar na contram�o";2;"Tombamento";"Com V�timas Fatais";"Plena Noite";"Decrescente";"C�u Claro";"Simples";"Reta";"N�o";1336849;"Caminh�o-trator";"M.BENZ/AXOR 3344S6X4/AXOR 3344S6X4";2022;"Condutor";"Ileso";29;"Masculino";1;0;0;0;-4,123237;-47,548313;"SPRF-PA";"DEL02-PA";"UOP02-DEL02-PA"
748465;1678465;2025-12-29;"segunda-feira";"03:37:00";"PA";10;37,3;"DOM ELISEU";"Sim";"Transitar na contram�o";2;"Tombamento";"Com V�timas Fatais";"Plena Noite";"Decrescente";"C�u Claro";"Simples";"Reta";"N�o";1336848;"Motocicleta";"HONDA/CG 160 START/CG 160 START";2018;"Condutor";"�bito";20;"Masculino";0;0;0;1;-4,123237;-47,548313;"SPRF-PA";"DEL02-PA";"UOP02-DEL02-PA"
748465;NA;2025-12-29;"segunda-feira";"03:37:00";"PA";10;37,3;"DOM ELISEU";"Sim";"Transitar na contram�o";1;"Colis�o frontal";"Com V�timas Fatais";"Plena Noite";"Decrescente";"C�u Claro";"Simples";"Reta";"N�o";1336852;"Semireboque";"SR/SERGOMEL SRTTL 01 2E/SERGOMEL SRTTL 01 2E";2019;NA;NA;NA;NA;NA;NA;NA;NA;-4,123237;-47,548313;"SPRF-PA";"DEL02-PA";"UOP02-DEL02-PA"
748465;NA;2025-12-29;"segunda-feira";"03:37:00";"PA";10;37,3;"DOM ELISEU";"Sim";"Transitar na contram�o";1;"Colis�o frontal";"Com V�timas Fatais";"Plena Noite";"Decrescente";"C�u Claro";"Simples";"Reta";"N�o";1336851;"Semireboque";"SR/SERGOMEL SRTTL 02 2E/SERGOMEL SRTTL 02 2E";2019;NA;NA;NA;NA;NA;NA;NA;NA;-4,123237;-47,548313;"SPRF-PA";"DEL02-PA";"UOP02-DEL02-PA"
748465;NA;2025-12-29;"segunda-feira";"03:37:00";"PA";10;37,3;"DOM ELISEU";"Sim";"Transitar na contram�o";1;"Colis�o frontal";"Com V�timas Fatais";"Plena Noite";"Decrescente";"C�u Claro";"Simples";"Reta";"N�o";1336850;"Semireboque";"SR/SERGOMEL SRTTL 03 2E/SERGOMEL SRTTL 03 2E";2019;NA;NA;NA;NA;NA;NA;NA;NA;-4,123237;-47,548313;"SPRF-PA";"DEL02-PA";"UOP02-DEL02-PA"
748465;1678466;2025-12-29;"segunda-feira";"03:37:00";"PA";10;37,3;"DOM ELISEU";"Sim";"Transitar na contram�o";1;"Colis�o frontal";"Com V�timas Fatais";"Plena Noite";"Decrescente";"C�u Claro";"Simples";"Reta";"N�o";1336849;"Caminh�o-trator";"M.BENZ/AXOR 3344S6X4/AXOR 3344S6X4";2022;"Condutor";"Ileso";29;"Masculino";1;0;0;0;-4,123237;-47,548313;"SPRF-PA";"DEL02-PA";"UOP02-DEL02-PA"
748465;1678465;2025-12-29;"segunda-feira";"03:37:00";"PA";10;37,3;"DOM ELISEU";"Sim";"Transitar na contram�o";1;"Colis�o frontal";"Com V�timas Fatais";"Plena Noite";"Decrescente";"C�u Claro";"Simples";"Reta";"N�o";1336848;"Motocicleta";"HONDA/CG 160 START/CG 160 START";2018;"Condutor";"�bito";20;"Masculino";0;0;0;1;-4,123237;-47,548313;"SPRF-PA";"DEL02-PA";"UOP02-DEL02-PA"
748468;1678474;2025-12-09;"ter�a-feira";"16:15:00";"MA";316;395,9;"BACABAL";"Sim";"Demais falhas mec�nicas ou el�tricas";1;"Colis�o frontal";"Com V�timas Fatais";"Pleno dia";"Decrescente";"C�u Claro";"Simples";"Reta";"N�o";1336859;"Motocicleta";"HONDA/NXR150 BROS ES/NXR150 BROS ES";2013;"Condutor";"�bito";44;"Masculino";0;0;0;1;-4,188197;-44,492202;"SPRF-MA";"DEL03-MA";"UOP01-DEL03-MA"
748468;1678473;2025-12-09;"ter�a-feira";"16:15:00";"MA";316;395,9;"BACABAL";"Sim";"Demais falhas mec�nicas ou el�tricas";1;"Colis�o frontal";"Com V�timas Fatais";"Pleno dia";"Decrescente";"C�u Claro";"Simples";"Reta";"N�o";1336858;"Caminhonete";"GM/S10 EXECUTIVE D 4X4/S10 EXECUTIVE D 4X4";2011;"Condutor";"Ileso";43;"Masculino";1;0;0;0;-4,188197;-44,492202;"SPRF-MA";"DEL03-MA";"UOP01-DEL03-MA"
748468;1678474;2025-12-09;"ter�a-feira";"16:15:00";"MA";316;395,9;"BACABAL";"N�o";"Velocidade Incompat�vel";1;"Colis�o frontal";"Com V�timas Fatais";"Pleno dia";"Decrescente";"C�u Claro";"Simples";"Reta";"N�o";1336859;"Motocicleta";"HONDA/NXR150 BROS ES/NXR150 BROS ES";2013;"Condutor";"�bito";44;"Masculino";0;0;0;1;-4,188197;-44,492202;"SPRF-MA";"DEL03-MA";"UOP01-DEL03-MA"
748468;1678473;2025-12-09;"ter�a-feira";"16:15:00";"MA";316;395,9;"BACABAL";"N�o";"Velocidade Incompat�vel";1;"Colis�o frontal";"Com V�timas Fatais";"Pleno dia";"Decrescente";"C�u Claro";"Simples";"Reta";"N�o";1336858;"Caminhonete";"GM/S10 EXECUTIVE D 4X4/S10 EXECUTIVE D 4X4";2011;"Condutor";"Ileso";43;"Masculino";1;0;0;0;-4,188197;-44,492202;"SPRF-MA";"DEL03-MA";"UOP01-DEL03-MA"
748472;1678487;2025-12-06;"s�bado";"18:00:00";"PB";230;262;"JUNCO DO SERIDO";"Sim";"Ingest�o de �lcool pelo condutor";1;"Colis�o lateral sentido oposto";"Sem V�timas";"Plena Noite";"Crescente";"C�u Claro";"Simples";"Reta";"Sim";1336868;"Utilit�rio";"TOYOTA/CCROSS XR 20/CCROSS XR 20";2025;"Condutor";"Ileso";43;"Masculino";1;0;0;0;-6,991677;-36,714802;"SPRF-PB";"DEL03-PB";"UOP01-DEL03-PB"
748472;1678486;2025-12-06;"s�bado";"18:00:00";"PB";230;262;"JUNCO DO SERIDO";"Sim";"Ingest�o de �lcool pelo condutor";1;"Colis�o lateral sentido oposto";"Sem V�timas";"Plena Noite";"Crescente";"C�u Claro";"Simples";"Reta";"Sim";1336867;"Autom�vel";"FIAT/UNO MILLE EX/UNO MILLE EX";1999;"Condutor";"Ileso";55;"Masculino";1;0;0;0;-6,991677;-36,714802;"SPRF-PB";"DEL03-PB";"UOP01-DEL03-PB"
748487;NA;2025-12-12;"sexta-feira";"08:30:00";"CE";222;119;"ITAPAJE";"Sim";"Avarias e/ou desgaste excessivo no pneu";1;"Tombamento";"Sem V�timas";"Pleno dia";"Decrescente";"C�u Claro";"Simples";"Reta";"N�o";1336883;"Semireboque";"SR/LIBRELATO CRBAEDI2 3E/LIBRELATO CRBAEDI2 3E";2016;NA;NA;NA;NA;NA;NA;NA;NA;-3,714281;-39,567072;"SPRF-CE";"DEL04-CE";"UOP03-DEL04-CE"
748487;1678503;2025-12-12;"sexta-feira";"08:30:00";"CE";222;119;"ITAPAJE";"Sim";"Avarias e/ou desgaste excessivo no pneu";1;"Tombamento";"Sem V�timas";"Pleno dia";"Decrescente";"C�u Claro";"Simples";"Reta";"N�o";1336882;"Caminh�o-trator";"VOLVO/FH 440 6X2T/FH 440 6X2T";2010;"Condutor";"Ileso";28;"Masculino";1;0;0;0;-3,714281;-39,567072;"SPRF-CE";"DEL04-CE";"UOP03-DEL04-CE"
748489;1678506;2025-12-08;"segunda-feira";"20:00:00";"MG";381;185;"GOVERNADOR VALADARES";"Sim";"Animais na Pista";1;"Atropelamento de Animal";"Com V�timas Feridas";"Plena Noite";"Crescente";"C�u Claro";"Simples";"Curva";"N�o";1336887;"Autom�vel";"FIAT/UNO MILLE EX/UNO MILLE EX";1999;"Passageiro";"Les�es Leves";34;"Feminino";0;1;0;0;-18,85820913;-41,96159363;"SPRF-MG";"DEL06-MG";"UOP01-DEL06-MG"
748489;1678505;2025-12-08;"segunda-feira";"20:00:00";"MG";381;185;"GOVERNADOR VALADARES";"Sim";"Animais na Pista";1;"Atropelamento de Animal";"Com V�timas Feridas";"Plena Noite";"Crescente";"C�u Claro";"Simples";"Curva";"N�o";1336887;"Autom�vel";"FIAT/UNO MILLE EX/UNO MILLE EX";1999;"Condutor";"Ileso";32;"Masculino";1;0;0;0;-18,85820913;-41,96159363;"SPRF-MG";"DEL06-MG";"UOP01-DEL06-MG"
748517;NA;2025-12-22;"segunda-feira";"08:00:00";"RN";101;118;"SAO JOSE DE MIPIBU";"Sim";"Condutor deixou de manter dist�ncia do ve�culo da frente";1;"Colis�o traseira";"Com V�timas Feridas";"Pleno dia";"Crescente";"Nublado";"Dupla";"Reta";"Sim";1337061;"Semireboque";"REB/RODOVIARIA SR FD CG/RODOVIARIA SR FD CG";1995;NA;NA;NA;NA;NA;NA;NA;NA;-6,02226777;-35,25154218;"SPRF-RN";"DEL01-RN";"UOP01-DEL01-RN"
748517;1678586;2025-12-22;"segunda-feira";"08:00:00";"RN";101;118;"SAO JOSE DE MIPIBU";"Sim";"Condutor deixou de manter dist�ncia do ve�culo da frente";1;"Colis�o traseira";"Com V�timas Feridas";"Pleno dia";"Crescente";"Nublado";"Dupla";"Reta";"Sim";1336949;"Caminh�o-trator";"VW/19.320 CLC TT/19.320 CLC TT";2007;"Condutor";"Ileso";41;"Masculino";1;0;0;0;-6,02226777;-35,25154218;"SPRF-RN";"DEL01-RN";"UOP01-DEL01-RN"
748517;1678583;2025-12-22;"segunda-feira";"08:00:00";"RN";101;118;"SAO JOSE DE MIPIBU";"Sim";"Condutor deixou de manter dist�ncia do ve�culo da frente";1;"Colis�o traseira";"Com V�timas Feridas";"Pleno dia";"Crescente";"Nublado";"Dupla";"Reta";"Sim";1336949;"Caminh�o-trator";"VW/19.320 CLC TT/19.320 CLC TT";2007;"Passageiro";"Ileso";36;"Masculino";1;0;0;0;-6,02226777;-35,25154218;"SPRF-RN";"DEL01-RN";"UOP01-DEL01-RN"
748517;1678585;2025-12-22;"segunda-feira";"08:00:00";"RN";101;118;"SAO JOSE DE MIPIBU";"Sim";"Condutor deixou de manter dist�ncia do ve�culo da frente";1;"Colis�o traseira";"Com V�timas Feridas";"Pleno dia";"Crescente";"Nublado";"Dupla";"Reta";"Sim";1336948;"Caminhonete";"MMC/L200 TRITON 3.2 D/L200 TRITON 3.2 D";2012;"Passageiro";"Ileso";38;"Feminino";1;0;0;0;-6,02226777;-35,25154218;"SPRF-RN";"DEL01-RN";"UOP01-DEL01-RN"
748517;1678584;2025-12-22;"segunda-feira";"08:00:00";"RN";101;118;"SAO JOSE DE MIPIBU";"Sim";"Condutor deixou de manter dist�ncia do ve�culo da frente";1;"Colis�o traseira";"Com V�timas Feridas";"Pleno dia";"Crescente";"Nublado";"Dupla";"Reta";"Sim";1336948;"Caminhonete";"MMC/L200 TRITON 3.2 D/L200 TRITON 3.2 D";2012;"Passageiro";"Les�es Leves";62;"Feminino";0;1;0;0;-6,02226777;-35,25154218;"SPRF-RN";"DEL01-RN";"UOP01-DEL01-RN"
748517;1678582;2025-12-22;"segunda-feira";"08:00:00";"RN";101;118;"SAO JOSE DE MIPIBU";"Sim";"Condutor deixou de manter dist�ncia do ve�culo da frente";1;"Colis�o traseira";"Com V�timas Feridas";"Pleno dia";"Crescente";"Nublado";"Dupla";"Reta";"Sim";1336948;"Caminhonete";"MMC/L200 TRITON 3.2 D/L200 TRITON 3.2 D";2012;"Condutor";"Les�es Leves";64;"Masculino";0;1;0;0;-6,02226777;-35,25154218;"SPRF-RN";"DEL01-RN";"UOP01-DEL01-RN"
748531;1678611;2025-11-28;"sexta-feira";"20:00:00";"PE";423;107;"CAETES";"Sim";"Acessar a via sem observar a presen�a dos outros ve�culos";2;"Sa�da de leito carro��vel";"Sem V�timas";"Plena Noite";"Crescente";"C�u Claro";"Simples";"Reta;Declive";"N�o";1336978;"Autom�vel";"VW/NOVO GOL 1.6/NOVO GOL 1.6";2012;"Condutor";"N�o Informado";NA;"N�o Informado";0;0;0;0;-8,8848195;-36,58431996;"SPRF-PE";"DEL03-PE";"UOP01-DEL03-PE"
748531;1678610;2025-11-28;"sexta-feira";"20:00:00";"PE";423;107;"CAETES";"Sim";"Acessar a via sem observar a presen�a dos outros ve�culos";2;"Sa�da de leito carro��vel";"Sem V�timas";"Plena Noite";"Crescente";"C�u Claro";"Simples";"Reta;Declive";"N�o";1336977;"Utilit�rio";"I/TOYOTA HILUX SWDMDA4MD/TOYOTA HILUX SWDMDA4MD";2024;"Condutor";"Ileso";38;"Masculino";1;0;0;0;-8,8848195;-36,58431996;"SPRF-PE";"DEL03-PE";"UOP01-DEL03-PE"
748531;1678611;2025-11-28;"sexta-feira";"20:00:00";"PE";423;107;"CAETES";"Sim";"Acessar a via sem observar a presen�a dos outros ve�culos";1;"Colis�o transversal";"Sem V�timas";"Plena Noite";"Crescente";"C�u Claro";"Simples";"Reta;Declive";"N�o";1336978;"Autom�vel";"VW/NOVO GOL 1.6/NOVO GOL 1.6";2012;"Condutor";"N�o Informado";NA;"N�o Informado";0;0;0;0;-8,8848195;-36,58431996;"SPRF-PE";"DEL03-PE";"UOP01-DEL03-PE"
748531;1678610;2025-11-28;"sexta-feira";"20:00:00";"PE";423;107;"CAETES";"Sim";"Acessar a via sem observar a presen�a dos outros ve�culos";1;"Colis�o transversal";"Sem V�timas";"Plena Noite";"Crescente";"C�u Claro";"Simples";"Reta;Declive";"N�o";1336977;"Utilit�rio";"I/TOYOTA HILUX SWDMDA4MD/TOYOTA HILUX SWDMDA4MD";2024;"Condutor";"Ileso";38;"Masculino";1;0;0;0;-8,8848195;-36,58431996;"SPRF-PE";"DEL03-PE";"UOP01-DEL03-PE"
748536;1678629;2025-12-07;"domingo";"13:00:00";"PB";230;287,1;"SANTA LUZIA";"Sim";"Convers�o proibida";1;"Colis�o transversal";"Com V�timas Feridas";"Pleno dia";"Crescente";"C�u Claro";"Simples";"Reta";"N�o";1336986;"Autom�vel";"I/PEUGEOT 308 ALLURETHPA/PEUGEOT 308 ALLURETHPA";2017;"Condutor";"Les�es Leves";43;"Masculino";0;1;0;0;-6,89430373;-36,88427238;"SPRF-PB";"DEL03-PB";"UOP01-DEL03-PB"
748536;1678628;2025-12-07;"domingo";"13:00:00";"PB";230;287,1;"SANTA LUZIA";"Sim";"Convers�o proibida";1;"Colis�o transversal";"Com V�timas Feridas";"Pleno dia";"Crescente";"C�u Claro";"Simples";"Reta";"N�o";1336985;"Autom�vel";"VW/POLO MCA/POLO MCA";2020;"Passageiro";"Les�es Leves";12;"Feminino";0;1;0;0;-6,89430373;-36,88427238;"SPRF-PB";"DEL03-PB";"UOP01-DEL03-PB"
748536;1678627;2025-12-07;"domingo";"13:00:00";"PB";230;287,1;"SANTA LUZIA";"Sim";"Convers�o proibida";1;"Colis�o transversal";"Com V�timas Feridas";"Pleno dia";"Crescente";"C�u Claro";"Simples";"Reta";"N�o";1336985;"Autom�vel";"VW/POLO MCA/POLO MCA";2020;"Passageiro";"Les�es Leves";33;"Feminino";0;1;0;0;-6,89430373;-36,88427238;"SPRF-PB";"DEL03-PB";"UOP01-DEL03-PB"
748536;1678626;2025-12-07;"domingo";"13:00:00";"PB";230;287,1;"SANTA LUZIA";"Sim";"Convers�o proibida";1;"Colis�o transversal";"Com V�timas Feridas";"Pleno dia";"Crescente";"C�u Claro";"Simples";"Reta";"N�o";1336985;"Autom�vel";"VW/POLO MCA/POLO MCA";2020;"Condutor";"Les�es Leves";33;"Masculino";0;1;0;0;-6,89430373;-36,88427238;"SPRF-PB";"DEL03-PB";"UOP01-DEL03-PB"
748537;1678632;2025-12-26;"sexta-feira";"23:59:00";"TO";153;701;"CARIRI DO TOCANTINS";"N�o";"Rea��o tardia ou ineficiente do condutor";3;"Queda de ocupante de ve�culo";"Com V�timas Feridas";"Plena Noite";"Crescente";"C�u Claro";"Simples";"Reta";"N�o";1336988;"Motocicleta";"SUNDOWN/MAX 125 SE/MAX 125 SE";2006;"Condutor";"Les�es Graves";43;"Masculino";0;0;1;0;-11,9598;-49,199;"SPRF-TO";"DEL01-TO";"UOP02-DEL01-TO"
748537;1678631;2025-12-26;"sexta-feira";"23:59:00";"TO";153;701;"CARIRI DO TOCANTINS";"N�o";"Rea��o tardia ou ineficiente do condutor";3;"Queda de ocupante de ve�culo";"Com V�timas Feridas";"Plena Noite";"Crescente";"C�u Claro";"Simples";"Reta";"N�o";1336988;"Motocicleta";"SUNDOWN/MAX 125 SE/MAX 125 SE";2006;"Passageiro";"Les�es Graves";25;"Masculino";0;0;1;0;-11,9598;-49,199;"SPRF-TO";"DEL01-TO";"UOP02-DEL01-TO"
748537;1678630;2025-12-26;"sexta-feira";"23:59:00";"TO";153;701;"CARIRI DO TOCANTINS";"N�o";"Rea��o tardia ou ineficiente do condutor";3;"Queda de ocupante de ve�culo";"Com V�timas Feridas";"Plena Noite";"Crescente";"C�u Claro";"Simples";"Reta";"N�o";1336987;"�nibus";"MBENZ/MPOLO PARADISO LD/MPOLO PARADISO LD";2022;"Condutor";"Ileso";43;"Masculino";1;0;0;0;-11,9598;-49,199;"SPRF-TO";"DEL01-TO";"UOP02-DEL01-TO"
748537;1678632;2025-12-26;"sexta-feira";"23:59:00";"TO";153;701;"CARIRI DO TOCANTINS";"N�o";"Rea��o tardia ou ineficiente do condutor";2;"Tombamento";"Com V�timas Feridas";"Plena Noite";"Crescente";"C�u Claro";"Simples";"Reta";"N�o";1336988;"Motocicleta";"SUNDOWN/MAX 125 SE/MAX 125 SE";2006;"Condutor";"Les�es Graves";43;"Masculino";0;0;1;0;-11,9598;-49,199;"SPRF-TO";"DEL01-TO";"UOP02-DEL01-TO"
748537;1678631;2025-12-26;"sexta-feira";"23:59:00";"TO";153;701;"CARIRI DO TOCANTINS";"N�o";"Rea��o tardia ou ineficiente do condutor";2;"Tombamento";"Com V�timas Feridas";"Plena Noite";"Crescente";"C�u Claro";"Simples";"Reta";"N�o";1336988;"Motocicleta";"SUNDOWN/MAX 125 SE/MAX 125 SE";2006;"Passageiro";"Les�es Graves";25;"Masculino";0;0;1;0;-11,9598;-49,199;"SPRF-TO";"DEL01-TO";"UOP02-DEL01-TO"
748537;1678630;2025-12-26;"sexta-feira";"23:59:00";"TO";153;701;"CARIRI DO TOCANTINS";"N�o";"Rea��o tardia ou ineficiente do condutor";2;"Tombamento";"Com V�timas Feridas";"Plena Noite";"Crescente";"C�u Claro";"Simples";"Reta";"N�o";1336987;"�nibus";"MBENZ/MPOLO PARADISO LD/MPOLO PARADISO LD";2022;"Condutor";"Ileso";43;"Masculino";1;0;0;0;-11,9598;-49,199;"SPRF-TO";"DEL01-TO";"UOP02-DEL01-TO"
748537;1678632;2025-12-26;"sexta-feira";"23:59:00";"TO";153;701;"CARIRI DO TOCANTINS";"N�o";"Rea��o tardia ou ineficiente do condutor";1;"Colis�o traseira";"Com V�timas Feridas";"Plena Noite";"Crescente";"C�u Claro";"Simples";"Reta";"N�o";1336988;"Motocicleta";"SUNDOWN/MAX 125 SE/MAX 125 SE";2006;"Condutor";"Les�es Graves";43;"Masculino";0;0;1;0;-11,9598;-49,199;"SPRF-TO";"DEL01-TO";"UOP02-DEL01-TO"
748537;1678631;2025-12-26;"sexta-feira";"23:59:00";"TO";153;701;"CARIRI DO TOCANTINS";"N�o";"Rea��o tardia ou ineficiente do condutor";1;"Colis�o traseira";"Com V�timas Feridas";"Plena Noite";"Crescente";"C�u Claro";"Simples";"Reta";"N�o";1336988;"Motocicleta";"SUNDOWN/MAX 125 SE/MAX 125 SE";2006;"Passageiro";"Les�es Graves";25;"Masculino";0;0;1;0;-11,9598;-49,199;"SPRF-TO";"DEL01-TO";"UOP02-DEL01-TO"
748537;1678630;2025-12-26;"sexta-feira";"23:59:00";"TO";153;701;"CARIRI DO TOCANTINS";"N�o";"Rea��o tardia ou ineficiente do condutor";1;"Colis�o traseira";"Com V�timas Feridas";"Plena Noite";"Crescente";"C�u Claro";"Simples";"Reta";"N�o";1336987;"�nibus";"MBENZ/MPOLO PARADISO LD/MPOLO PARADISO LD";2022;"Condutor";"Ileso";43;"Masculino";1;0;0;0;-11,9598;-49,199;"SPRF-TO";"DEL01-TO";"UOP02-DEL01-TO"
748537;1678632;2025-12-26;"sexta-feira";"23:59:00";"TO";153;701;"CARIRI DO TOCANTINS";"Sim";"Demais falhas mec�nicas ou el�tricas";3;"Queda de ocupante de ve�culo";"Com V�timas Feridas";"Plena Noite";"Crescente";"C�u Claro";"Simples";"Reta";"N�o";1336988;"Motocicleta";"SUNDOWN/MAX 125 SE/MAX 125 SE";2006;"Condutor";"Les�es Graves";43;"Masculino";0;0;1;0;-11,9598;-49,199;"SPRF-TO";"DEL01-TO";"UOP02-DEL01-TO"
748537;1678631;2025-12-26;"sexta-feira";"23:59:00";"TO";153;701;"CARIRI DO TOCANTINS";"Sim";"Demais falhas mec�nicas ou el�tricas";3;"Queda de ocupante de ve�culo";"Com V�timas Feridas";"Plena Noite";"Crescente";"C�u Claro";"Simples";"Reta";"N�o";1336988;"Motocicleta";"SUNDOWN/MAX 125 SE/MAX 125 SE";2006;"Passageiro";"Les�es Graves";25;"Masculino";0;0;1;0;-11,9598;-49,199;"SPRF-TO";"DEL01-TO";"UOP02-DEL01-TO"
748537;1678630;2025-12-26;"sexta-feira";"23:59:00";"TO";153;701;"CARIRI DO TOCANTINS";"Sim";"Demais falhas mec�nicas ou el�tricas";3;"Queda de ocupante de ve�culo";"Com V�timas Feridas";"Plena Noite";"Crescente";"C�u Claro";"Simples";"Reta";"N�o";1336987;"�nibus";"MBENZ/MPOLO PARADISO LD/MPOLO PARADISO LD";2022;"Condutor";"Ileso";43;"Masculino";1;0;0;0;-11,9598;-49,199;"SPRF-TO";"DEL01-TO";"UOP02-DEL01-TO"
748537;1678632;2025-12-26;"sexta-feira";"23:59:00";"TO";153;701;"CARIRI DO TOCANTINS";"Sim";"Demais falhas mec�nicas ou el�tricas";2;"Tombamento";"Com V�timas Feridas";"Plena Noite";"Crescente";"C�u Claro";"Simples";"Reta";"N�o";1336988;"Motocicleta";"SUNDOWN/MAX 125 SE/MAX 125 SE";2006;"Condutor";"Les�es Graves";43;"Masculino";0;0;1;0;-11,9598;-49,199;"SPRF-TO";"DEL01-TO";"UOP02-DEL01-TO"
748537;1678631;2025-12-26;"sexta-feira";"23:59:00";"TO";153;701;"CARIRI DO TOCANTINS";"Sim";"Demais falhas mec�nicas ou el�tricas";2;"Tombamento";"Com V�timas Feridas";"Plena Noite";"Crescente";"C�u Claro";"Simples";"Reta";"N�o";1336988;"Motocicleta";"SUNDOWN/MAX 125 SE/MAX 125 SE";2006;"Passageiro";"Les�es Graves";25;"Masculino";0;0;1;0;-11,9598;-49,199;"SPRF-TO";"DEL01-TO";"UOP02-DEL01-TO"
748537;1678630;2025-12-26;"sexta-feira";"23:59:00";"TO";153;701;"CARIRI DO TOCANTINS";"Sim";"Demais falhas mec�nicas ou el�tricas";2;"Tombamento";"Com V�timas Feridas";"Plena Noite";"Crescente";"C�u Claro";"Simples";"Reta";"N�o";1336987;"�nibus";"MBENZ/MPOLO PARADISO LD/MPOLO PARADISO LD";2022;"Condutor";"Ileso";43;"Masculino";1;0;0;0;-11,9598;-49,199;"SPRF-TO";"DEL01-TO";"UOP02-DEL01-TO"
748537;1678632;2025-12-26;"sexta-feira";"23:59:00";"TO";153;701;"CARIRI DO TOCANTINS";"Sim";"Demais falhas mec�nicas ou el�tricas";1;"Colis�o traseira";"Com V�timas Feridas";"Plena Noite";"Crescente";"C�u Claro";"Simples";"Reta";"N�o";1336988;"Motocicleta";"SUNDOWN/MAX 125 SE/MAX 125 SE";2006;"Condutor";"Les�es Graves";43;"Masculino";0;0;1;0;-11,9598;-49,199;"SPRF-TO";"DEL01-TO";"UOP02-DEL01-TO"
748537;1678631;2025-12-26;"sexta-feira";"23:59:00";"TO";153;701;"CARIRI DO TOCANTINS";"Sim";"Demais falhas mec�nicas ou el�tricas";1;"Colis�o traseira";"Com V�timas Feridas";"Plena Noite";"Crescente";"C�u Claro";"Simples";"Reta";"N�o";1336988;"Motocicleta";"SUNDOWN/MAX 125 SE/MAX 125 SE";2006;"Passageiro";"Les�es Graves";25;"Masculino";0;0;1;0;-11,9598;-49,199;"SPRF-TO";"DEL01-TO";"UOP02-DEL01-TO"
748537;1678630;2025-12-26;"sexta-feira";"23:59:00";"TO";153;701;"CARIRI DO TOCANTINS";"Sim";"Demais falhas mec�nicas ou el�tricas";1;"Colis�o traseira";"Com V�timas Feridas";"Plena Noite";"Crescente";"C�u Claro";"Simples";"Reta";"N�o";1336987;"�nibus";"MBENZ/MPOLO PARADISO LD/MPOLO PARADISO LD";2022;"Condutor";"Ileso";43;"Masculino";1;0;0;0;-11,9598;-49,199;"SPRF-TO";"DEL01-TO";"UOP02-DEL01-TO"