"id";"pesid";"data_inversa";"dia_semana";"horario";"uf";"br";"km";"municipio";"causa_principal";"causa_acidente";"ordem_tipo_acidente";"tipo_acidente";"classificacao_acidente";"fase_dia";"sentido_via";"condicao_metereologica";"tipo_pista";"tracado_via";"uso_solo";"id_veiculo";"tipo_veiculo";"marca";"ano_fabricacao_veiculo";"tipo_envolvido";"estado_fisico";"idade";"sexo";"ilesos";"feridos_leves";"feridos_graves";"mortos";"latitude";"longitude";"regional";"delegacia";"uop"
748675;1678996;2025-12-28;"domingo";"20:20:00";"RJ";101;531;"PARATY";"Sim";"Declive acentuado";1;"Queda de ocupante de ve�culo";"Com V�timas Feridas";"Plena Noite";"Decrescente";"C�u Claro";"Dupla";"Curva";"Sim";1337298;"Motocicleta";"HONDA/CB 300R/CB 300R";2011;"Condutor";"Ileso";40;"Masculino";1;0;0;0;-23,02729156;-44,53891754;"SPRF-RJ";"DEL03-RJ";"UOP03-DEL03-RJ"
748675;1678995;2025-12-28;"domingo";"20:20:00";"RJ";101;531;"PARATY";"Sim";"Declive acentuado";1;"Queda de ocupante de ve�culo";"Com V�timas Feridas";"Plena Noite";"Decrescente";"C�u Claro";"Dupla";"Curva";"Sim";1337298;"Motocicleta";"HONDA/CB 300R/CB 300R";2011;"Passageiro";"Les�es Leves";18;"Feminino";0;1;0;0;-23,02729156;-44,53891754;"SPRF-RJ";"DEL03-RJ";"UOP03-DEL03-RJ"
748681;1679021;2025-12-21;"domingo";"03:43:00";"PA";163;323;"NOVO PROGRESSO";"N�o";"Rea��o tardia ou ineficiente do condutor";2;"Queda de ocupante de ve�culo";"Sem V�timas";"Plena Noite";"Decrescente";"Ignorado";"Simples";"Reta";"N�o";1337319;"Motocicleta";"N�o Informado/N�o Informado/N�o Informado";0;"Condutor";"N�o Informado";NA;"N�o Informado";0;0;0;0;-6,94905043;-55,45240171;"SPRF-PA";"DEL05-PA";"UOP03-DEL05-PA"
748681;1679100;2025-12-21;"domingo";"03:43:00";"PA";163;323;"NOVO PROGRESSO";"N�o";"Rea��o tardia ou ineficiente do condutor";2;"Queda de ocupante de ve�culo";"Sem V�timas";"Plena Noite";"Decrescente";"Ignorado";"Simples";"Reta";"N�o";NA;NA;"NA/NA/NA";NA;"Cavaleiro";"N�o Informado";NA;"N�o Informado";0;0;0;0;-6,94905043;-55,45240171;"SPRF-PA";"DEL05-PA";"UOP03-DEL05-PA"
748681;1679021;2025-12-21;"domingo";"03:43:00";"PA";163;323;"NOVO PROGRESSO";"N�o";"Rea��o tardia ou ineficiente do condutor";1;"Tombamento";"Sem V�timas";"Plena Noite";"Decrescente";"Ignorado";"Simples";"Reta";"N�o";1337319;"Motocicleta";"N�o Informado/N�o Informado/N�o Informado";0;"Condutor";"N�o Informado";NA;"N�o Informado";0;0;0;0;-6,94905043;-55,45240171;"SPRF-PA";"DEL05-PA";"UOP03-DEL05-PA"
748681;1679100;2025-12-21;"domingo";"03:43:00";"PA";163;323;"NOVO PROGRESSO";"N�o";"Rea��o tardia ou ineficiente do condutor";1;"Tombamento";"Sem V�timas";"Plena Noite";"Decrescente";"Ignorado";"Simples";"Reta";"N�o";NA;NA;"NA/NA/NA";NA;"Cavaleiro";"N�o Informado";NA;"N�o Informado";0;0;0;0;-6,94905043;-55,45240171;"SPRF-PA";"DEL05-PA";"UOP03-DEL05-PA"
748681;1679021;2025-12-21;"domingo";"03:43:00";"PA";163;323;"NOVO PROGRESSO";"Sim";"Aus�ncia de rea��o do condutor";2;"Queda de ocupante de ve�culo";"Sem V�timas";"Plena Noite";"Decrescente";"Ignorado";"Simples";"Reta";"N�o";1337319;"Motocicleta";"N�o Informado/N�o Informado/N�o Informado";0;"Condutor";"N�o Informado";NA;"N�o Informado";0;0;0;0;-6,94905043;-55,45240171;"SPRF-PA";"DEL05-PA";"UOP03-DEL05-PA"
748681;1679100;2025-12-21;"domingo";"03:43:00";"PA";163;323;"NOVO PROGRESSO";"Sim";"Aus�ncia de rea��o do condutor";2;"Queda de ocupante de ve�culo";"Sem V�timas";"Plena Noite";"Decrescente";"Ignorado";"Simples";"Reta";"N�o";NA;NA;"NA/NA/NA";NA;"Cavaleiro";"N�o Informado";NA;"N�o Informado";0;0;0;0;-6,94905043;-55,45240171;"SPRF-PA";"DEL05-PA";"UOP03-DEL05-PA"
748681;1679021;2025-12-21;"domingo";"03:43:00";"PA";163;323;"NOVO PROGRESSO";"Sim";"Aus�ncia de rea��o do condutor";1;"Tombamento";"Sem V�timas";"Plena Noite";"Decrescente";"Ignorado";"Simples";"Reta";"N�o";1337319;"Motocicleta";"N�o Informado/N�o Informado/N�o Informado";0;"Condutor";"N�o Informado";NA;"N�o Informado";0;0;0;0;-6,94905043;-55,45240171;"SPRF-PA";"DEL05-PA";"UOP03-DEL05-PA"
748681;1679100;2025-12-21;"domingo";"03:43:00";"PA";163;323;"NOVO PROGRESSO";"Sim";"Aus�ncia de rea��o do condutor";1;"Tombamento";"Sem V�timas";"Plena Noite";"Decrescente";"Ignorado";"Simples";"Reta";"N�o";NA;NA;"NA/NA/NA";NA;"Cavaleiro";"N�o Informado";NA;"N�o Informado";0;0;0;0;-6,94905043;-55,45240171;"SPRF-PA";"DEL05-PA";"UOP03-DEL05-PA"
748683;1679015;2025-12-30;"ter�a-feira";"21:00:00";"SC";158;138;"PALMITOS";"Sim";"Velocidade Incompat�vel";2;"Inc�ndio";"Sem V�timas";"Plena Noite";"Crescente";"C�u Claro";"Simples";"Reta";"N�o";1337315;"Caminhonete";"N�o Informado/N�o Informado/N�o Informado";0;"Passageiro";"N�o Informado";NA;"N�o Informado";0;0;0;0;-27,094918;-53,218904;"SPRF-SC";"DEL07-SC";"UOP02-DEL07-SC"
748683;1679014;2025-12-30;"ter�a-feira";"21:00:00";"SC";158;138;"PALMITOS";"Sim";"Velocidade Incompat�vel";2;"Inc�ndio";"Sem V�timas";"Plena Noite";"Crescente";"C�u Claro";"Simples";"Reta";"N�o";1337315;"Caminhonete";"N�o Informado/N�o Informado/N�o Informado";0;"Condutor";"Ileso";26;"Masculino";1;0;0;0;-27,094918;-53,218904;"SPRF-SC";"DEL07-SC";"UOP02-DEL07-SC"
748683;1679015;2025-12-30;"ter�a-feira";"21:00:00";"SC";158;138;"PALMITOS";"Sim";"Velocidade Incompat�vel";1;"Sa�da de leito carro��vel";"Sem V�timas";"Plena Noite";"Crescente";"C�u Claro";"Simples";"Reta";"N�o";1337315;"Caminhonete";"N�o Informado/N�o Informado/N�o Informado";0;"Passageiro";"N�o Informado";NA;"N�o Informado";0;0;0;0;-27,094918;-53,218904;"SPRF-SC";"DEL07-SC";"UOP02-DEL07-SC"
748683;1679014;2025-12-30;"ter�a-feira";"21:00:00";"SC";158;138;"PALMITOS";"Sim";"Velocidade Incompat�vel";1;"Sa�da de leito carro��vel";"Sem V�timas";"Plena Noite";"Crescente";"C�u Claro";"Simples";"Reta";"N�o";1337315;"Caminhonete";"N�o Informado/N�o Informado/N�o Informado";0;"Condutor";"Ileso";26;"Masculino";1;0;0;0;-27,094918;-53,218904;"SPRF-SC";"DEL07-SC";"UOP02-DEL07-SC"
748689;1679031;2025-09-19;"sexta-feira";"13:20:00";"SC";101;58;"ARAQUARI";"Sim";"Rea��o tardia ou ineficiente do condutor";2;"Colis�o com objeto";"Com V�timas Feridas";"Pleno dia";"Crescente";"C�u Claro";"Dupla";"Aclive;Reta";"N�o";1337330;"Autom�vel";"I/PEUGEOT 307 16 PR PK/PEUGEOT 307 16 PR PK";2009;"Passageiro";"Les�es Leves";18;"Masculino";0;1;0;0;-26,44291;-48,79886627;"SPRF-SC";"DEL03-SC";"UOP02-DEL03-SC"
748689;1679030;2025-09-19;"sexta-feira";"13:20:00";"SC";101;58;"ARAQUARI";"Sim";"Rea��o tardia ou ineficiente do condutor";2;"Colis�o com objeto";"Com V�timas Feridas";"Pleno dia";"Crescente";"C�u Claro";"Dupla";"Aclive;Reta";"N�o";1337330;"Autom�vel";"I/PEUGEOT 307 16 PR PK/PEUGEOT 307 16 PR PK";2009;"Condutor";"Ileso";30;"Masculino";1;0;0;0;-26,44291;-48,79886627;"SPRF-SC";"DEL03-SC";"UOP02-DEL03-SC"
748689;1679029;2025-09-19;"sexta-feira";"13:20:00";"SC";101;58;"ARAQUARI";"Sim";"Rea��o tardia ou ineficiente do condutor";2;"Colis�o com objeto";"Com V�timas Feridas";"Pleno dia";"Crescente";"C�u Claro";"Dupla";"Aclive;Reta";"N�o";1337329;"Autom�vel";"I/NISSAN SENTRA/NISSAN SENTRA";2008;"Condutor";"Ileso";33;"Masculino";1;0;0;0;-26,44291;-48,79886627;"SPRF-SC";"DEL03-SC";"UOP02-DEL03-SC"
748689;1679031;2025-09-19;"sexta-feira";"13:20:00";"SC";101;58;"ARAQUARI";"Sim";"Rea��o tardia ou ineficiente do condutor";1;"Colis�o traseira";"Com V�timas Feridas";"Pleno dia";"Crescente";"C�u Claro";"Dupla";"Aclive;Reta";"N�o";1337330;"Autom�vel";"I/PEUGEOT 307 16 PR PK/PEUGEOT 307 16 PR PK";2009;"Passageiro";"Les�es Leves";18;"Masculino";0;1;0;0;-26,44291;-48,79886627;"SPRF-SC";"DEL03-SC";"UOP02-DEL03-SC"
748689;1679030;2025-09-19;"sexta-feira";"13:20:00";"SC";101;58;"ARAQUARI";"Sim";"Rea��o tardia ou ineficiente do condutor";1;"Colis�o traseira";"Com V�timas Feridas";"Pleno dia";"Crescente";"C�u Claro";"Dupla";"Aclive;Reta";"N�o";1337330;"Autom�vel";"I/PEUGEOT 307 16 PR PK/PEUGEOT 307 16 PR PK";2009;"Condutor";"Ileso";30;"Masculino";1;0;0;0;-26,44291;-48,79886627;"SPRF-SC";"DEL03-SC";"UOP02-DEL03-SC"
748689;1679029;2025-09-19;"sexta-feira";"13:20:00";"SC";101;58;"ARAQUARI";"Sim";"Rea��o tardia ou ineficiente do condutor";1;"Colis�o traseira";"Com V�timas Feridas";"Pleno dia";"Crescente";"C�u Claro";"Dupla";"Aclive;Reta";"N�o";1337329;"Autom�vel";"I/NISSAN SENTRA/NISSAN SENTRA";2008;"Condutor";"Ileso";33;"Masculino";1;0;0;0;-26,44291;-48,79886627;"SPRF-SC";"DEL03-SC";"UOP02-DEL03-SC"
748689;1679031;2025-09-19;"sexta-feira";"13:20:00";"SC";101;58;"ARAQUARI";"N�o";"Condutor deixou de manter dist�ncia do ve�culo da frente";2;"Colis�o com objeto";"Com V�timas Feridas";"Pleno dia";"Crescente";"C�u Claro";"Dupla";"Aclive;Reta";"N�o";1337330;"Autom�vel";"I/PEUGEOT 307 16 PR PK/PEUGEOT 307 16 PR PK";2009;"Passageiro";"Les�es Leves";18;"Masculino";0;1;0;0;-26,44291;-48,79886627;"SPRF-SC";"DEL03-SC";"UOP02-DEL03-SC"
748689;1679030;2025-09-19;"sexta-feira";"13:20:00";"SC";101;58;"ARAQUARI";"N�o";"Condutor deixou de manter dist�ncia do ve�culo da frente";2;"Colis�o com objeto";"Com V�timas Feridas";"Pleno dia";"Crescente";"C�u Claro";"Dupla";"Aclive;Reta";"N�o";1337330;"Autom�vel";"I/PEUGEOT 307 16 PR PK/PEUGEOT 307 16 PR PK";2009;"Condutor";"Ileso";30;"Masculino";1;0;0;0;-26,44291;-48,79886627;"SPRF-SC";"DEL03-SC";"UOP02-DEL03-SC"
748689;1679029;2025-09-19;"sexta-feira";"13:20:00";"SC";101;58;"ARAQUARI";"N�o";"Condutor deixou de manter dist�ncia do ve�culo da frente";2;"Colis�o com objeto";"Com V�timas Feridas";"Pleno dia";"Crescente";"C�u Claro";"Dupla";"Aclive;Reta";"N�o";1337329;"Autom�vel";"I/NISSAN SENTRA/NISSAN SENTRA";2008;"Condutor";"Ileso";33;"Masculino";1;0;0;0;-26,44291;-48,79886627;"SPRF-SC";"DEL03-SC";"UOP02-DEL03-SC"
748689;1679031;2025-09-19;"sexta-feira";"13:20:00";"SC";101;58;"ARAQUARI";"N�o";"Condutor deixou de manter dist�ncia do ve�culo da frente";1;"Colis�o traseira";"Com V�timas Feridas";"Pleno dia";"Crescente";"C�u Claro";"Dupla";"Aclive;Reta";"N�o";1337330;"Autom�vel";"I/PEUGEOT 307 16 PR PK/PEUGEOT 307 16 PR PK";2009;"Passageiro";"Les�es Leves";18;"Masculino";0;1;0;0;-26,44291;-48,79886627;"SPRF-SC";"DEL03-SC";"UOP02-DEL03-SC"
748689;1679030;2025-09-19;"sexta-feira";"13:20:00";"SC";101;58;"ARAQUARI";"N�o";"Condutor deixou de manter dist�ncia do ve�culo da frente";1;"Colis�o traseira";"Com V�timas Feridas";"Pleno dia";"Crescente";"C�u Claro";"Dupla";"Aclive;Reta";"N�o";1337330;"Autom�vel";"I/PEUGEOT 307 16 PR PK/PEUGEOT 307 16 PR PK";2009;"Condutor";"Ileso";30;"Masculino";1;0;0;0;-26,44291;-48,79886627;"SPRF-SC";"DEL03-SC";"UOP02-DEL03-SC"
748689;1679029;2025-09-19;"sexta-feira";"13:20:00";"SC";101;58;"ARAQUARI";"N�o";"Condutor deixou de manter dist�ncia do ve�culo da frente";1;"Colis�o traseira";"Com V�timas Feridas";"Pleno dia";"Crescente";"C�u Claro";"Dupla";"Aclive;Reta";"N�o";1337329;"Autom�vel";"I/NISSAN SENTRA/NISSAN SENTRA";2008;"Condutor";"Ileso";33;"Masculino";1;0;0;0;-26,44291;-48,79886627;"SPRF-SC";"DEL03-SC";"UOP02-DEL03-SC"
748690;1679048;2025-05-25;"domingo";"17:55:00";"PR";376;161;"MARINGA";"Sim";"Manobra de mudan�a de faixa";1;"Colis�o lateral mesmo sentido";"Com V�timas Feridas";"Pleno dia";"Crescente";"Ignorado";"Dupla";"Reta;Interse��o de Vias";"Sim";1337336;"Motocicleta";"HONDA/ML 125/ML 125";1988;"Condutor";"Les�es Leves";NA;"Masculino";0;1;0;0;-23,36825921;-52,06651568;"SPRF-PR";"DEL09-PR";"UOP02-DEL09-PR"
748690;1679039;2025-05-25;"domingo";"17:55:00";"PR";376;161;"MARINGA";"Sim";"Manobra de mudan�a de faixa";1;"Colis�o lateral mesmo sentido";"Com V�timas Feridas";"Pleno dia";"Crescente";"Ignorado";"Dupla";"Reta;Interse��o de Vias";"Sim";1337333;"�nibus";"N�o Informado/N�o Informado/N�o Informado";0;"Condutor";"N�o Informado";NA;"N�o Informado";0;0;0;0;-23,36825921;-52,06651568;"SPRF-PR";"DEL09-PR";"UOP02-DEL09-PR"
748692;1679036;2025-12-08;"segunda-feira";"14:15:00";"MA";222;300;"VITORIA DO MEARIM";"Sim";"Ultrapassagem Indevida";1;"Colis�o frontal";"Com V�timas Feridas";"Pleno dia";"Decrescente";"C�u Claro";"Simples";"Aclive";"Sim";1337335;"Caminhonete";"VW/NOVA SAVEIRO CE CROSS/NOVA SAVEIRO CE CROSS";2013;"Condutor";"Les�es Graves";34;"Masculino";0;0;1;0;-3,54314;-44,898279;"SPRF-MA";"DEL02-MA";"UOP01-DEL02-MA"
748692;1679035;2025-12-08;"segunda-feira";"14:15:00";"MA";222;300;"VITORIA DO MEARIM";"Sim";"Ultrapassagem Indevida";1;"Colis�o frontal";"Com V�timas Feridas";"Pleno dia";"Decrescente";"C�u Claro";"Simples";"Aclive";"Sim";1337334;"Utilit�rio";"I/TOYOTA HILUX SWSR A2GF/TOYOTA HILUX SWSR A2GF";2017;"Condutor";"N�o Informado";NA;"N�o Informado";0;0;0;0;-3,54314;-44,898279;"SPRF-MA";"DEL02-MA";"UOP01-DEL02-MA"
748703;1679057;2025-12-19;"sexta-feira";"17:40:00";"PR";116;106;"SAO JOSE DOS PINHAIS";"Sim";"Trafegar com motocicleta (ou similar) entre as faixas";1;"Colis�o lateral mesmo sentido";"Com V�timas Feridas";"Pleno dia";"Crescente";"Sol";"Dupla";"Reta";"N�o";1337356;"Motocicleta";"HONDA/CG 160 FAN/CG 160 FAN";0;"Condutor";"Les�es Leves";NA;"Masculino";0;1;0;0;-25,569184;-49,226769;"SPRF-PR";"DEL01-PR";"UOP03-DEL01-PR"
748703;1679056;2025-12-19;"sexta-feira";"17:40:00";"PR";116;106;"SAO JOSE DOS PINHAIS";"Sim";"Trafegar com motocicleta (ou similar) entre as faixas";1;"Colis�o lateral mesmo sentido";"Com V�timas Feridas";"Pleno dia";"Crescente";"Sol";"Dupla";"Reta";"N�o";1337355;"Autom�vel";"N�o Informado/N�o Informado/N�o Informado";0;"Condutor";"N�o Informado";NA;"N�o Informado";0;0;0;0;-25,569184;-49,226769;"SPRF-PR";"DEL01-PR";"UOP03-DEL01-PR"
748703;1679057;2025-12-19;"sexta-feira";"17:40:00";"PR";116;106;"SAO JOSE DOS PINHAIS";"Sim";"Trafegar com motocicleta (ou similar) entre as faixas";3;"Queda de ocupante de ve�culo";"Com V�timas Feridas";"Pleno dia";"Crescente";"Sol";"Dupla";"Reta";"N�o";1337356;"Motocicleta";"HONDA/CG 160 FAN/CG 160 FAN";0;"Condutor";"Les�es Leves";NA;"Masculino";0;1;0;0;-25,569184;-49,226769;"SPRF-PR";"DEL01-PR";"UOP03-DEL01-PR"
748703;1679056;2025-12-19;"sexta-feira";"17:40:00";"PR";116;106;"SAO JOSE DOS PINHAIS";"Sim";"Trafegar com motocicleta (ou similar) entre as faixas";3;"Queda de ocupante de ve�culo";"Com V�timas Feridas";"Pleno dia";"Crescente";"Sol";"Dupla";"Reta";"N�o";1337355;"Autom�vel";"N�o Informado/N�o Informado/N�o Informado";0;"Condutor";"N�o Informado";NA;"N�o Informado";0;0;0;0;-25,569184;-49,226769;"SPRF-PR";"DEL01-PR";"UOP03-DEL01-PR"
748703;1679057;2025-12-19;"sexta-feira";"17:40:00";"PR";116;106;"SAO JOSE DOS PINHAIS";"Sim";"Trafegar com motocicleta (ou similar) entre as faixas";2;"Tombamento";"Com V�timas Feridas";"Pleno dia";"Crescente";"Sol";"Dupla";"Reta";"N�o";1337356;"Motocicleta";"HONDA/CG 160 FAN/CG 160 FAN";0;"Condutor";"Les�es Leves";NA;"Masculino";0;1;0;0;-25,569184;-49,226769;"SPRF-PR";"DEL01-PR";"UOP03-DEL01-PR"
748703;1679056;2025-12-19;"sexta-feira";"17:40:00";"PR";116;106;"SAO JOSE DOS PINHAIS";"Sim";"Trafegar com motocicleta (ou similar) entre as faixas";2;"Tombamento";"Com V�timas Feridas";"Pleno dia";"Crescente";"Sol";"Dupla";"Reta";"N�o";1337355;"Autom�vel";"N�o Informado/N�o Informado/N�o Informado";0;"Condutor";"N�o Informado";NA;"N�o Informado";0;0;0;0;-25,569184;-49,226769;"SPRF-PR";"DEL01-PR";"UOP03-DEL01-PR"
748703;1679057;2025-12-19;"sexta-feira";"17:40:00";"PR";116;106;"SAO JOSE DOS PINHAIS";"N�o";"Aus�ncia de rea��o do condutor";1;"Colis�o lateral mesmo sentido";"Com V�timas Feridas";"Pleno dia";"Crescente";"Sol";"Dupla";"Reta";"N�o";1337356;"Motocicleta";"HONDA/CG 160 FAN/CG 160 FAN";0;"Condutor";"Les�es Leves";NA;"Masculino";0;1;0;0;-25,569184;-49,226769;"SPRF-PR";"DEL01-PR";"UOP03-DEL01-PR"
748703;1679056;2025-12-19;"sexta-feira";"17:40:00";"PR";116;106;"SAO JOSE DOS PINHAIS";"N�o";"Aus�ncia de rea��o do condutor";1;"Colis�o lateral mesmo sentido";"Com V�timas Feridas";"Pleno dia";"Crescente";"Sol";"Dupla";"Reta";"N�o";1337355;"Autom�vel";"N�o Informado/N�o Informado/N�o Informado";0;"Condutor";"N�o Informado";NA;"N�o Informado";0;0;0;0;-25,569184;-49,226769;"SPRF-PR";"DEL01-PR";"UOP03-DEL01-PR"
748703;1679057;2025-12-19;"sexta-feira";"17:40:00";"PR";116;106;"SAO JOSE DOS PINHAIS";"N�o";"Aus�ncia de rea��o do condutor";3;"Queda de ocupante de ve�culo";"Com V�timas Feridas";"Pleno dia";"Crescente";"Sol";"Dupla";"Reta";"N�o";1337356;"Motocicleta";"HONDA/CG 160 FAN/CG 160 FAN";0;"Condutor";"Les�es Leves";NA;"Masculino";0;1;0;0;-25,569184;-49,226769;"SPRF-PR";"DEL01-PR";"UOP03-DEL01-PR"
748703;1679056;2025-12-19;"sexta-feira";"17:40:00";"PR";116;106;"SAO JOSE DOS PINHAIS";"N�o";"Aus�ncia de rea��o do condutor";3;"Queda de ocupante de ve�culo";"Com V�timas Feridas";"Pleno dia";"Crescente";"Sol";"Dupla";"Reta";"N�o";1337355;"Autom�vel";"N�o Informado/N�o Informado/N�o Informado";0;"Condutor";"N�o Informado";NA;"N�o Informado";0;0;0;0;-25,569184;-49,226769;"SPRF-PR";"DEL01-PR";"UOP03-DEL01-PR"
748703;1679057;2025-12-19;"sexta-feira";"17:40:00";"PR";116;106;"SAO JOSE DOS PINHAIS";"N�o";"Aus�ncia de rea��o do condutor";2;"Tombamento";"Com V�timas Feridas";"Pleno dia";"Crescente";"Sol";"Dupla";"Reta";"N�o";1337356;"Motocicleta";"HONDA/CG 160 FAN/CG 160 FAN";0;"Condutor";"Les�es Leves";NA;"Masculino";0;1;0;0;-25,569184;-49,226769;"SPRF-PR";"DEL01-PR";"UOP03-DEL01-PR"
748703;1679056;2025-12-19;"sexta-feira";"17:40:00";"PR";116;106;"SAO JOSE DOS PINHAIS";"N�o";"Aus�ncia de rea��o do condutor";2;"Tombamento";"Com V�timas Feridas";"Pleno dia";"Crescente";"Sol";"Dupla";"Reta";"N�o";1337355;"Autom�vel";"N�o Informado/N�o Informado/N�o Informado";0;"Condutor";"N�o Informado";NA;"N�o Informado";0;0;0;0;-25,569184;-49,226769;"SPRF-PR";"DEL01-PR";"UOP03-DEL01-PR"
748707;NA;2025-12-16;"ter�a-feira";"16:30:00";"MT";364;397;"CUIABA";"Sim";"Aus�ncia de rea��o do condutor";1;"Colis�o traseira";"Com V�timas Feridas";"Pleno dia";"Crescente";"Chuva";"Dupla";"Retorno Regulamentado";"Sim";1337365;"Reboque";"R/NOMA DOLLIE 2E/NOMA DOLLIE 2E";2013;NA;NA;NA;NA;NA;NA;NA;NA;-15,669493;-55,952328;"SPRF-MT";"DEL01-MT";"UOP02-DEL01-MT"
748707;NA;2025-12-16;"ter�a-feira";"16:30:00";"MT";364;397;"CUIABA";"Sim";"Aus�ncia de rea��o do condutor";1;"Colis�o traseira";"Com V�timas Feridas";"Pleno dia";"Crescente";"Chuva";"Dupla";"Retorno Regulamentado";"Sim";1337364;"Semireboque";"SR/NOMA SR2E18RT1 CG/NOMA SR2E18RT1 CG";2013;NA;NA;NA;NA;NA;NA;NA;NA;-15,669493;-55,952328;"SPRF-MT";"DEL01-MT";"UOP02-DEL01-MT"
748707;1679069;2025-12-16;"ter�a-feira";"16:30:00";"MT";364;397;"CUIABA";"Sim";"Aus�ncia de rea��o do condutor";1;"Colis�o traseira";"Com V�timas Feridas";"Pleno dia";"Crescente";"Chuva";"Dupla";"Retorno Regulamentado";"Sim";1337363;"Caminh�o-trator";"SCANIA/R 440 A6X4/R 440 A6X4";2013;"Condutor";"Ileso";37;"Masculino";1;0;0;0;-15,669493;-55,952328;"SPRF-MT";"DEL01-MT";"UOP02-DEL01-MT"
748707;1679068;2025-12-16;"ter�a-feira";"16:30:00";"MT";364;397;"CUIABA";"Sim";"Aus�ncia de rea��o do condutor";1;"Colis�o traseira";"Com V�timas Feridas";"Pleno dia";"Crescente";"Chuva";"Dupla";"Retorno Regulamentado";"Sim";1337362;"Motoneta";"HONDA/BIZ EX/BIZ EX";2024;"Passageiro";"Les�es Leves";28;"Feminino";0;1;0;0;-15,669493;-55,952328;"SPRF-MT";"DEL01-MT";"UOP02-DEL01-MT"
748707;1679067;2025-12-16;"ter�a-feira";"16:30:00";"MT";364;397;"CUIABA";"Sim";"Aus�ncia de rea��o do condutor";1;"Colis�o traseira";"Com V�timas Feridas";"Pleno dia";"Crescente";"Chuva";"Dupla";"Retorno Regulamentado";"Sim";1337362;"Motoneta";"HONDA/BIZ EX/BIZ EX";2024;"Condutor";"Les�es Leves";19;"Feminino";0;1;0;0;-15,669493;-55,952328;"SPRF-MT";"DEL01-MT";"UOP02-DEL01-MT"
748707;NA;2025-12-16;"ter�a-feira";"16:30:00";"MT";364;397;"CUIABA";"N�o";"Acessar a via sem observar a presen�a dos outros ve�culos";1;"Colis�o traseira";"Com V�timas Feridas";"Pleno dia";"Crescente";"Chuva";"Dupla";"Retorno Regulamentado";"Sim";1337365;"Reboque";"R/NOMA DOLLIE 2E/NOMA DOLLIE 2E";2013;NA;NA;NA;NA;NA;NA;NA;NA;-15,669493;-55,952328;"SPRF-MT";"DEL01-MT";"UOP02-DEL01-MT"
748707;NA;2025-12-16;"ter�a-feira";"16:30:00";"MT";364;397;"CUIABA";"N�o";"Acessar a via sem observar a presen�a dos outros ve�culos";1;"Colis�o traseira";"Com V�timas Feridas";"Pleno dia";"Crescente";"Chuva";"Dupla";"Retorno Regulamentado";"Sim";1337364;"Semireboque";"SR/NOMA SR2E18RT1 CG/NOMA SR2E18RT1 CG";2013;NA;NA;NA;NA;NA;NA;NA;NA;-15,669493;-55,952328;"SPRF-MT";"DEL01-MT";"UOP02-DEL01-MT"
748707;1679069;2025-12-16;"ter�a-feira";"16:30:00";"MT";364;397;"CUIABA";"N�o";"Acessar a via sem observar a presen�a dos outros ve�culos";1;"Colis�o traseira";"Com V�timas Feridas";"Pleno dia";"Crescente";"Chuva";"Dupla";"Retorno Regulamentado";"Sim";1337363;"Caminh�o-trator";"SCANIA/R 440 A6X4/R 440 A6X4";2013;"Condutor";"Ileso";37;"Masculino";1;0;0;0;-15,669493;-55,952328;"SPRF-MT";"DEL01-MT";"UOP02-DEL01-MT"
748707;1679068;2025-12-16;"ter�a-feira";"16:30:00";"MT";364;397;"CUIABA";"N�o";"Acessar a via sem observar a presen�a dos outros ve�culos";1;"Colis�o traseira";"Com V�timas Feridas";"Pleno dia";"Crescente";"Chuva";"Dupla";"Retorno Regulamentado";"Sim";1337362;"Motoneta";"HONDA/BIZ EX/BIZ EX";2024;"Passageiro";"Les�es Leves";28;"Feminino";0;1;0;0;-15,669493;-55,952328;"SPRF-MT";"DEL01-MT";"UOP02-DEL01-MT"
748707;1679067;2025-12-16;"ter�a-feira";"16:30:00";"MT";364;397;"CUIABA";"N�o";"Acessar a via sem observar a presen�a dos outros ve�culos";1;"Colis�o traseira";"Com V�timas Feridas";"Pleno dia";"Crescente";"Chuva";"Dupla";"Retorno Regulamentado";"Sim";1337362;"Motoneta";"HONDA/BIZ EX/BIZ EX";2024;"Condutor";"Les�es Leves";19;"Feminino";0;1;0;0;-15,669493;-55,952328;"SPRF-MT";"DEL01-MT";"UOP02-DEL01-MT"
748709;1679071;2025-11-02;"domingo";"23:58:00";"ES";101;270,3;"SERRA";"Sim";"Aus�ncia de rea��o do condutor";3;"Queda de ocupante de ve�culo";"Com V�timas Feridas";"Plena Noite";"Decrescente";"C�u Claro";"Dupla";"Reta;Interse��o de Vias";"Sim";1337368;"Motocicleta";"HONDA/CG 125 FAN KS/CG 125 FAN KS";2013;"Condutor";"Les�es Graves";22;"Masculino";0;0;1;0;-20,22987;-40,2726;"SPRF-ES";"DEL02-ES";"UOP01-DEL02-ES"