"id";"pesid";"data_inversa";"dia_semana";"horario";"uf";"br";"km";"municipio";"causa_principal";"causa_acidente";"ordem_tipo_acidente";"tipo_acidente";"classificacao_acidente";"fase_dia";"sentido_via";"condicao_metereologica";"tipo_pista";"tracado_via";"uso_solo";"id_veiculo";"tipo_veiculo";"marca";"ano_fabricacao_veiculo";"tipo_envolvido";"estado_fisico";"idade";"sexo";"ilesos";"feridos_leves";"feridos_graves";"mortos";"latitude";"longitude";"regional";"delegacia";"uop"
748709;1679070;2025-11-02;"domingo";"23:58:00";"ES";101;270,3;"SERRA";"Sim";"Aus�ncia de rea��o do condutor";3;"Queda de ocupante de ve�culo";"Com V�timas Feridas";"Plena Noite";"Decrescente";"C�u Claro";"Dupla";"Reta;Interse��o de Vias";"Sim";1337367;"�nibus";"M.BENZ/MPOLO TORINO U/MPOLO TORINO U";2022;"Condutor";"Ileso";51;"Masculino";1;0;0;0;-20,22987;-40,2726;"SPRF-ES";"DEL02-ES";"UOP01-DEL02-ES"
748709;1679071;2025-11-02;"domingo";"23:58:00";"ES";101;270,3;"SERRA";"Sim";"Aus�ncia de rea��o do condutor";2;"Tombamento";"Com V�timas Feridas";"Plena Noite";"Decrescente";"C�u Claro";"Dupla";"Reta;Interse��o de Vias";"Sim";1337368;"Motocicleta";"HONDA/CG 125 FAN KS/CG 125 FAN KS";2013;"Condutor";"Les�es Graves";22;"Masculino";0;0;1;0;-20,22987;-40,2726;"SPRF-ES";"DEL02-ES";"UOP01-DEL02-ES"
748709;1679070;2025-11-02;"domingo";"23:58:00";"ES";101;270,3;"SERRA";"Sim";"Aus�ncia de rea��o do condutor";2;"Tombamento";"Com V�timas Feridas";"Plena Noite";"Decrescente";"C�u Claro";"Dupla";"Reta;Interse��o de Vias";"Sim";1337367;"�nibus";"M.BENZ/MPOLO TORINO U/MPOLO TORINO U";2022;"Condutor";"Ileso";51;"Masculino";1;0;0;0;-20,22987;-40,2726;"SPRF-ES";"DEL02-ES";"UOP01-DEL02-ES"
748709;1679071;2025-11-02;"domingo";"23:58:00";"ES";101;270,3;"SERRA";"Sim";"Aus�ncia de rea��o do condutor";1;"Colis�o transversal";"Com V�timas Feridas";"Plena Noite";"Decrescente";"C�u Claro";"Dupla";"Reta;Interse��o de Vias";"Sim";1337368;"Motocicleta";"HONDA/CG 125 FAN KS/CG 125 FAN KS";2013;"Condutor";"Les�es Graves";22;"Masculino";0;0;1;0;-20,22987;-40,2726;"SPRF-ES";"DEL02-ES";"UOP01-DEL02-ES"
748709;1679070;2025-11-02;"domingo";"23:58:00";"ES";101;270,3;"SERRA";"Sim";"Aus�ncia de rea��o do condutor";1;"Colis�o transversal";"Com V�timas Feridas";"Plena Noite";"Decrescente";"C�u Claro";"Dupla";"Reta;Interse��o de Vias";"Sim";1337367;"�nibus";"M.BENZ/MPOLO TORINO U/MPOLO TORINO U";2022;"Condutor";"Ileso";51;"Masculino";1;0;0;0;-20,22987;-40,2726;"SPRF-ES";"DEL02-ES";"UOP01-DEL02-ES"
748711;1679080;2025-08-02;"s�bado";"10:35:00";"AM";319;116;"CANUTAMA";"Sim";"Transitar na contram�o";4;"Sa�da de leito carro��vel";"Com V�timas Fatais";"Pleno dia";"Decrescente";"Nublado";"Simples";"Reta";"N�o";1337380;"Motocicleta";"HONDA/CG 125 FAN KS/CG 125 FAN KS";2012;"Condutor";"�bito";52;"Masculino";0;0;0;1;-8,61836213;-63,99707794;"SPRF-AM";"DEL01-AM";"UOP04-DEL01-AM"
748711;1679079;2025-08-02;"s�bado";"10:35:00";"AM";319;116;"CANUTAMA";"Sim";"Transitar na contram�o";4;"Sa�da de leito carro��vel";"Com V�timas Fatais";"Pleno dia";"Decrescente";"Nublado";"Simples";"Reta";"N�o";1337379;"Caminh�o";"VW/17.190 CRM 4X2 ROB/17.190 CRM 4X2 ROB";2022;"Condutor";"Les�es Graves";56;"Masculino";0;0;1;0;-8,61836213;-63,99707794;"SPRF-AM";"DEL01-AM";"UOP04-DEL01-AM"
748711;1679080;2025-08-02;"s�bado";"10:35:00";"AM";319;116;"CANUTAMA";"Sim";"Transitar na contram�o";3;"Queda de ocupante de ve�culo";"Com V�timas Fatais";"Pleno dia";"Decrescente";"Nublado";"Simples";"Reta";"N�o";1337380;"Motocicleta";"HONDA/CG 125 FAN KS/CG 125 FAN KS";2012;"Condutor";"�bito";52;"Masculino";0;0;0;1;-8,61836213;-63,99707794;"SPRF-AM";"DEL01-AM";"UOP04-DEL01-AM"
748711;1679079;2025-08-02;"s�bado";"10:35:00";"AM";319;116;"CANUTAMA";"Sim";"Transitar na contram�o";3;"Queda de ocupante de ve�culo";"Com V�timas Fatais";"Pleno dia";"Decrescente";"Nublado";"Simples";"Reta";"N�o";1337379;"Caminh�o";"VW/17.190 CRM 4X2 ROB/17.190 CRM 4X2 ROB";2022;"Condutor";"Les�es Graves";56;"Masculino";0;0;1;0;-8,61836213;-63,99707794;"SPRF-AM";"DEL01-AM";"UOP04-DEL01-AM"
748711;1679080;2025-08-02;"s�bado";"10:35:00";"AM";319;116;"CANUTAMA";"Sim";"Transitar na contram�o";2;"Tombamento";"Com V�timas Fatais";"Pleno dia";"Decrescente";"Nublado";"Simples";"Reta";"N�o";1337380;"Motocicleta";"HONDA/CG 125 FAN KS/CG 125 FAN KS";2012;"Condutor";"�bito";52;"Masculino";0;0;0;1;-8,61836213;-63,99707794;"SPRF-AM";"DEL01-AM";"UOP04-DEL01-AM"
748711;1679079;2025-08-02;"s�bado";"10:35:00";"AM";319;116;"CANUTAMA";"Sim";"Transitar na contram�o";2;"Tombamento";"Com V�timas Fatais";"Pleno dia";"Decrescente";"Nublado";"Simples";"Reta";"N�o";1337379;"Caminh�o";"VW/17.190 CRM 4X2 ROB/17.190 CRM 4X2 ROB";2022;"Condutor";"Les�es Graves";56;"Masculino";0;0;1;0;-8,61836213;-63,99707794;"SPRF-AM";"DEL01-AM";"UOP04-DEL01-AM"
748711;1679080;2025-08-02;"s�bado";"10:35:00";"AM";319;116;"CANUTAMA";"Sim";"Transitar na contram�o";1;"Colis�o frontal";"Com V�timas Fatais";"Pleno dia";"Decrescente";"Nublado";"Simples";"Reta";"N�o";1337380;"Motocicleta";"HONDA/CG 125 FAN KS/CG 125 FAN KS";2012;"Condutor";"�bito";52;"Masculino";0;0;0;1;-8,61836213;-63,99707794;"SPRF-AM";"DEL01-AM";"UOP04-DEL01-AM"
748711;1679079;2025-08-02;"s�bado";"10:35:00";"AM";319;116;"CANUTAMA";"Sim";"Transitar na contram�o";1;"Colis�o frontal";"Com V�timas Fatais";"Pleno dia";"Decrescente";"Nublado";"Simples";"Reta";"N�o";1337379;"Caminh�o";"VW/17.190 CRM 4X2 ROB/17.190 CRM 4X2 ROB";2022;"Condutor";"Les�es Graves";56;"Masculino";0;0;1;0;-8,61836213;-63,99707794;"SPRF-AM";"DEL01-AM";"UOP04-DEL01-AM"
748711;1679080;2025-08-02;"s�bado";"10:35:00";"AM";319;116;"CANUTAMA";"N�o";"Ultrapassagem Indevida";4;"Sa�da de leito carro��vel";"Com V�timas Fatais";"Pleno dia";"Decrescente";"Nublado";"Simples";"Reta";"N�o";1337380;"Motocicleta";"HONDA/CG 125 FAN KS/CG 125 FAN KS";2012;"Condutor";"�bito";52;"Masculino";0;0;0;1;-8,61836213;-63,99707794;"SPRF-AM";"DEL01-AM";"UOP04-DEL01-AM"
748711;1679079;2025-08-02;"s�bado";"10:35:00";"AM";319;116;"CANUTAMA";"N�o";"Ultrapassagem Indevida";4;"Sa�da de leito carro��vel";"Com V�timas Fatais";"Pleno dia";"Decrescente";"Nublado";"Simples";"Reta";"N�o";1337379;"Caminh�o";"VW/17.190 CRM 4X2 ROB/17.190 CRM 4X2 ROB";2022;"Condutor";"Les�es Graves";56;"Masculino";0;0;1;0;-8,61836213;-63,99707794;"SPRF-AM";"DEL01-AM";"UOP04-DEL01-AM"
748711;1679080;2025-08-02;"s�bado";"10:35:00";"AM";319;116;"CANUTAMA";"N�o";"Ultrapassagem Indevida";3;"Queda de ocupante de ve�culo";"Com V�timas Fatais";"Pleno dia";"Decrescente";"Nublado";"Simples";"Reta";"N�o";1337380;"Motocicleta";"HONDA/CG 125 FAN KS/CG 125 FAN KS";2012;"Condutor";"�bito";52;"Masculino";0;0;0;1;-8,61836213;-63,99707794;"SPRF-AM";"DEL01-AM";"UOP04-DEL01-AM"
748711;1679079;2025-08-02;"s�bado";"10:35:00";"AM";319;116;"CANUTAMA";"N�o";"Ultrapassagem Indevida";3;"Queda de ocupante de ve�culo";"Com V�timas Fatais";"Pleno dia";"Decrescente";"Nublado";"Simples";"Reta";"N�o";1337379;"Caminh�o";"VW/17.190 CRM 4X2 ROB/17.190 CRM 4X2 ROB";2022;"Condutor";"Les�es Graves";56;"Masculino";0;0;1;0;-8,61836213;-63,99707794;"SPRF-AM";"DEL01-AM";"UOP04-DEL01-AM"
748711;1679080;2025-08-02;"s�bado";"10:35:00";"AM";319;116;"CANUTAMA";"N�o";"Ultrapassagem Indevida";2;"Tombamento";"Com V�timas Fatais";"Pleno dia";"Decrescente";"Nublado";"Simples";"Reta";"N�o";1337380;"Motocicleta";"HONDA/CG 125 FAN KS/CG 125 FAN KS";2012;"Condutor";"�bito";52;"Masculino";0;0;0;1;-8,61836213;-63,99707794;"SPRF-AM";"DEL01-AM";"UOP04-DEL01-AM"
748711;1679079;2025-08-02;"s�bado";"10:35:00";"AM";319;116;"CANUTAMA";"N�o";"Ultrapassagem Indevida";2;"Tombamento";"Com V�timas Fatais";"Pleno dia";"Decrescente";"Nublado";"Simples";"Reta";"N�o";1337379;"Caminh�o";"VW/17.190 CRM 4X2 ROB/17.190 CRM 4X2 ROB";2022;"Condutor";"Les�es Graves";56;"Masculino";0;0;1;0;-8,61836213;-63,99707794;"SPRF-AM";"DEL01-AM";"UOP04-DEL01-AM"
748711;1679080;2025-08-02;"s�bado";"10:35:00";"AM";319;116;"CANUTAMA";"N�o";"Ultrapassagem Indevida";1;"Colis�o frontal";"Com V�timas Fatais";"Pleno dia";"Decrescente";"Nublado";"Simples";"Reta";"N�o";1337380;"Motocicleta";"HONDA/CG 125 FAN KS/CG 125 FAN KS";2012;"Condutor";"�bito";52;"Masculino";0;0;0;1;-8,61836213;-63,99707794;"SPRF-AM";"DEL01-AM";"UOP04-DEL01-AM"
748711;1679079;2025-08-02;"s�bado";"10:35:00";"AM";319;116;"CANUTAMA";"N�o";"Ultrapassagem Indevida";1;"Colis�o frontal";"Com V�timas Fatais";"Pleno dia";"Decrescente";"Nublado";"Simples";"Reta";"N�o";1337379;"Caminh�o";"VW/17.190 CRM 4X2 ROB/17.190 CRM 4X2 ROB";2022;"Condutor";"Les�es Graves";56;"Masculino";0;0;1;0;-8,61836213;-63,99707794;"SPRF-AM";"DEL01-AM";"UOP04-DEL01-AM"
748715;1679094;2025-11-10;"segunda-feira";"12:47:00";"PR";469;13;"FOZ DO IGUACU";"N�o";"Rea��o tardia ou ineficiente do condutor";2;"Queda de ocupante de ve�culo";"Com V�timas Feridas";"Pleno dia";"Crescente";"C�u Claro";"Dupla";"Reta";"Sim";1337388;"Motocicleta";"HONDA/CG 160 START/CG 160 START";2025;"Condutor";"Les�es Leves";NA;"Masculino";0;1;0;0;-25,58524676;-54,52361075;"SPRF-PR";"DEL05-PR";"UOP04-DEL05-PR"
748715;1679094;2025-11-10;"segunda-feira";"12:47:00";"PR";469;13;"FOZ DO IGUACU";"N�o";"Rea��o tardia ou ineficiente do condutor";1;"Tombamento";"Com V�timas Feridas";"Pleno dia";"Crescente";"C�u Claro";"Dupla";"Reta";"Sim";1337388;"Motocicleta";"HONDA/CG 160 START/CG 160 START";2025;"Condutor";"Les�es Leves";NA;"Masculino";0;1;0;0;-25,58524676;-54,52361075;"SPRF-PR";"DEL05-PR";"UOP04-DEL05-PR"
748715;1679094;2025-11-10;"segunda-feira";"12:47:00";"PR";469;13;"FOZ DO IGUACU";"Sim";"Acumulo de areia ou detritos sobre o pavimento";2;"Queda de ocupante de ve�culo";"Com V�timas Feridas";"Pleno dia";"Crescente";"C�u Claro";"Dupla";"Reta";"Sim";1337388;"Motocicleta";"HONDA/CG 160 START/CG 160 START";2025;"Condutor";"Les�es Leves";NA;"Masculino";0;1;0;0;-25,58524676;-54,52361075;"SPRF-PR";"DEL05-PR";"UOP04-DEL05-PR"
748715;1679094;2025-11-10;"segunda-feira";"12:47:00";"PR";469;13;"FOZ DO IGUACU";"Sim";"Acumulo de areia ou detritos sobre o pavimento";1;"Tombamento";"Com V�timas Feridas";"Pleno dia";"Crescente";"C�u Claro";"Dupla";"Reta";"Sim";1337388;"Motocicleta";"HONDA/CG 160 START/CG 160 START";2025;"Condutor";"Les�es Leves";NA;"Masculino";0;1;0;0;-25,58524676;-54,52361075;"SPRF-PR";"DEL05-PR";"UOP04-DEL05-PR"
748720;1679102;2025-11-27;"quinta-feira";"09:41:00";"PA";316;64,1;"CASTANHAL";"N�o";"Rea��o tardia ou ineficiente do condutor";4;"Atropelamento de Pedestre";"Com V�timas Fatais";"Pleno dia";"Crescente";"C�u Claro";"Simples";"Interse��o de Vias";"Sim";1337394;"Bicicleta";"N�o Informado/N�o Informado/N�o Informado";0;"Condutor";"�bito";22;"Masculino";0;0;0;1;-1,29639;-47,91884;"SPRF-PA";"DEL01-PA";"UOP01-DEL01-PA"
748720;1679101;2025-11-27;"quinta-feira";"09:41:00";"PA";316;64,1;"CASTANHAL";"N�o";"Rea��o tardia ou ineficiente do condutor";4;"Atropelamento de Pedestre";"Com V�timas Fatais";"Pleno dia";"Crescente";"C�u Claro";"Simples";"Interse��o de Vias";"Sim";1337393;"Caminh�o";"VOLVO/VM 270 6X4R/VM 270 6X4R";0;"Condutor";"Ileso";47;"Masculino";1;0;0;0;-1,29639;-47,91884;"SPRF-PA";"DEL01-PA";"UOP01-DEL01-PA"
748720;1679102;2025-11-27;"quinta-feira";"09:41:00";"PA";316;64,1;"CASTANHAL";"N�o";"Rea��o tardia ou ineficiente do condutor";3;"Queda de ocupante de ve�culo";"Com V�timas Fatais";"Pleno dia";"Crescente";"C�u Claro";"Simples";"Interse��o de Vias";"Sim";1337394;"Bicicleta";"N�o Informado/N�o Informado/N�o Informado";0;"Condutor";"�bito";22;"Masculino";0;0;0;1;-1,29639;-47,91884;"SPRF-PA";"DEL01-PA";"UOP01-DEL01-PA"
748720;1679101;2025-11-27;"quinta-feira";"09:41:00";"PA";316;64,1;"CASTANHAL";"N�o";"Rea��o tardia ou ineficiente do condutor";3;"Queda de ocupante de ve�culo";"Com V�timas Fatais";"Pleno dia";"Crescente";"C�u Claro";"Simples";"Interse��o de Vias";"Sim";1337393;"Caminh�o";"VOLVO/VM 270 6X4R/VM 270 6X4R";0;"Condutor";"Ileso";47;"Masculino";1;0;0;0;-1,29639;-47,91884;"SPRF-PA";"DEL01-PA";"UOP01-DEL01-PA"
748720;1679102;2025-11-27;"quinta-feira";"09:41:00";"PA";316;64,1;"CASTANHAL";"N�o";"Rea��o tardia ou ineficiente do condutor";2;"Tombamento";"Com V�timas Fatais";"Pleno dia";"Crescente";"C�u Claro";"Simples";"Interse��o de Vias";"Sim";1337394;"Bicicleta";"N�o Informado/N�o Informado/N�o Informado";0;"Condutor";"�bito";22;"Masculino";0;0;0;1;-1,29639;-47,91884;"SPRF-PA";"DEL01-PA";"UOP01-DEL01-PA"
748720;1679101;2025-11-27;"quinta-feira";"09:41:00";"PA";316;64,1;"CASTANHAL";"N�o";"Rea��o tardia ou ineficiente do condutor";2;"Tombamento";"Com V�timas Fatais";"Pleno dia";"Crescente";"C�u Claro";"Simples";"Interse��o de Vias";"Sim";1337393;"Caminh�o";"VOLVO/VM 270 6X4R/VM 270 6X4R";0;"Condutor";"Ileso";47;"Masculino";1;0;0;0;-1,29639;-47,91884;"SPRF-PA";"DEL01-PA";"UOP01-DEL01-PA"
748720;1679102;2025-11-27;"quinta-feira";"09:41:00";"PA";316;64,1;"CASTANHAL";"N�o";"Rea��o tardia ou ineficiente do condutor";1;"Colis�o lateral mesmo sentido";"Com V�timas Fatais";"Pleno dia";"Crescente";"C�u Claro";"Simples";"Interse��o de Vias";"Sim";1337394;"Bicicleta";"N�o Informado/N�o Informado/N�o Informado";0;"Condutor";"�bito";22;"Masculino";0;0;0;1;-1,29639;-47,91884;"SPRF-PA";"DEL01-PA";"UOP01-DEL01-PA"
748720;1679101;2025-11-27;"quinta-feira";"09:41:00";"PA";316;64,1;"CASTANHAL";"N�o";"Rea��o tardia ou ineficiente do condutor";1;"Colis�o lateral mesmo sentido";"Com V�timas Fatais";"Pleno dia";"Crescente";"C�u Claro";"Simples";"Interse��o de Vias";"Sim";1337393;"Caminh�o";"VOLVO/VM 270 6X4R/VM 270 6X4R";0;"Condutor";"Ileso";47;"Masculino";1;0;0;0;-1,29639;-47,91884;"SPRF-PA";"DEL01-PA";"UOP01-DEL01-PA"
748720;1679102;2025-11-27;"quinta-feira";"09:41:00";"PA";316;64,1;"CASTANHAL";"Sim";"Acessar a via sem observar a presen�a dos outros ve�culos";4;"Atropelamento de Pedestre";"Com V�timas Fatais";"Pleno dia";"Crescente";"C�u Claro";"Simples";"Interse��o de Vias";"Sim";1337394;"Bicicleta";"N�o Informado/N�o Informado/N�o Informado";0;"Condutor";"�bito";22;"Masculino";0;0;0;1;-1,29639;-47,91884;"SPRF-PA";"DEL01-PA";"UOP01-DEL01-PA"
748720;1679101;2025-11-27;"quinta-feira";"09:41:00";"PA";316;64,1;"CASTANHAL";"Sim";"Acessar a via sem observar a presen�a dos outros ve�culos";4;"Atropelamento de Pedestre";"Com V�timas Fatais";"Pleno dia";"Crescente";"C�u Claro";"Simples";"Interse��o de Vias";"Sim";1337393;"Caminh�o";"VOLVO/VM 270 6X4R/VM 270 6X4R";0;"Condutor";"Ileso";47;"Masculino";1;0;0;0;-1,29639;-47,91884;"SPRF-PA";"DEL01-PA";"UOP01-DEL01-PA"
748720;1679102;2025-11-27;"quinta-feira";"09:41:00";"PA";316;64,1;"CASTANHAL";"Sim";"Acessar a via sem observar a presen�a dos outros ve�culos";3;"Queda de ocupante de ve�culo";"Com V�timas Fatais";"Pleno dia";"Crescente";"C�u Claro";"Simples";"Interse��o de Vias";"Sim";1337394;"Bicicleta";"N�o Informado/N�o Informado/N�o Informado";0;"Condutor";"�bito";22;"Masculino";0;0;0;1;-1,29639;-47,91884;"SPRF-PA";"DEL01-PA";"UOP01-DEL01-PA"
748720;1679101;2025-11-27;"quinta-feira";"09:41:00";"PA";316;64,1;"CASTANHAL";"Sim";"Acessar a via sem observar a presen�a dos outros ve�culos";3;"Queda de ocupante de ve�culo";"Com V�timas Fatais";"Pleno dia";"Crescente";"C�u Claro";"Simples";"Interse��o de Vias";"Sim";1337393;"Caminh�o";"VOLVO/VM 270 6X4R/VM 270 6X4R";0;"Condutor";"Ileso";47;"Masculino";1;0;0;0;-1,29639;-47,91884;"SPRF-PA";"DEL01-PA";"UOP01-DEL01-PA"
748720;1679102;2025-11-27;"quinta-feira";"09:41:00";"PA";316;64,1;"CASTANHAL";"Sim";"Acessar a via sem observar a presen�a dos outros ve�culos";2;"Tombamento";"Com V�timas Fatais";"Pleno dia";"Crescente";"C�u Claro";"Simples";"Interse��o de Vias";"Sim";1337394;"Bicicleta";"N�o Informado/N�o Informado/N�o Informado";0;"Condutor";"�bito";22;"Masculino";0;0;0;1;-1,29639;-47,91884;"SPRF-PA";"DEL01-PA";"UOP01-DEL01-PA"
748720;1679101;2025-11-27;"quinta-feira";"09:41:00";"PA";316;64,1;"CASTANHAL";"Sim";"Acessar a via sem observar a presen�a dos outros ve�culos";2;"Tombamento";"Com V�timas Fatais";"Pleno dia";"Crescente";"C�u Claro";"Simples";"Interse��o de Vias";"Sim";1337393;"Caminh�o";"VOLVO/VM 270 6X4R/VM 270 6X4R";0;"Condutor";"Ileso";47;"Masculino";1;0;0;0;-1,29639;-47,91884;"SPRF-PA";"DEL01-PA";"UOP01-DEL01-PA"
748720;1679102;2025-11-27;"quinta-feira";"09:41:00";"PA";316;64,1;"CASTANHAL";"Sim";"Acessar a via sem observar a presen�a dos outros ve�culos";1;"Colis�o lateral mesmo sentido";"Com V�timas Fatais";"Pleno dia";"Crescente";"C�u Claro";"Simples";"Interse��o de Vias";"Sim";1337394;"Bicicleta";"N�o Informado/N�o Informado/N�o Informado";0;"Condutor";"�bito";22;"Masculino";0;0;0;1;-1,29639;-47,91884;"SPRF-PA";"DEL01-PA";"UOP01-DEL01-PA"
748720;1679101;2025-11-27;"quinta-feira";"09:41:00";"PA";316;64,1;"CASTANHAL";"Sim";"Acessar a via sem observar a presen�a dos outros ve�culos";1;"Colis�o lateral mesmo sentido";"Com V�timas Fatais";"Pleno dia";"Crescente";"C�u Claro";"Simples";"Interse��o de Vias";"Sim";1337393;"Caminh�o";"VOLVO/VM 270 6X4R/VM 270 6X4R";0;"Condutor";"Ileso";47;"Masculino";1;0;0;0;-1,29639;-47,91884;"SPRF-PA";"DEL01-PA";"UOP01-DEL01-PA"
748739;1679340;2025-10-08;"quarta-feira";"19:15:00";"MT";70;249;"PRIMAVERA DO LESTE";"Sim";"Problema na suspens�o";2;"Tombamento";"Com V�timas Feridas";"Plena Noite";"Decrescente";"Chuva";"Simples";"Reta";"N�o";1337433;"�nibus";"MBENZ/MPOLO PARADISO LD/MPOLO PARADISO LD";2017;"Passageiro";"Ileso";54;"Masculino";1;0;0;0;-15,623935;-54,090175;"SPRF-MT";"DEL05-MT";"UOP01-DEL05-MT"
748739;1679331;2025-10-08;"quarta-feira";"19:15:00";"MT";70;249;"PRIMAVERA DO LESTE";"Sim";"Problema na suspens�o";2;"Tombamento";"Com V�timas Feridas";"Plena Noite";"Decrescente";"Chuva";"Simples";"Reta";"N�o";1337433;"�nibus";"MBENZ/MPOLO PARADISO LD/MPOLO PARADISO LD";2017;"Passageiro";"Ileso";55;"Masculino";1;0;0;0;-15,623935;-54,090175;"SPRF-MT";"DEL05-MT";"UOP01-DEL05-MT"
748739;1679330;2025-10-08;"quarta-feira";"19:15:00";"MT";70;249;"PRIMAVERA DO LESTE";"Sim";"Problema na suspens�o";2;"Tombamento";"Com V�timas Feridas";"Plena Noite";"Decrescente";"Chuva";"Simples";"Reta";"N�o";1337433;"�nibus";"MBENZ/MPOLO PARADISO LD/MPOLO PARADISO LD";2017;"Passageiro";"N�o Informado";NA;"N�o Informado";0;0;0;0;-15,623935;-54,090175;"SPRF-MT";"DEL05-MT";"UOP01-DEL05-MT"
748739;1679329;2025-10-08;"quarta-feira";"19:15:00";"MT";70;249;"PRIMAVERA DO LESTE";"Sim";"Problema na suspens�o";2;"Tombamento";"Com V�timas Feridas";"Plena Noite";"Decrescente";"Chuva";"Simples";"Reta";"N�o";1337433;"�nibus";"MBENZ/MPOLO PARADISO LD/MPOLO PARADISO LD";2017;"Passageiro";"Ileso";69;"Masculino";1;0;0;0;-15,623935;-54,090175;"SPRF-MT";"DEL05-MT";"UOP01-DEL05-MT"
748739;1679326;2025-10-08;"quarta-feira";"19:15:00";"MT";70;249;"PRIMAVERA DO LESTE";"Sim";"Problema na suspens�o";2;"Tombamento";"Com V�timas Feridas";"Plena Noite";"Decrescente";"Chuva";"Simples";"Reta";"N�o";1337433;"�nibus";"MBENZ/MPOLO PARADISO LD/MPOLO PARADISO LD";2017;"Passageiro";"Ileso";42;"Masculino";1;0;0;0;-15,623935;-54,090175;"SPRF-MT";"DEL05-MT";"UOP01-DEL05-MT"
748739;1679323;2025-10-08;"quarta-feira";"19:15:00";"MT";70;249;"PRIMAVERA DO LESTE";"Sim";"Problema na suspens�o";2;"Tombamento";"Com V�timas Feridas";"Plena Noite";"Decrescente";"Chuva";"Simples";"Reta";"N�o";1337433;"�nibus";"MBENZ/MPOLO PARADISO LD/MPOLO PARADISO LD";2017;"Passageiro";"Ileso";54;"Feminino";1;0;0;0;-15,623935;-54,090175;"SPRF-MT";"DEL05-MT";"UOP01-DEL05-MT"
748739;1679320;2025-10-08;"quarta-feira";"19:15:00";"MT";70;249;"PRIMAVERA DO LESTE";"Sim";"Problema na suspens�o";2;"Tombamento";"Com V�timas Feridas";"Plena Noite";"Decrescente";"Chuva";"Simples";"Reta";"N�o";1337433;"�nibus";"MBENZ/MPOLO PARADISO LD/MPOLO PARADISO LD";2017;"Passageiro";"Ileso";58;"Feminino";1;0;0;0;-15,623935;-54,090175;"SPRF-MT";"DEL05-MT";"UOP01-DEL05-MT"
748739;1679314;2025-10-08;"quarta-feira";"19:15:00";"MT";70;249;"PRIMAVERA DO LESTE";"Sim";"Problema na suspens�o";2;"Tombamento";"Com V�timas Feridas";"Plena Noite";"Decrescente";"Chuva";"Simples";"Reta";"N�o";1337433;"�nibus";"MBENZ/MPOLO PARADISO LD/MPOLO PARADISO LD";2017;"Passageiro";"Ileso";20;"Feminino";1;0;0;0;-15,623935;-54,090175;"SPRF-MT";"DEL05-MT";"UOP01-DEL05-MT"
748739;1679312;2025-10-08;"quarta-feira";"19:15:00";"MT";70;249;"PRIMAVERA DO LESTE";"Sim";"Problema na suspens�o";2;"Tombamento";"Com V�timas Feridas";"Plena Noite";"Decrescente";"Chuva";"Simples";"Reta";"N�o";1337433;"�nibus";"MBENZ/MPOLO PARADISO LD/MPOLO PARADISO LD";2017;"Passageiro";"Ileso";71;"Masculino";1;0;0;0;-15,623935;-54,090175;"SPRF-MT";"DEL05-MT";"UOP01-DEL05-MT"
748739;1679310;2025-10-08;"quarta-feira";"19:15:00";"MT";70;249;"PRIMAVERA DO LESTE";"Sim";"Problema na suspens�o";2;"Tombamento";"Com V�timas Feridas";"Plena Noite";"Decrescente";"Chuva";"Simples";"Reta";"N�o";1337433;"�nibus";"MBENZ/MPOLO PARADISO LD/MPOLO PARADISO LD";2017;"Passageiro";"Ileso";20;"Masculino";1;0;0;0;-15,623935;-54,090175;"SPRF-MT";"DEL05-MT";"UOP01-DEL05-MT"
748739;1679309;2025-10-08;"quarta-feira";"19:15:00";"MT";70;249;"PRIMAVERA DO LESTE";"Sim";"Problema na suspens�o";2;"Tombamento";"Com V�timas Feridas";"Plena Noite";"Decrescente";"Chuva";"Simples";"Reta";"N�o";1337433;"�nibus";"MBENZ/MPOLO PARADISO LD/MPOLO PARADISO LD";2017;"Passageiro";"Ileso";41;"Masculino";1;0;0;0;-15,623935;-54,090175;"SPRF-MT";"DEL05-MT";"UOP01-DEL05-MT"
748739;1679306;2025-10-08;"quarta-feira";"19:15:00";"MT";70;249;"PRIMAVERA DO LESTE";"Sim";"Problema na suspens�o";2;"Tombamento";"Com V�timas Feridas";"Plena Noite";"Decrescente";"Chuva";"Simples";"Reta";"N�o";1337433;"�nibus";"MBENZ/MPOLO PARADISO LD/MPOLO PARADISO LD";2017;"Passageiro";"Ileso";54;"Feminino";1;0;0;0;-15,623935;-54,090175;"SPRF-MT";"DEL05-MT";"UOP01-DEL05-MT"
748739;1679305;2025-10-08;"quarta-feira";"19:15:00";"MT";70;249;"PRIMAVERA DO LESTE";"Sim";"Problema na suspens�o";2;"Tombamento";"Com V�timas Feridas";"Plena Noite";"Decrescente";"Chuva";"Simples";"Reta";"N�o";1337433;"�nibus";"MBENZ/MPOLO PARADISO LD/MPOLO PARADISO LD";2017;"Passageiro";"Ileso";49;"Masculino";1;0;0;0;-15,623935;-54,090175;"SPRF-MT";"DEL05-MT";"UOP01-DEL05-MT"