"id";"pesid";"data_inversa";"dia_semana";"horario";"uf";"br";"km";"municipio";"causa_principal";"causa_acidente";"ordem_tipo_acidente";"tipo_acidente";"classificacao_acidente";"fase_dia";"sentido_via";"condicao_metereologica";"tipo_pista";"tracado_via";"uso_solo";"id_veiculo";"tipo_veiculo";"marca";"ano_fabricacao_veiculo";"tipo_envolvido";"estado_fisico";"idade";"sexo";"ilesos";"feridos_leves";"feridos_graves";"mortos";"latitude";"longitude";"regional";"delegacia";"uop"
748739;1679303;2025-10-08;"quarta-feira";"19:15:00";"MT";70;249;"PRIMAVERA DO LESTE";"Sim";"Problema na suspens�o";2;"Tombamento";"Com V�timas Feridas";"Plena Noite";"Decrescente";"Chuva";"Simples";"Reta";"N�o";1337433;"�nibus";"MBENZ/MPOLO PARADISO LD/MPOLO PARADISO LD";2017;"Passageiro";"Ileso";39;"Masculino";1;0;0;0;-15,623935;-54,090175;"SPRF-MT";"DEL05-MT";"UOP01-DEL05-MT"
748739;1679301;2025-10-08;"quarta-feira";"19:15:00";"MT";70;249;"PRIMAVERA DO LESTE";"Sim";"Problema na suspens�o";2;"Tombamento";"Com V�timas Feridas";"Plena Noite";"Decrescente";"Chuva";"Simples";"Reta";"N�o";1337433;"�nibus";"MBENZ/MPOLO PARADISO LD/MPOLO PARADISO LD";2017;"Passageiro";"N�o Informado";NA;"N�o Informado";0;0;0;0;-15,623935;-54,090175;"SPRF-MT";"DEL05-MT";"UOP01-DEL05-MT"
748739;1679299;2025-10-08;"quarta-feira";"19:15:00";"MT";70;249;"PRIMAVERA DO LESTE";"Sim";"Problema na suspens�o";2;"Tombamento";"Com V�timas Feridas";"Plena Noite";"Decrescente";"Chuva";"Simples";"Reta";"N�o";1337433;"�nibus";"MBENZ/MPOLO PARADISO LD/MPOLO PARADISO LD";2017;"Passageiro";"Ileso";29;"Masculino";1;0;0;0;-15,623935;-54,090175;"SPRF-MT";"DEL05-MT";"UOP01-DEL05-MT"
748739;1679298;2025-10-08;"quarta-feira";"19:15:00";"MT";70;249;"PRIMAVERA DO LESTE";"Sim";"Problema na suspens�o";2;"Tombamento";"Com V�timas Feridas";"Plena Noite";"Decrescente";"Chuva";"Simples";"Reta";"N�o";1337433;"�nibus";"MBENZ/MPOLO PARADISO LD/MPOLO PARADISO LD";2017;"Passageiro";"Ileso";33;"Masculino";1;0;0;0;-15,623935;-54,090175;"SPRF-MT";"DEL05-MT";"UOP01-DEL05-MT"
748739;1679296;2025-10-08;"quarta-feira";"19:15:00";"MT";70;249;"PRIMAVERA DO LESTE";"Sim";"Problema na suspens�o";2;"Tombamento";"Com V�timas Feridas";"Plena Noite";"Decrescente";"Chuva";"Simples";"Reta";"N�o";1337433;"�nibus";"MBENZ/MPOLO PARADISO LD/MPOLO PARADISO LD";2017;"Passageiro";"Ileso";40;"Feminino";1;0;0;0;-15,623935;-54,090175;"SPRF-MT";"DEL05-MT";"UOP01-DEL05-MT"
748739;1679294;2025-10-08;"quarta-feira";"19:15:00";"MT";70;249;"PRIMAVERA DO LESTE";"Sim";"Problema na suspens�o";2;"Tombamento";"Com V�timas Feridas";"Plena Noite";"Decrescente";"Chuva";"Simples";"Reta";"N�o";1337433;"�nibus";"MBENZ/MPOLO PARADISO LD/MPOLO PARADISO LD";2017;"Passageiro";"Ileso";33;"Masculino";1;0;0;0;-15,623935;-54,090175;"SPRF-MT";"DEL05-MT";"UOP01-DEL05-MT"
748739;1679292;2025-10-08;"quarta-feira";"19:15:00";"MT";70;249;"PRIMAVERA DO LESTE";"Sim";"Problema na suspens�o";2;"Tombamento";"Com V�timas Feridas";"Plena Noite";"Decrescente";"Chuva";"Simples";"Reta";"N�o";1337433;"�nibus";"MBENZ/MPOLO PARADISO LD/MPOLO PARADISO LD";2017;"Passageiro";"Ileso";22;"Masculino";1;0;0;0;-15,623935;-54,090175;"SPRF-MT";"DEL05-MT";"UOP01-DEL05-MT"
748739;1679291;2025-10-08;"quarta-feira";"19:15:00";"MT";70;249;"PRIMAVERA DO LESTE";"Sim";"Problema na suspens�o";2;"Tombamento";"Com V�timas Feridas";"Plena Noite";"Decrescente";"Chuva";"Simples";"Reta";"N�o";1337433;"�nibus";"MBENZ/MPOLO PARADISO LD/MPOLO PARADISO LD";2017;"Passageiro";"N�o Informado";NA;"N�o Informado";0;0;0;0;-15,623935;-54,090175;"SPRF-MT";"DEL05-MT";"UOP01-DEL05-MT"
748739;1679290;2025-10-08;"quarta-feira";"19:15:00";"MT";70;249;"PRIMAVERA DO LESTE";"Sim";"Problema na suspens�o";2;"Tombamento";"Com V�timas Feridas";"Plena Noite";"Decrescente";"Chuva";"Simples";"Reta";"N�o";1337433;"�nibus";"MBENZ/MPOLO PARADISO LD/MPOLO PARADISO LD";2017;"Passageiro";"N�o Informado";NA;"N�o Informado";0;0;0;0;-15,623935;-54,090175;"SPRF-MT";"DEL05-MT";"UOP01-DEL05-MT"
748739;1679289;2025-10-08;"quarta-feira";"19:15:00";"MT";70;249;"PRIMAVERA DO LESTE";"Sim";"Problema na suspens�o";2;"Tombamento";"Com V�timas Feridas";"Plena Noite";"Decrescente";"Chuva";"Simples";"Reta";"N�o";1337433;"�nibus";"MBENZ/MPOLO PARADISO LD/MPOLO PARADISO LD";2017;"Passageiro";"Ileso";63;"Feminino";1;0;0;0;-15,623935;-54,090175;"SPRF-MT";"DEL05-MT";"UOP01-DEL05-MT"
748739;1679288;2025-10-08;"quarta-feira";"19:15:00";"MT";70;249;"PRIMAVERA DO LESTE";"Sim";"Problema na suspens�o";2;"Tombamento";"Com V�timas Feridas";"Plena Noite";"Decrescente";"Chuva";"Simples";"Reta";"N�o";1337433;"�nibus";"MBENZ/MPOLO PARADISO LD/MPOLO PARADISO LD";2017;"Passageiro";"Ileso";39;"Feminino";1;0;0;0;-15,623935;-54,090175;"SPRF-MT";"DEL05-MT";"UOP01-DEL05-MT"
748739;1679287;2025-10-08;"quarta-feira";"19:15:00";"MT";70;249;"PRIMAVERA DO LESTE";"Sim";"Problema na suspens�o";2;"Tombamento";"Com V�timas Feridas";"Plena Noite";"Decrescente";"Chuva";"Simples";"Reta";"N�o";1337433;"�nibus";"MBENZ/MPOLO PARADISO LD/MPOLO PARADISO LD";2017;"Passageiro";"Ileso";44;"Masculino";1;0;0;0;-15,623935;-54,090175;"SPRF-MT";"DEL05-MT";"UOP01-DEL05-MT"
748739;1679285;2025-10-08;"quarta-feira";"19:15:00";"MT";70;249;"PRIMAVERA DO LESTE";"Sim";"Problema na suspens�o";2;"Tombamento";"Com V�timas Feridas";"Plena Noite";"Decrescente";"Chuva";"Simples";"Reta";"N�o";1337433;"�nibus";"MBENZ/MPOLO PARADISO LD/MPOLO PARADISO LD";2017;"Passageiro";"Ileso";27;"Masculino";1;0;0;0;-15,623935;-54,090175;"SPRF-MT";"DEL05-MT";"UOP01-DEL05-MT"
748739;1679284;2025-10-08;"quarta-feira";"19:15:00";"MT";70;249;"PRIMAVERA DO LESTE";"Sim";"Problema na suspens�o";2;"Tombamento";"Com V�timas Feridas";"Plena Noite";"Decrescente";"Chuva";"Simples";"Reta";"N�o";1337433;"�nibus";"MBENZ/MPOLO PARADISO LD/MPOLO PARADISO LD";2017;"Passageiro";"Ileso";20;"Feminino";1;0;0;0;-15,623935;-54,090175;"SPRF-MT";"DEL05-MT";"UOP01-DEL05-MT"
748739;1679221;2025-10-08;"quarta-feira";"19:15:00";"MT";70;249;"PRIMAVERA DO LESTE";"Sim";"Problema na suspens�o";2;"Tombamento";"Com V�timas Feridas";"Plena Noite";"Decrescente";"Chuva";"Simples";"Reta";"N�o";1337433;"�nibus";"MBENZ/MPOLO PARADISO LD/MPOLO PARADISO LD";2017;"Passageiro";"N�o Informado";NA;"N�o Informado";0;0;0;0;-15,623935;-54,090175;"SPRF-MT";"DEL05-MT";"UOP01-DEL05-MT"
748739;1679205;2025-10-08;"quarta-feira";"19:15:00";"MT";70;249;"PRIMAVERA DO LESTE";"Sim";"Problema na suspens�o";2;"Tombamento";"Com V�timas Feridas";"Plena Noite";"Decrescente";"Chuva";"Simples";"Reta";"N�o";1337433;"�nibus";"MBENZ/MPOLO PARADISO LD/MPOLO PARADISO LD";2017;"Passageiro";"Ileso";13;"Feminino";1;0;0;0;-15,623935;-54,090175;"SPRF-MT";"DEL05-MT";"UOP01-DEL05-MT"
748739;1679204;2025-10-08;"quarta-feira";"19:15:00";"MT";70;249;"PRIMAVERA DO LESTE";"Sim";"Problema na suspens�o";2;"Tombamento";"Com V�timas Feridas";"Plena Noite";"Decrescente";"Chuva";"Simples";"Reta";"N�o";1337433;"�nibus";"MBENZ/MPOLO PARADISO LD/MPOLO PARADISO LD";2017;"Passageiro";"Ileso";40;"Feminino";1;0;0;0;-15,623935;-54,090175;"SPRF-MT";"DEL05-MT";"UOP01-DEL05-MT"
748739;1679203;2025-10-08;"quarta-feira";"19:15:00";"MT";70;249;"PRIMAVERA DO LESTE";"Sim";"Problema na suspens�o";2;"Tombamento";"Com V�timas Feridas";"Plena Noite";"Decrescente";"Chuva";"Simples";"Reta";"N�o";1337433;"�nibus";"MBENZ/MPOLO PARADISO LD/MPOLO PARADISO LD";2017;"Passageiro";"Ileso";6;"Feminino";1;0;0;0;-15,623935;-54,090175;"SPRF-MT";"DEL05-MT";"UOP01-DEL05-MT"
748739;1679200;2025-10-08;"quarta-feira";"19:15:00";"MT";70;249;"PRIMAVERA DO LESTE";"Sim";"Problema na suspens�o";2;"Tombamento";"Com V�timas Feridas";"Plena Noite";"Decrescente";"Chuva";"Simples";"Reta";"N�o";1337433;"�nibus";"MBENZ/MPOLO PARADISO LD/MPOLO PARADISO LD";2017;"Passageiro";"N�o Informado";NA;"N�o Informado";0;0;0;0;-15,623935;-54,090175;"SPRF-MT";"DEL05-MT";"UOP01-DEL05-MT"
748739;1679195;2025-10-08;"quarta-feira";"19:15:00";"MT";70;249;"PRIMAVERA DO LESTE";"Sim";"Problema na suspens�o";2;"Tombamento";"Com V�timas Feridas";"Plena Noite";"Decrescente";"Chuva";"Simples";"Reta";"N�o";1337433;"�nibus";"MBENZ/MPOLO PARADISO LD/MPOLO PARADISO LD";2017;"Passageiro";"Ileso";30;"Masculino";1;0;0;0;-15,623935;-54,090175;"SPRF-MT";"DEL05-MT";"UOP01-DEL05-MT"
748739;1679192;2025-10-08;"quarta-feira";"19:15:00";"MT";70;249;"PRIMAVERA DO LESTE";"Sim";"Problema na suspens�o";2;"Tombamento";"Com V�timas Feridas";"Plena Noite";"Decrescente";"Chuva";"Simples";"Reta";"N�o";1337433;"�nibus";"MBENZ/MPOLO PARADISO LD/MPOLO PARADISO LD";2017;"Passageiro";"Ileso";34;"Masculino";1;0;0;0;-15,623935;-54,090175;"SPRF-MT";"DEL05-MT";"UOP01-DEL05-MT"
748739;1679174;2025-10-08;"quarta-feira";"19:15:00";"MT";70;249;"PRIMAVERA DO LESTE";"Sim";"Problema na suspens�o";2;"Tombamento";"Com V�timas Feridas";"Plena Noite";"Decrescente";"Chuva";"Simples";"Reta";"N�o";1337433;"�nibus";"MBENZ/MPOLO PARADISO LD/MPOLO PARADISO LD";2017;"Passageiro";"Ileso";55;"Masculino";1;0;0;0;-15,623935;-54,090175;"SPRF-MT";"DEL05-MT";"UOP01-DEL05-MT"
748739;1679149;2025-10-08;"quarta-feira";"19:15:00";"MT";70;249;"PRIMAVERA DO LESTE";"Sim";"Problema na suspens�o";2;"Tombamento";"Com V�timas Feridas";"Plena Noite";"Decrescente";"Chuva";"Simples";"Reta";"N�o";1337433;"�nibus";"MBENZ/MPOLO PARADISO LD/MPOLO PARADISO LD";2017;"Condutor";"Les�es Leves";53;"Masculino";0;1;0;0;-15,623935;-54,090175;"SPRF-MT";"DEL05-MT";"UOP01-DEL05-MT"
748739;1679340;2025-10-08;"quarta-feira";"19:15:00";"MT";70;249;"PRIMAVERA DO LESTE";"Sim";"Problema na suspens�o";1;"Sa�da de leito carro��vel";"Com V�timas Feridas";"Plena Noite";"Decrescente";"Chuva";"Simples";"Reta";"N�o";1337433;"�nibus";"MBENZ/MPOLO PARADISO LD/MPOLO PARADISO LD";2017;"Passageiro";"Ileso";54;"Masculino";1;0;0;0;-15,623935;-54,090175;"SPRF-MT";"DEL05-MT";"UOP01-DEL05-MT"
748739;1679331;2025-10-08;"quarta-feira";"19:15:00";"MT";70;249;"PRIMAVERA DO LESTE";"Sim";"Problema na suspens�o";1;"Sa�da de leito carro��vel";"Com V�timas Feridas";"Plena Noite";"Decrescente";"Chuva";"Simples";"Reta";"N�o";1337433;"�nibus";"MBENZ/MPOLO PARADISO LD/MPOLO PARADISO LD";2017;"Passageiro";"Ileso";55;"Masculino";1;0;0;0;-15,623935;-54,090175;"SPRF-MT";"DEL05-MT";"UOP01-DEL05-MT"
748739;1679330;2025-10-08;"quarta-feira";"19:15:00";"MT";70;249;"PRIMAVERA DO LESTE";"Sim";"Problema na suspens�o";1;"Sa�da de leito carro��vel";"Com V�timas Feridas";"Plena Noite";"Decrescente";"Chuva";"Simples";"Reta";"N�o";1337433;"�nibus";"MBENZ/MPOLO PARADISO LD/MPOLO PARADISO LD";2017;"Passageiro";"N�o Informado";NA;"N�o Informado";0;0;0;0;-15,623935;-54,090175;"SPRF-MT";"DEL05-MT";"UOP01-DEL05-MT"
748739;1679329;2025-10-08;"quarta-feira";"19:15:00";"MT";70;249;"PRIMAVERA DO LESTE";"Sim";"Problema na suspens�o";1;"Sa�da de leito carro��vel";"Com V�timas Feridas";"Plena Noite";"Decrescente";"Chuva";"Simples";"Reta";"N�o";1337433;"�nibus";"MBENZ/MPOLO PARADISO LD/MPOLO PARADISO LD";2017;"Passageiro";"Ileso";69;"Masculino";1;0;0;0;-15,623935;-54,090175;"SPRF-MT";"DEL05-MT";"UOP01-DEL05-MT"
748739;1679326;2025-10-08;"quarta-feira";"19:15:00";"MT";70;249;"PRIMAVERA DO LESTE";"Sim";"Problema na suspens�o";1;"Sa�da de leito carro��vel";"Com V�timas Feridas";"Plena Noite";"Decrescente";"Chuva";"Simples";"Reta";"N�o";1337433;"�nibus";"MBENZ/MPOLO PARADISO LD/MPOLO PARADISO LD";2017;"Passageiro";"Ileso";42;"Masculino";1;0;0;0;-15,623935;-54,090175;"SPRF-MT";"DEL05-MT";"UOP01-DEL05-MT"
748739;1679323;2025-10-08;"quarta-feira";"19:15:00";"MT";70;249;"PRIMAVERA DO LESTE";"Sim";"Problema na suspens�o";1;"Sa�da de leito carro��vel";"Com V�timas Feridas";"Plena Noite";"Decrescente";"Chuva";"Simples";"Reta";"N�o";1337433;"�nibus";"MBENZ/MPOLO PARADISO LD/MPOLO PARADISO LD";2017;"Passageiro";"Ileso";54;"Feminino";1;0;0;0;-15,623935;-54,090175;"SPRF-MT";"DEL05-MT";"UOP01-DEL05-MT"
748739;1679320;2025-10-08;"quarta-feira";"19:15:00";"MT";70;249;"PRIMAVERA DO LESTE";"Sim";"Problema na suspens�o";1;"Sa�da de leito carro��vel";"Com V�timas Feridas";"Plena Noite";"Decrescente";"Chuva";"Simples";"Reta";"N�o";1337433;"�nibus";"MBENZ/MPOLO PARADISO LD/MPOLO PARADISO LD";2017;"Passageiro";"Ileso";58;"Feminino";1;0;0;0;-15,623935;-54,090175;"SPRF-MT";"DEL05-MT";"UOP01-DEL05-MT"
748739;1679314;2025-10-08;"quarta-feira";"19:15:00";"MT";70;249;"PRIMAVERA DO LESTE";"Sim";"Problema na suspens�o";1;"Sa�da de leito carro��vel";"Com V�timas Feridas";"Plena Noite";"Decrescente";"Chuva";"Simples";"Reta";"N�o";1337433;"�nibus";"MBENZ/MPOLO PARADISO LD/MPOLO PARADISO LD";2017;"Passageiro";"Ileso";20;"Feminino";1;0;0;0;-15,623935;-54,090175;"SPRF-MT";"DEL05-MT";"UOP01-DEL05-MT"
748739;1679312;2025-10-08;"quarta-feira";"19:15:00";"MT";70;249;"PRIMAVERA DO LESTE";"Sim";"Problema na suspens�o";1;"Sa�da de leito carro��vel";"Com V�timas Feridas";"Plena Noite";"Decrescente";"Chuva";"Simples";"Reta";"N�o";1337433;"�nibus";"MBENZ/MPOLO PARADISO LD/MPOLO PARADISO LD";2017;"Passageiro";"Ileso";71;"Masculino";1;0;0;0;-15,623935;-54,090175;"SPRF-MT";"DEL05-MT";"UOP01-DEL05-MT"
748739;1679310;2025-10-08;"quarta-feira";"19:15:00";"MT";70;249;"PRIMAVERA DO LESTE";"Sim";"Problema na suspens�o";1;"Sa�da de leito carro��vel";"Com V�timas Feridas";"Plena Noite";"Decrescente";"Chuva";"Simples";"Reta";"N�o";1337433;"�nibus";"MBENZ/MPOLO PARADISO LD/MPOLO PARADISO LD";2017;"Passageiro";"Ileso";20;"Masculino";1;0;0;0;-15,623935;-54,090175;"SPRF-MT";"DEL05-MT";"UOP01-DEL05-MT"
748739;1679309;2025-10-08;"quarta-feira";"19:15:00";"MT";70;249;"PRIMAVERA DO LESTE";"Sim";"Problema na suspens�o";1;"Sa�da de leito carro��vel";"Com V�timas Feridas";"Plena Noite";"Decrescente";"Chuva";"Simples";"Reta";"N�o";1337433;"�nibus";"MBENZ/MPOLO PARADISO LD/MPOLO PARADISO LD";2017;"Passageiro";"Ileso";41;"Masculino";1;0;0;0;-15,623935;-54,090175;"SPRF-MT";"DEL05-MT";"UOP01-DEL05-MT"
748739;1679306;2025-10-08;"quarta-feira";"19:15:00";"MT";70;249;"PRIMAVERA DO LESTE";"Sim";"Problema na suspens�o";1;"Sa�da de leito carro��vel";"Com V�timas Feridas";"Plena Noite";"Decrescente";"Chuva";"Simples";"Reta";"N�o";1337433;"�nibus";"MBENZ/MPOLO PARADISO LD/MPOLO PARADISO LD";2017;"Passageiro";"Ileso";54;"Feminino";1;0;0;0;-15,623935;-54,090175;"SPRF-MT";"DEL05-MT";"UOP01-DEL05-MT"
748739;1679305;2025-10-08;"quarta-feira";"19:15:00";"MT";70;249;"PRIMAVERA DO LESTE";"Sim";"Problema na suspens�o";1;"Sa�da de leito carro��vel";"Com V�timas Feridas";"Plena Noite";"Decrescente";"Chuva";"Simples";"Reta";"N�o";1337433;"�nibus";"MBENZ/MPOLO PARADISO LD/MPOLO PARADISO LD";2017;"Passageiro";"Ileso";49;"Masculino";1;0;0;0;-15,623935;-54,090175;"SPRF-MT";"DEL05-MT";"UOP01-DEL05-MT"
748739;1679303;2025-10-08;"quarta-feira";"19:15:00";"MT";70;249;"PRIMAVERA DO LESTE";"Sim";"Problema na suspens�o";1;"Sa�da de leito carro��vel";"Com V�timas Feridas";"Plena Noite";"Decrescente";"Chuva";"Simples";"Reta";"N�o";1337433;"�nibus";"MBENZ/MPOLO PARADISO LD/MPOLO PARADISO LD";2017;"Passageiro";"Ileso";39;"Masculino";1;0;0;0;-15,623935;-54,090175;"SPRF-MT";"DEL05-MT";"UOP01-DEL05-MT"
748739;1679301;2025-10-08;"quarta-feira";"19:15:00";"MT";70;249;"PRIMAVERA DO LESTE";"Sim";"Problema na suspens�o";1;"Sa�da de leito carro��vel";"Com V�timas Feridas";"Plena Noite";"Decrescente";"Chuva";"Simples";"Reta";"N�o";1337433;"�nibus";"MBENZ/MPOLO PARADISO LD/MPOLO PARADISO LD";2017;"Passageiro";"N�o Informado";NA;"N�o Informado";0;0;0;0;-15,623935;-54,090175;"SPRF-MT";"DEL05-MT";"UOP01-DEL05-MT"
748739;1679299;2025-10-08;"quarta-feira";"19:15:00";"MT";70;249;"PRIMAVERA DO LESTE";"Sim";"Problema na suspens�o";1;"Sa�da de leito carro��vel";"Com V�timas Feridas";"Plena Noite";"Decrescente";"Chuva";"Simples";"Reta";"N�o";1337433;"�nibus";"MBENZ/MPOLO PARADISO LD/MPOLO PARADISO LD";2017;"Passageiro";"Ileso";29;"Masculino";1;0;0;0;-15,623935;-54,090175;"SPRF-MT";"DEL05-MT";"UOP01-DEL05-MT"
748739;1679298;2025-10-08;"quarta-feira";"19:15:00";"MT";70;249;"PRIMAVERA DO LESTE";"Sim";"Problema na suspens�o";1;"Sa�da de leito carro��vel";"Com V�timas Feridas";"Plena Noite";"Decrescente";"Chuva";"Simples";"Reta";"N�o";1337433;"�nibus";"MBENZ/MPOLO PARADISO LD/MPOLO PARADISO LD";2017;"Passageiro";"Ileso";33;"Masculino";1;0;0;0;-15,623935;-54,090175;"SPRF-MT";"DEL05-MT";"UOP01-DEL05-MT"
748739;1679296;2025-10-08;"quarta-feira";"19:15:00";"MT";70;249;"PRIMAVERA DO LESTE";"Sim";"Problema na suspens�o";1;"Sa�da de leito carro��vel";"Com V�timas Feridas";"Plena Noite";"Decrescente";"Chuva";"Simples";"Reta";"N�o";1337433;"�nibus";"MBENZ/MPOLO PARADISO LD/MPOLO PARADISO LD";2017;"Passageiro";"Ileso";40;"Feminino";1;0;0;0;-15,623935;-54,090175;"SPRF-MT";"DEL05-MT";"UOP01-DEL05-MT"
748739;1679294;2025-10-08;"quarta-feira";"19:15:00";"MT";70;249;"PRIMAVERA DO LESTE";"Sim";"Problema na suspens�o";1;"Sa�da de leito carro��vel";"Com V�timas Feridas";"Plena Noite";"Decrescente";"Chuva";"Simples";"Reta";"N�o";1337433;"�nibus";"MBENZ/MPOLO PARADISO LD/MPOLO PARADISO LD";2017;"Passageiro";"Ileso";33;"Masculino";1;0;0;0;-15,623935;-54,090175;"SPRF-MT";"DEL05-MT";"UOP01-DEL05-MT"
748739;1679292;2025-10-08;"quarta-feira";"19:15:00";"MT";70;249;"PRIMAVERA DO LESTE";"Sim";"Problema na suspens�o";1;"Sa�da de leito carro��vel";"Com V�timas Feridas";"Plena Noite";"Decrescente";"Chuva";"Simples";"Reta";"N�o";1337433;"�nibus";"MBENZ/MPOLO PARADISO LD/MPOLO PARADISO LD";2017;"Passageiro";"Ileso";22;"Masculino";1;0;0;0;-15,623935;-54,090175;"SPRF-MT";"DEL05-MT";"UOP01-DEL05-MT"
748739;1679291;2025-10-08;"quarta-feira";"19:15:00";"MT";70;249;"PRIMAVERA DO LESTE";"Sim";"Problema na suspens�o";1;"Sa�da de leito carro��vel";"Com V�timas Feridas";"Plena Noite";"Decrescente";"Chuva";"Simples";"Reta";"N�o";1337433;"�nibus";"MBENZ/MPOLO PARADISO LD/MPOLO PARADISO LD";2017;"Passageiro";"N�o Informado";NA;"N�o Informado";0;0;0;0;-15,623935;-54,090175;"SPRF-MT";"DEL05-MT";"UOP01-DEL05-MT"
748739;1679290;2025-10-08;"quarta-feira";"19:15:00";"MT";70;249;"PRIMAVERA DO LESTE";"Sim";"Problema na suspens�o";1;"Sa�da de leito carro��vel";"Com V�timas Feridas";"Plena Noite";"Decrescente";"Chuva";"Simples";"Reta";"N�o";1337433;"�nibus";"MBENZ/MPOLO PARADISO LD/MPOLO PARADISO LD";2017;"Passageiro";"N�o Informado";NA;"N�o Informado";0;0;0;0;-15,623935;-54,090175;"SPRF-MT";"DEL05-MT";"UOP01-DEL05-MT"
748739;1679289;2025-10-08;"quarta-feira";"19:15:00";"MT";70;249;"PRIMAVERA DO LESTE";"Sim";"Problema na suspens�o";1;"Sa�da de leito carro��vel";"Com V�timas Feridas";"Plena Noite";"Decrescente";"Chuva";"Simples";"Reta";"N�o";1337433;"�nibus";"MBENZ/MPOLO PARADISO LD/MPOLO PARADISO LD";2017;"Passageiro";"Ileso";63;"Feminino";1;0;0;0;-15,623935;-54,090175;"SPRF-MT";"DEL05-MT";"UOP01-DEL05-MT"
748739;1679288;2025-10-08;"quarta-feira";"19:15:00";"MT";70;249;"PRIMAVERA DO LESTE";"Sim";"Problema na suspens�o";1;"Sa�da de leito carro��vel";"Com V�timas Feridas";"Plena Noite";"Decrescente";"Chuva";"Simples";"Reta";"N�o";1337433;"�nibus";"MBENZ/MPOLO PARADISO LD/MPOLO PARADISO LD";2017;"Passageiro";"Ileso";39;"Feminino";1;0;0;0;-15,623935;-54,090175;"SPRF-MT";"DEL05-MT";"UOP01-DEL05-MT"
748739;1679287;2025-10-08;"quarta-feira";"19:15:00";"MT";70;249;"PRIMAVERA DO LESTE";"Sim";"Problema na suspens�o";1;"Sa�da de leito carro��vel";"Com V�timas Feridas";"Plena Noite";"Decrescente";"Chuva";"Simples";"Reta";"N�o";1337433;"�nibus";"MBENZ/MPOLO PARADISO LD/MPOLO PARADISO LD";2017;"Passageiro";"Ileso";44;"Masculino";1;0;0;0;-15,623935;-54,090175;"SPRF-MT";"DEL05-MT";"UOP01-DEL05-MT"
748739;1679285;2025-10-08;"quarta-feira";"19:15:00";"MT";70;249;"PRIMAVERA DO LESTE";"Sim";"Problema na suspens�o";1;"Sa�da de leito carro��vel";"Com V�timas Feridas";"Plena Noite";"Decrescente";"Chuva";"Simples";"Reta";"N�o";1337433;"�nibus";"MBENZ/MPOLO PARADISO LD/MPOLO PARADISO LD";2017;"Passageiro";"Ileso";27;"Masculino";1;0;0;0;-15,623935;-54,090175;"SPRF-MT";"DEL05-MT";"UOP01-DEL05-MT"
748739;1679284;2025-10-08;"quarta-feira";"19:15:00";"MT";70;249;"PRIMAVERA DO LESTE";"Sim";"Problema na suspens�o";1;"Sa�da de leito carro��vel";"Com V�timas Feridas";"Plena Noite";"Decrescente";"Chuva";"Simples";"Reta";"N�o";1337433;"�nibus";"MBENZ/MPOLO PARADISO LD/MPOLO PARADISO LD";2017;"Passageiro";"Ileso";20;"Feminino";1;0;0;0;-15,623935;-54,090175;"SPRF-MT";"DEL05-MT";"UOP01-DEL05-MT"
748739;1679221;2025-10-08;"quarta-feira";"19:15:00";"MT";70;249;"PRIMAVERA DO LESTE";"Sim";"Problema na suspens�o";1;"Sa�da de leito carro��vel";"Com V�timas Feridas";"Plena Noite";"Decrescente";"Chuva";"Simples";"Reta";"N�o";1337433;"�nibus";"MBENZ/MPOLO PARADISO LD/MPOLO PARADISO LD";2017;"Passageiro";"N�o Informado";NA;"N�o Informado";0;0;0;0;-15,623935;-54,090175;"SPRF-MT";"DEL05-MT";"UOP01-DEL05-MT"
748739;1679205;2025-10-08;"quarta-feira";"19:15:00";"MT";70;249;"PRIMAVERA DO LESTE";"Sim";"Problema na suspens�o";1;"Sa�da de leito carro��vel";"Com V�timas Feridas";"Plena Noite";"Decrescente";"Chuva";"Simples";"Reta";"N�o";1337433;"�nibus";"MBENZ/MPOLO PARADISO LD/MPOLO PARADISO LD";2017;"Passageiro";"Ileso";13;"Feminino";1;0;0;0;-15,623935;-54,090175;"SPRF-MT";"DEL05-MT";"UOP01-DEL05-MT"
748739;1679204;2025-10-08;"quarta-feira";"19:15:00";"MT";70;249;"PRIMAVERA DO LESTE";"Sim";"Problema na suspens�o";1;"Sa�da de leito carro��vel";"Com V�timas Feridas";"Plena Noite";"Decrescente";"Chuva";"Simples";"Reta";"N�o";1337433;"�nibus";"MBENZ/MPOLO PARADISO LD/MPOLO PARADISO LD";2017;"Passageiro";"Ileso";40;"Feminino";1;0;0;0;-15,623935;-54,090175;"SPRF-MT";"DEL05-MT";"UOP01-DEL05-MT"
748739;1679203;2025-10-08;"quarta-feira";"19:15:00";"MT";70;249;"PRIMAVERA DO LESTE";"Sim";"Problema na suspens�o";1;"Sa�da de leito carro��vel";"Com V�timas Feridas";"Plena Noite";"Decrescente";"Chuva";"Simples";"Reta";"N�o";1337433;"�nibus";"MBENZ/MPOLO PARADISO LD/MPOLO PARADISO LD";2017;"Passageiro";"Ileso";6;"Feminino";1;0;0;0;-15,623935;-54,090175;"SPRF-MT";"DEL05-MT";"UOP01-DEL05-MT"