"id";"pesid";"data_inversa";"dia_semana";"horario";"uf";"br";"km";"municipio";"causa_principal";"causa_acidente";"ordem_tipo_acidente";"tipo_acidente";"classificacao_acidente";"fase_dia";"sentido_via";"condicao_metereologica";"tipo_pista";"tracado_via";"uso_solo";"id_veiculo";"tipo_veiculo";"marca";"ano_fabricacao_veiculo";"tipo_envolvido";"estado_fisico";"idade";"sexo";"ilesos";"feridos_leves";"feridos_graves";"mortos";"latitude";"longitude";"regional";"delegacia";"uop"
748739;1679200;2025-10-08;"quarta-feira";"19:15:00";"MT";70;249;"PRIMAVERA DO LESTE";"Sim";"Problema na suspens�o";1;"Sa�da de leito carro��vel";"Com V�timas Feridas";"Plena Noite";"Decrescente";"Chuva";"Simples";"Reta";"N�o";1337433;"�nibus";"MBENZ/MPOLO PARADISO LD/MPOLO PARADISO LD";2017;"Passageiro";"N�o Informado";NA;"N�o Informado";0;0;0;0;-15,623935;-54,090175;"SPRF-MT";"DEL05-MT";"UOP01-DEL05-MT"
748739;1679195;2025-10-08;"quarta-feira";"19:15:00";"MT";70;249;"PRIMAVERA DO LESTE";"Sim";"Problema na suspens�o";1;"Sa�da de leito carro��vel";"Com V�timas Feridas";"Plena Noite";"Decrescente";"Chuva";"Simples";"Reta";"N�o";1337433;"�nibus";"MBENZ/MPOLO PARADISO LD/MPOLO PARADISO LD";2017;"Passageiro";"Ileso";30;"Masculino";1;0;0;0;-15,623935;-54,090175;"SPRF-MT";"DEL05-MT";"UOP01-DEL05-MT"
748739;1679192;2025-10-08;"quarta-feira";"19:15:00";"MT";70;249;"PRIMAVERA DO LESTE";"Sim";"Problema na suspens�o";1;"Sa�da de leito carro��vel";"Com V�timas Feridas";"Plena Noite";"Decrescente";"Chuva";"Simples";"Reta";"N�o";1337433;"�nibus";"MBENZ/MPOLO PARADISO LD/MPOLO PARADISO LD";2017;"Passageiro";"Ileso";34;"Masculino";1;0;0;0;-15,623935;-54,090175;"SPRF-MT";"DEL05-MT";"UOP01-DEL05-MT"
748739;1679174;2025-10-08;"quarta-feira";"19:15:00";"MT";70;249;"PRIMAVERA DO LESTE";"Sim";"Problema na suspens�o";1;"Sa�da de leito carro��vel";"Com V�timas Feridas";"Plena Noite";"Decrescente";"Chuva";"Simples";"Reta";"N�o";1337433;"�nibus";"MBENZ/MPOLO PARADISO LD/MPOLO PARADISO LD";2017;"Passageiro";"Ileso";55;"Masculino";1;0;0;0;-15,623935;-54,090175;"SPRF-MT";"DEL05-MT";"UOP01-DEL05-MT"
748739;1679149;2025-10-08;"quarta-feira";"19:15:00";"MT";70;249;"PRIMAVERA DO LESTE";"Sim";"Problema na suspens�o";1;"Sa�da de leito carro��vel";"Com V�timas Feridas";"Plena Noite";"Decrescente";"Chuva";"Simples";"Reta";"N�o";1337433;"�nibus";"MBENZ/MPOLO PARADISO LD/MPOLO PARADISO LD";2017;"Condutor";"Les�es Leves";53;"Masculino";0;1;0;0;-15,623935;-54,090175;"SPRF-MT";"DEL05-MT";"UOP01-DEL05-MT"
748761;1679216;2025-12-28;"domingo";"19:00:00";"RJ";101;398;"ITAGUAI";"Sim";"Rea��o tardia ou ineficiente do condutor";1;"Colis�o traseira";"Com V�timas Feridas";"Plena Noite";"Decrescente";"C�u Claro";"Dupla";"Reta;Viaduto";"Sim";1337475;"Motocicleta";"HONDA/CG 125 TITAN KSE/CG 125 TITAN KSE";2002;"Passageiro";"Les�es Leves";16;"Feminino";0;1;0;0;-22,86510356;-43,75167847;"SPRF-RJ";"DEL03-RJ";"UOP01-DEL03-RJ"
748761;1679215;2025-12-28;"domingo";"19:00:00";"RJ";101;398;"ITAGUAI";"Sim";"Rea��o tardia ou ineficiente do condutor";1;"Colis�o traseira";"Com V�timas Feridas";"Plena Noite";"Decrescente";"C�u Claro";"Dupla";"Reta;Viaduto";"Sim";1337475;"Motocicleta";"HONDA/CG 125 TITAN KSE/CG 125 TITAN KSE";2002;"Condutor";"Les�es Leves";33;"Masculino";0;1;0;0;-22,86510356;-43,75167847;"SPRF-RJ";"DEL03-RJ";"UOP01-DEL03-RJ"
748761;1679217;2025-12-28;"domingo";"19:00:00";"RJ";101;398;"ITAGUAI";"Sim";"Rea��o tardia ou ineficiente do condutor";1;"Colis�o traseira";"Com V�timas Feridas";"Plena Noite";"Decrescente";"C�u Claro";"Dupla";"Reta;Viaduto";"Sim";1337474;"Autom�vel";"I/VW JETTA VARIANT/VW JETTA VARIANT";2010;"Condutor";"Ileso";31;"Masculino";1;0;0;0;-22,86510356;-43,75167847;"SPRF-RJ";"DEL03-RJ";"UOP01-DEL03-RJ"
748761;1679214;2025-12-28;"domingo";"19:00:00";"RJ";101;398;"ITAGUAI";"Sim";"Rea��o tardia ou ineficiente do condutor";1;"Colis�o traseira";"Com V�timas Feridas";"Plena Noite";"Decrescente";"C�u Claro";"Dupla";"Reta;Viaduto";"Sim";1337474;"Autom�vel";"I/VW JETTA VARIANT/VW JETTA VARIANT";2010;"Passageiro";"Ileso";29;"Feminino";1;0;0;0;-22,86510356;-43,75167847;"SPRF-RJ";"DEL03-RJ";"UOP01-DEL03-RJ"
748763;1679224;2025-12-30;"ter�a-feira";"17:00:00";"RJ";101;578;"PARATY";"N�o";"Rea��o tardia ou ineficiente do condutor";1;"Colis�o transversal";"Com V�timas Feridas";"Pleno dia";"Crescente";"C�u Claro";"Simples";"Reta";"N�o";1337478;"Motocicleta";"HONDA/CG150 FAN ESDI/CG150 FAN ESDI";2013;"Condutor";"Les�es Leves";21;"Masculino";0;1;0;0;-23,23535218;-44,7102356;"SPRF-RJ";"DEL03-RJ";"UOP04-DEL03-RJ"
748763;1679223;2025-12-30;"ter�a-feira";"17:00:00";"RJ";101;578;"PARATY";"N�o";"Rea��o tardia ou ineficiente do condutor";1;"Colis�o transversal";"Com V�timas Feridas";"Pleno dia";"Crescente";"C�u Claro";"Simples";"Reta";"N�o";1337477;"Autom�vel";"TOYOTA/COROLLA XEI 20/COROLLA XEI 20";2022;"Condutor";"Ileso";29;"Feminino";1;0;0;0;-23,23535218;-44,7102356;"SPRF-RJ";"DEL03-RJ";"UOP04-DEL03-RJ"
748763;1679224;2025-12-30;"ter�a-feira";"17:00:00";"RJ";101;578;"PARATY";"Sim";"Velocidade Incompat�vel";1;"Colis�o transversal";"Com V�timas Feridas";"Pleno dia";"Crescente";"C�u Claro";"Simples";"Reta";"N�o";1337478;"Motocicleta";"HONDA/CG150 FAN ESDI/CG150 FAN ESDI";2013;"Condutor";"Les�es Leves";21;"Masculino";0;1;0;0;-23,23535218;-44,7102356;"SPRF-RJ";"DEL03-RJ";"UOP04-DEL03-RJ"
748763;1679223;2025-12-30;"ter�a-feira";"17:00:00";"RJ";101;578;"PARATY";"Sim";"Velocidade Incompat�vel";1;"Colis�o transversal";"Com V�timas Feridas";"Pleno dia";"Crescente";"C�u Claro";"Simples";"Reta";"N�o";1337477;"Autom�vel";"TOYOTA/COROLLA XEI 20/COROLLA XEI 20";2022;"Condutor";"Ileso";29;"Feminino";1;0;0;0;-23,23535218;-44,7102356;"SPRF-RJ";"DEL03-RJ";"UOP04-DEL03-RJ"
748807;NA;2025-11-14;"sexta-feira";"07:40:00";"MA";10;38;"CAROLINA";"Sim";"Transitar na contram�o";4;"Capotamento";"Com V�timas Fatais";"Pleno dia";"Decrescente";"C�u Claro";"Simples";"Curva;Declive";"N�o";1337572;"Reboque";"R/LIBRELATO DLCBQRI2 2E/LIBRELATO DLCBQRI2 2E";2021;NA;NA;NA;NA;NA;NA;NA;NA;-7,308193;-47,442123;"SPRF-MA";"DEL04-MA";"UOP02-DEL04-MA"
748807;NA;2025-11-14;"sexta-feira";"07:40:00";"MA";10;38;"CAROLINA";"Sim";"Transitar na contram�o";4;"Capotamento";"Com V�timas Fatais";"Pleno dia";"Decrescente";"C�u Claro";"Simples";"Curva;Declive";"N�o";1337571;"Semireboque";"SR/LIBRELATO RDBACD 2E/LIBRELATO RDBACD 2E";2021;NA;NA;NA;NA;NA;NA;NA;NA;-7,308193;-47,442123;"SPRF-MA";"DEL04-MA";"UOP02-DEL04-MA"
748807;NA;2025-11-14;"sexta-feira";"07:40:00";"MA";10;38;"CAROLINA";"Sim";"Transitar na contram�o";4;"Capotamento";"Com V�timas Fatais";"Pleno dia";"Decrescente";"C�u Claro";"Simples";"Curva;Declive";"N�o";1337570;"Semireboque";"SR/LIBRELATO CRBAENI2 2E/LIBRELATO CRBAENI2 2E";2021;NA;NA;NA;NA;NA;NA;NA;NA;-7,308193;-47,442123;"SPRF-MA";"DEL04-MA";"UOP02-DEL04-MA"
748807;1679375;2025-11-14;"sexta-feira";"07:40:00";"MA";10;38;"CAROLINA";"Sim";"Transitar na contram�o";4;"Capotamento";"Com V�timas Fatais";"Pleno dia";"Decrescente";"C�u Claro";"Simples";"Curva;Declive";"N�o";1337569;"Caminh�o-trator";"SCANIA/R500 A6X4/R500 A6X4";2021;"Condutor";"Ileso";48;"Masculino";1;0;0;0;-7,308193;-47,442123;"SPRF-MA";"DEL04-MA";"UOP02-DEL04-MA"
748807;1680404;2025-11-14;"sexta-feira";"07:40:00";"MA";10;38;"CAROLINA";"Sim";"Transitar na contram�o";4;"Capotamento";"Com V�timas Fatais";"Pleno dia";"Decrescente";"C�u Claro";"Simples";"Curva;Declive";"N�o";1337568;"Autom�vel";"HYUNDAI/HB20 1.0M UNIQUE/HB20 1.0M UNIQUE";2019;"Passageiro";"Les�es Graves";38;"Masculino";0;0;1;0;-7,308193;-47,442123;"SPRF-MA";"DEL04-MA";"UOP02-DEL04-MA"
748807;1679374;2025-11-14;"sexta-feira";"07:40:00";"MA";10;38;"CAROLINA";"Sim";"Transitar na contram�o";4;"Capotamento";"Com V�timas Fatais";"Pleno dia";"Decrescente";"C�u Claro";"Simples";"Curva;Declive";"N�o";1337568;"Autom�vel";"HYUNDAI/HB20 1.0M UNIQUE/HB20 1.0M UNIQUE";2019;"Condutor";"�bito";65;"Masculino";0;0;0;1;-7,308193;-47,442123;"SPRF-MA";"DEL04-MA";"UOP02-DEL04-MA"
748807;NA;2025-11-14;"sexta-feira";"07:40:00";"MA";10;38;"CAROLINA";"Sim";"Transitar na contram�o";3;"Sa�da de leito carro��vel";"Com V�timas Fatais";"Pleno dia";"Decrescente";"C�u Claro";"Simples";"Curva;Declive";"N�o";1337572;"Reboque";"R/LIBRELATO DLCBQRI2 2E/LIBRELATO DLCBQRI2 2E";2021;NA;NA;NA;NA;NA;NA;NA;NA;-7,308193;-47,442123;"SPRF-MA";"DEL04-MA";"UOP02-DEL04-MA"
748807;NA;2025-11-14;"sexta-feira";"07:40:00";"MA";10;38;"CAROLINA";"Sim";"Transitar na contram�o";3;"Sa�da de leito carro��vel";"Com V�timas Fatais";"Pleno dia";"Decrescente";"C�u Claro";"Simples";"Curva;Declive";"N�o";1337571;"Semireboque";"SR/LIBRELATO RDBACD 2E/LIBRELATO RDBACD 2E";2021;NA;NA;NA;NA;NA;NA;NA;NA;-7,308193;-47,442123;"SPRF-MA";"DEL04-MA";"UOP02-DEL04-MA"
748807;NA;2025-11-14;"sexta-feira";"07:40:00";"MA";10;38;"CAROLINA";"Sim";"Transitar na contram�o";3;"Sa�da de leito carro��vel";"Com V�timas Fatais";"Pleno dia";"Decrescente";"C�u Claro";"Simples";"Curva;Declive";"N�o";1337570;"Semireboque";"SR/LIBRELATO CRBAENI2 2E/LIBRELATO CRBAENI2 2E";2021;NA;NA;NA;NA;NA;NA;NA;NA;-7,308193;-47,442123;"SPRF-MA";"DEL04-MA";"UOP02-DEL04-MA"
748807;1679375;2025-11-14;"sexta-feira";"07:40:00";"MA";10;38;"CAROLINA";"Sim";"Transitar na contram�o";3;"Sa�da de leito carro��vel";"Com V�timas Fatais";"Pleno dia";"Decrescente";"C�u Claro";"Simples";"Curva;Declive";"N�o";1337569;"Caminh�o-trator";"SCANIA/R500 A6X4/R500 A6X4";2021;"Condutor";"Ileso";48;"Masculino";1;0;0;0;-7,308193;-47,442123;"SPRF-MA";"DEL04-MA";"UOP02-DEL04-MA"
748807;1680404;2025-11-14;"sexta-feira";"07:40:00";"MA";10;38;"CAROLINA";"Sim";"Transitar na contram�o";3;"Sa�da de leito carro��vel";"Com V�timas Fatais";"Pleno dia";"Decrescente";"C�u Claro";"Simples";"Curva;Declive";"N�o";1337568;"Autom�vel";"HYUNDAI/HB20 1.0M UNIQUE/HB20 1.0M UNIQUE";2019;"Passageiro";"Les�es Graves";38;"Masculino";0;0;1;0;-7,308193;-47,442123;"SPRF-MA";"DEL04-MA";"UOP02-DEL04-MA"
748807;1679374;2025-11-14;"sexta-feira";"07:40:00";"MA";10;38;"CAROLINA";"Sim";"Transitar na contram�o";3;"Sa�da de leito carro��vel";"Com V�timas Fatais";"Pleno dia";"Decrescente";"C�u Claro";"Simples";"Curva;Declive";"N�o";1337568;"Autom�vel";"HYUNDAI/HB20 1.0M UNIQUE/HB20 1.0M UNIQUE";2019;"Condutor";"�bito";65;"Masculino";0;0;0;1;-7,308193;-47,442123;"SPRF-MA";"DEL04-MA";"UOP02-DEL04-MA"
748807;NA;2025-11-14;"sexta-feira";"07:40:00";"MA";10;38;"CAROLINA";"Sim";"Transitar na contram�o";2;"Tombamento";"Com V�timas Fatais";"Pleno dia";"Decrescente";"C�u Claro";"Simples";"Curva;Declive";"N�o";1337572;"Reboque";"R/LIBRELATO DLCBQRI2 2E/LIBRELATO DLCBQRI2 2E";2021;NA;NA;NA;NA;NA;NA;NA;NA;-7,308193;-47,442123;"SPRF-MA";"DEL04-MA";"UOP02-DEL04-MA"
748807;NA;2025-11-14;"sexta-feira";"07:40:00";"MA";10;38;"CAROLINA";"Sim";"Transitar na contram�o";2;"Tombamento";"Com V�timas Fatais";"Pleno dia";"Decrescente";"C�u Claro";"Simples";"Curva;Declive";"N�o";1337571;"Semireboque";"SR/LIBRELATO RDBACD 2E/LIBRELATO RDBACD 2E";2021;NA;NA;NA;NA;NA;NA;NA;NA;-7,308193;-47,442123;"SPRF-MA";"DEL04-MA";"UOP02-DEL04-MA"
748807;NA;2025-11-14;"sexta-feira";"07:40:00";"MA";10;38;"CAROLINA";"Sim";"Transitar na contram�o";2;"Tombamento";"Com V�timas Fatais";"Pleno dia";"Decrescente";"C�u Claro";"Simples";"Curva;Declive";"N�o";1337570;"Semireboque";"SR/LIBRELATO CRBAENI2 2E/LIBRELATO CRBAENI2 2E";2021;NA;NA;NA;NA;NA;NA;NA;NA;-7,308193;-47,442123;"SPRF-MA";"DEL04-MA";"UOP02-DEL04-MA"
748807;1679375;2025-11-14;"sexta-feira";"07:40:00";"MA";10;38;"CAROLINA";"Sim";"Transitar na contram�o";2;"Tombamento";"Com V�timas Fatais";"Pleno dia";"Decrescente";"C�u Claro";"Simples";"Curva;Declive";"N�o";1337569;"Caminh�o-trator";"SCANIA/R500 A6X4/R500 A6X4";2021;"Condutor";"Ileso";48;"Masculino";1;0;0;0;-7,308193;-47,442123;"SPRF-MA";"DEL04-MA";"UOP02-DEL04-MA"
748807;1680404;2025-11-14;"sexta-feira";"07:40:00";"MA";10;38;"CAROLINA";"Sim";"Transitar na contram�o";2;"Tombamento";"Com V�timas Fatais";"Pleno dia";"Decrescente";"C�u Claro";"Simples";"Curva;Declive";"N�o";1337568;"Autom�vel";"HYUNDAI/HB20 1.0M UNIQUE/HB20 1.0M UNIQUE";2019;"Passageiro";"Les�es Graves";38;"Masculino";0;0;1;0;-7,308193;-47,442123;"SPRF-MA";"DEL04-MA";"UOP02-DEL04-MA"
748807;1679374;2025-11-14;"sexta-feira";"07:40:00";"MA";10;38;"CAROLINA";"Sim";"Transitar na contram�o";2;"Tombamento";"Com V�timas Fatais";"Pleno dia";"Decrescente";"C�u Claro";"Simples";"Curva;Declive";"N�o";1337568;"Autom�vel";"HYUNDAI/HB20 1.0M UNIQUE/HB20 1.0M UNIQUE";2019;"Condutor";"�bito";65;"Masculino";0;0;0;1;-7,308193;-47,442123;"SPRF-MA";"DEL04-MA";"UOP02-DEL04-MA"
748807;NA;2025-11-14;"sexta-feira";"07:40:00";"MA";10;38;"CAROLINA";"Sim";"Transitar na contram�o";1;"Colis�o lateral sentido oposto";"Com V�timas Fatais";"Pleno dia";"Decrescente";"C�u Claro";"Simples";"Curva;Declive";"N�o";1337572;"Reboque";"R/LIBRELATO DLCBQRI2 2E/LIBRELATO DLCBQRI2 2E";2021;NA;NA;NA;NA;NA;NA;NA;NA;-7,308193;-47,442123;"SPRF-MA";"DEL04-MA";"UOP02-DEL04-MA"
748807;NA;2025-11-14;"sexta-feira";"07:40:00";"MA";10;38;"CAROLINA";"Sim";"Transitar na contram�o";1;"Colis�o lateral sentido oposto";"Com V�timas Fatais";"Pleno dia";"Decrescente";"C�u Claro";"Simples";"Curva;Declive";"N�o";1337571;"Semireboque";"SR/LIBRELATO RDBACD 2E/LIBRELATO RDBACD 2E";2021;NA;NA;NA;NA;NA;NA;NA;NA;-7,308193;-47,442123;"SPRF-MA";"DEL04-MA";"UOP02-DEL04-MA"
748807;NA;2025-11-14;"sexta-feira";"07:40:00";"MA";10;38;"CAROLINA";"Sim";"Transitar na contram�o";1;"Colis�o lateral sentido oposto";"Com V�timas Fatais";"Pleno dia";"Decrescente";"C�u Claro";"Simples";"Curva;Declive";"N�o";1337570;"Semireboque";"SR/LIBRELATO CRBAENI2 2E/LIBRELATO CRBAENI2 2E";2021;NA;NA;NA;NA;NA;NA;NA;NA;-7,308193;-47,442123;"SPRF-MA";"DEL04-MA";"UOP02-DEL04-MA"
748807;1679375;2025-11-14;"sexta-feira";"07:40:00";"MA";10;38;"CAROLINA";"Sim";"Transitar na contram�o";1;"Colis�o lateral sentido oposto";"Com V�timas Fatais";"Pleno dia";"Decrescente";"C�u Claro";"Simples";"Curva;Declive";"N�o";1337569;"Caminh�o-trator";"SCANIA/R500 A6X4/R500 A6X4";2021;"Condutor";"Ileso";48;"Masculino";1;0;0;0;-7,308193;-47,442123;"SPRF-MA";"DEL04-MA";"UOP02-DEL04-MA"
748807;1680404;2025-11-14;"sexta-feira";"07:40:00";"MA";10;38;"CAROLINA";"Sim";"Transitar na contram�o";1;"Colis�o lateral sentido oposto";"Com V�timas Fatais";"Pleno dia";"Decrescente";"C�u Claro";"Simples";"Curva;Declive";"N�o";1337568;"Autom�vel";"HYUNDAI/HB20 1.0M UNIQUE/HB20 1.0M UNIQUE";2019;"Passageiro";"Les�es Graves";38;"Masculino";0;0;1;0;-7,308193;-47,442123;"SPRF-MA";"DEL04-MA";"UOP02-DEL04-MA"
748807;1679374;2025-11-14;"sexta-feira";"07:40:00";"MA";10;38;"CAROLINA";"Sim";"Transitar na contram�o";1;"Colis�o lateral sentido oposto";"Com V�timas Fatais";"Pleno dia";"Decrescente";"C�u Claro";"Simples";"Curva;Declive";"N�o";1337568;"Autom�vel";"HYUNDAI/HB20 1.0M UNIQUE/HB20 1.0M UNIQUE";2019;"Condutor";"�bito";65;"Masculino";0;0;0;1;-7,308193;-47,442123;"SPRF-MA";"DEL04-MA";"UOP02-DEL04-MA"
748812;1679402;2025-12-13;"s�bado";"05:12:00";"PA";163;313;"NOVO PROGRESSO";"N�o";"Pedestre - Ingest�o de �lcool/ subst�ncias psicoativas";3;"Queda de ocupante de ve�culo";"Sem V�timas";"Amanhecer";"Crescente";"Ignorado";"Simples";"Reta";"Sim";1337592;"Motocicleta";"N�o Informado/N�o Informado/N�o Informado";0;"Condutor";"N�o Informado";NA;"N�o Informado";0;0;0;0;-7,02022739;-55,42119741;"SPRF-PA";"DEL05-PA";"UOP03-DEL05-PA"
748812;1679405;2025-12-13;"s�bado";"05:12:00";"PA";163;313;"NOVO PROGRESSO";"N�o";"Pedestre - Ingest�o de �lcool/ subst�ncias psicoativas";3;"Queda de ocupante de ve�culo";"Sem V�timas";"Amanhecer";"Crescente";"Ignorado";"Simples";"Reta";"Sim";NA;NA;"NA/NA/NA";NA;"Cavaleiro";"N�o Informado";NA;"N�o Informado";0;0;0;0;-7,02022739;-55,42119741;"SPRF-PA";"DEL05-PA";"UOP03-DEL05-PA"
748812;1679402;2025-12-13;"s�bado";"05:12:00";"PA";163;313;"NOVO PROGRESSO";"N�o";"Pedestre - Ingest�o de �lcool/ subst�ncias psicoativas";2;"Tombamento";"Sem V�timas";"Amanhecer";"Crescente";"Ignorado";"Simples";"Reta";"Sim";1337592;"Motocicleta";"N�o Informado/N�o Informado/N�o Informado";0;"Condutor";"N�o Informado";NA;"N�o Informado";0;0;0;0;-7,02022739;-55,42119741;"SPRF-PA";"DEL05-PA";"UOP03-DEL05-PA"
748812;1679405;2025-12-13;"s�bado";"05:12:00";"PA";163;313;"NOVO PROGRESSO";"N�o";"Pedestre - Ingest�o de �lcool/ subst�ncias psicoativas";2;"Tombamento";"Sem V�timas";"Amanhecer";"Crescente";"Ignorado";"Simples";"Reta";"Sim";NA;NA;"NA/NA/NA";NA;"Cavaleiro";"N�o Informado";NA;"N�o Informado";0;0;0;0;-7,02022739;-55,42119741;"SPRF-PA";"DEL05-PA";"UOP03-DEL05-PA"
748812;1679402;2025-12-13;"s�bado";"05:12:00";"PA";163;313;"NOVO PROGRESSO";"N�o";"Pedestre - Ingest�o de �lcool/ subst�ncias psicoativas";1;"Sa�da de leito carro��vel";"Sem V�timas";"Amanhecer";"Crescente";"Ignorado";"Simples";"Reta";"Sim";1337592;"Motocicleta";"N�o Informado/N�o Informado/N�o Informado";0;"Condutor";"N�o Informado";NA;"N�o Informado";0;0;0;0;-7,02022739;-55,42119741;"SPRF-PA";"DEL05-PA";"UOP03-DEL05-PA"
748812;1679405;2025-12-13;"s�bado";"05:12:00";"PA";163;313;"NOVO PROGRESSO";"N�o";"Pedestre - Ingest�o de �lcool/ subst�ncias psicoativas";1;"Sa�da de leito carro��vel";"Sem V�timas";"Amanhecer";"Crescente";"Ignorado";"Simples";"Reta";"Sim";NA;NA;"NA/NA/NA";NA;"Cavaleiro";"N�o Informado";NA;"N�o Informado";0;0;0;0;-7,02022739;-55,42119741;"SPRF-PA";"DEL05-PA";"UOP03-DEL05-PA"
748812;1679402;2025-12-13;"s�bado";"05:12:00";"PA";163;313;"NOVO PROGRESSO";"Sim";"Aus�ncia de rea��o do condutor";3;"Queda de ocupante de ve�culo";"Sem V�timas";"Amanhecer";"Crescente";"Ignorado";"Simples";"Reta";"Sim";1337592;"Motocicleta";"N�o Informado/N�o Informado/N�o Informado";0;"Condutor";"N�o Informado";NA;"N�o Informado";0;0;0;0;-7,02022739;-55,42119741;"SPRF-PA";"DEL05-PA";"UOP03-DEL05-PA"
748812;1679405;2025-12-13;"s�bado";"05:12:00";"PA";163;313;"NOVO PROGRESSO";"Sim";"Aus�ncia de rea��o do condutor";3;"Queda de ocupante de ve�culo";"Sem V�timas";"Amanhecer";"Crescente";"Ignorado";"Simples";"Reta";"Sim";NA;NA;"NA/NA/NA";NA;"Cavaleiro";"N�o Informado";NA;"N�o Informado";0;0;0;0;-7,02022739;-55,42119741;"SPRF-PA";"DEL05-PA";"UOP03-DEL05-PA"
748812;1679402;2025-12-13;"s�bado";"05:12:00";"PA";163;313;"NOVO PROGRESSO";"Sim";"Aus�ncia de rea��o do condutor";2;"Tombamento";"Sem V�timas";"Amanhecer";"Crescente";"Ignorado";"Simples";"Reta";"Sim";1337592;"Motocicleta";"N�o Informado/N�o Informado/N�o Informado";0;"Condutor";"N�o Informado";NA;"N�o Informado";0;0;0;0;-7,02022739;-55,42119741;"SPRF-PA";"DEL05-PA";"UOP03-DEL05-PA"
748812;1679405;2025-12-13;"s�bado";"05:12:00";"PA";163;313;"NOVO PROGRESSO";"Sim";"Aus�ncia de rea��o do condutor";2;"Tombamento";"Sem V�timas";"Amanhecer";"Crescente";"Ignorado";"Simples";"Reta";"Sim";NA;NA;"NA/NA/NA";NA;"Cavaleiro";"N�o Informado";NA;"N�o Informado";0;0;0;0;-7,02022739;-55,42119741;"SPRF-PA";"DEL05-PA";"UOP03-DEL05-PA"
748812;1679402;2025-12-13;"s�bado";"05:12:00";"PA";163;313;"NOVO PROGRESSO";"Sim";"Aus�ncia de rea��o do condutor";1;"Sa�da de leito carro��vel";"Sem V�timas";"Amanhecer";"Crescente";"Ignorado";"Simples";"Reta";"Sim";1337592;"Motocicleta";"N�o Informado/N�o Informado/N�o Informado";0;"Condutor";"N�o Informado";NA;"N�o Informado";0;0;0;0;-7,02022739;-55,42119741;"SPRF-PA";"DEL05-PA";"UOP03-DEL05-PA"
748812;1679405;2025-12-13;"s�bado";"05:12:00";"PA";163;313;"NOVO PROGRESSO";"Sim";"Aus�ncia de rea��o do condutor";1;"Sa�da de leito carro��vel";"Sem V�timas";"Amanhecer";"Crescente";"Ignorado";"Simples";"Reta";"Sim";NA;NA;"NA/NA/NA";NA;"Cavaleiro";"N�o Informado";NA;"N�o Informado";0;0;0;0;-7,02022739;-55,42119741;"SPRF-PA";"DEL05-PA";"UOP03-DEL05-PA"
748879;1679540;2025-12-02;"ter�a-feira";"08:30:00";"AL";101;141;"SAO MIGUEL DOS CAMPOS";"N�o";"Ingest�o de �lcool pelo condutor";1;"Sa�da de leito carro��vel";"Sem V�timas";"Pleno dia";"Crescente";"C�u Claro";"Dupla";"Reta";"N�o";1337699;"Autom�vel";"FIAT/PUNTO ESSENCE 1.6/PUNTO ESSENCE 1.6";2015;"Condutor";"Ileso";33;"Feminino";1;0;0;0;-9,819968;-36,123326;"SPRF-AL";"DEL02-AL";"UOP01-DEL02-AL"
748879;1679540;2025-12-02;"ter�a-feira";"08:30:00";"AL";101;141;"SAO MIGUEL DOS CAMPOS";"Sim";"Avarias e/ou desgaste excessivo no pneu";1;"Sa�da de leito carro��vel";"Sem V�timas";"Pleno dia";"Crescente";"C�u Claro";"Dupla";"Reta";"N�o";1337699;"Autom�vel";"FIAT/PUNTO ESSENCE 1.6/PUNTO ESSENCE 1.6";2015;"Condutor";"Ileso";33;"Feminino";1;0;0;0;-9,819968;-36,123326;"SPRF-AL";"DEL02-AL";"UOP01-DEL02-AL"
748920;1679649;2025-12-17;"quarta-feira";"15:00:00";"PR";116;115,1;"CURITIBA";"Sim";"Rea��o tardia ou ineficiente do condutor";1;"Engavetamento";"Com V�timas Feridas";"Pleno dia";"Crescente";"Nublado";"M�ltipla";"Reta";"Sim";1337768;"Autom�vel";"HONDA/CITY LX CVT/CITY LX CVT";2017;"Condutor";"Ileso";33;"Feminino";1;0;0;0;-25,552048;-49,305362;"SPRF-PR";"DEL01-PR";"UOP03-DEL01-PR"
748920;1679648;2025-12-17;"quarta-feira";"15:00:00";"PR";116;115,1;"CURITIBA";"Sim";"Rea��o tardia ou ineficiente do condutor";1;"Engavetamento";"Com V�timas Feridas";"Pleno dia";"Crescente";"Nublado";"M�ltipla";"Reta";"Sim";1337767;"Caminh�o";"FORD/CARGO 2428 CNL/CARGO 2428 CNL";2011;"Condutor";"Ileso";31;"Masculino";1;0;0;0;-25,552048;-49,305362;"SPRF-PR";"DEL01-PR";"UOP03-DEL01-PR"
748920;1679647;2025-12-17;"quarta-feira";"15:00:00";"PR";116;115,1;"CURITIBA";"Sim";"Rea��o tardia ou ineficiente do condutor";1;"Engavetamento";"Com V�timas Feridas";"Pleno dia";"Crescente";"Nublado";"M�ltipla";"Reta";"Sim";1337766;"Autom�vel";"NISSAN/KICKS SV CVT/KICKS SV CVT";2020;"Condutor";"Ileso";34;"Masculino";1;0;0;0;-25,552048;-49,305362;"SPRF-PR";"DEL01-PR";"UOP03-DEL01-PR"
748920;1679646;2025-12-17;"quarta-feira";"15:00:00";"PR";116;115,1;"CURITIBA";"Sim";"Rea��o tardia ou ineficiente do condutor";1;"Engavetamento";"Com V�timas Feridas";"Pleno dia";"Crescente";"Nublado";"M�ltipla";"Reta";"Sim";1337765;"Motoneta";"HONDA/PCX 160/PCX 160";2024;"Condutor";"Les�es Leves";38;"Feminino";0;1;0;0;-25,552048;-49,305362;"SPRF-PR";"DEL01-PR";"UOP03-DEL01-PR"