"id";"pesid";"data_inversa";"dia_semana";"horario";"uf";"br";"km";"municipio";"causa_principal";"causa_acidente";"ordem_tipo_acidente";"tipo_acidente";"classificacao_acidente";"fase_dia";"sentido_via";"condicao_metereologica";"tipo_pista";"tracado_via";"uso_solo";"id_veiculo";"tipo_veiculo";"marca";"ano_fabricacao_veiculo";"tipo_envolvido";"estado_fisico";"idade";"sexo";"ilesos";"feridos_leves";"feridos_graves";"mortos";"latitude";"longitude";"regional";"delegacia";"uop"
748931;NA;2025-11-27;"quinta-feira";"14:00:00";"AM";319;160;"MANAQUIRI";"Sim";"Pista esburacada";2;"Tombamento";"Com V�timas Feridas";"Pleno dia";"Crescente";"Chuva";"Simples";"Reta";"N�o";1337780;"Semireboque";"SR/LIBRELATO SRCF 3E/LIBRELATO SRCF 3E";2013;NA;NA;NA;NA;NA;NA;NA;NA;-4,08088438;-60,68058014;"SPRF-AM";"DEL01-AM";"UOP04-DEL01-AM"
748931;1679669;2025-11-27;"quinta-feira";"14:00:00";"AM";319;160;"MANAQUIRI";"Sim";"Pista esburacada";2;"Tombamento";"Com V�timas Feridas";"Pleno dia";"Crescente";"Chuva";"Simples";"Reta";"N�o";1337779;"Caminh�o-trator";"VOLVO/FH12 420 6X4T/FH12 420 6X4T";2004;"Condutor";"Les�es Leves";33;"Masculino";0;1;0;0;-4,08088438;-60,68058014;"SPRF-AM";"DEL01-AM";"UOP04-DEL01-AM"
748931;1679670;2025-11-27;"quinta-feira";"14:00:00";"AM";319;160;"MANAQUIRI";"Sim";"Pista esburacada";2;"Tombamento";"Com V�timas Feridas";"Pleno dia";"Crescente";"Chuva";"Simples";"Reta";"N�o";NA;NA;"NA/NA/NA";NA;"Testemunha";"N�o Informado";NA;"N�o Informado";0;0;0;0;-4,08088438;-60,68058014;"SPRF-AM";"DEL01-AM";"UOP04-DEL01-AM"
748931;NA;2025-11-27;"quinta-feira";"14:00:00";"AM";319;160;"MANAQUIRI";"Sim";"Pista esburacada";1;"Sa�da de leito carro��vel";"Com V�timas Feridas";"Pleno dia";"Crescente";"Chuva";"Simples";"Reta";"N�o";1337780;"Semireboque";"SR/LIBRELATO SRCF 3E/LIBRELATO SRCF 3E";2013;NA;NA;NA;NA;NA;NA;NA;NA;-4,08088438;-60,68058014;"SPRF-AM";"DEL01-AM";"UOP04-DEL01-AM"
748931;1679669;2025-11-27;"quinta-feira";"14:00:00";"AM";319;160;"MANAQUIRI";"Sim";"Pista esburacada";1;"Sa�da de leito carro��vel";"Com V�timas Feridas";"Pleno dia";"Crescente";"Chuva";"Simples";"Reta";"N�o";1337779;"Caminh�o-trator";"VOLVO/FH12 420 6X4T/FH12 420 6X4T";2004;"Condutor";"Les�es Leves";33;"Masculino";0;1;0;0;-4,08088438;-60,68058014;"SPRF-AM";"DEL01-AM";"UOP04-DEL01-AM"
748931;1679670;2025-11-27;"quinta-feira";"14:00:00";"AM";319;160;"MANAQUIRI";"Sim";"Pista esburacada";1;"Sa�da de leito carro��vel";"Com V�timas Feridas";"Pleno dia";"Crescente";"Chuva";"Simples";"Reta";"N�o";NA;NA;"NA/NA/NA";NA;"Testemunha";"N�o Informado";NA;"N�o Informado";0;0;0;0;-4,08088438;-60,68058014;"SPRF-AM";"DEL01-AM";"UOP04-DEL01-AM"
748931;NA;2025-11-27;"quinta-feira";"14:00:00";"AM";319;160;"MANAQUIRI";"N�o";"Falta de elemento de conten��o que evite a sa�da do leito carro��vel";2;"Tombamento";"Com V�timas Feridas";"Pleno dia";"Crescente";"Chuva";"Simples";"Reta";"N�o";1337780;"Semireboque";"SR/LIBRELATO SRCF 3E/LIBRELATO SRCF 3E";2013;NA;NA;NA;NA;NA;NA;NA;NA;-4,08088438;-60,68058014;"SPRF-AM";"DEL01-AM";"UOP04-DEL01-AM"
748931;1679669;2025-11-27;"quinta-feira";"14:00:00";"AM";319;160;"MANAQUIRI";"N�o";"Falta de elemento de conten��o que evite a sa�da do leito carro��vel";2;"Tombamento";"Com V�timas Feridas";"Pleno dia";"Crescente";"Chuva";"Simples";"Reta";"N�o";1337779;"Caminh�o-trator";"VOLVO/FH12 420 6X4T/FH12 420 6X4T";2004;"Condutor";"Les�es Leves";33;"Masculino";0;1;0;0;-4,08088438;-60,68058014;"SPRF-AM";"DEL01-AM";"UOP04-DEL01-AM"
748931;1679670;2025-11-27;"quinta-feira";"14:00:00";"AM";319;160;"MANAQUIRI";"N�o";"Falta de elemento de conten��o que evite a sa�da do leito carro��vel";2;"Tombamento";"Com V�timas Feridas";"Pleno dia";"Crescente";"Chuva";"Simples";"Reta";"N�o";NA;NA;"NA/NA/NA";NA;"Testemunha";"N�o Informado";NA;"N�o Informado";0;0;0;0;-4,08088438;-60,68058014;"SPRF-AM";"DEL01-AM";"UOP04-DEL01-AM"
748931;NA;2025-11-27;"quinta-feira";"14:00:00";"AM";319;160;"MANAQUIRI";"N�o";"Falta de elemento de conten��o que evite a sa�da do leito carro��vel";1;"Sa�da de leito carro��vel";"Com V�timas Feridas";"Pleno dia";"Crescente";"Chuva";"Simples";"Reta";"N�o";1337780;"Semireboque";"SR/LIBRELATO SRCF 3E/LIBRELATO SRCF 3E";2013;NA;NA;NA;NA;NA;NA;NA;NA;-4,08088438;-60,68058014;"SPRF-AM";"DEL01-AM";"UOP04-DEL01-AM"
748931;1679669;2025-11-27;"quinta-feira";"14:00:00";"AM";319;160;"MANAQUIRI";"N�o";"Falta de elemento de conten��o que evite a sa�da do leito carro��vel";1;"Sa�da de leito carro��vel";"Com V�timas Feridas";"Pleno dia";"Crescente";"Chuva";"Simples";"Reta";"N�o";1337779;"Caminh�o-trator";"VOLVO/FH12 420 6X4T/FH12 420 6X4T";2004;"Condutor";"Les�es Leves";33;"Masculino";0;1;0;0;-4,08088438;-60,68058014;"SPRF-AM";"DEL01-AM";"UOP04-DEL01-AM"
748931;1679670;2025-11-27;"quinta-feira";"14:00:00";"AM";319;160;"MANAQUIRI";"N�o";"Falta de elemento de conten��o que evite a sa�da do leito carro��vel";1;"Sa�da de leito carro��vel";"Com V�timas Feridas";"Pleno dia";"Crescente";"Chuva";"Simples";"Reta";"N�o";NA;NA;"NA/NA/NA";NA;"Testemunha";"N�o Informado";NA;"N�o Informado";0;0;0;0;-4,08088438;-60,68058014;"SPRF-AM";"DEL01-AM";"UOP04-DEL01-AM"
748931;NA;2025-11-27;"quinta-feira";"14:00:00";"AM";319;160;"MANAQUIRI";"N�o";"Chuva";2;"Tombamento";"Com V�timas Feridas";"Pleno dia";"Crescente";"Chuva";"Simples";"Reta";"N�o";1337780;"Semireboque";"SR/LIBRELATO SRCF 3E/LIBRELATO SRCF 3E";2013;NA;NA;NA;NA;NA;NA;NA;NA;-4,08088438;-60,68058014;"SPRF-AM";"DEL01-AM";"UOP04-DEL01-AM"
748931;1679669;2025-11-27;"quinta-feira";"14:00:00";"AM";319;160;"MANAQUIRI";"N�o";"Chuva";2;"Tombamento";"Com V�timas Feridas";"Pleno dia";"Crescente";"Chuva";"Simples";"Reta";"N�o";1337779;"Caminh�o-trator";"VOLVO/FH12 420 6X4T/FH12 420 6X4T";2004;"Condutor";"Les�es Leves";33;"Masculino";0;1;0;0;-4,08088438;-60,68058014;"SPRF-AM";"DEL01-AM";"UOP04-DEL01-AM"
748931;1679670;2025-11-27;"quinta-feira";"14:00:00";"AM";319;160;"MANAQUIRI";"N�o";"Chuva";2;"Tombamento";"Com V�timas Feridas";"Pleno dia";"Crescente";"Chuva";"Simples";"Reta";"N�o";NA;NA;"NA/NA/NA";NA;"Testemunha";"N�o Informado";NA;"N�o Informado";0;0;0;0;-4,08088438;-60,68058014;"SPRF-AM";"DEL01-AM";"UOP04-DEL01-AM"
748931;NA;2025-11-27;"quinta-feira";"14:00:00";"AM";319;160;"MANAQUIRI";"N�o";"Chuva";1;"Sa�da de leito carro��vel";"Com V�timas Feridas";"Pleno dia";"Crescente";"Chuva";"Simples";"Reta";"N�o";1337780;"Semireboque";"SR/LIBRELATO SRCF 3E/LIBRELATO SRCF 3E";2013;NA;NA;NA;NA;NA;NA;NA;NA;-4,08088438;-60,68058014;"SPRF-AM";"DEL01-AM";"UOP04-DEL01-AM"
748931;1679669;2025-11-27;"quinta-feira";"14:00:00";"AM";319;160;"MANAQUIRI";"N�o";"Chuva";1;"Sa�da de leito carro��vel";"Com V�timas Feridas";"Pleno dia";"Crescente";"Chuva";"Simples";"Reta";"N�o";1337779;"Caminh�o-trator";"VOLVO/FH12 420 6X4T/FH12 420 6X4T";2004;"Condutor";"Les�es Leves";33;"Masculino";0;1;0;0;-4,08088438;-60,68058014;"SPRF-AM";"DEL01-AM";"UOP04-DEL01-AM"
748931;1679670;2025-11-27;"quinta-feira";"14:00:00";"AM";319;160;"MANAQUIRI";"N�o";"Chuva";1;"Sa�da de leito carro��vel";"Com V�timas Feridas";"Pleno dia";"Crescente";"Chuva";"Simples";"Reta";"N�o";NA;NA;"NA/NA/NA";NA;"Testemunha";"N�o Informado";NA;"N�o Informado";0;0;0;0;-4,08088438;-60,68058014;"SPRF-AM";"DEL01-AM";"UOP04-DEL01-AM"
748931;NA;2025-11-27;"quinta-feira";"14:00:00";"AM";319;160;"MANAQUIRI";"N�o";"Afundamento ou ondula��o no pavimento";2;"Tombamento";"Com V�timas Feridas";"Pleno dia";"Crescente";"Chuva";"Simples";"Reta";"N�o";1337780;"Semireboque";"SR/LIBRELATO SRCF 3E/LIBRELATO SRCF 3E";2013;NA;NA;NA;NA;NA;NA;NA;NA;-4,08088438;-60,68058014;"SPRF-AM";"DEL01-AM";"UOP04-DEL01-AM"
748931;1679669;2025-11-27;"quinta-feira";"14:00:00";"AM";319;160;"MANAQUIRI";"N�o";"Afundamento ou ondula��o no pavimento";2;"Tombamento";"Com V�timas Feridas";"Pleno dia";"Crescente";"Chuva";"Simples";"Reta";"N�o";1337779;"Caminh�o-trator";"VOLVO/FH12 420 6X4T/FH12 420 6X4T";2004;"Condutor";"Les�es Leves";33;"Masculino";0;1;0;0;-4,08088438;-60,68058014;"SPRF-AM";"DEL01-AM";"UOP04-DEL01-AM"
748931;1679670;2025-11-27;"quinta-feira";"14:00:00";"AM";319;160;"MANAQUIRI";"N�o";"Afundamento ou ondula��o no pavimento";2;"Tombamento";"Com V�timas Feridas";"Pleno dia";"Crescente";"Chuva";"Simples";"Reta";"N�o";NA;NA;"NA/NA/NA";NA;"Testemunha";"N�o Informado";NA;"N�o Informado";0;0;0;0;-4,08088438;-60,68058014;"SPRF-AM";"DEL01-AM";"UOP04-DEL01-AM"
748931;NA;2025-11-27;"quinta-feira";"14:00:00";"AM";319;160;"MANAQUIRI";"N�o";"Afundamento ou ondula��o no pavimento";1;"Sa�da de leito carro��vel";"Com V�timas Feridas";"Pleno dia";"Crescente";"Chuva";"Simples";"Reta";"N�o";1337780;"Semireboque";"SR/LIBRELATO SRCF 3E/LIBRELATO SRCF 3E";2013;NA;NA;NA;NA;NA;NA;NA;NA;-4,08088438;-60,68058014;"SPRF-AM";"DEL01-AM";"UOP04-DEL01-AM"
748931;1679669;2025-11-27;"quinta-feira";"14:00:00";"AM";319;160;"MANAQUIRI";"N�o";"Afundamento ou ondula��o no pavimento";1;"Sa�da de leito carro��vel";"Com V�timas Feridas";"Pleno dia";"Crescente";"Chuva";"Simples";"Reta";"N�o";1337779;"Caminh�o-trator";"VOLVO/FH12 420 6X4T/FH12 420 6X4T";2004;"Condutor";"Les�es Leves";33;"Masculino";0;1;0;0;-4,08088438;-60,68058014;"SPRF-AM";"DEL01-AM";"UOP04-DEL01-AM"
748931;1679670;2025-11-27;"quinta-feira";"14:00:00";"AM";319;160;"MANAQUIRI";"N�o";"Afundamento ou ondula��o no pavimento";1;"Sa�da de leito carro��vel";"Com V�timas Feridas";"Pleno dia";"Crescente";"Chuva";"Simples";"Reta";"N�o";NA;NA;"NA/NA/NA";NA;"Testemunha";"N�o Informado";NA;"N�o Informado";0;0;0;0;-4,08088438;-60,68058014;"SPRF-AM";"DEL01-AM";"UOP04-DEL01-AM"
748931;NA;2025-11-27;"quinta-feira";"14:00:00";"AM";319;160;"MANAQUIRI";"N�o";"Velocidade Incompat�vel";2;"Tombamento";"Com V�timas Feridas";"Pleno dia";"Crescente";"Chuva";"Simples";"Reta";"N�o";1337780;"Semireboque";"SR/LIBRELATO SRCF 3E/LIBRELATO SRCF 3E";2013;NA;NA;NA;NA;NA;NA;NA;NA;-4,08088438;-60,68058014;"SPRF-AM";"DEL01-AM";"UOP04-DEL01-AM"
748931;1679669;2025-11-27;"quinta-feira";"14:00:00";"AM";319;160;"MANAQUIRI";"N�o";"Velocidade Incompat�vel";2;"Tombamento";"Com V�timas Feridas";"Pleno dia";"Crescente";"Chuva";"Simples";"Reta";"N�o";1337779;"Caminh�o-trator";"VOLVO/FH12 420 6X4T/FH12 420 6X4T";2004;"Condutor";"Les�es Leves";33;"Masculino";0;1;0;0;-4,08088438;-60,68058014;"SPRF-AM";"DEL01-AM";"UOP04-DEL01-AM"
748931;1679670;2025-11-27;"quinta-feira";"14:00:00";"AM";319;160;"MANAQUIRI";"N�o";"Velocidade Incompat�vel";2;"Tombamento";"Com V�timas Feridas";"Pleno dia";"Crescente";"Chuva";"Simples";"Reta";"N�o";NA;NA;"NA/NA/NA";NA;"Testemunha";"N�o Informado";NA;"N�o Informado";0;0;0;0;-4,08088438;-60,68058014;"SPRF-AM";"DEL01-AM";"UOP04-DEL01-AM"
748931;NA;2025-11-27;"quinta-feira";"14:00:00";"AM";319;160;"MANAQUIRI";"N�o";"Velocidade Incompat�vel";1;"Sa�da de leito carro��vel";"Com V�timas Feridas";"Pleno dia";"Crescente";"Chuva";"Simples";"Reta";"N�o";1337780;"Semireboque";"SR/LIBRELATO SRCF 3E/LIBRELATO SRCF 3E";2013;NA;NA;NA;NA;NA;NA;NA;NA;-4,08088438;-60,68058014;"SPRF-AM";"DEL01-AM";"UOP04-DEL01-AM"
748931;1679669;2025-11-27;"quinta-feira";"14:00:00";"AM";319;160;"MANAQUIRI";"N�o";"Velocidade Incompat�vel";1;"Sa�da de leito carro��vel";"Com V�timas Feridas";"Pleno dia";"Crescente";"Chuva";"Simples";"Reta";"N�o";1337779;"Caminh�o-trator";"VOLVO/FH12 420 6X4T/FH12 420 6X4T";2004;"Condutor";"Les�es Leves";33;"Masculino";0;1;0;0;-4,08088438;-60,68058014;"SPRF-AM";"DEL01-AM";"UOP04-DEL01-AM"
748931;1679670;2025-11-27;"quinta-feira";"14:00:00";"AM";319;160;"MANAQUIRI";"N�o";"Velocidade Incompat�vel";1;"Sa�da de leito carro��vel";"Com V�timas Feridas";"Pleno dia";"Crescente";"Chuva";"Simples";"Reta";"N�o";NA;NA;"NA/NA/NA";NA;"Testemunha";"N�o Informado";NA;"N�o Informado";0;0;0;0;-4,08088438;-60,68058014;"SPRF-AM";"DEL01-AM";"UOP04-DEL01-AM"
748938;1679693;2025-07-13;"domingo";"08:30:00";"RO";425;127;"GUAJARA-MIRIM";"Sim";"Aus�ncia de rea��o do condutor";2;"Colis�o com objeto";"Com V�timas Feridas";"Pleno dia";"Crescente";"C�u Claro";"Dupla";"Reta";"Sim";1337800;"Caminhonete";"FIAT/STRADA HD WK CC E/STRADA HD WK CC E";2019;"Condutor";"Les�es Graves";18;"Masculino";0;0;1;0;-10,5808494;-65,324998;"SPRF-RO";"DEL01-RO";"UOP03-DEL01-RO"
748938;1679693;2025-07-13;"domingo";"08:30:00";"RO";425;127;"GUAJARA-MIRIM";"Sim";"Aus�ncia de rea��o do condutor";1;"Sa�da de leito carro��vel";"Com V�timas Feridas";"Pleno dia";"Crescente";"C�u Claro";"Dupla";"Reta";"Sim";1337800;"Caminhonete";"FIAT/STRADA HD WK CC E/STRADA HD WK CC E";2019;"Condutor";"Les�es Graves";18;"Masculino";0;0;1;0;-10,5808494;-65,324998;"SPRF-RO";"DEL01-RO";"UOP03-DEL01-RO"
748948;1679718;2025-12-29;"segunda-feira";"23:25:00";"MG";116;575,1;"MANHUACU";"Sim";"Condutor Dormindo";1;"Sa�da de leito carro��vel";"Com V�timas Feridas";"Plena Noite";"Decrescente";"C�u Claro";"Simples";"Curva;Declive";"N�o";1337819;"Autom�vel";"VW/FOX CONNECT MB/FOX CONNECT MB";2019;"Passageiro";"Les�es Leves";20;"Feminino";0;1;0;0;-20,146386;-42,185456;"SPRF-MG";"DEL06-MG";"UOP03-DEL06-MG"
748948;1679717;2025-12-29;"segunda-feira";"23:25:00";"MG";116;575,1;"MANHUACU";"Sim";"Condutor Dormindo";1;"Sa�da de leito carro��vel";"Com V�timas Feridas";"Plena Noite";"Decrescente";"C�u Claro";"Simples";"Curva;Declive";"N�o";1337819;"Autom�vel";"VW/FOX CONNECT MB/FOX CONNECT MB";2019;"Passageiro";"Ileso";2;"Feminino";1;0;0;0;-20,146386;-42,185456;"SPRF-MG";"DEL06-MG";"UOP03-DEL06-MG"
748948;1679716;2025-12-29;"segunda-feira";"23:25:00";"MG";116;575,1;"MANHUACU";"Sim";"Condutor Dormindo";1;"Sa�da de leito carro��vel";"Com V�timas Feridas";"Plena Noite";"Decrescente";"C�u Claro";"Simples";"Curva;Declive";"N�o";1337819;"Autom�vel";"VW/FOX CONNECT MB/FOX CONNECT MB";2019;"Condutor";"Les�es Leves";24;"Masculino";0;1;0;0;-20,146386;-42,185456;"SPRF-MG";"DEL06-MG";"UOP03-DEL06-MG"
748948;1679718;2025-12-29;"segunda-feira";"23:25:00";"MG";116;575,1;"MANHUACU";"Sim";"Condutor Dormindo";2;"Colis�o frontal";"Com V�timas Feridas";"Plena Noite";"Decrescente";"C�u Claro";"Simples";"Curva;Declive";"N�o";1337819;"Autom�vel";"VW/FOX CONNECT MB/FOX CONNECT MB";2019;"Passageiro";"Les�es Leves";20;"Feminino";0;1;0;0;-20,146386;-42,185456;"SPRF-MG";"DEL06-MG";"UOP03-DEL06-MG"
748948;1679717;2025-12-29;"segunda-feira";"23:25:00";"MG";116;575,1;"MANHUACU";"Sim";"Condutor Dormindo";2;"Colis�o frontal";"Com V�timas Feridas";"Plena Noite";"Decrescente";"C�u Claro";"Simples";"Curva;Declive";"N�o";1337819;"Autom�vel";"VW/FOX CONNECT MB/FOX CONNECT MB";2019;"Passageiro";"Ileso";2;"Feminino";1;0;0;0;-20,146386;-42,185456;"SPRF-MG";"DEL06-MG";"UOP03-DEL06-MG"
748948;1679716;2025-12-29;"segunda-feira";"23:25:00";"MG";116;575,1;"MANHUACU";"Sim";"Condutor Dormindo";2;"Colis�o frontal";"Com V�timas Feridas";"Plena Noite";"Decrescente";"C�u Claro";"Simples";"Curva;Declive";"N�o";1337819;"Autom�vel";"VW/FOX CONNECT MB/FOX CONNECT MB";2019;"Condutor";"Les�es Leves";24;"Masculino";0;1;0;0;-20,146386;-42,185456;"SPRF-MG";"DEL06-MG";"UOP03-DEL06-MG"
748976;NA;2025-04-06;"domingo";"13:37:00";"SC";101;233,7;"PALHOCA";"Sim";"Rea��o tardia ou ineficiente do condutor";3;"Inc�ndio";"Com V�timas Feridas";"Pleno dia";"Crescente";"C�u Claro";"Dupla";"Curva;Declive";"N�o";1337906;"Semireboque";"SR/RODOFORTSA SRFG 2E/RODOFORTSA SRFG 2E";2013;NA;NA;NA;NA;NA;NA;NA;NA;-27,808425;-48,638622;"SPRF-SC";"DEL01-SC";"UOP02-DEL01-SC"
748976;NA;2025-04-06;"domingo";"13:37:00";"SC";101;233,7;"PALHOCA";"Sim";"Rea��o tardia ou ineficiente do condutor";3;"Inc�ndio";"Com V�timas Feridas";"Pleno dia";"Crescente";"C�u Claro";"Dupla";"Curva;Declive";"N�o";1337905;"Semireboque";"SR/RODOFORTSA SRFG 2E/RODOFORTSA SRFG 2E";2012;NA;NA;NA;NA;NA;NA;NA;NA;-27,808425;-48,638622;"SPRF-SC";"DEL01-SC";"UOP02-DEL01-SC"
748976;NA;2025-04-06;"domingo";"13:37:00";"SC";101;233,7;"PALHOCA";"Sim";"Rea��o tardia ou ineficiente do condutor";3;"Inc�ndio";"Com V�timas Feridas";"Pleno dia";"Crescente";"C�u Claro";"Dupla";"Curva;Declive";"N�o";1337904;"Semireboque";"SR/TRUCKVAN CA 4ED/TRUCKVAN CA 4ED";2024;NA;NA;NA;NA;NA;NA;NA;NA;-27,808425;-48,638622;"SPRF-SC";"DEL01-SC";"UOP02-DEL01-SC"
748976;NA;2025-04-06;"domingo";"13:37:00";"SC";101;233,7;"PALHOCA";"Sim";"Rea��o tardia ou ineficiente do condutor";3;"Inc�ndio";"Com V�timas Feridas";"Pleno dia";"Crescente";"C�u Claro";"Dupla";"Curva;Declive";"N�o";1337903;"Semireboque";"SR/PALMEIRA SRCF 2E/PALMEIRA SRCF 2E";2024;NA;NA;NA;NA;NA;NA;NA;NA;-27,808425;-48,638622;"SPRF-SC";"DEL01-SC";"UOP02-DEL01-SC"
748976;NA;2025-04-06;"domingo";"13:37:00";"SC";101;233,7;"PALHOCA";"Sim";"Rea��o tardia ou ineficiente do condutor";3;"Inc�ndio";"Com V�timas Feridas";"Pleno dia";"Crescente";"C�u Claro";"Dupla";"Curva;Declive";"N�o";1337902;"Semireboque";"SR/PALMEIRA SRCFQR 2E/PALMEIRA SRCFQR 2E";2024;NA;NA;NA;NA;NA;NA;NA;NA;-27,808425;-48,638622;"SPRF-SC";"DEL01-SC";"UOP02-DEL01-SC"
748976;NA;2025-04-06;"domingo";"13:37:00";"SC";101;233,7;"PALHOCA";"Sim";"Rea��o tardia ou ineficiente do condutor";3;"Inc�ndio";"Com V�timas Feridas";"Pleno dia";"Crescente";"C�u Claro";"Dupla";"Curva;Declive";"N�o";1337901;"Semireboque";"SR/GOTTI SRTA3ED 36/GOTTI SRTA3ED 36";2013;NA;NA;NA;NA;NA;NA;NA;NA;-27,808425;-48,638622;"SPRF-SC";"DEL01-SC";"UOP02-DEL01-SC"
748976;1679818;2025-04-06;"domingo";"13:37:00";"SC";101;233,7;"PALHOCA";"Sim";"Rea��o tardia ou ineficiente do condutor";3;"Inc�ndio";"Com V�timas Feridas";"Pleno dia";"Crescente";"C�u Claro";"Dupla";"Curva;Declive";"N�o";1337900;"Autom�vel";"I/PEUGEOT 206/PEUGEOT 206";2009;"Condutor";"Ileso";32;"Masculino";1;0;0;0;-27,808425;-48,638622;"SPRF-SC";"DEL01-SC";"UOP02-DEL01-SC"
748976;1679817;2025-04-06;"domingo";"13:37:00";"SC";101;233,7;"PALHOCA";"Sim";"Rea��o tardia ou ineficiente do condutor";3;"Inc�ndio";"Com V�timas Feridas";"Pleno dia";"Crescente";"C�u Claro";"Dupla";"Curva;Declive";"N�o";1337899;"Camioneta";"I/CHEV EQUINOX PREMIER/CHEV EQUINOX PREMIER";2018;"Condutor";"Ileso";43;"Feminino";1;0;0;0;-27,808425;-48,638622;"SPRF-SC";"DEL01-SC";"UOP02-DEL01-SC"
748976;1679827;2025-04-06;"domingo";"13:37:00";"SC";101;233,7;"PALHOCA";"Sim";"Rea��o tardia ou ineficiente do condutor";3;"Inc�ndio";"Com V�timas Feridas";"Pleno dia";"Crescente";"C�u Claro";"Dupla";"Curva;Declive";"N�o";1337898;"Autom�vel";"HONDA/FIT LX/FIT LX";2007;"Passageiro";"Ileso";3;"Masculino";1;0;0;0;-27,808425;-48,638622;"SPRF-SC";"DEL01-SC";"UOP02-DEL01-SC"
748976;1679824;2025-04-06;"domingo";"13:37:00";"SC";101;233,7;"PALHOCA";"Sim";"Rea��o tardia ou ineficiente do condutor";3;"Inc�ndio";"Com V�timas Feridas";"Pleno dia";"Crescente";"C�u Claro";"Dupla";"Curva;Declive";"N�o";1337898;"Autom�vel";"HONDA/FIT LX/FIT LX";2007;"Passageiro";"Ileso";23;"Feminino";1;0;0;0;-27,808425;-48,638622;"SPRF-SC";"DEL01-SC";"UOP02-DEL01-SC"
748976;1679822;2025-04-06;"domingo";"13:37:00";"SC";101;233,7;"PALHOCA";"Sim";"Rea��o tardia ou ineficiente do condutor";3;"Inc�ndio";"Com V�timas Feridas";"Pleno dia";"Crescente";"C�u Claro";"Dupla";"Curva;Declive";"N�o";1337898;"Autom�vel";"HONDA/FIT LX/FIT LX";2007;"Passageiro";"Ileso";64;"Feminino";1;0;0;0;-27,808425;-48,638622;"SPRF-SC";"DEL01-SC";"UOP02-DEL01-SC"
748976;1679821;2025-04-06;"domingo";"13:37:00";"SC";101;233,7;"PALHOCA";"Sim";"Rea��o tardia ou ineficiente do condutor";3;"Inc�ndio";"Com V�timas Feridas";"Pleno dia";"Crescente";"C�u Claro";"Dupla";"Curva;Declive";"N�o";1337898;"Autom�vel";"HONDA/FIT LX/FIT LX";2007;"Passageiro";"Les�es Leves";57;"Masculino";0;1;0;0;-27,808425;-48,638622;"SPRF-SC";"DEL01-SC";"UOP02-DEL01-SC"
748976;1679815;2025-04-06;"domingo";"13:37:00";"SC";101;233,7;"PALHOCA";"Sim";"Rea��o tardia ou ineficiente do condutor";3;"Inc�ndio";"Com V�timas Feridas";"Pleno dia";"Crescente";"C�u Claro";"Dupla";"Curva;Declive";"N�o";1337898;"Autom�vel";"HONDA/FIT LX/FIT LX";2007;"Condutor";"Ileso";29;"Masculino";1;0;0;0;-27,808425;-48,638622;"SPRF-SC";"DEL01-SC";"UOP02-DEL01-SC"
748976;1679814;2025-04-06;"domingo";"13:37:00";"SC";101;233,7;"PALHOCA";"Sim";"Rea��o tardia ou ineficiente do condutor";3;"Inc�ndio";"Com V�timas Feridas";"Pleno dia";"Crescente";"C�u Claro";"Dupla";"Curva;Declive";"N�o";1337897;"Autom�vel";"FIAT/PALIO SPORTING 1.6/PALIO SPORTING 1.6";2013;"Condutor";"Ileso";24;"Masculino";1;0;0;0;-27,808425;-48,638622;"SPRF-SC";"DEL01-SC";"UOP02-DEL01-SC"
748976;1679813;2025-04-06;"domingo";"13:37:00";"SC";101;233,7;"PALHOCA";"Sim";"Rea��o tardia ou ineficiente do condutor";3;"Inc�ndio";"Com V�timas Feridas";"Pleno dia";"Crescente";"C�u Claro";"Dupla";"Curva;Declive";"N�o";1337896;"Caminh�o-trator";"IVECO/S-WAY 480-6X2/S-WAY 480-6X2";2024;"Condutor";"Ileso";42;"Masculino";1;0;0;0;-27,808425;-48,638622;"SPRF-SC";"DEL01-SC";"UOP02-DEL01-SC"
748976;1679812;2025-04-06;"domingo";"13:37:00";"SC";101;233,7;"PALHOCA";"Sim";"Rea��o tardia ou ineficiente do condutor";3;"Inc�ndio";"Com V�timas Feridas";"Pleno dia";"Crescente";"C�u Claro";"Dupla";"Curva;Declive";"N�o";1337895;"Autom�vel";"I/FIAT CRONOS DRIVE 1.0/FIAT CRONOS DRIVE 1.0";2024;"Condutor";"Ileso";46;"Masculino";1;0;0;0;-27,808425;-48,638622;"SPRF-SC";"DEL01-SC";"UOP02-DEL01-SC"
748976;1679816;2025-04-06;"domingo";"13:37:00";"SC";101;233,7;"PALHOCA";"Sim";"Rea��o tardia ou ineficiente do condutor";3;"Inc�ndio";"Com V�timas Feridas";"Pleno dia";"Crescente";"C�u Claro";"Dupla";"Curva;Declive";"N�o";1337894;"Autom�vel";"I/RENAULT CLIO AUT1016VH/RENAULT CLIO AUT1016VH";2007;"Condutor";"Les�es Graves";45;"Feminino";0;0;1;0;-27,808425;-48,638622;"SPRF-SC";"DEL01-SC";"UOP02-DEL01-SC"
748976;1679811;2025-04-06;"domingo";"13:37:00";"SC";101;233,7;"PALHOCA";"Sim";"Rea��o tardia ou ineficiente do condutor";3;"Inc�ndio";"Com V�timas Feridas";"Pleno dia";"Crescente";"C�u Claro";"Dupla";"Curva;Declive";"N�o";1337894;"Autom�vel";"I/RENAULT CLIO AUT1016VH/RENAULT CLIO AUT1016VH";2007;"Passageiro";"Les�es Graves";66;"Feminino";0;0;1;0;-27,808425;-48,638622;"SPRF-SC";"DEL01-SC";"UOP02-DEL01-SC"