"id";"pesid";"data_inversa";"dia_semana";"horario";"uf";"br";"km";"municipio";"causa_principal";"causa_acidente";"ordem_tipo_acidente";"tipo_acidente";"classificacao_acidente";"fase_dia";"sentido_via";"condicao_metereologica";"tipo_pista";"tracado_via";"uso_solo";"id_veiculo";"tipo_veiculo";"marca";"ano_fabricacao_veiculo";"tipo_envolvido";"estado_fisico";"idade";"sexo";"ilesos";"feridos_leves";"feridos_graves";"mortos";"latitude";"longitude";"regional";"delegacia";"uop"
748976;1679792;2025-04-06;"domingo";"13:37:00";"SC";101;233,7;"PALHOCA";"Sim";"Rea��o tardia ou ineficiente do condutor";2;"Tombamento";"Com V�timas Feridas";"Pleno dia";"Crescente";"C�u Claro";"Dupla";"Curva;Declive";"N�o";1337877;"Autom�vel";"I/NISSAN SENTRA 20SL CVT/NISSAN SENTRA 20SL CVT";2014;"Condutor";"Ileso";48;"Masculino";1;0;0;0;-27,808425;-48,638622;"SPRF-SC";"DEL01-SC";"UOP02-DEL01-SC"
748976;1679804;2025-04-06;"domingo";"13:37:00";"SC";101;233,7;"PALHOCA";"Sim";"Rea��o tardia ou ineficiente do condutor";2;"Tombamento";"Com V�timas Feridas";"Pleno dia";"Crescente";"C�u Claro";"Dupla";"Curva;Declive";"N�o";1337876;"Caminh�o-trator";"IVECO/STRALIS 600S44T/STRALIS 600S44T";2015;"Passageiro";"Les�es Graves";27;"Feminino";0;0;1;0;-27,808425;-48,638622;"SPRF-SC";"DEL01-SC";"UOP02-DEL01-SC"
748976;1679791;2025-04-06;"domingo";"13:37:00";"SC";101;233,7;"PALHOCA";"Sim";"Rea��o tardia ou ineficiente do condutor";2;"Tombamento";"Com V�timas Feridas";"Pleno dia";"Crescente";"C�u Claro";"Dupla";"Curva;Declive";"N�o";1337876;"Caminh�o-trator";"IVECO/STRALIS 600S44T/STRALIS 600S44T";2015;"Condutor";"Les�es Graves";31;"Masculino";0;0;1;0;-27,808425;-48,638622;"SPRF-SC";"DEL01-SC";"UOP02-DEL01-SC"
748976;NA;2025-04-06;"domingo";"13:37:00";"SC";101;233,7;"PALHOCA";"Sim";"Rea��o tardia ou ineficiente do condutor";1;"Colis�o com objeto";"Com V�timas Feridas";"Pleno dia";"Crescente";"C�u Claro";"Dupla";"Curva;Declive";"N�o";1337906;"Semireboque";"SR/RODOFORTSA SRFG 2E/RODOFORTSA SRFG 2E";2013;NA;NA;NA;NA;NA;NA;NA;NA;-27,808425;-48,638622;"SPRF-SC";"DEL01-SC";"UOP02-DEL01-SC"
748976;NA;2025-04-06;"domingo";"13:37:00";"SC";101;233,7;"PALHOCA";"Sim";"Rea��o tardia ou ineficiente do condutor";1;"Colis�o com objeto";"Com V�timas Feridas";"Pleno dia";"Crescente";"C�u Claro";"Dupla";"Curva;Declive";"N�o";1337905;"Semireboque";"SR/RODOFORTSA SRFG 2E/RODOFORTSA SRFG 2E";2012;NA;NA;NA;NA;NA;NA;NA;NA;-27,808425;-48,638622;"SPRF-SC";"DEL01-SC";"UOP02-DEL01-SC"
748976;NA;2025-04-06;"domingo";"13:37:00";"SC";101;233,7;"PALHOCA";"Sim";"Rea��o tardia ou ineficiente do condutor";1;"Colis�o com objeto";"Com V�timas Feridas";"Pleno dia";"Crescente";"C�u Claro";"Dupla";"Curva;Declive";"N�o";1337904;"Semireboque";"SR/TRUCKVAN CA 4ED/TRUCKVAN CA 4ED";2024;NA;NA;NA;NA;NA;NA;NA;NA;-27,808425;-48,638622;"SPRF-SC";"DEL01-SC";"UOP02-DEL01-SC"
748976;NA;2025-04-06;"domingo";"13:37:00";"SC";101;233,7;"PALHOCA";"Sim";"Rea��o tardia ou ineficiente do condutor";1;"Colis�o com objeto";"Com V�timas Feridas";"Pleno dia";"Crescente";"C�u Claro";"Dupla";"Curva;Declive";"N�o";1337903;"Semireboque";"SR/PALMEIRA SRCF 2E/PALMEIRA SRCF 2E";2024;NA;NA;NA;NA;NA;NA;NA;NA;-27,808425;-48,638622;"SPRF-SC";"DEL01-SC";"UOP02-DEL01-SC"
748976;NA;2025-04-06;"domingo";"13:37:00";"SC";101;233,7;"PALHOCA";"Sim";"Rea��o tardia ou ineficiente do condutor";1;"Colis�o com objeto";"Com V�timas Feridas";"Pleno dia";"Crescente";"C�u Claro";"Dupla";"Curva;Declive";"N�o";1337902;"Semireboque";"SR/PALMEIRA SRCFQR 2E/PALMEIRA SRCFQR 2E";2024;NA;NA;NA;NA;NA;NA;NA;NA;-27,808425;-48,638622;"SPRF-SC";"DEL01-SC";"UOP02-DEL01-SC"
748976;NA;2025-04-06;"domingo";"13:37:00";"SC";101;233,7;"PALHOCA";"Sim";"Rea��o tardia ou ineficiente do condutor";1;"Colis�o com objeto";"Com V�timas Feridas";"Pleno dia";"Crescente";"C�u Claro";"Dupla";"Curva;Declive";"N�o";1337901;"Semireboque";"SR/GOTTI SRTA3ED 36/GOTTI SRTA3ED 36";2013;NA;NA;NA;NA;NA;NA;NA;NA;-27,808425;-48,638622;"SPRF-SC";"DEL01-SC";"UOP02-DEL01-SC"
748976;1679818;2025-04-06;"domingo";"13:37:00";"SC";101;233,7;"PALHOCA";"Sim";"Rea��o tardia ou ineficiente do condutor";1;"Colis�o com objeto";"Com V�timas Feridas";"Pleno dia";"Crescente";"C�u Claro";"Dupla";"Curva;Declive";"N�o";1337900;"Autom�vel";"I/PEUGEOT 206/PEUGEOT 206";2009;"Condutor";"Ileso";32;"Masculino";1;0;0;0;-27,808425;-48,638622;"SPRF-SC";"DEL01-SC";"UOP02-DEL01-SC"
748976;1679817;2025-04-06;"domingo";"13:37:00";"SC";101;233,7;"PALHOCA";"Sim";"Rea��o tardia ou ineficiente do condutor";1;"Colis�o com objeto";"Com V�timas Feridas";"Pleno dia";"Crescente";"C�u Claro";"Dupla";"Curva;Declive";"N�o";1337899;"Camioneta";"I/CHEV EQUINOX PREMIER/CHEV EQUINOX PREMIER";2018;"Condutor";"Ileso";43;"Feminino";1;0;0;0;-27,808425;-48,638622;"SPRF-SC";"DEL01-SC";"UOP02-DEL01-SC"
748976;1679827;2025-04-06;"domingo";"13:37:00";"SC";101;233,7;"PALHOCA";"Sim";"Rea��o tardia ou ineficiente do condutor";1;"Colis�o com objeto";"Com V�timas Feridas";"Pleno dia";"Crescente";"C�u Claro";"Dupla";"Curva;Declive";"N�o";1337898;"Autom�vel";"HONDA/FIT LX/FIT LX";2007;"Passageiro";"Ileso";3;"Masculino";1;0;0;0;-27,808425;-48,638622;"SPRF-SC";"DEL01-SC";"UOP02-DEL01-SC"
748976;1679824;2025-04-06;"domingo";"13:37:00";"SC";101;233,7;"PALHOCA";"Sim";"Rea��o tardia ou ineficiente do condutor";1;"Colis�o com objeto";"Com V�timas Feridas";"Pleno dia";"Crescente";"C�u Claro";"Dupla";"Curva;Declive";"N�o";1337898;"Autom�vel";"HONDA/FIT LX/FIT LX";2007;"Passageiro";"Ileso";23;"Feminino";1;0;0;0;-27,808425;-48,638622;"SPRF-SC";"DEL01-SC";"UOP02-DEL01-SC"
748976;1679822;2025-04-06;"domingo";"13:37:00";"SC";101;233,7;"PALHOCA";"Sim";"Rea��o tardia ou ineficiente do condutor";1;"Colis�o com objeto";"Com V�timas Feridas";"Pleno dia";"Crescente";"C�u Claro";"Dupla";"Curva;Declive";"N�o";1337898;"Autom�vel";"HONDA/FIT LX/FIT LX";2007;"Passageiro";"Ileso";64;"Feminino";1;0;0;0;-27,808425;-48,638622;"SPRF-SC";"DEL01-SC";"UOP02-DEL01-SC"
748976;1679821;2025-04-06;"domingo";"13:37:00";"SC";101;233,7;"PALHOCA";"Sim";"Rea��o tardia ou ineficiente do condutor";1;"Colis�o com objeto";"Com V�timas Feridas";"Pleno dia";"Crescente";"C�u Claro";"Dupla";"Curva;Declive";"N�o";1337898;"Autom�vel";"HONDA/FIT LX/FIT LX";2007;"Passageiro";"Les�es Leves";57;"Masculino";0;1;0;0;-27,808425;-48,638622;"SPRF-SC";"DEL01-SC";"UOP02-DEL01-SC"
748976;1679815;2025-04-06;"domingo";"13:37:00";"SC";101;233,7;"PALHOCA";"Sim";"Rea��o tardia ou ineficiente do condutor";1;"Colis�o com objeto";"Com V�timas Feridas";"Pleno dia";"Crescente";"C�u Claro";"Dupla";"Curva;Declive";"N�o";1337898;"Autom�vel";"HONDA/FIT LX/FIT LX";2007;"Condutor";"Ileso";29;"Masculino";1;0;0;0;-27,808425;-48,638622;"SPRF-SC";"DEL01-SC";"UOP02-DEL01-SC"
748976;1679814;2025-04-06;"domingo";"13:37:00";"SC";101;233,7;"PALHOCA";"Sim";"Rea��o tardia ou ineficiente do condutor";1;"Colis�o com objeto";"Com V�timas Feridas";"Pleno dia";"Crescente";"C�u Claro";"Dupla";"Curva;Declive";"N�o";1337897;"Autom�vel";"FIAT/PALIO SPORTING 1.6/PALIO SPORTING 1.6";2013;"Condutor";"Ileso";24;"Masculino";1;0;0;0;-27,808425;-48,638622;"SPRF-SC";"DEL01-SC";"UOP02-DEL01-SC"
748976;1679813;2025-04-06;"domingo";"13:37:00";"SC";101;233,7;"PALHOCA";"Sim";"Rea��o tardia ou ineficiente do condutor";1;"Colis�o com objeto";"Com V�timas Feridas";"Pleno dia";"Crescente";"C�u Claro";"Dupla";"Curva;Declive";"N�o";1337896;"Caminh�o-trator";"IVECO/S-WAY 480-6X2/S-WAY 480-6X2";2024;"Condutor";"Ileso";42;"Masculino";1;0;0;0;-27,808425;-48,638622;"SPRF-SC";"DEL01-SC";"UOP02-DEL01-SC"
748976;1679812;2025-04-06;"domingo";"13:37:00";"SC";101;233,7;"PALHOCA";"Sim";"Rea��o tardia ou ineficiente do condutor";1;"Colis�o com objeto";"Com V�timas Feridas";"Pleno dia";"Crescente";"C�u Claro";"Dupla";"Curva;Declive";"N�o";1337895;"Autom�vel";"I/FIAT CRONOS DRIVE 1.0/FIAT CRONOS DRIVE 1.0";2024;"Condutor";"Ileso";46;"Masculino";1;0;0;0;-27,808425;-48,638622;"SPRF-SC";"DEL01-SC";"UOP02-DEL01-SC"
748976;1679816;2025-04-06;"domingo";"13:37:00";"SC";101;233,7;"PALHOCA";"Sim";"Rea��o tardia ou ineficiente do condutor";1;"Colis�o com objeto";"Com V�timas Feridas";"Pleno dia";"Crescente";"C�u Claro";"Dupla";"Curva;Declive";"N�o";1337894;"Autom�vel";"I/RENAULT CLIO AUT1016VH/RENAULT CLIO AUT1016VH";2007;"Condutor";"Les�es Graves";45;"Feminino";0;0;1;0;-27,808425;-48,638622;"SPRF-SC";"DEL01-SC";"UOP02-DEL01-SC"
748976;1679811;2025-04-06;"domingo";"13:37:00";"SC";101;233,7;"PALHOCA";"Sim";"Rea��o tardia ou ineficiente do condutor";1;"Colis�o com objeto";"Com V�timas Feridas";"Pleno dia";"Crescente";"C�u Claro";"Dupla";"Curva;Declive";"N�o";1337894;"Autom�vel";"I/RENAULT CLIO AUT1016VH/RENAULT CLIO AUT1016VH";2007;"Passageiro";"Les�es Graves";66;"Feminino";0;0;1;0;-27,808425;-48,638622;"SPRF-SC";"DEL01-SC";"UOP02-DEL01-SC"
748976;1679810;2025-04-06;"domingo";"13:37:00";"SC";101;233,7;"PALHOCA";"Sim";"Rea��o tardia ou ineficiente do condutor";1;"Colis�o com objeto";"Com V�timas Feridas";"Pleno dia";"Crescente";"C�u Claro";"Dupla";"Curva;Declive";"N�o";1337893;"Autom�vel";"FORD/FIESTA FLEX/FIESTA FLEX";2013;"Condutor";"Ileso";51;"Masculino";1;0;0;0;-27,808425;-48,638622;"SPRF-SC";"DEL01-SC";"UOP02-DEL01-SC"
748976;1679809;2025-04-06;"domingo";"13:37:00";"SC";101;233,7;"PALHOCA";"Sim";"Rea��o tardia ou ineficiente do condutor";1;"Colis�o com objeto";"Com V�timas Feridas";"Pleno dia";"Crescente";"C�u Claro";"Dupla";"Curva;Declive";"N�o";1337893;"Autom�vel";"FORD/FIESTA FLEX/FIESTA FLEX";2013;"Passageiro";"Les�es Leves";43;"Feminino";0;1;0;0;-27,808425;-48,638622;"SPRF-SC";"DEL01-SC";"UOP02-DEL01-SC"
748976;1679808;2025-04-06;"domingo";"13:37:00";"SC";101;233,7;"PALHOCA";"Sim";"Rea��o tardia ou ineficiente do condutor";1;"Colis�o com objeto";"Com V�timas Feridas";"Pleno dia";"Crescente";"C�u Claro";"Dupla";"Curva;Declive";"N�o";1337892;"Autom�vel";"I/CHEV CRUZE LTZ NB AT/CHEV CRUZE LTZ NB AT";2018;"Condutor";"Ileso";62;"Masculino";1;0;0;0;-27,808425;-48,638622;"SPRF-SC";"DEL01-SC";"UOP02-DEL01-SC"
748976;1679807;2025-04-06;"domingo";"13:37:00";"SC";101;233,7;"PALHOCA";"Sim";"Rea��o tardia ou ineficiente do condutor";1;"Colis�o com objeto";"Com V�timas Feridas";"Pleno dia";"Crescente";"C�u Claro";"Dupla";"Curva;Declive";"N�o";1337891;"Utilit�rio";"JEEP/COMMANDER OVR TD/COMMANDER OVR TD";2024;"Condutor";"Les�es Leves";55;"Masculino";0;1;0;0;-27,808425;-48,638622;"SPRF-SC";"DEL01-SC";"UOP02-DEL01-SC"
748976;1679806;2025-04-06;"domingo";"13:37:00";"SC";101;233,7;"PALHOCA";"Sim";"Rea��o tardia ou ineficiente do condutor";1;"Colis�o com objeto";"Com V�timas Feridas";"Pleno dia";"Crescente";"C�u Claro";"Dupla";"Curva;Declive";"N�o";1337890;"Autom�vel";"FORD/KA SE 1.0 HA C/KA SE 1.0 HA C";2019;"Condutor";"Les�es Leves";43;"Feminino";0;1;0;0;-27,808425;-48,638622;"SPRF-SC";"DEL01-SC";"UOP02-DEL01-SC"
748976;1679805;2025-04-06;"domingo";"13:37:00";"SC";101;233,7;"PALHOCA";"Sim";"Rea��o tardia ou ineficiente do condutor";1;"Colis�o com objeto";"Com V�timas Feridas";"Pleno dia";"Crescente";"C�u Claro";"Dupla";"Curva;Declive";"N�o";1337889;"Utilit�rio";"I/LR R.R SPT 3.0 TD SE/LR R.R SPT 3.0 TD SE";2017;"Condutor";"Ileso";49;"Masculino";1;0;0;0;-27,808425;-48,638622;"SPRF-SC";"DEL01-SC";"UOP02-DEL01-SC"
748976;1679803;2025-04-06;"domingo";"13:37:00";"SC";101;233,7;"PALHOCA";"Sim";"Rea��o tardia ou ineficiente do condutor";1;"Colis�o com objeto";"Com V�timas Feridas";"Pleno dia";"Crescente";"C�u Claro";"Dupla";"Curva;Declive";"N�o";1337888;"Autom�vel";"VW/GOL MPI/GOL MPI";2022;"Condutor";"Ileso";50;"Masculino";1;0;0;0;-27,808425;-48,638622;"SPRF-SC";"DEL01-SC";"UOP02-DEL01-SC"
748976;1679802;2025-04-06;"domingo";"13:37:00";"SC";101;233,7;"PALHOCA";"Sim";"Rea��o tardia ou ineficiente do condutor";1;"Colis�o com objeto";"Com V�timas Feridas";"Pleno dia";"Crescente";"C�u Claro";"Dupla";"Curva;Declive";"N�o";1337887;"Caminhonete";"I/TOYOTA HILUX CDLOWM4FD/TOYOTA HILUX CDLOWM4FD";2018;"Condutor";"Ileso";50;"Masculino";1;0;0;0;-27,808425;-48,638622;"SPRF-SC";"DEL01-SC";"UOP02-DEL01-SC"
748976;1679801;2025-04-06;"domingo";"13:37:00";"SC";101;233,7;"PALHOCA";"Sim";"Rea��o tardia ou ineficiente do condutor";1;"Colis�o com objeto";"Com V�timas Feridas";"Pleno dia";"Crescente";"C�u Claro";"Dupla";"Curva;Declive";"N�o";1337886;"Autom�vel";"CHEV/ONIX PLUS 10TAT PR2/ONIX PLUS 10TAT PR2";2019;"Condutor";"Ileso";40;"Masculino";1;0;0;0;-27,808425;-48,638622;"SPRF-SC";"DEL01-SC";"UOP02-DEL01-SC"
748976;1679800;2025-04-06;"domingo";"13:37:00";"SC";101;233,7;"PALHOCA";"Sim";"Rea��o tardia ou ineficiente do condutor";1;"Colis�o com objeto";"Com V�timas Feridas";"Pleno dia";"Crescente";"C�u Claro";"Dupla";"Curva;Declive";"N�o";1337885;"Autom�vel";"CHEV/ONIX 10TAT LTZ/ONIX 10TAT LTZ";2023;"Condutor";"Ileso";69;"Masculino";1;0;0;0;-27,808425;-48,638622;"SPRF-SC";"DEL01-SC";"UOP02-DEL01-SC"
748976;1679799;2025-04-06;"domingo";"13:37:00";"SC";101;233,7;"PALHOCA";"Sim";"Rea��o tardia ou ineficiente do condutor";1;"Colis�o com objeto";"Com V�timas Feridas";"Pleno dia";"Crescente";"C�u Claro";"Dupla";"Curva;Declive";"N�o";1337884;"Autom�vel";"FORD/FIESTA SEDAN1.6FLEX/FIESTA SEDAN1.6FLEX";2012;"Condutor";"Ileso";32;"Masculino";1;0;0;0;-27,808425;-48,638622;"SPRF-SC";"DEL01-SC";"UOP02-DEL01-SC"
748976;1679798;2025-04-06;"domingo";"13:37:00";"SC";101;233,7;"PALHOCA";"Sim";"Rea��o tardia ou ineficiente do condutor";1;"Colis�o com objeto";"Com V�timas Feridas";"Pleno dia";"Crescente";"C�u Claro";"Dupla";"Curva;Declive";"N�o";1337883;"Caminh�o-trator";"VOLVO/FH12 380 4X2T/FH12 380 4X2T";2003;"Condutor";"Ileso";63;"Masculino";1;0;0;0;-27,808425;-48,638622;"SPRF-SC";"DEL01-SC";"UOP02-DEL01-SC"
748976;1679797;2025-04-06;"domingo";"13:37:00";"SC";101;233,7;"PALHOCA";"Sim";"Rea��o tardia ou ineficiente do condutor";1;"Colis�o com objeto";"Com V�timas Feridas";"Pleno dia";"Crescente";"C�u Claro";"Dupla";"Curva;Declive";"N�o";1337882;"Caminh�o-trator";"IVECO/EUROTECH 450E37TN1/EUROTECH 450E37TN1";2004;"Condutor";"Ileso";45;"Masculino";1;0;0;0;-27,808425;-48,638622;"SPRF-SC";"DEL01-SC";"UOP02-DEL01-SC"
748976;1679796;2025-04-06;"domingo";"13:37:00";"SC";101;233,7;"PALHOCA";"Sim";"Rea��o tardia ou ineficiente do condutor";1;"Colis�o com objeto";"Com V�timas Feridas";"Pleno dia";"Crescente";"C�u Claro";"Dupla";"Curva;Declive";"N�o";1337881;"Autom�vel";"CHEV/TRACKER 12T A PR/TRACKER 12T A PR";2021;"Condutor";"Ileso";30;"Masculino";1;0;0;0;-27,808425;-48,638622;"SPRF-SC";"DEL01-SC";"UOP02-DEL01-SC"
748976;1679795;2025-04-06;"domingo";"13:37:00";"SC";101;233,7;"PALHOCA";"Sim";"Rea��o tardia ou ineficiente do condutor";1;"Colis�o com objeto";"Com V�timas Feridas";"Pleno dia";"Crescente";"C�u Claro";"Dupla";"Curva;Declive";"N�o";1337880;"Autom�vel";"FIAT/ARGO 1.0/ARGO 1.0";2021;"Condutor";"Ileso";35;"Masculino";1;0;0;0;-27,808425;-48,638622;"SPRF-SC";"DEL01-SC";"UOP02-DEL01-SC"
748976;1679794;2025-04-06;"domingo";"13:37:00";"SC";101;233,7;"PALHOCA";"Sim";"Rea��o tardia ou ineficiente do condutor";1;"Colis�o com objeto";"Com V�timas Feridas";"Pleno dia";"Crescente";"C�u Claro";"Dupla";"Curva;Declive";"N�o";1337879;"Autom�vel";"I/CITROEN C4 PALLAS20EAF/CITROEN C4 PALLAS20EAF";2011;"Condutor";"Ileso";55;"Feminino";1;0;0;0;-27,808425;-48,638622;"SPRF-SC";"DEL01-SC";"UOP02-DEL01-SC"
748976;1679793;2025-04-06;"domingo";"13:37:00";"SC";101;233,7;"PALHOCA";"Sim";"Rea��o tardia ou ineficiente do condutor";1;"Colis�o com objeto";"Com V�timas Feridas";"Pleno dia";"Crescente";"C�u Claro";"Dupla";"Curva;Declive";"N�o";1337878;"Autom�vel";"VW/T CROSS CL TSI/T CROSS CL TSI";2024;"Condutor";"Ileso";43;"Feminino";1;0;0;0;-27,808425;-48,638622;"SPRF-SC";"DEL01-SC";"UOP02-DEL01-SC"
748976;1679792;2025-04-06;"domingo";"13:37:00";"SC";101;233,7;"PALHOCA";"Sim";"Rea��o tardia ou ineficiente do condutor";1;"Colis�o com objeto";"Com V�timas Feridas";"Pleno dia";"Crescente";"C�u Claro";"Dupla";"Curva;Declive";"N�o";1337877;"Autom�vel";"I/NISSAN SENTRA 20SL CVT/NISSAN SENTRA 20SL CVT";2014;"Condutor";"Ileso";48;"Masculino";1;0;0;0;-27,808425;-48,638622;"SPRF-SC";"DEL01-SC";"UOP02-DEL01-SC"
748976;1679804;2025-04-06;"domingo";"13:37:00";"SC";101;233,7;"PALHOCA";"Sim";"Rea��o tardia ou ineficiente do condutor";1;"Colis�o com objeto";"Com V�timas Feridas";"Pleno dia";"Crescente";"C�u Claro";"Dupla";"Curva;Declive";"N�o";1337876;"Caminh�o-trator";"IVECO/STRALIS 600S44T/STRALIS 600S44T";2015;"Passageiro";"Les�es Graves";27;"Feminino";0;0;1;0;-27,808425;-48,638622;"SPRF-SC";"DEL01-SC";"UOP02-DEL01-SC"
748976;1679791;2025-04-06;"domingo";"13:37:00";"SC";101;233,7;"PALHOCA";"Sim";"Rea��o tardia ou ineficiente do condutor";1;"Colis�o com objeto";"Com V�timas Feridas";"Pleno dia";"Crescente";"C�u Claro";"Dupla";"Curva;Declive";"N�o";1337876;"Caminh�o-trator";"IVECO/STRALIS 600S44T/STRALIS 600S44T";2015;"Condutor";"Les�es Graves";31;"Masculino";0;0;1;0;-27,808425;-48,638622;"SPRF-SC";"DEL01-SC";"UOP02-DEL01-SC"
749028;1679952;2025-10-15;"quarta-feira";"05:20:00";"PA";230;696;"BRASIL NOVO";"Sim";"Aus�ncia de rea��o do condutor";3;"Queda de ocupante de ve�culo";"Com V�timas Fatais";"Amanhecer";"Crescente";"Ignorado";"Simples";"Reta";"N�o";1337999;"Caminh�o";"N�o Informado/N�o Informado/N�o Informado";0;"Condutor";"N�o Informado";NA;"N�o Informado";0;0;0;0;-3,3077;-52,52321;"SPRF-PA";"DEL04-PA";"UOP01-DEL04-PA"
749028;1679951;2025-10-15;"quarta-feira";"05:20:00";"PA";230;696;"BRASIL NOVO";"Sim";"Aus�ncia de rea��o do condutor";3;"Queda de ocupante de ve�culo";"Com V�timas Fatais";"Amanhecer";"Crescente";"Ignorado";"Simples";"Reta";"N�o";1337998;"Motocicleta";"HONDA/POP 110I/POP 110I";2019;"Condutor";"�bito";77;"Masculino";0;0;0;1;-3,3077;-52,52321;"SPRF-PA";"DEL04-PA";"UOP01-DEL04-PA"
749028;1679952;2025-10-15;"quarta-feira";"05:20:00";"PA";230;696;"BRASIL NOVO";"Sim";"Aus�ncia de rea��o do condutor";2;"Tombamento";"Com V�timas Fatais";"Amanhecer";"Crescente";"Ignorado";"Simples";"Reta";"N�o";1337999;"Caminh�o";"N�o Informado/N�o Informado/N�o Informado";0;"Condutor";"N�o Informado";NA;"N�o Informado";0;0;0;0;-3,3077;-52,52321;"SPRF-PA";"DEL04-PA";"UOP01-DEL04-PA"
749028;1679951;2025-10-15;"quarta-feira";"05:20:00";"PA";230;696;"BRASIL NOVO";"Sim";"Aus�ncia de rea��o do condutor";2;"Tombamento";"Com V�timas Fatais";"Amanhecer";"Crescente";"Ignorado";"Simples";"Reta";"N�o";1337998;"Motocicleta";"HONDA/POP 110I/POP 110I";2019;"Condutor";"�bito";77;"Masculino";0;0;0;1;-3,3077;-52,52321;"SPRF-PA";"DEL04-PA";"UOP01-DEL04-PA"
749028;1679952;2025-10-15;"quarta-feira";"05:20:00";"PA";230;696;"BRASIL NOVO";"Sim";"Aus�ncia de rea��o do condutor";1;"Colis�o traseira";"Com V�timas Fatais";"Amanhecer";"Crescente";"Ignorado";"Simples";"Reta";"N�o";1337999;"Caminh�o";"N�o Informado/N�o Informado/N�o Informado";0;"Condutor";"N�o Informado";NA;"N�o Informado";0;0;0;0;-3,3077;-52,52321;"SPRF-PA";"DEL04-PA";"UOP01-DEL04-PA"
749028;1679951;2025-10-15;"quarta-feira";"05:20:00";"PA";230;696;"BRASIL NOVO";"Sim";"Aus�ncia de rea��o do condutor";1;"Colis�o traseira";"Com V�timas Fatais";"Amanhecer";"Crescente";"Ignorado";"Simples";"Reta";"N�o";1337998;"Motocicleta";"HONDA/POP 110I/POP 110I";2019;"Condutor";"�bito";77;"Masculino";0;0;0;1;-3,3077;-52,52321;"SPRF-PA";"DEL04-PA";"UOP01-DEL04-PA"
749160;1680252;2025-12-20;"s�bado";"13:00:00";"PR";158;222;"CAMPO MOURAO";"N�o";"Rea��o tardia ou ineficiente do condutor";2;"Queda de ocupante de ve�culo";"Com V�timas Feridas";"Pleno dia";"Crescente";"C�u Claro";"Simples";"Interse��o de Vias";"N�o";1338254;"Motocicleta";"HONDA/CB250F TWISTER CBS/CB250F TWISTER CBS";0;"Condutor";"Les�es Leves";NA;"Masculino";0;1;0;0;-24,069586;-52,352411;"SPRF-PR";"DEL09-PR";"UOP03-DEL09-PR"
749160;1680251;2025-12-20;"s�bado";"13:00:00";"PR";158;222;"CAMPO MOURAO";"N�o";"Rea��o tardia ou ineficiente do condutor";2;"Queda de ocupante de ve�culo";"Com V�timas Feridas";"Pleno dia";"Crescente";"C�u Claro";"Simples";"Interse��o de Vias";"N�o";1338253;"Utilit�rio";"JEEP/RENEGADE THAWK AT D/RENEGADE THAWK AT D";0;"Condutor";"Ileso";NA;"Masculino";1;0;0;0;-24,069586;-52,352411;"SPRF-PR";"DEL09-PR";"UOP03-DEL09-PR"
749160;1680252;2025-12-20;"s�bado";"13:00:00";"PR";158;222;"CAMPO MOURAO";"N�o";"Rea��o tardia ou ineficiente do condutor";1;"Tombamento";"Com V�timas Feridas";"Pleno dia";"Crescente";"C�u Claro";"Simples";"Interse��o de Vias";"N�o";1338254;"Motocicleta";"HONDA/CB250F TWISTER CBS/CB250F TWISTER CBS";0;"Condutor";"Les�es Leves";NA;"Masculino";0;1;0;0;-24,069586;-52,352411;"SPRF-PR";"DEL09-PR";"UOP03-DEL09-PR"
749160;1680251;2025-12-20;"s�bado";"13:00:00";"PR";158;222;"CAMPO MOURAO";"N�o";"Rea��o tardia ou ineficiente do condutor";1;"Tombamento";"Com V�timas Feridas";"Pleno dia";"Crescente";"C�u Claro";"Simples";"Interse��o de Vias";"N�o";1338253;"Utilit�rio";"JEEP/RENEGADE THAWK AT D/RENEGADE THAWK AT D";0;"Condutor";"Ileso";NA;"Masculino";1;0;0;0;-24,069586;-52,352411;"SPRF-PR";"DEL09-PR";"UOP03-DEL09-PR"
749160;1680252;2025-12-20;"s�bado";"13:00:00";"PR";158;222;"CAMPO MOURAO";"Sim";"Acessar a via sem observar a presen�a dos outros ve�culos";2;"Queda de ocupante de ve�culo";"Com V�timas Feridas";"Pleno dia";"Crescente";"C�u Claro";"Simples";"Interse��o de Vias";"N�o";1338254;"Motocicleta";"HONDA/CB250F TWISTER CBS/CB250F TWISTER CBS";0;"Condutor";"Les�es Leves";NA;"Masculino";0;1;0;0;-24,069586;-52,352411;"SPRF-PR";"DEL09-PR";"UOP03-DEL09-PR"
749160;1680251;2025-12-20;"s�bado";"13:00:00";"PR";158;222;"CAMPO MOURAO";"Sim";"Acessar a via sem observar a presen�a dos outros ve�culos";2;"Queda de ocupante de ve�culo";"Com V�timas Feridas";"Pleno dia";"Crescente";"C�u Claro";"Simples";"Interse��o de Vias";"N�o";1338253;"Utilit�rio";"JEEP/RENEGADE THAWK AT D/RENEGADE THAWK AT D";0;"Condutor";"Ileso";NA;"Masculino";1;0;0;0;-24,069586;-52,352411;"SPRF-PR";"DEL09-PR";"UOP03-DEL09-PR"