"id";"pesid";"data_inversa";"dia_semana";"horario";"uf";"br";"km";"municipio";"causa_principal";"causa_acidente";"ordem_tipo_acidente";"tipo_acidente";"classificacao_acidente";"fase_dia";"sentido_via";"condicao_metereologica";"tipo_pista";"tracado_via";"uso_solo";"id_veiculo";"tipo_veiculo";"marca";"ano_fabricacao_veiculo";"tipo_envolvido";"estado_fisico";"idade";"sexo";"ilesos";"feridos_leves";"feridos_graves";"mortos";"latitude";"longitude";"regional";"delegacia";"uop"
749160;1680252;2025-12-20;"s�bado";"13:00:00";"PR";158;222;"CAMPO MOURAO";"Sim";"Acessar a via sem observar a presen�a dos outros ve�culos";1;"Tombamento";"Com V�timas Feridas";"Pleno dia";"Crescente";"C�u Claro";"Simples";"Interse��o de Vias";"N�o";1338254;"Motocicleta";"HONDA/CB250F TWISTER CBS/CB250F TWISTER CBS";0;"Condutor";"Les�es Leves";NA;"Masculino";0;1;0;0;-24,069586;-52,352411;"SPRF-PR";"DEL09-PR";"UOP03-DEL09-PR"
749160;1680251;2025-12-20;"s�bado";"13:00:00";"PR";158;222;"CAMPO MOURAO";"Sim";"Acessar a via sem observar a presen�a dos outros ve�culos";1;"Tombamento";"Com V�timas Feridas";"Pleno dia";"Crescente";"C�u Claro";"Simples";"Interse��o de Vias";"N�o";1338253;"Utilit�rio";"JEEP/RENEGADE THAWK AT D/RENEGADE THAWK AT D";0;"Condutor";"Ileso";NA;"Masculino";1;0;0;0;-24,069586;-52,352411;"SPRF-PR";"DEL09-PR";"UOP03-DEL09-PR"
749326;1680669;2025-12-31;"quarta-feira";"23:00:00";"RJ";101;435;"MANGARATIBA";"Sim";"Aus�ncia de rea��o do condutor";1;"Sa�da de leito carro��vel";"Com V�timas Feridas";"Plena Noite";"Crescente";"Garoa/Chuvisco";"Simples";"Curva";"N�o";1338568;"Motocicleta";"HONDA/NXR150 BROS ES/NXR150 BROS ES";2009;"Passageiro";"Ileso";48;"Feminino";1;0;0;0;-22,93517086;-43,99874365;"SPRF-RJ";"DEL03-RJ";"UOP02-DEL03-RJ"
749326;1680668;2025-12-31;"quarta-feira";"23:00:00";"RJ";101;435;"MANGARATIBA";"Sim";"Aus�ncia de rea��o do condutor";1;"Sa�da de leito carro��vel";"Com V�timas Feridas";"Plena Noite";"Crescente";"Garoa/Chuvisco";"Simples";"Curva";"N�o";1338568;"Motocicleta";"HONDA/NXR150 BROS ES/NXR150 BROS ES";2009;"Condutor";"Les�es Leves";31;"Masculino";0;1;0;0;-22,93517086;-43,99874365;"SPRF-RJ";"DEL03-RJ";"UOP02-DEL03-RJ"
749326;1680669;2025-12-31;"quarta-feira";"23:00:00";"RJ";101;435;"MANGARATIBA";"Sim";"Aus�ncia de rea��o do condutor";3;"Queda de ocupante de ve�culo";"Com V�timas Feridas";"Plena Noite";"Crescente";"Garoa/Chuvisco";"Simples";"Curva";"N�o";1338568;"Motocicleta";"HONDA/NXR150 BROS ES/NXR150 BROS ES";2009;"Passageiro";"Ileso";48;"Feminino";1;0;0;0;-22,93517086;-43,99874365;"SPRF-RJ";"DEL03-RJ";"UOP02-DEL03-RJ"
749326;1680668;2025-12-31;"quarta-feira";"23:00:00";"RJ";101;435;"MANGARATIBA";"Sim";"Aus�ncia de rea��o do condutor";3;"Queda de ocupante de ve�culo";"Com V�timas Feridas";"Plena Noite";"Crescente";"Garoa/Chuvisco";"Simples";"Curva";"N�o";1338568;"Motocicleta";"HONDA/NXR150 BROS ES/NXR150 BROS ES";2009;"Condutor";"Les�es Leves";31;"Masculino";0;1;0;0;-22,93517086;-43,99874365;"SPRF-RJ";"DEL03-RJ";"UOP02-DEL03-RJ"
749326;1680669;2025-12-31;"quarta-feira";"23:00:00";"RJ";101;435;"MANGARATIBA";"Sim";"Aus�ncia de rea��o do condutor";2;"Tombamento";"Com V�timas Feridas";"Plena Noite";"Crescente";"Garoa/Chuvisco";"Simples";"Curva";"N�o";1338568;"Motocicleta";"HONDA/NXR150 BROS ES/NXR150 BROS ES";2009;"Passageiro";"Ileso";48;"Feminino";1;0;0;0;-22,93517086;-43,99874365;"SPRF-RJ";"DEL03-RJ";"UOP02-DEL03-RJ"
749326;1680668;2025-12-31;"quarta-feira";"23:00:00";"RJ";101;435;"MANGARATIBA";"Sim";"Aus�ncia de rea��o do condutor";2;"Tombamento";"Com V�timas Feridas";"Plena Noite";"Crescente";"Garoa/Chuvisco";"Simples";"Curva";"N�o";1338568;"Motocicleta";"HONDA/NXR150 BROS ES/NXR150 BROS ES";2009;"Condutor";"Les�es Leves";31;"Masculino";0;1;0;0;-22,93517086;-43,99874365;"SPRF-RJ";"DEL03-RJ";"UOP02-DEL03-RJ"
749344;1680700;2025-11-13;"quinta-feira";"17:30:00";"RJ";101;506;"ANGRA DOS REIS";"Sim";"Acessar a via sem observar a presen�a dos outros ve�culos";1;"Colis�o transversal";"Com V�timas Feridas";"Anoitecer";"Crescente";"C�u Claro";"Simples";"Reta";"Sim";1338603;"Motocicleta";"YAMAHA/FZ25 FAZER/FZ25 FAZER";2022;"Condutor";"Les�es Leves";49;"Feminino";0;1;0;0;-23,010591;-44,208184;"SPRF-RJ";"DEL03-RJ";"UOP03-DEL03-RJ"
749344;1680699;2025-11-13;"quinta-feira";"17:30:00";"RJ";101;506;"ANGRA DOS REIS";"Sim";"Acessar a via sem observar a presen�a dos outros ve�culos";1;"Colis�o transversal";"Com V�timas Feridas";"Anoitecer";"Crescente";"C�u Claro";"Simples";"Reta";"Sim";1338602;"Autom�vel";"GM/CORSA SEDAN JOY/CORSA SEDAN JOY";2004;"Condutor";"Ileso";58;"Masculino";1;0;0;0;-23,010591;-44,208184;"SPRF-RJ";"DEL03-RJ";"UOP03-DEL03-RJ"
749350;1680711;2025-09-10;"quarta-feira";"18:30:00";"GO";40;45;"LUZIANIA";"Sim";"Demais falhas mec�nicas ou el�tricas";1;"Colis�o transversal";"Com V�timas Fatais";"Plena Noite";"Decrescente";"C�u Claro";"Dupla";"Reta;Declive";"N�o";1338610;"Caminhonete";"FORD/COURIER L 1.6 FLEX/COURIER L 1.6 FLEX";2009;"Condutor";"�bito";62;"Masculino";0;0;0;1;-16,39385028;-47,82474157;"SPRF-DF";"DEL01-DF";"UOP02-DEL01-DF"
749350;1680710;2025-09-10;"quarta-feira";"18:30:00";"GO";40;45;"LUZIANIA";"Sim";"Demais falhas mec�nicas ou el�tricas";1;"Colis�o transversal";"Com V�timas Fatais";"Plena Noite";"Decrescente";"C�u Claro";"Dupla";"Reta;Declive";"N�o";1338609;"Caminh�o";"M.BENZ/L 1114/L 1114";1987;"Condutor";"Ileso";37;"Masculino";1;0;0;0;-16,39385028;-47,82474157;"SPRF-DF";"DEL01-DF";"UOP02-DEL01-DF"
749360;1680735;2025-12-28;"domingo";"04:03:00";"RJ";101;409;"ITAGUAI";"Sim";"Condutor deixou de manter dist�ncia do ve�culo da frente";2;"Sa�da de leito carro��vel";"Com V�timas Feridas";"Amanhecer";"Crescente";"C�u Claro";"Dupla";"Reta";"N�o";1338624;"Caminhonete";"FIAT/STRADA HD WK CE E/STRADA HD WK CE E";2019;"Condutor";"N�o Informado";NA;"N�o Informado";0;0;0;0;-22,8589081;-43,7591294;"SPRF-RJ";"DEL03-RJ";"UOP01-DEL03-RJ"
749360;1680736;2025-12-28;"domingo";"04:03:00";"RJ";101;409;"ITAGUAI";"Sim";"Condutor deixou de manter dist�ncia do ve�culo da frente";2;"Sa�da de leito carro��vel";"Com V�timas Feridas";"Amanhecer";"Crescente";"C�u Claro";"Dupla";"Reta";"N�o";1338623;"Autom�vel";"RENAULT/SANDERO EXPR 16/SANDERO EXPR 16";2015;"Passageiro";"Les�es Leves";3;"Feminino";0;1;0;0;-22,8589081;-43,7591294;"SPRF-RJ";"DEL03-RJ";"UOP01-DEL03-RJ"
749360;1680734;2025-12-28;"domingo";"04:03:00";"RJ";101;409;"ITAGUAI";"Sim";"Condutor deixou de manter dist�ncia do ve�culo da frente";2;"Sa�da de leito carro��vel";"Com V�timas Feridas";"Amanhecer";"Crescente";"C�u Claro";"Dupla";"Reta";"N�o";1338623;"Autom�vel";"RENAULT/SANDERO EXPR 16/SANDERO EXPR 16";2015;"Condutor";"Les�es Leves";33;"Feminino";0;1;0;0;-22,8589081;-43,7591294;"SPRF-RJ";"DEL03-RJ";"UOP01-DEL03-RJ"
749360;1680735;2025-12-28;"domingo";"04:03:00";"RJ";101;409;"ITAGUAI";"Sim";"Condutor deixou de manter dist�ncia do ve�culo da frente";1;"Colis�o traseira";"Com V�timas Feridas";"Amanhecer";"Crescente";"C�u Claro";"Dupla";"Reta";"N�o";1338624;"Caminhonete";"FIAT/STRADA HD WK CE E/STRADA HD WK CE E";2019;"Condutor";"N�o Informado";NA;"N�o Informado";0;0;0;0;-22,8589081;-43,7591294;"SPRF-RJ";"DEL03-RJ";"UOP01-DEL03-RJ"
749360;1680736;2025-12-28;"domingo";"04:03:00";"RJ";101;409;"ITAGUAI";"Sim";"Condutor deixou de manter dist�ncia do ve�culo da frente";1;"Colis�o traseira";"Com V�timas Feridas";"Amanhecer";"Crescente";"C�u Claro";"Dupla";"Reta";"N�o";1338623;"Autom�vel";"RENAULT/SANDERO EXPR 16/SANDERO EXPR 16";2015;"Passageiro";"Les�es Leves";3;"Feminino";0;1;0;0;-22,8589081;-43,7591294;"SPRF-RJ";"DEL03-RJ";"UOP01-DEL03-RJ"
749360;1680734;2025-12-28;"domingo";"04:03:00";"RJ";101;409;"ITAGUAI";"Sim";"Condutor deixou de manter dist�ncia do ve�culo da frente";1;"Colis�o traseira";"Com V�timas Feridas";"Amanhecer";"Crescente";"C�u Claro";"Dupla";"Reta";"N�o";1338623;"Autom�vel";"RENAULT/SANDERO EXPR 16/SANDERO EXPR 16";2015;"Condutor";"Les�es Leves";33;"Feminino";0;1;0;0;-22,8589081;-43,7591294;"SPRF-RJ";"DEL03-RJ";"UOP01-DEL03-RJ"
749404;NA;2025-11-25;"ter�a-feira";"18:30:00";"MT";70;89;"BARRA DO GARCAS";"Sim";"Restri��o de visibilidade em curvas verticais";1;"Sa�da de leito carro��vel";"Com V�timas Feridas";"Plena Noite";"Decrescente";"C�u Claro";"Simples";"Curva";"N�o";1338686;"Semireboque";"R/RANDON SR BA/RANDON SR BA";2011;NA;NA;NA;NA;NA;NA;NA;NA;-15,8725199;-52,3855256;"SPRF-MT";"DEL07-MT";"UOP01-DEL07-MT"
749404;NA;2025-11-25;"ter�a-feira";"18:30:00";"MT";70;89;"BARRA DO GARCAS";"Sim";"Restri��o de visibilidade em curvas verticais";1;"Sa�da de leito carro��vel";"Com V�timas Feridas";"Plena Noite";"Decrescente";"C�u Claro";"Simples";"Curva";"N�o";1338685;"Semireboque";"R/RANDON SR BA/RANDON SR BA";2011;NA;NA;NA;NA;NA;NA;NA;NA;-15,8725199;-52,3855256;"SPRF-MT";"DEL07-MT";"UOP01-DEL07-MT"
749404;1680828;2025-11-25;"ter�a-feira";"18:30:00";"MT";70;89;"BARRA DO GARCAS";"Sim";"Restri��o de visibilidade em curvas verticais";1;"Sa�da de leito carro��vel";"Com V�timas Feridas";"Plena Noite";"Decrescente";"C�u Claro";"Simples";"Curva";"N�o";1338684;"Caminh�o-trator";"IVECO/STRALIS 600S40T/STRALIS 600S40T";2013;"Condutor";"Les�es Leves";58;"Masculino";0;1;0;0;-15,8725199;-52,3855256;"SPRF-MT";"DEL07-MT";"UOP01-DEL07-MT"
749417;1680865;2025-12-07;"domingo";"18:11:00";"PE";104;76,7;"CARUARU";"Sim";"Manobra de mudan�a de faixa";1;"Colis�o frontal";"Com V�timas Feridas";"Plena Noite";"Decrescente";"C�u Claro";"Simples";"Curva;Interse��o de Vias";"N�o";1338720;"Caminhonete";"FIAT/STRADA WORKING CD/STRADA WORKING CD";2014;"Condutor";"Les�es Leves";58;"Masculino";0;1;0;0;-8,374212;-35,983883;"SPRF-PE";"DEL02-PE";"UOP01-DEL02-PE"
749417;1680869;2025-12-07;"domingo";"18:11:00";"PE";104;76,7;"CARUARU";"Sim";"Manobra de mudan�a de faixa";1;"Colis�o frontal";"Com V�timas Feridas";"Plena Noite";"Decrescente";"C�u Claro";"Simples";"Curva;Interse��o de Vias";"N�o";1338719;"Autom�vel";"VW/NOVO VOYAGE 1.0/NOVO VOYAGE 1.0";2012;"Passageiro";"Les�es Leves";17;"Masculino";0;1;0;0;-8,374212;-35,983883;"SPRF-PE";"DEL02-PE";"UOP01-DEL02-PE"
749417;1680868;2025-12-07;"domingo";"18:11:00";"PE";104;76,7;"CARUARU";"Sim";"Manobra de mudan�a de faixa";1;"Colis�o frontal";"Com V�timas Feridas";"Plena Noite";"Decrescente";"C�u Claro";"Simples";"Curva;Interse��o de Vias";"N�o";1338719;"Autom�vel";"VW/NOVO VOYAGE 1.0/NOVO VOYAGE 1.0";2012;"Passageiro";"Les�es Leves";22;"Masculino";0;1;0;0;-8,374212;-35,983883;"SPRF-PE";"DEL02-PE";"UOP01-DEL02-PE"
749417;1680867;2025-12-07;"domingo";"18:11:00";"PE";104;76,7;"CARUARU";"Sim";"Manobra de mudan�a de faixa";1;"Colis�o frontal";"Com V�timas Feridas";"Plena Noite";"Decrescente";"C�u Claro";"Simples";"Curva;Interse��o de Vias";"N�o";1338719;"Autom�vel";"VW/NOVO VOYAGE 1.0/NOVO VOYAGE 1.0";2012;"Passageiro";"Les�es Leves";21;"Feminino";0;1;0;0;-8,374212;-35,983883;"SPRF-PE";"DEL02-PE";"UOP01-DEL02-PE"
749417;1680866;2025-12-07;"domingo";"18:11:00";"PE";104;76,7;"CARUARU";"Sim";"Manobra de mudan�a de faixa";1;"Colis�o frontal";"Com V�timas Feridas";"Plena Noite";"Decrescente";"C�u Claro";"Simples";"Curva;Interse��o de Vias";"N�o";1338719;"Autom�vel";"VW/NOVO VOYAGE 1.0/NOVO VOYAGE 1.0";2012;"Passageiro";"Les�es Leves";42;"Feminino";0;1;0;0;-8,374212;-35,983883;"SPRF-PE";"DEL02-PE";"UOP01-DEL02-PE"
749417;1680864;2025-12-07;"domingo";"18:11:00";"PE";104;76,7;"CARUARU";"Sim";"Manobra de mudan�a de faixa";1;"Colis�o frontal";"Com V�timas Feridas";"Plena Noite";"Decrescente";"C�u Claro";"Simples";"Curva;Interse��o de Vias";"N�o";1338719;"Autom�vel";"VW/NOVO VOYAGE 1.0/NOVO VOYAGE 1.0";2012;"Condutor";"Les�es Leves";45;"Masculino";0;1;0;0;-8,374212;-35,983883;"SPRF-PE";"DEL02-PE";"UOP01-DEL02-PE"
749452;1680977;2025-12-23;"ter�a-feira";"06:50:00";"RJ";101;222;"SILVA JARDIM";"Sim";"Demais falhas mec�nicas ou el�tricas";1;"Capotamento";"Com V�timas Feridas";"Amanhecer";"Decrescente";"C�u Claro";"Dupla";"Curva";"N�o";1338783;"Camioneta";"FORD/ECOSPORT FSL1.6FLEX/ECOSPORT FSL1.6FLEX";2011;"Passageiro";"Les�es Leves";65;"Feminino";0;1;0;0;-22,50653078;-42,29393005;"SPRF-RJ";"DEL02-RJ";"UOP03-DEL02-RJ"
749452;1680976;2025-12-23;"ter�a-feira";"06:50:00";"RJ";101;222;"SILVA JARDIM";"Sim";"Demais falhas mec�nicas ou el�tricas";1;"Capotamento";"Com V�timas Feridas";"Amanhecer";"Decrescente";"C�u Claro";"Dupla";"Curva";"N�o";1338783;"Camioneta";"FORD/ECOSPORT FSL1.6FLEX/ECOSPORT FSL1.6FLEX";2011;"Passageiro";"Les�es Leves";25;"Feminino";0;1;0;0;-22,50653078;-42,29393005;"SPRF-RJ";"DEL02-RJ";"UOP03-DEL02-RJ"
749452;1680975;2025-12-23;"ter�a-feira";"06:50:00";"RJ";101;222;"SILVA JARDIM";"Sim";"Demais falhas mec�nicas ou el�tricas";1;"Capotamento";"Com V�timas Feridas";"Amanhecer";"Decrescente";"C�u Claro";"Dupla";"Curva";"N�o";1338783;"Camioneta";"FORD/ECOSPORT FSL1.6FLEX/ECOSPORT FSL1.6FLEX";2011;"Condutor";"Les�es Leves";57;"Masculino";0;1;0;0;-22,50653078;-42,29393005;"SPRF-RJ";"DEL02-RJ";"UOP03-DEL02-RJ"
749516;NA;2025-12-12;"sexta-feira";"21:50:00";"MG";251;328;"FRUTA DE LEITE";"N�o";"Transitar na contram�o";2;"Tombamento";"Com V�timas Feridas";"Plena Noite";"Crescente";"C�u Claro";"Simples";"Curva;Declive";"N�o";1338911;"Semireboque";"SR/IBIPORA SR3E FRIG/IBIPORA SR3E FRIG";2011;NA;NA;NA;NA;NA;NA;NA;NA;-16,234776;-42,381153;"SPRF-MG";"DEL12-MG";"UOP02-DEL12-MG"
749516;NA;2025-12-12;"sexta-feira";"21:50:00";"MG";251;328;"FRUTA DE LEITE";"N�o";"Transitar na contram�o";2;"Tombamento";"Com V�timas Feridas";"Plena Noite";"Crescente";"C�u Claro";"Simples";"Curva;Declive";"N�o";1338910;"Semireboque";"SR/FACCHINI SRF CF/FACCHINI SRF CF";2021;NA;NA;NA;NA;NA;NA;NA;NA;-16,234776;-42,381153;"SPRF-MG";"DEL12-MG";"UOP02-DEL12-MG"
749516;1681132;2025-12-12;"sexta-feira";"21:50:00";"MG";251;328;"FRUTA DE LEITE";"N�o";"Transitar na contram�o";2;"Tombamento";"Com V�timas Feridas";"Plena Noite";"Crescente";"C�u Claro";"Simples";"Curva;Declive";"N�o";1338909;"Caminh�o-trator";"SCANIA/G370 A4X2/G370 A4X2";2023;"Condutor";"Ileso";28;"Masculino";1;0;0;0;-16,234776;-42,381153;"SPRF-MG";"DEL12-MG";"UOP02-DEL12-MG"
749516;1681131;2025-12-12;"sexta-feira";"21:50:00";"MG";251;328;"FRUTA DE LEITE";"N�o";"Transitar na contram�o";2;"Tombamento";"Com V�timas Feridas";"Plena Noite";"Crescente";"C�u Claro";"Simples";"Curva;Declive";"N�o";1338908;"Caminh�o-trator";"VOLVO/FH 460 6X2T/FH 460 6X2T";2018;"Condutor";"Les�es Graves";53;"Masculino";0;0;1;0;-16,234776;-42,381153;"SPRF-MG";"DEL12-MG";"UOP02-DEL12-MG"
749516;NA;2025-12-12;"sexta-feira";"21:50:00";"MG";251;328;"FRUTA DE LEITE";"N�o";"Transitar na contram�o";1;"Colis�o lateral sentido oposto";"Com V�timas Feridas";"Plena Noite";"Crescente";"C�u Claro";"Simples";"Curva;Declive";"N�o";1338911;"Semireboque";"SR/IBIPORA SR3E FRIG/IBIPORA SR3E FRIG";2011;NA;NA;NA;NA;NA;NA;NA;NA;-16,234776;-42,381153;"SPRF-MG";"DEL12-MG";"UOP02-DEL12-MG"
749516;NA;2025-12-12;"sexta-feira";"21:50:00";"MG";251;328;"FRUTA DE LEITE";"N�o";"Transitar na contram�o";1;"Colis�o lateral sentido oposto";"Com V�timas Feridas";"Plena Noite";"Crescente";"C�u Claro";"Simples";"Curva;Declive";"N�o";1338910;"Semireboque";"SR/FACCHINI SRF CF/FACCHINI SRF CF";2021;NA;NA;NA;NA;NA;NA;NA;NA;-16,234776;-42,381153;"SPRF-MG";"DEL12-MG";"UOP02-DEL12-MG"
749516;1681132;2025-12-12;"sexta-feira";"21:50:00";"MG";251;328;"FRUTA DE LEITE";"N�o";"Transitar na contram�o";1;"Colis�o lateral sentido oposto";"Com V�timas Feridas";"Plena Noite";"Crescente";"C�u Claro";"Simples";"Curva;Declive";"N�o";1338909;"Caminh�o-trator";"SCANIA/G370 A4X2/G370 A4X2";2023;"Condutor";"Ileso";28;"Masculino";1;0;0;0;-16,234776;-42,381153;"SPRF-MG";"DEL12-MG";"UOP02-DEL12-MG"
749516;1681131;2025-12-12;"sexta-feira";"21:50:00";"MG";251;328;"FRUTA DE LEITE";"N�o";"Transitar na contram�o";1;"Colis�o lateral sentido oposto";"Com V�timas Feridas";"Plena Noite";"Crescente";"C�u Claro";"Simples";"Curva;Declive";"N�o";1338908;"Caminh�o-trator";"VOLVO/FH 460 6X2T/FH 460 6X2T";2018;"Condutor";"Les�es Graves";53;"Masculino";0;0;1;0;-16,234776;-42,381153;"SPRF-MG";"DEL12-MG";"UOP02-DEL12-MG"
749516;NA;2025-12-12;"sexta-feira";"21:50:00";"MG";251;328;"FRUTA DE LEITE";"Sim";"Rea��o tardia ou ineficiente do condutor";2;"Tombamento";"Com V�timas Feridas";"Plena Noite";"Crescente";"C�u Claro";"Simples";"Curva;Declive";"N�o";1338911;"Semireboque";"SR/IBIPORA SR3E FRIG/IBIPORA SR3E FRIG";2011;NA;NA;NA;NA;NA;NA;NA;NA;-16,234776;-42,381153;"SPRF-MG";"DEL12-MG";"UOP02-DEL12-MG"
749516;NA;2025-12-12;"sexta-feira";"21:50:00";"MG";251;328;"FRUTA DE LEITE";"Sim";"Rea��o tardia ou ineficiente do condutor";2;"Tombamento";"Com V�timas Feridas";"Plena Noite";"Crescente";"C�u Claro";"Simples";"Curva;Declive";"N�o";1338910;"Semireboque";"SR/FACCHINI SRF CF/FACCHINI SRF CF";2021;NA;NA;NA;NA;NA;NA;NA;NA;-16,234776;-42,381153;"SPRF-MG";"DEL12-MG";"UOP02-DEL12-MG"
749516;1681132;2025-12-12;"sexta-feira";"21:50:00";"MG";251;328;"FRUTA DE LEITE";"Sim";"Rea��o tardia ou ineficiente do condutor";2;"Tombamento";"Com V�timas Feridas";"Plena Noite";"Crescente";"C�u Claro";"Simples";"Curva;Declive";"N�o";1338909;"Caminh�o-trator";"SCANIA/G370 A4X2/G370 A4X2";2023;"Condutor";"Ileso";28;"Masculino";1;0;0;0;-16,234776;-42,381153;"SPRF-MG";"DEL12-MG";"UOP02-DEL12-MG"
749516;1681131;2025-12-12;"sexta-feira";"21:50:00";"MG";251;328;"FRUTA DE LEITE";"Sim";"Rea��o tardia ou ineficiente do condutor";2;"Tombamento";"Com V�timas Feridas";"Plena Noite";"Crescente";"C�u Claro";"Simples";"Curva;Declive";"N�o";1338908;"Caminh�o-trator";"VOLVO/FH 460 6X2T/FH 460 6X2T";2018;"Condutor";"Les�es Graves";53;"Masculino";0;0;1;0;-16,234776;-42,381153;"SPRF-MG";"DEL12-MG";"UOP02-DEL12-MG"
749516;NA;2025-12-12;"sexta-feira";"21:50:00";"MG";251;328;"FRUTA DE LEITE";"Sim";"Rea��o tardia ou ineficiente do condutor";1;"Colis�o lateral sentido oposto";"Com V�timas Feridas";"Plena Noite";"Crescente";"C�u Claro";"Simples";"Curva;Declive";"N�o";1338911;"Semireboque";"SR/IBIPORA SR3E FRIG/IBIPORA SR3E FRIG";2011;NA;NA;NA;NA;NA;NA;NA;NA;-16,234776;-42,381153;"SPRF-MG";"DEL12-MG";"UOP02-DEL12-MG"
749516;NA;2025-12-12;"sexta-feira";"21:50:00";"MG";251;328;"FRUTA DE LEITE";"Sim";"Rea��o tardia ou ineficiente do condutor";1;"Colis�o lateral sentido oposto";"Com V�timas Feridas";"Plena Noite";"Crescente";"C�u Claro";"Simples";"Curva;Declive";"N�o";1338910;"Semireboque";"SR/FACCHINI SRF CF/FACCHINI SRF CF";2021;NA;NA;NA;NA;NA;NA;NA;NA;-16,234776;-42,381153;"SPRF-MG";"DEL12-MG";"UOP02-DEL12-MG"
749516;1681132;2025-12-12;"sexta-feira";"21:50:00";"MG";251;328;"FRUTA DE LEITE";"Sim";"Rea��o tardia ou ineficiente do condutor";1;"Colis�o lateral sentido oposto";"Com V�timas Feridas";"Plena Noite";"Crescente";"C�u Claro";"Simples";"Curva;Declive";"N�o";1338909;"Caminh�o-trator";"SCANIA/G370 A4X2/G370 A4X2";2023;"Condutor";"Ileso";28;"Masculino";1;0;0;0;-16,234776;-42,381153;"SPRF-MG";"DEL12-MG";"UOP02-DEL12-MG"
749516;1681131;2025-12-12;"sexta-feira";"21:50:00";"MG";251;328;"FRUTA DE LEITE";"Sim";"Rea��o tardia ou ineficiente do condutor";1;"Colis�o lateral sentido oposto";"Com V�timas Feridas";"Plena Noite";"Crescente";"C�u Claro";"Simples";"Curva;Declive";"N�o";1338908;"Caminh�o-trator";"VOLVO/FH 460 6X2T/FH 460 6X2T";2018;"Condutor";"Les�es Graves";53;"Masculino";0;0;1;0;-16,234776;-42,381153;"SPRF-MG";"DEL12-MG";"UOP02-DEL12-MG"
749516;NA;2025-12-12;"sexta-feira";"21:50:00";"MG";251;328;"FRUTA DE LEITE";"N�o";"Velocidade Incompat�vel";2;"Tombamento";"Com V�timas Feridas";"Plena Noite";"Crescente";"C�u Claro";"Simples";"Curva;Declive";"N�o";1338911;"Semireboque";"SR/IBIPORA SR3E FRIG/IBIPORA SR3E FRIG";2011;NA;NA;NA;NA;NA;NA;NA;NA;-16,234776;-42,381153;"SPRF-MG";"DEL12-MG";"UOP02-DEL12-MG"
749516;NA;2025-12-12;"sexta-feira";"21:50:00";"MG";251;328;"FRUTA DE LEITE";"N�o";"Velocidade Incompat�vel";2;"Tombamento";"Com V�timas Feridas";"Plena Noite";"Crescente";"C�u Claro";"Simples";"Curva;Declive";"N�o";1338910;"Semireboque";"SR/FACCHINI SRF CF/FACCHINI SRF CF";2021;NA;NA;NA;NA;NA;NA;NA;NA;-16,234776;-42,381153;"SPRF-MG";"DEL12-MG";"UOP02-DEL12-MG"
749516;1681132;2025-12-12;"sexta-feira";"21:50:00";"MG";251;328;"FRUTA DE LEITE";"N�o";"Velocidade Incompat�vel";2;"Tombamento";"Com V�timas Feridas";"Plena Noite";"Crescente";"C�u Claro";"Simples";"Curva;Declive";"N�o";1338909;"Caminh�o-trator";"SCANIA/G370 A4X2/G370 A4X2";2023;"Condutor";"Ileso";28;"Masculino";1;0;0;0;-16,234776;-42,381153;"SPRF-MG";"DEL12-MG";"UOP02-DEL12-MG"
749516;1681131;2025-12-12;"sexta-feira";"21:50:00";"MG";251;328;"FRUTA DE LEITE";"N�o";"Velocidade Incompat�vel";2;"Tombamento";"Com V�timas Feridas";"Plena Noite";"Crescente";"C�u Claro";"Simples";"Curva;Declive";"N�o";1338908;"Caminh�o-trator";"VOLVO/FH 460 6X2T/FH 460 6X2T";2018;"Condutor";"Les�es Graves";53;"Masculino";0;0;1;0;-16,234776;-42,381153;"SPRF-MG";"DEL12-MG";"UOP02-DEL12-MG"
749516;NA;2025-12-12;"sexta-feira";"21:50:00";"MG";251;328;"FRUTA DE LEITE";"N�o";"Velocidade Incompat�vel";1;"Colis�o lateral sentido oposto";"Com V�timas Feridas";"Plena Noite";"Crescente";"C�u Claro";"Simples";"Curva;Declive";"N�o";1338911;"Semireboque";"SR/IBIPORA SR3E FRIG/IBIPORA SR3E FRIG";2011;NA;NA;NA;NA;NA;NA;NA;NA;-16,234776;-42,381153;"SPRF-MG";"DEL12-MG";"UOP02-DEL12-MG"
749516;NA;2025-12-12;"sexta-feira";"21:50:00";"MG";251;328;"FRUTA DE LEITE";"N�o";"Velocidade Incompat�vel";1;"Colis�o lateral sentido oposto";"Com V�timas Feridas";"Plena Noite";"Crescente";"C�u Claro";"Simples";"Curva;Declive";"N�o";1338910;"Semireboque";"SR/FACCHINI SRF CF/FACCHINI SRF CF";2021;NA;NA;NA;NA;NA;NA;NA;NA;-16,234776;-42,381153;"SPRF-MG";"DEL12-MG";"UOP02-DEL12-MG"
749516;1681132;2025-12-12;"sexta-feira";"21:50:00";"MG";251;328;"FRUTA DE LEITE";"N�o";"Velocidade Incompat�vel";1;"Colis�o lateral sentido oposto";"Com V�timas Feridas";"Plena Noite";"Crescente";"C�u Claro";"Simples";"Curva;Declive";"N�o";1338909;"Caminh�o-trator";"SCANIA/G370 A4X2/G370 A4X2";2023;"Condutor";"Ileso";28;"Masculino";1;0;0;0;-16,234776;-42,381153;"SPRF-MG";"DEL12-MG";"UOP02-DEL12-MG"