"id";"pesid";"data_inversa";"dia_semana";"horario";"uf";"br";"km";"municipio";"causa_principal";"causa_acidente";"ordem_tipo_acidente";"tipo_acidente";"classificacao_acidente";"fase_dia";"sentido_via";"condicao_metereologica";"tipo_pista";"tracado_via";"uso_solo";"id_veiculo";"tipo_veiculo";"marca";"ano_fabricacao_veiculo";"tipo_envolvido";"estado_fisico";"idade";"sexo";"ilesos";"feridos_leves";"feridos_graves";"mortos";"latitude";"longitude";"regional";"delegacia";"uop"
749516;1681131;2025-12-12;"sexta-feira";"21:50:00";"MG";251;328;"FRUTA DE LEITE";"N�o";"Velocidade Incompat�vel";1;"Colis�o lateral sentido oposto";"Com V�timas Feridas";"Plena Noite";"Crescente";"C�u Claro";"Simples";"Curva;Declive";"N�o";1338908;"Caminh�o-trator";"VOLVO/FH 460 6X2T/FH 460 6X2T";2018;"Condutor";"Les�es Graves";53;"Masculino";0;0;1;0;-16,234776;-42,381153;"SPRF-MG";"DEL12-MG";"UOP02-DEL12-MG"
749516;NA;2025-12-12;"sexta-feira";"21:50:00";"MG";251;328;"FRUTA DE LEITE";"N�o";"Avarias e/ou desgaste excessivo no pneu";2;"Tombamento";"Com V�timas Feridas";"Plena Noite";"Crescente";"C�u Claro";"Simples";"Curva;Declive";"N�o";1338911;"Semireboque";"SR/IBIPORA SR3E FRIG/IBIPORA SR3E FRIG";2011;NA;NA;NA;NA;NA;NA;NA;NA;-16,234776;-42,381153;"SPRF-MG";"DEL12-MG";"UOP02-DEL12-MG"
749516;NA;2025-12-12;"sexta-feira";"21:50:00";"MG";251;328;"FRUTA DE LEITE";"N�o";"Avarias e/ou desgaste excessivo no pneu";2;"Tombamento";"Com V�timas Feridas";"Plena Noite";"Crescente";"C�u Claro";"Simples";"Curva;Declive";"N�o";1338910;"Semireboque";"SR/FACCHINI SRF CF/FACCHINI SRF CF";2021;NA;NA;NA;NA;NA;NA;NA;NA;-16,234776;-42,381153;"SPRF-MG";"DEL12-MG";"UOP02-DEL12-MG"
749516;1681132;2025-12-12;"sexta-feira";"21:50:00";"MG";251;328;"FRUTA DE LEITE";"N�o";"Avarias e/ou desgaste excessivo no pneu";2;"Tombamento";"Com V�timas Feridas";"Plena Noite";"Crescente";"C�u Claro";"Simples";"Curva;Declive";"N�o";1338909;"Caminh�o-trator";"SCANIA/G370 A4X2/G370 A4X2";2023;"Condutor";"Ileso";28;"Masculino";1;0;0;0;-16,234776;-42,381153;"SPRF-MG";"DEL12-MG";"UOP02-DEL12-MG"
749516;1681131;2025-12-12;"sexta-feira";"21:50:00";"MG";251;328;"FRUTA DE LEITE";"N�o";"Avarias e/ou desgaste excessivo no pneu";2;"Tombamento";"Com V�timas Feridas";"Plena Noite";"Crescente";"C�u Claro";"Simples";"Curva;Declive";"N�o";1338908;"Caminh�o-trator";"VOLVO/FH 460 6X2T/FH 460 6X2T";2018;"Condutor";"Les�es Graves";53;"Masculino";0;0;1;0;-16,234776;-42,381153;"SPRF-MG";"DEL12-MG";"UOP02-DEL12-MG"
749516;NA;2025-12-12;"sexta-feira";"21:50:00";"MG";251;328;"FRUTA DE LEITE";"N�o";"Avarias e/ou desgaste excessivo no pneu";1;"Colis�o lateral sentido oposto";"Com V�timas Feridas";"Plena Noite";"Crescente";"C�u Claro";"Simples";"Curva;Declive";"N�o";1338911;"Semireboque";"SR/IBIPORA SR3E FRIG/IBIPORA SR3E FRIG";2011;NA;NA;NA;NA;NA;NA;NA;NA;-16,234776;-42,381153;"SPRF-MG";"DEL12-MG";"UOP02-DEL12-MG"
749516;NA;2025-12-12;"sexta-feira";"21:50:00";"MG";251;328;"FRUTA DE LEITE";"N�o";"Avarias e/ou desgaste excessivo no pneu";1;"Colis�o lateral sentido oposto";"Com V�timas Feridas";"Plena Noite";"Crescente";"C�u Claro";"Simples";"Curva;Declive";"N�o";1338910;"Semireboque";"SR/FACCHINI SRF CF/FACCHINI SRF CF";2021;NA;NA;NA;NA;NA;NA;NA;NA;-16,234776;-42,381153;"SPRF-MG";"DEL12-MG";"UOP02-DEL12-MG"
749516;1681132;2025-12-12;"sexta-feira";"21:50:00";"MG";251;328;"FRUTA DE LEITE";"N�o";"Avarias e/ou desgaste excessivo no pneu";1;"Colis�o lateral sentido oposto";"Com V�timas Feridas";"Plena Noite";"Crescente";"C�u Claro";"Simples";"Curva;Declive";"N�o";1338909;"Caminh�o-trator";"SCANIA/G370 A4X2/G370 A4X2";2023;"Condutor";"Ileso";28;"Masculino";1;0;0;0;-16,234776;-42,381153;"SPRF-MG";"DEL12-MG";"UOP02-DEL12-MG"
749516;1681131;2025-12-12;"sexta-feira";"21:50:00";"MG";251;328;"FRUTA DE LEITE";"N�o";"Avarias e/ou desgaste excessivo no pneu";1;"Colis�o lateral sentido oposto";"Com V�timas Feridas";"Plena Noite";"Crescente";"C�u Claro";"Simples";"Curva;Declive";"N�o";1338908;"Caminh�o-trator";"VOLVO/FH 460 6X2T/FH 460 6X2T";2018;"Condutor";"Les�es Graves";53;"Masculino";0;0;1;0;-16,234776;-42,381153;"SPRF-MG";"DEL12-MG";"UOP02-DEL12-MG"
749539;1681185;2025-12-13;"s�bado";"19:05:00";"TO";153;497;"PARAISO DO TOCANTINS";"N�o";"Acesso irregular";2;"Queda de ocupante de ve�culo";"Com V�timas Feridas";"Plena Noite";"Decrescente";"C�u Claro";"Simples";"Reta;Declive";"Sim";1338950;"Caminhonete";"I/TOYOTA HILUX CDSR A4FD/TOYOTA HILUX CDSR A4FD";2022;"Condutor";"Ileso";55;"Masculino";1;0;0;0;-10,178608;-48,880103;"SPRF-TO";"DEL01-TO";"UOP01-DEL01-TO"
749539;1681184;2025-12-13;"s�bado";"19:05:00";"TO";153;497;"PARAISO DO TOCANTINS";"N�o";"Acesso irregular";2;"Queda de ocupante de ve�culo";"Com V�timas Feridas";"Plena Noite";"Decrescente";"C�u Claro";"Simples";"Reta;Declive";"Sim";1338949;"Motoneta";"SHINERAY/XY125-6A/XY125-6A";2025;"Condutor";"Les�es Graves";17;"Masculino";0;0;1;0;-10,178608;-48,880103;"SPRF-TO";"DEL01-TO";"UOP01-DEL01-TO"
749539;1681185;2025-12-13;"s�bado";"19:05:00";"TO";153;497;"PARAISO DO TOCANTINS";"N�o";"Acesso irregular";1;"Colis�o lateral mesmo sentido";"Com V�timas Feridas";"Plena Noite";"Decrescente";"C�u Claro";"Simples";"Reta;Declive";"Sim";1338950;"Caminhonete";"I/TOYOTA HILUX CDSR A4FD/TOYOTA HILUX CDSR A4FD";2022;"Condutor";"Ileso";55;"Masculino";1;0;0;0;-10,178608;-48,880103;"SPRF-TO";"DEL01-TO";"UOP01-DEL01-TO"
749539;1681184;2025-12-13;"s�bado";"19:05:00";"TO";153;497;"PARAISO DO TOCANTINS";"N�o";"Acesso irregular";1;"Colis�o lateral mesmo sentido";"Com V�timas Feridas";"Plena Noite";"Decrescente";"C�u Claro";"Simples";"Reta;Declive";"Sim";1338949;"Motoneta";"SHINERAY/XY125-6A/XY125-6A";2025;"Condutor";"Les�es Graves";17;"Masculino";0;0;1;0;-10,178608;-48,880103;"SPRF-TO";"DEL01-TO";"UOP01-DEL01-TO"
749539;1681185;2025-12-13;"s�bado";"19:05:00";"TO";153;497;"PARAISO DO TOCANTINS";"Sim";"Ultrapassagem Indevida";2;"Queda de ocupante de ve�culo";"Com V�timas Feridas";"Plena Noite";"Decrescente";"C�u Claro";"Simples";"Reta;Declive";"Sim";1338950;"Caminhonete";"I/TOYOTA HILUX CDSR A4FD/TOYOTA HILUX CDSR A4FD";2022;"Condutor";"Ileso";55;"Masculino";1;0;0;0;-10,178608;-48,880103;"SPRF-TO";"DEL01-TO";"UOP01-DEL01-TO"
749539;1681184;2025-12-13;"s�bado";"19:05:00";"TO";153;497;"PARAISO DO TOCANTINS";"Sim";"Ultrapassagem Indevida";2;"Queda de ocupante de ve�culo";"Com V�timas Feridas";"Plena Noite";"Decrescente";"C�u Claro";"Simples";"Reta;Declive";"Sim";1338949;"Motoneta";"SHINERAY/XY125-6A/XY125-6A";2025;"Condutor";"Les�es Graves";17;"Masculino";0;0;1;0;-10,178608;-48,880103;"SPRF-TO";"DEL01-TO";"UOP01-DEL01-TO"
749539;1681185;2025-12-13;"s�bado";"19:05:00";"TO";153;497;"PARAISO DO TOCANTINS";"Sim";"Ultrapassagem Indevida";1;"Colis�o lateral mesmo sentido";"Com V�timas Feridas";"Plena Noite";"Decrescente";"C�u Claro";"Simples";"Reta;Declive";"Sim";1338950;"Caminhonete";"I/TOYOTA HILUX CDSR A4FD/TOYOTA HILUX CDSR A4FD";2022;"Condutor";"Ileso";55;"Masculino";1;0;0;0;-10,178608;-48,880103;"SPRF-TO";"DEL01-TO";"UOP01-DEL01-TO"
749539;1681184;2025-12-13;"s�bado";"19:05:00";"TO";153;497;"PARAISO DO TOCANTINS";"Sim";"Ultrapassagem Indevida";1;"Colis�o lateral mesmo sentido";"Com V�timas Feridas";"Plena Noite";"Decrescente";"C�u Claro";"Simples";"Reta;Declive";"Sim";1338949;"Motoneta";"SHINERAY/XY125-6A/XY125-6A";2025;"Condutor";"Les�es Graves";17;"Masculino";0;0;1;0;-10,178608;-48,880103;"SPRF-TO";"DEL01-TO";"UOP01-DEL01-TO"
749557;1681223;2025-12-28;"domingo";"21:30:00";"RJ";493;18,8;"GUAPIMIRIM";"Sim";"Rea��o tardia ou ineficiente do condutor";1;"Queda de ocupante de ve�culo";"Com V�timas Feridas";"Plena Noite";"Decrescente";"Nublado";"Simples";"Reta";"Sim";1338977;"Autom�vel";"FIAT/UNO VIVACE 1.0/UNO VIVACE 1.0";0;"Condutor";"Ileso";32;"Masculino";1;0;0;0;-22,667426;-43,025716;"SPRF-RJ";"DEL04-RJ";"UOP02-DEL04-RJ"
749557;1681225;2025-12-28;"domingo";"21:30:00";"RJ";493;18,8;"GUAPIMIRIM";"Sim";"Rea��o tardia ou ineficiente do condutor";1;"Queda de ocupante de ve�culo";"Com V�timas Feridas";"Plena Noite";"Decrescente";"Nublado";"Simples";"Reta";"Sim";1338978;"Motocicleta";"HONDA/CG 160 FAN/CG 160 FAN";2024;"Passageiro";"Les�es Leves";18;"Masculino";0;1;0;0;-22,667426;-43,025716;"SPRF-RJ";"DEL04-RJ";"UOP02-DEL04-RJ"
749557;1681224;2025-12-28;"domingo";"21:30:00";"RJ";493;18,8;"GUAPIMIRIM";"Sim";"Rea��o tardia ou ineficiente do condutor";1;"Queda de ocupante de ve�culo";"Com V�timas Feridas";"Plena Noite";"Decrescente";"Nublado";"Simples";"Reta";"Sim";1338978;"Motocicleta";"HONDA/CG 160 FAN/CG 160 FAN";2024;"Condutor";"Les�es Leves";22;"Masculino";0;1;0;0;-22,667426;-43,025716;"SPRF-RJ";"DEL04-RJ";"UOP02-DEL04-RJ"
749589;1681294;2025-12-06;"s�bado";"09:00:00";"RJ";116;175;"SAO JOAO DE MERITI";"Sim";"Demais falhas mec�nicas ou el�tricas";1;"Colis�o lateral mesmo sentido";"Com V�timas Feridas";"Pleno dia";"Decrescente";"C�u Claro";"Dupla";"Reta";"N�o";1339033;"Autom�vel";"FIAT/SIENA ATTRACTIV 1.4/SIENA ATTRACTIV 1.4";2017;"Condutor";"Ileso";46;"Masculino";1;0;0;0;-22,79581079;-43,36189834;"SPRF-RJ";"DEL06-RJ";"UOP01-DEL06-RJ"
749589;1681296;2025-12-06;"s�bado";"09:00:00";"RJ";116;175;"SAO JOAO DE MERITI";"Sim";"Demais falhas mec�nicas ou el�tricas";1;"Colis�o lateral mesmo sentido";"Com V�timas Feridas";"Pleno dia";"Decrescente";"C�u Claro";"Dupla";"Reta";"N�o";1339032;"Autom�vel";"RENAULT/SANDERO EXP1016V/SANDERO EXP1016V";2012;"Passageiro";"Ileso";26;"Feminino";1;0;0;0;-22,79581079;-43,36189834;"SPRF-RJ";"DEL06-RJ";"UOP01-DEL06-RJ"
749589;1681295;2025-12-06;"s�bado";"09:00:00";"RJ";116;175;"SAO JOAO DE MERITI";"Sim";"Demais falhas mec�nicas ou el�tricas";1;"Colis�o lateral mesmo sentido";"Com V�timas Feridas";"Pleno dia";"Decrescente";"C�u Claro";"Dupla";"Reta";"N�o";1339032;"Autom�vel";"RENAULT/SANDERO EXP1016V/SANDERO EXP1016V";2012;"Passageiro";"Les�es Leves";23;"Masculino";0;1;0;0;-22,79581079;-43,36189834;"SPRF-RJ";"DEL06-RJ";"UOP01-DEL06-RJ"
749589;1681293;2025-12-06;"s�bado";"09:00:00";"RJ";116;175;"SAO JOAO DE MERITI";"Sim";"Demais falhas mec�nicas ou el�tricas";1;"Colis�o lateral mesmo sentido";"Com V�timas Feridas";"Pleno dia";"Decrescente";"C�u Claro";"Dupla";"Reta";"N�o";1339032;"Autom�vel";"RENAULT/SANDERO EXP1016V/SANDERO EXP1016V";2012;"Condutor";"Les�es Leves";34;"Feminino";0;1;0;0;-22,79581079;-43,36189834;"SPRF-RJ";"DEL06-RJ";"UOP01-DEL06-RJ"
749662;1681512;2025-12-12;"sexta-feira";"19:30:00";"PA";230;122;"MARABA";"Sim";"Acessar a via sem observar a presen�a dos outros ve�culos";3;"Queda de ocupante de ve�culo";"Com V�timas Feridas";"Pleno dia";"Crescente";"C�u Claro";"Dupla";"Reta";"Sim";1339168;"Motocicleta";"HONDA/NXR 160 BROS CBS/NXR 160 BROS CBS";2025;"Condutor";"Les�es Leves";NA;"Masculino";0;1;0;0;-5,37014238;-49,1312027;"SPRF-PA";"DEL03-PA";"UOP01-DEL03-PA"
749662;1681515;2025-12-12;"sexta-feira";"19:30:00";"PA";230;122;"MARABA";"Sim";"Acessar a via sem observar a presen�a dos outros ve�culos";3;"Queda de ocupante de ve�culo";"Com V�timas Feridas";"Pleno dia";"Crescente";"C�u Claro";"Dupla";"Reta";"Sim";1339172;"Autom�vel";"VW/NOVO GOL TL MCV/NOVO GOL TL MCV";2017;"Condutor";"N�o Informado";NA;"N�o Informado";0;0;0;0;-5,37014238;-49,1312027;"SPRF-PA";"DEL03-PA";"UOP01-DEL03-PA"
749662;1681512;2025-12-12;"sexta-feira";"19:30:00";"PA";230;122;"MARABA";"Sim";"Acessar a via sem observar a presen�a dos outros ve�culos";2;"Tombamento";"Com V�timas Feridas";"Pleno dia";"Crescente";"C�u Claro";"Dupla";"Reta";"Sim";1339168;"Motocicleta";"HONDA/NXR 160 BROS CBS/NXR 160 BROS CBS";2025;"Condutor";"Les�es Leves";NA;"Masculino";0;1;0;0;-5,37014238;-49,1312027;"SPRF-PA";"DEL03-PA";"UOP01-DEL03-PA"
749662;1681515;2025-12-12;"sexta-feira";"19:30:00";"PA";230;122;"MARABA";"Sim";"Acessar a via sem observar a presen�a dos outros ve�culos";2;"Tombamento";"Com V�timas Feridas";"Pleno dia";"Crescente";"C�u Claro";"Dupla";"Reta";"Sim";1339172;"Autom�vel";"VW/NOVO GOL TL MCV/NOVO GOL TL MCV";2017;"Condutor";"N�o Informado";NA;"N�o Informado";0;0;0;0;-5,37014238;-49,1312027;"SPRF-PA";"DEL03-PA";"UOP01-DEL03-PA"
749662;1681512;2025-12-12;"sexta-feira";"19:30:00";"PA";230;122;"MARABA";"Sim";"Acessar a via sem observar a presen�a dos outros ve�culos";1;"Colis�o transversal";"Com V�timas Feridas";"Pleno dia";"Crescente";"C�u Claro";"Dupla";"Reta";"Sim";1339168;"Motocicleta";"HONDA/NXR 160 BROS CBS/NXR 160 BROS CBS";2025;"Condutor";"Les�es Leves";NA;"Masculino";0;1;0;0;-5,37014238;-49,1312027;"SPRF-PA";"DEL03-PA";"UOP01-DEL03-PA"
749662;1681515;2025-12-12;"sexta-feira";"19:30:00";"PA";230;122;"MARABA";"Sim";"Acessar a via sem observar a presen�a dos outros ve�culos";1;"Colis�o transversal";"Com V�timas Feridas";"Pleno dia";"Crescente";"C�u Claro";"Dupla";"Reta";"Sim";1339172;"Autom�vel";"VW/NOVO GOL TL MCV/NOVO GOL TL MCV";2017;"Condutor";"N�o Informado";NA;"N�o Informado";0;0;0;0;-5,37014238;-49,1312027;"SPRF-PA";"DEL03-PA";"UOP01-DEL03-PA"
749767;1681785;2025-10-31;"sexta-feira";"14:00:00";"BA";101;220;"CRUZ DAS ALMAS";"Sim";"Transitar na contram�o";2;"Colis�o frontal";"Com V�timas Feridas";"Pleno dia";"Crescente";"C�u Claro";"Simples";"Reta";"Sim";1339395;"Caminh�o";"M.BENZ/710/710";2010;"Condutor";"Ileso";45;"Masculino";1;0;0;0;-12,66457452;-39,1295147;"SPRF-BA";"DEL01-BA";"UOP02-DEL01-BA"
749767;1681786;2025-10-31;"sexta-feira";"14:00:00";"BA";101;220;"CRUZ DAS ALMAS";"Sim";"Transitar na contram�o";2;"Colis�o frontal";"Com V�timas Feridas";"Pleno dia";"Crescente";"C�u Claro";"Simples";"Reta";"Sim";1339394;"Autom�vel";"RENAULT/KWID ZEN 10MT/KWID ZEN 10MT";2019;"Passageiro";"Les�es Leves";42;"Masculino";0;1;0;0;-12,66457452;-39,1295147;"SPRF-BA";"DEL01-BA";"UOP02-DEL01-BA"
749767;1681784;2025-10-31;"sexta-feira";"14:00:00";"BA";101;220;"CRUZ DAS ALMAS";"Sim";"Transitar na contram�o";2;"Colis�o frontal";"Com V�timas Feridas";"Pleno dia";"Crescente";"C�u Claro";"Simples";"Reta";"Sim";1339394;"Autom�vel";"RENAULT/KWID ZEN 10MT/KWID ZEN 10MT";2019;"Condutor";"Les�es Leves";66;"Masculino";0;1;0;0;-12,66457452;-39,1295147;"SPRF-BA";"DEL01-BA";"UOP02-DEL01-BA"
749767;1681787;2025-10-31;"sexta-feira";"14:00:00";"BA";101;220;"CRUZ DAS ALMAS";"Sim";"Transitar na contram�o";2;"Colis�o frontal";"Com V�timas Feridas";"Pleno dia";"Crescente";"C�u Claro";"Simples";"Reta";"Sim";1339393;"Caminhonete";"FIAT/FIORINO 1.4 FLEX/FIORINO 1.4 FLEX";2014;"Passageiro";"Les�es Leves";62;"Masculino";0;1;0;0;-12,66457452;-39,1295147;"SPRF-BA";"DEL01-BA";"UOP02-DEL01-BA"
749767;1681783;2025-10-31;"sexta-feira";"14:00:00";"BA";101;220;"CRUZ DAS ALMAS";"Sim";"Transitar na contram�o";2;"Colis�o frontal";"Com V�timas Feridas";"Pleno dia";"Crescente";"C�u Claro";"Simples";"Reta";"Sim";1339393;"Caminhonete";"FIAT/FIORINO 1.4 FLEX/FIORINO 1.4 FLEX";2014;"Condutor";"Les�es Leves";53;"Masculino";0;1;0;0;-12,66457452;-39,1295147;"SPRF-BA";"DEL01-BA";"UOP02-DEL01-BA"
749767;1681785;2025-10-31;"sexta-feira";"14:00:00";"BA";101;220;"CRUZ DAS ALMAS";"Sim";"Transitar na contram�o";1;"Colis�o lateral sentido oposto";"Com V�timas Feridas";"Pleno dia";"Crescente";"C�u Claro";"Simples";"Reta";"Sim";1339395;"Caminh�o";"M.BENZ/710/710";2010;"Condutor";"Ileso";45;"Masculino";1;0;0;0;-12,66457452;-39,1295147;"SPRF-BA";"DEL01-BA";"UOP02-DEL01-BA"
749767;1681786;2025-10-31;"sexta-feira";"14:00:00";"BA";101;220;"CRUZ DAS ALMAS";"Sim";"Transitar na contram�o";1;"Colis�o lateral sentido oposto";"Com V�timas Feridas";"Pleno dia";"Crescente";"C�u Claro";"Simples";"Reta";"Sim";1339394;"Autom�vel";"RENAULT/KWID ZEN 10MT/KWID ZEN 10MT";2019;"Passageiro";"Les�es Leves";42;"Masculino";0;1;0;0;-12,66457452;-39,1295147;"SPRF-BA";"DEL01-BA";"UOP02-DEL01-BA"
749767;1681784;2025-10-31;"sexta-feira";"14:00:00";"BA";101;220;"CRUZ DAS ALMAS";"Sim";"Transitar na contram�o";1;"Colis�o lateral sentido oposto";"Com V�timas Feridas";"Pleno dia";"Crescente";"C�u Claro";"Simples";"Reta";"Sim";1339394;"Autom�vel";"RENAULT/KWID ZEN 10MT/KWID ZEN 10MT";2019;"Condutor";"Les�es Leves";66;"Masculino";0;1;0;0;-12,66457452;-39,1295147;"SPRF-BA";"DEL01-BA";"UOP02-DEL01-BA"
749767;1681787;2025-10-31;"sexta-feira";"14:00:00";"BA";101;220;"CRUZ DAS ALMAS";"Sim";"Transitar na contram�o";1;"Colis�o lateral sentido oposto";"Com V�timas Feridas";"Pleno dia";"Crescente";"C�u Claro";"Simples";"Reta";"Sim";1339393;"Caminhonete";"FIAT/FIORINO 1.4 FLEX/FIORINO 1.4 FLEX";2014;"Passageiro";"Les�es Leves";62;"Masculino";0;1;0;0;-12,66457452;-39,1295147;"SPRF-BA";"DEL01-BA";"UOP02-DEL01-BA"
749767;1681783;2025-10-31;"sexta-feira";"14:00:00";"BA";101;220;"CRUZ DAS ALMAS";"Sim";"Transitar na contram�o";1;"Colis�o lateral sentido oposto";"Com V�timas Feridas";"Pleno dia";"Crescente";"C�u Claro";"Simples";"Reta";"Sim";1339393;"Caminhonete";"FIAT/FIORINO 1.4 FLEX/FIORINO 1.4 FLEX";2014;"Condutor";"Les�es Leves";53;"Masculino";0;1;0;0;-12,66457452;-39,1295147;"SPRF-BA";"DEL01-BA";"UOP02-DEL01-BA"
749890;1682097;2025-12-22;"segunda-feira";"21:35:00";"RS";472;499;"ITAQUI";"Sim";"Rea��o tardia ou ineficiente do condutor";1;"Sa�da de leito carro��vel";"Com V�timas Feridas";"Plena Noite";"Crescente";"Nublado";"Simples";"Reta";"N�o";1339631;"Caminh�o-trator";"IVECO/STRALIS 570S38T/STRALIS 570S38T";2011;"Passageiro";"Les�es Leves";49;"Feminino";0;1;0;0;-29,33538319;-56,60392284;"SPRF-RS";"DEL13-RS";"UOP01-DEL13-RS"
749890;1682096;2025-12-22;"segunda-feira";"21:35:00";"RS";472;499;"ITAQUI";"Sim";"Rea��o tardia ou ineficiente do condutor";1;"Sa�da de leito carro��vel";"Com V�timas Feridas";"Plena Noite";"Crescente";"Nublado";"Simples";"Reta";"N�o";1339631;"Caminh�o-trator";"IVECO/STRALIS 570S38T/STRALIS 570S38T";2011;"Condutor";"Ileso";54;"Masculino";1;0;0;0;-29,33538319;-56,60392284;"SPRF-RS";"DEL13-RS";"UOP01-DEL13-RS"
749890;1682097;2025-12-22;"segunda-feira";"21:35:00";"RS";472;499;"ITAQUI";"N�o";"Acostamento em desn�vel";1;"Sa�da de leito carro��vel";"Com V�timas Feridas";"Plena Noite";"Crescente";"Nublado";"Simples";"Reta";"N�o";1339631;"Caminh�o-trator";"IVECO/STRALIS 570S38T/STRALIS 570S38T";2011;"Passageiro";"Les�es Leves";49;"Feminino";0;1;0;0;-29,33538319;-56,60392284;"SPRF-RS";"DEL13-RS";"UOP01-DEL13-RS"
749890;1682096;2025-12-22;"segunda-feira";"21:35:00";"RS";472;499;"ITAQUI";"N�o";"Acostamento em desn�vel";1;"Sa�da de leito carro��vel";"Com V�timas Feridas";"Plena Noite";"Crescente";"Nublado";"Simples";"Reta";"N�o";1339631;"Caminh�o-trator";"IVECO/STRALIS 570S38T/STRALIS 570S38T";2011;"Condutor";"Ileso";54;"Masculino";1;0;0;0;-29,33538319;-56,60392284;"SPRF-RS";"DEL13-RS";"UOP01-DEL13-RS"
749893;1682126;2025-12-17;"quarta-feira";"13:23:00";"PR";476;277,9;"SAO MATEUS DO SUL";"Sim";"Acessar a via sem observar a presen�a dos outros ve�culos";1;"Colis�o transversal";"Com V�timas Feridas";"Pleno dia";"Crescente";"C�u Claro";"Simples";"Reta;Interse��o de Vias";"N�o";1339657;"Motocicleta";"HONDA/CG 160 FAN/CG 160 FAN";0;"Condutor";"Les�es Leves";NA;"Masculino";0;1;0;0;-25,86869057;-50,39671449;"SPRF-PR";"DEL02-PR";"UOP03-DEL02-PR"
749893;1682125;2025-12-17;"quarta-feira";"13:23:00";"PR";476;277,9;"SAO MATEUS DO SUL";"Sim";"Acessar a via sem observar a presen�a dos outros ve�culos";1;"Colis�o transversal";"Com V�timas Feridas";"Pleno dia";"Crescente";"C�u Claro";"Simples";"Reta;Interse��o de Vias";"N�o";1339655;"Autom�vel";"CHEVROLET/COBALT 1.4 LTZ/COBALT 1.4 LTZ";0;"Condutor";"Ileso";NA;"Masculino";1;0;0;0;-25,86869057;-50,39671449;"SPRF-PR";"DEL02-PR";"UOP03-DEL02-PR"
749966;1682288;2025-12-14;"domingo";"00:40:00";"GO";40;25;"LUZIANIA";"N�o";"Aus�ncia de rea��o do condutor";1;"Atropelamento de Pedestre";"Com V�timas Fatais";"Plena Noite";"Crescente";"Chuva";"Dupla";"Reta";"N�o";1339796;"Caminhonete";"I/FORD RANGER LTDPCD3D4A/FORD RANGER LTDPCD3D4A";2025;"Condutor";"Ileso";35;"Masculino";1;0;0;0;-16,254007;-47,899264;"SPRF-DF";"DEL01-DF";"UOP01-DEL01-DF"
749966;1686267;2025-12-14;"domingo";"00:40:00";"GO";40;25;"LUZIANIA";"N�o";"Aus�ncia de rea��o do condutor";1;"Atropelamento de Pedestre";"Com V�timas Fatais";"Plena Noite";"Crescente";"Chuva";"Dupla";"Reta";"N�o";NA;NA;"NA/NA/NA";NA;"Pedestre";"�bito";73;"Masculino";0;0;0;1;-16,254007;-47,899264;"SPRF-DF";"DEL01-DF";"UOP01-DEL01-DF"
749966;1682288;2025-12-14;"domingo";"00:40:00";"GO";40;25;"LUZIANIA";"Sim";"Pedestre andava na pista";1;"Atropelamento de Pedestre";"Com V�timas Fatais";"Plena Noite";"Crescente";"Chuva";"Dupla";"Reta";"N�o";1339796;"Caminhonete";"I/FORD RANGER LTDPCD3D4A/FORD RANGER LTDPCD3D4A";2025;"Condutor";"Ileso";35;"Masculino";1;0;0;0;-16,254007;-47,899264;"SPRF-DF";"DEL01-DF";"UOP01-DEL01-DF"
749966;1686267;2025-12-14;"domingo";"00:40:00";"GO";40;25;"LUZIANIA";"Sim";"Pedestre andava na pista";1;"Atropelamento de Pedestre";"Com V�timas Fatais";"Plena Noite";"Crescente";"Chuva";"Dupla";"Reta";"N�o";NA;NA;"NA/NA/NA";NA;"Pedestre";"�bito";73;"Masculino";0;0;0;1;-16,254007;-47,899264;"SPRF-DF";"DEL01-DF";"UOP01-DEL01-DF"
749986;1682341;2025-12-26;"sexta-feira";"18:00:00";"RJ";101;425;"MANGARATIBA";"Sim";"Trafegar com motocicleta (ou similar) entre as faixas";1;"Colis�o lateral sentido oposto";"Com V�timas Feridas";"Pleno dia";"Crescente";"C�u Claro";"Simples";"Reta;Declive";"N�o";1339848;"Caminh�o";"VW/5.150 DRC 4X2/5.150 DRC 4X2";2015;"Condutor";"Ileso";40;"Masculino";1;0;0;0;-22,92687383;-43,96466129;"SPRF-RJ";"DEL03-RJ";"UOP02-DEL03-RJ"
749986;1682340;2025-12-26;"sexta-feira";"18:00:00";"RJ";101;425;"MANGARATIBA";"Sim";"Trafegar com motocicleta (ou similar) entre as faixas";1;"Colis�o lateral sentido oposto";"Com V�timas Feridas";"Pleno dia";"Crescente";"C�u Claro";"Simples";"Reta;Declive";"N�o";1339847;"Motocicleta";"YAMAHA/XTZ 250 LANDER/XTZ 250 LANDER";2025;"Passageiro";"Les�es Graves";17;"Feminino";0;0;1;0;-22,92687383;-43,96466129;"SPRF-RJ";"DEL03-RJ";"UOP02-DEL03-RJ"