"id";"pesid";"data_inversa";"dia_semana";"horario";"uf";"br";"km";"municipio";"causa_principal";"causa_acidente";"ordem_tipo_acidente";"tipo_acidente";"classificacao_acidente";"fase_dia";"sentido_via";"condicao_metereologica";"tipo_pista";"tracado_via";"uso_solo";"id_veiculo";"tipo_veiculo";"marca";"ano_fabricacao_veiculo";"tipo_envolvido";"estado_fisico";"idade";"sexo";"ilesos";"feridos_leves";"feridos_graves";"mortos";"latitude";"longitude";"regional";"delegacia";"uop"
749986;1682339;2025-12-26;"sexta-feira";"18:00:00";"RJ";101;425;"MANGARATIBA";"Sim";"Trafegar com motocicleta (ou similar) entre as faixas";1;"Colis�o lateral sentido oposto";"Com V�timas Feridas";"Pleno dia";"Crescente";"C�u Claro";"Simples";"Reta;Declive";"N�o";1339847;"Motocicleta";"YAMAHA/XTZ 250 LANDER/XTZ 250 LANDER";2025;"Condutor";"Les�es Leves";41;"Masculino";0;1;0;0;-22,92687383;-43,96466129;"SPRF-RJ";"DEL03-RJ";"UOP02-DEL03-RJ"
749991;NA;2025-08-26;"ter�a-feira";"20:30:00";"MG";40;801,9;"MATIAS BARBOSA";"Sim";"Condutor deixou de manter dist�ncia do ve�culo da frente";3;"Tombamento";"Com V�timas Fatais";"Plena Noite";"Decrescente";"C�u Claro";"Dupla";"Reta;Aclive";"N�o";1339858;"Caminh�o-trator";"SCANIA/G 420 A4X2/G 420 A4X2";2011;NA;NA;NA;NA;NA;NA;NA;NA;-21,844411;-43,37683439;"SPRF-MG";"DEL05-MG";"UOP01-DEL05-MG"
749991;NA;2025-08-26;"ter�a-feira";"20:30:00";"MG";40;801,9;"MATIAS BARBOSA";"Sim";"Condutor deixou de manter dist�ncia do ve�culo da frente";3;"Tombamento";"Com V�timas Fatais";"Plena Noite";"Decrescente";"C�u Claro";"Dupla";"Reta;Aclive";"N�o";1339857;"Semireboque";"REB/ROSSETTI SRBA ST3.25/ROSSETTI SRBA ST3.25";2014;NA;NA;NA;NA;NA;NA;NA;NA;-21,844411;-43,37683439;"SPRF-MG";"DEL05-MG";"UOP01-DEL05-MG"
749991;1682352;2025-08-26;"ter�a-feira";"20:30:00";"MG";40;801,9;"MATIAS BARBOSA";"Sim";"Condutor deixou de manter dist�ncia do ve�culo da frente";3;"Tombamento";"Com V�timas Fatais";"Plena Noite";"Decrescente";"C�u Claro";"Dupla";"Reta;Aclive";"N�o";1339856;"Motocicleta";"HONDA/CG 160 FAN/CG 160 FAN";2021;"Passageiro";"�bito";23;"Masculino";0;0;0;1;-21,844411;-43,37683439;"SPRF-MG";"DEL05-MG";"UOP01-DEL05-MG"
749991;1682351;2025-08-26;"ter�a-feira";"20:30:00";"MG";40;801,9;"MATIAS BARBOSA";"Sim";"Condutor deixou de manter dist�ncia do ve�culo da frente";3;"Tombamento";"Com V�timas Fatais";"Plena Noite";"Decrescente";"C�u Claro";"Dupla";"Reta;Aclive";"N�o";1339856;"Motocicleta";"HONDA/CG 160 FAN/CG 160 FAN";2021;"Condutor";"�bito";29;"Masculino";0;0;0;1;-21,844411;-43,37683439;"SPRF-MG";"DEL05-MG";"UOP01-DEL05-MG"
749991;1682350;2025-08-26;"ter�a-feira";"20:30:00";"MG";40;801,9;"MATIAS BARBOSA";"Sim";"Condutor deixou de manter dist�ncia do ve�culo da frente";3;"Tombamento";"Com V�timas Fatais";"Plena Noite";"Decrescente";"C�u Claro";"Dupla";"Reta;Aclive";"N�o";1339855;"Caminh�o";"M.BENZ/AXOR 33446X4/AXOR 33446X4";2013;"Passageiro";"Ileso";26;"Masculino";1;0;0;0;-21,844411;-43,37683439;"SPRF-MG";"DEL05-MG";"UOP01-DEL05-MG"
749991;1682349;2025-08-26;"ter�a-feira";"20:30:00";"MG";40;801,9;"MATIAS BARBOSA";"Sim";"Condutor deixou de manter dist�ncia do ve�culo da frente";3;"Tombamento";"Com V�timas Fatais";"Plena Noite";"Decrescente";"C�u Claro";"Dupla";"Reta;Aclive";"N�o";1339855;"Caminh�o";"M.BENZ/AXOR 33446X4/AXOR 33446X4";2013;"Condutor";"Ileso";29;"Masculino";1;0;0;0;-21,844411;-43,37683439;"SPRF-MG";"DEL05-MG";"UOP01-DEL05-MG"
749991;NA;2025-08-26;"ter�a-feira";"20:30:00";"MG";40;801,9;"MATIAS BARBOSA";"Sim";"Condutor deixou de manter dist�ncia do ve�culo da frente";2;"Queda de ocupante de ve�culo";"Com V�timas Fatais";"Plena Noite";"Decrescente";"C�u Claro";"Dupla";"Reta;Aclive";"N�o";1339858;"Caminh�o-trator";"SCANIA/G 420 A4X2/G 420 A4X2";2011;NA;NA;NA;NA;NA;NA;NA;NA;-21,844411;-43,37683439;"SPRF-MG";"DEL05-MG";"UOP01-DEL05-MG"
749991;NA;2025-08-26;"ter�a-feira";"20:30:00";"MG";40;801,9;"MATIAS BARBOSA";"Sim";"Condutor deixou de manter dist�ncia do ve�culo da frente";2;"Queda de ocupante de ve�culo";"Com V�timas Fatais";"Plena Noite";"Decrescente";"C�u Claro";"Dupla";"Reta;Aclive";"N�o";1339857;"Semireboque";"REB/ROSSETTI SRBA ST3.25/ROSSETTI SRBA ST3.25";2014;NA;NA;NA;NA;NA;NA;NA;NA;-21,844411;-43,37683439;"SPRF-MG";"DEL05-MG";"UOP01-DEL05-MG"
749991;1682352;2025-08-26;"ter�a-feira";"20:30:00";"MG";40;801,9;"MATIAS BARBOSA";"Sim";"Condutor deixou de manter dist�ncia do ve�culo da frente";2;"Queda de ocupante de ve�culo";"Com V�timas Fatais";"Plena Noite";"Decrescente";"C�u Claro";"Dupla";"Reta;Aclive";"N�o";1339856;"Motocicleta";"HONDA/CG 160 FAN/CG 160 FAN";2021;"Passageiro";"�bito";23;"Masculino";0;0;0;1;-21,844411;-43,37683439;"SPRF-MG";"DEL05-MG";"UOP01-DEL05-MG"
749991;1682351;2025-08-26;"ter�a-feira";"20:30:00";"MG";40;801,9;"MATIAS BARBOSA";"Sim";"Condutor deixou de manter dist�ncia do ve�culo da frente";2;"Queda de ocupante de ve�culo";"Com V�timas Fatais";"Plena Noite";"Decrescente";"C�u Claro";"Dupla";"Reta;Aclive";"N�o";1339856;"Motocicleta";"HONDA/CG 160 FAN/CG 160 FAN";2021;"Condutor";"�bito";29;"Masculino";0;0;0;1;-21,844411;-43,37683439;"SPRF-MG";"DEL05-MG";"UOP01-DEL05-MG"
749991;1682350;2025-08-26;"ter�a-feira";"20:30:00";"MG";40;801,9;"MATIAS BARBOSA";"Sim";"Condutor deixou de manter dist�ncia do ve�culo da frente";2;"Queda de ocupante de ve�culo";"Com V�timas Fatais";"Plena Noite";"Decrescente";"C�u Claro";"Dupla";"Reta;Aclive";"N�o";1339855;"Caminh�o";"M.BENZ/AXOR 33446X4/AXOR 33446X4";2013;"Passageiro";"Ileso";26;"Masculino";1;0;0;0;-21,844411;-43,37683439;"SPRF-MG";"DEL05-MG";"UOP01-DEL05-MG"
749991;1682349;2025-08-26;"ter�a-feira";"20:30:00";"MG";40;801,9;"MATIAS BARBOSA";"Sim";"Condutor deixou de manter dist�ncia do ve�culo da frente";2;"Queda de ocupante de ve�culo";"Com V�timas Fatais";"Plena Noite";"Decrescente";"C�u Claro";"Dupla";"Reta;Aclive";"N�o";1339855;"Caminh�o";"M.BENZ/AXOR 33446X4/AXOR 33446X4";2013;"Condutor";"Ileso";29;"Masculino";1;0;0;0;-21,844411;-43,37683439;"SPRF-MG";"DEL05-MG";"UOP01-DEL05-MG"
749991;NA;2025-08-26;"ter�a-feira";"20:30:00";"MG";40;801,9;"MATIAS BARBOSA";"Sim";"Condutor deixou de manter dist�ncia do ve�culo da frente";1;"Colis�o traseira";"Com V�timas Fatais";"Plena Noite";"Decrescente";"C�u Claro";"Dupla";"Reta;Aclive";"N�o";1339858;"Caminh�o-trator";"SCANIA/G 420 A4X2/G 420 A4X2";2011;NA;NA;NA;NA;NA;NA;NA;NA;-21,844411;-43,37683439;"SPRF-MG";"DEL05-MG";"UOP01-DEL05-MG"
749991;NA;2025-08-26;"ter�a-feira";"20:30:00";"MG";40;801,9;"MATIAS BARBOSA";"Sim";"Condutor deixou de manter dist�ncia do ve�culo da frente";1;"Colis�o traseira";"Com V�timas Fatais";"Plena Noite";"Decrescente";"C�u Claro";"Dupla";"Reta;Aclive";"N�o";1339857;"Semireboque";"REB/ROSSETTI SRBA ST3.25/ROSSETTI SRBA ST3.25";2014;NA;NA;NA;NA;NA;NA;NA;NA;-21,844411;-43,37683439;"SPRF-MG";"DEL05-MG";"UOP01-DEL05-MG"
749991;1682352;2025-08-26;"ter�a-feira";"20:30:00";"MG";40;801,9;"MATIAS BARBOSA";"Sim";"Condutor deixou de manter dist�ncia do ve�culo da frente";1;"Colis�o traseira";"Com V�timas Fatais";"Plena Noite";"Decrescente";"C�u Claro";"Dupla";"Reta;Aclive";"N�o";1339856;"Motocicleta";"HONDA/CG 160 FAN/CG 160 FAN";2021;"Passageiro";"�bito";23;"Masculino";0;0;0;1;-21,844411;-43,37683439;"SPRF-MG";"DEL05-MG";"UOP01-DEL05-MG"
749991;1682351;2025-08-26;"ter�a-feira";"20:30:00";"MG";40;801,9;"MATIAS BARBOSA";"Sim";"Condutor deixou de manter dist�ncia do ve�culo da frente";1;"Colis�o traseira";"Com V�timas Fatais";"Plena Noite";"Decrescente";"C�u Claro";"Dupla";"Reta;Aclive";"N�o";1339856;"Motocicleta";"HONDA/CG 160 FAN/CG 160 FAN";2021;"Condutor";"�bito";29;"Masculino";0;0;0;1;-21,844411;-43,37683439;"SPRF-MG";"DEL05-MG";"UOP01-DEL05-MG"
749991;1682350;2025-08-26;"ter�a-feira";"20:30:00";"MG";40;801,9;"MATIAS BARBOSA";"Sim";"Condutor deixou de manter dist�ncia do ve�culo da frente";1;"Colis�o traseira";"Com V�timas Fatais";"Plena Noite";"Decrescente";"C�u Claro";"Dupla";"Reta;Aclive";"N�o";1339855;"Caminh�o";"M.BENZ/AXOR 33446X4/AXOR 33446X4";2013;"Passageiro";"Ileso";26;"Masculino";1;0;0;0;-21,844411;-43,37683439;"SPRF-MG";"DEL05-MG";"UOP01-DEL05-MG"
749991;1682349;2025-08-26;"ter�a-feira";"20:30:00";"MG";40;801,9;"MATIAS BARBOSA";"Sim";"Condutor deixou de manter dist�ncia do ve�culo da frente";1;"Colis�o traseira";"Com V�timas Fatais";"Plena Noite";"Decrescente";"C�u Claro";"Dupla";"Reta;Aclive";"N�o";1339855;"Caminh�o";"M.BENZ/AXOR 33446X4/AXOR 33446X4";2013;"Condutor";"Ileso";29;"Masculino";1;0;0;0;-21,844411;-43,37683439;"SPRF-MG";"DEL05-MG";"UOP01-DEL05-MG"
750000;1682379;2025-05-02;"sexta-feira";"19:30:00";"MG";40;272;"SAO GONCALO DO ABAETE";"Sim";"Ingest�o de �lcool pelo condutor";1;"Colis�o transversal";"Sem V�timas";"Plena Noite";"Decrescente";"C�u Claro";"Simples";"Reta";"Sim";1339877;"Autom�vel";"VW/NOVO GOL 1.6/NOVO GOL 1.6";2013;"Passageiro";"Ileso";46;"Feminino";1;0;0;0;-18,1868874;-45,25570798;"SPRF-MG";"DEL14-MG";"UOP02-DEL14-MG"
750000;1682378;2025-05-02;"sexta-feira";"19:30:00";"MG";40;272;"SAO GONCALO DO ABAETE";"Sim";"Ingest�o de �lcool pelo condutor";1;"Colis�o transversal";"Sem V�timas";"Plena Noite";"Decrescente";"C�u Claro";"Simples";"Reta";"Sim";1339877;"Autom�vel";"VW/NOVO GOL 1.6/NOVO GOL 1.6";2013;"Condutor";"Ileso";44;"Masculino";1;0;0;0;-18,1868874;-45,25570798;"SPRF-MG";"DEL14-MG";"UOP02-DEL14-MG"
750000;1682380;2025-05-02;"sexta-feira";"19:30:00";"MG";40;272;"SAO GONCALO DO ABAETE";"Sim";"Ingest�o de �lcool pelo condutor";1;"Colis�o transversal";"Sem V�timas";"Plena Noite";"Decrescente";"C�u Claro";"Simples";"Reta";"Sim";1339878;"Caminhonete";"I/TOYOTA HILUX CDSRXA4FD/TOYOTA HILUX CDSRXA4FD";2017;"Condutor";"Ileso";22;"Masculino";1;0;0;0;-18,1868874;-45,25570798;"SPRF-MG";"DEL14-MG";"UOP02-DEL14-MG"
750000;1682379;2025-05-02;"sexta-feira";"19:30:00";"MG";40;272;"SAO GONCALO DO ABAETE";"N�o";"Velocidade Incompat�vel";1;"Colis�o transversal";"Sem V�timas";"Plena Noite";"Decrescente";"C�u Claro";"Simples";"Reta";"Sim";1339877;"Autom�vel";"VW/NOVO GOL 1.6/NOVO GOL 1.6";2013;"Passageiro";"Ileso";46;"Feminino";1;0;0;0;-18,1868874;-45,25570798;"SPRF-MG";"DEL14-MG";"UOP02-DEL14-MG"
750000;1682378;2025-05-02;"sexta-feira";"19:30:00";"MG";40;272;"SAO GONCALO DO ABAETE";"N�o";"Velocidade Incompat�vel";1;"Colis�o transversal";"Sem V�timas";"Plena Noite";"Decrescente";"C�u Claro";"Simples";"Reta";"Sim";1339877;"Autom�vel";"VW/NOVO GOL 1.6/NOVO GOL 1.6";2013;"Condutor";"Ileso";44;"Masculino";1;0;0;0;-18,1868874;-45,25570798;"SPRF-MG";"DEL14-MG";"UOP02-DEL14-MG"
750000;1682380;2025-05-02;"sexta-feira";"19:30:00";"MG";40;272;"SAO GONCALO DO ABAETE";"N�o";"Velocidade Incompat�vel";1;"Colis�o transversal";"Sem V�timas";"Plena Noite";"Decrescente";"C�u Claro";"Simples";"Reta";"Sim";1339878;"Caminhonete";"I/TOYOTA HILUX CDSRXA4FD/TOYOTA HILUX CDSRXA4FD";2017;"Condutor";"Ileso";22;"Masculino";1;0;0;0;-18,1868874;-45,25570798;"SPRF-MG";"DEL14-MG";"UOP02-DEL14-MG"
750035;1682445;2025-11-02;"domingo";"13:53:00";"RO";364;692;"CANDEIAS DO JAMARI";"Sim";"Acessar a via sem observar a presen�a dos outros ve�culos";2;"Colis�o com objeto";"Com V�timas Feridas";"Pleno dia";"Crescente";"C�u Claro";"Dupla";"Reta";"Sim";1339948;"Autom�vel";"FIAT/MOBI LIKE/MOBI LIKE";2019;"Passageiro";"Ileso";8;"Masculino";1;0;0;0;-8,797233;-63,69765;"SPRF-RO";"DEL01-RO";"UOP01-DEL01-RO"
750035;1682444;2025-11-02;"domingo";"13:53:00";"RO";364;692;"CANDEIAS DO JAMARI";"Sim";"Acessar a via sem observar a presen�a dos outros ve�culos";2;"Colis�o com objeto";"Com V�timas Feridas";"Pleno dia";"Crescente";"C�u Claro";"Dupla";"Reta";"Sim";1339948;"Autom�vel";"FIAT/MOBI LIKE/MOBI LIKE";2019;"Passageiro";"Ileso";30;"Feminino";1;0;0;0;-8,797233;-63,69765;"SPRF-RO";"DEL01-RO";"UOP01-DEL01-RO"
750035;1682443;2025-11-02;"domingo";"13:53:00";"RO";364;692;"CANDEIAS DO JAMARI";"Sim";"Acessar a via sem observar a presen�a dos outros ve�culos";2;"Colis�o com objeto";"Com V�timas Feridas";"Pleno dia";"Crescente";"C�u Claro";"Dupla";"Reta";"Sim";1339948;"Autom�vel";"FIAT/MOBI LIKE/MOBI LIKE";2019;"Condutor";"Les�es Leves";32;"Masculino";0;1;0;0;-8,797233;-63,69765;"SPRF-RO";"DEL01-RO";"UOP01-DEL01-RO"
750035;1682446;2025-11-02;"domingo";"13:53:00";"RO";364;692;"CANDEIAS DO JAMARI";"Sim";"Acessar a via sem observar a presen�a dos outros ve�culos";2;"Colis�o com objeto";"Com V�timas Feridas";"Pleno dia";"Crescente";"C�u Claro";"Dupla";"Reta";"Sim";1339947;"Autom�vel";"I/CHEVROLET AGILE LTZ/CHEVROLET AGILE LTZ";2012;"Passageiro";"Ileso";53;"Feminino";1;0;0;0;-8,797233;-63,69765;"SPRF-RO";"DEL01-RO";"UOP01-DEL01-RO"
750035;1682442;2025-11-02;"domingo";"13:53:00";"RO";364;692;"CANDEIAS DO JAMARI";"Sim";"Acessar a via sem observar a presen�a dos outros ve�culos";2;"Colis�o com objeto";"Com V�timas Feridas";"Pleno dia";"Crescente";"C�u Claro";"Dupla";"Reta";"Sim";1339947;"Autom�vel";"I/CHEVROLET AGILE LTZ/CHEVROLET AGILE LTZ";2012;"Condutor";"Ileso";56;"Masculino";1;0;0;0;-8,797233;-63,69765;"SPRF-RO";"DEL01-RO";"UOP01-DEL01-RO"
750035;1682445;2025-11-02;"domingo";"13:53:00";"RO";364;692;"CANDEIAS DO JAMARI";"Sim";"Acessar a via sem observar a presen�a dos outros ve�culos";1;"Colis�o lateral mesmo sentido";"Com V�timas Feridas";"Pleno dia";"Crescente";"C�u Claro";"Dupla";"Reta";"Sim";1339948;"Autom�vel";"FIAT/MOBI LIKE/MOBI LIKE";2019;"Passageiro";"Ileso";8;"Masculino";1;0;0;0;-8,797233;-63,69765;"SPRF-RO";"DEL01-RO";"UOP01-DEL01-RO"
750035;1682444;2025-11-02;"domingo";"13:53:00";"RO";364;692;"CANDEIAS DO JAMARI";"Sim";"Acessar a via sem observar a presen�a dos outros ve�culos";1;"Colis�o lateral mesmo sentido";"Com V�timas Feridas";"Pleno dia";"Crescente";"C�u Claro";"Dupla";"Reta";"Sim";1339948;"Autom�vel";"FIAT/MOBI LIKE/MOBI LIKE";2019;"Passageiro";"Ileso";30;"Feminino";1;0;0;0;-8,797233;-63,69765;"SPRF-RO";"DEL01-RO";"UOP01-DEL01-RO"
750035;1682443;2025-11-02;"domingo";"13:53:00";"RO";364;692;"CANDEIAS DO JAMARI";"Sim";"Acessar a via sem observar a presen�a dos outros ve�culos";1;"Colis�o lateral mesmo sentido";"Com V�timas Feridas";"Pleno dia";"Crescente";"C�u Claro";"Dupla";"Reta";"Sim";1339948;"Autom�vel";"FIAT/MOBI LIKE/MOBI LIKE";2019;"Condutor";"Les�es Leves";32;"Masculino";0;1;0;0;-8,797233;-63,69765;"SPRF-RO";"DEL01-RO";"UOP01-DEL01-RO"
750035;1682446;2025-11-02;"domingo";"13:53:00";"RO";364;692;"CANDEIAS DO JAMARI";"Sim";"Acessar a via sem observar a presen�a dos outros ve�culos";1;"Colis�o lateral mesmo sentido";"Com V�timas Feridas";"Pleno dia";"Crescente";"C�u Claro";"Dupla";"Reta";"Sim";1339947;"Autom�vel";"I/CHEVROLET AGILE LTZ/CHEVROLET AGILE LTZ";2012;"Passageiro";"Ileso";53;"Feminino";1;0;0;0;-8,797233;-63,69765;"SPRF-RO";"DEL01-RO";"UOP01-DEL01-RO"
750035;1682442;2025-11-02;"domingo";"13:53:00";"RO";364;692;"CANDEIAS DO JAMARI";"Sim";"Acessar a via sem observar a presen�a dos outros ve�culos";1;"Colis�o lateral mesmo sentido";"Com V�timas Feridas";"Pleno dia";"Crescente";"C�u Claro";"Dupla";"Reta";"Sim";1339947;"Autom�vel";"I/CHEVROLET AGILE LTZ/CHEVROLET AGILE LTZ";2012;"Condutor";"Ileso";56;"Masculino";1;0;0;0;-8,797233;-63,69765;"SPRF-RO";"DEL01-RO";"UOP01-DEL01-RO"
750039;1682456;2025-12-26;"sexta-feira";"23:45:00";"GO";364;16;"SAO SIMAO";"N�o";"Aus�ncia de rea��o do condutor";2;"Sa�da de leito carro��vel";"Com V�timas Feridas";"Plena Noite";"Decrescente";"C�u Claro";"Simples";"Reta";"N�o";1339954;"Autom�vel";"VW/GOL 1.0/GOL 1.0";2010;"Condutor";"Les�es Leves";48;"Feminino";0;1;0;0;-18,952928;-50,625744;"SPRF-GO";"DEL05-GO";"UOP02-DEL05-GO"
750039;1682456;2025-12-26;"sexta-feira";"23:45:00";"GO";364;16;"SAO SIMAO";"N�o";"Aus�ncia de rea��o do condutor";1;"Atropelamento de Animal";"Com V�timas Feridas";"Plena Noite";"Decrescente";"C�u Claro";"Simples";"Reta";"N�o";1339954;"Autom�vel";"VW/GOL 1.0/GOL 1.0";2010;"Condutor";"Les�es Leves";48;"Feminino";0;1;0;0;-18,952928;-50,625744;"SPRF-GO";"DEL05-GO";"UOP02-DEL05-GO"
750039;1682456;2025-12-26;"sexta-feira";"23:45:00";"GO";364;16;"SAO SIMAO";"Sim";"Animais na Pista";2;"Sa�da de leito carro��vel";"Com V�timas Feridas";"Plena Noite";"Decrescente";"C�u Claro";"Simples";"Reta";"N�o";1339954;"Autom�vel";"VW/GOL 1.0/GOL 1.0";2010;"Condutor";"Les�es Leves";48;"Feminino";0;1;0;0;-18,952928;-50,625744;"SPRF-GO";"DEL05-GO";"UOP02-DEL05-GO"
750039;1682456;2025-12-26;"sexta-feira";"23:45:00";"GO";364;16;"SAO SIMAO";"Sim";"Animais na Pista";1;"Atropelamento de Animal";"Com V�timas Feridas";"Plena Noite";"Decrescente";"C�u Claro";"Simples";"Reta";"N�o";1339954;"Autom�vel";"VW/GOL 1.0/GOL 1.0";2010;"Condutor";"Les�es Leves";48;"Feminino";0;1;0;0;-18,952928;-50,625744;"SPRF-GO";"DEL05-GO";"UOP02-DEL05-GO"
750067;1682534;2025-12-06;"s�bado";"15:25:00";"RJ";116;172;"SAO JOAO DE MERITI";"Sim";"Rea��o tardia ou ineficiente do condutor";1;"Engavetamento";"Com V�timas Feridas";"Pleno dia";"Decrescente";"C�u Claro";"Dupla";"Reta";"N�o";1340011;"Utilit�rio";"JEEP/COMPASS LIMITED S/COMPASS LIMITED S";2019;"Condutor";"Ileso";NA;"Masculino";1;0;0;0;-22,79944021;-43,35530933;"SPRF-RJ";"DEL06-RJ";"UOP01-DEL06-RJ"
750067;1682533;2025-12-06;"s�bado";"15:25:00";"RJ";116;172;"SAO JOAO DE MERITI";"Sim";"Rea��o tardia ou ineficiente do condutor";1;"Engavetamento";"Com V�timas Feridas";"Pleno dia";"Decrescente";"C�u Claro";"Dupla";"Reta";"N�o";1340010;"Autom�vel";"PEUGEOT/207PASSION XS/207PASSION XS";2009;"Condutor";"Les�es Leves";NA;"Masculino";0;1;0;0;-22,79944021;-43,35530933;"SPRF-RJ";"DEL06-RJ";"UOP01-DEL06-RJ"
750127;1682670;2025-09-19;"sexta-feira";"23:38:00";"PI";316;1;"TERESINA";"Sim";"Acesso irregular";1;"Colis�o transversal";"Sem V�timas";"Plena Noite";"Crescente";"C�u Claro";"Simples";"Reta";"N�o";1340125;"Autom�vel";"I/CHEVROLET CLASSIC LS/CHEVROLET CLASSIC LS";2014;"Condutor";"Ileso";31;"Masculino";1;0;0;0;-5,125632;-42,800377;"SPRF-PI";"DEL01-PI";"UOP02-DEL01-PI"
750127;1682669;2025-09-19;"sexta-feira";"23:38:00";"PI";316;1;"TERESINA";"Sim";"Acesso irregular";1;"Colis�o transversal";"Sem V�timas";"Plena Noite";"Crescente";"C�u Claro";"Simples";"Reta";"N�o";1340124;"Autom�vel";"FIAT/SIENA EL 1.4 FLEX/SIENA EL 1.4 FLEX";2014;"Condutor";"Ileso";55;"Masculino";1;0;0;0;-5,125632;-42,800377;"SPRF-PI";"DEL01-PI";"UOP02-DEL01-PI"
750127;1682668;2025-09-19;"sexta-feira";"23:38:00";"PI";316;1;"TERESINA";"Sim";"Acesso irregular";1;"Colis�o transversal";"Sem V�timas";"Plena Noite";"Crescente";"C�u Claro";"Simples";"Reta";"N�o";1340123;"Autom�vel";"GM/CORSA GLS/CORSA GLS";1996;"Condutor";"Ileso";25;"Masculino";1;0;0;0;-5,125632;-42,800377;"SPRF-PI";"DEL01-PI";"UOP02-DEL01-PI"
750154;1682748;2025-12-31;"quarta-feira";"07:20:00";"SC";470;80,1;"RODEIO";"Sim";"Velocidade Incompat�vel";1;"Colis�o com objeto";"Com V�timas Feridas";"Pleno dia";"Crescente";"Nublado";"Simples";"Curva;Ponte";"N�o";1340190;"Autom�vel";"GM/CLASSIC LIFE/CLASSIC LIFE";2004;"Condutor";"Les�es Graves";31;"Masculino";0;0;1;0;-26,9482588;-49,31890368;"SPRF-SC";"DEL04-SC";"UOP01-DEL04-SC"
750154;1682747;2025-12-31;"quarta-feira";"07:20:00";"SC";470;80,1;"RODEIO";"Sim";"Velocidade Incompat�vel";1;"Colis�o com objeto";"Com V�timas Feridas";"Pleno dia";"Crescente";"Nublado";"Simples";"Curva;Ponte";"N�o";1340190;"Autom�vel";"GM/CLASSIC LIFE/CLASSIC LIFE";2004;"Passageiro";"Les�es Graves";27;"Feminino";0;0;1;0;-26,9482588;-49,31890368;"SPRF-SC";"DEL04-SC";"UOP01-DEL04-SC"
750166;1682767;2025-12-06;"s�bado";"18:30:00";"BA";101;610;"MASCOTE";"Sim";"Pista Escorregadia";1;"Colis�o frontal";"Com V�timas Feridas";"Anoitecer";"Decrescente";"Chuva";"Simples";"Curva";"N�o";1340205;"Camioneta";"VW/SAVEIRO CL 1.6 MI/SAVEIRO CL 1.6 MI";1999;"Condutor";"Ileso";NA;"Masculino";1;0;0;0;-15,58156506;-39,41491127;"SPRF-BA";"DEL05-BA";"UOP02-DEL05-BA"
750166;1682768;2025-12-06;"s�bado";"18:30:00";"BA";101;610;"MASCOTE";"Sim";"Pista Escorregadia";1;"Colis�o frontal";"Com V�timas Feridas";"Anoitecer";"Decrescente";"Chuva";"Simples";"Curva";"N�o";1340206;"Autom�vel";"FIAT/UNO MILLE FIRE FLEX/UNO MILLE FIRE FLEX";2006;"Condutor";"Les�es Leves";NA;"Masculino";0;1;0;0;-15,58156506;-39,41491127;"SPRF-BA";"DEL05-BA";"UOP02-DEL05-BA"
750177;NA;2025-08-18;"segunda-feira";"06:17:00";"PA";230;569,4;"VITORIA DO XINGU";"N�o";"Aus�ncia de rea��o do condutor";1;"Colis�o transversal";"Com V�timas Feridas";"Amanhecer";"Decrescente";"C�u Claro";"Simples";"Reta";"N�o";1340238;"Semireboque";"SR/FACCHINI SRF TG/FACCHINI SRF TG";2012;NA;NA;NA;NA;NA;NA;NA;NA;-3,12510087;-51,74146632;"SPRF-PA";"DEL04-PA";"UOP01-DEL04-PA"
750177;1682805;2025-08-18;"segunda-feira";"06:17:00";"PA";230;569,4;"VITORIA DO XINGU";"N�o";"Aus�ncia de rea��o do condutor";1;"Colis�o transversal";"Com V�timas Feridas";"Amanhecer";"Decrescente";"C�u Claro";"Simples";"Reta";"N�o";1340237;"Caminh�o-trator";"VOLVO/FH 540 6X4T/FH 540 6X4T";2021;"Condutor";"Ileso";38;"Masculino";1;0;0;0;-3,12510087;-51,74146632;"SPRF-PA";"DEL04-PA";"UOP01-DEL04-PA"
750177;1682807;2025-08-18;"segunda-feira";"06:17:00";"PA";230;569,4;"VITORIA DO XINGU";"N�o";"Aus�ncia de rea��o do condutor";1;"Colis�o transversal";"Com V�timas Feridas";"Amanhecer";"Decrescente";"C�u Claro";"Simples";"Reta";"N�o";1340236;"Caminhonete";"I/FORD RANGER XLCD2D4M/FORD RANGER XLCD2D4M";2024;"Passageiro";"Les�es Leves";61;"Masculino";0;1;0;0;-3,12510087;-51,74146632;"SPRF-PA";"DEL04-PA";"UOP01-DEL04-PA"
750177;1682806;2025-08-18;"segunda-feira";"06:17:00";"PA";230;569,4;"VITORIA DO XINGU";"N�o";"Aus�ncia de rea��o do condutor";1;"Colis�o transversal";"Com V�timas Feridas";"Amanhecer";"Decrescente";"C�u Claro";"Simples";"Reta";"N�o";1340236;"Caminhonete";"I/FORD RANGER XLCD2D4M/FORD RANGER XLCD2D4M";2024;"Condutor";"Les�es Leves";60;"Masculino";0;1;0;0;-3,12510087;-51,74146632;"SPRF-PA";"DEL04-PA";"UOP01-DEL04-PA"
750177;1682804;2025-08-18;"segunda-feira";"06:17:00";"PA";230;569,4;"VITORIA DO XINGU";"N�o";"Aus�ncia de rea��o do condutor";1;"Colis�o transversal";"Com V�timas Feridas";"Amanhecer";"Decrescente";"C�u Claro";"Simples";"Reta";"N�o";1340236;"Caminhonete";"I/FORD RANGER XLCD2D4M/FORD RANGER XLCD2D4M";2024;"Passageiro";"Les�es Leves";30;"Feminino";0;1;0;0;-3,12510087;-51,74146632;"SPRF-PA";"DEL04-PA";"UOP01-DEL04-PA"