"id";"pesid";"data_inversa";"dia_semana";"horario";"uf";"br";"km";"municipio";"causa_principal";"causa_acidente";"ordem_tipo_acidente";"tipo_acidente";"classificacao_acidente";"fase_dia";"sentido_via";"condicao_metereologica";"tipo_pista";"tracado_via";"uso_solo";"id_veiculo";"tipo_veiculo";"marca";"ano_fabricacao_veiculo";"tipo_envolvido";"estado_fisico";"idade";"sexo";"ilesos";"feridos_leves";"feridos_graves";"mortos";"latitude";"longitude";"regional";"delegacia";"uop"
750177;1682803;2025-08-18;"segunda-feira";"06:17:00";"PA";230;569,4;"VITORIA DO XINGU";"N�o";"Aus�ncia de rea��o do condutor";1;"Colis�o transversal";"Com V�timas Feridas";"Amanhecer";"Decrescente";"C�u Claro";"Simples";"Reta";"N�o";1340236;"Caminhonete";"I/FORD RANGER XLCD2D4M/FORD RANGER XLCD2D4M";2024;"Passageiro";"Les�es Leves";53;"Feminino";0;1;0;0;-3,12510087;-51,74146632;"SPRF-PA";"DEL04-PA";"UOP01-DEL04-PA"
750177;1682802;2025-08-18;"segunda-feira";"06:17:00";"PA";230;569,4;"VITORIA DO XINGU";"N�o";"Aus�ncia de rea��o do condutor";1;"Colis�o transversal";"Com V�timas Feridas";"Amanhecer";"Decrescente";"C�u Claro";"Simples";"Reta";"N�o";1340236;"Caminhonete";"I/FORD RANGER XLCD2D4M/FORD RANGER XLCD2D4M";2024;"Passageiro";"Ileso";60;"Masculino";1;0;0;0;-3,12510087;-51,74146632;"SPRF-PA";"DEL04-PA";"UOP01-DEL04-PA"
750177;NA;2025-08-18;"segunda-feira";"06:17:00";"PA";230;569,4;"VITORIA DO XINGU";"Sim";"Acessar a via sem observar a presen�a dos outros ve�culos";1;"Colis�o transversal";"Com V�timas Feridas";"Amanhecer";"Decrescente";"C�u Claro";"Simples";"Reta";"N�o";1340238;"Semireboque";"SR/FACCHINI SRF TG/FACCHINI SRF TG";2012;NA;NA;NA;NA;NA;NA;NA;NA;-3,12510087;-51,74146632;"SPRF-PA";"DEL04-PA";"UOP01-DEL04-PA"
750177;1682805;2025-08-18;"segunda-feira";"06:17:00";"PA";230;569,4;"VITORIA DO XINGU";"Sim";"Acessar a via sem observar a presen�a dos outros ve�culos";1;"Colis�o transversal";"Com V�timas Feridas";"Amanhecer";"Decrescente";"C�u Claro";"Simples";"Reta";"N�o";1340237;"Caminh�o-trator";"VOLVO/FH 540 6X4T/FH 540 6X4T";2021;"Condutor";"Ileso";38;"Masculino";1;0;0;0;-3,12510087;-51,74146632;"SPRF-PA";"DEL04-PA";"UOP01-DEL04-PA"
750177;1682807;2025-08-18;"segunda-feira";"06:17:00";"PA";230;569,4;"VITORIA DO XINGU";"Sim";"Acessar a via sem observar a presen�a dos outros ve�culos";1;"Colis�o transversal";"Com V�timas Feridas";"Amanhecer";"Decrescente";"C�u Claro";"Simples";"Reta";"N�o";1340236;"Caminhonete";"I/FORD RANGER XLCD2D4M/FORD RANGER XLCD2D4M";2024;"Passageiro";"Les�es Leves";61;"Masculino";0;1;0;0;-3,12510087;-51,74146632;"SPRF-PA";"DEL04-PA";"UOP01-DEL04-PA"
750177;1682806;2025-08-18;"segunda-feira";"06:17:00";"PA";230;569,4;"VITORIA DO XINGU";"Sim";"Acessar a via sem observar a presen�a dos outros ve�culos";1;"Colis�o transversal";"Com V�timas Feridas";"Amanhecer";"Decrescente";"C�u Claro";"Simples";"Reta";"N�o";1340236;"Caminhonete";"I/FORD RANGER XLCD2D4M/FORD RANGER XLCD2D4M";2024;"Condutor";"Les�es Leves";60;"Masculino";0;1;0;0;-3,12510087;-51,74146632;"SPRF-PA";"DEL04-PA";"UOP01-DEL04-PA"
750177;1682804;2025-08-18;"segunda-feira";"06:17:00";"PA";230;569,4;"VITORIA DO XINGU";"Sim";"Acessar a via sem observar a presen�a dos outros ve�culos";1;"Colis�o transversal";"Com V�timas Feridas";"Amanhecer";"Decrescente";"C�u Claro";"Simples";"Reta";"N�o";1340236;"Caminhonete";"I/FORD RANGER XLCD2D4M/FORD RANGER XLCD2D4M";2024;"Passageiro";"Les�es Leves";30;"Feminino";0;1;0;0;-3,12510087;-51,74146632;"SPRF-PA";"DEL04-PA";"UOP01-DEL04-PA"
750177;1682803;2025-08-18;"segunda-feira";"06:17:00";"PA";230;569,4;"VITORIA DO XINGU";"Sim";"Acessar a via sem observar a presen�a dos outros ve�culos";1;"Colis�o transversal";"Com V�timas Feridas";"Amanhecer";"Decrescente";"C�u Claro";"Simples";"Reta";"N�o";1340236;"Caminhonete";"I/FORD RANGER XLCD2D4M/FORD RANGER XLCD2D4M";2024;"Passageiro";"Les�es Leves";53;"Feminino";0;1;0;0;-3,12510087;-51,74146632;"SPRF-PA";"DEL04-PA";"UOP01-DEL04-PA"
750177;1682802;2025-08-18;"segunda-feira";"06:17:00";"PA";230;569,4;"VITORIA DO XINGU";"Sim";"Acessar a via sem observar a presen�a dos outros ve�culos";1;"Colis�o transversal";"Com V�timas Feridas";"Amanhecer";"Decrescente";"C�u Claro";"Simples";"Reta";"N�o";1340236;"Caminhonete";"I/FORD RANGER XLCD2D4M/FORD RANGER XLCD2D4M";2024;"Passageiro";"Ileso";60;"Masculino";1;0;0;0;-3,12510087;-51,74146632;"SPRF-PA";"DEL04-PA";"UOP01-DEL04-PA"
750177;NA;2025-08-18;"segunda-feira";"06:17:00";"PA";230;569,4;"VITORIA DO XINGU";"N�o";"Velocidade Incompat�vel";1;"Colis�o transversal";"Com V�timas Feridas";"Amanhecer";"Decrescente";"C�u Claro";"Simples";"Reta";"N�o";1340238;"Semireboque";"SR/FACCHINI SRF TG/FACCHINI SRF TG";2012;NA;NA;NA;NA;NA;NA;NA;NA;-3,12510087;-51,74146632;"SPRF-PA";"DEL04-PA";"UOP01-DEL04-PA"
750177;1682805;2025-08-18;"segunda-feira";"06:17:00";"PA";230;569,4;"VITORIA DO XINGU";"N�o";"Velocidade Incompat�vel";1;"Colis�o transversal";"Com V�timas Feridas";"Amanhecer";"Decrescente";"C�u Claro";"Simples";"Reta";"N�o";1340237;"Caminh�o-trator";"VOLVO/FH 540 6X4T/FH 540 6X4T";2021;"Condutor";"Ileso";38;"Masculino";1;0;0;0;-3,12510087;-51,74146632;"SPRF-PA";"DEL04-PA";"UOP01-DEL04-PA"
750177;1682807;2025-08-18;"segunda-feira";"06:17:00";"PA";230;569,4;"VITORIA DO XINGU";"N�o";"Velocidade Incompat�vel";1;"Colis�o transversal";"Com V�timas Feridas";"Amanhecer";"Decrescente";"C�u Claro";"Simples";"Reta";"N�o";1340236;"Caminhonete";"I/FORD RANGER XLCD2D4M/FORD RANGER XLCD2D4M";2024;"Passageiro";"Les�es Leves";61;"Masculino";0;1;0;0;-3,12510087;-51,74146632;"SPRF-PA";"DEL04-PA";"UOP01-DEL04-PA"
750177;1682806;2025-08-18;"segunda-feira";"06:17:00";"PA";230;569,4;"VITORIA DO XINGU";"N�o";"Velocidade Incompat�vel";1;"Colis�o transversal";"Com V�timas Feridas";"Amanhecer";"Decrescente";"C�u Claro";"Simples";"Reta";"N�o";1340236;"Caminhonete";"I/FORD RANGER XLCD2D4M/FORD RANGER XLCD2D4M";2024;"Condutor";"Les�es Leves";60;"Masculino";0;1;0;0;-3,12510087;-51,74146632;"SPRF-PA";"DEL04-PA";"UOP01-DEL04-PA"
750177;1682804;2025-08-18;"segunda-feira";"06:17:00";"PA";230;569,4;"VITORIA DO XINGU";"N�o";"Velocidade Incompat�vel";1;"Colis�o transversal";"Com V�timas Feridas";"Amanhecer";"Decrescente";"C�u Claro";"Simples";"Reta";"N�o";1340236;"Caminhonete";"I/FORD RANGER XLCD2D4M/FORD RANGER XLCD2D4M";2024;"Passageiro";"Les�es Leves";30;"Feminino";0;1;0;0;-3,12510087;-51,74146632;"SPRF-PA";"DEL04-PA";"UOP01-DEL04-PA"
750177;1682803;2025-08-18;"segunda-feira";"06:17:00";"PA";230;569,4;"VITORIA DO XINGU";"N�o";"Velocidade Incompat�vel";1;"Colis�o transversal";"Com V�timas Feridas";"Amanhecer";"Decrescente";"C�u Claro";"Simples";"Reta";"N�o";1340236;"Caminhonete";"I/FORD RANGER XLCD2D4M/FORD RANGER XLCD2D4M";2024;"Passageiro";"Les�es Leves";53;"Feminino";0;1;0;0;-3,12510087;-51,74146632;"SPRF-PA";"DEL04-PA";"UOP01-DEL04-PA"
750177;1682802;2025-08-18;"segunda-feira";"06:17:00";"PA";230;569,4;"VITORIA DO XINGU";"N�o";"Velocidade Incompat�vel";1;"Colis�o transversal";"Com V�timas Feridas";"Amanhecer";"Decrescente";"C�u Claro";"Simples";"Reta";"N�o";1340236;"Caminhonete";"I/FORD RANGER XLCD2D4M/FORD RANGER XLCD2D4M";2024;"Passageiro";"Ileso";60;"Masculino";1;0;0;0;-3,12510087;-51,74146632;"SPRF-PA";"DEL04-PA";"UOP01-DEL04-PA"
750194;1682831;2025-12-15;"segunda-feira";"05:30:00";"PA";155;316;"MARABA";"N�o";"Rea��o tardia ou ineficiente do condutor";2;"Tombamento";"Com V�timas Feridas";"Amanhecer";"Decrescente";"Nublado";"Simples";"Reta";"N�o";1340254;"Caminh�o";"VW/13.190 CRM 4X2/13.190 CRM 4X2";2012;"Condutor";"Les�es Leves";60;"Masculino";0;1;0;0;-5,610008;-49,085663;"SPRF-PA";"DEL03-PA";"UOP01-DEL03-PA"
750194;1682831;2025-12-15;"segunda-feira";"05:30:00";"PA";155;316;"MARABA";"N�o";"Rea��o tardia ou ineficiente do condutor";1;"Colis�o lateral mesmo sentido";"Com V�timas Feridas";"Amanhecer";"Decrescente";"Nublado";"Simples";"Reta";"N�o";1340254;"Caminh�o";"VW/13.190 CRM 4X2/13.190 CRM 4X2";2012;"Condutor";"Les�es Leves";60;"Masculino";0;1;0;0;-5,610008;-49,085663;"SPRF-PA";"DEL03-PA";"UOP01-DEL03-PA"
750194;1682831;2025-12-15;"segunda-feira";"05:30:00";"PA";155;316;"MARABA";"Sim";"Objeto est�tico sobre o leito carro��vel";2;"Tombamento";"Com V�timas Feridas";"Amanhecer";"Decrescente";"Nublado";"Simples";"Reta";"N�o";1340254;"Caminh�o";"VW/13.190 CRM 4X2/13.190 CRM 4X2";2012;"Condutor";"Les�es Leves";60;"Masculino";0;1;0;0;-5,610008;-49,085663;"SPRF-PA";"DEL03-PA";"UOP01-DEL03-PA"
750194;1682831;2025-12-15;"segunda-feira";"05:30:00";"PA";155;316;"MARABA";"Sim";"Objeto est�tico sobre o leito carro��vel";1;"Colis�o lateral mesmo sentido";"Com V�timas Feridas";"Amanhecer";"Decrescente";"Nublado";"Simples";"Reta";"N�o";1340254;"Caminh�o";"VW/13.190 CRM 4X2/13.190 CRM 4X2";2012;"Condutor";"Les�es Leves";60;"Masculino";0;1;0;0;-5,610008;-49,085663;"SPRF-PA";"DEL03-PA";"UOP01-DEL03-PA"
750200;1682839;2025-10-30;"quinta-feira";"14:14:00";"PA";316;9;"ANANINDEUA";"Sim";"Acessar a via sem observar a presen�a dos outros ve�culos";1;"Colis�o transversal";"Com V�timas Feridas";"Pleno dia";"Crescente";"C�u Claro";"Dupla";"Reta";"N�o";1340259;"Motor-casa";"I/MOTOR-CASA CAMINHAO/MOTOR-CASA CAMINHAO";2014;"Condutor";"Les�es Graves";50;"Masculino";0;0;1;0;-1,366572;-48,370371;"SPRF-PA";"DEL01-PA";"UOP01-DEL01-PA"
750200;1682840;2025-10-30;"quinta-feira";"14:14:00";"PA";316;9;"ANANINDEUA";"Sim";"Acessar a via sem observar a presen�a dos outros ve�culos";1;"Colis�o transversal";"Com V�timas Feridas";"Pleno dia";"Crescente";"C�u Claro";"Dupla";"Reta";"N�o";1340260;"Bicicleta";"N�o Informado/N�o Informado/N�o Informado";0;"Condutor";"Les�es Graves";21;"Masculino";0;0;1;0;-1,366572;-48,370371;"SPRF-PA";"DEL01-PA";"UOP01-DEL01-PA"
750216;1683145;2025-08-02;"s�bado";"06:30:00";"SP";116;206;"GUARULHOS";"Sim";"Rea��o tardia ou ineficiente do condutor";2;"Colis�o traseira";"Com V�timas Feridas";"Pleno dia";"Crescente";"Nublado";"M�ltipla";"Reta";"Sim";1340490;"Caminh�o-trator";"SCANIA/R460 A6X2/R460 A6X2";0;"Condutor";"N�o Informado";NA;"N�o Informado";0;0;0;0;-23,4172663;-46,3758554;"SPRF-SP";"DEL01-SP";"UOP01-DEL01-SP"
750216;1683130;2025-08-02;"s�bado";"06:30:00";"SP";116;206;"GUARULHOS";"Sim";"Rea��o tardia ou ineficiente do condutor";2;"Colis�o traseira";"Com V�timas Feridas";"Pleno dia";"Crescente";"Nublado";"M�ltipla";"Reta";"Sim";1340457;"Caminh�o-trator";"VW/19.320 CNC TT/19.320 CNC TT";0;"Condutor";"N�o Informado";NA;"N�o Informado";0;0;0;0;-23,4172663;-46,3758554;"SPRF-SP";"DEL01-SP";"UOP01-DEL01-SP"
750216;1683143;2025-08-02;"s�bado";"06:30:00";"SP";116;206;"GUARULHOS";"Sim";"Rea��o tardia ou ineficiente do condutor";2;"Colis�o traseira";"Com V�timas Feridas";"Pleno dia";"Crescente";"Nublado";"M�ltipla";"Reta";"Sim";1340464;"Autom�vel";"VW/FOX XTREME MB/FOX XTREME MB";0;"Passageiro";"Les�es Leves";NA;"Feminino";0;1;0;0;-23,4172663;-46,3758554;"SPRF-SP";"DEL01-SP";"UOP01-DEL01-SP"
750216;1683142;2025-08-02;"s�bado";"06:30:00";"SP";116;206;"GUARULHOS";"Sim";"Rea��o tardia ou ineficiente do condutor";2;"Colis�o traseira";"Com V�timas Feridas";"Pleno dia";"Crescente";"Nublado";"M�ltipla";"Reta";"Sim";1340464;"Autom�vel";"VW/FOX XTREME MB/FOX XTREME MB";0;"Condutor";"Les�es Leves";NA;"Masculino";0;1;0;0;-23,4172663;-46,3758554;"SPRF-SP";"DEL01-SP";"UOP01-DEL01-SP"
750216;1683145;2025-08-02;"s�bado";"06:30:00";"SP";116;206;"GUARULHOS";"Sim";"Rea��o tardia ou ineficiente do condutor";1;"Colis�o traseira";"Com V�timas Feridas";"Pleno dia";"Crescente";"Nublado";"M�ltipla";"Reta";"Sim";1340490;"Caminh�o-trator";"SCANIA/R460 A6X2/R460 A6X2";0;"Condutor";"N�o Informado";NA;"N�o Informado";0;0;0;0;-23,4172663;-46,3758554;"SPRF-SP";"DEL01-SP";"UOP01-DEL01-SP"
750216;1683130;2025-08-02;"s�bado";"06:30:00";"SP";116;206;"GUARULHOS";"Sim";"Rea��o tardia ou ineficiente do condutor";1;"Colis�o traseira";"Com V�timas Feridas";"Pleno dia";"Crescente";"Nublado";"M�ltipla";"Reta";"Sim";1340457;"Caminh�o-trator";"VW/19.320 CNC TT/19.320 CNC TT";0;"Condutor";"N�o Informado";NA;"N�o Informado";0;0;0;0;-23,4172663;-46,3758554;"SPRF-SP";"DEL01-SP";"UOP01-DEL01-SP"
750216;1683143;2025-08-02;"s�bado";"06:30:00";"SP";116;206;"GUARULHOS";"Sim";"Rea��o tardia ou ineficiente do condutor";1;"Colis�o traseira";"Com V�timas Feridas";"Pleno dia";"Crescente";"Nublado";"M�ltipla";"Reta";"Sim";1340464;"Autom�vel";"VW/FOX XTREME MB/FOX XTREME MB";0;"Passageiro";"Les�es Leves";NA;"Feminino";0;1;0;0;-23,4172663;-46,3758554;"SPRF-SP";"DEL01-SP";"UOP01-DEL01-SP"
750216;1683142;2025-08-02;"s�bado";"06:30:00";"SP";116;206;"GUARULHOS";"Sim";"Rea��o tardia ou ineficiente do condutor";1;"Colis�o traseira";"Com V�timas Feridas";"Pleno dia";"Crescente";"Nublado";"M�ltipla";"Reta";"Sim";1340464;"Autom�vel";"VW/FOX XTREME MB/FOX XTREME MB";0;"Condutor";"Les�es Leves";NA;"Masculino";0;1;0;0;-23,4172663;-46,3758554;"SPRF-SP";"DEL01-SP";"UOP01-DEL01-SP"
750220;1682901;2025-12-26;"sexta-feira";"15:00:00";"SC";282;45;"AGUAS MORNAS";"Sim";"Mal s�bito do condutor";2;"Colis�o com objeto";"Com V�timas Feridas";"Pleno dia";"Crescente";"Garoa/Chuvisco";"Simples";"Curva";"N�o";1340312;"Autom�vel";"CHEV/PRISMA 1.4MT LTZ/PRISMA 1.4MT LTZ";2015;"Condutor";"Les�es Leves";54;"Masculino";0;1;0;0;-27,70475528;-48,82304639;"SPRF-SC";"DEL01-SC";"UOP03-DEL01-SC"
750220;1682901;2025-12-26;"sexta-feira";"15:00:00";"SC";282;45;"AGUAS MORNAS";"Sim";"Mal s�bito do condutor";1;"Sa�da de leito carro��vel";"Com V�timas Feridas";"Pleno dia";"Crescente";"Garoa/Chuvisco";"Simples";"Curva";"N�o";1340312;"Autom�vel";"CHEV/PRISMA 1.4MT LTZ/PRISMA 1.4MT LTZ";2015;"Condutor";"Les�es Leves";54;"Masculino";0;1;0;0;-27,70475528;-48,82304639;"SPRF-SC";"DEL01-SC";"UOP03-DEL01-SC"
750284;1683075;2025-09-06;"s�bado";"03:50:00";"BA";116;321;"ARACI";"Sim";"Ingest�o de �lcool pelo condutor";1;"Colis�o frontal";"Com V�timas Feridas";"Plena Noite";"Crescente";"Nublado";"Simples";"Reta";"Sim";1340449;"Autom�vel";"I/FIAT SIENA ELX FLEX/FIAT SIENA ELX FLEX";2009;"Condutor";"Les�es Graves";49;"Masculino";0;0;1;0;-11,3283916;-38,95335684;"SPRF-BA";"DEL02-BA";"UOP01-DEL02-BA"
750284;1683074;2025-09-06;"s�bado";"03:50:00";"BA";116;321;"ARACI";"Sim";"Ingest�o de �lcool pelo condutor";1;"Colis�o frontal";"Com V�timas Feridas";"Plena Noite";"Crescente";"Nublado";"Simples";"Reta";"Sim";1340448;"Caminh�o";"VW/13.180 CNM/13.180 CNM";2009;"Condutor";"Ileso";58;"Masculino";1;0;0;0;-11,3283916;-38,95335684;"SPRF-BA";"DEL02-BA";"UOP01-DEL02-BA"
750347;1683224;2025-11-10;"segunda-feira";"01:00:00";"PR";277;1,9;"PARANAGUA";"N�o";"Aus�ncia de rea��o do condutor";1;"Colis�o transversal";"Com V�timas Feridas";"Plena Noite";"Crescente";"C�u Claro";"Simples";"Reta";"Sim";1340573;"Autom�vel";"CITROEN/XSARA PICASSOGXS/XSARA PICASSOGXS";2005;"Condutor";"Ileso";26;"Masculino";1;0;0;0;-25,50815784;-48,52830347;"SPRF-PR";"DEL01-PR";"UOP05-DEL01-PR"
750347;1683231;2025-11-10;"segunda-feira";"01:00:00";"PR";277;1,9;"PARANAGUA";"N�o";"Aus�ncia de rea��o do condutor";1;"Colis�o transversal";"Com V�timas Feridas";"Plena Noite";"Crescente";"C�u Claro";"Simples";"Reta";"Sim";1340576;"Autom�vel";"RENAULT/LOGAN EXPR 10/LOGAN EXPR 10";2017;"Condutor";"Ileso";20;"Masculino";1;0;0;0;-25,50815784;-48,52830347;"SPRF-PR";"DEL01-PR";"UOP05-DEL01-PR"
750347;1683225;2025-11-10;"segunda-feira";"01:00:00";"PR";277;1,9;"PARANAGUA";"N�o";"Aus�ncia de rea��o do condutor";1;"Colis�o transversal";"Com V�timas Feridas";"Plena Noite";"Crescente";"C�u Claro";"Simples";"Reta";"Sim";1340574;"Motocicleta";"HONDA/CG 125 FAN ES/CG 125 FAN ES";2010;"Condutor";"Les�es Graves";49;"Masculino";0;0;1;0;-25,50815784;-48,52830347;"SPRF-PR";"DEL01-PR";"UOP05-DEL01-PR"
750347;1683224;2025-11-10;"segunda-feira";"01:00:00";"PR";277;1,9;"PARANAGUA";"Sim";"Acessar a via sem observar a presen�a dos outros ve�culos";1;"Colis�o transversal";"Com V�timas Feridas";"Plena Noite";"Crescente";"C�u Claro";"Simples";"Reta";"Sim";1340573;"Autom�vel";"CITROEN/XSARA PICASSOGXS/XSARA PICASSOGXS";2005;"Condutor";"Ileso";26;"Masculino";1;0;0;0;-25,50815784;-48,52830347;"SPRF-PR";"DEL01-PR";"UOP05-DEL01-PR"
750347;1683231;2025-11-10;"segunda-feira";"01:00:00";"PR";277;1,9;"PARANAGUA";"Sim";"Acessar a via sem observar a presen�a dos outros ve�culos";1;"Colis�o transversal";"Com V�timas Feridas";"Plena Noite";"Crescente";"C�u Claro";"Simples";"Reta";"Sim";1340576;"Autom�vel";"RENAULT/LOGAN EXPR 10/LOGAN EXPR 10";2017;"Condutor";"Ileso";20;"Masculino";1;0;0;0;-25,50815784;-48,52830347;"SPRF-PR";"DEL01-PR";"UOP05-DEL01-PR"
750347;1683225;2025-11-10;"segunda-feira";"01:00:00";"PR";277;1,9;"PARANAGUA";"Sim";"Acessar a via sem observar a presen�a dos outros ve�culos";1;"Colis�o transversal";"Com V�timas Feridas";"Plena Noite";"Crescente";"C�u Claro";"Simples";"Reta";"Sim";1340574;"Motocicleta";"HONDA/CG 125 FAN ES/CG 125 FAN ES";2010;"Condutor";"Les�es Graves";49;"Masculino";0;0;1;0;-25,50815784;-48,52830347;"SPRF-PR";"DEL01-PR";"UOP05-DEL01-PR"
750347;1683224;2025-11-10;"segunda-feira";"01:00:00";"PR";277;1,9;"PARANAGUA";"N�o";"Velocidade Incompat�vel";1;"Colis�o transversal";"Com V�timas Feridas";"Plena Noite";"Crescente";"C�u Claro";"Simples";"Reta";"Sim";1340573;"Autom�vel";"CITROEN/XSARA PICASSOGXS/XSARA PICASSOGXS";2005;"Condutor";"Ileso";26;"Masculino";1;0;0;0;-25,50815784;-48,52830347;"SPRF-PR";"DEL01-PR";"UOP05-DEL01-PR"
750347;1683231;2025-11-10;"segunda-feira";"01:00:00";"PR";277;1,9;"PARANAGUA";"N�o";"Velocidade Incompat�vel";1;"Colis�o transversal";"Com V�timas Feridas";"Plena Noite";"Crescente";"C�u Claro";"Simples";"Reta";"Sim";1340576;"Autom�vel";"RENAULT/LOGAN EXPR 10/LOGAN EXPR 10";2017;"Condutor";"Ileso";20;"Masculino";1;0;0;0;-25,50815784;-48,52830347;"SPRF-PR";"DEL01-PR";"UOP05-DEL01-PR"
750347;1683225;2025-11-10;"segunda-feira";"01:00:00";"PR";277;1,9;"PARANAGUA";"N�o";"Velocidade Incompat�vel";1;"Colis�o transversal";"Com V�timas Feridas";"Plena Noite";"Crescente";"C�u Claro";"Simples";"Reta";"Sim";1340574;"Motocicleta";"HONDA/CG 125 FAN ES/CG 125 FAN ES";2010;"Condutor";"Les�es Graves";49;"Masculino";0;0;1;0;-25,50815784;-48,52830347;"SPRF-PR";"DEL01-PR";"UOP05-DEL01-PR"
750377;1683285;2025-12-28;"domingo";"17:23:00";"PR";116;44,4;"CAMPINA GRANDE DO SUL";"Sim";"Chuva";2;"Sa�da de leito carro��vel";"Com V�timas Feridas";"Pleno dia";"Crescente";"Chuva";"Dupla";"Curva";"N�o";1340631;"Autom�vel";"HYUNDAI/HB20 10M VISION/HB20 10M VISION";2020;"Passageiro";"Les�es Leves";30;"Feminino";0;1;0;0;-25,193571;-48,88873;"SPRF-PR";"DEL01-PR";"UOP02-DEL01-PR"
750377;1683284;2025-12-28;"domingo";"17:23:00";"PR";116;44,4;"CAMPINA GRANDE DO SUL";"Sim";"Chuva";2;"Sa�da de leito carro��vel";"Com V�timas Feridas";"Pleno dia";"Crescente";"Chuva";"Dupla";"Curva";"N�o";1340631;"Autom�vel";"HYUNDAI/HB20 10M VISION/HB20 10M VISION";2020;"Condutor";"Ileso";31;"Masculino";1;0;0;0;-25,193571;-48,88873;"SPRF-PR";"DEL01-PR";"UOP02-DEL01-PR"
750377;1683283;2025-12-28;"domingo";"17:23:00";"PR";116;44,4;"CAMPINA GRANDE DO SUL";"Sim";"Chuva";2;"Sa�da de leito carro��vel";"Com V�timas Feridas";"Pleno dia";"Crescente";"Chuva";"Dupla";"Curva";"N�o";1340630;"Autom�vel";"CHEV/PRISMA 1.4AT LTZ/PRISMA 1.4AT LTZ";2013;"Condutor";"Ileso";56;"Masculino";1;0;0;0;-25,193571;-48,88873;"SPRF-PR";"DEL01-PR";"UOP02-DEL01-PR"
750377;1683285;2025-12-28;"domingo";"17:23:00";"PR";116;44,4;"CAMPINA GRANDE DO SUL";"Sim";"Chuva";1;"Colis�o com objeto";"Com V�timas Feridas";"Pleno dia";"Crescente";"Chuva";"Dupla";"Curva";"N�o";1340631;"Autom�vel";"HYUNDAI/HB20 10M VISION/HB20 10M VISION";2020;"Passageiro";"Les�es Leves";30;"Feminino";0;1;0;0;-25,193571;-48,88873;"SPRF-PR";"DEL01-PR";"UOP02-DEL01-PR"
750377;1683284;2025-12-28;"domingo";"17:23:00";"PR";116;44,4;"CAMPINA GRANDE DO SUL";"Sim";"Chuva";1;"Colis�o com objeto";"Com V�timas Feridas";"Pleno dia";"Crescente";"Chuva";"Dupla";"Curva";"N�o";1340631;"Autom�vel";"HYUNDAI/HB20 10M VISION/HB20 10M VISION";2020;"Condutor";"Ileso";31;"Masculino";1;0;0;0;-25,193571;-48,88873;"SPRF-PR";"DEL01-PR";"UOP02-DEL01-PR"
750377;1683283;2025-12-28;"domingo";"17:23:00";"PR";116;44,4;"CAMPINA GRANDE DO SUL";"Sim";"Chuva";1;"Colis�o com objeto";"Com V�timas Feridas";"Pleno dia";"Crescente";"Chuva";"Dupla";"Curva";"N�o";1340630;"Autom�vel";"CHEV/PRISMA 1.4AT LTZ/PRISMA 1.4AT LTZ";2013;"Condutor";"Ileso";56;"Masculino";1;0;0;0;-25,193571;-48,88873;"SPRF-PR";"DEL01-PR";"UOP02-DEL01-PR"
750377;1683285;2025-12-28;"domingo";"17:23:00";"PR";116;44,4;"CAMPINA GRANDE DO SUL";"Sim";"Chuva";5;"Sa�da de leito carro��vel";"Com V�timas Feridas";"Pleno dia";"Crescente";"Chuva";"Dupla";"Curva";"N�o";1340631;"Autom�vel";"HYUNDAI/HB20 10M VISION/HB20 10M VISION";2020;"Passageiro";"Les�es Leves";30;"Feminino";0;1;0;0;-25,193571;-48,88873;"SPRF-PR";"DEL01-PR";"UOP02-DEL01-PR"
750377;1683284;2025-12-28;"domingo";"17:23:00";"PR";116;44,4;"CAMPINA GRANDE DO SUL";"Sim";"Chuva";5;"Sa�da de leito carro��vel";"Com V�timas Feridas";"Pleno dia";"Crescente";"Chuva";"Dupla";"Curva";"N�o";1340631;"Autom�vel";"HYUNDAI/HB20 10M VISION/HB20 10M VISION";2020;"Condutor";"Ileso";31;"Masculino";1;0;0;0;-25,193571;-48,88873;"SPRF-PR";"DEL01-PR";"UOP02-DEL01-PR"
750377;1683283;2025-12-28;"domingo";"17:23:00";"PR";116;44,4;"CAMPINA GRANDE DO SUL";"Sim";"Chuva";5;"Sa�da de leito carro��vel";"Com V�timas Feridas";"Pleno dia";"Crescente";"Chuva";"Dupla";"Curva";"N�o";1340630;"Autom�vel";"CHEV/PRISMA 1.4AT LTZ/PRISMA 1.4AT LTZ";2013;"Condutor";"Ileso";56;"Masculino";1;0;0;0;-25,193571;-48,88873;"SPRF-PR";"DEL01-PR";"UOP02-DEL01-PR"
750377;1683285;2025-12-28;"domingo";"17:23:00";"PR";116;44,4;"CAMPINA GRANDE DO SUL";"Sim";"Chuva";4;"Colis�o com objeto";"Com V�timas Feridas";"Pleno dia";"Crescente";"Chuva";"Dupla";"Curva";"N�o";1340631;"Autom�vel";"HYUNDAI/HB20 10M VISION/HB20 10M VISION";2020;"Passageiro";"Les�es Leves";30;"Feminino";0;1;0;0;-25,193571;-48,88873;"SPRF-PR";"DEL01-PR";"UOP02-DEL01-PR"