"id";"pesid";"data_inversa";"dia_semana";"horario";"uf";"br";"km";"municipio";"causa_principal";"causa_acidente";"ordem_tipo_acidente";"tipo_acidente";"classificacao_acidente";"fase_dia";"sentido_via";"condicao_metereologica";"tipo_pista";"tracado_via";"uso_solo";"id_veiculo";"tipo_veiculo";"marca";"ano_fabricacao_veiculo";"tipo_envolvido";"estado_fisico";"idade";"sexo";"ilesos";"feridos_leves";"feridos_graves";"mortos";"latitude";"longitude";"regional";"delegacia";"uop"
750377;1683284;2025-12-28;"domingo";"17:23:00";"PR";116;44,4;"CAMPINA GRANDE DO SUL";"Sim";"Chuva";4;"Colis�o com objeto";"Com V�timas Feridas";"Pleno dia";"Crescente";"Chuva";"Dupla";"Curva";"N�o";1340631;"Autom�vel";"HYUNDAI/HB20 10M VISION/HB20 10M VISION";2020;"Condutor";"Ileso";31;"Masculino";1;0;0;0;-25,193571;-48,88873;"SPRF-PR";"DEL01-PR";"UOP02-DEL01-PR"
750377;1683283;2025-12-28;"domingo";"17:23:00";"PR";116;44,4;"CAMPINA GRANDE DO SUL";"Sim";"Chuva";4;"Colis�o com objeto";"Com V�timas Feridas";"Pleno dia";"Crescente";"Chuva";"Dupla";"Curva";"N�o";1340630;"Autom�vel";"CHEV/PRISMA 1.4AT LTZ/PRISMA 1.4AT LTZ";2013;"Condutor";"Ileso";56;"Masculino";1;0;0;0;-25,193571;-48,88873;"SPRF-PR";"DEL01-PR";"UOP02-DEL01-PR"
750377;1683285;2025-12-28;"domingo";"17:23:00";"PR";116;44,4;"CAMPINA GRANDE DO SUL";"Sim";"Chuva";3;"Capotamento";"Com V�timas Feridas";"Pleno dia";"Crescente";"Chuva";"Dupla";"Curva";"N�o";1340631;"Autom�vel";"HYUNDAI/HB20 10M VISION/HB20 10M VISION";2020;"Passageiro";"Les�es Leves";30;"Feminino";0;1;0;0;-25,193571;-48,88873;"SPRF-PR";"DEL01-PR";"UOP02-DEL01-PR"
750377;1683284;2025-12-28;"domingo";"17:23:00";"PR";116;44,4;"CAMPINA GRANDE DO SUL";"Sim";"Chuva";3;"Capotamento";"Com V�timas Feridas";"Pleno dia";"Crescente";"Chuva";"Dupla";"Curva";"N�o";1340631;"Autom�vel";"HYUNDAI/HB20 10M VISION/HB20 10M VISION";2020;"Condutor";"Ileso";31;"Masculino";1;0;0;0;-25,193571;-48,88873;"SPRF-PR";"DEL01-PR";"UOP02-DEL01-PR"
750377;1683283;2025-12-28;"domingo";"17:23:00";"PR";116;44,4;"CAMPINA GRANDE DO SUL";"Sim";"Chuva";3;"Capotamento";"Com V�timas Feridas";"Pleno dia";"Crescente";"Chuva";"Dupla";"Curva";"N�o";1340630;"Autom�vel";"CHEV/PRISMA 1.4AT LTZ/PRISMA 1.4AT LTZ";2013;"Condutor";"Ileso";56;"Masculino";1;0;0;0;-25,193571;-48,88873;"SPRF-PR";"DEL01-PR";"UOP02-DEL01-PR"
750377;1683285;2025-12-28;"domingo";"17:23:00";"PR";116;44,4;"CAMPINA GRANDE DO SUL";"N�o";"Falta de elemento de conten��o que evite a sa�da do leito carro��vel";2;"Sa�da de leito carro��vel";"Com V�timas Feridas";"Pleno dia";"Crescente";"Chuva";"Dupla";"Curva";"N�o";1340631;"Autom�vel";"HYUNDAI/HB20 10M VISION/HB20 10M VISION";2020;"Passageiro";"Les�es Leves";30;"Feminino";0;1;0;0;-25,193571;-48,88873;"SPRF-PR";"DEL01-PR";"UOP02-DEL01-PR"
750377;1683284;2025-12-28;"domingo";"17:23:00";"PR";116;44,4;"CAMPINA GRANDE DO SUL";"N�o";"Falta de elemento de conten��o que evite a sa�da do leito carro��vel";2;"Sa�da de leito carro��vel";"Com V�timas Feridas";"Pleno dia";"Crescente";"Chuva";"Dupla";"Curva";"N�o";1340631;"Autom�vel";"HYUNDAI/HB20 10M VISION/HB20 10M VISION";2020;"Condutor";"Ileso";31;"Masculino";1;0;0;0;-25,193571;-48,88873;"SPRF-PR";"DEL01-PR";"UOP02-DEL01-PR"
750377;1683283;2025-12-28;"domingo";"17:23:00";"PR";116;44,4;"CAMPINA GRANDE DO SUL";"N�o";"Falta de elemento de conten��o que evite a sa�da do leito carro��vel";2;"Sa�da de leito carro��vel";"Com V�timas Feridas";"Pleno dia";"Crescente";"Chuva";"Dupla";"Curva";"N�o";1340630;"Autom�vel";"CHEV/PRISMA 1.4AT LTZ/PRISMA 1.4AT LTZ";2013;"Condutor";"Ileso";56;"Masculino";1;0;0;0;-25,193571;-48,88873;"SPRF-PR";"DEL01-PR";"UOP02-DEL01-PR"
750377;1683285;2025-12-28;"domingo";"17:23:00";"PR";116;44,4;"CAMPINA GRANDE DO SUL";"N�o";"Falta de elemento de conten��o que evite a sa�da do leito carro��vel";1;"Colis�o com objeto";"Com V�timas Feridas";"Pleno dia";"Crescente";"Chuva";"Dupla";"Curva";"N�o";1340631;"Autom�vel";"HYUNDAI/HB20 10M VISION/HB20 10M VISION";2020;"Passageiro";"Les�es Leves";30;"Feminino";0;1;0;0;-25,193571;-48,88873;"SPRF-PR";"DEL01-PR";"UOP02-DEL01-PR"
750377;1683284;2025-12-28;"domingo";"17:23:00";"PR";116;44,4;"CAMPINA GRANDE DO SUL";"N�o";"Falta de elemento de conten��o que evite a sa�da do leito carro��vel";1;"Colis�o com objeto";"Com V�timas Feridas";"Pleno dia";"Crescente";"Chuva";"Dupla";"Curva";"N�o";1340631;"Autom�vel";"HYUNDAI/HB20 10M VISION/HB20 10M VISION";2020;"Condutor";"Ileso";31;"Masculino";1;0;0;0;-25,193571;-48,88873;"SPRF-PR";"DEL01-PR";"UOP02-DEL01-PR"
750377;1683283;2025-12-28;"domingo";"17:23:00";"PR";116;44,4;"CAMPINA GRANDE DO SUL";"N�o";"Falta de elemento de conten��o que evite a sa�da do leito carro��vel";1;"Colis�o com objeto";"Com V�timas Feridas";"Pleno dia";"Crescente";"Chuva";"Dupla";"Curva";"N�o";1340630;"Autom�vel";"CHEV/PRISMA 1.4AT LTZ/PRISMA 1.4AT LTZ";2013;"Condutor";"Ileso";56;"Masculino";1;0;0;0;-25,193571;-48,88873;"SPRF-PR";"DEL01-PR";"UOP02-DEL01-PR"
750377;1683285;2025-12-28;"domingo";"17:23:00";"PR";116;44,4;"CAMPINA GRANDE DO SUL";"N�o";"Falta de elemento de conten��o que evite a sa�da do leito carro��vel";5;"Sa�da de leito carro��vel";"Com V�timas Feridas";"Pleno dia";"Crescente";"Chuva";"Dupla";"Curva";"N�o";1340631;"Autom�vel";"HYUNDAI/HB20 10M VISION/HB20 10M VISION";2020;"Passageiro";"Les�es Leves";30;"Feminino";0;1;0;0;-25,193571;-48,88873;"SPRF-PR";"DEL01-PR";"UOP02-DEL01-PR"
750377;1683284;2025-12-28;"domingo";"17:23:00";"PR";116;44,4;"CAMPINA GRANDE DO SUL";"N�o";"Falta de elemento de conten��o que evite a sa�da do leito carro��vel";5;"Sa�da de leito carro��vel";"Com V�timas Feridas";"Pleno dia";"Crescente";"Chuva";"Dupla";"Curva";"N�o";1340631;"Autom�vel";"HYUNDAI/HB20 10M VISION/HB20 10M VISION";2020;"Condutor";"Ileso";31;"Masculino";1;0;0;0;-25,193571;-48,88873;"SPRF-PR";"DEL01-PR";"UOP02-DEL01-PR"
750377;1683283;2025-12-28;"domingo";"17:23:00";"PR";116;44,4;"CAMPINA GRANDE DO SUL";"N�o";"Falta de elemento de conten��o que evite a sa�da do leito carro��vel";5;"Sa�da de leito carro��vel";"Com V�timas Feridas";"Pleno dia";"Crescente";"Chuva";"Dupla";"Curva";"N�o";1340630;"Autom�vel";"CHEV/PRISMA 1.4AT LTZ/PRISMA 1.4AT LTZ";2013;"Condutor";"Ileso";56;"Masculino";1;0;0;0;-25,193571;-48,88873;"SPRF-PR";"DEL01-PR";"UOP02-DEL01-PR"
750377;1683285;2025-12-28;"domingo";"17:23:00";"PR";116;44,4;"CAMPINA GRANDE DO SUL";"N�o";"Falta de elemento de conten��o que evite a sa�da do leito carro��vel";4;"Colis�o com objeto";"Com V�timas Feridas";"Pleno dia";"Crescente";"Chuva";"Dupla";"Curva";"N�o";1340631;"Autom�vel";"HYUNDAI/HB20 10M VISION/HB20 10M VISION";2020;"Passageiro";"Les�es Leves";30;"Feminino";0;1;0;0;-25,193571;-48,88873;"SPRF-PR";"DEL01-PR";"UOP02-DEL01-PR"
750377;1683284;2025-12-28;"domingo";"17:23:00";"PR";116;44,4;"CAMPINA GRANDE DO SUL";"N�o";"Falta de elemento de conten��o que evite a sa�da do leito carro��vel";4;"Colis�o com objeto";"Com V�timas Feridas";"Pleno dia";"Crescente";"Chuva";"Dupla";"Curva";"N�o";1340631;"Autom�vel";"HYUNDAI/HB20 10M VISION/HB20 10M VISION";2020;"Condutor";"Ileso";31;"Masculino";1;0;0;0;-25,193571;-48,88873;"SPRF-PR";"DEL01-PR";"UOP02-DEL01-PR"
750377;1683283;2025-12-28;"domingo";"17:23:00";"PR";116;44,4;"CAMPINA GRANDE DO SUL";"N�o";"Falta de elemento de conten��o que evite a sa�da do leito carro��vel";4;"Colis�o com objeto";"Com V�timas Feridas";"Pleno dia";"Crescente";"Chuva";"Dupla";"Curva";"N�o";1340630;"Autom�vel";"CHEV/PRISMA 1.4AT LTZ/PRISMA 1.4AT LTZ";2013;"Condutor";"Ileso";56;"Masculino";1;0;0;0;-25,193571;-48,88873;"SPRF-PR";"DEL01-PR";"UOP02-DEL01-PR"
750377;1683285;2025-12-28;"domingo";"17:23:00";"PR";116;44,4;"CAMPINA GRANDE DO SUL";"N�o";"Falta de elemento de conten��o que evite a sa�da do leito carro��vel";3;"Capotamento";"Com V�timas Feridas";"Pleno dia";"Crescente";"Chuva";"Dupla";"Curva";"N�o";1340631;"Autom�vel";"HYUNDAI/HB20 10M VISION/HB20 10M VISION";2020;"Passageiro";"Les�es Leves";30;"Feminino";0;1;0;0;-25,193571;-48,88873;"SPRF-PR";"DEL01-PR";"UOP02-DEL01-PR"
750377;1683284;2025-12-28;"domingo";"17:23:00";"PR";116;44,4;"CAMPINA GRANDE DO SUL";"N�o";"Falta de elemento de conten��o que evite a sa�da do leito carro��vel";3;"Capotamento";"Com V�timas Feridas";"Pleno dia";"Crescente";"Chuva";"Dupla";"Curva";"N�o";1340631;"Autom�vel";"HYUNDAI/HB20 10M VISION/HB20 10M VISION";2020;"Condutor";"Ileso";31;"Masculino";1;0;0;0;-25,193571;-48,88873;"SPRF-PR";"DEL01-PR";"UOP02-DEL01-PR"
750377;1683283;2025-12-28;"domingo";"17:23:00";"PR";116;44,4;"CAMPINA GRANDE DO SUL";"N�o";"Falta de elemento de conten��o que evite a sa�da do leito carro��vel";3;"Capotamento";"Com V�timas Feridas";"Pleno dia";"Crescente";"Chuva";"Dupla";"Curva";"N�o";1340630;"Autom�vel";"CHEV/PRISMA 1.4AT LTZ/PRISMA 1.4AT LTZ";2013;"Condutor";"Ileso";56;"Masculino";1;0;0;0;-25,193571;-48,88873;"SPRF-PR";"DEL01-PR";"UOP02-DEL01-PR"
750377;1683285;2025-12-28;"domingo";"17:23:00";"PR";116;44,4;"CAMPINA GRANDE DO SUL";"N�o";"Acumulo de �gua sobre o pavimento";2;"Sa�da de leito carro��vel";"Com V�timas Feridas";"Pleno dia";"Crescente";"Chuva";"Dupla";"Curva";"N�o";1340631;"Autom�vel";"HYUNDAI/HB20 10M VISION/HB20 10M VISION";2020;"Passageiro";"Les�es Leves";30;"Feminino";0;1;0;0;-25,193571;-48,88873;"SPRF-PR";"DEL01-PR";"UOP02-DEL01-PR"
750377;1683284;2025-12-28;"domingo";"17:23:00";"PR";116;44,4;"CAMPINA GRANDE DO SUL";"N�o";"Acumulo de �gua sobre o pavimento";2;"Sa�da de leito carro��vel";"Com V�timas Feridas";"Pleno dia";"Crescente";"Chuva";"Dupla";"Curva";"N�o";1340631;"Autom�vel";"HYUNDAI/HB20 10M VISION/HB20 10M VISION";2020;"Condutor";"Ileso";31;"Masculino";1;0;0;0;-25,193571;-48,88873;"SPRF-PR";"DEL01-PR";"UOP02-DEL01-PR"
750377;1683283;2025-12-28;"domingo";"17:23:00";"PR";116;44,4;"CAMPINA GRANDE DO SUL";"N�o";"Acumulo de �gua sobre o pavimento";2;"Sa�da de leito carro��vel";"Com V�timas Feridas";"Pleno dia";"Crescente";"Chuva";"Dupla";"Curva";"N�o";1340630;"Autom�vel";"CHEV/PRISMA 1.4AT LTZ/PRISMA 1.4AT LTZ";2013;"Condutor";"Ileso";56;"Masculino";1;0;0;0;-25,193571;-48,88873;"SPRF-PR";"DEL01-PR";"UOP02-DEL01-PR"
750377;1683285;2025-12-28;"domingo";"17:23:00";"PR";116;44,4;"CAMPINA GRANDE DO SUL";"N�o";"Acumulo de �gua sobre o pavimento";1;"Colis�o com objeto";"Com V�timas Feridas";"Pleno dia";"Crescente";"Chuva";"Dupla";"Curva";"N�o";1340631;"Autom�vel";"HYUNDAI/HB20 10M VISION/HB20 10M VISION";2020;"Passageiro";"Les�es Leves";30;"Feminino";0;1;0;0;-25,193571;-48,88873;"SPRF-PR";"DEL01-PR";"UOP02-DEL01-PR"
750377;1683284;2025-12-28;"domingo";"17:23:00";"PR";116;44,4;"CAMPINA GRANDE DO SUL";"N�o";"Acumulo de �gua sobre o pavimento";1;"Colis�o com objeto";"Com V�timas Feridas";"Pleno dia";"Crescente";"Chuva";"Dupla";"Curva";"N�o";1340631;"Autom�vel";"HYUNDAI/HB20 10M VISION/HB20 10M VISION";2020;"Condutor";"Ileso";31;"Masculino";1;0;0;0;-25,193571;-48,88873;"SPRF-PR";"DEL01-PR";"UOP02-DEL01-PR"
750377;1683283;2025-12-28;"domingo";"17:23:00";"PR";116;44,4;"CAMPINA GRANDE DO SUL";"N�o";"Acumulo de �gua sobre o pavimento";1;"Colis�o com objeto";"Com V�timas Feridas";"Pleno dia";"Crescente";"Chuva";"Dupla";"Curva";"N�o";1340630;"Autom�vel";"CHEV/PRISMA 1.4AT LTZ/PRISMA 1.4AT LTZ";2013;"Condutor";"Ileso";56;"Masculino";1;0;0;0;-25,193571;-48,88873;"SPRF-PR";"DEL01-PR";"UOP02-DEL01-PR"
750377;1683285;2025-12-28;"domingo";"17:23:00";"PR";116;44,4;"CAMPINA GRANDE DO SUL";"N�o";"Acumulo de �gua sobre o pavimento";5;"Sa�da de leito carro��vel";"Com V�timas Feridas";"Pleno dia";"Crescente";"Chuva";"Dupla";"Curva";"N�o";1340631;"Autom�vel";"HYUNDAI/HB20 10M VISION/HB20 10M VISION";2020;"Passageiro";"Les�es Leves";30;"Feminino";0;1;0;0;-25,193571;-48,88873;"SPRF-PR";"DEL01-PR";"UOP02-DEL01-PR"
750377;1683284;2025-12-28;"domingo";"17:23:00";"PR";116;44,4;"CAMPINA GRANDE DO SUL";"N�o";"Acumulo de �gua sobre o pavimento";5;"Sa�da de leito carro��vel";"Com V�timas Feridas";"Pleno dia";"Crescente";"Chuva";"Dupla";"Curva";"N�o";1340631;"Autom�vel";"HYUNDAI/HB20 10M VISION/HB20 10M VISION";2020;"Condutor";"Ileso";31;"Masculino";1;0;0;0;-25,193571;-48,88873;"SPRF-PR";"DEL01-PR";"UOP02-DEL01-PR"
750377;1683283;2025-12-28;"domingo";"17:23:00";"PR";116;44,4;"CAMPINA GRANDE DO SUL";"N�o";"Acumulo de �gua sobre o pavimento";5;"Sa�da de leito carro��vel";"Com V�timas Feridas";"Pleno dia";"Crescente";"Chuva";"Dupla";"Curva";"N�o";1340630;"Autom�vel";"CHEV/PRISMA 1.4AT LTZ/PRISMA 1.4AT LTZ";2013;"Condutor";"Ileso";56;"Masculino";1;0;0;0;-25,193571;-48,88873;"SPRF-PR";"DEL01-PR";"UOP02-DEL01-PR"
750377;1683285;2025-12-28;"domingo";"17:23:00";"PR";116;44,4;"CAMPINA GRANDE DO SUL";"N�o";"Acumulo de �gua sobre o pavimento";4;"Colis�o com objeto";"Com V�timas Feridas";"Pleno dia";"Crescente";"Chuva";"Dupla";"Curva";"N�o";1340631;"Autom�vel";"HYUNDAI/HB20 10M VISION/HB20 10M VISION";2020;"Passageiro";"Les�es Leves";30;"Feminino";0;1;0;0;-25,193571;-48,88873;"SPRF-PR";"DEL01-PR";"UOP02-DEL01-PR"
750377;1683284;2025-12-28;"domingo";"17:23:00";"PR";116;44,4;"CAMPINA GRANDE DO SUL";"N�o";"Acumulo de �gua sobre o pavimento";4;"Colis�o com objeto";"Com V�timas Feridas";"Pleno dia";"Crescente";"Chuva";"Dupla";"Curva";"N�o";1340631;"Autom�vel";"HYUNDAI/HB20 10M VISION/HB20 10M VISION";2020;"Condutor";"Ileso";31;"Masculino";1;0;0;0;-25,193571;-48,88873;"SPRF-PR";"DEL01-PR";"UOP02-DEL01-PR"
750377;1683283;2025-12-28;"domingo";"17:23:00";"PR";116;44,4;"CAMPINA GRANDE DO SUL";"N�o";"Acumulo de �gua sobre o pavimento";4;"Colis�o com objeto";"Com V�timas Feridas";"Pleno dia";"Crescente";"Chuva";"Dupla";"Curva";"N�o";1340630;"Autom�vel";"CHEV/PRISMA 1.4AT LTZ/PRISMA 1.4AT LTZ";2013;"Condutor";"Ileso";56;"Masculino";1;0;0;0;-25,193571;-48,88873;"SPRF-PR";"DEL01-PR";"UOP02-DEL01-PR"
750377;1683285;2025-12-28;"domingo";"17:23:00";"PR";116;44,4;"CAMPINA GRANDE DO SUL";"N�o";"Acumulo de �gua sobre o pavimento";3;"Capotamento";"Com V�timas Feridas";"Pleno dia";"Crescente";"Chuva";"Dupla";"Curva";"N�o";1340631;"Autom�vel";"HYUNDAI/HB20 10M VISION/HB20 10M VISION";2020;"Passageiro";"Les�es Leves";30;"Feminino";0;1;0;0;-25,193571;-48,88873;"SPRF-PR";"DEL01-PR";"UOP02-DEL01-PR"
750377;1683284;2025-12-28;"domingo";"17:23:00";"PR";116;44,4;"CAMPINA GRANDE DO SUL";"N�o";"Acumulo de �gua sobre o pavimento";3;"Capotamento";"Com V�timas Feridas";"Pleno dia";"Crescente";"Chuva";"Dupla";"Curva";"N�o";1340631;"Autom�vel";"HYUNDAI/HB20 10M VISION/HB20 10M VISION";2020;"Condutor";"Ileso";31;"Masculino";1;0;0;0;-25,193571;-48,88873;"SPRF-PR";"DEL01-PR";"UOP02-DEL01-PR"
750377;1683283;2025-12-28;"domingo";"17:23:00";"PR";116;44,4;"CAMPINA GRANDE DO SUL";"N�o";"Acumulo de �gua sobre o pavimento";3;"Capotamento";"Com V�timas Feridas";"Pleno dia";"Crescente";"Chuva";"Dupla";"Curva";"N�o";1340630;"Autom�vel";"CHEV/PRISMA 1.4AT LTZ/PRISMA 1.4AT LTZ";2013;"Condutor";"Ileso";56;"Masculino";1;0;0;0;-25,193571;-48,88873;"SPRF-PR";"DEL01-PR";"UOP02-DEL01-PR"
750387;1683304;2025-12-30;"ter�a-feira";"00:20:00";"RJ";101;411;"MANGARATIBA";"Sim";"Ingest�o de �lcool pelo condutor";1;"Colis�o traseira";"Sem V�timas";"Plena Noite";"Decrescente";"C�u Claro";"Dupla";"Reta";"Sim";1340648;"Autom�vel";"VW/GOL 1.6 POWER/GOL 1.6 POWER";2012;"Condutor";"Ileso";54;"Feminino";1;0;0;0;-22,90738178;-43,88978006;"SPRF-RJ";"DEL03-RJ";"UOP01-DEL03-RJ"
750387;1683303;2025-12-30;"ter�a-feira";"00:20:00";"RJ";101;411;"MANGARATIBA";"Sim";"Ingest�o de �lcool pelo condutor";1;"Colis�o traseira";"Sem V�timas";"Plena Noite";"Decrescente";"C�u Claro";"Dupla";"Reta";"Sim";1340647;"Autom�vel";"CHEVROLET/COBALT 18M LTZ/COBALT 18M LTZ";2016;"Condutor";"Ileso";35;"Masculino";1;0;0;0;-22,90738178;-43,88978006;"SPRF-RJ";"DEL03-RJ";"UOP01-DEL03-RJ"
750410;1683339;2025-12-14;"domingo";"13:50:00";"PA";10;352;"SANTA MARIA DO PARA";"Sim";"Ingest�o de �lcool pelo condutor";1;"Colis�o com objeto";"Com V�timas Feridas";"Pleno dia";"Decrescente";"C�u Claro";"Simples";"Reta";"Sim";1340676;"Utilit�rio";"CHEV/TRAILBLAZER LTZ AD4/TRAILBLAZER LTZ AD4";2013;"Condutor";"Les�es Graves";58;"Masculino";0;0;1;0;-1,349963;-47,576638;"SPRF-PA";"DEL01-PA";"UOP02-DEL01-PA"
750422;1683389;2025-11-11;"ter�a-feira";"07:50:00";"RJ";101;487;"ANGRA DOS REIS";"Sim";"Acessar a via sem observar a presen�a dos outros ve�culos";2;"Queda de ocupante de ve�culo";"Com V�timas Feridas";"Pleno dia";"Decrescente";"Ignorado";"Simples";"Reta";"N�o";1340707;"Motocicleta";"HONDA/CB250F TWISTER ABS/CB250F TWISTER ABS";0;"Condutor";"Les�es Leves";NA;"Masculino";0;1;0;0;-22,9713422;-44,29798476;"SPRF-RJ";"DEL03-RJ";"UOP03-DEL03-RJ"
750422;1683389;2025-11-11;"ter�a-feira";"07:50:00";"RJ";101;487;"ANGRA DOS REIS";"Sim";"Acessar a via sem observar a presen�a dos outros ve�culos";1;"Tombamento";"Com V�timas Feridas";"Pleno dia";"Decrescente";"Ignorado";"Simples";"Reta";"N�o";1340707;"Motocicleta";"HONDA/CB250F TWISTER ABS/CB250F TWISTER ABS";0;"Condutor";"Les�es Leves";NA;"Masculino";0;1;0;0;-22,9713422;-44,29798476;"SPRF-RJ";"DEL03-RJ";"UOP03-DEL03-RJ"
750441;1683419;2025-12-15;"segunda-feira";"20:15:00";"PA";155;77;"RIO MARIA";"N�o";"Transitar na contram�o";1;"Colis�o traseira";"Com V�timas Feridas";"Plena Noite";"Crescente";"Ignorado";"Simples";"Reta";"N�o";1340731;"Caminh�o-trator";"DAF/XF105 FTT 510A/XF105 FTT 510A";2018;"Condutor";"Les�es Leves";51;"Masculino";0;1;0;0;-7,37256;-50,0388;"SPRF-PA";"DEL03-PA";"UOP01-DEL03-PA"
750441;NA;2025-12-15;"segunda-feira";"20:15:00";"PA";155;77;"RIO MARIA";"N�o";"Transitar na contram�o";1;"Colis�o traseira";"Com V�timas Feridas";"Plena Noite";"Crescente";"Ignorado";"Simples";"Reta";"N�o";1340736;"Semireboque";"R/ROSSETTI SRBA ST02/ROSSETTI SRBA ST02";2007;NA;NA;NA;NA;NA;NA;NA;NA;-7,37256;-50,0388;"SPRF-PA";"DEL03-PA";"UOP01-DEL03-PA"
750441;NA;2025-12-15;"segunda-feira";"20:15:00";"PA";155;77;"RIO MARIA";"N�o";"Transitar na contram�o";1;"Colis�o traseira";"Com V�timas Feridas";"Plena Noite";"Crescente";"Ignorado";"Simples";"Reta";"N�o";1340735;"Semireboque";"R/ROSSETTI SRBA ST02/ROSSETTI SRBA ST02";2007;NA;NA;NA;NA;NA;NA;NA;NA;-7,37256;-50,0388;"SPRF-PA";"DEL03-PA";"UOP01-DEL03-PA"
750441;NA;2025-12-15;"segunda-feira";"20:15:00";"PA";155;77;"RIO MARIA";"N�o";"Transitar na contram�o";1;"Colis�o traseira";"Com V�timas Feridas";"Plena Noite";"Crescente";"Ignorado";"Simples";"Reta";"N�o";1340734;"Semireboque";"SR/METALESP FLORESTAL 2E/METALESP FLORESTAL 2E";2019;NA;NA;NA;NA;NA;NA;NA;NA;-7,37256;-50,0388;"SPRF-PA";"DEL03-PA";"UOP01-DEL03-PA"
750441;NA;2025-12-15;"segunda-feira";"20:15:00";"PA";155;77;"RIO MARIA";"N�o";"Transitar na contram�o";1;"Colis�o traseira";"Com V�timas Feridas";"Plena Noite";"Crescente";"Ignorado";"Simples";"Reta";"N�o";1340733;"Semireboque";"SR/METALESP FLORESTAL 2E/METALESP FLORESTAL 2E";2015;NA;NA;NA;NA;NA;NA;NA;NA;-7,37256;-50,0388;"SPRF-PA";"DEL03-PA";"UOP01-DEL03-PA"
750441;1683420;2025-12-15;"segunda-feira";"20:15:00";"PA";155;77;"RIO MARIA";"N�o";"Transitar na contram�o";1;"Colis�o traseira";"Com V�timas Feridas";"Plena Noite";"Crescente";"Ignorado";"Simples";"Reta";"N�o";1340732;"Caminh�o-trator";"VOLVO/FH 540 6X4T/FH 540 6X4T";2019;"Condutor";"N�o Informado";NA;"N�o Informado";0;0;0;0;-7,37256;-50,0388;"SPRF-PA";"DEL03-PA";"UOP01-DEL03-PA"
750441;1683418;2025-12-15;"segunda-feira";"20:15:00";"PA";155;77;"RIO MARIA";"N�o";"Transitar na contram�o";1;"Colis�o traseira";"Com V�timas Feridas";"Plena Noite";"Crescente";"Ignorado";"Simples";"Reta";"N�o";1340730;"Caminh�o";"N�o Informado/N�o Informado/N�o Informado";0;"Condutor";"N�o Informado";NA;"N�o Informado";0;0;0;0;-7,37256;-50,0388;"SPRF-PA";"DEL03-PA";"UOP01-DEL03-PA"
750441;1683417;2025-12-15;"segunda-feira";"20:15:00";"PA";155;77;"RIO MARIA";"N�o";"Transitar na contram�o";1;"Colis�o traseira";"Com V�timas Feridas";"Plena Noite";"Crescente";"Ignorado";"Simples";"Reta";"N�o";1340729;"Caminh�o";"VW/24.250 CNC 6X2/24.250 CNC 6X2";2008;"Condutor";"Ileso";42;"Masculino";1;0;0;0;-7,37256;-50,0388;"SPRF-PA";"DEL03-PA";"UOP01-DEL03-PA"
750441;1683419;2025-12-15;"segunda-feira";"20:15:00";"PA";155;77;"RIO MARIA";"Sim";"Rea��o tardia ou ineficiente do condutor";1;"Colis�o traseira";"Com V�timas Feridas";"Plena Noite";"Crescente";"Ignorado";"Simples";"Reta";"N�o";1340731;"Caminh�o-trator";"DAF/XF105 FTT 510A/XF105 FTT 510A";2018;"Condutor";"Les�es Leves";51;"Masculino";0;1;0;0;-7,37256;-50,0388;"SPRF-PA";"DEL03-PA";"UOP01-DEL03-PA"
750441;NA;2025-12-15;"segunda-feira";"20:15:00";"PA";155;77;"RIO MARIA";"Sim";"Rea��o tardia ou ineficiente do condutor";1;"Colis�o traseira";"Com V�timas Feridas";"Plena Noite";"Crescente";"Ignorado";"Simples";"Reta";"N�o";1340736;"Semireboque";"R/ROSSETTI SRBA ST02/ROSSETTI SRBA ST02";2007;NA;NA;NA;NA;NA;NA;NA;NA;-7,37256;-50,0388;"SPRF-PA";"DEL03-PA";"UOP01-DEL03-PA"
750441;NA;2025-12-15;"segunda-feira";"20:15:00";"PA";155;77;"RIO MARIA";"Sim";"Rea��o tardia ou ineficiente do condutor";1;"Colis�o traseira";"Com V�timas Feridas";"Plena Noite";"Crescente";"Ignorado";"Simples";"Reta";"N�o";1340735;"Semireboque";"R/ROSSETTI SRBA ST02/ROSSETTI SRBA ST02";2007;NA;NA;NA;NA;NA;NA;NA;NA;-7,37256;-50,0388;"SPRF-PA";"DEL03-PA";"UOP01-DEL03-PA"
750441;NA;2025-12-15;"segunda-feira";"20:15:00";"PA";155;77;"RIO MARIA";"Sim";"Rea��o tardia ou ineficiente do condutor";1;"Colis�o traseira";"Com V�timas Feridas";"Plena Noite";"Crescente";"Ignorado";"Simples";"Reta";"N�o";1340734;"Semireboque";"SR/METALESP FLORESTAL 2E/METALESP FLORESTAL 2E";2019;NA;NA;NA;NA;NA;NA;NA;NA;-7,37256;-50,0388;"SPRF-PA";"DEL03-PA";"UOP01-DEL03-PA"
750441;NA;2025-12-15;"segunda-feira";"20:15:00";"PA";155;77;"RIO MARIA";"Sim";"Rea��o tardia ou ineficiente do condutor";1;"Colis�o traseira";"Com V�timas Feridas";"Plena Noite";"Crescente";"Ignorado";"Simples";"Reta";"N�o";1340733;"Semireboque";"SR/METALESP FLORESTAL 2E/METALESP FLORESTAL 2E";2015;NA;NA;NA;NA;NA;NA;NA;NA;-7,37256;-50,0388;"SPRF-PA";"DEL03-PA";"UOP01-DEL03-PA"