"id";"pesid";"data_inversa";"dia_semana";"horario";"uf";"br";"km";"municipio";"causa_principal";"causa_acidente";"ordem_tipo_acidente";"tipo_acidente";"classificacao_acidente";"fase_dia";"sentido_via";"condicao_metereologica";"tipo_pista";"tracado_via";"uso_solo";"id_veiculo";"tipo_veiculo";"marca";"ano_fabricacao_veiculo";"tipo_envolvido";"estado_fisico";"idade";"sexo";"ilesos";"feridos_leves";"feridos_graves";"mortos";"latitude";"longitude";"regional";"delegacia";"uop"
750441;1683420;2025-12-15;"segunda-feira";"20:15:00";"PA";155;77;"RIO MARIA";"Sim";"Rea��o tardia ou ineficiente do condutor";1;"Colis�o traseira";"Com V�timas Feridas";"Plena Noite";"Crescente";"Ignorado";"Simples";"Reta";"N�o";1340732;"Caminh�o-trator";"VOLVO/FH 540 6X4T/FH 540 6X4T";2019;"Condutor";"N�o Informado";NA;"N�o Informado";0;0;0;0;-7,37256;-50,0388;"SPRF-PA";"DEL03-PA";"UOP01-DEL03-PA"
750441;1683418;2025-12-15;"segunda-feira";"20:15:00";"PA";155;77;"RIO MARIA";"Sim";"Rea��o tardia ou ineficiente do condutor";1;"Colis�o traseira";"Com V�timas Feridas";"Plena Noite";"Crescente";"Ignorado";"Simples";"Reta";"N�o";1340730;"Caminh�o";"N�o Informado/N�o Informado/N�o Informado";0;"Condutor";"N�o Informado";NA;"N�o Informado";0;0;0;0;-7,37256;-50,0388;"SPRF-PA";"DEL03-PA";"UOP01-DEL03-PA"
750441;1683417;2025-12-15;"segunda-feira";"20:15:00";"PA";155;77;"RIO MARIA";"Sim";"Rea��o tardia ou ineficiente do condutor";1;"Colis�o traseira";"Com V�timas Feridas";"Plena Noite";"Crescente";"Ignorado";"Simples";"Reta";"N�o";1340729;"Caminh�o";"VW/24.250 CNC 6X2/24.250 CNC 6X2";2008;"Condutor";"Ileso";42;"Masculino";1;0;0;0;-7,37256;-50,0388;"SPRF-PA";"DEL03-PA";"UOP01-DEL03-PA"
750457;1683460;2025-12-09;"ter�a-feira";"07:25:00";"MG";364;28,5;"FRUTAL";"Sim";"Aus�ncia de rea��o do condutor";1;"Tombamento";"Com V�timas Feridas";"Pleno dia";"Crescente";"Ignorado";"Simples";"Reta";"N�o";1340779;"Motocicleta";"HONDA/CG 125 FAN ES/CG 125 FAN ES";2009;"Condutor";"Les�es Leves";28;"Masculino";0;1;0;0;-20,021094;-48,9008;"SPRF-MG";"DEL13-MG";"UOP02-DEL13-MG"
750492;1685705;2025-08-07;"quinta-feira";"07:15:00";"MS";163;6;"MUNDO NOVO";"Sim";"Frear bruscamente";1;"Colis�o traseira";"Sem V�timas";"Pleno dia";"Crescente";"C�u Claro";"Simples";"Reta;Aclive";"N�o";1342473;"Caminhonete";"N�o Informado/N�o Informado/N�o Informado";0;"Condutor";"N�o Informado";NA;"N�o Informado";0;0;0;0;-24,00597781;-54,31223122;"SPRF-MS";"DEL09-MS";"UOP02-DEL09-MS"
750492;1683543;2025-08-07;"quinta-feira";"07:15:00";"MS";163;6;"MUNDO NOVO";"Sim";"Frear bruscamente";1;"Colis�o traseira";"Sem V�timas";"Pleno dia";"Crescente";"C�u Claro";"Simples";"Reta;Aclive";"N�o";1340839;"Utilit�rio";"CHEV/TRAILBLAZER LT D4A/TRAILBLAZER LT D4A";2021;"Condutor";"Ileso";51;"Masculino";1;0;0;0;-24,00597781;-54,31223122;"SPRF-MS";"DEL09-MS";"UOP02-DEL09-MS"
750492;1683544;2025-08-07;"quinta-feira";"07:15:00";"MS";163;6;"MUNDO NOVO";"Sim";"Frear bruscamente";1;"Colis�o traseira";"Sem V�timas";"Pleno dia";"Crescente";"C�u Claro";"Simples";"Reta;Aclive";"N�o";NA;NA;"NA/NA/NA";NA;"Testemunha";"N�o Informado";NA;"N�o Informado";0;0;0;0;-24,00597781;-54,31223122;"SPRF-MS";"DEL09-MS";"UOP02-DEL09-MS"
750525;NA;2025-12-15;"segunda-feira";"04:55:00";"SP";116;231;"SAO PAULO";"Sim";"Entrada inopinada do pedestre";1;"Atropelamento de Pedestre";"Com V�timas Feridas";"Amanhecer";"Crescente";"C�u Claro";"Dupla";"Reta";"Sim";1340923;"Semireboque";"SR/RANDONSP SRFG CG/RANDONSP SRFG CG";2014;NA;NA;NA;NA;NA;NA;NA;NA;-23,52273601;-46,58579707;"SPRF-SP";"DEL01-SP";"UOP01-DEL01-SP"
750525;1683630;2025-12-15;"segunda-feira";"04:55:00";"SP";116;231;"SAO PAULO";"Sim";"Entrada inopinada do pedestre";1;"Atropelamento de Pedestre";"Com V�timas Feridas";"Amanhecer";"Crescente";"C�u Claro";"Dupla";"Reta";"Sim";1340909;"Caminh�o-trator";"VW/19.360 CTC 4X2/19.360 CTC 4X2";2021;"Condutor";"Ileso";63;"Masculino";1;0;0;0;-23,52273601;-46,58579707;"SPRF-SP";"DEL01-SP";"UOP01-DEL01-SP"
750525;1683631;2025-12-15;"segunda-feira";"04:55:00";"SP";116;231;"SAO PAULO";"Sim";"Entrada inopinada do pedestre";1;"Atropelamento de Pedestre";"Com V�timas Feridas";"Amanhecer";"Crescente";"C�u Claro";"Dupla";"Reta";"Sim";NA;NA;"NA/NA/NA";NA;"Pedestre";"Les�es Graves";NA;"Masculino";0;0;1;0;-23,52273601;-46,58579707;"SPRF-SP";"DEL01-SP";"UOP01-DEL01-SP"
750525;NA;2025-12-15;"segunda-feira";"04:55:00";"SP";116;231;"SAO PAULO";"N�o";"Pedestre andava na pista";1;"Atropelamento de Pedestre";"Com V�timas Feridas";"Amanhecer";"Crescente";"C�u Claro";"Dupla";"Reta";"Sim";1340923;"Semireboque";"SR/RANDONSP SRFG CG/RANDONSP SRFG CG";2014;NA;NA;NA;NA;NA;NA;NA;NA;-23,52273601;-46,58579707;"SPRF-SP";"DEL01-SP";"UOP01-DEL01-SP"
750525;1683630;2025-12-15;"segunda-feira";"04:55:00";"SP";116;231;"SAO PAULO";"N�o";"Pedestre andava na pista";1;"Atropelamento de Pedestre";"Com V�timas Feridas";"Amanhecer";"Crescente";"C�u Claro";"Dupla";"Reta";"Sim";1340909;"Caminh�o-trator";"VW/19.360 CTC 4X2/19.360 CTC 4X2";2021;"Condutor";"Ileso";63;"Masculino";1;0;0;0;-23,52273601;-46,58579707;"SPRF-SP";"DEL01-SP";"UOP01-DEL01-SP"
750525;1683631;2025-12-15;"segunda-feira";"04:55:00";"SP";116;231;"SAO PAULO";"N�o";"Pedestre andava na pista";1;"Atropelamento de Pedestre";"Com V�timas Feridas";"Amanhecer";"Crescente";"C�u Claro";"Dupla";"Reta";"Sim";NA;NA;"NA/NA/NA";NA;"Pedestre";"Les�es Graves";NA;"Masculino";0;0;1;0;-23,52273601;-46,58579707;"SPRF-SP";"DEL01-SP";"UOP01-DEL01-SP"
750525;NA;2025-12-15;"segunda-feira";"04:55:00";"SP";116;231;"SAO PAULO";"N�o";"Rea��o tardia ou ineficiente do condutor";1;"Atropelamento de Pedestre";"Com V�timas Feridas";"Amanhecer";"Crescente";"C�u Claro";"Dupla";"Reta";"Sim";1340923;"Semireboque";"SR/RANDONSP SRFG CG/RANDONSP SRFG CG";2014;NA;NA;NA;NA;NA;NA;NA;NA;-23,52273601;-46,58579707;"SPRF-SP";"DEL01-SP";"UOP01-DEL01-SP"
750525;1683630;2025-12-15;"segunda-feira";"04:55:00";"SP";116;231;"SAO PAULO";"N�o";"Rea��o tardia ou ineficiente do condutor";1;"Atropelamento de Pedestre";"Com V�timas Feridas";"Amanhecer";"Crescente";"C�u Claro";"Dupla";"Reta";"Sim";1340909;"Caminh�o-trator";"VW/19.360 CTC 4X2/19.360 CTC 4X2";2021;"Condutor";"Ileso";63;"Masculino";1;0;0;0;-23,52273601;-46,58579707;"SPRF-SP";"DEL01-SP";"UOP01-DEL01-SP"
750525;1683631;2025-12-15;"segunda-feira";"04:55:00";"SP";116;231;"SAO PAULO";"N�o";"Rea��o tardia ou ineficiente do condutor";1;"Atropelamento de Pedestre";"Com V�timas Feridas";"Amanhecer";"Crescente";"C�u Claro";"Dupla";"Reta";"Sim";NA;NA;"NA/NA/NA";NA;"Pedestre";"Les�es Graves";NA;"Masculino";0;0;1;0;-23,52273601;-46,58579707;"SPRF-SP";"DEL01-SP";"UOP01-DEL01-SP"
750525;NA;2025-12-15;"segunda-feira";"04:55:00";"SP";116;231;"SAO PAULO";"N�o";"Acessar a via sem observar a presen�a dos outros ve�culos";1;"Atropelamento de Pedestre";"Com V�timas Feridas";"Amanhecer";"Crescente";"C�u Claro";"Dupla";"Reta";"Sim";1340923;"Semireboque";"SR/RANDONSP SRFG CG/RANDONSP SRFG CG";2014;NA;NA;NA;NA;NA;NA;NA;NA;-23,52273601;-46,58579707;"SPRF-SP";"DEL01-SP";"UOP01-DEL01-SP"
750525;1683630;2025-12-15;"segunda-feira";"04:55:00";"SP";116;231;"SAO PAULO";"N�o";"Acessar a via sem observar a presen�a dos outros ve�culos";1;"Atropelamento de Pedestre";"Com V�timas Feridas";"Amanhecer";"Crescente";"C�u Claro";"Dupla";"Reta";"Sim";1340909;"Caminh�o-trator";"VW/19.360 CTC 4X2/19.360 CTC 4X2";2021;"Condutor";"Ileso";63;"Masculino";1;0;0;0;-23,52273601;-46,58579707;"SPRF-SP";"DEL01-SP";"UOP01-DEL01-SP"
750525;1683631;2025-12-15;"segunda-feira";"04:55:00";"SP";116;231;"SAO PAULO";"N�o";"Acessar a via sem observar a presen�a dos outros ve�culos";1;"Atropelamento de Pedestre";"Com V�timas Feridas";"Amanhecer";"Crescente";"C�u Claro";"Dupla";"Reta";"Sim";NA;NA;"NA/NA/NA";NA;"Pedestre";"Les�es Graves";NA;"Masculino";0;0;1;0;-23,52273601;-46,58579707;"SPRF-SP";"DEL01-SP";"UOP01-DEL01-SP"
750722;1684147;2025-12-20;"s�bado";"15:26:00";"SC";101;210,6;"SAO JOSE";"Sim";"Ingest�o de �lcool pelo condutor";1;"Colis�o traseira";"Com V�timas Feridas";"Pleno dia";"Decrescente";"C�u Claro";"M�ltipla";"Reta";"N�o";1341274;"Motocicleta";"HONDA/CG 125 FAN KS/CG 125 FAN KS";2009;"Condutor";"Les�es Leves";39;"Masculino";0;1;0;0;-27,621929;-48,650638;"SPRF-SC";"DEL01-SC";"UOP01-DEL01-SC"
750722;1684146;2025-12-20;"s�bado";"15:26:00";"SC";101;210,6;"SAO JOSE";"Sim";"Ingest�o de �lcool pelo condutor";1;"Colis�o traseira";"Com V�timas Feridas";"Pleno dia";"Decrescente";"C�u Claro";"M�ltipla";"Reta";"N�o";1341273;"Autom�vel";"FIAT/IDEA ESSENCE 1.6/IDEA ESSENCE 1.6";2014;"Condutor";"Ileso";44;"Masculino";1;0;0;0;-27,621929;-48,650638;"SPRF-SC";"DEL01-SC";"UOP01-DEL01-SC"
750881;1684686;2025-11-24;"segunda-feira";"20:19:00";"PR";469;18;"FOZ DO IGUACU";"Sim";"Aus�ncia de rea��o do condutor";1;"Tombamento";"Com V�timas Feridas";"Anoitecer";"Decrescente";"Ignorado";"Simples";"Em Obras";"N�o";1341657;"Motocicleta";"IMP/YAMAHA/YAMAHA";0;"Condutor";"Les�es Leves";NA;"Masculino";0;1;0;0;-25,57705941;-54,54457868;"SPRF-PR";"DEL05-PR";"UOP04-DEL05-PR"
750950;1684757;2025-09-22;"segunda-feira";"04:00:00";"PB";230;64;"SAO MIGUEL DE TAIPU";"Sim";"Rea��o tardia ou ineficiente do condutor";1;"Colis�o traseira";"Com V�timas Fatais";"Pleno dia";"Crescente";"Nublado";"Dupla";"Reta;Declive";"N�o";1341715;"Ciclomotor";"I/SHINERAY XY50Q PHOENIX/SHINERAY XY50Q PHOENIX";2014;"Passageiro";"�bito";35;"Masculino";0;0;0;1;-7,19604921;-35,17150665;"SPRF-PB";"DEL01-PB";"UOP02-DEL01-PB"
750950;1684758;2025-09-22;"segunda-feira";"04:00:00";"PB";230;64;"SAO MIGUEL DE TAIPU";"Sim";"Rea��o tardia ou ineficiente do condutor";1;"Colis�o traseira";"Com V�timas Fatais";"Pleno dia";"Crescente";"Nublado";"Dupla";"Reta;Declive";"N�o";1341715;"Ciclomotor";"I/SHINERAY XY50Q PHOENIX/SHINERAY XY50Q PHOENIX";2014;"Condutor";"�bito";46;"Masculino";0;0;0;1;-7,19604921;-35,17150665;"SPRF-PB";"DEL01-PB";"UOP02-DEL01-PB"
750950;1684756;2025-09-22;"segunda-feira";"04:00:00";"PB";230;64;"SAO MIGUEL DE TAIPU";"Sim";"Rea��o tardia ou ineficiente do condutor";1;"Colis�o traseira";"Com V�timas Fatais";"Pleno dia";"Crescente";"Nublado";"Dupla";"Reta;Declive";"N�o";1341714;"Caminh�o";"VOLVO/VM 290 6X2 R/VM 290 6X2 R";2023;"Passageiro";"Ileso";48;"Masculino";1;0;0;0;-7,19604921;-35,17150665;"SPRF-PB";"DEL01-PB";"UOP02-DEL01-PB"
750950;1684755;2025-09-22;"segunda-feira";"04:00:00";"PB";230;64;"SAO MIGUEL DE TAIPU";"Sim";"Rea��o tardia ou ineficiente do condutor";1;"Colis�o traseira";"Com V�timas Fatais";"Pleno dia";"Crescente";"Nublado";"Dupla";"Reta;Declive";"N�o";1341714;"Caminh�o";"VOLVO/VM 290 6X2 R/VM 290 6X2 R";2023;"Passageiro";"Ileso";27;"Masculino";1;0;0;0;-7,19604921;-35,17150665;"SPRF-PB";"DEL01-PB";"UOP02-DEL01-PB"
750950;1684754;2025-09-22;"segunda-feira";"04:00:00";"PB";230;64;"SAO MIGUEL DE TAIPU";"Sim";"Rea��o tardia ou ineficiente do condutor";1;"Colis�o traseira";"Com V�timas Fatais";"Pleno dia";"Crescente";"Nublado";"Dupla";"Reta;Declive";"N�o";1341714;"Caminh�o";"VOLVO/VM 290 6X2 R/VM 290 6X2 R";2023;"Condutor";"Ileso";29;"Masculino";1;0;0;0;-7,19604921;-35,17150665;"SPRF-PB";"DEL01-PB";"UOP02-DEL01-PB"
751045;1684960;2025-12-23;"ter�a-feira";"08:10:00";"AM";174;1004;"PRESIDENTE FIGUEIREDO";"N�o";"Rea��o tardia ou ineficiente do condutor";2;"Tombamento";"Com V�timas Feridas";"Pleno dia";"Decrescente";"C�u Claro";"Simples";"Reta;Declive";"N�o";1341856;"Caminhonete";"FIAT/STRADA ENDURAN CS13/STRADA ENDURAN CS13";2024;"Condutor";"Les�es Leves";38;"Masculino";0;1;0;0;-1,932239;-60,04937;"SPRF-AM";"DEL01-AM";"UOP02-DEL01-AM"
751045;1684959;2025-12-23;"ter�a-feira";"08:10:00";"AM";174;1004;"PRESIDENTE FIGUEIREDO";"N�o";"Rea��o tardia ou ineficiente do condutor";2;"Tombamento";"Com V�timas Feridas";"Pleno dia";"Decrescente";"C�u Claro";"Simples";"Reta;Declive";"N�o";1341855;"Autom�vel";"FIAT/MOBI LIKE/MOBI LIKE";2019;"Condutor";"Les�es Leves";42;"Feminino";0;1;0;0;-1,932239;-60,04937;"SPRF-AM";"DEL01-AM";"UOP02-DEL01-AM"
751045;1684958;2025-12-23;"ter�a-feira";"08:10:00";"AM";174;1004;"PRESIDENTE FIGUEIREDO";"N�o";"Rea��o tardia ou ineficiente do condutor";2;"Tombamento";"Com V�timas Feridas";"Pleno dia";"Decrescente";"C�u Claro";"Simples";"Reta;Declive";"N�o";1341854;"Autom�vel";"FIAT/UNO MILLE WAY ECON/UNO MILLE WAY ECON";2011;"Passageiro";"Ileso";30;"Masculino";1;0;0;0;-1,932239;-60,04937;"SPRF-AM";"DEL01-AM";"UOP02-DEL01-AM"
751045;1684957;2025-12-23;"ter�a-feira";"08:10:00";"AM";174;1004;"PRESIDENTE FIGUEIREDO";"N�o";"Rea��o tardia ou ineficiente do condutor";2;"Tombamento";"Com V�timas Feridas";"Pleno dia";"Decrescente";"C�u Claro";"Simples";"Reta;Declive";"N�o";1341854;"Autom�vel";"FIAT/UNO MILLE WAY ECON/UNO MILLE WAY ECON";2011;"Condutor";"Ileso";45;"Masculino";1;0;0;0;-1,932239;-60,04937;"SPRF-AM";"DEL01-AM";"UOP02-DEL01-AM"
751045;1684960;2025-12-23;"ter�a-feira";"08:10:00";"AM";174;1004;"PRESIDENTE FIGUEIREDO";"N�o";"Rea��o tardia ou ineficiente do condutor";1;"Colis�o lateral sentido oposto";"Com V�timas Feridas";"Pleno dia";"Decrescente";"C�u Claro";"Simples";"Reta;Declive";"N�o";1341856;"Caminhonete";"FIAT/STRADA ENDURAN CS13/STRADA ENDURAN CS13";2024;"Condutor";"Les�es Leves";38;"Masculino";0;1;0;0;-1,932239;-60,04937;"SPRF-AM";"DEL01-AM";"UOP02-DEL01-AM"
751045;1684959;2025-12-23;"ter�a-feira";"08:10:00";"AM";174;1004;"PRESIDENTE FIGUEIREDO";"N�o";"Rea��o tardia ou ineficiente do condutor";1;"Colis�o lateral sentido oposto";"Com V�timas Feridas";"Pleno dia";"Decrescente";"C�u Claro";"Simples";"Reta;Declive";"N�o";1341855;"Autom�vel";"FIAT/MOBI LIKE/MOBI LIKE";2019;"Condutor";"Les�es Leves";42;"Feminino";0;1;0;0;-1,932239;-60,04937;"SPRF-AM";"DEL01-AM";"UOP02-DEL01-AM"
751045;1684958;2025-12-23;"ter�a-feira";"08:10:00";"AM";174;1004;"PRESIDENTE FIGUEIREDO";"N�o";"Rea��o tardia ou ineficiente do condutor";1;"Colis�o lateral sentido oposto";"Com V�timas Feridas";"Pleno dia";"Decrescente";"C�u Claro";"Simples";"Reta;Declive";"N�o";1341854;"Autom�vel";"FIAT/UNO MILLE WAY ECON/UNO MILLE WAY ECON";2011;"Passageiro";"Ileso";30;"Masculino";1;0;0;0;-1,932239;-60,04937;"SPRF-AM";"DEL01-AM";"UOP02-DEL01-AM"
751045;1684957;2025-12-23;"ter�a-feira";"08:10:00";"AM";174;1004;"PRESIDENTE FIGUEIREDO";"N�o";"Rea��o tardia ou ineficiente do condutor";1;"Colis�o lateral sentido oposto";"Com V�timas Feridas";"Pleno dia";"Decrescente";"C�u Claro";"Simples";"Reta;Declive";"N�o";1341854;"Autom�vel";"FIAT/UNO MILLE WAY ECON/UNO MILLE WAY ECON";2011;"Condutor";"Ileso";45;"Masculino";1;0;0;0;-1,932239;-60,04937;"SPRF-AM";"DEL01-AM";"UOP02-DEL01-AM"
751045;1684960;2025-12-23;"ter�a-feira";"08:10:00";"AM";174;1004;"PRESIDENTE FIGUEIREDO";"N�o";"Condutor deixou de manter dist�ncia do ve�culo da frente";2;"Tombamento";"Com V�timas Feridas";"Pleno dia";"Decrescente";"C�u Claro";"Simples";"Reta;Declive";"N�o";1341856;"Caminhonete";"FIAT/STRADA ENDURAN CS13/STRADA ENDURAN CS13";2024;"Condutor";"Les�es Leves";38;"Masculino";0;1;0;0;-1,932239;-60,04937;"SPRF-AM";"DEL01-AM";"UOP02-DEL01-AM"
751045;1684959;2025-12-23;"ter�a-feira";"08:10:00";"AM";174;1004;"PRESIDENTE FIGUEIREDO";"N�o";"Condutor deixou de manter dist�ncia do ve�culo da frente";2;"Tombamento";"Com V�timas Feridas";"Pleno dia";"Decrescente";"C�u Claro";"Simples";"Reta;Declive";"N�o";1341855;"Autom�vel";"FIAT/MOBI LIKE/MOBI LIKE";2019;"Condutor";"Les�es Leves";42;"Feminino";0;1;0;0;-1,932239;-60,04937;"SPRF-AM";"DEL01-AM";"UOP02-DEL01-AM"
751045;1684958;2025-12-23;"ter�a-feira";"08:10:00";"AM";174;1004;"PRESIDENTE FIGUEIREDO";"N�o";"Condutor deixou de manter dist�ncia do ve�culo da frente";2;"Tombamento";"Com V�timas Feridas";"Pleno dia";"Decrescente";"C�u Claro";"Simples";"Reta;Declive";"N�o";1341854;"Autom�vel";"FIAT/UNO MILLE WAY ECON/UNO MILLE WAY ECON";2011;"Passageiro";"Ileso";30;"Masculino";1;0;0;0;-1,932239;-60,04937;"SPRF-AM";"DEL01-AM";"UOP02-DEL01-AM"
751045;1684957;2025-12-23;"ter�a-feira";"08:10:00";"AM";174;1004;"PRESIDENTE FIGUEIREDO";"N�o";"Condutor deixou de manter dist�ncia do ve�culo da frente";2;"Tombamento";"Com V�timas Feridas";"Pleno dia";"Decrescente";"C�u Claro";"Simples";"Reta;Declive";"N�o";1341854;"Autom�vel";"FIAT/UNO MILLE WAY ECON/UNO MILLE WAY ECON";2011;"Condutor";"Ileso";45;"Masculino";1;0;0;0;-1,932239;-60,04937;"SPRF-AM";"DEL01-AM";"UOP02-DEL01-AM"
751045;1684960;2025-12-23;"ter�a-feira";"08:10:00";"AM";174;1004;"PRESIDENTE FIGUEIREDO";"N�o";"Condutor deixou de manter dist�ncia do ve�culo da frente";1;"Colis�o lateral sentido oposto";"Com V�timas Feridas";"Pleno dia";"Decrescente";"C�u Claro";"Simples";"Reta;Declive";"N�o";1341856;"Caminhonete";"FIAT/STRADA ENDURAN CS13/STRADA ENDURAN CS13";2024;"Condutor";"Les�es Leves";38;"Masculino";0;1;0;0;-1,932239;-60,04937;"SPRF-AM";"DEL01-AM";"UOP02-DEL01-AM"
751045;1684959;2025-12-23;"ter�a-feira";"08:10:00";"AM";174;1004;"PRESIDENTE FIGUEIREDO";"N�o";"Condutor deixou de manter dist�ncia do ve�culo da frente";1;"Colis�o lateral sentido oposto";"Com V�timas Feridas";"Pleno dia";"Decrescente";"C�u Claro";"Simples";"Reta;Declive";"N�o";1341855;"Autom�vel";"FIAT/MOBI LIKE/MOBI LIKE";2019;"Condutor";"Les�es Leves";42;"Feminino";0;1;0;0;-1,932239;-60,04937;"SPRF-AM";"DEL01-AM";"UOP02-DEL01-AM"
751045;1684958;2025-12-23;"ter�a-feira";"08:10:00";"AM";174;1004;"PRESIDENTE FIGUEIREDO";"N�o";"Condutor deixou de manter dist�ncia do ve�culo da frente";1;"Colis�o lateral sentido oposto";"Com V�timas Feridas";"Pleno dia";"Decrescente";"C�u Claro";"Simples";"Reta;Declive";"N�o";1341854;"Autom�vel";"FIAT/UNO MILLE WAY ECON/UNO MILLE WAY ECON";2011;"Passageiro";"Ileso";30;"Masculino";1;0;0;0;-1,932239;-60,04937;"SPRF-AM";"DEL01-AM";"UOP02-DEL01-AM"
751045;1684957;2025-12-23;"ter�a-feira";"08:10:00";"AM";174;1004;"PRESIDENTE FIGUEIREDO";"N�o";"Condutor deixou de manter dist�ncia do ve�culo da frente";1;"Colis�o lateral sentido oposto";"Com V�timas Feridas";"Pleno dia";"Decrescente";"C�u Claro";"Simples";"Reta;Declive";"N�o";1341854;"Autom�vel";"FIAT/UNO MILLE WAY ECON/UNO MILLE WAY ECON";2011;"Condutor";"Ileso";45;"Masculino";1;0;0;0;-1,932239;-60,04937;"SPRF-AM";"DEL01-AM";"UOP02-DEL01-AM"
751045;1684960;2025-12-23;"ter�a-feira";"08:10:00";"AM";174;1004;"PRESIDENTE FIGUEIREDO";"Sim";"Ultrapassagem Indevida";2;"Tombamento";"Com V�timas Feridas";"Pleno dia";"Decrescente";"C�u Claro";"Simples";"Reta;Declive";"N�o";1341856;"Caminhonete";"FIAT/STRADA ENDURAN CS13/STRADA ENDURAN CS13";2024;"Condutor";"Les�es Leves";38;"Masculino";0;1;0;0;-1,932239;-60,04937;"SPRF-AM";"DEL01-AM";"UOP02-DEL01-AM"
751045;1684959;2025-12-23;"ter�a-feira";"08:10:00";"AM";174;1004;"PRESIDENTE FIGUEIREDO";"Sim";"Ultrapassagem Indevida";2;"Tombamento";"Com V�timas Feridas";"Pleno dia";"Decrescente";"C�u Claro";"Simples";"Reta;Declive";"N�o";1341855;"Autom�vel";"FIAT/MOBI LIKE/MOBI LIKE";2019;"Condutor";"Les�es Leves";42;"Feminino";0;1;0;0;-1,932239;-60,04937;"SPRF-AM";"DEL01-AM";"UOP02-DEL01-AM"
751045;1684958;2025-12-23;"ter�a-feira";"08:10:00";"AM";174;1004;"PRESIDENTE FIGUEIREDO";"Sim";"Ultrapassagem Indevida";2;"Tombamento";"Com V�timas Feridas";"Pleno dia";"Decrescente";"C�u Claro";"Simples";"Reta;Declive";"N�o";1341854;"Autom�vel";"FIAT/UNO MILLE WAY ECON/UNO MILLE WAY ECON";2011;"Passageiro";"Ileso";30;"Masculino";1;0;0;0;-1,932239;-60,04937;"SPRF-AM";"DEL01-AM";"UOP02-DEL01-AM"
751045;1684957;2025-12-23;"ter�a-feira";"08:10:00";"AM";174;1004;"PRESIDENTE FIGUEIREDO";"Sim";"Ultrapassagem Indevida";2;"Tombamento";"Com V�timas Feridas";"Pleno dia";"Decrescente";"C�u Claro";"Simples";"Reta;Declive";"N�o";1341854;"Autom�vel";"FIAT/UNO MILLE WAY ECON/UNO MILLE WAY ECON";2011;"Condutor";"Ileso";45;"Masculino";1;0;0;0;-1,932239;-60,04937;"SPRF-AM";"DEL01-AM";"UOP02-DEL01-AM"
751045;1684960;2025-12-23;"ter�a-feira";"08:10:00";"AM";174;1004;"PRESIDENTE FIGUEIREDO";"Sim";"Ultrapassagem Indevida";1;"Colis�o lateral sentido oposto";"Com V�timas Feridas";"Pleno dia";"Decrescente";"C�u Claro";"Simples";"Reta;Declive";"N�o";1341856;"Caminhonete";"FIAT/STRADA ENDURAN CS13/STRADA ENDURAN CS13";2024;"Condutor";"Les�es Leves";38;"Masculino";0;1;0;0;-1,932239;-60,04937;"SPRF-AM";"DEL01-AM";"UOP02-DEL01-AM"
751045;1684959;2025-12-23;"ter�a-feira";"08:10:00";"AM";174;1004;"PRESIDENTE FIGUEIREDO";"Sim";"Ultrapassagem Indevida";1;"Colis�o lateral sentido oposto";"Com V�timas Feridas";"Pleno dia";"Decrescente";"C�u Claro";"Simples";"Reta;Declive";"N�o";1341855;"Autom�vel";"FIAT/MOBI LIKE/MOBI LIKE";2019;"Condutor";"Les�es Leves";42;"Feminino";0;1;0;0;-1,932239;-60,04937;"SPRF-AM";"DEL01-AM";"UOP02-DEL01-AM"
751045;1684958;2025-12-23;"ter�a-feira";"08:10:00";"AM";174;1004;"PRESIDENTE FIGUEIREDO";"Sim";"Ultrapassagem Indevida";1;"Colis�o lateral sentido oposto";"Com V�timas Feridas";"Pleno dia";"Decrescente";"C�u Claro";"Simples";"Reta;Declive";"N�o";1341854;"Autom�vel";"FIAT/UNO MILLE WAY ECON/UNO MILLE WAY ECON";2011;"Passageiro";"Ileso";30;"Masculino";1;0;0;0;-1,932239;-60,04937;"SPRF-AM";"DEL01-AM";"UOP02-DEL01-AM"
751045;1684957;2025-12-23;"ter�a-feira";"08:10:00";"AM";174;1004;"PRESIDENTE FIGUEIREDO";"Sim";"Ultrapassagem Indevida";1;"Colis�o lateral sentido oposto";"Com V�timas Feridas";"Pleno dia";"Decrescente";"C�u Claro";"Simples";"Reta;Declive";"N�o";1341854;"Autom�vel";"FIAT/UNO MILLE WAY ECON/UNO MILLE WAY ECON";2011;"Condutor";"Ileso";45;"Masculino";1;0;0;0;-1,932239;-60,04937;"SPRF-AM";"DEL01-AM";"UOP02-DEL01-AM"
751050;1684993;2025-12-21;"domingo";"16:30:00";"AM";174;970;"MANAUS";"Sim";"Rea��o tardia ou ineficiente do condutor";4;"Sa�da de leito carro��vel";"Com V�timas Fatais";"Pleno dia";"Decrescente";"C�u Claro";"Simples";"Reta";"N�o";1341885;"Motocicleta";"HONDA/CB 500F/CB 500F";2022;"Condutor";"�bito";31;"Masculino";0;0;0;1;-2,230458;-60,02501;"SPRF-AM";"DEL01-AM";"UOP02-DEL01-AM"