"id";"pesid";"data_inversa";"dia_semana";"horario";"uf";"br";"km";"municipio";"causa_principal";"causa_acidente";"ordem_tipo_acidente";"tipo_acidente";"classificacao_acidente";"fase_dia";"sentido_via";"condicao_metereologica";"tipo_pista";"tracado_via";"uso_solo";"id_veiculo";"tipo_veiculo";"marca";"ano_fabricacao_veiculo";"tipo_envolvido";"estado_fisico";"idade";"sexo";"ilesos";"feridos_leves";"feridos_graves";"mortos";"latitude";"longitude";"regional";"delegacia";"uop"
751050;1684995;2025-12-21;"domingo";"16:30:00";"AM";174;970;"MANAUS";"Sim";"Rea��o tardia ou ineficiente do condutor";4;"Sa�da de leito carro��vel";"Com V�timas Fatais";"Pleno dia";"Decrescente";"C�u Claro";"Simples";"Reta";"N�o";1341884;"Autom�vel";"FORD/KA SE 1.0 HA B/KA SE 1.0 HA B";2017;"Passageiro";"Ileso";62;"Masculino";1;0;0;0;-2,230458;-60,02501;"SPRF-AM";"DEL01-AM";"UOP02-DEL01-AM"
751050;1684994;2025-12-21;"domingo";"16:30:00";"AM";174;970;"MANAUS";"Sim";"Rea��o tardia ou ineficiente do condutor";4;"Sa�da de leito carro��vel";"Com V�timas Fatais";"Pleno dia";"Decrescente";"C�u Claro";"Simples";"Reta";"N�o";1341884;"Autom�vel";"FORD/KA SE 1.0 HA B/KA SE 1.0 HA B";2017;"Passageiro";"Ileso";71;"Masculino";1;0;0;0;-2,230458;-60,02501;"SPRF-AM";"DEL01-AM";"UOP02-DEL01-AM"
751050;1684992;2025-12-21;"domingo";"16:30:00";"AM";174;970;"MANAUS";"Sim";"Rea��o tardia ou ineficiente do condutor";4;"Sa�da de leito carro��vel";"Com V�timas Fatais";"Pleno dia";"Decrescente";"C�u Claro";"Simples";"Reta";"N�o";1341884;"Autom�vel";"FORD/KA SE 1.0 HA B/KA SE 1.0 HA B";2017;"Condutor";"Ileso";48;"Masculino";1;0;0;0;-2,230458;-60,02501;"SPRF-AM";"DEL01-AM";"UOP02-DEL01-AM"
751050;1684993;2025-12-21;"domingo";"16:30:00";"AM";174;970;"MANAUS";"Sim";"Rea��o tardia ou ineficiente do condutor";3;"Queda de ocupante de ve�culo";"Com V�timas Fatais";"Pleno dia";"Decrescente";"C�u Claro";"Simples";"Reta";"N�o";1341885;"Motocicleta";"HONDA/CB 500F/CB 500F";2022;"Condutor";"�bito";31;"Masculino";0;0;0;1;-2,230458;-60,02501;"SPRF-AM";"DEL01-AM";"UOP02-DEL01-AM"
751050;1684995;2025-12-21;"domingo";"16:30:00";"AM";174;970;"MANAUS";"Sim";"Rea��o tardia ou ineficiente do condutor";3;"Queda de ocupante de ve�culo";"Com V�timas Fatais";"Pleno dia";"Decrescente";"C�u Claro";"Simples";"Reta";"N�o";1341884;"Autom�vel";"FORD/KA SE 1.0 HA B/KA SE 1.0 HA B";2017;"Passageiro";"Ileso";62;"Masculino";1;0;0;0;-2,230458;-60,02501;"SPRF-AM";"DEL01-AM";"UOP02-DEL01-AM"
751050;1684994;2025-12-21;"domingo";"16:30:00";"AM";174;970;"MANAUS";"Sim";"Rea��o tardia ou ineficiente do condutor";3;"Queda de ocupante de ve�culo";"Com V�timas Fatais";"Pleno dia";"Decrescente";"C�u Claro";"Simples";"Reta";"N�o";1341884;"Autom�vel";"FORD/KA SE 1.0 HA B/KA SE 1.0 HA B";2017;"Passageiro";"Ileso";71;"Masculino";1;0;0;0;-2,230458;-60,02501;"SPRF-AM";"DEL01-AM";"UOP02-DEL01-AM"
751050;1684992;2025-12-21;"domingo";"16:30:00";"AM";174;970;"MANAUS";"Sim";"Rea��o tardia ou ineficiente do condutor";3;"Queda de ocupante de ve�culo";"Com V�timas Fatais";"Pleno dia";"Decrescente";"C�u Claro";"Simples";"Reta";"N�o";1341884;"Autom�vel";"FORD/KA SE 1.0 HA B/KA SE 1.0 HA B";2017;"Condutor";"Ileso";48;"Masculino";1;0;0;0;-2,230458;-60,02501;"SPRF-AM";"DEL01-AM";"UOP02-DEL01-AM"
751050;1684993;2025-12-21;"domingo";"16:30:00";"AM";174;970;"MANAUS";"Sim";"Rea��o tardia ou ineficiente do condutor";2;"Tombamento";"Com V�timas Fatais";"Pleno dia";"Decrescente";"C�u Claro";"Simples";"Reta";"N�o";1341885;"Motocicleta";"HONDA/CB 500F/CB 500F";2022;"Condutor";"�bito";31;"Masculino";0;0;0;1;-2,230458;-60,02501;"SPRF-AM";"DEL01-AM";"UOP02-DEL01-AM"
751050;1684995;2025-12-21;"domingo";"16:30:00";"AM";174;970;"MANAUS";"Sim";"Rea��o tardia ou ineficiente do condutor";2;"Tombamento";"Com V�timas Fatais";"Pleno dia";"Decrescente";"C�u Claro";"Simples";"Reta";"N�o";1341884;"Autom�vel";"FORD/KA SE 1.0 HA B/KA SE 1.0 HA B";2017;"Passageiro";"Ileso";62;"Masculino";1;0;0;0;-2,230458;-60,02501;"SPRF-AM";"DEL01-AM";"UOP02-DEL01-AM"
751050;1684994;2025-12-21;"domingo";"16:30:00";"AM";174;970;"MANAUS";"Sim";"Rea��o tardia ou ineficiente do condutor";2;"Tombamento";"Com V�timas Fatais";"Pleno dia";"Decrescente";"C�u Claro";"Simples";"Reta";"N�o";1341884;"Autom�vel";"FORD/KA SE 1.0 HA B/KA SE 1.0 HA B";2017;"Passageiro";"Ileso";71;"Masculino";1;0;0;0;-2,230458;-60,02501;"SPRF-AM";"DEL01-AM";"UOP02-DEL01-AM"
751050;1684992;2025-12-21;"domingo";"16:30:00";"AM";174;970;"MANAUS";"Sim";"Rea��o tardia ou ineficiente do condutor";2;"Tombamento";"Com V�timas Fatais";"Pleno dia";"Decrescente";"C�u Claro";"Simples";"Reta";"N�o";1341884;"Autom�vel";"FORD/KA SE 1.0 HA B/KA SE 1.0 HA B";2017;"Condutor";"Ileso";48;"Masculino";1;0;0;0;-2,230458;-60,02501;"SPRF-AM";"DEL01-AM";"UOP02-DEL01-AM"
751050;1684993;2025-12-21;"domingo";"16:30:00";"AM";174;970;"MANAUS";"Sim";"Rea��o tardia ou ineficiente do condutor";1;"Colis�o traseira";"Com V�timas Fatais";"Pleno dia";"Decrescente";"C�u Claro";"Simples";"Reta";"N�o";1341885;"Motocicleta";"HONDA/CB 500F/CB 500F";2022;"Condutor";"�bito";31;"Masculino";0;0;0;1;-2,230458;-60,02501;"SPRF-AM";"DEL01-AM";"UOP02-DEL01-AM"
751050;1684995;2025-12-21;"domingo";"16:30:00";"AM";174;970;"MANAUS";"Sim";"Rea��o tardia ou ineficiente do condutor";1;"Colis�o traseira";"Com V�timas Fatais";"Pleno dia";"Decrescente";"C�u Claro";"Simples";"Reta";"N�o";1341884;"Autom�vel";"FORD/KA SE 1.0 HA B/KA SE 1.0 HA B";2017;"Passageiro";"Ileso";62;"Masculino";1;0;0;0;-2,230458;-60,02501;"SPRF-AM";"DEL01-AM";"UOP02-DEL01-AM"
751050;1684994;2025-12-21;"domingo";"16:30:00";"AM";174;970;"MANAUS";"Sim";"Rea��o tardia ou ineficiente do condutor";1;"Colis�o traseira";"Com V�timas Fatais";"Pleno dia";"Decrescente";"C�u Claro";"Simples";"Reta";"N�o";1341884;"Autom�vel";"FORD/KA SE 1.0 HA B/KA SE 1.0 HA B";2017;"Passageiro";"Ileso";71;"Masculino";1;0;0;0;-2,230458;-60,02501;"SPRF-AM";"DEL01-AM";"UOP02-DEL01-AM"
751050;1684992;2025-12-21;"domingo";"16:30:00";"AM";174;970;"MANAUS";"Sim";"Rea��o tardia ou ineficiente do condutor";1;"Colis�o traseira";"Com V�timas Fatais";"Pleno dia";"Decrescente";"C�u Claro";"Simples";"Reta";"N�o";1341884;"Autom�vel";"FORD/KA SE 1.0 HA B/KA SE 1.0 HA B";2017;"Condutor";"Ileso";48;"Masculino";1;0;0;0;-2,230458;-60,02501;"SPRF-AM";"DEL01-AM";"UOP02-DEL01-AM"
751050;1684993;2025-12-21;"domingo";"16:30:00";"AM";174;970;"MANAUS";"N�o";"Acessar a via sem observar a presen�a dos outros ve�culos";4;"Sa�da de leito carro��vel";"Com V�timas Fatais";"Pleno dia";"Decrescente";"C�u Claro";"Simples";"Reta";"N�o";1341885;"Motocicleta";"HONDA/CB 500F/CB 500F";2022;"Condutor";"�bito";31;"Masculino";0;0;0;1;-2,230458;-60,02501;"SPRF-AM";"DEL01-AM";"UOP02-DEL01-AM"
751050;1684995;2025-12-21;"domingo";"16:30:00";"AM";174;970;"MANAUS";"N�o";"Acessar a via sem observar a presen�a dos outros ve�culos";4;"Sa�da de leito carro��vel";"Com V�timas Fatais";"Pleno dia";"Decrescente";"C�u Claro";"Simples";"Reta";"N�o";1341884;"Autom�vel";"FORD/KA SE 1.0 HA B/KA SE 1.0 HA B";2017;"Passageiro";"Ileso";62;"Masculino";1;0;0;0;-2,230458;-60,02501;"SPRF-AM";"DEL01-AM";"UOP02-DEL01-AM"
751050;1684994;2025-12-21;"domingo";"16:30:00";"AM";174;970;"MANAUS";"N�o";"Acessar a via sem observar a presen�a dos outros ve�culos";4;"Sa�da de leito carro��vel";"Com V�timas Fatais";"Pleno dia";"Decrescente";"C�u Claro";"Simples";"Reta";"N�o";1341884;"Autom�vel";"FORD/KA SE 1.0 HA B/KA SE 1.0 HA B";2017;"Passageiro";"Ileso";71;"Masculino";1;0;0;0;-2,230458;-60,02501;"SPRF-AM";"DEL01-AM";"UOP02-DEL01-AM"
751050;1684992;2025-12-21;"domingo";"16:30:00";"AM";174;970;"MANAUS";"N�o";"Acessar a via sem observar a presen�a dos outros ve�culos";4;"Sa�da de leito carro��vel";"Com V�timas Fatais";"Pleno dia";"Decrescente";"C�u Claro";"Simples";"Reta";"N�o";1341884;"Autom�vel";"FORD/KA SE 1.0 HA B/KA SE 1.0 HA B";2017;"Condutor";"Ileso";48;"Masculino";1;0;0;0;-2,230458;-60,02501;"SPRF-AM";"DEL01-AM";"UOP02-DEL01-AM"
751050;1684993;2025-12-21;"domingo";"16:30:00";"AM";174;970;"MANAUS";"N�o";"Acessar a via sem observar a presen�a dos outros ve�culos";3;"Queda de ocupante de ve�culo";"Com V�timas Fatais";"Pleno dia";"Decrescente";"C�u Claro";"Simples";"Reta";"N�o";1341885;"Motocicleta";"HONDA/CB 500F/CB 500F";2022;"Condutor";"�bito";31;"Masculino";0;0;0;1;-2,230458;-60,02501;"SPRF-AM";"DEL01-AM";"UOP02-DEL01-AM"
751050;1684995;2025-12-21;"domingo";"16:30:00";"AM";174;970;"MANAUS";"N�o";"Acessar a via sem observar a presen�a dos outros ve�culos";3;"Queda de ocupante de ve�culo";"Com V�timas Fatais";"Pleno dia";"Decrescente";"C�u Claro";"Simples";"Reta";"N�o";1341884;"Autom�vel";"FORD/KA SE 1.0 HA B/KA SE 1.0 HA B";2017;"Passageiro";"Ileso";62;"Masculino";1;0;0;0;-2,230458;-60,02501;"SPRF-AM";"DEL01-AM";"UOP02-DEL01-AM"
751050;1684994;2025-12-21;"domingo";"16:30:00";"AM";174;970;"MANAUS";"N�o";"Acessar a via sem observar a presen�a dos outros ve�culos";3;"Queda de ocupante de ve�culo";"Com V�timas Fatais";"Pleno dia";"Decrescente";"C�u Claro";"Simples";"Reta";"N�o";1341884;"Autom�vel";"FORD/KA SE 1.0 HA B/KA SE 1.0 HA B";2017;"Passageiro";"Ileso";71;"Masculino";1;0;0;0;-2,230458;-60,02501;"SPRF-AM";"DEL01-AM";"UOP02-DEL01-AM"
751050;1684992;2025-12-21;"domingo";"16:30:00";"AM";174;970;"MANAUS";"N�o";"Acessar a via sem observar a presen�a dos outros ve�culos";3;"Queda de ocupante de ve�culo";"Com V�timas Fatais";"Pleno dia";"Decrescente";"C�u Claro";"Simples";"Reta";"N�o";1341884;"Autom�vel";"FORD/KA SE 1.0 HA B/KA SE 1.0 HA B";2017;"Condutor";"Ileso";48;"Masculino";1;0;0;0;-2,230458;-60,02501;"SPRF-AM";"DEL01-AM";"UOP02-DEL01-AM"
751050;1684993;2025-12-21;"domingo";"16:30:00";"AM";174;970;"MANAUS";"N�o";"Acessar a via sem observar a presen�a dos outros ve�culos";2;"Tombamento";"Com V�timas Fatais";"Pleno dia";"Decrescente";"C�u Claro";"Simples";"Reta";"N�o";1341885;"Motocicleta";"HONDA/CB 500F/CB 500F";2022;"Condutor";"�bito";31;"Masculino";0;0;0;1;-2,230458;-60,02501;"SPRF-AM";"DEL01-AM";"UOP02-DEL01-AM"
751050;1684995;2025-12-21;"domingo";"16:30:00";"AM";174;970;"MANAUS";"N�o";"Acessar a via sem observar a presen�a dos outros ve�culos";2;"Tombamento";"Com V�timas Fatais";"Pleno dia";"Decrescente";"C�u Claro";"Simples";"Reta";"N�o";1341884;"Autom�vel";"FORD/KA SE 1.0 HA B/KA SE 1.0 HA B";2017;"Passageiro";"Ileso";62;"Masculino";1;0;0;0;-2,230458;-60,02501;"SPRF-AM";"DEL01-AM";"UOP02-DEL01-AM"
751050;1684994;2025-12-21;"domingo";"16:30:00";"AM";174;970;"MANAUS";"N�o";"Acessar a via sem observar a presen�a dos outros ve�culos";2;"Tombamento";"Com V�timas Fatais";"Pleno dia";"Decrescente";"C�u Claro";"Simples";"Reta";"N�o";1341884;"Autom�vel";"FORD/KA SE 1.0 HA B/KA SE 1.0 HA B";2017;"Passageiro";"Ileso";71;"Masculino";1;0;0;0;-2,230458;-60,02501;"SPRF-AM";"DEL01-AM";"UOP02-DEL01-AM"
751050;1684992;2025-12-21;"domingo";"16:30:00";"AM";174;970;"MANAUS";"N�o";"Acessar a via sem observar a presen�a dos outros ve�culos";2;"Tombamento";"Com V�timas Fatais";"Pleno dia";"Decrescente";"C�u Claro";"Simples";"Reta";"N�o";1341884;"Autom�vel";"FORD/KA SE 1.0 HA B/KA SE 1.0 HA B";2017;"Condutor";"Ileso";48;"Masculino";1;0;0;0;-2,230458;-60,02501;"SPRF-AM";"DEL01-AM";"UOP02-DEL01-AM"
751050;1684993;2025-12-21;"domingo";"16:30:00";"AM";174;970;"MANAUS";"N�o";"Acessar a via sem observar a presen�a dos outros ve�culos";1;"Colis�o traseira";"Com V�timas Fatais";"Pleno dia";"Decrescente";"C�u Claro";"Simples";"Reta";"N�o";1341885;"Motocicleta";"HONDA/CB 500F/CB 500F";2022;"Condutor";"�bito";31;"Masculino";0;0;0;1;-2,230458;-60,02501;"SPRF-AM";"DEL01-AM";"UOP02-DEL01-AM"
751050;1684995;2025-12-21;"domingo";"16:30:00";"AM";174;970;"MANAUS";"N�o";"Acessar a via sem observar a presen�a dos outros ve�culos";1;"Colis�o traseira";"Com V�timas Fatais";"Pleno dia";"Decrescente";"C�u Claro";"Simples";"Reta";"N�o";1341884;"Autom�vel";"FORD/KA SE 1.0 HA B/KA SE 1.0 HA B";2017;"Passageiro";"Ileso";62;"Masculino";1;0;0;0;-2,230458;-60,02501;"SPRF-AM";"DEL01-AM";"UOP02-DEL01-AM"
751050;1684994;2025-12-21;"domingo";"16:30:00";"AM";174;970;"MANAUS";"N�o";"Acessar a via sem observar a presen�a dos outros ve�culos";1;"Colis�o traseira";"Com V�timas Fatais";"Pleno dia";"Decrescente";"C�u Claro";"Simples";"Reta";"N�o";1341884;"Autom�vel";"FORD/KA SE 1.0 HA B/KA SE 1.0 HA B";2017;"Passageiro";"Ileso";71;"Masculino";1;0;0;0;-2,230458;-60,02501;"SPRF-AM";"DEL01-AM";"UOP02-DEL01-AM"
751050;1684992;2025-12-21;"domingo";"16:30:00";"AM";174;970;"MANAUS";"N�o";"Acessar a via sem observar a presen�a dos outros ve�culos";1;"Colis�o traseira";"Com V�timas Fatais";"Pleno dia";"Decrescente";"C�u Claro";"Simples";"Reta";"N�o";1341884;"Autom�vel";"FORD/KA SE 1.0 HA B/KA SE 1.0 HA B";2017;"Condutor";"Ileso";48;"Masculino";1;0;0;0;-2,230458;-60,02501;"SPRF-AM";"DEL01-AM";"UOP02-DEL01-AM"
751124;1685185;2025-12-07;"domingo";"18:45:00";"RS";293;122;"PINHEIRO MACHADO";"Sim";"Rea��o tardia ou ineficiente do condutor";1;"Colis�o frontal";"Com V�timas Fatais";"Pleno dia";"Crescente";"C�u Claro";"Dupla";"Declive";"N�o";1342031;"Caminhonete";"FIAT/TORO ENDURANCE AT6/TORO ENDURANCE AT6";2020;"Passageiro";"Les�es Graves";35;"Feminino";0;0;1;0;-31,565475;-53,3931024;"SPRF-RS";"DEL11-RS";"UOP03-DEL11-RS"
751124;1685184;2025-12-07;"domingo";"18:45:00";"RS";293;122;"PINHEIRO MACHADO";"Sim";"Rea��o tardia ou ineficiente do condutor";1;"Colis�o frontal";"Com V�timas Fatais";"Pleno dia";"Crescente";"C�u Claro";"Dupla";"Declive";"N�o";1342031;"Caminhonete";"FIAT/TORO ENDURANCE AT6/TORO ENDURANCE AT6";2020;"Condutor";"Les�es Graves";19;"Masculino";0;0;1;0;-31,565475;-53,3931024;"SPRF-RS";"DEL11-RS";"UOP03-DEL11-RS"
751124;1685183;2025-12-07;"domingo";"18:45:00";"RS";293;122;"PINHEIRO MACHADO";"Sim";"Rea��o tardia ou ineficiente do condutor";1;"Colis�o frontal";"Com V�timas Fatais";"Pleno dia";"Crescente";"C�u Claro";"Dupla";"Declive";"N�o";1342030;"Autom�vel";"GM/PRISMA MAXX/PRISMA MAXX";2008;"Condutor";"�bito";39;"Feminino";0;0;0;1;-31,565475;-53,3931024;"SPRF-RS";"DEL11-RS";"UOP03-DEL11-RS"
751141;1685218;2025-05-02;"sexta-feira";"14:35:00";"BA";324;518;"FEIRA DE SANTANA";"Sim";"Acessar a via sem observar a presen�a dos outros ve�culos";1;"Colis�o lateral sentido oposto";"Com V�timas Feridas";"Pleno dia";"Decrescente";"Nublado";"Simples";"Reta";"Sim";1342062;"Autom�vel";"FIAT/MOBI LIKE/MOBI LIKE";0;"Condutor";"Ileso";NA;"Masculino";1;0;0;0;-12,1975697;-38,9304831;"SPRF-BA";"DEL02-BA";"UOP01-DEL02-BA"
751141;1685217;2025-05-02;"sexta-feira";"14:35:00";"BA";324;518;"FEIRA DE SANTANA";"Sim";"Acessar a via sem observar a presen�a dos outros ve�culos";1;"Colis�o lateral sentido oposto";"Com V�timas Feridas";"Pleno dia";"Decrescente";"Nublado";"Simples";"Reta";"Sim";1342061;"Motocicleta";"HONDA/POP 110I/POP 110I";2020;"Condutor";"Les�es Leves";35;"Masculino";0;1;0;0;-12,1975697;-38,9304831;"SPRF-BA";"DEL02-BA";"UOP01-DEL02-BA"
751167;1685284;2025-12-24;"quarta-feira";"06:50:00";"CE";304;98,2;"ARACATI";"Sim";"Condutor Dormindo";2;"Colis�o traseira";"Com V�timas Feridas";"Pleno dia";"Decrescente";"C�u Claro";"Simples";"Reta";"Sim";1342099;"Autom�vel";"CHEV/SPIN 1.8L AT LTZ/SPIN 1.8L AT LTZ";2017;"Condutor";"Ileso";51;"Masculino";1;0;0;0;-4,85753387;-37,46169901;"SPRF-CE";"DEL03-CE";"UOP02-DEL03-CE"
751167;1685283;2025-12-24;"quarta-feira";"06:50:00";"CE";304;98,2;"ARACATI";"Sim";"Condutor Dormindo";2;"Colis�o traseira";"Com V�timas Feridas";"Pleno dia";"Decrescente";"C�u Claro";"Simples";"Reta";"Sim";1342098;"Autom�vel";"CHEVROLET/ONIX 10MT JOYE/ONIX 10MT JOYE";2017;"Passageiro";"Les�es Leves";16;"Feminino";0;1;0;0;-4,85753387;-37,46169901;"SPRF-CE";"DEL03-CE";"UOP02-DEL03-CE"
751167;1685282;2025-12-24;"quarta-feira";"06:50:00";"CE";304;98,2;"ARACATI";"Sim";"Condutor Dormindo";2;"Colis�o traseira";"Com V�timas Feridas";"Pleno dia";"Decrescente";"C�u Claro";"Simples";"Reta";"Sim";1342098;"Autom�vel";"CHEVROLET/ONIX 10MT JOYE/ONIX 10MT JOYE";2017;"Passageiro";"Les�es Leves";7;"Feminino";0;1;0;0;-4,85753387;-37,46169901;"SPRF-CE";"DEL03-CE";"UOP02-DEL03-CE"
751167;1685281;2025-12-24;"quarta-feira";"06:50:00";"CE";304;98,2;"ARACATI";"Sim";"Condutor Dormindo";2;"Colis�o traseira";"Com V�timas Feridas";"Pleno dia";"Decrescente";"C�u Claro";"Simples";"Reta";"Sim";1342098;"Autom�vel";"CHEVROLET/ONIX 10MT JOYE/ONIX 10MT JOYE";2017;"Passageiro";"Les�es Leves";32;"Feminino";0;1;0;0;-4,85753387;-37,46169901;"SPRF-CE";"DEL03-CE";"UOP02-DEL03-CE"
751167;1685280;2025-12-24;"quarta-feira";"06:50:00";"CE";304;98,2;"ARACATI";"Sim";"Condutor Dormindo";2;"Colis�o traseira";"Com V�timas Feridas";"Pleno dia";"Decrescente";"C�u Claro";"Simples";"Reta";"Sim";1342098;"Autom�vel";"CHEVROLET/ONIX 10MT JOYE/ONIX 10MT JOYE";2017;"Condutor";"Les�es Leves";38;"Masculino";0;1;0;0;-4,85753387;-37,46169901;"SPRF-CE";"DEL03-CE";"UOP02-DEL03-CE"
751167;1685279;2025-12-24;"quarta-feira";"06:50:00";"CE";304;98,2;"ARACATI";"Sim";"Condutor Dormindo";2;"Colis�o traseira";"Com V�timas Feridas";"Pleno dia";"Decrescente";"C�u Claro";"Simples";"Reta";"Sim";1342097;"Autom�vel";"VW/POLO CL AD/POLO CL AD";2017;"Condutor";"Ileso";33;"Masculino";1;0;0;0;-4,85753387;-37,46169901;"SPRF-CE";"DEL03-CE";"UOP02-DEL03-CE"
751167;1685284;2025-12-24;"quarta-feira";"06:50:00";"CE";304;98,2;"ARACATI";"Sim";"Condutor Dormindo";1;"Colis�o frontal";"Com V�timas Feridas";"Pleno dia";"Decrescente";"C�u Claro";"Simples";"Reta";"Sim";1342099;"Autom�vel";"CHEV/SPIN 1.8L AT LTZ/SPIN 1.8L AT LTZ";2017;"Condutor";"Ileso";51;"Masculino";1;0;0;0;-4,85753387;-37,46169901;"SPRF-CE";"DEL03-CE";"UOP02-DEL03-CE"
751167;1685283;2025-12-24;"quarta-feira";"06:50:00";"CE";304;98,2;"ARACATI";"Sim";"Condutor Dormindo";1;"Colis�o frontal";"Com V�timas Feridas";"Pleno dia";"Decrescente";"C�u Claro";"Simples";"Reta";"Sim";1342098;"Autom�vel";"CHEVROLET/ONIX 10MT JOYE/ONIX 10MT JOYE";2017;"Passageiro";"Les�es Leves";16;"Feminino";0;1;0;0;-4,85753387;-37,46169901;"SPRF-CE";"DEL03-CE";"UOP02-DEL03-CE"
751167;1685282;2025-12-24;"quarta-feira";"06:50:00";"CE";304;98,2;"ARACATI";"Sim";"Condutor Dormindo";1;"Colis�o frontal";"Com V�timas Feridas";"Pleno dia";"Decrescente";"C�u Claro";"Simples";"Reta";"Sim";1342098;"Autom�vel";"CHEVROLET/ONIX 10MT JOYE/ONIX 10MT JOYE";2017;"Passageiro";"Les�es Leves";7;"Feminino";0;1;0;0;-4,85753387;-37,46169901;"SPRF-CE";"DEL03-CE";"UOP02-DEL03-CE"
751167;1685281;2025-12-24;"quarta-feira";"06:50:00";"CE";304;98,2;"ARACATI";"Sim";"Condutor Dormindo";1;"Colis�o frontal";"Com V�timas Feridas";"Pleno dia";"Decrescente";"C�u Claro";"Simples";"Reta";"Sim";1342098;"Autom�vel";"CHEVROLET/ONIX 10MT JOYE/ONIX 10MT JOYE";2017;"Passageiro";"Les�es Leves";32;"Feminino";0;1;0;0;-4,85753387;-37,46169901;"SPRF-CE";"DEL03-CE";"UOP02-DEL03-CE"
751167;1685280;2025-12-24;"quarta-feira";"06:50:00";"CE";304;98,2;"ARACATI";"Sim";"Condutor Dormindo";1;"Colis�o frontal";"Com V�timas Feridas";"Pleno dia";"Decrescente";"C�u Claro";"Simples";"Reta";"Sim";1342098;"Autom�vel";"CHEVROLET/ONIX 10MT JOYE/ONIX 10MT JOYE";2017;"Condutor";"Les�es Leves";38;"Masculino";0;1;0;0;-4,85753387;-37,46169901;"SPRF-CE";"DEL03-CE";"UOP02-DEL03-CE"
751167;1685279;2025-12-24;"quarta-feira";"06:50:00";"CE";304;98,2;"ARACATI";"Sim";"Condutor Dormindo";1;"Colis�o frontal";"Com V�timas Feridas";"Pleno dia";"Decrescente";"C�u Claro";"Simples";"Reta";"Sim";1342097;"Autom�vel";"VW/POLO CL AD/POLO CL AD";2017;"Condutor";"Ileso";33;"Masculino";1;0;0;0;-4,85753387;-37,46169901;"SPRF-CE";"DEL03-CE";"UOP02-DEL03-CE"
751172;1685312;2025-07-28;"segunda-feira";"13:40:00";"BA";420;275;"UBAIRA";"Sim";"Aus�ncia de rea��o do condutor";3;"Tombamento";"Com V�timas Fatais";"Pleno dia";"Decrescente";"C�u Claro";"Simples";"Curva";"N�o";1342122;"Motocicleta";"HONDA/CG 160 FAN/CG 160 FAN";0;"Passageiro";"Les�es Graves";25;"Masculino";0;0;1;0;-13,27006;-39,626247;"SPRF-BA";"DEL01-BA";"UOP02-DEL01-BA"
751172;1685310;2025-07-28;"segunda-feira";"13:40:00";"BA";420;275;"UBAIRA";"Sim";"Aus�ncia de rea��o do condutor";3;"Tombamento";"Com V�timas Fatais";"Pleno dia";"Decrescente";"C�u Claro";"Simples";"Curva";"N�o";1342122;"Motocicleta";"HONDA/CG 160 FAN/CG 160 FAN";0;"Condutor";"�bito";23;"Feminino";0;0;0;1;-13,27006;-39,626247;"SPRF-BA";"DEL01-BA";"UOP02-DEL01-BA"
751172;1685311;2025-07-28;"segunda-feira";"13:40:00";"BA";420;275;"UBAIRA";"Sim";"Aus�ncia de rea��o do condutor";3;"Tombamento";"Com V�timas Fatais";"Pleno dia";"Decrescente";"C�u Claro";"Simples";"Curva";"N�o";1342123;"Autom�vel";"FIAT/UNO MILLE FIRE FLEX/UNO MILLE FIRE FLEX";2006;"Condutor";"Ileso";36;"Masculino";1;0;0;0;-13,27006;-39,626247;"SPRF-BA";"DEL01-BA";"UOP02-DEL01-BA"
751172;1685312;2025-07-28;"segunda-feira";"13:40:00";"BA";420;275;"UBAIRA";"Sim";"Aus�ncia de rea��o do condutor";2;"Queda de ocupante de ve�culo";"Com V�timas Fatais";"Pleno dia";"Decrescente";"C�u Claro";"Simples";"Curva";"N�o";1342122;"Motocicleta";"HONDA/CG 160 FAN/CG 160 FAN";0;"Passageiro";"Les�es Graves";25;"Masculino";0;0;1;0;-13,27006;-39,626247;"SPRF-BA";"DEL01-BA";"UOP02-DEL01-BA"
751172;1685310;2025-07-28;"segunda-feira";"13:40:00";"BA";420;275;"UBAIRA";"Sim";"Aus�ncia de rea��o do condutor";2;"Queda de ocupante de ve�culo";"Com V�timas Fatais";"Pleno dia";"Decrescente";"C�u Claro";"Simples";"Curva";"N�o";1342122;"Motocicleta";"HONDA/CG 160 FAN/CG 160 FAN";0;"Condutor";"�bito";23;"Feminino";0;0;0;1;-13,27006;-39,626247;"SPRF-BA";"DEL01-BA";"UOP02-DEL01-BA"
751172;1685311;2025-07-28;"segunda-feira";"13:40:00";"BA";420;275;"UBAIRA";"Sim";"Aus�ncia de rea��o do condutor";2;"Queda de ocupante de ve�culo";"Com V�timas Fatais";"Pleno dia";"Decrescente";"C�u Claro";"Simples";"Curva";"N�o";1342123;"Autom�vel";"FIAT/UNO MILLE FIRE FLEX/UNO MILLE FIRE FLEX";2006;"Condutor";"Ileso";36;"Masculino";1;0;0;0;-13,27006;-39,626247;"SPRF-BA";"DEL01-BA";"UOP02-DEL01-BA"
751172;1685312;2025-07-28;"segunda-feira";"13:40:00";"BA";420;275;"UBAIRA";"Sim";"Aus�ncia de rea��o do condutor";1;"Colis�o frontal";"Com V�timas Fatais";"Pleno dia";"Decrescente";"C�u Claro";"Simples";"Curva";"N�o";1342122;"Motocicleta";"HONDA/CG 160 FAN/CG 160 FAN";0;"Passageiro";"Les�es Graves";25;"Masculino";0;0;1;0;-13,27006;-39,626247;"SPRF-BA";"DEL01-BA";"UOP02-DEL01-BA"