"id";"pesid";"data_inversa";"dia_semana";"horario";"uf";"br";"km";"municipio";"causa_principal";"causa_acidente";"ordem_tipo_acidente";"tipo_acidente";"classificacao_acidente";"fase_dia";"sentido_via";"condicao_metereologica";"tipo_pista";"tracado_via";"uso_solo";"id_veiculo";"tipo_veiculo";"marca";"ano_fabricacao_veiculo";"tipo_envolvido";"estado_fisico";"idade";"sexo";"ilesos";"feridos_leves";"feridos_graves";"mortos";"latitude";"longitude";"regional";"delegacia";"uop"
751172;1685310;2025-07-28;"segunda-feira";"13:40:00";"BA";420;275;"UBAIRA";"Sim";"Aus�ncia de rea��o do condutor";1;"Colis�o frontal";"Com V�timas Fatais";"Pleno dia";"Decrescente";"C�u Claro";"Simples";"Curva";"N�o";1342122;"Motocicleta";"HONDA/CG 160 FAN/CG 160 FAN";0;"Condutor";"�bito";23;"Feminino";0;0;0;1;-13,27006;-39,626247;"SPRF-BA";"DEL01-BA";"UOP02-DEL01-BA"
751172;1685311;2025-07-28;"segunda-feira";"13:40:00";"BA";420;275;"UBAIRA";"Sim";"Aus�ncia de rea��o do condutor";1;"Colis�o frontal";"Com V�timas Fatais";"Pleno dia";"Decrescente";"C�u Claro";"Simples";"Curva";"N�o";1342123;"Autom�vel";"FIAT/UNO MILLE FIRE FLEX/UNO MILLE FIRE FLEX";2006;"Condutor";"Ileso";36;"Masculino";1;0;0;0;-13,27006;-39,626247;"SPRF-BA";"DEL01-BA";"UOP02-DEL01-BA"
751201;1685418;2025-12-11;"quinta-feira";"06:30:00";"PR";116;3;"CAMPINA GRANDE DO SUL";"Sim";"Aus�ncia de sinaliza��o";1;"Colis�o traseira";"Com V�timas Feridas";"Pleno dia";"Decrescente";"C�u Claro";"Simples";"Reta";"N�o";1342182;"Caminh�o-trator";"SCANIA/P 360 A4X2/P 360 A4X2";2013;"Condutor";"N�o Informado";NA;"N�o Informado";0;0;0;0;-25,08481001;-48,60123508;"SPRF-PR";"DEL01-PR";"UOP02-DEL01-PR"
751201;NA;2025-12-11;"quinta-feira";"06:30:00";"PR";116;3;"CAMPINA GRANDE DO SUL";"Sim";"Aus�ncia de sinaliza��o";1;"Colis�o traseira";"Com V�timas Feridas";"Pleno dia";"Decrescente";"C�u Claro";"Simples";"Reta";"N�o";1342187;"Semireboque";"SR/RANDON SR FG/RANDON SR FG";2002;NA;NA;NA;NA;NA;NA;NA;NA;-25,08481001;-48,60123508;"SPRF-PR";"DEL01-PR";"UOP02-DEL01-PR"
751201;1685416;2025-12-11;"quinta-feira";"06:30:00";"PR";116;3;"CAMPINA GRANDE DO SUL";"Sim";"Aus�ncia de sinaliza��o";1;"Colis�o traseira";"Com V�timas Feridas";"Pleno dia";"Decrescente";"C�u Claro";"Simples";"Reta";"N�o";1342180;"Caminh�o";"SCANIA/P320 B8X2/P320 B8X2";2020;"Condutor";"Les�es Leves";NA;"Feminino";0;1;0;0;-25,08481001;-48,60123508;"SPRF-PR";"DEL01-PR";"UOP02-DEL01-PR"
751201;1685418;2025-12-11;"quinta-feira";"06:30:00";"PR";116;3;"CAMPINA GRANDE DO SUL";"N�o";"Rea��o tardia ou ineficiente do condutor";1;"Colis�o traseira";"Com V�timas Feridas";"Pleno dia";"Decrescente";"C�u Claro";"Simples";"Reta";"N�o";1342182;"Caminh�o-trator";"SCANIA/P 360 A4X2/P 360 A4X2";2013;"Condutor";"N�o Informado";NA;"N�o Informado";0;0;0;0;-25,08481001;-48,60123508;"SPRF-PR";"DEL01-PR";"UOP02-DEL01-PR"
751201;NA;2025-12-11;"quinta-feira";"06:30:00";"PR";116;3;"CAMPINA GRANDE DO SUL";"N�o";"Rea��o tardia ou ineficiente do condutor";1;"Colis�o traseira";"Com V�timas Feridas";"Pleno dia";"Decrescente";"C�u Claro";"Simples";"Reta";"N�o";1342187;"Semireboque";"SR/RANDON SR FG/RANDON SR FG";2002;NA;NA;NA;NA;NA;NA;NA;NA;-25,08481001;-48,60123508;"SPRF-PR";"DEL01-PR";"UOP02-DEL01-PR"
751201;1685416;2025-12-11;"quinta-feira";"06:30:00";"PR";116;3;"CAMPINA GRANDE DO SUL";"N�o";"Rea��o tardia ou ineficiente do condutor";1;"Colis�o traseira";"Com V�timas Feridas";"Pleno dia";"Decrescente";"C�u Claro";"Simples";"Reta";"N�o";1342180;"Caminh�o";"SCANIA/P320 B8X2/P320 B8X2";2020;"Condutor";"Les�es Leves";NA;"Feminino";0;1;0;0;-25,08481001;-48,60123508;"SPRF-PR";"DEL01-PR";"UOP02-DEL01-PR"
751235;1685462;2025-12-27;"s�bado";"17:00:00";"RJ";101;392;"RIO DE JANEIRO";"Sim";"Manobra de mudan�a de faixa";1;"Colis�o traseira";"Com V�timas Feridas";"Pleno dia";"Decrescente";"Sol";"Dupla";"Reta";"N�o";1342240;"Autom�vel";"FIAT/ARGO DRIVE 1.3 AT/ARGO DRIVE 1.3 AT";2024;"Condutor";"Ileso";54;"Masculino";1;0;0;0;-22,88846785;-43,7060903;"SPRF-RJ";"DEL03-RJ";"UOP01-DEL03-RJ"
751235;1685463;2025-12-27;"s�bado";"17:00:00";"RJ";101;392;"RIO DE JANEIRO";"Sim";"Manobra de mudan�a de faixa";1;"Colis�o traseira";"Com V�timas Feridas";"Pleno dia";"Decrescente";"Sol";"Dupla";"Reta";"N�o";1342239;"Motocicleta";"JTA/SUZUKIBOULEVARD M800/SUZUKIBOULEVARD M800";2011;"Passageiro";"Les�es Leves";60;"Feminino";0;1;0;0;-22,88846785;-43,7060903;"SPRF-RJ";"DEL03-RJ";"UOP01-DEL03-RJ"
751235;1685461;2025-12-27;"s�bado";"17:00:00";"RJ";101;392;"RIO DE JANEIRO";"Sim";"Manobra de mudan�a de faixa";1;"Colis�o traseira";"Com V�timas Feridas";"Pleno dia";"Decrescente";"Sol";"Dupla";"Reta";"N�o";1342239;"Motocicleta";"JTA/SUZUKIBOULEVARD M800/SUZUKIBOULEVARD M800";2011;"Condutor";"Les�es Leves";56;"Masculino";0;1;0;0;-22,88846785;-43,7060903;"SPRF-RJ";"DEL03-RJ";"UOP01-DEL03-RJ"
751235;1685464;2025-12-27;"s�bado";"17:00:00";"RJ";101;392;"RIO DE JANEIRO";"Sim";"Manobra de mudan�a de faixa";1;"Colis�o traseira";"Com V�timas Feridas";"Pleno dia";"Decrescente";"Sol";"Dupla";"Reta";"N�o";NA;NA;"NA/NA/NA";NA;"Testemunha";"N�o Informado";NA;"N�o Informado";0;0;0;0;-22,88846785;-43,7060903;"SPRF-RJ";"DEL03-RJ";"UOP01-DEL03-RJ"
751249;1685499;2025-08-29;"sexta-feira";"12:55:00";"RJ";101;224;"SILVA JARDIM";"Sim";"Aus�ncia de rea��o do condutor";1;"Tombamento";"Com V�timas Feridas";"Pleno dia";"Decrescente";"Nublado";"Dupla";"Reta";"N�o";1342275;"Motocicleta";"HONDA/CB300F TWISTER CBS/CB300F TWISTER CBS";2023;"Condutor";"Les�es Leves";22;"Masculino";0;1;0;0;-22,53301104;-42,34321;"SPRF-RJ";"DEL02-RJ";"UOP03-DEL02-RJ"
751355;1685740;2025-12-16;"ter�a-feira";"14:00:00";"PR";116;120;"CURITIBA";"Sim";"Aus�ncia de rea��o do condutor";1;"Colis�o traseira";"Sem V�timas";"Pleno dia";"Decrescente";"C�u Claro";"Dupla";"Declive;Reta";"Sim";1342509;"Autom�vel";"VW/VOYAGE 1.0/VOYAGE 1.0";2012;"Condutor";"Ileso";37;"Feminino";1;0;0;0;-25,584292;-49,3143679;"SPRF-PR";"DEL01-PR";"UOP03-DEL01-PR"
751355;1685739;2025-12-16;"ter�a-feira";"14:00:00";"PR";116;120;"CURITIBA";"Sim";"Aus�ncia de rea��o do condutor";1;"Colis�o traseira";"Sem V�timas";"Pleno dia";"Decrescente";"C�u Claro";"Dupla";"Declive;Reta";"Sim";1342508;"Autom�vel";"HONDA/FIT EX FLEX/FIT EX FLEX";2013;"Condutor";"Ileso";45;"Masculino";1;0;0;0;-25,584292;-49,3143679;"SPRF-PR";"DEL01-PR";"UOP03-DEL01-PR"
751356;1685744;2025-11-02;"domingo";"10:25:00";"SP";153;48,8;"SAO JOSE DO RIO PRETO";"Sim";"Ultrapassagem Indevida";1;"Colis�o frontal";"Com V�timas Feridas";"Pleno dia";"Crescente";"Sol";"Simples";"Aclive";"N�o";1342510;"Motocicleta";"HONDA/CG 160 FAN/CG 160 FAN";2023;"Condutor";"Ileso";20;"Masculino";1;0;0;0;-20,69650905;-49,3397069;"SPRF-SP";"DEL09-SP";"UOP01-DEL09-SP"
751356;1685741;2025-11-02;"domingo";"10:25:00";"SP";153;48,8;"SAO JOSE DO RIO PRETO";"Sim";"Ultrapassagem Indevida";1;"Colis�o frontal";"Com V�timas Feridas";"Pleno dia";"Crescente";"Sol";"Simples";"Aclive";"N�o";1342510;"Motocicleta";"HONDA/CG 160 FAN/CG 160 FAN";2023;"Passageiro";"Les�es Graves";16;"Feminino";0;0;1;0;-20,69650905;-49,3397069;"SPRF-SP";"DEL09-SP";"UOP01-DEL09-SP"
751356;1685742;2025-11-02;"domingo";"10:25:00";"SP";153;48,8;"SAO JOSE DO RIO PRETO";"Sim";"Ultrapassagem Indevida";1;"Colis�o frontal";"Com V�timas Feridas";"Pleno dia";"Crescente";"Sol";"Simples";"Aclive";"N�o";1342511;"Caminhonete";"N�o Informado/N�o Informado/N�o Informado";0;"Condutor";"N�o Informado";NA;"N�o Informado";0;0;0;0;-20,69650905;-49,3397069;"SPRF-SP";"DEL09-SP";"UOP01-DEL09-SP"
751356;1685743;2025-11-02;"domingo";"10:25:00";"SP";153;48,8;"SAO JOSE DO RIO PRETO";"Sim";"Ultrapassagem Indevida";1;"Colis�o frontal";"Com V�timas Feridas";"Pleno dia";"Crescente";"Sol";"Simples";"Aclive";"N�o";NA;NA;"NA/NA/NA";NA;"Testemunha";"N�o Informado";NA;"N�o Informado";0;0;0;0;-20,69650905;-49,3397069;"SPRF-SP";"DEL09-SP";"UOP01-DEL09-SP"
751386;NA;2025-09-04;"quinta-feira";"11:15:00";"SP";381;54;"MAIRIPORA";"N�o";"Rea��o tardia ou ineficiente do condutor";4;"Colis�o traseira";"Com V�timas Feridas";"Pleno dia";"Crescente";"C�u Claro";"Dupla";"Curva;Aclive";"Sim";1342577;"Semireboque";"SR/FACCHINI SRF CF/FACCHINI SRF CF";2004;NA;NA;NA;NA;NA;NA;NA;NA;-23,242428;-46,597636;"SPRF-SP";"DEL03-SP";"UOP01-DEL03-SP"
751386;1685811;2025-09-04;"quinta-feira";"11:15:00";"SP";381;54;"MAIRIPORA";"N�o";"Rea��o tardia ou ineficiente do condutor";4;"Colis�o traseira";"Com V�timas Feridas";"Pleno dia";"Crescente";"C�u Claro";"Dupla";"Curva;Aclive";"Sim";1342576;"Autom�vel";"HYUNDAI/HB20 10M VISION/HB20 10M VISION";2022;"Condutor";"Les�es Leves";44;"Feminino";0;1;0;0;-23,242428;-46,597636;"SPRF-SP";"DEL03-SP";"UOP01-DEL03-SP"
751386;1685810;2025-09-04;"quinta-feira";"11:15:00";"SP";381;54;"MAIRIPORA";"N�o";"Rea��o tardia ou ineficiente do condutor";4;"Colis�o traseira";"Com V�timas Feridas";"Pleno dia";"Crescente";"C�u Claro";"Dupla";"Curva;Aclive";"Sim";1342575;"Autom�vel";"FORD/FIESTA SEDAN1.6FLEX/FIESTA SEDAN1.6FLEX";2007;"Condutor";"Ileso";68;"Masculino";1;0;0;0;-23,242428;-46,597636;"SPRF-SP";"DEL03-SP";"UOP01-DEL03-SP"
751386;1685809;2025-09-04;"quinta-feira";"11:15:00";"SP";381;54;"MAIRIPORA";"N�o";"Rea��o tardia ou ineficiente do condutor";4;"Colis�o traseira";"Com V�timas Feridas";"Pleno dia";"Crescente";"C�u Claro";"Dupla";"Curva;Aclive";"Sim";1342574;"Autom�vel";"HYUNDAI/HB20S 10M EVOLUT/HB20S 10M EVOLUT";2021;"Condutor";"Ileso";57;"Feminino";1;0;0;0;-23,242428;-46,597636;"SPRF-SP";"DEL03-SP";"UOP01-DEL03-SP"
751386;1685808;2025-09-04;"quinta-feira";"11:15:00";"SP";381;54;"MAIRIPORA";"N�o";"Rea��o tardia ou ineficiente do condutor";4;"Colis�o traseira";"Com V�timas Feridas";"Pleno dia";"Crescente";"C�u Claro";"Dupla";"Curva;Aclive";"Sim";1342573;"Caminh�o-trator";"VOLVO/VM 310 4X2T/VM 310 4X2T";2009;"Condutor";"Ileso";36;"Masculino";1;0;0;0;-23,242428;-46,597636;"SPRF-SP";"DEL03-SP";"UOP01-DEL03-SP"
751386;NA;2025-09-04;"quinta-feira";"11:15:00";"SP";381;54;"MAIRIPORA";"N�o";"Rea��o tardia ou ineficiente do condutor";3;"Capotamento";"Com V�timas Feridas";"Pleno dia";"Crescente";"C�u Claro";"Dupla";"Curva;Aclive";"Sim";1342577;"Semireboque";"SR/FACCHINI SRF CF/FACCHINI SRF CF";2004;NA;NA;NA;NA;NA;NA;NA;NA;-23,242428;-46,597636;"SPRF-SP";"DEL03-SP";"UOP01-DEL03-SP"
751386;1685811;2025-09-04;"quinta-feira";"11:15:00";"SP";381;54;"MAIRIPORA";"N�o";"Rea��o tardia ou ineficiente do condutor";3;"Capotamento";"Com V�timas Feridas";"Pleno dia";"Crescente";"C�u Claro";"Dupla";"Curva;Aclive";"Sim";1342576;"Autom�vel";"HYUNDAI/HB20 10M VISION/HB20 10M VISION";2022;"Condutor";"Les�es Leves";44;"Feminino";0;1;0;0;-23,242428;-46,597636;"SPRF-SP";"DEL03-SP";"UOP01-DEL03-SP"
751386;1685810;2025-09-04;"quinta-feira";"11:15:00";"SP";381;54;"MAIRIPORA";"N�o";"Rea��o tardia ou ineficiente do condutor";3;"Capotamento";"Com V�timas Feridas";"Pleno dia";"Crescente";"C�u Claro";"Dupla";"Curva;Aclive";"Sim";1342575;"Autom�vel";"FORD/FIESTA SEDAN1.6FLEX/FIESTA SEDAN1.6FLEX";2007;"Condutor";"Ileso";68;"Masculino";1;0;0;0;-23,242428;-46,597636;"SPRF-SP";"DEL03-SP";"UOP01-DEL03-SP"
751386;1685809;2025-09-04;"quinta-feira";"11:15:00";"SP";381;54;"MAIRIPORA";"N�o";"Rea��o tardia ou ineficiente do condutor";3;"Capotamento";"Com V�timas Feridas";"Pleno dia";"Crescente";"C�u Claro";"Dupla";"Curva;Aclive";"Sim";1342574;"Autom�vel";"HYUNDAI/HB20S 10M EVOLUT/HB20S 10M EVOLUT";2021;"Condutor";"Ileso";57;"Feminino";1;0;0;0;-23,242428;-46,597636;"SPRF-SP";"DEL03-SP";"UOP01-DEL03-SP"
751386;1685808;2025-09-04;"quinta-feira";"11:15:00";"SP";381;54;"MAIRIPORA";"N�o";"Rea��o tardia ou ineficiente do condutor";3;"Capotamento";"Com V�timas Feridas";"Pleno dia";"Crescente";"C�u Claro";"Dupla";"Curva;Aclive";"Sim";1342573;"Caminh�o-trator";"VOLVO/VM 310 4X2T/VM 310 4X2T";2009;"Condutor";"Ileso";36;"Masculino";1;0;0;0;-23,242428;-46,597636;"SPRF-SP";"DEL03-SP";"UOP01-DEL03-SP"
751386;NA;2025-09-04;"quinta-feira";"11:15:00";"SP";381;54;"MAIRIPORA";"N�o";"Rea��o tardia ou ineficiente do condutor";2;"Colis�o com objeto";"Com V�timas Feridas";"Pleno dia";"Crescente";"C�u Claro";"Dupla";"Curva;Aclive";"Sim";1342577;"Semireboque";"SR/FACCHINI SRF CF/FACCHINI SRF CF";2004;NA;NA;NA;NA;NA;NA;NA;NA;-23,242428;-46,597636;"SPRF-SP";"DEL03-SP";"UOP01-DEL03-SP"
751386;1685811;2025-09-04;"quinta-feira";"11:15:00";"SP";381;54;"MAIRIPORA";"N�o";"Rea��o tardia ou ineficiente do condutor";2;"Colis�o com objeto";"Com V�timas Feridas";"Pleno dia";"Crescente";"C�u Claro";"Dupla";"Curva;Aclive";"Sim";1342576;"Autom�vel";"HYUNDAI/HB20 10M VISION/HB20 10M VISION";2022;"Condutor";"Les�es Leves";44;"Feminino";0;1;0;0;-23,242428;-46,597636;"SPRF-SP";"DEL03-SP";"UOP01-DEL03-SP"
751386;1685810;2025-09-04;"quinta-feira";"11:15:00";"SP";381;54;"MAIRIPORA";"N�o";"Rea��o tardia ou ineficiente do condutor";2;"Colis�o com objeto";"Com V�timas Feridas";"Pleno dia";"Crescente";"C�u Claro";"Dupla";"Curva;Aclive";"Sim";1342575;"Autom�vel";"FORD/FIESTA SEDAN1.6FLEX/FIESTA SEDAN1.6FLEX";2007;"Condutor";"Ileso";68;"Masculino";1;0;0;0;-23,242428;-46,597636;"SPRF-SP";"DEL03-SP";"UOP01-DEL03-SP"
751386;1685809;2025-09-04;"quinta-feira";"11:15:00";"SP";381;54;"MAIRIPORA";"N�o";"Rea��o tardia ou ineficiente do condutor";2;"Colis�o com objeto";"Com V�timas Feridas";"Pleno dia";"Crescente";"C�u Claro";"Dupla";"Curva;Aclive";"Sim";1342574;"Autom�vel";"HYUNDAI/HB20S 10M EVOLUT/HB20S 10M EVOLUT";2021;"Condutor";"Ileso";57;"Feminino";1;0;0;0;-23,242428;-46,597636;"SPRF-SP";"DEL03-SP";"UOP01-DEL03-SP"
751386;1685808;2025-09-04;"quinta-feira";"11:15:00";"SP";381;54;"MAIRIPORA";"N�o";"Rea��o tardia ou ineficiente do condutor";2;"Colis�o com objeto";"Com V�timas Feridas";"Pleno dia";"Crescente";"C�u Claro";"Dupla";"Curva;Aclive";"Sim";1342573;"Caminh�o-trator";"VOLVO/VM 310 4X2T/VM 310 4X2T";2009;"Condutor";"Ileso";36;"Masculino";1;0;0;0;-23,242428;-46,597636;"SPRF-SP";"DEL03-SP";"UOP01-DEL03-SP"
751386;NA;2025-09-04;"quinta-feira";"11:15:00";"SP";381;54;"MAIRIPORA";"N�o";"Rea��o tardia ou ineficiente do condutor";1;"Colis�o traseira";"Com V�timas Feridas";"Pleno dia";"Crescente";"C�u Claro";"Dupla";"Curva;Aclive";"Sim";1342577;"Semireboque";"SR/FACCHINI SRF CF/FACCHINI SRF CF";2004;NA;NA;NA;NA;NA;NA;NA;NA;-23,242428;-46,597636;"SPRF-SP";"DEL03-SP";"UOP01-DEL03-SP"
751386;1685811;2025-09-04;"quinta-feira";"11:15:00";"SP";381;54;"MAIRIPORA";"N�o";"Rea��o tardia ou ineficiente do condutor";1;"Colis�o traseira";"Com V�timas Feridas";"Pleno dia";"Crescente";"C�u Claro";"Dupla";"Curva;Aclive";"Sim";1342576;"Autom�vel";"HYUNDAI/HB20 10M VISION/HB20 10M VISION";2022;"Condutor";"Les�es Leves";44;"Feminino";0;1;0;0;-23,242428;-46,597636;"SPRF-SP";"DEL03-SP";"UOP01-DEL03-SP"
751386;1685810;2025-09-04;"quinta-feira";"11:15:00";"SP";381;54;"MAIRIPORA";"N�o";"Rea��o tardia ou ineficiente do condutor";1;"Colis�o traseira";"Com V�timas Feridas";"Pleno dia";"Crescente";"C�u Claro";"Dupla";"Curva;Aclive";"Sim";1342575;"Autom�vel";"FORD/FIESTA SEDAN1.6FLEX/FIESTA SEDAN1.6FLEX";2007;"Condutor";"Ileso";68;"Masculino";1;0;0;0;-23,242428;-46,597636;"SPRF-SP";"DEL03-SP";"UOP01-DEL03-SP"
751386;1685809;2025-09-04;"quinta-feira";"11:15:00";"SP";381;54;"MAIRIPORA";"N�o";"Rea��o tardia ou ineficiente do condutor";1;"Colis�o traseira";"Com V�timas Feridas";"Pleno dia";"Crescente";"C�u Claro";"Dupla";"Curva;Aclive";"Sim";1342574;"Autom�vel";"HYUNDAI/HB20S 10M EVOLUT/HB20S 10M EVOLUT";2021;"Condutor";"Ileso";57;"Feminino";1;0;0;0;-23,242428;-46,597636;"SPRF-SP";"DEL03-SP";"UOP01-DEL03-SP"
751386;1685808;2025-09-04;"quinta-feira";"11:15:00";"SP";381;54;"MAIRIPORA";"N�o";"Rea��o tardia ou ineficiente do condutor";1;"Colis�o traseira";"Com V�timas Feridas";"Pleno dia";"Crescente";"C�u Claro";"Dupla";"Curva;Aclive";"Sim";1342573;"Caminh�o-trator";"VOLVO/VM 310 4X2T/VM 310 4X2T";2009;"Condutor";"Ileso";36;"Masculino";1;0;0;0;-23,242428;-46,597636;"SPRF-SP";"DEL03-SP";"UOP01-DEL03-SP"
751386;NA;2025-09-04;"quinta-feira";"11:15:00";"SP";381;54;"MAIRIPORA";"N�o";"Frear bruscamente";4;"Colis�o traseira";"Com V�timas Feridas";"Pleno dia";"Crescente";"C�u Claro";"Dupla";"Curva;Aclive";"Sim";1342577;"Semireboque";"SR/FACCHINI SRF CF/FACCHINI SRF CF";2004;NA;NA;NA;NA;NA;NA;NA;NA;-23,242428;-46,597636;"SPRF-SP";"DEL03-SP";"UOP01-DEL03-SP"
751386;1685811;2025-09-04;"quinta-feira";"11:15:00";"SP";381;54;"MAIRIPORA";"N�o";"Frear bruscamente";4;"Colis�o traseira";"Com V�timas Feridas";"Pleno dia";"Crescente";"C�u Claro";"Dupla";"Curva;Aclive";"Sim";1342576;"Autom�vel";"HYUNDAI/HB20 10M VISION/HB20 10M VISION";2022;"Condutor";"Les�es Leves";44;"Feminino";0;1;0;0;-23,242428;-46,597636;"SPRF-SP";"DEL03-SP";"UOP01-DEL03-SP"
751386;1685810;2025-09-04;"quinta-feira";"11:15:00";"SP";381;54;"MAIRIPORA";"N�o";"Frear bruscamente";4;"Colis�o traseira";"Com V�timas Feridas";"Pleno dia";"Crescente";"C�u Claro";"Dupla";"Curva;Aclive";"Sim";1342575;"Autom�vel";"FORD/FIESTA SEDAN1.6FLEX/FIESTA SEDAN1.6FLEX";2007;"Condutor";"Ileso";68;"Masculino";1;0;0;0;-23,242428;-46,597636;"SPRF-SP";"DEL03-SP";"UOP01-DEL03-SP"
751386;1685809;2025-09-04;"quinta-feira";"11:15:00";"SP";381;54;"MAIRIPORA";"N�o";"Frear bruscamente";4;"Colis�o traseira";"Com V�timas Feridas";"Pleno dia";"Crescente";"C�u Claro";"Dupla";"Curva;Aclive";"Sim";1342574;"Autom�vel";"HYUNDAI/HB20S 10M EVOLUT/HB20S 10M EVOLUT";2021;"Condutor";"Ileso";57;"Feminino";1;0;0;0;-23,242428;-46,597636;"SPRF-SP";"DEL03-SP";"UOP01-DEL03-SP"
751386;1685808;2025-09-04;"quinta-feira";"11:15:00";"SP";381;54;"MAIRIPORA";"N�o";"Frear bruscamente";4;"Colis�o traseira";"Com V�timas Feridas";"Pleno dia";"Crescente";"C�u Claro";"Dupla";"Curva;Aclive";"Sim";1342573;"Caminh�o-trator";"VOLVO/VM 310 4X2T/VM 310 4X2T";2009;"Condutor";"Ileso";36;"Masculino";1;0;0;0;-23,242428;-46,597636;"SPRF-SP";"DEL03-SP";"UOP01-DEL03-SP"
751386;NA;2025-09-04;"quinta-feira";"11:15:00";"SP";381;54;"MAIRIPORA";"N�o";"Frear bruscamente";3;"Capotamento";"Com V�timas Feridas";"Pleno dia";"Crescente";"C�u Claro";"Dupla";"Curva;Aclive";"Sim";1342577;"Semireboque";"SR/FACCHINI SRF CF/FACCHINI SRF CF";2004;NA;NA;NA;NA;NA;NA;NA;NA;-23,242428;-46,597636;"SPRF-SP";"DEL03-SP";"UOP01-DEL03-SP"
751386;1685811;2025-09-04;"quinta-feira";"11:15:00";"SP";381;54;"MAIRIPORA";"N�o";"Frear bruscamente";3;"Capotamento";"Com V�timas Feridas";"Pleno dia";"Crescente";"C�u Claro";"Dupla";"Curva;Aclive";"Sim";1342576;"Autom�vel";"HYUNDAI/HB20 10M VISION/HB20 10M VISION";2022;"Condutor";"Les�es Leves";44;"Feminino";0;1;0;0;-23,242428;-46,597636;"SPRF-SP";"DEL03-SP";"UOP01-DEL03-SP"
751386;1685810;2025-09-04;"quinta-feira";"11:15:00";"SP";381;54;"MAIRIPORA";"N�o";"Frear bruscamente";3;"Capotamento";"Com V�timas Feridas";"Pleno dia";"Crescente";"C�u Claro";"Dupla";"Curva;Aclive";"Sim";1342575;"Autom�vel";"FORD/FIESTA SEDAN1.6FLEX/FIESTA SEDAN1.6FLEX";2007;"Condutor";"Ileso";68;"Masculino";1;0;0;0;-23,242428;-46,597636;"SPRF-SP";"DEL03-SP";"UOP01-DEL03-SP"
751386;1685809;2025-09-04;"quinta-feira";"11:15:00";"SP";381;54;"MAIRIPORA";"N�o";"Frear bruscamente";3;"Capotamento";"Com V�timas Feridas";"Pleno dia";"Crescente";"C�u Claro";"Dupla";"Curva;Aclive";"Sim";1342574;"Autom�vel";"HYUNDAI/HB20S 10M EVOLUT/HB20S 10M EVOLUT";2021;"Condutor";"Ileso";57;"Feminino";1;0;0;0;-23,242428;-46,597636;"SPRF-SP";"DEL03-SP";"UOP01-DEL03-SP"
751386;1685808;2025-09-04;"quinta-feira";"11:15:00";"SP";381;54;"MAIRIPORA";"N�o";"Frear bruscamente";3;"Capotamento";"Com V�timas Feridas";"Pleno dia";"Crescente";"C�u Claro";"Dupla";"Curva;Aclive";"Sim";1342573;"Caminh�o-trator";"VOLVO/VM 310 4X2T/VM 310 4X2T";2009;"Condutor";"Ileso";36;"Masculino";1;0;0;0;-23,242428;-46,597636;"SPRF-SP";"DEL03-SP";"UOP01-DEL03-SP"
751386;NA;2025-09-04;"quinta-feira";"11:15:00";"SP";381;54;"MAIRIPORA";"N�o";"Frear bruscamente";2;"Colis�o com objeto";"Com V�timas Feridas";"Pleno dia";"Crescente";"C�u Claro";"Dupla";"Curva;Aclive";"Sim";1342577;"Semireboque";"SR/FACCHINI SRF CF/FACCHINI SRF CF";2004;NA;NA;NA;NA;NA;NA;NA;NA;-23,242428;-46,597636;"SPRF-SP";"DEL03-SP";"UOP01-DEL03-SP"
751386;1685811;2025-09-04;"quinta-feira";"11:15:00";"SP";381;54;"MAIRIPORA";"N�o";"Frear bruscamente";2;"Colis�o com objeto";"Com V�timas Feridas";"Pleno dia";"Crescente";"C�u Claro";"Dupla";"Curva;Aclive";"Sim";1342576;"Autom�vel";"HYUNDAI/HB20 10M VISION/HB20 10M VISION";2022;"Condutor";"Les�es Leves";44;"Feminino";0;1;0;0;-23,242428;-46,597636;"SPRF-SP";"DEL03-SP";"UOP01-DEL03-SP"
751386;1685810;2025-09-04;"quinta-feira";"11:15:00";"SP";381;54;"MAIRIPORA";"N�o";"Frear bruscamente";2;"Colis�o com objeto";"Com V�timas Feridas";"Pleno dia";"Crescente";"C�u Claro";"Dupla";"Curva;Aclive";"Sim";1342575;"Autom�vel";"FORD/FIESTA SEDAN1.6FLEX/FIESTA SEDAN1.6FLEX";2007;"Condutor";"Ileso";68;"Masculino";1;0;0;0;-23,242428;-46,597636;"SPRF-SP";"DEL03-SP";"UOP01-DEL03-SP"
751386;1685809;2025-09-04;"quinta-feira";"11:15:00";"SP";381;54;"MAIRIPORA";"N�o";"Frear bruscamente";2;"Colis�o com objeto";"Com V�timas Feridas";"Pleno dia";"Crescente";"C�u Claro";"Dupla";"Curva;Aclive";"Sim";1342574;"Autom�vel";"HYUNDAI/HB20S 10M EVOLUT/HB20S 10M EVOLUT";2021;"Condutor";"Ileso";57;"Feminino";1;0;0;0;-23,242428;-46,597636;"SPRF-SP";"DEL03-SP";"UOP01-DEL03-SP"
751386;1685808;2025-09-04;"quinta-feira";"11:15:00";"SP";381;54;"MAIRIPORA";"N�o";"Frear bruscamente";2;"Colis�o com objeto";"Com V�timas Feridas";"Pleno dia";"Crescente";"C�u Claro";"Dupla";"Curva;Aclive";"Sim";1342573;"Caminh�o-trator";"VOLVO/VM 310 4X2T/VM 310 4X2T";2009;"Condutor";"Ileso";36;"Masculino";1;0;0;0;-23,242428;-46,597636;"SPRF-SP";"DEL03-SP";"UOP01-DEL03-SP"
751386;NA;2025-09-04;"quinta-feira";"11:15:00";"SP";381;54;"MAIRIPORA";"N�o";"Frear bruscamente";1;"Colis�o traseira";"Com V�timas Feridas";"Pleno dia";"Crescente";"C�u Claro";"Dupla";"Curva;Aclive";"Sim";1342577;"Semireboque";"SR/FACCHINI SRF CF/FACCHINI SRF CF";2004;NA;NA;NA;NA;NA;NA;NA;NA;-23,242428;-46,597636;"SPRF-SP";"DEL03-SP";"UOP01-DEL03-SP"