"id";"pesid";"data_inversa";"dia_semana";"horario";"uf";"br";"km";"municipio";"causa_principal";"causa_acidente";"ordem_tipo_acidente";"tipo_acidente";"classificacao_acidente";"fase_dia";"sentido_via";"condicao_metereologica";"tipo_pista";"tracado_via";"uso_solo";"id_veiculo";"tipo_veiculo";"marca";"ano_fabricacao_veiculo";"tipo_envolvido";"estado_fisico";"idade";"sexo";"ilesos";"feridos_leves";"feridos_graves";"mortos";"latitude";"longitude";"regional";"delegacia";"uop"
752774;1689495;2025-12-12;"sexta-feira";"13:10:00";"PB";426;72,3;"PIANCO";"N�o";"Rea��o tardia ou ineficiente do condutor";3;"Queda de ocupante de ve�culo";"Com V�timas Feridas";"Pleno dia";"Crescente";"C�u Claro";"Simples";"Declive";"N�o";1345243;"Motocicleta";"HONDA/NXR150 BROS ES/NXR150 BROS ES";2011;"Condutor";"N�o Informado";NA;"N�o Informado";0;0;0;0;-7,241597;-37,938007;"SPRF-PB";"DEL03-PB";"UOP01-DEL03-PB"
752774;1689494;2025-12-12;"sexta-feira";"13:10:00";"PB";426;72,3;"PIANCO";"N�o";"Rea��o tardia ou ineficiente do condutor";3;"Queda de ocupante de ve�culo";"Com V�timas Feridas";"Pleno dia";"Crescente";"C�u Claro";"Simples";"Declive";"N�o";1345242;"Motocicleta";"HONDA/CB 300R/CB 300R";2015;"Condutor";"Les�es Leves";27;"Masculino";0;1;0;0;-7,241597;-37,938007;"SPRF-PB";"DEL03-PB";"UOP01-DEL03-PB"
752774;1689495;2025-12-12;"sexta-feira";"13:10:00";"PB";426;72,3;"PIANCO";"N�o";"Rea��o tardia ou ineficiente do condutor";2;"Tombamento";"Com V�timas Feridas";"Pleno dia";"Crescente";"C�u Claro";"Simples";"Declive";"N�o";1345243;"Motocicleta";"HONDA/NXR150 BROS ES/NXR150 BROS ES";2011;"Condutor";"N�o Informado";NA;"N�o Informado";0;0;0;0;-7,241597;-37,938007;"SPRF-PB";"DEL03-PB";"UOP01-DEL03-PB"
752774;1689494;2025-12-12;"sexta-feira";"13:10:00";"PB";426;72,3;"PIANCO";"N�o";"Rea��o tardia ou ineficiente do condutor";2;"Tombamento";"Com V�timas Feridas";"Pleno dia";"Crescente";"C�u Claro";"Simples";"Declive";"N�o";1345242;"Motocicleta";"HONDA/CB 300R/CB 300R";2015;"Condutor";"Les�es Leves";27;"Masculino";0;1;0;0;-7,241597;-37,938007;"SPRF-PB";"DEL03-PB";"UOP01-DEL03-PB"
752774;1689495;2025-12-12;"sexta-feira";"13:10:00";"PB";426;72,3;"PIANCO";"N�o";"Rea��o tardia ou ineficiente do condutor";1;"Colis�o lateral mesmo sentido";"Com V�timas Feridas";"Pleno dia";"Crescente";"C�u Claro";"Simples";"Declive";"N�o";1345243;"Motocicleta";"HONDA/NXR150 BROS ES/NXR150 BROS ES";2011;"Condutor";"N�o Informado";NA;"N�o Informado";0;0;0;0;-7,241597;-37,938007;"SPRF-PB";"DEL03-PB";"UOP01-DEL03-PB"
752774;1689494;2025-12-12;"sexta-feira";"13:10:00";"PB";426;72,3;"PIANCO";"N�o";"Rea��o tardia ou ineficiente do condutor";1;"Colis�o lateral mesmo sentido";"Com V�timas Feridas";"Pleno dia";"Crescente";"C�u Claro";"Simples";"Declive";"N�o";1345242;"Motocicleta";"HONDA/CB 300R/CB 300R";2015;"Condutor";"Les�es Leves";27;"Masculino";0;1;0;0;-7,241597;-37,938007;"SPRF-PB";"DEL03-PB";"UOP01-DEL03-PB"
752774;1689495;2025-12-12;"sexta-feira";"13:10:00";"PB";426;72,3;"PIANCO";"N�o";"Restri��o de visibilidade em curvas verticais";4;"Sa�da de leito carro��vel";"Com V�timas Feridas";"Pleno dia";"Crescente";"C�u Claro";"Simples";"Declive";"N�o";1345243;"Motocicleta";"HONDA/NXR150 BROS ES/NXR150 BROS ES";2011;"Condutor";"N�o Informado";NA;"N�o Informado";0;0;0;0;-7,241597;-37,938007;"SPRF-PB";"DEL03-PB";"UOP01-DEL03-PB"
752774;1689494;2025-12-12;"sexta-feira";"13:10:00";"PB";426;72,3;"PIANCO";"N�o";"Restri��o de visibilidade em curvas verticais";4;"Sa�da de leito carro��vel";"Com V�timas Feridas";"Pleno dia";"Crescente";"C�u Claro";"Simples";"Declive";"N�o";1345242;"Motocicleta";"HONDA/CB 300R/CB 300R";2015;"Condutor";"Les�es Leves";27;"Masculino";0;1;0;0;-7,241597;-37,938007;"SPRF-PB";"DEL03-PB";"UOP01-DEL03-PB"
752774;1689495;2025-12-12;"sexta-feira";"13:10:00";"PB";426;72,3;"PIANCO";"N�o";"Restri��o de visibilidade em curvas verticais";3;"Queda de ocupante de ve�culo";"Com V�timas Feridas";"Pleno dia";"Crescente";"C�u Claro";"Simples";"Declive";"N�o";1345243;"Motocicleta";"HONDA/NXR150 BROS ES/NXR150 BROS ES";2011;"Condutor";"N�o Informado";NA;"N�o Informado";0;0;0;0;-7,241597;-37,938007;"SPRF-PB";"DEL03-PB";"UOP01-DEL03-PB"
752774;1689494;2025-12-12;"sexta-feira";"13:10:00";"PB";426;72,3;"PIANCO";"N�o";"Restri��o de visibilidade em curvas verticais";3;"Queda de ocupante de ve�culo";"Com V�timas Feridas";"Pleno dia";"Crescente";"C�u Claro";"Simples";"Declive";"N�o";1345242;"Motocicleta";"HONDA/CB 300R/CB 300R";2015;"Condutor";"Les�es Leves";27;"Masculino";0;1;0;0;-7,241597;-37,938007;"SPRF-PB";"DEL03-PB";"UOP01-DEL03-PB"
752774;1689495;2025-12-12;"sexta-feira";"13:10:00";"PB";426;72,3;"PIANCO";"N�o";"Restri��o de visibilidade em curvas verticais";2;"Tombamento";"Com V�timas Feridas";"Pleno dia";"Crescente";"C�u Claro";"Simples";"Declive";"N�o";1345243;"Motocicleta";"HONDA/NXR150 BROS ES/NXR150 BROS ES";2011;"Condutor";"N�o Informado";NA;"N�o Informado";0;0;0;0;-7,241597;-37,938007;"SPRF-PB";"DEL03-PB";"UOP01-DEL03-PB"
752774;1689494;2025-12-12;"sexta-feira";"13:10:00";"PB";426;72,3;"PIANCO";"N�o";"Restri��o de visibilidade em curvas verticais";2;"Tombamento";"Com V�timas Feridas";"Pleno dia";"Crescente";"C�u Claro";"Simples";"Declive";"N�o";1345242;"Motocicleta";"HONDA/CB 300R/CB 300R";2015;"Condutor";"Les�es Leves";27;"Masculino";0;1;0;0;-7,241597;-37,938007;"SPRF-PB";"DEL03-PB";"UOP01-DEL03-PB"
752774;1689495;2025-12-12;"sexta-feira";"13:10:00";"PB";426;72,3;"PIANCO";"N�o";"Restri��o de visibilidade em curvas verticais";1;"Colis�o lateral mesmo sentido";"Com V�timas Feridas";"Pleno dia";"Crescente";"C�u Claro";"Simples";"Declive";"N�o";1345243;"Motocicleta";"HONDA/NXR150 BROS ES/NXR150 BROS ES";2011;"Condutor";"N�o Informado";NA;"N�o Informado";0;0;0;0;-7,241597;-37,938007;"SPRF-PB";"DEL03-PB";"UOP01-DEL03-PB"
752774;1689494;2025-12-12;"sexta-feira";"13:10:00";"PB";426;72,3;"PIANCO";"N�o";"Restri��o de visibilidade em curvas verticais";1;"Colis�o lateral mesmo sentido";"Com V�timas Feridas";"Pleno dia";"Crescente";"C�u Claro";"Simples";"Declive";"N�o";1345242;"Motocicleta";"HONDA/CB 300R/CB 300R";2015;"Condutor";"Les�es Leves";27;"Masculino";0;1;0;0;-7,241597;-37,938007;"SPRF-PB";"DEL03-PB";"UOP01-DEL03-PB"
752907;1689857;2025-01-22;"quarta-feira";"01:30:00";"PR";116;46;"CAMPINA GRANDE DO SUL";"N�o";"Rea��o tardia ou ineficiente do condutor";1;"Capotamento";"Com V�timas Feridas";"Plena Noite";"Crescente";"C�u Claro";"Dupla";"Curva";"N�o";1345510;"Autom�vel";"RENAULT/SANDERO AUT 16/SANDERO AUT 16";2009;"Passageiro";"Ileso";38;"Masculino";1;0;0;0;-25,20185401;-48,8962139;"SPRF-PR";"DEL01-PR";"UOP02-DEL01-PR"
752907;1689856;2025-01-22;"quarta-feira";"01:30:00";"PR";116;46;"CAMPINA GRANDE DO SUL";"N�o";"Rea��o tardia ou ineficiente do condutor";1;"Capotamento";"Com V�timas Feridas";"Plena Noite";"Crescente";"C�u Claro";"Dupla";"Curva";"N�o";1345510;"Autom�vel";"RENAULT/SANDERO AUT 16/SANDERO AUT 16";2009;"Passageiro";"Les�es Leves";27;"Feminino";0;1;0;0;-25,20185401;-48,8962139;"SPRF-PR";"DEL01-PR";"UOP02-DEL01-PR"
752907;1689855;2025-01-22;"quarta-feira";"01:30:00";"PR";116;46;"CAMPINA GRANDE DO SUL";"N�o";"Rea��o tardia ou ineficiente do condutor";1;"Capotamento";"Com V�timas Feridas";"Plena Noite";"Crescente";"C�u Claro";"Dupla";"Curva";"N�o";1345510;"Autom�vel";"RENAULT/SANDERO AUT 16/SANDERO AUT 16";2009;"Passageiro";"Les�es Leves";24;"Feminino";0;1;0;0;-25,20185401;-48,8962139;"SPRF-PR";"DEL01-PR";"UOP02-DEL01-PR"
752907;1689854;2025-01-22;"quarta-feira";"01:30:00";"PR";116;46;"CAMPINA GRANDE DO SUL";"N�o";"Rea��o tardia ou ineficiente do condutor";1;"Capotamento";"Com V�timas Feridas";"Plena Noite";"Crescente";"C�u Claro";"Dupla";"Curva";"N�o";1345510;"Autom�vel";"RENAULT/SANDERO AUT 16/SANDERO AUT 16";2009;"Passageiro";"Ileso";3;"Masculino";1;0;0;0;-25,20185401;-48,8962139;"SPRF-PR";"DEL01-PR";"UOP02-DEL01-PR"
752907;1689853;2025-01-22;"quarta-feira";"01:30:00";"PR";116;46;"CAMPINA GRANDE DO SUL";"N�o";"Rea��o tardia ou ineficiente do condutor";1;"Capotamento";"Com V�timas Feridas";"Plena Noite";"Crescente";"C�u Claro";"Dupla";"Curva";"N�o";1345510;"Autom�vel";"RENAULT/SANDERO AUT 16/SANDERO AUT 16";2009;"Passageiro";"Ileso";2;"Feminino";1;0;0;0;-25,20185401;-48,8962139;"SPRF-PR";"DEL01-PR";"UOP02-DEL01-PR"
752907;1689852;2025-01-22;"quarta-feira";"01:30:00";"PR";116;46;"CAMPINA GRANDE DO SUL";"N�o";"Rea��o tardia ou ineficiente do condutor";1;"Capotamento";"Com V�timas Feridas";"Plena Noite";"Crescente";"C�u Claro";"Dupla";"Curva";"N�o";1345510;"Autom�vel";"RENAULT/SANDERO AUT 16/SANDERO AUT 16";2009;"Condutor";"Les�es Leves";29;"Masculino";0;1;0;0;-25,20185401;-48,8962139;"SPRF-PR";"DEL01-PR";"UOP02-DEL01-PR"
752907;1689857;2025-01-22;"quarta-feira";"01:30:00";"PR";116;46;"CAMPINA GRANDE DO SUL";"N�o";"Velocidade Incompat�vel";1;"Capotamento";"Com V�timas Feridas";"Plena Noite";"Crescente";"C�u Claro";"Dupla";"Curva";"N�o";1345510;"Autom�vel";"RENAULT/SANDERO AUT 16/SANDERO AUT 16";2009;"Passageiro";"Ileso";38;"Masculino";1;0;0;0;-25,20185401;-48,8962139;"SPRF-PR";"DEL01-PR";"UOP02-DEL01-PR"
752907;1689856;2025-01-22;"quarta-feira";"01:30:00";"PR";116;46;"CAMPINA GRANDE DO SUL";"N�o";"Velocidade Incompat�vel";1;"Capotamento";"Com V�timas Feridas";"Plena Noite";"Crescente";"C�u Claro";"Dupla";"Curva";"N�o";1345510;"Autom�vel";"RENAULT/SANDERO AUT 16/SANDERO AUT 16";2009;"Passageiro";"Les�es Leves";27;"Feminino";0;1;0;0;-25,20185401;-48,8962139;"SPRF-PR";"DEL01-PR";"UOP02-DEL01-PR"
752907;1689855;2025-01-22;"quarta-feira";"01:30:00";"PR";116;46;"CAMPINA GRANDE DO SUL";"N�o";"Velocidade Incompat�vel";1;"Capotamento";"Com V�timas Feridas";"Plena Noite";"Crescente";"C�u Claro";"Dupla";"Curva";"N�o";1345510;"Autom�vel";"RENAULT/SANDERO AUT 16/SANDERO AUT 16";2009;"Passageiro";"Les�es Leves";24;"Feminino";0;1;0;0;-25,20185401;-48,8962139;"SPRF-PR";"DEL01-PR";"UOP02-DEL01-PR"
752907;1689854;2025-01-22;"quarta-feira";"01:30:00";"PR";116;46;"CAMPINA GRANDE DO SUL";"N�o";"Velocidade Incompat�vel";1;"Capotamento";"Com V�timas Feridas";"Plena Noite";"Crescente";"C�u Claro";"Dupla";"Curva";"N�o";1345510;"Autom�vel";"RENAULT/SANDERO AUT 16/SANDERO AUT 16";2009;"Passageiro";"Ileso";3;"Masculino";1;0;0;0;-25,20185401;-48,8962139;"SPRF-PR";"DEL01-PR";"UOP02-DEL01-PR"
752907;1689853;2025-01-22;"quarta-feira";"01:30:00";"PR";116;46;"CAMPINA GRANDE DO SUL";"N�o";"Velocidade Incompat�vel";1;"Capotamento";"Com V�timas Feridas";"Plena Noite";"Crescente";"C�u Claro";"Dupla";"Curva";"N�o";1345510;"Autom�vel";"RENAULT/SANDERO AUT 16/SANDERO AUT 16";2009;"Passageiro";"Ileso";2;"Feminino";1;0;0;0;-25,20185401;-48,8962139;"SPRF-PR";"DEL01-PR";"UOP02-DEL01-PR"
752907;1689852;2025-01-22;"quarta-feira";"01:30:00";"PR";116;46;"CAMPINA GRANDE DO SUL";"N�o";"Velocidade Incompat�vel";1;"Capotamento";"Com V�timas Feridas";"Plena Noite";"Crescente";"C�u Claro";"Dupla";"Curva";"N�o";1345510;"Autom�vel";"RENAULT/SANDERO AUT 16/SANDERO AUT 16";2009;"Condutor";"Les�es Leves";29;"Masculino";0;1;0;0;-25,20185401;-48,8962139;"SPRF-PR";"DEL01-PR";"UOP02-DEL01-PR"
752907;1689857;2025-01-22;"quarta-feira";"01:30:00";"PR";116;46;"CAMPINA GRANDE DO SUL";"Sim";"Condutor Dormindo";1;"Capotamento";"Com V�timas Feridas";"Plena Noite";"Crescente";"C�u Claro";"Dupla";"Curva";"N�o";1345510;"Autom�vel";"RENAULT/SANDERO AUT 16/SANDERO AUT 16";2009;"Passageiro";"Ileso";38;"Masculino";1;0;0;0;-25,20185401;-48,8962139;"SPRF-PR";"DEL01-PR";"UOP02-DEL01-PR"
752907;1689856;2025-01-22;"quarta-feira";"01:30:00";"PR";116;46;"CAMPINA GRANDE DO SUL";"Sim";"Condutor Dormindo";1;"Capotamento";"Com V�timas Feridas";"Plena Noite";"Crescente";"C�u Claro";"Dupla";"Curva";"N�o";1345510;"Autom�vel";"RENAULT/SANDERO AUT 16/SANDERO AUT 16";2009;"Passageiro";"Les�es Leves";27;"Feminino";0;1;0;0;-25,20185401;-48,8962139;"SPRF-PR";"DEL01-PR";"UOP02-DEL01-PR"
752907;1689855;2025-01-22;"quarta-feira";"01:30:00";"PR";116;46;"CAMPINA GRANDE DO SUL";"Sim";"Condutor Dormindo";1;"Capotamento";"Com V�timas Feridas";"Plena Noite";"Crescente";"C�u Claro";"Dupla";"Curva";"N�o";1345510;"Autom�vel";"RENAULT/SANDERO AUT 16/SANDERO AUT 16";2009;"Passageiro";"Les�es Leves";24;"Feminino";0;1;0;0;-25,20185401;-48,8962139;"SPRF-PR";"DEL01-PR";"UOP02-DEL01-PR"
752907;1689854;2025-01-22;"quarta-feira";"01:30:00";"PR";116;46;"CAMPINA GRANDE DO SUL";"Sim";"Condutor Dormindo";1;"Capotamento";"Com V�timas Feridas";"Plena Noite";"Crescente";"C�u Claro";"Dupla";"Curva";"N�o";1345510;"Autom�vel";"RENAULT/SANDERO AUT 16/SANDERO AUT 16";2009;"Passageiro";"Ileso";3;"Masculino";1;0;0;0;-25,20185401;-48,8962139;"SPRF-PR";"DEL01-PR";"UOP02-DEL01-PR"
752907;1689853;2025-01-22;"quarta-feira";"01:30:00";"PR";116;46;"CAMPINA GRANDE DO SUL";"Sim";"Condutor Dormindo";1;"Capotamento";"Com V�timas Feridas";"Plena Noite";"Crescente";"C�u Claro";"Dupla";"Curva";"N�o";1345510;"Autom�vel";"RENAULT/SANDERO AUT 16/SANDERO AUT 16";2009;"Passageiro";"Ileso";2;"Feminino";1;0;0;0;-25,20185401;-48,8962139;"SPRF-PR";"DEL01-PR";"UOP02-DEL01-PR"
752907;1689852;2025-01-22;"quarta-feira";"01:30:00";"PR";116;46;"CAMPINA GRANDE DO SUL";"Sim";"Condutor Dormindo";1;"Capotamento";"Com V�timas Feridas";"Plena Noite";"Crescente";"C�u Claro";"Dupla";"Curva";"N�o";1345510;"Autom�vel";"RENAULT/SANDERO AUT 16/SANDERO AUT 16";2009;"Condutor";"Les�es Leves";29;"Masculino";0;1;0;0;-25,20185401;-48,8962139;"SPRF-PR";"DEL01-PR";"UOP02-DEL01-PR"
753161;1690523;2025-12-29;"segunda-feira";"07:15:00";"RJ";393;181;"PARAIBA DO SUL";"Sim";"Acessar a via sem observar a presen�a dos outros ve�culos";1;"Colis�o transversal";"Com V�timas Feridas";"Pleno dia";"Decrescente";"C�u Claro";"Simples";"Curva";"N�o";1345995;"Bicicleta";"N�o Informado/N�o Informado/N�o Informado";0;"Condutor";"Les�es Graves";54;"Masculino";0;0;1;0;-22,1382333;-43,264315;"SPRF-RJ";"DEL05-RJ";"UOP03-DEL05-RJ"
753161;1690522;2025-12-29;"segunda-feira";"07:15:00";"RJ";393;181;"PARAIBA DO SUL";"Sim";"Acessar a via sem observar a presen�a dos outros ve�culos";1;"Colis�o transversal";"Com V�timas Feridas";"Pleno dia";"Decrescente";"C�u Claro";"Simples";"Curva";"N�o";1345994;"Motocicleta";"YAMAHA/YBR150 FACTOR ED/YBR150 FACTOR ED";2015;"Condutor";"Les�es Graves";45;"Feminino";0;0;1;0;-22,1382333;-43,264315;"SPRF-RJ";"DEL05-RJ";"UOP03-DEL05-RJ"
753174;1690566;2025-11-18;"ter�a-feira";"09:20:00";"MG";365;431,5;"PATOS DE MINAS";"Sim";"Rea��o tardia ou ineficiente do condutor";3;"Queda de ocupante de ve�culo";"Com V�timas Feridas";"Pleno dia";"Crescente";"C�u Claro";"Simples";"Interse��o de Vias";"N�o";1346017;"Caminhonete";"RENAULT/OROCH PRO 16/OROCH PRO 16";2022;"Condutor";"Ileso";43;"Masculino";1;0;0;0;-18,75890448;-46,66324854;"SPRF-MG";"DEL10-MG";"UOP01-DEL10-MG"
753174;1690565;2025-11-18;"ter�a-feira";"09:20:00";"MG";365;431,5;"PATOS DE MINAS";"Sim";"Rea��o tardia ou ineficiente do condutor";3;"Queda de ocupante de ve�culo";"Com V�timas Feridas";"Pleno dia";"Crescente";"C�u Claro";"Simples";"Interse��o de Vias";"N�o";1346016;"Motocicleta";"HONDA/NXR160 BROS ESD/NXR160 BROS ESD";2015;"Condutor";"Les�es Graves";63;"Masculino";0;0;1;0;-18,75890448;-46,66324854;"SPRF-MG";"DEL10-MG";"UOP01-DEL10-MG"
753174;1690566;2025-11-18;"ter�a-feira";"09:20:00";"MG";365;431,5;"PATOS DE MINAS";"Sim";"Rea��o tardia ou ineficiente do condutor";2;"Tombamento";"Com V�timas Feridas";"Pleno dia";"Crescente";"C�u Claro";"Simples";"Interse��o de Vias";"N�o";1346017;"Caminhonete";"RENAULT/OROCH PRO 16/OROCH PRO 16";2022;"Condutor";"Ileso";43;"Masculino";1;0;0;0;-18,75890448;-46,66324854;"SPRF-MG";"DEL10-MG";"UOP01-DEL10-MG"
753174;1690565;2025-11-18;"ter�a-feira";"09:20:00";"MG";365;431,5;"PATOS DE MINAS";"Sim";"Rea��o tardia ou ineficiente do condutor";2;"Tombamento";"Com V�timas Feridas";"Pleno dia";"Crescente";"C�u Claro";"Simples";"Interse��o de Vias";"N�o";1346016;"Motocicleta";"HONDA/NXR160 BROS ESD/NXR160 BROS ESD";2015;"Condutor";"Les�es Graves";63;"Masculino";0;0;1;0;-18,75890448;-46,66324854;"SPRF-MG";"DEL10-MG";"UOP01-DEL10-MG"
753174;1690566;2025-11-18;"ter�a-feira";"09:20:00";"MG";365;431,5;"PATOS DE MINAS";"Sim";"Rea��o tardia ou ineficiente do condutor";1;"Colis�o transversal";"Com V�timas Feridas";"Pleno dia";"Crescente";"C�u Claro";"Simples";"Interse��o de Vias";"N�o";1346017;"Caminhonete";"RENAULT/OROCH PRO 16/OROCH PRO 16";2022;"Condutor";"Ileso";43;"Masculino";1;0;0;0;-18,75890448;-46,66324854;"SPRF-MG";"DEL10-MG";"UOP01-DEL10-MG"
753174;1690565;2025-11-18;"ter�a-feira";"09:20:00";"MG";365;431,5;"PATOS DE MINAS";"Sim";"Rea��o tardia ou ineficiente do condutor";1;"Colis�o transversal";"Com V�timas Feridas";"Pleno dia";"Crescente";"C�u Claro";"Simples";"Interse��o de Vias";"N�o";1346016;"Motocicleta";"HONDA/NXR160 BROS ESD/NXR160 BROS ESD";2015;"Condutor";"Les�es Graves";63;"Masculino";0;0;1;0;-18,75890448;-46,66324854;"SPRF-MG";"DEL10-MG";"UOP01-DEL10-MG"
753283;1690941;2025-12-31;"quarta-feira";"17:20:00";"SP";116;213;"GUARULHOS";"N�o";"Entrada inopinada do pedestre";1;"Atropelamento de Pedestre";"Com V�timas Fatais";"Pleno dia";"Crescente";"C�u Claro";"Dupla";"Reta";"Sim";1346236;"�nibus";"MBENZ/MPOLO VIAGGIO R/MPOLO VIAGGIO R";2023;"Condutor";"Ileso";50;"Masculino";1;0;0;0;-23,43967112;-46,43753049;"SPRF-SP";"DEL01-SP";"UOP01-DEL01-SP"
753283;1690940;2025-12-31;"quarta-feira";"17:20:00";"SP";116;213;"GUARULHOS";"N�o";"Entrada inopinada do pedestre";1;"Atropelamento de Pedestre";"Com V�timas Fatais";"Pleno dia";"Crescente";"C�u Claro";"Dupla";"Reta";"Sim";NA;NA;"NA/NA/NA";NA;"Pedestre";"�bito";49;"Masculino";0;0;0;1;-23,43967112;-46,43753049;"SPRF-SP";"DEL01-SP";"UOP01-DEL01-SP"
753283;1690941;2025-12-31;"quarta-feira";"17:20:00";"SP";116;213;"GUARULHOS";"Sim";"Suic�dio (presumido)";1;"Atropelamento de Pedestre";"Com V�timas Fatais";"Pleno dia";"Crescente";"C�u Claro";"Dupla";"Reta";"Sim";1346236;"�nibus";"MBENZ/MPOLO VIAGGIO R/MPOLO VIAGGIO R";2023;"Condutor";"Ileso";50;"Masculino";1;0;0;0;-23,43967112;-46,43753049;"SPRF-SP";"DEL01-SP";"UOP01-DEL01-SP"
753283;1690940;2025-12-31;"quarta-feira";"17:20:00";"SP";116;213;"GUARULHOS";"Sim";"Suic�dio (presumido)";1;"Atropelamento de Pedestre";"Com V�timas Fatais";"Pleno dia";"Crescente";"C�u Claro";"Dupla";"Reta";"Sim";NA;NA;"NA/NA/NA";NA;"Pedestre";"�bito";49;"Masculino";0;0;0;1;-23,43967112;-46,43753049;"SPRF-SP";"DEL01-SP";"UOP01-DEL01-SP"
753320;1691033;2025-05-05;"segunda-feira";"12:35:00";"SE";101;59;"ROSARIO DO CATETE";"Sim";"Pista Escorregadia";3;"Capotamento";"Com V�timas Feridas";"Pleno dia";"Crescente";"Chuva";"Simples";"Declive;Reta";"N�o";1346303;"�nibus";"MARCOPOLO/VOLARE W9C ON/VOLARE W9C ON";2024;"Passageiro";"Les�es Graves";22;"Feminino";0;0;1;0;-10,665649;-37,029606;"SPRF-SE";"DEL02-SE";"UOP02-DEL02-SE"
753320;1691032;2025-05-05;"segunda-feira";"12:35:00";"SE";101;59;"ROSARIO DO CATETE";"Sim";"Pista Escorregadia";3;"Capotamento";"Com V�timas Feridas";"Pleno dia";"Crescente";"Chuva";"Simples";"Declive;Reta";"N�o";1346303;"�nibus";"MARCOPOLO/VOLARE W9C ON/VOLARE W9C ON";2024;"Passageiro";"Les�es Leves";43;"Feminino";0;1;0;0;-10,665649;-37,029606;"SPRF-SE";"DEL02-SE";"UOP02-DEL02-SE"
753320;1691031;2025-05-05;"segunda-feira";"12:35:00";"SE";101;59;"ROSARIO DO CATETE";"Sim";"Pista Escorregadia";3;"Capotamento";"Com V�timas Feridas";"Pleno dia";"Crescente";"Chuva";"Simples";"Declive;Reta";"N�o";1346303;"�nibus";"MARCOPOLO/VOLARE W9C ON/VOLARE W9C ON";2024;"Passageiro";"Les�es Leves";NA;"Masculino";0;1;0;0;-10,665649;-37,029606;"SPRF-SE";"DEL02-SE";"UOP02-DEL02-SE"
753320;1691030;2025-05-05;"segunda-feira";"12:35:00";"SE";101;59;"ROSARIO DO CATETE";"Sim";"Pista Escorregadia";3;"Capotamento";"Com V�timas Feridas";"Pleno dia";"Crescente";"Chuva";"Simples";"Declive;Reta";"N�o";1346303;"�nibus";"MARCOPOLO/VOLARE W9C ON/VOLARE W9C ON";2024;"Passageiro";"Les�es Leves";NA;"Feminino";0;1;0;0;-10,665649;-37,029606;"SPRF-SE";"DEL02-SE";"UOP02-DEL02-SE"
753320;1691029;2025-05-05;"segunda-feira";"12:35:00";"SE";101;59;"ROSARIO DO CATETE";"Sim";"Pista Escorregadia";3;"Capotamento";"Com V�timas Feridas";"Pleno dia";"Crescente";"Chuva";"Simples";"Declive;Reta";"N�o";1346303;"�nibus";"MARCOPOLO/VOLARE W9C ON/VOLARE W9C ON";2024;"Passageiro";"Les�es Leves";NA;"Feminino";0;1;0;0;-10,665649;-37,029606;"SPRF-SE";"DEL02-SE";"UOP02-DEL02-SE"
753320;1691028;2025-05-05;"segunda-feira";"12:35:00";"SE";101;59;"ROSARIO DO CATETE";"Sim";"Pista Escorregadia";3;"Capotamento";"Com V�timas Feridas";"Pleno dia";"Crescente";"Chuva";"Simples";"Declive;Reta";"N�o";1346303;"�nibus";"MARCOPOLO/VOLARE W9C ON/VOLARE W9C ON";2024;"Passageiro";"Les�es Graves";25;"Feminino";0;0;1;0;-10,665649;-37,029606;"SPRF-SE";"DEL02-SE";"UOP02-DEL02-SE"
753320;1691027;2025-05-05;"segunda-feira";"12:35:00";"SE";101;59;"ROSARIO DO CATETE";"Sim";"Pista Escorregadia";3;"Capotamento";"Com V�timas Feridas";"Pleno dia";"Crescente";"Chuva";"Simples";"Declive;Reta";"N�o";1346303;"�nibus";"MARCOPOLO/VOLARE W9C ON/VOLARE W9C ON";2024;"Passageiro";"Les�es Leves";45;"Feminino";0;1;0;0;-10,665649;-37,029606;"SPRF-SE";"DEL02-SE";"UOP02-DEL02-SE"
753320;1691026;2025-05-05;"segunda-feira";"12:35:00";"SE";101;59;"ROSARIO DO CATETE";"Sim";"Pista Escorregadia";3;"Capotamento";"Com V�timas Feridas";"Pleno dia";"Crescente";"Chuva";"Simples";"Declive;Reta";"N�o";1346303;"�nibus";"MARCOPOLO/VOLARE W9C ON/VOLARE W9C ON";2024;"Passageiro";"Les�es Leves";40;"Feminino";0;1;0;0;-10,665649;-37,029606;"SPRF-SE";"DEL02-SE";"UOP02-DEL02-SE"
753320;1691025;2025-05-05;"segunda-feira";"12:35:00";"SE";101;59;"ROSARIO DO CATETE";"Sim";"Pista Escorregadia";3;"Capotamento";"Com V�timas Feridas";"Pleno dia";"Crescente";"Chuva";"Simples";"Declive;Reta";"N�o";1346303;"�nibus";"MARCOPOLO/VOLARE W9C ON/VOLARE W9C ON";2024;"Passageiro";"Les�es Leves";35;"Masculino";0;1;0;0;-10,665649;-37,029606;"SPRF-SE";"DEL02-SE";"UOP02-DEL02-SE"