"id";"pesid";"data_inversa";"dia_semana";"horario";"uf";"br";"km";"municipio";"causa_principal";"causa_acidente";"ordem_tipo_acidente";"tipo_acidente";"classificacao_acidente";"fase_dia";"sentido_via";"condicao_metereologica";"tipo_pista";"tracado_via";"uso_solo";"id_veiculo";"tipo_veiculo";"marca";"ano_fabricacao_veiculo";"tipo_envolvido";"estado_fisico";"idade";"sexo";"ilesos";"feridos_leves";"feridos_graves";"mortos";"latitude";"longitude";"regional";"delegacia";"uop"
753320;1691024;2025-05-05;"segunda-feira";"12:35:00";"SE";101;59;"ROSARIO DO CATETE";"Sim";"Pista Escorregadia";3;"Capotamento";"Com V�timas Feridas";"Pleno dia";"Crescente";"Chuva";"Simples";"Declive;Reta";"N�o";1346303;"�nibus";"MARCOPOLO/VOLARE W9C ON/VOLARE W9C ON";2024;"Passageiro";"Les�es Leves";37;"Feminino";0;1;0;0;-10,665649;-37,029606;"SPRF-SE";"DEL02-SE";"UOP02-DEL02-SE"
753320;1691023;2025-05-05;"segunda-feira";"12:35:00";"SE";101;59;"ROSARIO DO CATETE";"Sim";"Pista Escorregadia";3;"Capotamento";"Com V�timas Feridas";"Pleno dia";"Crescente";"Chuva";"Simples";"Declive;Reta";"N�o";1346303;"�nibus";"MARCOPOLO/VOLARE W9C ON/VOLARE W9C ON";2024;"Passageiro";"Les�es Leves";23;"Masculino";0;1;0;0;-10,665649;-37,029606;"SPRF-SE";"DEL02-SE";"UOP02-DEL02-SE"
753320;1691022;2025-05-05;"segunda-feira";"12:35:00";"SE";101;59;"ROSARIO DO CATETE";"Sim";"Pista Escorregadia";3;"Capotamento";"Com V�timas Feridas";"Pleno dia";"Crescente";"Chuva";"Simples";"Declive;Reta";"N�o";1346303;"�nibus";"MARCOPOLO/VOLARE W9C ON/VOLARE W9C ON";2024;"Passageiro";"Les�es Leves";27;"Feminino";0;1;0;0;-10,665649;-37,029606;"SPRF-SE";"DEL02-SE";"UOP02-DEL02-SE"
753320;1691021;2025-05-05;"segunda-feira";"12:35:00";"SE";101;59;"ROSARIO DO CATETE";"Sim";"Pista Escorregadia";3;"Capotamento";"Com V�timas Feridas";"Pleno dia";"Crescente";"Chuva";"Simples";"Declive;Reta";"N�o";1346303;"�nibus";"MARCOPOLO/VOLARE W9C ON/VOLARE W9C ON";2024;"Condutor";"Les�es Leves";34;"Masculino";0;1;0;0;-10,665649;-37,029606;"SPRF-SE";"DEL02-SE";"UOP02-DEL02-SE"
753320;1691033;2025-05-05;"segunda-feira";"12:35:00";"SE";101;59;"ROSARIO DO CATETE";"Sim";"Pista Escorregadia";2;"Colis�o com objeto";"Com V�timas Feridas";"Pleno dia";"Crescente";"Chuva";"Simples";"Declive;Reta";"N�o";1346303;"�nibus";"MARCOPOLO/VOLARE W9C ON/VOLARE W9C ON";2024;"Passageiro";"Les�es Graves";22;"Feminino";0;0;1;0;-10,665649;-37,029606;"SPRF-SE";"DEL02-SE";"UOP02-DEL02-SE"
753320;1691032;2025-05-05;"segunda-feira";"12:35:00";"SE";101;59;"ROSARIO DO CATETE";"Sim";"Pista Escorregadia";2;"Colis�o com objeto";"Com V�timas Feridas";"Pleno dia";"Crescente";"Chuva";"Simples";"Declive;Reta";"N�o";1346303;"�nibus";"MARCOPOLO/VOLARE W9C ON/VOLARE W9C ON";2024;"Passageiro";"Les�es Leves";43;"Feminino";0;1;0;0;-10,665649;-37,029606;"SPRF-SE";"DEL02-SE";"UOP02-DEL02-SE"
753320;1691031;2025-05-05;"segunda-feira";"12:35:00";"SE";101;59;"ROSARIO DO CATETE";"Sim";"Pista Escorregadia";2;"Colis�o com objeto";"Com V�timas Feridas";"Pleno dia";"Crescente";"Chuva";"Simples";"Declive;Reta";"N�o";1346303;"�nibus";"MARCOPOLO/VOLARE W9C ON/VOLARE W9C ON";2024;"Passageiro";"Les�es Leves";NA;"Masculino";0;1;0;0;-10,665649;-37,029606;"SPRF-SE";"DEL02-SE";"UOP02-DEL02-SE"
753320;1691030;2025-05-05;"segunda-feira";"12:35:00";"SE";101;59;"ROSARIO DO CATETE";"Sim";"Pista Escorregadia";2;"Colis�o com objeto";"Com V�timas Feridas";"Pleno dia";"Crescente";"Chuva";"Simples";"Declive;Reta";"N�o";1346303;"�nibus";"MARCOPOLO/VOLARE W9C ON/VOLARE W9C ON";2024;"Passageiro";"Les�es Leves";NA;"Feminino";0;1;0;0;-10,665649;-37,029606;"SPRF-SE";"DEL02-SE";"UOP02-DEL02-SE"
753320;1691029;2025-05-05;"segunda-feira";"12:35:00";"SE";101;59;"ROSARIO DO CATETE";"Sim";"Pista Escorregadia";2;"Colis�o com objeto";"Com V�timas Feridas";"Pleno dia";"Crescente";"Chuva";"Simples";"Declive;Reta";"N�o";1346303;"�nibus";"MARCOPOLO/VOLARE W9C ON/VOLARE W9C ON";2024;"Passageiro";"Les�es Leves";NA;"Feminino";0;1;0;0;-10,665649;-37,029606;"SPRF-SE";"DEL02-SE";"UOP02-DEL02-SE"
753320;1691028;2025-05-05;"segunda-feira";"12:35:00";"SE";101;59;"ROSARIO DO CATETE";"Sim";"Pista Escorregadia";2;"Colis�o com objeto";"Com V�timas Feridas";"Pleno dia";"Crescente";"Chuva";"Simples";"Declive;Reta";"N�o";1346303;"�nibus";"MARCOPOLO/VOLARE W9C ON/VOLARE W9C ON";2024;"Passageiro";"Les�es Graves";25;"Feminino";0;0;1;0;-10,665649;-37,029606;"SPRF-SE";"DEL02-SE";"UOP02-DEL02-SE"
753320;1691027;2025-05-05;"segunda-feira";"12:35:00";"SE";101;59;"ROSARIO DO CATETE";"Sim";"Pista Escorregadia";2;"Colis�o com objeto";"Com V�timas Feridas";"Pleno dia";"Crescente";"Chuva";"Simples";"Declive;Reta";"N�o";1346303;"�nibus";"MARCOPOLO/VOLARE W9C ON/VOLARE W9C ON";2024;"Passageiro";"Les�es Leves";45;"Feminino";0;1;0;0;-10,665649;-37,029606;"SPRF-SE";"DEL02-SE";"UOP02-DEL02-SE"
753320;1691026;2025-05-05;"segunda-feira";"12:35:00";"SE";101;59;"ROSARIO DO CATETE";"Sim";"Pista Escorregadia";2;"Colis�o com objeto";"Com V�timas Feridas";"Pleno dia";"Crescente";"Chuva";"Simples";"Declive;Reta";"N�o";1346303;"�nibus";"MARCOPOLO/VOLARE W9C ON/VOLARE W9C ON";2024;"Passageiro";"Les�es Leves";40;"Feminino";0;1;0;0;-10,665649;-37,029606;"SPRF-SE";"DEL02-SE";"UOP02-DEL02-SE"
753320;1691025;2025-05-05;"segunda-feira";"12:35:00";"SE";101;59;"ROSARIO DO CATETE";"Sim";"Pista Escorregadia";2;"Colis�o com objeto";"Com V�timas Feridas";"Pleno dia";"Crescente";"Chuva";"Simples";"Declive;Reta";"N�o";1346303;"�nibus";"MARCOPOLO/VOLARE W9C ON/VOLARE W9C ON";2024;"Passageiro";"Les�es Leves";35;"Masculino";0;1;0;0;-10,665649;-37,029606;"SPRF-SE";"DEL02-SE";"UOP02-DEL02-SE"
753320;1691024;2025-05-05;"segunda-feira";"12:35:00";"SE";101;59;"ROSARIO DO CATETE";"Sim";"Pista Escorregadia";2;"Colis�o com objeto";"Com V�timas Feridas";"Pleno dia";"Crescente";"Chuva";"Simples";"Declive;Reta";"N�o";1346303;"�nibus";"MARCOPOLO/VOLARE W9C ON/VOLARE W9C ON";2024;"Passageiro";"Les�es Leves";37;"Feminino";0;1;0;0;-10,665649;-37,029606;"SPRF-SE";"DEL02-SE";"UOP02-DEL02-SE"
753320;1691023;2025-05-05;"segunda-feira";"12:35:00";"SE";101;59;"ROSARIO DO CATETE";"Sim";"Pista Escorregadia";2;"Colis�o com objeto";"Com V�timas Feridas";"Pleno dia";"Crescente";"Chuva";"Simples";"Declive;Reta";"N�o";1346303;"�nibus";"MARCOPOLO/VOLARE W9C ON/VOLARE W9C ON";2024;"Passageiro";"Les�es Leves";23;"Masculino";0;1;0;0;-10,665649;-37,029606;"SPRF-SE";"DEL02-SE";"UOP02-DEL02-SE"
753320;1691022;2025-05-05;"segunda-feira";"12:35:00";"SE";101;59;"ROSARIO DO CATETE";"Sim";"Pista Escorregadia";2;"Colis�o com objeto";"Com V�timas Feridas";"Pleno dia";"Crescente";"Chuva";"Simples";"Declive;Reta";"N�o";1346303;"�nibus";"MARCOPOLO/VOLARE W9C ON/VOLARE W9C ON";2024;"Passageiro";"Les�es Leves";27;"Feminino";0;1;0;0;-10,665649;-37,029606;"SPRF-SE";"DEL02-SE";"UOP02-DEL02-SE"
753320;1691021;2025-05-05;"segunda-feira";"12:35:00";"SE";101;59;"ROSARIO DO CATETE";"Sim";"Pista Escorregadia";2;"Colis�o com objeto";"Com V�timas Feridas";"Pleno dia";"Crescente";"Chuva";"Simples";"Declive;Reta";"N�o";1346303;"�nibus";"MARCOPOLO/VOLARE W9C ON/VOLARE W9C ON";2024;"Condutor";"Les�es Leves";34;"Masculino";0;1;0;0;-10,665649;-37,029606;"SPRF-SE";"DEL02-SE";"UOP02-DEL02-SE"
753320;1691033;2025-05-05;"segunda-feira";"12:35:00";"SE";101;59;"ROSARIO DO CATETE";"Sim";"Pista Escorregadia";1;"Sa�da de leito carro��vel";"Com V�timas Feridas";"Pleno dia";"Crescente";"Chuva";"Simples";"Declive;Reta";"N�o";1346303;"�nibus";"MARCOPOLO/VOLARE W9C ON/VOLARE W9C ON";2024;"Passageiro";"Les�es Graves";22;"Feminino";0;0;1;0;-10,665649;-37,029606;"SPRF-SE";"DEL02-SE";"UOP02-DEL02-SE"
753320;1691032;2025-05-05;"segunda-feira";"12:35:00";"SE";101;59;"ROSARIO DO CATETE";"Sim";"Pista Escorregadia";1;"Sa�da de leito carro��vel";"Com V�timas Feridas";"Pleno dia";"Crescente";"Chuva";"Simples";"Declive;Reta";"N�o";1346303;"�nibus";"MARCOPOLO/VOLARE W9C ON/VOLARE W9C ON";2024;"Passageiro";"Les�es Leves";43;"Feminino";0;1;0;0;-10,665649;-37,029606;"SPRF-SE";"DEL02-SE";"UOP02-DEL02-SE"
753320;1691031;2025-05-05;"segunda-feira";"12:35:00";"SE";101;59;"ROSARIO DO CATETE";"Sim";"Pista Escorregadia";1;"Sa�da de leito carro��vel";"Com V�timas Feridas";"Pleno dia";"Crescente";"Chuva";"Simples";"Declive;Reta";"N�o";1346303;"�nibus";"MARCOPOLO/VOLARE W9C ON/VOLARE W9C ON";2024;"Passageiro";"Les�es Leves";NA;"Masculino";0;1;0;0;-10,665649;-37,029606;"SPRF-SE";"DEL02-SE";"UOP02-DEL02-SE"
753320;1691030;2025-05-05;"segunda-feira";"12:35:00";"SE";101;59;"ROSARIO DO CATETE";"Sim";"Pista Escorregadia";1;"Sa�da de leito carro��vel";"Com V�timas Feridas";"Pleno dia";"Crescente";"Chuva";"Simples";"Declive;Reta";"N�o";1346303;"�nibus";"MARCOPOLO/VOLARE W9C ON/VOLARE W9C ON";2024;"Passageiro";"Les�es Leves";NA;"Feminino";0;1;0;0;-10,665649;-37,029606;"SPRF-SE";"DEL02-SE";"UOP02-DEL02-SE"
753320;1691029;2025-05-05;"segunda-feira";"12:35:00";"SE";101;59;"ROSARIO DO CATETE";"Sim";"Pista Escorregadia";1;"Sa�da de leito carro��vel";"Com V�timas Feridas";"Pleno dia";"Crescente";"Chuva";"Simples";"Declive;Reta";"N�o";1346303;"�nibus";"MARCOPOLO/VOLARE W9C ON/VOLARE W9C ON";2024;"Passageiro";"Les�es Leves";NA;"Feminino";0;1;0;0;-10,665649;-37,029606;"SPRF-SE";"DEL02-SE";"UOP02-DEL02-SE"
753320;1691028;2025-05-05;"segunda-feira";"12:35:00";"SE";101;59;"ROSARIO DO CATETE";"Sim";"Pista Escorregadia";1;"Sa�da de leito carro��vel";"Com V�timas Feridas";"Pleno dia";"Crescente";"Chuva";"Simples";"Declive;Reta";"N�o";1346303;"�nibus";"MARCOPOLO/VOLARE W9C ON/VOLARE W9C ON";2024;"Passageiro";"Les�es Graves";25;"Feminino";0;0;1;0;-10,665649;-37,029606;"SPRF-SE";"DEL02-SE";"UOP02-DEL02-SE"
753320;1691027;2025-05-05;"segunda-feira";"12:35:00";"SE";101;59;"ROSARIO DO CATETE";"Sim";"Pista Escorregadia";1;"Sa�da de leito carro��vel";"Com V�timas Feridas";"Pleno dia";"Crescente";"Chuva";"Simples";"Declive;Reta";"N�o";1346303;"�nibus";"MARCOPOLO/VOLARE W9C ON/VOLARE W9C ON";2024;"Passageiro";"Les�es Leves";45;"Feminino";0;1;0;0;-10,665649;-37,029606;"SPRF-SE";"DEL02-SE";"UOP02-DEL02-SE"
753320;1691026;2025-05-05;"segunda-feira";"12:35:00";"SE";101;59;"ROSARIO DO CATETE";"Sim";"Pista Escorregadia";1;"Sa�da de leito carro��vel";"Com V�timas Feridas";"Pleno dia";"Crescente";"Chuva";"Simples";"Declive;Reta";"N�o";1346303;"�nibus";"MARCOPOLO/VOLARE W9C ON/VOLARE W9C ON";2024;"Passageiro";"Les�es Leves";40;"Feminino";0;1;0;0;-10,665649;-37,029606;"SPRF-SE";"DEL02-SE";"UOP02-DEL02-SE"
753320;1691025;2025-05-05;"segunda-feira";"12:35:00";"SE";101;59;"ROSARIO DO CATETE";"Sim";"Pista Escorregadia";1;"Sa�da de leito carro��vel";"Com V�timas Feridas";"Pleno dia";"Crescente";"Chuva";"Simples";"Declive;Reta";"N�o";1346303;"�nibus";"MARCOPOLO/VOLARE W9C ON/VOLARE W9C ON";2024;"Passageiro";"Les�es Leves";35;"Masculino";0;1;0;0;-10,665649;-37,029606;"SPRF-SE";"DEL02-SE";"UOP02-DEL02-SE"
753320;1691024;2025-05-05;"segunda-feira";"12:35:00";"SE";101;59;"ROSARIO DO CATETE";"Sim";"Pista Escorregadia";1;"Sa�da de leito carro��vel";"Com V�timas Feridas";"Pleno dia";"Crescente";"Chuva";"Simples";"Declive;Reta";"N�o";1346303;"�nibus";"MARCOPOLO/VOLARE W9C ON/VOLARE W9C ON";2024;"Passageiro";"Les�es Leves";37;"Feminino";0;1;0;0;-10,665649;-37,029606;"SPRF-SE";"DEL02-SE";"UOP02-DEL02-SE"
753320;1691023;2025-05-05;"segunda-feira";"12:35:00";"SE";101;59;"ROSARIO DO CATETE";"Sim";"Pista Escorregadia";1;"Sa�da de leito carro��vel";"Com V�timas Feridas";"Pleno dia";"Crescente";"Chuva";"Simples";"Declive;Reta";"N�o";1346303;"�nibus";"MARCOPOLO/VOLARE W9C ON/VOLARE W9C ON";2024;"Passageiro";"Les�es Leves";23;"Masculino";0;1;0;0;-10,665649;-37,029606;"SPRF-SE";"DEL02-SE";"UOP02-DEL02-SE"
753320;1691022;2025-05-05;"segunda-feira";"12:35:00";"SE";101;59;"ROSARIO DO CATETE";"Sim";"Pista Escorregadia";1;"Sa�da de leito carro��vel";"Com V�timas Feridas";"Pleno dia";"Crescente";"Chuva";"Simples";"Declive;Reta";"N�o";1346303;"�nibus";"MARCOPOLO/VOLARE W9C ON/VOLARE W9C ON";2024;"Passageiro";"Les�es Leves";27;"Feminino";0;1;0;0;-10,665649;-37,029606;"SPRF-SE";"DEL02-SE";"UOP02-DEL02-SE"
753320;1691021;2025-05-05;"segunda-feira";"12:35:00";"SE";101;59;"ROSARIO DO CATETE";"Sim";"Pista Escorregadia";1;"Sa�da de leito carro��vel";"Com V�timas Feridas";"Pleno dia";"Crescente";"Chuva";"Simples";"Declive;Reta";"N�o";1346303;"�nibus";"MARCOPOLO/VOLARE W9C ON/VOLARE W9C ON";2024;"Condutor";"Les�es Leves";34;"Masculino";0;1;0;0;-10,665649;-37,029606;"SPRF-SE";"DEL02-SE";"UOP02-DEL02-SE"
753392;1691215;2025-11-07;"sexta-feira";"16:50:00";"SE";101;146,8;"ESTANCIA";"Sim";"Pedestre andava na pista";1;"Atropelamento de Pedestre";"Com V�timas Fatais";"Anoitecer";"Decrescente";"C�u Claro";"Dupla";"Reta";"N�o";1346454;"Utilit�rio";"JEEP/COMMANDER BLA 2.0 G/COMMANDER BLA 2.0 G";2025;"Condutor";"Ileso";37;"Masculino";1;0;0;0;-11,228798;-37,424587;"SPRF-SE";"DEL02-SE";"UOP01-DEL02-SE"
753392;1691214;2025-11-07;"sexta-feira";"16:50:00";"SE";101;146,8;"ESTANCIA";"Sim";"Pedestre andava na pista";1;"Atropelamento de Pedestre";"Com V�timas Fatais";"Anoitecer";"Decrescente";"C�u Claro";"Dupla";"Reta";"N�o";NA;NA;"NA/NA/NA";NA;"Pedestre";"�bito";NA;"Masculino";0;0;0;1;-11,228798;-37,424587;"SPRF-SE";"DEL02-SE";"UOP01-DEL02-SE"
753392;1691215;2025-11-07;"sexta-feira";"16:50:00";"SE";101;146,8;"ESTANCIA";"N�o";"Velocidade Incompat�vel";1;"Atropelamento de Pedestre";"Com V�timas Fatais";"Anoitecer";"Decrescente";"C�u Claro";"Dupla";"Reta";"N�o";1346454;"Utilit�rio";"JEEP/COMMANDER BLA 2.0 G/COMMANDER BLA 2.0 G";2025;"Condutor";"Ileso";37;"Masculino";1;0;0;0;-11,228798;-37,424587;"SPRF-SE";"DEL02-SE";"UOP01-DEL02-SE"
753392;1691214;2025-11-07;"sexta-feira";"16:50:00";"SE";101;146,8;"ESTANCIA";"N�o";"Velocidade Incompat�vel";1;"Atropelamento de Pedestre";"Com V�timas Fatais";"Anoitecer";"Decrescente";"C�u Claro";"Dupla";"Reta";"N�o";NA;NA;"NA/NA/NA";NA;"Pedestre";"�bito";NA;"Masculino";0;0;0;1;-11,228798;-37,424587;"SPRF-SE";"DEL02-SE";"UOP01-DEL02-SE"
753413;1691293;2025-11-07;"sexta-feira";"15:20:00";"MG";262;481;"BOM DESPACHO";"Sim";"Aus�ncia de rea��o do condutor";2;"Capotamento";"Com V�timas Feridas";"Pleno dia";"Crescente";"C�u Claro";"Simples";"Reta";"N�o";1346508;"Caminh�o";"N�o Informado/N�o Informado/N�o Informado";0;"Condutor";"N�o Informado";NA;"N�o Informado";0;0;0;0;-19,78178726;-45,36115408;"SPRF-MG";"DEL08-MG";"UOP03-DEL08-MG"
753413;1691280;2025-11-07;"sexta-feira";"15:20:00";"MG";262;481;"BOM DESPACHO";"Sim";"Aus�ncia de rea��o do condutor";2;"Capotamento";"Com V�timas Feridas";"Pleno dia";"Crescente";"C�u Claro";"Simples";"Reta";"N�o";1346505;"Caminhonete";"FIAT/STRADA FIRE FLEX/STRADA FIRE FLEX";2011;"Condutor";"Les�es Graves";33;"Feminino";0;0;1;0;-19,78178726;-45,36115408;"SPRF-MG";"DEL08-MG";"UOP03-DEL08-MG"
753413;1691293;2025-11-07;"sexta-feira";"15:20:00";"MG";262;481;"BOM DESPACHO";"Sim";"Aus�ncia de rea��o do condutor";1;"Colis�o traseira";"Com V�timas Feridas";"Pleno dia";"Crescente";"C�u Claro";"Simples";"Reta";"N�o";1346508;"Caminh�o";"N�o Informado/N�o Informado/N�o Informado";0;"Condutor";"N�o Informado";NA;"N�o Informado";0;0;0;0;-19,78178726;-45,36115408;"SPRF-MG";"DEL08-MG";"UOP03-DEL08-MG"
753413;1691280;2025-11-07;"sexta-feira";"15:20:00";"MG";262;481;"BOM DESPACHO";"Sim";"Aus�ncia de rea��o do condutor";1;"Colis�o traseira";"Com V�timas Feridas";"Pleno dia";"Crescente";"C�u Claro";"Simples";"Reta";"N�o";1346505;"Caminhonete";"FIAT/STRADA FIRE FLEX/STRADA FIRE FLEX";2011;"Condutor";"Les�es Graves";33;"Feminino";0;0;1;0;-19,78178726;-45,36115408;"SPRF-MG";"DEL08-MG";"UOP03-DEL08-MG"
753714;1692051;2025-04-08;"ter�a-feira";"16:50:00";"PI";343;2;"TERESINA";"Sim";"Rea��o tardia ou ineficiente do condutor";2;"Queda de ocupante de ve�culo";"Com V�timas Feridas";"Anoitecer";"Decrescente";"C�u Claro";"M�ltipla";"Reta";"Sim";1347101;"Caminhonete";"CHEVROLET/S10 LTZ DD4A/S10 LTZ DD4A";2022;"Condutor";"Ileso";42;"Feminino";1;0;0;0;-5,0593792;-42,68032;"SPRF-PI";"DEL01-PI";"UOP01-DEL01-PI"
753714;1692050;2025-04-08;"ter�a-feira";"16:50:00";"PI";343;2;"TERESINA";"Sim";"Rea��o tardia ou ineficiente do condutor";2;"Queda de ocupante de ve�culo";"Com V�timas Feridas";"Anoitecer";"Decrescente";"C�u Claro";"M�ltipla";"Reta";"Sim";1347100;"Motocicleta";"HONDA/CG 150 FAN ESI/CG 150 FAN ESI";2011;"Condutor";"Les�es Leves";44;"Masculino";0;1;0;0;-5,0593792;-42,68032;"SPRF-PI";"DEL01-PI";"UOP01-DEL01-PI"
753714;1692049;2025-04-08;"ter�a-feira";"16:50:00";"PI";343;2;"TERESINA";"Sim";"Rea��o tardia ou ineficiente do condutor";2;"Queda de ocupante de ve�culo";"Com V�timas Feridas";"Anoitecer";"Decrescente";"C�u Claro";"M�ltipla";"Reta";"Sim";1347099;"Motoneta";"HONDA/BIZ 125/BIZ 125";2022;"Condutor";"Les�es Leves";36;"Feminino";0;1;0;0;-5,0593792;-42,68032;"SPRF-PI";"DEL01-PI";"UOP01-DEL01-PI"
753714;1692051;2025-04-08;"ter�a-feira";"16:50:00";"PI";343;2;"TERESINA";"Sim";"Rea��o tardia ou ineficiente do condutor";1;"Colis�o traseira";"Com V�timas Feridas";"Anoitecer";"Decrescente";"C�u Claro";"M�ltipla";"Reta";"Sim";1347101;"Caminhonete";"CHEVROLET/S10 LTZ DD4A/S10 LTZ DD4A";2022;"Condutor";"Ileso";42;"Feminino";1;0;0;0;-5,0593792;-42,68032;"SPRF-PI";"DEL01-PI";"UOP01-DEL01-PI"
753714;1692050;2025-04-08;"ter�a-feira";"16:50:00";"PI";343;2;"TERESINA";"Sim";"Rea��o tardia ou ineficiente do condutor";1;"Colis�o traseira";"Com V�timas Feridas";"Anoitecer";"Decrescente";"C�u Claro";"M�ltipla";"Reta";"Sim";1347100;"Motocicleta";"HONDA/CG 150 FAN ESI/CG 150 FAN ESI";2011;"Condutor";"Les�es Leves";44;"Masculino";0;1;0;0;-5,0593792;-42,68032;"SPRF-PI";"DEL01-PI";"UOP01-DEL01-PI"
753714;1692049;2025-04-08;"ter�a-feira";"16:50:00";"PI";343;2;"TERESINA";"Sim";"Rea��o tardia ou ineficiente do condutor";1;"Colis�o traseira";"Com V�timas Feridas";"Anoitecer";"Decrescente";"C�u Claro";"M�ltipla";"Reta";"Sim";1347099;"Motoneta";"HONDA/BIZ 125/BIZ 125";2022;"Condutor";"Les�es Leves";36;"Feminino";0;1;0;0;-5,0593792;-42,68032;"SPRF-PI";"DEL01-PI";"UOP01-DEL01-PI"
753714;1692051;2025-04-08;"ter�a-feira";"16:50:00";"PI";343;2;"TERESINA";"N�o";"Aus�ncia de sinaliza��o";2;"Queda de ocupante de ve�culo";"Com V�timas Feridas";"Anoitecer";"Decrescente";"C�u Claro";"M�ltipla";"Reta";"Sim";1347101;"Caminhonete";"CHEVROLET/S10 LTZ DD4A/S10 LTZ DD4A";2022;"Condutor";"Ileso";42;"Feminino";1;0;0;0;-5,0593792;-42,68032;"SPRF-PI";"DEL01-PI";"UOP01-DEL01-PI"
753714;1692050;2025-04-08;"ter�a-feira";"16:50:00";"PI";343;2;"TERESINA";"N�o";"Aus�ncia de sinaliza��o";2;"Queda de ocupante de ve�culo";"Com V�timas Feridas";"Anoitecer";"Decrescente";"C�u Claro";"M�ltipla";"Reta";"Sim";1347100;"Motocicleta";"HONDA/CG 150 FAN ESI/CG 150 FAN ESI";2011;"Condutor";"Les�es Leves";44;"Masculino";0;1;0;0;-5,0593792;-42,68032;"SPRF-PI";"DEL01-PI";"UOP01-DEL01-PI"
753714;1692049;2025-04-08;"ter�a-feira";"16:50:00";"PI";343;2;"TERESINA";"N�o";"Aus�ncia de sinaliza��o";2;"Queda de ocupante de ve�culo";"Com V�timas Feridas";"Anoitecer";"Decrescente";"C�u Claro";"M�ltipla";"Reta";"Sim";1347099;"Motoneta";"HONDA/BIZ 125/BIZ 125";2022;"Condutor";"Les�es Leves";36;"Feminino";0;1;0;0;-5,0593792;-42,68032;"SPRF-PI";"DEL01-PI";"UOP01-DEL01-PI"
753714;1692051;2025-04-08;"ter�a-feira";"16:50:00";"PI";343;2;"TERESINA";"N�o";"Aus�ncia de sinaliza��o";1;"Colis�o traseira";"Com V�timas Feridas";"Anoitecer";"Decrescente";"C�u Claro";"M�ltipla";"Reta";"Sim";1347101;"Caminhonete";"CHEVROLET/S10 LTZ DD4A/S10 LTZ DD4A";2022;"Condutor";"Ileso";42;"Feminino";1;0;0;0;-5,0593792;-42,68032;"SPRF-PI";"DEL01-PI";"UOP01-DEL01-PI"
753714;1692050;2025-04-08;"ter�a-feira";"16:50:00";"PI";343;2;"TERESINA";"N�o";"Aus�ncia de sinaliza��o";1;"Colis�o traseira";"Com V�timas Feridas";"Anoitecer";"Decrescente";"C�u Claro";"M�ltipla";"Reta";"Sim";1347100;"Motocicleta";"HONDA/CG 150 FAN ESI/CG 150 FAN ESI";2011;"Condutor";"Les�es Leves";44;"Masculino";0;1;0;0;-5,0593792;-42,68032;"SPRF-PI";"DEL01-PI";"UOP01-DEL01-PI"
753714;1692049;2025-04-08;"ter�a-feira";"16:50:00";"PI";343;2;"TERESINA";"N�o";"Aus�ncia de sinaliza��o";1;"Colis�o traseira";"Com V�timas Feridas";"Anoitecer";"Decrescente";"C�u Claro";"M�ltipla";"Reta";"Sim";1347099;"Motoneta";"HONDA/BIZ 125/BIZ 125";2022;"Condutor";"Les�es Leves";36;"Feminino";0;1;0;0;-5,0593792;-42,68032;"SPRF-PI";"DEL01-PI";"UOP01-DEL01-PI"
753715;1692060;2025-05-02;"sexta-feira";"21:34:00";"PI";343;2,7;"TERESINA";"Sim";"Convers�o proibida";2;"Queda de ocupante de ve�culo";"Com V�timas Feridas";"Plena Noite";"Crescente";"C�u Claro";"M�ltipla";"Reta";"Sim";1347106;"Autom�vel";"FIAT/ARGO 1.0/ARGO 1.0";2021;"Condutor";"Ileso";25;"Feminino";1;0;0;0;-5,0566403;-42,6841326;"SPRF-PI";"DEL01-PI";"UOP01-DEL01-PI"
753715;1692059;2025-05-02;"sexta-feira";"21:34:00";"PI";343;2,7;"TERESINA";"Sim";"Convers�o proibida";2;"Queda de ocupante de ve�culo";"Com V�timas Feridas";"Plena Noite";"Crescente";"C�u Claro";"M�ltipla";"Reta";"Sim";1347105;"Motocicleta";"HONDA/POP 110I/POP 110I";2022;"Condutor";"Les�es Graves";25;"Masculino";0;0;1;0;-5,0566403;-42,6841326;"SPRF-PI";"DEL01-PI";"UOP01-DEL01-PI"
753715;1692060;2025-05-02;"sexta-feira";"21:34:00";"PI";343;2,7;"TERESINA";"Sim";"Convers�o proibida";1;"Colis�o transversal";"Com V�timas Feridas";"Plena Noite";"Crescente";"C�u Claro";"M�ltipla";"Reta";"Sim";1347106;"Autom�vel";"FIAT/ARGO 1.0/ARGO 1.0";2021;"Condutor";"Ileso";25;"Feminino";1;0;0;0;-5,0566403;-42,6841326;"SPRF-PI";"DEL01-PI";"UOP01-DEL01-PI"
753715;1692059;2025-05-02;"sexta-feira";"21:34:00";"PI";343;2,7;"TERESINA";"Sim";"Convers�o proibida";1;"Colis�o transversal";"Com V�timas Feridas";"Plena Noite";"Crescente";"C�u Claro";"M�ltipla";"Reta";"Sim";1347105;"Motocicleta";"HONDA/POP 110I/POP 110I";2022;"Condutor";"Les�es Graves";25;"Masculino";0;0;1;0;-5,0566403;-42,6841326;"SPRF-PI";"DEL01-PI";"UOP01-DEL01-PI"
753715;1692060;2025-05-02;"sexta-feira";"21:34:00";"PI";343;2,7;"TERESINA";"N�o";"Aus�ncia de rea��o do condutor";2;"Queda de ocupante de ve�culo";"Com V�timas Feridas";"Plena Noite";"Crescente";"C�u Claro";"M�ltipla";"Reta";"Sim";1347106;"Autom�vel";"FIAT/ARGO 1.0/ARGO 1.0";2021;"Condutor";"Ileso";25;"Feminino";1;0;0;0;-5,0566403;-42,6841326;"SPRF-PI";"DEL01-PI";"UOP01-DEL01-PI"