"id";"pesid";"data_inversa";"dia_semana";"horario";"uf";"br";"km";"municipio";"causa_principal";"causa_acidente";"ordem_tipo_acidente";"tipo_acidente";"classificacao_acidente";"fase_dia";"sentido_via";"condicao_metereologica";"tipo_pista";"tracado_via";"uso_solo";"id_veiculo";"tipo_veiculo";"marca";"ano_fabricacao_veiculo";"tipo_envolvido";"estado_fisico";"idade";"sexo";"ilesos";"feridos_leves";"feridos_graves";"mortos";"latitude";"longitude";"regional";"delegacia";"uop"
753715;1692059;2025-05-02;"sexta-feira";"21:34:00";"PI";343;2,7;"TERESINA";"N�o";"Aus�ncia de rea��o do condutor";2;"Queda de ocupante de ve�culo";"Com V�timas Feridas";"Plena Noite";"Crescente";"C�u Claro";"M�ltipla";"Reta";"Sim";1347105;"Motocicleta";"HONDA/POP 110I/POP 110I";2022;"Condutor";"Les�es Graves";25;"Masculino";0;0;1;0;-5,0566403;-42,6841326;"SPRF-PI";"DEL01-PI";"UOP01-DEL01-PI"
753715;1692060;2025-05-02;"sexta-feira";"21:34:00";"PI";343;2,7;"TERESINA";"N�o";"Aus�ncia de rea��o do condutor";1;"Colis�o transversal";"Com V�timas Feridas";"Plena Noite";"Crescente";"C�u Claro";"M�ltipla";"Reta";"Sim";1347106;"Autom�vel";"FIAT/ARGO 1.0/ARGO 1.0";2021;"Condutor";"Ileso";25;"Feminino";1;0;0;0;-5,0566403;-42,6841326;"SPRF-PI";"DEL01-PI";"UOP01-DEL01-PI"
753715;1692059;2025-05-02;"sexta-feira";"21:34:00";"PI";343;2,7;"TERESINA";"N�o";"Aus�ncia de rea��o do condutor";1;"Colis�o transversal";"Com V�timas Feridas";"Plena Noite";"Crescente";"C�u Claro";"M�ltipla";"Reta";"Sim";1347105;"Motocicleta";"HONDA/POP 110I/POP 110I";2022;"Condutor";"Les�es Graves";25;"Masculino";0;0;1;0;-5,0566403;-42,6841326;"SPRF-PI";"DEL01-PI";"UOP01-DEL01-PI"
753715;1692060;2025-05-02;"sexta-feira";"21:34:00";"PI";343;2,7;"TERESINA";"N�o";"Acessar a via sem observar a presen�a dos outros ve�culos";2;"Queda de ocupante de ve�culo";"Com V�timas Feridas";"Plena Noite";"Crescente";"C�u Claro";"M�ltipla";"Reta";"Sim";1347106;"Autom�vel";"FIAT/ARGO 1.0/ARGO 1.0";2021;"Condutor";"Ileso";25;"Feminino";1;0;0;0;-5,0566403;-42,6841326;"SPRF-PI";"DEL01-PI";"UOP01-DEL01-PI"
753715;1692059;2025-05-02;"sexta-feira";"21:34:00";"PI";343;2,7;"TERESINA";"N�o";"Acessar a via sem observar a presen�a dos outros ve�culos";2;"Queda de ocupante de ve�culo";"Com V�timas Feridas";"Plena Noite";"Crescente";"C�u Claro";"M�ltipla";"Reta";"Sim";1347105;"Motocicleta";"HONDA/POP 110I/POP 110I";2022;"Condutor";"Les�es Graves";25;"Masculino";0;0;1;0;-5,0566403;-42,6841326;"SPRF-PI";"DEL01-PI";"UOP01-DEL01-PI"
753715;1692060;2025-05-02;"sexta-feira";"21:34:00";"PI";343;2,7;"TERESINA";"N�o";"Acessar a via sem observar a presen�a dos outros ve�culos";1;"Colis�o transversal";"Com V�timas Feridas";"Plena Noite";"Crescente";"C�u Claro";"M�ltipla";"Reta";"Sim";1347106;"Autom�vel";"FIAT/ARGO 1.0/ARGO 1.0";2021;"Condutor";"Ileso";25;"Feminino";1;0;0;0;-5,0566403;-42,6841326;"SPRF-PI";"DEL01-PI";"UOP01-DEL01-PI"
753715;1692059;2025-05-02;"sexta-feira";"21:34:00";"PI";343;2,7;"TERESINA";"N�o";"Acessar a via sem observar a presen�a dos outros ve�culos";1;"Colis�o transversal";"Com V�timas Feridas";"Plena Noite";"Crescente";"C�u Claro";"M�ltipla";"Reta";"Sim";1347105;"Motocicleta";"HONDA/POP 110I/POP 110I";2022;"Condutor";"Les�es Graves";25;"Masculino";0;0;1;0;-5,0566403;-42,6841326;"SPRF-PI";"DEL01-PI";"UOP01-DEL01-PI"
753789;1692243;2025-07-14;"segunda-feira";"17:14:00";"PI";343;2;"TERESINA";"Sim";"Manobra de mudan�a de faixa";1;"Colis�o transversal";"Com V�timas Feridas";"Pleno dia";"Decrescente";"Sol";"M�ltipla";"Reta;Rotat�ria";"Sim";1347217;"Motocicleta";"YAMAHA/MT03 ABS/MT03 ABS";2024;"Condutor";"Les�es Graves";22;"Masculino";0;0;1;0;-5,08179646;-42,76891708;"SPRF-PI";"DEL01-PI";"UOP01-DEL01-PI"
753789;1692242;2025-07-14;"segunda-feira";"17:14:00";"PI";343;2;"TERESINA";"Sim";"Manobra de mudan�a de faixa";1;"Colis�o transversal";"Com V�timas Feridas";"Pleno dia";"Decrescente";"Sol";"M�ltipla";"Reta;Rotat�ria";"Sim";1347216;"Autom�vel";"RENAULT/KWID ZEN 10MT/KWID ZEN 10MT";2021;"Condutor";"Ileso";22;"Masculino";1;0;0;0;-5,08179646;-42,76891708;"SPRF-PI";"DEL01-PI";"UOP01-DEL01-PI"
753789;1692243;2025-07-14;"segunda-feira";"17:14:00";"PI";343;2;"TERESINA";"N�o";"Aus�ncia de rea��o do condutor";1;"Colis�o transversal";"Com V�timas Feridas";"Pleno dia";"Decrescente";"Sol";"M�ltipla";"Reta;Rotat�ria";"Sim";1347217;"Motocicleta";"YAMAHA/MT03 ABS/MT03 ABS";2024;"Condutor";"Les�es Graves";22;"Masculino";0;0;1;0;-5,08179646;-42,76891708;"SPRF-PI";"DEL01-PI";"UOP01-DEL01-PI"
753789;1692242;2025-07-14;"segunda-feira";"17:14:00";"PI";343;2;"TERESINA";"N�o";"Aus�ncia de rea��o do condutor";1;"Colis�o transversal";"Com V�timas Feridas";"Pleno dia";"Decrescente";"Sol";"M�ltipla";"Reta;Rotat�ria";"Sim";1347216;"Autom�vel";"RENAULT/KWID ZEN 10MT/KWID ZEN 10MT";2021;"Condutor";"Ileso";22;"Masculino";1;0;0;0;-5,08179646;-42,76891708;"SPRF-PI";"DEL01-PI";"UOP01-DEL01-PI"
753909;1692534;2025-02-21;"sexta-feira";"20:00:00";"RJ";393;174;"TRES RIOS";"Sim";"Velocidade Incompat�vel";2;"Colis�o frontal";"Com V�timas Feridas";"Plena Noite";"Crescente";"Chuva";"Simples";"Curva";"N�o";1347424;"Autom�vel";"FIAT/PALIO FIRE ECONOMY/PALIO FIRE ECONOMY";2010;"Passageiro";"Les�es Leves";27;"Feminino";0;1;0;0;-22,13065219;-43,22027493;"SPRF-RJ";"DEL05-RJ";"UOP03-DEL05-RJ"
753909;1692536;2025-02-21;"sexta-feira";"20:00:00";"RJ";393;174;"TRES RIOS";"Sim";"Velocidade Incompat�vel";2;"Colis�o frontal";"Com V�timas Feridas";"Plena Noite";"Crescente";"Chuva";"Simples";"Curva";"N�o";1347424;"Autom�vel";"FIAT/PALIO FIRE ECONOMY/PALIO FIRE ECONOMY";2010;"Passageiro";"Les�es Leves";7;"Masculino";0;1;0;0;-22,13065219;-43,22027493;"SPRF-RJ";"DEL05-RJ";"UOP03-DEL05-RJ"
753909;1692533;2025-02-21;"sexta-feira";"20:00:00";"RJ";393;174;"TRES RIOS";"Sim";"Velocidade Incompat�vel";2;"Colis�o frontal";"Com V�timas Feridas";"Plena Noite";"Crescente";"Chuva";"Simples";"Curva";"N�o";1347424;"Autom�vel";"FIAT/PALIO FIRE ECONOMY/PALIO FIRE ECONOMY";2010;"Condutor";"Les�es Leves";29;"Masculino";0;1;0;0;-22,13065219;-43,22027493;"SPRF-RJ";"DEL05-RJ";"UOP03-DEL05-RJ"
753909;1692528;2025-02-21;"sexta-feira";"20:00:00";"RJ";393;174;"TRES RIOS";"Sim";"Velocidade Incompat�vel";2;"Colis�o frontal";"Com V�timas Feridas";"Plena Noite";"Crescente";"Chuva";"Simples";"Curva";"N�o";1347423;"Caminh�o";"VW/24.280 CRM 6X2/24.280 CRM 6X2";2022;"Condutor";"Les�es Leves";56;"Masculino";0;1;0;0;-22,13065219;-43,22027493;"SPRF-RJ";"DEL05-RJ";"UOP03-DEL05-RJ"
753909;1692534;2025-02-21;"sexta-feira";"20:00:00";"RJ";393;174;"TRES RIOS";"Sim";"Velocidade Incompat�vel";1;"Tombamento";"Com V�timas Feridas";"Plena Noite";"Crescente";"Chuva";"Simples";"Curva";"N�o";1347424;"Autom�vel";"FIAT/PALIO FIRE ECONOMY/PALIO FIRE ECONOMY";2010;"Passageiro";"Les�es Leves";27;"Feminino";0;1;0;0;-22,13065219;-43,22027493;"SPRF-RJ";"DEL05-RJ";"UOP03-DEL05-RJ"
753909;1692536;2025-02-21;"sexta-feira";"20:00:00";"RJ";393;174;"TRES RIOS";"Sim";"Velocidade Incompat�vel";1;"Tombamento";"Com V�timas Feridas";"Plena Noite";"Crescente";"Chuva";"Simples";"Curva";"N�o";1347424;"Autom�vel";"FIAT/PALIO FIRE ECONOMY/PALIO FIRE ECONOMY";2010;"Passageiro";"Les�es Leves";7;"Masculino";0;1;0;0;-22,13065219;-43,22027493;"SPRF-RJ";"DEL05-RJ";"UOP03-DEL05-RJ"
753909;1692533;2025-02-21;"sexta-feira";"20:00:00";"RJ";393;174;"TRES RIOS";"Sim";"Velocidade Incompat�vel";1;"Tombamento";"Com V�timas Feridas";"Plena Noite";"Crescente";"Chuva";"Simples";"Curva";"N�o";1347424;"Autom�vel";"FIAT/PALIO FIRE ECONOMY/PALIO FIRE ECONOMY";2010;"Condutor";"Les�es Leves";29;"Masculino";0;1;0;0;-22,13065219;-43,22027493;"SPRF-RJ";"DEL05-RJ";"UOP03-DEL05-RJ"
753909;1692528;2025-02-21;"sexta-feira";"20:00:00";"RJ";393;174;"TRES RIOS";"Sim";"Velocidade Incompat�vel";1;"Tombamento";"Com V�timas Feridas";"Plena Noite";"Crescente";"Chuva";"Simples";"Curva";"N�o";1347423;"Caminh�o";"VW/24.280 CRM 6X2/24.280 CRM 6X2";2022;"Condutor";"Les�es Leves";56;"Masculino";0;1;0;0;-22,13065219;-43,22027493;"SPRF-RJ";"DEL05-RJ";"UOP03-DEL05-RJ"
754133;1693063;2025-11-16;"domingo";"06:20:00";"MG";381;873,7;"ESTIVA";"Sim";"Velocidade Incompat�vel";2;"Capotamento";"Com V�timas Feridas";"Pleno dia";"Decrescente";"Nublado";"Dupla";"Curva;Aclive";"N�o";1347858;"Autom�vel";"FIAT/UNO MILLE FIRE FLEX/UNO MILLE FIRE FLEX";0;"Condutor";"Les�es Leves";NA;"Masculino";0;1;0;0;-22,4201674;-45,9649184;"SPRF-MG";"DEL16-MG";"UOP01-DEL16-MG"
754133;1693063;2025-11-16;"domingo";"06:20:00";"MG";381;873,7;"ESTIVA";"Sim";"Velocidade Incompat�vel";1;"Sa�da de leito carro��vel";"Com V�timas Feridas";"Pleno dia";"Decrescente";"Nublado";"Dupla";"Curva;Aclive";"N�o";1347858;"Autom�vel";"FIAT/UNO MILLE FIRE FLEX/UNO MILLE FIRE FLEX";0;"Condutor";"Les�es Leves";NA;"Masculino";0;1;0;0;-22,4201674;-45,9649184;"SPRF-MG";"DEL16-MG";"UOP01-DEL16-MG"
754252;1693368;2025-11-18;"ter�a-feira";"23:15:00";"PB";230;463;"SOUSA";"Sim";"Acessar a via sem observar a presen�a dos outros ve�culos";1;"Colis�o transversal";"Com V�timas Feridas";"Plena Noite";"Decrescente";"C�u Claro";"Simples";"Reta";"Sim";1348059;"Motocicleta";"HONDA/CG150 FAN ESDI/CG150 FAN ESDI";2013;"Condutor";"Les�es Leves";55;"Masculino";0;1;0;0;-6,7783453;-38,2369856;"SPRF-PB";"DEL03-PB";"UOP03-DEL03-PB"
754252;1693367;2025-11-18;"ter�a-feira";"23:15:00";"PB";230;463;"SOUSA";"Sim";"Acessar a via sem observar a presen�a dos outros ve�culos";1;"Colis�o transversal";"Com V�timas Feridas";"Plena Noite";"Decrescente";"C�u Claro";"Simples";"Reta";"Sim";1348058;"Motocicleta";"HONDA/CG 125 FAN KS/CG 125 FAN KS";2010;"Condutor";"Les�es Graves";29;"Feminino";0;0;1;0;-6,7783453;-38,2369856;"SPRF-PB";"DEL03-PB";"UOP03-DEL03-PB"
754266;1693407;2025-06-08;"domingo";"13:30:00";"MG";116;411;"GOVERNADOR VALADARES";"Sim";"Aus�ncia de rea��o do condutor";3;"Queda de ocupante de ve�culo";"Com V�timas Feridas";"Pleno dia";"Crescente";"C�u Claro";"Simples";"Curva";"Sim";1348086;"Motocicleta";"HONDA/NXR160 BROS ESDD/NXR160 BROS ESDD";2016;"Condutor";"Les�es Graves";NA;"Masculino";0;0;1;0;-18,86456173;-41,97408769;"SPRF-MG";"DEL06-MG";"UOP01-DEL06-MG"
754266;1693420;2025-06-08;"domingo";"13:30:00";"MG";116;411;"GOVERNADOR VALADARES";"Sim";"Aus�ncia de rea��o do condutor";3;"Queda de ocupante de ve�culo";"Com V�timas Feridas";"Pleno dia";"Crescente";"C�u Claro";"Simples";"Curva";"Sim";NA;NA;"NA/NA/NA";NA;"Testemunha";"N�o Informado";NA;"N�o Informado";0;0;0;0;-18,86456173;-41,97408769;"SPRF-MG";"DEL06-MG";"UOP01-DEL06-MG"
754266;1693407;2025-06-08;"domingo";"13:30:00";"MG";116;411;"GOVERNADOR VALADARES";"Sim";"Aus�ncia de rea��o do condutor";2;"Tombamento";"Com V�timas Feridas";"Pleno dia";"Crescente";"C�u Claro";"Simples";"Curva";"Sim";1348086;"Motocicleta";"HONDA/NXR160 BROS ESDD/NXR160 BROS ESDD";2016;"Condutor";"Les�es Graves";NA;"Masculino";0;0;1;0;-18,86456173;-41,97408769;"SPRF-MG";"DEL06-MG";"UOP01-DEL06-MG"
754266;1693420;2025-06-08;"domingo";"13:30:00";"MG";116;411;"GOVERNADOR VALADARES";"Sim";"Aus�ncia de rea��o do condutor";2;"Tombamento";"Com V�timas Feridas";"Pleno dia";"Crescente";"C�u Claro";"Simples";"Curva";"Sim";NA;NA;"NA/NA/NA";NA;"Testemunha";"N�o Informado";NA;"N�o Informado";0;0;0;0;-18,86456173;-41,97408769;"SPRF-MG";"DEL06-MG";"UOP01-DEL06-MG"
754266;1693407;2025-06-08;"domingo";"13:30:00";"MG";116;411;"GOVERNADOR VALADARES";"Sim";"Aus�ncia de rea��o do condutor";1;"Colis�o com objeto";"Com V�timas Feridas";"Pleno dia";"Crescente";"C�u Claro";"Simples";"Curva";"Sim";1348086;"Motocicleta";"HONDA/NXR160 BROS ESDD/NXR160 BROS ESDD";2016;"Condutor";"Les�es Graves";NA;"Masculino";0;0;1;0;-18,86456173;-41,97408769;"SPRF-MG";"DEL06-MG";"UOP01-DEL06-MG"
754266;1693420;2025-06-08;"domingo";"13:30:00";"MG";116;411;"GOVERNADOR VALADARES";"Sim";"Aus�ncia de rea��o do condutor";1;"Colis�o com objeto";"Com V�timas Feridas";"Pleno dia";"Crescente";"C�u Claro";"Simples";"Curva";"Sim";NA;NA;"NA/NA/NA";NA;"Testemunha";"N�o Informado";NA;"N�o Informado";0;0;0;0;-18,86456173;-41,97408769;"SPRF-MG";"DEL06-MG";"UOP01-DEL06-MG"
754268;NA;2025-12-29;"segunda-feira";"14:30:00";"PR";376;315;"ORTIGUEIRA";"N�o";"Rea��o tardia ou ineficiente do condutor";2;"Colis�o com objeto";"Sem V�timas";"Pleno dia";"Crescente";"Nublado";"Simples";"Curva";"N�o";1348090;"Semireboque";"SR/RANDONSP SRFG CG/RANDONSP SRFG CG";2009;NA;NA;NA;NA;NA;NA;NA;NA;-24,01214;-51,09233;"SPRF-PR";"DEL07-PR";"UOP02-DEL07-PR"
754268;NA;2025-12-29;"segunda-feira";"14:30:00";"PR";376;315;"ORTIGUEIRA";"N�o";"Rea��o tardia ou ineficiente do condutor";2;"Colis�o com objeto";"Sem V�timas";"Pleno dia";"Crescente";"Nublado";"Simples";"Curva";"N�o";1348089;"Semireboque";"SR/RODOTECNICA SL CI 3E/RODOTECNICA SL CI 3E";2021;NA;NA;NA;NA;NA;NA;NA;NA;-24,01214;-51,09233;"SPRF-PR";"DEL07-PR";"UOP02-DEL07-PR"
754268;1693403;2025-12-29;"segunda-feira";"14:30:00";"PR";376;315;"ORTIGUEIRA";"N�o";"Rea��o tardia ou ineficiente do condutor";2;"Colis�o com objeto";"Sem V�timas";"Pleno dia";"Crescente";"Nublado";"Simples";"Curva";"N�o";1348088;"Caminh�o-trator";"SCANIA/G 420 A4X2/G 420 A4X2";2011;"Passageiro";"Ileso";30;"Feminino";1;0;0;0;-24,01214;-51,09233;"SPRF-PR";"DEL07-PR";"UOP02-DEL07-PR"
754268;1693402;2025-12-29;"segunda-feira";"14:30:00";"PR";376;315;"ORTIGUEIRA";"N�o";"Rea��o tardia ou ineficiente do condutor";2;"Colis�o com objeto";"Sem V�timas";"Pleno dia";"Crescente";"Nublado";"Simples";"Curva";"N�o";1348088;"Caminh�o-trator";"SCANIA/G 420 A4X2/G 420 A4X2";2011;"Condutor";"Ileso";21;"Masculino";1;0;0;0;-24,01214;-51,09233;"SPRF-PR";"DEL07-PR";"UOP02-DEL07-PR"
754268;1693401;2025-12-29;"segunda-feira";"14:30:00";"PR";376;315;"ORTIGUEIRA";"N�o";"Rea��o tardia ou ineficiente do condutor";2;"Colis�o com objeto";"Sem V�timas";"Pleno dia";"Crescente";"Nublado";"Simples";"Curva";"N�o";1348087;"Caminh�o-trator";"SCANIA/R 440 A6X2/R 440 A6X2";2012;"Condutor";"Ileso";58;"Masculino";1;0;0;0;-24,01214;-51,09233;"SPRF-PR";"DEL07-PR";"UOP02-DEL07-PR"
754268;NA;2025-12-29;"segunda-feira";"14:30:00";"PR";376;315;"ORTIGUEIRA";"N�o";"Rea��o tardia ou ineficiente do condutor";1;"Colis�o frontal";"Sem V�timas";"Pleno dia";"Crescente";"Nublado";"Simples";"Curva";"N�o";1348090;"Semireboque";"SR/RANDONSP SRFG CG/RANDONSP SRFG CG";2009;NA;NA;NA;NA;NA;NA;NA;NA;-24,01214;-51,09233;"SPRF-PR";"DEL07-PR";"UOP02-DEL07-PR"
754268;NA;2025-12-29;"segunda-feira";"14:30:00";"PR";376;315;"ORTIGUEIRA";"N�o";"Rea��o tardia ou ineficiente do condutor";1;"Colis�o frontal";"Sem V�timas";"Pleno dia";"Crescente";"Nublado";"Simples";"Curva";"N�o";1348089;"Semireboque";"SR/RODOTECNICA SL CI 3E/RODOTECNICA SL CI 3E";2021;NA;NA;NA;NA;NA;NA;NA;NA;-24,01214;-51,09233;"SPRF-PR";"DEL07-PR";"UOP02-DEL07-PR"
754268;1693403;2025-12-29;"segunda-feira";"14:30:00";"PR";376;315;"ORTIGUEIRA";"N�o";"Rea��o tardia ou ineficiente do condutor";1;"Colis�o frontal";"Sem V�timas";"Pleno dia";"Crescente";"Nublado";"Simples";"Curva";"N�o";1348088;"Caminh�o-trator";"SCANIA/G 420 A4X2/G 420 A4X2";2011;"Passageiro";"Ileso";30;"Feminino";1;0;0;0;-24,01214;-51,09233;"SPRF-PR";"DEL07-PR";"UOP02-DEL07-PR"
754268;1693402;2025-12-29;"segunda-feira";"14:30:00";"PR";376;315;"ORTIGUEIRA";"N�o";"Rea��o tardia ou ineficiente do condutor";1;"Colis�o frontal";"Sem V�timas";"Pleno dia";"Crescente";"Nublado";"Simples";"Curva";"N�o";1348088;"Caminh�o-trator";"SCANIA/G 420 A4X2/G 420 A4X2";2011;"Condutor";"Ileso";21;"Masculino";1;0;0;0;-24,01214;-51,09233;"SPRF-PR";"DEL07-PR";"UOP02-DEL07-PR"
754268;1693401;2025-12-29;"segunda-feira";"14:30:00";"PR";376;315;"ORTIGUEIRA";"N�o";"Rea��o tardia ou ineficiente do condutor";1;"Colis�o frontal";"Sem V�timas";"Pleno dia";"Crescente";"Nublado";"Simples";"Curva";"N�o";1348087;"Caminh�o-trator";"SCANIA/R 440 A6X2/R 440 A6X2";2012;"Condutor";"Ileso";58;"Masculino";1;0;0;0;-24,01214;-51,09233;"SPRF-PR";"DEL07-PR";"UOP02-DEL07-PR"
754268;NA;2025-12-29;"segunda-feira";"14:30:00";"PR";376;315;"ORTIGUEIRA";"Sim";"Aus�ncia de rea��o do condutor";2;"Colis�o com objeto";"Sem V�timas";"Pleno dia";"Crescente";"Nublado";"Simples";"Curva";"N�o";1348090;"Semireboque";"SR/RANDONSP SRFG CG/RANDONSP SRFG CG";2009;NA;NA;NA;NA;NA;NA;NA;NA;-24,01214;-51,09233;"SPRF-PR";"DEL07-PR";"UOP02-DEL07-PR"
754268;NA;2025-12-29;"segunda-feira";"14:30:00";"PR";376;315;"ORTIGUEIRA";"Sim";"Aus�ncia de rea��o do condutor";2;"Colis�o com objeto";"Sem V�timas";"Pleno dia";"Crescente";"Nublado";"Simples";"Curva";"N�o";1348089;"Semireboque";"SR/RODOTECNICA SL CI 3E/RODOTECNICA SL CI 3E";2021;NA;NA;NA;NA;NA;NA;NA;NA;-24,01214;-51,09233;"SPRF-PR";"DEL07-PR";"UOP02-DEL07-PR"
754268;1693403;2025-12-29;"segunda-feira";"14:30:00";"PR";376;315;"ORTIGUEIRA";"Sim";"Aus�ncia de rea��o do condutor";2;"Colis�o com objeto";"Sem V�timas";"Pleno dia";"Crescente";"Nublado";"Simples";"Curva";"N�o";1348088;"Caminh�o-trator";"SCANIA/G 420 A4X2/G 420 A4X2";2011;"Passageiro";"Ileso";30;"Feminino";1;0;0;0;-24,01214;-51,09233;"SPRF-PR";"DEL07-PR";"UOP02-DEL07-PR"
754268;1693402;2025-12-29;"segunda-feira";"14:30:00";"PR";376;315;"ORTIGUEIRA";"Sim";"Aus�ncia de rea��o do condutor";2;"Colis�o com objeto";"Sem V�timas";"Pleno dia";"Crescente";"Nublado";"Simples";"Curva";"N�o";1348088;"Caminh�o-trator";"SCANIA/G 420 A4X2/G 420 A4X2";2011;"Condutor";"Ileso";21;"Masculino";1;0;0;0;-24,01214;-51,09233;"SPRF-PR";"DEL07-PR";"UOP02-DEL07-PR"
754268;1693401;2025-12-29;"segunda-feira";"14:30:00";"PR";376;315;"ORTIGUEIRA";"Sim";"Aus�ncia de rea��o do condutor";2;"Colis�o com objeto";"Sem V�timas";"Pleno dia";"Crescente";"Nublado";"Simples";"Curva";"N�o";1348087;"Caminh�o-trator";"SCANIA/R 440 A6X2/R 440 A6X2";2012;"Condutor";"Ileso";58;"Masculino";1;0;0;0;-24,01214;-51,09233;"SPRF-PR";"DEL07-PR";"UOP02-DEL07-PR"
754268;NA;2025-12-29;"segunda-feira";"14:30:00";"PR";376;315;"ORTIGUEIRA";"Sim";"Aus�ncia de rea��o do condutor";1;"Colis�o frontal";"Sem V�timas";"Pleno dia";"Crescente";"Nublado";"Simples";"Curva";"N�o";1348090;"Semireboque";"SR/RANDONSP SRFG CG/RANDONSP SRFG CG";2009;NA;NA;NA;NA;NA;NA;NA;NA;-24,01214;-51,09233;"SPRF-PR";"DEL07-PR";"UOP02-DEL07-PR"
754268;NA;2025-12-29;"segunda-feira";"14:30:00";"PR";376;315;"ORTIGUEIRA";"Sim";"Aus�ncia de rea��o do condutor";1;"Colis�o frontal";"Sem V�timas";"Pleno dia";"Crescente";"Nublado";"Simples";"Curva";"N�o";1348089;"Semireboque";"SR/RODOTECNICA SL CI 3E/RODOTECNICA SL CI 3E";2021;NA;NA;NA;NA;NA;NA;NA;NA;-24,01214;-51,09233;"SPRF-PR";"DEL07-PR";"UOP02-DEL07-PR"
754268;1693403;2025-12-29;"segunda-feira";"14:30:00";"PR";376;315;"ORTIGUEIRA";"Sim";"Aus�ncia de rea��o do condutor";1;"Colis�o frontal";"Sem V�timas";"Pleno dia";"Crescente";"Nublado";"Simples";"Curva";"N�o";1348088;"Caminh�o-trator";"SCANIA/G 420 A4X2/G 420 A4X2";2011;"Passageiro";"Ileso";30;"Feminino";1;0;0;0;-24,01214;-51,09233;"SPRF-PR";"DEL07-PR";"UOP02-DEL07-PR"
754268;1693402;2025-12-29;"segunda-feira";"14:30:00";"PR";376;315;"ORTIGUEIRA";"Sim";"Aus�ncia de rea��o do condutor";1;"Colis�o frontal";"Sem V�timas";"Pleno dia";"Crescente";"Nublado";"Simples";"Curva";"N�o";1348088;"Caminh�o-trator";"SCANIA/G 420 A4X2/G 420 A4X2";2011;"Condutor";"Ileso";21;"Masculino";1;0;0;0;-24,01214;-51,09233;"SPRF-PR";"DEL07-PR";"UOP02-DEL07-PR"
754268;1693401;2025-12-29;"segunda-feira";"14:30:00";"PR";376;315;"ORTIGUEIRA";"Sim";"Aus�ncia de rea��o do condutor";1;"Colis�o frontal";"Sem V�timas";"Pleno dia";"Crescente";"Nublado";"Simples";"Curva";"N�o";1348087;"Caminh�o-trator";"SCANIA/R 440 A6X2/R 440 A6X2";2012;"Condutor";"Ileso";58;"Masculino";1;0;0;0;-24,01214;-51,09233;"SPRF-PR";"DEL07-PR";"UOP02-DEL07-PR"
754402;1693804;2025-12-03;"quarta-feira";"10:00:00";"PE";101;113;"IPOJUCA";"N�o";"Manobra de mudan�a de faixa";1;"Atropelamento de Pedestre";"Sem V�timas";"Pleno dia";"Decrescente";"C�u Claro";"Dupla";"Curva";"N�o";1348363;"Caminh�o";"M.BENZ/ATEGO 1419 CL/ATEGO 1419 CL";2020;"Condutor";"Ileso";29;"Masculino";1;0;0;0;-8,3280759;-35,121615;"SPRF-PE";"DEL01-PE";"UOP03-DEL01-PE"
754402;1693803;2025-12-03;"quarta-feira";"10:00:00";"PE";101;113;"IPOJUCA";"N�o";"Manobra de mudan�a de faixa";1;"Atropelamento de Pedestre";"Sem V�timas";"Pleno dia";"Decrescente";"C�u Claro";"Dupla";"Curva";"N�o";1348362;"Caminh�o";"M.BENZ/L 1618/L 1618";1993;"Condutor";"Ileso";61;"Masculino";1;0;0;0;-8,3280759;-35,121615;"SPRF-PE";"DEL01-PE";"UOP03-DEL01-PE"
754402;1693805;2025-12-03;"quarta-feira";"10:00:00";"PE";101;113;"IPOJUCA";"N�o";"Manobra de mudan�a de faixa";1;"Atropelamento de Pedestre";"Sem V�timas";"Pleno dia";"Decrescente";"C�u Claro";"Dupla";"Curva";"N�o";NA;NA;"NA/NA/NA";NA;"Pedestre";"N�o Informado";NA;"N�o Informado";0;0;0;0;-8,3280759;-35,121615;"SPRF-PE";"DEL01-PE";"UOP03-DEL01-PE"
754402;1693804;2025-12-03;"quarta-feira";"10:00:00";"PE";101;113;"IPOJUCA";"N�o";"Estacionar ou parar em local proibido";1;"Atropelamento de Pedestre";"Sem V�timas";"Pleno dia";"Decrescente";"C�u Claro";"Dupla";"Curva";"N�o";1348363;"Caminh�o";"M.BENZ/ATEGO 1419 CL/ATEGO 1419 CL";2020;"Condutor";"Ileso";29;"Masculino";1;0;0;0;-8,3280759;-35,121615;"SPRF-PE";"DEL01-PE";"UOP03-DEL01-PE"
754402;1693803;2025-12-03;"quarta-feira";"10:00:00";"PE";101;113;"IPOJUCA";"N�o";"Estacionar ou parar em local proibido";1;"Atropelamento de Pedestre";"Sem V�timas";"Pleno dia";"Decrescente";"C�u Claro";"Dupla";"Curva";"N�o";1348362;"Caminh�o";"M.BENZ/L 1618/L 1618";1993;"Condutor";"Ileso";61;"Masculino";1;0;0;0;-8,3280759;-35,121615;"SPRF-PE";"DEL01-PE";"UOP03-DEL01-PE"
754402;1693805;2025-12-03;"quarta-feira";"10:00:00";"PE";101;113;"IPOJUCA";"N�o";"Estacionar ou parar em local proibido";1;"Atropelamento de Pedestre";"Sem V�timas";"Pleno dia";"Decrescente";"C�u Claro";"Dupla";"Curva";"N�o";NA;NA;"NA/NA/NA";NA;"Pedestre";"N�o Informado";NA;"N�o Informado";0;0;0;0;-8,3280759;-35,121615;"SPRF-PE";"DEL01-PE";"UOP03-DEL01-PE"