"id";"pesid";"data_inversa";"dia_semana";"horario";"uf";"br";"km";"municipio";"causa_principal";"causa_acidente";"ordem_tipo_acidente";"tipo_acidente";"classificacao_acidente";"fase_dia";"sentido_via";"condicao_metereologica";"tipo_pista";"tracado_via";"uso_solo";"id_veiculo";"tipo_veiculo";"marca";"ano_fabricacao_veiculo";"tipo_envolvido";"estado_fisico";"idade";"sexo";"ilesos";"feridos_leves";"feridos_graves";"mortos";"latitude";"longitude";"regional";"delegacia";"uop"
754402;1693804;2025-12-03;"quarta-feira";"10:00:00";"PE";101;113;"IPOJUCA";"Sim";"Aus�ncia de rea��o do condutor";1;"Atropelamento de Pedestre";"Sem V�timas";"Pleno dia";"Decrescente";"C�u Claro";"Dupla";"Curva";"N�o";1348363;"Caminh�o";"M.BENZ/ATEGO 1419 CL/ATEGO 1419 CL";2020;"Condutor";"Ileso";29;"Masculino";1;0;0;0;-8,3280759;-35,121615;"SPRF-PE";"DEL01-PE";"UOP03-DEL01-PE"
754402;1693803;2025-12-03;"quarta-feira";"10:00:00";"PE";101;113;"IPOJUCA";"Sim";"Aus�ncia de rea��o do condutor";1;"Atropelamento de Pedestre";"Sem V�timas";"Pleno dia";"Decrescente";"C�u Claro";"Dupla";"Curva";"N�o";1348362;"Caminh�o";"M.BENZ/L 1618/L 1618";1993;"Condutor";"Ileso";61;"Masculino";1;0;0;0;-8,3280759;-35,121615;"SPRF-PE";"DEL01-PE";"UOP03-DEL01-PE"
754402;1693805;2025-12-03;"quarta-feira";"10:00:00";"PE";101;113;"IPOJUCA";"Sim";"Aus�ncia de rea��o do condutor";1;"Atropelamento de Pedestre";"Sem V�timas";"Pleno dia";"Decrescente";"C�u Claro";"Dupla";"Curva";"N�o";NA;NA;"NA/NA/NA";NA;"Pedestre";"N�o Informado";NA;"N�o Informado";0;0;0;0;-8,3280759;-35,121615;"SPRF-PE";"DEL01-PE";"UOP03-DEL01-PE"
754413;NA;2025-10-17;"sexta-feira";"21:00:00";"ES";101;35,4;"CONCEICAO DA BARRA";"N�o";"Rea��o tardia ou ineficiente do condutor";1;"Colis�o transversal";"Com V�timas Feridas";"Plena Noite";"Decrescente";"C�u Claro";"Simples";"Interse��o de Vias";"N�o";1348414;"Semireboque";"SR/MANOS TTORAS 3E/MANOS TTORAS 3E";2024;NA;NA;NA;NA;NA;NA;NA;NA;-18,45926122;-39,93004058;"SPRF-ES";"DEL04-ES";"UOP02-DEL04-ES"
754413;NA;2025-10-17;"sexta-feira";"21:00:00";"ES";101;35,4;"CONCEICAO DA BARRA";"N�o";"Rea��o tardia ou ineficiente do condutor";1;"Colis�o transversal";"Com V�timas Feridas";"Plena Noite";"Decrescente";"C�u Claro";"Simples";"Interse��o de Vias";"N�o";1348413;"Semireboque";"SR/MANOS TTORAS 3E/MANOS TTORAS 3E";2024;NA;NA;NA;NA;NA;NA;NA;NA;-18,45926122;-39,93004058;"SPRF-ES";"DEL04-ES";"UOP02-DEL04-ES"
754413;1693849;2025-10-17;"sexta-feira";"21:00:00";"ES";101;35,4;"CONCEICAO DA BARRA";"N�o";"Rea��o tardia ou ineficiente do condutor";1;"Colis�o transversal";"Com V�timas Feridas";"Plena Noite";"Decrescente";"C�u Claro";"Simples";"Interse��o de Vias";"N�o";1348412;"Autom�vel";"HYUNDAI/CRETA 20A PRESTI/CRETA 20A PRESTI";2018;"Condutor";"Les�es Graves";65;"Masculino";0;0;1;0;-18,45926122;-39,93004058;"SPRF-ES";"DEL04-ES";"UOP02-DEL04-ES"
754413;1693848;2025-10-17;"sexta-feira";"21:00:00";"ES";101;35,4;"CONCEICAO DA BARRA";"N�o";"Rea��o tardia ou ineficiente do condutor";1;"Colis�o transversal";"Com V�timas Feridas";"Plena Noite";"Decrescente";"C�u Claro";"Simples";"Interse��o de Vias";"N�o";1348411;"Caminh�o-trator";"VOLVO/FH 540 6X4T/FH 540 6X4T";2024;"Condutor";"Ileso";39;"Masculino";1;0;0;0;-18,45926122;-39,93004058;"SPRF-ES";"DEL04-ES";"UOP02-DEL04-ES"
754413;NA;2025-10-17;"sexta-feira";"21:00:00";"ES";101;35,4;"CONCEICAO DA BARRA";"N�o";"Demais falhas na via";1;"Colis�o transversal";"Com V�timas Feridas";"Plena Noite";"Decrescente";"C�u Claro";"Simples";"Interse��o de Vias";"N�o";1348414;"Semireboque";"SR/MANOS TTORAS 3E/MANOS TTORAS 3E";2024;NA;NA;NA;NA;NA;NA;NA;NA;-18,45926122;-39,93004058;"SPRF-ES";"DEL04-ES";"UOP02-DEL04-ES"
754413;NA;2025-10-17;"sexta-feira";"21:00:00";"ES";101;35,4;"CONCEICAO DA BARRA";"N�o";"Demais falhas na via";1;"Colis�o transversal";"Com V�timas Feridas";"Plena Noite";"Decrescente";"C�u Claro";"Simples";"Interse��o de Vias";"N�o";1348413;"Semireboque";"SR/MANOS TTORAS 3E/MANOS TTORAS 3E";2024;NA;NA;NA;NA;NA;NA;NA;NA;-18,45926122;-39,93004058;"SPRF-ES";"DEL04-ES";"UOP02-DEL04-ES"
754413;1693849;2025-10-17;"sexta-feira";"21:00:00";"ES";101;35,4;"CONCEICAO DA BARRA";"N�o";"Demais falhas na via";1;"Colis�o transversal";"Com V�timas Feridas";"Plena Noite";"Decrescente";"C�u Claro";"Simples";"Interse��o de Vias";"N�o";1348412;"Autom�vel";"HYUNDAI/CRETA 20A PRESTI/CRETA 20A PRESTI";2018;"Condutor";"Les�es Graves";65;"Masculino";0;0;1;0;-18,45926122;-39,93004058;"SPRF-ES";"DEL04-ES";"UOP02-DEL04-ES"
754413;1693848;2025-10-17;"sexta-feira";"21:00:00";"ES";101;35,4;"CONCEICAO DA BARRA";"N�o";"Demais falhas na via";1;"Colis�o transversal";"Com V�timas Feridas";"Plena Noite";"Decrescente";"C�u Claro";"Simples";"Interse��o de Vias";"N�o";1348411;"Caminh�o-trator";"VOLVO/FH 540 6X4T/FH 540 6X4T";2024;"Condutor";"Ileso";39;"Masculino";1;0;0;0;-18,45926122;-39,93004058;"SPRF-ES";"DEL04-ES";"UOP02-DEL04-ES"
754413;NA;2025-10-17;"sexta-feira";"21:00:00";"ES";101;35,4;"CONCEICAO DA BARRA";"N�o";"Aus�ncia de sinaliza��o";1;"Colis�o transversal";"Com V�timas Feridas";"Plena Noite";"Decrescente";"C�u Claro";"Simples";"Interse��o de Vias";"N�o";1348414;"Semireboque";"SR/MANOS TTORAS 3E/MANOS TTORAS 3E";2024;NA;NA;NA;NA;NA;NA;NA;NA;-18,45926122;-39,93004058;"SPRF-ES";"DEL04-ES";"UOP02-DEL04-ES"
754413;NA;2025-10-17;"sexta-feira";"21:00:00";"ES";101;35,4;"CONCEICAO DA BARRA";"N�o";"Aus�ncia de sinaliza��o";1;"Colis�o transversal";"Com V�timas Feridas";"Plena Noite";"Decrescente";"C�u Claro";"Simples";"Interse��o de Vias";"N�o";1348413;"Semireboque";"SR/MANOS TTORAS 3E/MANOS TTORAS 3E";2024;NA;NA;NA;NA;NA;NA;NA;NA;-18,45926122;-39,93004058;"SPRF-ES";"DEL04-ES";"UOP02-DEL04-ES"
754413;1693849;2025-10-17;"sexta-feira";"21:00:00";"ES";101;35,4;"CONCEICAO DA BARRA";"N�o";"Aus�ncia de sinaliza��o";1;"Colis�o transversal";"Com V�timas Feridas";"Plena Noite";"Decrescente";"C�u Claro";"Simples";"Interse��o de Vias";"N�o";1348412;"Autom�vel";"HYUNDAI/CRETA 20A PRESTI/CRETA 20A PRESTI";2018;"Condutor";"Les�es Graves";65;"Masculino";0;0;1;0;-18,45926122;-39,93004058;"SPRF-ES";"DEL04-ES";"UOP02-DEL04-ES"
754413;1693848;2025-10-17;"sexta-feira";"21:00:00";"ES";101;35,4;"CONCEICAO DA BARRA";"N�o";"Aus�ncia de sinaliza��o";1;"Colis�o transversal";"Com V�timas Feridas";"Plena Noite";"Decrescente";"C�u Claro";"Simples";"Interse��o de Vias";"N�o";1348411;"Caminh�o-trator";"VOLVO/FH 540 6X4T/FH 540 6X4T";2024;"Condutor";"Ileso";39;"Masculino";1;0;0;0;-18,45926122;-39,93004058;"SPRF-ES";"DEL04-ES";"UOP02-DEL04-ES"
754413;NA;2025-10-17;"sexta-feira";"21:00:00";"ES";101;35,4;"CONCEICAO DA BARRA";"Sim";"Acessar a via sem observar a presen�a dos outros ve�culos";1;"Colis�o transversal";"Com V�timas Feridas";"Plena Noite";"Decrescente";"C�u Claro";"Simples";"Interse��o de Vias";"N�o";1348414;"Semireboque";"SR/MANOS TTORAS 3E/MANOS TTORAS 3E";2024;NA;NA;NA;NA;NA;NA;NA;NA;-18,45926122;-39,93004058;"SPRF-ES";"DEL04-ES";"UOP02-DEL04-ES"
754413;NA;2025-10-17;"sexta-feira";"21:00:00";"ES";101;35,4;"CONCEICAO DA BARRA";"Sim";"Acessar a via sem observar a presen�a dos outros ve�culos";1;"Colis�o transversal";"Com V�timas Feridas";"Plena Noite";"Decrescente";"C�u Claro";"Simples";"Interse��o de Vias";"N�o";1348413;"Semireboque";"SR/MANOS TTORAS 3E/MANOS TTORAS 3E";2024;NA;NA;NA;NA;NA;NA;NA;NA;-18,45926122;-39,93004058;"SPRF-ES";"DEL04-ES";"UOP02-DEL04-ES"
754413;1693849;2025-10-17;"sexta-feira";"21:00:00";"ES";101;35,4;"CONCEICAO DA BARRA";"Sim";"Acessar a via sem observar a presen�a dos outros ve�culos";1;"Colis�o transversal";"Com V�timas Feridas";"Plena Noite";"Decrescente";"C�u Claro";"Simples";"Interse��o de Vias";"N�o";1348412;"Autom�vel";"HYUNDAI/CRETA 20A PRESTI/CRETA 20A PRESTI";2018;"Condutor";"Les�es Graves";65;"Masculino";0;0;1;0;-18,45926122;-39,93004058;"SPRF-ES";"DEL04-ES";"UOP02-DEL04-ES"
754413;1693848;2025-10-17;"sexta-feira";"21:00:00";"ES";101;35,4;"CONCEICAO DA BARRA";"Sim";"Acessar a via sem observar a presen�a dos outros ve�culos";1;"Colis�o transversal";"Com V�timas Feridas";"Plena Noite";"Decrescente";"C�u Claro";"Simples";"Interse��o de Vias";"N�o";1348411;"Caminh�o-trator";"VOLVO/FH 540 6X4T/FH 540 6X4T";2024;"Condutor";"Ileso";39;"Masculino";1;0;0;0;-18,45926122;-39,93004058;"SPRF-ES";"DEL04-ES";"UOP02-DEL04-ES"
754420;1693856;2025-11-07;"sexta-feira";"20:40:00";"PE";408;95;"RECIFE";"Sim";"Acessar a via sem observar a presen�a dos outros ve�culos";1;"Colis�o lateral mesmo sentido";"Com V�timas Feridas";"Plena Noite";"Decrescente";"C�u Claro";"Dupla";"Reta";"N�o";1348423;"Autom�vel";"RENAULT/MEGANESD DYN 16/MEGANESD DYN 16";2009;"Condutor";"Ileso";53;"Masculino";1;0;0;0;-8,05643;-34,99693;"SPRF-PE";"DEL01-PE";"UOP01-DEL01-PE"
754420;1693855;2025-11-07;"sexta-feira";"20:40:00";"PE";408;95;"RECIFE";"Sim";"Acessar a via sem observar a presen�a dos outros ve�culos";1;"Colis�o lateral mesmo sentido";"Com V�timas Feridas";"Plena Noite";"Decrescente";"C�u Claro";"Dupla";"Reta";"N�o";1348422;"Carro�a-charrete";"N�o Informado/N�o Informado/N�o Informado";0;"Passageiro";"Les�es Leves";NA;"Masculino";0;1;0;0;-8,05643;-34,99693;"SPRF-PE";"DEL01-PE";"UOP01-DEL01-PE"
754420;1693854;2025-11-07;"sexta-feira";"20:40:00";"PE";408;95;"RECIFE";"Sim";"Acessar a via sem observar a presen�a dos outros ve�culos";1;"Colis�o lateral mesmo sentido";"Com V�timas Feridas";"Plena Noite";"Decrescente";"C�u Claro";"Dupla";"Reta";"N�o";1348422;"Carro�a-charrete";"N�o Informado/N�o Informado/N�o Informado";0;"Condutor";"Les�es Leves";NA;"Masculino";0;1;0;0;-8,05643;-34,99693;"SPRF-PE";"DEL01-PE";"UOP01-DEL01-PE"
754427;NA;2025-11-09;"domingo";"06:40:00";"SP";116;146,4;"SAO JOSE DOS CAMPOS";"Sim";"Condutor deixou de manter dist�ncia do ve�culo da frente";3;"Capotamento";"Com V�timas Feridas";"Pleno dia";"Decrescente";"C�u Claro";"Dupla";"Reta;Declive";"N�o";1348437;"Semireboque";"SR/WM PRANCHA 3E/WM PRANCHA 3E";2023;NA;NA;NA;NA;NA;NA;NA;NA;-23,19598082;-45,87253332;"SPRF-SP";"DEL02-SP";"UOP01-DEL02-SP"
754427;1693872;2025-11-09;"domingo";"06:40:00";"SP";116;146,4;"SAO JOSE DOS CAMPOS";"Sim";"Condutor deixou de manter dist�ncia do ve�culo da frente";3;"Capotamento";"Com V�timas Feridas";"Pleno dia";"Decrescente";"C�u Claro";"Dupla";"Reta;Declive";"N�o";1348436;"Autom�vel";"GM/ASTRA HATCH 5P/ASTRA HATCH 5P";2004;"Condutor";"Les�es Leves";45;"Masculino";0;1;0;0;-23,19598082;-45,87253332;"SPRF-SP";"DEL02-SP";"UOP01-DEL02-SP"
754427;1693871;2025-11-09;"domingo";"06:40:00";"SP";116;146,4;"SAO JOSE DOS CAMPOS";"Sim";"Condutor deixou de manter dist�ncia do ve�culo da frente";3;"Capotamento";"Com V�timas Feridas";"Pleno dia";"Decrescente";"C�u Claro";"Dupla";"Reta;Declive";"N�o";1348435;"Caminh�o-trator";"VOLVO/FH 440 6X4T/FH 440 6X4T";2011;"Condutor";"Ileso";48;"Masculino";1;0;0;0;-23,19598082;-45,87253332;"SPRF-SP";"DEL02-SP";"UOP01-DEL02-SP"
754427;1693870;2025-11-09;"domingo";"06:40:00";"SP";116;146,4;"SAO JOSE DOS CAMPOS";"Sim";"Condutor deixou de manter dist�ncia do ve�culo da frente";3;"Capotamento";"Com V�timas Feridas";"Pleno dia";"Decrescente";"C�u Claro";"Dupla";"Reta;Declive";"N�o";1348434;"Autom�vel";"I/CITROEN C4 PALLAS20EAF/CITROEN C4 PALLAS20EAF";2011;"Passageiro";"Les�es Leves";20;"Feminino";0;1;0;0;-23,19598082;-45,87253332;"SPRF-SP";"DEL02-SP";"UOP01-DEL02-SP"
754427;1693869;2025-11-09;"domingo";"06:40:00";"SP";116;146,4;"SAO JOSE DOS CAMPOS";"Sim";"Condutor deixou de manter dist�ncia do ve�culo da frente";3;"Capotamento";"Com V�timas Feridas";"Pleno dia";"Decrescente";"C�u Claro";"Dupla";"Reta;Declive";"N�o";1348434;"Autom�vel";"I/CITROEN C4 PALLAS20EAF/CITROEN C4 PALLAS20EAF";2011;"Passageiro";"Les�es Leves";18;"Feminino";0;1;0;0;-23,19598082;-45,87253332;"SPRF-SP";"DEL02-SP";"UOP01-DEL02-SP"
754427;1693868;2025-11-09;"domingo";"06:40:00";"SP";116;146,4;"SAO JOSE DOS CAMPOS";"Sim";"Condutor deixou de manter dist�ncia do ve�culo da frente";3;"Capotamento";"Com V�timas Feridas";"Pleno dia";"Decrescente";"C�u Claro";"Dupla";"Reta;Declive";"N�o";1348434;"Autom�vel";"I/CITROEN C4 PALLAS20EAF/CITROEN C4 PALLAS20EAF";2011;"Condutor";"N�o Informado";NA;"N�o Informado";0;0;0;0;-23,19598082;-45,87253332;"SPRF-SP";"DEL02-SP";"UOP01-DEL02-SP"
754427;NA;2025-11-09;"domingo";"06:40:00";"SP";116;146,4;"SAO JOSE DOS CAMPOS";"Sim";"Condutor deixou de manter dist�ncia do ve�culo da frente";2;"Colis�o com objeto";"Com V�timas Feridas";"Pleno dia";"Decrescente";"C�u Claro";"Dupla";"Reta;Declive";"N�o";1348437;"Semireboque";"SR/WM PRANCHA 3E/WM PRANCHA 3E";2023;NA;NA;NA;NA;NA;NA;NA;NA;-23,19598082;-45,87253332;"SPRF-SP";"DEL02-SP";"UOP01-DEL02-SP"
754427;1693872;2025-11-09;"domingo";"06:40:00";"SP";116;146,4;"SAO JOSE DOS CAMPOS";"Sim";"Condutor deixou de manter dist�ncia do ve�culo da frente";2;"Colis�o com objeto";"Com V�timas Feridas";"Pleno dia";"Decrescente";"C�u Claro";"Dupla";"Reta;Declive";"N�o";1348436;"Autom�vel";"GM/ASTRA HATCH 5P/ASTRA HATCH 5P";2004;"Condutor";"Les�es Leves";45;"Masculino";0;1;0;0;-23,19598082;-45,87253332;"SPRF-SP";"DEL02-SP";"UOP01-DEL02-SP"
754427;1693871;2025-11-09;"domingo";"06:40:00";"SP";116;146,4;"SAO JOSE DOS CAMPOS";"Sim";"Condutor deixou de manter dist�ncia do ve�culo da frente";2;"Colis�o com objeto";"Com V�timas Feridas";"Pleno dia";"Decrescente";"C�u Claro";"Dupla";"Reta;Declive";"N�o";1348435;"Caminh�o-trator";"VOLVO/FH 440 6X4T/FH 440 6X4T";2011;"Condutor";"Ileso";48;"Masculino";1;0;0;0;-23,19598082;-45,87253332;"SPRF-SP";"DEL02-SP";"UOP01-DEL02-SP"
754427;1693870;2025-11-09;"domingo";"06:40:00";"SP";116;146,4;"SAO JOSE DOS CAMPOS";"Sim";"Condutor deixou de manter dist�ncia do ve�culo da frente";2;"Colis�o com objeto";"Com V�timas Feridas";"Pleno dia";"Decrescente";"C�u Claro";"Dupla";"Reta;Declive";"N�o";1348434;"Autom�vel";"I/CITROEN C4 PALLAS20EAF/CITROEN C4 PALLAS20EAF";2011;"Passageiro";"Les�es Leves";20;"Feminino";0;1;0;0;-23,19598082;-45,87253332;"SPRF-SP";"DEL02-SP";"UOP01-DEL02-SP"
754427;1693869;2025-11-09;"domingo";"06:40:00";"SP";116;146,4;"SAO JOSE DOS CAMPOS";"Sim";"Condutor deixou de manter dist�ncia do ve�culo da frente";2;"Colis�o com objeto";"Com V�timas Feridas";"Pleno dia";"Decrescente";"C�u Claro";"Dupla";"Reta;Declive";"N�o";1348434;"Autom�vel";"I/CITROEN C4 PALLAS20EAF/CITROEN C4 PALLAS20EAF";2011;"Passageiro";"Les�es Leves";18;"Feminino";0;1;0;0;-23,19598082;-45,87253332;"SPRF-SP";"DEL02-SP";"UOP01-DEL02-SP"
754427;1693868;2025-11-09;"domingo";"06:40:00";"SP";116;146,4;"SAO JOSE DOS CAMPOS";"Sim";"Condutor deixou de manter dist�ncia do ve�culo da frente";2;"Colis�o com objeto";"Com V�timas Feridas";"Pleno dia";"Decrescente";"C�u Claro";"Dupla";"Reta;Declive";"N�o";1348434;"Autom�vel";"I/CITROEN C4 PALLAS20EAF/CITROEN C4 PALLAS20EAF";2011;"Condutor";"N�o Informado";NA;"N�o Informado";0;0;0;0;-23,19598082;-45,87253332;"SPRF-SP";"DEL02-SP";"UOP01-DEL02-SP"
754427;NA;2025-11-09;"domingo";"06:40:00";"SP";116;146,4;"SAO JOSE DOS CAMPOS";"Sim";"Condutor deixou de manter dist�ncia do ve�culo da frente";1;"Colis�o transversal";"Com V�timas Feridas";"Pleno dia";"Decrescente";"C�u Claro";"Dupla";"Reta;Declive";"N�o";1348437;"Semireboque";"SR/WM PRANCHA 3E/WM PRANCHA 3E";2023;NA;NA;NA;NA;NA;NA;NA;NA;-23,19598082;-45,87253332;"SPRF-SP";"DEL02-SP";"UOP01-DEL02-SP"
754427;1693872;2025-11-09;"domingo";"06:40:00";"SP";116;146,4;"SAO JOSE DOS CAMPOS";"Sim";"Condutor deixou de manter dist�ncia do ve�culo da frente";1;"Colis�o transversal";"Com V�timas Feridas";"Pleno dia";"Decrescente";"C�u Claro";"Dupla";"Reta;Declive";"N�o";1348436;"Autom�vel";"GM/ASTRA HATCH 5P/ASTRA HATCH 5P";2004;"Condutor";"Les�es Leves";45;"Masculino";0;1;0;0;-23,19598082;-45,87253332;"SPRF-SP";"DEL02-SP";"UOP01-DEL02-SP"
754427;1693871;2025-11-09;"domingo";"06:40:00";"SP";116;146,4;"SAO JOSE DOS CAMPOS";"Sim";"Condutor deixou de manter dist�ncia do ve�culo da frente";1;"Colis�o transversal";"Com V�timas Feridas";"Pleno dia";"Decrescente";"C�u Claro";"Dupla";"Reta;Declive";"N�o";1348435;"Caminh�o-trator";"VOLVO/FH 440 6X4T/FH 440 6X4T";2011;"Condutor";"Ileso";48;"Masculino";1;0;0;0;-23,19598082;-45,87253332;"SPRF-SP";"DEL02-SP";"UOP01-DEL02-SP"
754427;1693870;2025-11-09;"domingo";"06:40:00";"SP";116;146,4;"SAO JOSE DOS CAMPOS";"Sim";"Condutor deixou de manter dist�ncia do ve�culo da frente";1;"Colis�o transversal";"Com V�timas Feridas";"Pleno dia";"Decrescente";"C�u Claro";"Dupla";"Reta;Declive";"N�o";1348434;"Autom�vel";"I/CITROEN C4 PALLAS20EAF/CITROEN C4 PALLAS20EAF";2011;"Passageiro";"Les�es Leves";20;"Feminino";0;1;0;0;-23,19598082;-45,87253332;"SPRF-SP";"DEL02-SP";"UOP01-DEL02-SP"
754427;1693869;2025-11-09;"domingo";"06:40:00";"SP";116;146,4;"SAO JOSE DOS CAMPOS";"Sim";"Condutor deixou de manter dist�ncia do ve�culo da frente";1;"Colis�o transversal";"Com V�timas Feridas";"Pleno dia";"Decrescente";"C�u Claro";"Dupla";"Reta;Declive";"N�o";1348434;"Autom�vel";"I/CITROEN C4 PALLAS20EAF/CITROEN C4 PALLAS20EAF";2011;"Passageiro";"Les�es Leves";18;"Feminino";0;1;0;0;-23,19598082;-45,87253332;"SPRF-SP";"DEL02-SP";"UOP01-DEL02-SP"
754427;1693868;2025-11-09;"domingo";"06:40:00";"SP";116;146,4;"SAO JOSE DOS CAMPOS";"Sim";"Condutor deixou de manter dist�ncia do ve�culo da frente";1;"Colis�o transversal";"Com V�timas Feridas";"Pleno dia";"Decrescente";"C�u Claro";"Dupla";"Reta;Declive";"N�o";1348434;"Autom�vel";"I/CITROEN C4 PALLAS20EAF/CITROEN C4 PALLAS20EAF";2011;"Condutor";"N�o Informado";NA;"N�o Informado";0;0;0;0;-23,19598082;-45,87253332;"SPRF-SP";"DEL02-SP";"UOP01-DEL02-SP"
754448;1693929;2025-12-26;"sexta-feira";"06:10:00";"MG";262;188;"SAO DOMINGOS DO PRATA";"N�o";"Aus�ncia de rea��o do condutor";4;"Sa�da de leito carro��vel";"Com V�timas Feridas";"Pleno dia";"Crescente";"C�u Claro";"Simples";"Curva";"N�o";1348501;"Caminh�o";"VW/24.260 CRM 6X2/24.260 CRM 6X2";2021;"Condutor";"Les�es Leves";32;"Masculino";0;1;0;0;-19,88251684;-43,04803848;"SPRF-MG";"DEL03-MG";"UOP01-DEL03-MG"
754448;1693931;2025-12-26;"sexta-feira";"06:10:00";"MG";262;188;"SAO DOMINGOS DO PRATA";"N�o";"Aus�ncia de rea��o do condutor";4;"Sa�da de leito carro��vel";"Com V�timas Feridas";"Pleno dia";"Crescente";"C�u Claro";"Simples";"Curva";"N�o";1348500;"Autom�vel";"FIAT/PALIO ED/PALIO ED";1997;"Passageiro";"Les�es Leves";69;"Masculino";0;1;0;0;-19,88251684;-43,04803848;"SPRF-MG";"DEL03-MG";"UOP01-DEL03-MG"
754448;1693930;2025-12-26;"sexta-feira";"06:10:00";"MG";262;188;"SAO DOMINGOS DO PRATA";"N�o";"Aus�ncia de rea��o do condutor";4;"Sa�da de leito carro��vel";"Com V�timas Feridas";"Pleno dia";"Crescente";"C�u Claro";"Simples";"Curva";"N�o";1348500;"Autom�vel";"FIAT/PALIO ED/PALIO ED";1997;"Passageiro";"Les�es Leves";59;"Feminino";0;1;0;0;-19,88251684;-43,04803848;"SPRF-MG";"DEL03-MG";"UOP01-DEL03-MG"
754448;1693928;2025-12-26;"sexta-feira";"06:10:00";"MG";262;188;"SAO DOMINGOS DO PRATA";"N�o";"Aus�ncia de rea��o do condutor";4;"Sa�da de leito carro��vel";"Com V�timas Feridas";"Pleno dia";"Crescente";"C�u Claro";"Simples";"Curva";"N�o";1348500;"Autom�vel";"FIAT/PALIO ED/PALIO ED";1997;"Condutor";"Ileso";41;"Masculino";1;0;0;0;-19,88251684;-43,04803848;"SPRF-MG";"DEL03-MG";"UOP01-DEL03-MG"
754448;1693933;2025-12-26;"sexta-feira";"06:10:00";"MG";262;188;"SAO DOMINGOS DO PRATA";"N�o";"Aus�ncia de rea��o do condutor";4;"Sa�da de leito carro��vel";"Com V�timas Feridas";"Pleno dia";"Crescente";"C�u Claro";"Simples";"Curva";"N�o";1348499;"Autom�vel";"VW/NOVO FOX CL MB/NOVO FOX CL MB";2014;"Passageiro";"Ileso";11;"Masculino";1;0;0;0;-19,88251684;-43,04803848;"SPRF-MG";"DEL03-MG";"UOP01-DEL03-MG"
754448;1693932;2025-12-26;"sexta-feira";"06:10:00";"MG";262;188;"SAO DOMINGOS DO PRATA";"N�o";"Aus�ncia de rea��o do condutor";4;"Sa�da de leito carro��vel";"Com V�timas Feridas";"Pleno dia";"Crescente";"C�u Claro";"Simples";"Curva";"N�o";1348499;"Autom�vel";"VW/NOVO FOX CL MB/NOVO FOX CL MB";2014;"Passageiro";"Ileso";23;"Feminino";1;0;0;0;-19,88251684;-43,04803848;"SPRF-MG";"DEL03-MG";"UOP01-DEL03-MG"
754448;1693927;2025-12-26;"sexta-feira";"06:10:00";"MG";262;188;"SAO DOMINGOS DO PRATA";"N�o";"Aus�ncia de rea��o do condutor";4;"Sa�da de leito carro��vel";"Com V�timas Feridas";"Pleno dia";"Crescente";"C�u Claro";"Simples";"Curva";"N�o";1348499;"Autom�vel";"VW/NOVO FOX CL MB/NOVO FOX CL MB";2014;"Condutor";"Ileso";50;"Masculino";1;0;0;0;-19,88251684;-43,04803848;"SPRF-MG";"DEL03-MG";"UOP01-DEL03-MG"
754448;1693926;2025-12-26;"sexta-feira";"06:10:00";"MG";262;188;"SAO DOMINGOS DO PRATA";"N�o";"Aus�ncia de rea��o do condutor";4;"Sa�da de leito carro��vel";"Com V�timas Feridas";"Pleno dia";"Crescente";"C�u Claro";"Simples";"Curva";"N�o";1348498;"Caminhonete";"I/TOYOTA HILUX CD4X4 SRV/TOYOTA HILUX CD4X4 SRV";2013;"Condutor";"Les�es Graves";58;"Masculino";0;0;1;0;-19,88251684;-43,04803848;"SPRF-MG";"DEL03-MG";"UOP01-DEL03-MG"
754448;1693929;2025-12-26;"sexta-feira";"06:10:00";"MG";262;188;"SAO DOMINGOS DO PRATA";"N�o";"Aus�ncia de rea��o do condutor";3;"Colis�o frontal";"Com V�timas Feridas";"Pleno dia";"Crescente";"C�u Claro";"Simples";"Curva";"N�o";1348501;"Caminh�o";"VW/24.260 CRM 6X2/24.260 CRM 6X2";2021;"Condutor";"Les�es Leves";32;"Masculino";0;1;0;0;-19,88251684;-43,04803848;"SPRF-MG";"DEL03-MG";"UOP01-DEL03-MG"
754448;1693931;2025-12-26;"sexta-feira";"06:10:00";"MG";262;188;"SAO DOMINGOS DO PRATA";"N�o";"Aus�ncia de rea��o do condutor";3;"Colis�o frontal";"Com V�timas Feridas";"Pleno dia";"Crescente";"C�u Claro";"Simples";"Curva";"N�o";1348500;"Autom�vel";"FIAT/PALIO ED/PALIO ED";1997;"Passageiro";"Les�es Leves";69;"Masculino";0;1;0;0;-19,88251684;-43,04803848;"SPRF-MG";"DEL03-MG";"UOP01-DEL03-MG"
754448;1693930;2025-12-26;"sexta-feira";"06:10:00";"MG";262;188;"SAO DOMINGOS DO PRATA";"N�o";"Aus�ncia de rea��o do condutor";3;"Colis�o frontal";"Com V�timas Feridas";"Pleno dia";"Crescente";"C�u Claro";"Simples";"Curva";"N�o";1348500;"Autom�vel";"FIAT/PALIO ED/PALIO ED";1997;"Passageiro";"Les�es Leves";59;"Feminino";0;1;0;0;-19,88251684;-43,04803848;"SPRF-MG";"DEL03-MG";"UOP01-DEL03-MG"