"id";"pesid";"data_inversa";"dia_semana";"horario";"uf";"br";"km";"municipio";"causa_principal";"causa_acidente";"ordem_tipo_acidente";"tipo_acidente";"classificacao_acidente";"fase_dia";"sentido_via";"condicao_metereologica";"tipo_pista";"tracado_via";"uso_solo";"id_veiculo";"tipo_veiculo";"marca";"ano_fabricacao_veiculo";"tipo_envolvido";"estado_fisico";"idade";"sexo";"ilesos";"feridos_leves";"feridos_graves";"mortos";"latitude";"longitude";"regional";"delegacia";"uop"
754448;1693928;2025-12-26;"sexta-feira";"06:10:00";"MG";262;188;"SAO DOMINGOS DO PRATA";"N�o";"Aus�ncia de rea��o do condutor";3;"Colis�o frontal";"Com V�timas Feridas";"Pleno dia";"Crescente";"C�u Claro";"Simples";"Curva";"N�o";1348500;"Autom�vel";"FIAT/PALIO ED/PALIO ED";1997;"Condutor";"Ileso";41;"Masculino";1;0;0;0;-19,88251684;-43,04803848;"SPRF-MG";"DEL03-MG";"UOP01-DEL03-MG"
754448;1693933;2025-12-26;"sexta-feira";"06:10:00";"MG";262;188;"SAO DOMINGOS DO PRATA";"N�o";"Aus�ncia de rea��o do condutor";3;"Colis�o frontal";"Com V�timas Feridas";"Pleno dia";"Crescente";"C�u Claro";"Simples";"Curva";"N�o";1348499;"Autom�vel";"VW/NOVO FOX CL MB/NOVO FOX CL MB";2014;"Passageiro";"Ileso";11;"Masculino";1;0;0;0;-19,88251684;-43,04803848;"SPRF-MG";"DEL03-MG";"UOP01-DEL03-MG"
754448;1693932;2025-12-26;"sexta-feira";"06:10:00";"MG";262;188;"SAO DOMINGOS DO PRATA";"N�o";"Aus�ncia de rea��o do condutor";3;"Colis�o frontal";"Com V�timas Feridas";"Pleno dia";"Crescente";"C�u Claro";"Simples";"Curva";"N�o";1348499;"Autom�vel";"VW/NOVO FOX CL MB/NOVO FOX CL MB";2014;"Passageiro";"Ileso";23;"Feminino";1;0;0;0;-19,88251684;-43,04803848;"SPRF-MG";"DEL03-MG";"UOP01-DEL03-MG"
754448;1693927;2025-12-26;"sexta-feira";"06:10:00";"MG";262;188;"SAO DOMINGOS DO PRATA";"N�o";"Aus�ncia de rea��o do condutor";3;"Colis�o frontal";"Com V�timas Feridas";"Pleno dia";"Crescente";"C�u Claro";"Simples";"Curva";"N�o";1348499;"Autom�vel";"VW/NOVO FOX CL MB/NOVO FOX CL MB";2014;"Condutor";"Ileso";50;"Masculino";1;0;0;0;-19,88251684;-43,04803848;"SPRF-MG";"DEL03-MG";"UOP01-DEL03-MG"
754448;1693926;2025-12-26;"sexta-feira";"06:10:00";"MG";262;188;"SAO DOMINGOS DO PRATA";"N�o";"Aus�ncia de rea��o do condutor";3;"Colis�o frontal";"Com V�timas Feridas";"Pleno dia";"Crescente";"C�u Claro";"Simples";"Curva";"N�o";1348498;"Caminhonete";"I/TOYOTA HILUX CD4X4 SRV/TOYOTA HILUX CD4X4 SRV";2013;"Condutor";"Les�es Graves";58;"Masculino";0;0;1;0;-19,88251684;-43,04803848;"SPRF-MG";"DEL03-MG";"UOP01-DEL03-MG"
754448;1693929;2025-12-26;"sexta-feira";"06:10:00";"MG";262;188;"SAO DOMINGOS DO PRATA";"N�o";"Aus�ncia de rea��o do condutor";2;"Colis�o frontal";"Com V�timas Feridas";"Pleno dia";"Crescente";"C�u Claro";"Simples";"Curva";"N�o";1348501;"Caminh�o";"VW/24.260 CRM 6X2/24.260 CRM 6X2";2021;"Condutor";"Les�es Leves";32;"Masculino";0;1;0;0;-19,88251684;-43,04803848;"SPRF-MG";"DEL03-MG";"UOP01-DEL03-MG"
754448;1693931;2025-12-26;"sexta-feira";"06:10:00";"MG";262;188;"SAO DOMINGOS DO PRATA";"N�o";"Aus�ncia de rea��o do condutor";2;"Colis�o frontal";"Com V�timas Feridas";"Pleno dia";"Crescente";"C�u Claro";"Simples";"Curva";"N�o";1348500;"Autom�vel";"FIAT/PALIO ED/PALIO ED";1997;"Passageiro";"Les�es Leves";69;"Masculino";0;1;0;0;-19,88251684;-43,04803848;"SPRF-MG";"DEL03-MG";"UOP01-DEL03-MG"
754448;1693930;2025-12-26;"sexta-feira";"06:10:00";"MG";262;188;"SAO DOMINGOS DO PRATA";"N�o";"Aus�ncia de rea��o do condutor";2;"Colis�o frontal";"Com V�timas Feridas";"Pleno dia";"Crescente";"C�u Claro";"Simples";"Curva";"N�o";1348500;"Autom�vel";"FIAT/PALIO ED/PALIO ED";1997;"Passageiro";"Les�es Leves";59;"Feminino";0;1;0;0;-19,88251684;-43,04803848;"SPRF-MG";"DEL03-MG";"UOP01-DEL03-MG"
754448;1693928;2025-12-26;"sexta-feira";"06:10:00";"MG";262;188;"SAO DOMINGOS DO PRATA";"N�o";"Aus�ncia de rea��o do condutor";2;"Colis�o frontal";"Com V�timas Feridas";"Pleno dia";"Crescente";"C�u Claro";"Simples";"Curva";"N�o";1348500;"Autom�vel";"FIAT/PALIO ED/PALIO ED";1997;"Condutor";"Ileso";41;"Masculino";1;0;0;0;-19,88251684;-43,04803848;"SPRF-MG";"DEL03-MG";"UOP01-DEL03-MG"
754448;1693933;2025-12-26;"sexta-feira";"06:10:00";"MG";262;188;"SAO DOMINGOS DO PRATA";"N�o";"Aus�ncia de rea��o do condutor";2;"Colis�o frontal";"Com V�timas Feridas";"Pleno dia";"Crescente";"C�u Claro";"Simples";"Curva";"N�o";1348499;"Autom�vel";"VW/NOVO FOX CL MB/NOVO FOX CL MB";2014;"Passageiro";"Ileso";11;"Masculino";1;0;0;0;-19,88251684;-43,04803848;"SPRF-MG";"DEL03-MG";"UOP01-DEL03-MG"
754448;1693932;2025-12-26;"sexta-feira";"06:10:00";"MG";262;188;"SAO DOMINGOS DO PRATA";"N�o";"Aus�ncia de rea��o do condutor";2;"Colis�o frontal";"Com V�timas Feridas";"Pleno dia";"Crescente";"C�u Claro";"Simples";"Curva";"N�o";1348499;"Autom�vel";"VW/NOVO FOX CL MB/NOVO FOX CL MB";2014;"Passageiro";"Ileso";23;"Feminino";1;0;0;0;-19,88251684;-43,04803848;"SPRF-MG";"DEL03-MG";"UOP01-DEL03-MG"
754448;1693927;2025-12-26;"sexta-feira";"06:10:00";"MG";262;188;"SAO DOMINGOS DO PRATA";"N�o";"Aus�ncia de rea��o do condutor";2;"Colis�o frontal";"Com V�timas Feridas";"Pleno dia";"Crescente";"C�u Claro";"Simples";"Curva";"N�o";1348499;"Autom�vel";"VW/NOVO FOX CL MB/NOVO FOX CL MB";2014;"Condutor";"Ileso";50;"Masculino";1;0;0;0;-19,88251684;-43,04803848;"SPRF-MG";"DEL03-MG";"UOP01-DEL03-MG"
754448;1693926;2025-12-26;"sexta-feira";"06:10:00";"MG";262;188;"SAO DOMINGOS DO PRATA";"N�o";"Aus�ncia de rea��o do condutor";2;"Colis�o frontal";"Com V�timas Feridas";"Pleno dia";"Crescente";"C�u Claro";"Simples";"Curva";"N�o";1348498;"Caminhonete";"I/TOYOTA HILUX CD4X4 SRV/TOYOTA HILUX CD4X4 SRV";2013;"Condutor";"Les�es Graves";58;"Masculino";0;0;1;0;-19,88251684;-43,04803848;"SPRF-MG";"DEL03-MG";"UOP01-DEL03-MG"
754448;1693929;2025-12-26;"sexta-feira";"06:10:00";"MG";262;188;"SAO DOMINGOS DO PRATA";"N�o";"Aus�ncia de rea��o do condutor";1;"Colis�o lateral sentido oposto";"Com V�timas Feridas";"Pleno dia";"Crescente";"C�u Claro";"Simples";"Curva";"N�o";1348501;"Caminh�o";"VW/24.260 CRM 6X2/24.260 CRM 6X2";2021;"Condutor";"Les�es Leves";32;"Masculino";0;1;0;0;-19,88251684;-43,04803848;"SPRF-MG";"DEL03-MG";"UOP01-DEL03-MG"
754448;1693931;2025-12-26;"sexta-feira";"06:10:00";"MG";262;188;"SAO DOMINGOS DO PRATA";"N�o";"Aus�ncia de rea��o do condutor";1;"Colis�o lateral sentido oposto";"Com V�timas Feridas";"Pleno dia";"Crescente";"C�u Claro";"Simples";"Curva";"N�o";1348500;"Autom�vel";"FIAT/PALIO ED/PALIO ED";1997;"Passageiro";"Les�es Leves";69;"Masculino";0;1;0;0;-19,88251684;-43,04803848;"SPRF-MG";"DEL03-MG";"UOP01-DEL03-MG"
754448;1693930;2025-12-26;"sexta-feira";"06:10:00";"MG";262;188;"SAO DOMINGOS DO PRATA";"N�o";"Aus�ncia de rea��o do condutor";1;"Colis�o lateral sentido oposto";"Com V�timas Feridas";"Pleno dia";"Crescente";"C�u Claro";"Simples";"Curva";"N�o";1348500;"Autom�vel";"FIAT/PALIO ED/PALIO ED";1997;"Passageiro";"Les�es Leves";59;"Feminino";0;1;0;0;-19,88251684;-43,04803848;"SPRF-MG";"DEL03-MG";"UOP01-DEL03-MG"
754448;1693928;2025-12-26;"sexta-feira";"06:10:00";"MG";262;188;"SAO DOMINGOS DO PRATA";"N�o";"Aus�ncia de rea��o do condutor";1;"Colis�o lateral sentido oposto";"Com V�timas Feridas";"Pleno dia";"Crescente";"C�u Claro";"Simples";"Curva";"N�o";1348500;"Autom�vel";"FIAT/PALIO ED/PALIO ED";1997;"Condutor";"Ileso";41;"Masculino";1;0;0;0;-19,88251684;-43,04803848;"SPRF-MG";"DEL03-MG";"UOP01-DEL03-MG"
754448;1693933;2025-12-26;"sexta-feira";"06:10:00";"MG";262;188;"SAO DOMINGOS DO PRATA";"N�o";"Aus�ncia de rea��o do condutor";1;"Colis�o lateral sentido oposto";"Com V�timas Feridas";"Pleno dia";"Crescente";"C�u Claro";"Simples";"Curva";"N�o";1348499;"Autom�vel";"VW/NOVO FOX CL MB/NOVO FOX CL MB";2014;"Passageiro";"Ileso";11;"Masculino";1;0;0;0;-19,88251684;-43,04803848;"SPRF-MG";"DEL03-MG";"UOP01-DEL03-MG"
754448;1693932;2025-12-26;"sexta-feira";"06:10:00";"MG";262;188;"SAO DOMINGOS DO PRATA";"N�o";"Aus�ncia de rea��o do condutor";1;"Colis�o lateral sentido oposto";"Com V�timas Feridas";"Pleno dia";"Crescente";"C�u Claro";"Simples";"Curva";"N�o";1348499;"Autom�vel";"VW/NOVO FOX CL MB/NOVO FOX CL MB";2014;"Passageiro";"Ileso";23;"Feminino";1;0;0;0;-19,88251684;-43,04803848;"SPRF-MG";"DEL03-MG";"UOP01-DEL03-MG"
754448;1693927;2025-12-26;"sexta-feira";"06:10:00";"MG";262;188;"SAO DOMINGOS DO PRATA";"N�o";"Aus�ncia de rea��o do condutor";1;"Colis�o lateral sentido oposto";"Com V�timas Feridas";"Pleno dia";"Crescente";"C�u Claro";"Simples";"Curva";"N�o";1348499;"Autom�vel";"VW/NOVO FOX CL MB/NOVO FOX CL MB";2014;"Condutor";"Ileso";50;"Masculino";1;0;0;0;-19,88251684;-43,04803848;"SPRF-MG";"DEL03-MG";"UOP01-DEL03-MG"
754448;1693926;2025-12-26;"sexta-feira";"06:10:00";"MG";262;188;"SAO DOMINGOS DO PRATA";"N�o";"Aus�ncia de rea��o do condutor";1;"Colis�o lateral sentido oposto";"Com V�timas Feridas";"Pleno dia";"Crescente";"C�u Claro";"Simples";"Curva";"N�o";1348498;"Caminhonete";"I/TOYOTA HILUX CD4X4 SRV/TOYOTA HILUX CD4X4 SRV";2013;"Condutor";"Les�es Graves";58;"Masculino";0;0;1;0;-19,88251684;-43,04803848;"SPRF-MG";"DEL03-MG";"UOP01-DEL03-MG"
754448;1693929;2025-12-26;"sexta-feira";"06:10:00";"MG";262;188;"SAO DOMINGOS DO PRATA";"Sim";"Velocidade Incompat�vel";4;"Sa�da de leito carro��vel";"Com V�timas Feridas";"Pleno dia";"Crescente";"C�u Claro";"Simples";"Curva";"N�o";1348501;"Caminh�o";"VW/24.260 CRM 6X2/24.260 CRM 6X2";2021;"Condutor";"Les�es Leves";32;"Masculino";0;1;0;0;-19,88251684;-43,04803848;"SPRF-MG";"DEL03-MG";"UOP01-DEL03-MG"
754448;1693931;2025-12-26;"sexta-feira";"06:10:00";"MG";262;188;"SAO DOMINGOS DO PRATA";"Sim";"Velocidade Incompat�vel";4;"Sa�da de leito carro��vel";"Com V�timas Feridas";"Pleno dia";"Crescente";"C�u Claro";"Simples";"Curva";"N�o";1348500;"Autom�vel";"FIAT/PALIO ED/PALIO ED";1997;"Passageiro";"Les�es Leves";69;"Masculino";0;1;0;0;-19,88251684;-43,04803848;"SPRF-MG";"DEL03-MG";"UOP01-DEL03-MG"
754448;1693930;2025-12-26;"sexta-feira";"06:10:00";"MG";262;188;"SAO DOMINGOS DO PRATA";"Sim";"Velocidade Incompat�vel";4;"Sa�da de leito carro��vel";"Com V�timas Feridas";"Pleno dia";"Crescente";"C�u Claro";"Simples";"Curva";"N�o";1348500;"Autom�vel";"FIAT/PALIO ED/PALIO ED";1997;"Passageiro";"Les�es Leves";59;"Feminino";0;1;0;0;-19,88251684;-43,04803848;"SPRF-MG";"DEL03-MG";"UOP01-DEL03-MG"
754448;1693928;2025-12-26;"sexta-feira";"06:10:00";"MG";262;188;"SAO DOMINGOS DO PRATA";"Sim";"Velocidade Incompat�vel";4;"Sa�da de leito carro��vel";"Com V�timas Feridas";"Pleno dia";"Crescente";"C�u Claro";"Simples";"Curva";"N�o";1348500;"Autom�vel";"FIAT/PALIO ED/PALIO ED";1997;"Condutor";"Ileso";41;"Masculino";1;0;0;0;-19,88251684;-43,04803848;"SPRF-MG";"DEL03-MG";"UOP01-DEL03-MG"
754448;1693933;2025-12-26;"sexta-feira";"06:10:00";"MG";262;188;"SAO DOMINGOS DO PRATA";"Sim";"Velocidade Incompat�vel";4;"Sa�da de leito carro��vel";"Com V�timas Feridas";"Pleno dia";"Crescente";"C�u Claro";"Simples";"Curva";"N�o";1348499;"Autom�vel";"VW/NOVO FOX CL MB/NOVO FOX CL MB";2014;"Passageiro";"Ileso";11;"Masculino";1;0;0;0;-19,88251684;-43,04803848;"SPRF-MG";"DEL03-MG";"UOP01-DEL03-MG"
754448;1693932;2025-12-26;"sexta-feira";"06:10:00";"MG";262;188;"SAO DOMINGOS DO PRATA";"Sim";"Velocidade Incompat�vel";4;"Sa�da de leito carro��vel";"Com V�timas Feridas";"Pleno dia";"Crescente";"C�u Claro";"Simples";"Curva";"N�o";1348499;"Autom�vel";"VW/NOVO FOX CL MB/NOVO FOX CL MB";2014;"Passageiro";"Ileso";23;"Feminino";1;0;0;0;-19,88251684;-43,04803848;"SPRF-MG";"DEL03-MG";"UOP01-DEL03-MG"
754448;1693927;2025-12-26;"sexta-feira";"06:10:00";"MG";262;188;"SAO DOMINGOS DO PRATA";"Sim";"Velocidade Incompat�vel";4;"Sa�da de leito carro��vel";"Com V�timas Feridas";"Pleno dia";"Crescente";"C�u Claro";"Simples";"Curva";"N�o";1348499;"Autom�vel";"VW/NOVO FOX CL MB/NOVO FOX CL MB";2014;"Condutor";"Ileso";50;"Masculino";1;0;0;0;-19,88251684;-43,04803848;"SPRF-MG";"DEL03-MG";"UOP01-DEL03-MG"
754448;1693926;2025-12-26;"sexta-feira";"06:10:00";"MG";262;188;"SAO DOMINGOS DO PRATA";"Sim";"Velocidade Incompat�vel";4;"Sa�da de leito carro��vel";"Com V�timas Feridas";"Pleno dia";"Crescente";"C�u Claro";"Simples";"Curva";"N�o";1348498;"Caminhonete";"I/TOYOTA HILUX CD4X4 SRV/TOYOTA HILUX CD4X4 SRV";2013;"Condutor";"Les�es Graves";58;"Masculino";0;0;1;0;-19,88251684;-43,04803848;"SPRF-MG";"DEL03-MG";"UOP01-DEL03-MG"
754448;1693929;2025-12-26;"sexta-feira";"06:10:00";"MG";262;188;"SAO DOMINGOS DO PRATA";"Sim";"Velocidade Incompat�vel";3;"Colis�o frontal";"Com V�timas Feridas";"Pleno dia";"Crescente";"C�u Claro";"Simples";"Curva";"N�o";1348501;"Caminh�o";"VW/24.260 CRM 6X2/24.260 CRM 6X2";2021;"Condutor";"Les�es Leves";32;"Masculino";0;1;0;0;-19,88251684;-43,04803848;"SPRF-MG";"DEL03-MG";"UOP01-DEL03-MG"
754448;1693931;2025-12-26;"sexta-feira";"06:10:00";"MG";262;188;"SAO DOMINGOS DO PRATA";"Sim";"Velocidade Incompat�vel";3;"Colis�o frontal";"Com V�timas Feridas";"Pleno dia";"Crescente";"C�u Claro";"Simples";"Curva";"N�o";1348500;"Autom�vel";"FIAT/PALIO ED/PALIO ED";1997;"Passageiro";"Les�es Leves";69;"Masculino";0;1;0;0;-19,88251684;-43,04803848;"SPRF-MG";"DEL03-MG";"UOP01-DEL03-MG"
754448;1693930;2025-12-26;"sexta-feira";"06:10:00";"MG";262;188;"SAO DOMINGOS DO PRATA";"Sim";"Velocidade Incompat�vel";3;"Colis�o frontal";"Com V�timas Feridas";"Pleno dia";"Crescente";"C�u Claro";"Simples";"Curva";"N�o";1348500;"Autom�vel";"FIAT/PALIO ED/PALIO ED";1997;"Passageiro";"Les�es Leves";59;"Feminino";0;1;0;0;-19,88251684;-43,04803848;"SPRF-MG";"DEL03-MG";"UOP01-DEL03-MG"
754448;1693928;2025-12-26;"sexta-feira";"06:10:00";"MG";262;188;"SAO DOMINGOS DO PRATA";"Sim";"Velocidade Incompat�vel";3;"Colis�o frontal";"Com V�timas Feridas";"Pleno dia";"Crescente";"C�u Claro";"Simples";"Curva";"N�o";1348500;"Autom�vel";"FIAT/PALIO ED/PALIO ED";1997;"Condutor";"Ileso";41;"Masculino";1;0;0;0;-19,88251684;-43,04803848;"SPRF-MG";"DEL03-MG";"UOP01-DEL03-MG"
754448;1693933;2025-12-26;"sexta-feira";"06:10:00";"MG";262;188;"SAO DOMINGOS DO PRATA";"Sim";"Velocidade Incompat�vel";3;"Colis�o frontal";"Com V�timas Feridas";"Pleno dia";"Crescente";"C�u Claro";"Simples";"Curva";"N�o";1348499;"Autom�vel";"VW/NOVO FOX CL MB/NOVO FOX CL MB";2014;"Passageiro";"Ileso";11;"Masculino";1;0;0;0;-19,88251684;-43,04803848;"SPRF-MG";"DEL03-MG";"UOP01-DEL03-MG"
754448;1693932;2025-12-26;"sexta-feira";"06:10:00";"MG";262;188;"SAO DOMINGOS DO PRATA";"Sim";"Velocidade Incompat�vel";3;"Colis�o frontal";"Com V�timas Feridas";"Pleno dia";"Crescente";"C�u Claro";"Simples";"Curva";"N�o";1348499;"Autom�vel";"VW/NOVO FOX CL MB/NOVO FOX CL MB";2014;"Passageiro";"Ileso";23;"Feminino";1;0;0;0;-19,88251684;-43,04803848;"SPRF-MG";"DEL03-MG";"UOP01-DEL03-MG"
754448;1693927;2025-12-26;"sexta-feira";"06:10:00";"MG";262;188;"SAO DOMINGOS DO PRATA";"Sim";"Velocidade Incompat�vel";3;"Colis�o frontal";"Com V�timas Feridas";"Pleno dia";"Crescente";"C�u Claro";"Simples";"Curva";"N�o";1348499;"Autom�vel";"VW/NOVO FOX CL MB/NOVO FOX CL MB";2014;"Condutor";"Ileso";50;"Masculino";1;0;0;0;-19,88251684;-43,04803848;"SPRF-MG";"DEL03-MG";"UOP01-DEL03-MG"
754448;1693926;2025-12-26;"sexta-feira";"06:10:00";"MG";262;188;"SAO DOMINGOS DO PRATA";"Sim";"Velocidade Incompat�vel";3;"Colis�o frontal";"Com V�timas Feridas";"Pleno dia";"Crescente";"C�u Claro";"Simples";"Curva";"N�o";1348498;"Caminhonete";"I/TOYOTA HILUX CD4X4 SRV/TOYOTA HILUX CD4X4 SRV";2013;"Condutor";"Les�es Graves";58;"Masculino";0;0;1;0;-19,88251684;-43,04803848;"SPRF-MG";"DEL03-MG";"UOP01-DEL03-MG"
754448;1693929;2025-12-26;"sexta-feira";"06:10:00";"MG";262;188;"SAO DOMINGOS DO PRATA";"Sim";"Velocidade Incompat�vel";2;"Colis�o frontal";"Com V�timas Feridas";"Pleno dia";"Crescente";"C�u Claro";"Simples";"Curva";"N�o";1348501;"Caminh�o";"VW/24.260 CRM 6X2/24.260 CRM 6X2";2021;"Condutor";"Les�es Leves";32;"Masculino";0;1;0;0;-19,88251684;-43,04803848;"SPRF-MG";"DEL03-MG";"UOP01-DEL03-MG"
754448;1693931;2025-12-26;"sexta-feira";"06:10:00";"MG";262;188;"SAO DOMINGOS DO PRATA";"Sim";"Velocidade Incompat�vel";2;"Colis�o frontal";"Com V�timas Feridas";"Pleno dia";"Crescente";"C�u Claro";"Simples";"Curva";"N�o";1348500;"Autom�vel";"FIAT/PALIO ED/PALIO ED";1997;"Passageiro";"Les�es Leves";69;"Masculino";0;1;0;0;-19,88251684;-43,04803848;"SPRF-MG";"DEL03-MG";"UOP01-DEL03-MG"
754448;1693930;2025-12-26;"sexta-feira";"06:10:00";"MG";262;188;"SAO DOMINGOS DO PRATA";"Sim";"Velocidade Incompat�vel";2;"Colis�o frontal";"Com V�timas Feridas";"Pleno dia";"Crescente";"C�u Claro";"Simples";"Curva";"N�o";1348500;"Autom�vel";"FIAT/PALIO ED/PALIO ED";1997;"Passageiro";"Les�es Leves";59;"Feminino";0;1;0;0;-19,88251684;-43,04803848;"SPRF-MG";"DEL03-MG";"UOP01-DEL03-MG"
754448;1693928;2025-12-26;"sexta-feira";"06:10:00";"MG";262;188;"SAO DOMINGOS DO PRATA";"Sim";"Velocidade Incompat�vel";2;"Colis�o frontal";"Com V�timas Feridas";"Pleno dia";"Crescente";"C�u Claro";"Simples";"Curva";"N�o";1348500;"Autom�vel";"FIAT/PALIO ED/PALIO ED";1997;"Condutor";"Ileso";41;"Masculino";1;0;0;0;-19,88251684;-43,04803848;"SPRF-MG";"DEL03-MG";"UOP01-DEL03-MG"
754448;1693933;2025-12-26;"sexta-feira";"06:10:00";"MG";262;188;"SAO DOMINGOS DO PRATA";"Sim";"Velocidade Incompat�vel";2;"Colis�o frontal";"Com V�timas Feridas";"Pleno dia";"Crescente";"C�u Claro";"Simples";"Curva";"N�o";1348499;"Autom�vel";"VW/NOVO FOX CL MB/NOVO FOX CL MB";2014;"Passageiro";"Ileso";11;"Masculino";1;0;0;0;-19,88251684;-43,04803848;"SPRF-MG";"DEL03-MG";"UOP01-DEL03-MG"
754448;1693932;2025-12-26;"sexta-feira";"06:10:00";"MG";262;188;"SAO DOMINGOS DO PRATA";"Sim";"Velocidade Incompat�vel";2;"Colis�o frontal";"Com V�timas Feridas";"Pleno dia";"Crescente";"C�u Claro";"Simples";"Curva";"N�o";1348499;"Autom�vel";"VW/NOVO FOX CL MB/NOVO FOX CL MB";2014;"Passageiro";"Ileso";23;"Feminino";1;0;0;0;-19,88251684;-43,04803848;"SPRF-MG";"DEL03-MG";"UOP01-DEL03-MG"
754448;1693927;2025-12-26;"sexta-feira";"06:10:00";"MG";262;188;"SAO DOMINGOS DO PRATA";"Sim";"Velocidade Incompat�vel";2;"Colis�o frontal";"Com V�timas Feridas";"Pleno dia";"Crescente";"C�u Claro";"Simples";"Curva";"N�o";1348499;"Autom�vel";"VW/NOVO FOX CL MB/NOVO FOX CL MB";2014;"Condutor";"Ileso";50;"Masculino";1;0;0;0;-19,88251684;-43,04803848;"SPRF-MG";"DEL03-MG";"UOP01-DEL03-MG"
754448;1693926;2025-12-26;"sexta-feira";"06:10:00";"MG";262;188;"SAO DOMINGOS DO PRATA";"Sim";"Velocidade Incompat�vel";2;"Colis�o frontal";"Com V�timas Feridas";"Pleno dia";"Crescente";"C�u Claro";"Simples";"Curva";"N�o";1348498;"Caminhonete";"I/TOYOTA HILUX CD4X4 SRV/TOYOTA HILUX CD4X4 SRV";2013;"Condutor";"Les�es Graves";58;"Masculino";0;0;1;0;-19,88251684;-43,04803848;"SPRF-MG";"DEL03-MG";"UOP01-DEL03-MG"
754448;1693929;2025-12-26;"sexta-feira";"06:10:00";"MG";262;188;"SAO DOMINGOS DO PRATA";"Sim";"Velocidade Incompat�vel";1;"Colis�o lateral sentido oposto";"Com V�timas Feridas";"Pleno dia";"Crescente";"C�u Claro";"Simples";"Curva";"N�o";1348501;"Caminh�o";"VW/24.260 CRM 6X2/24.260 CRM 6X2";2021;"Condutor";"Les�es Leves";32;"Masculino";0;1;0;0;-19,88251684;-43,04803848;"SPRF-MG";"DEL03-MG";"UOP01-DEL03-MG"
754448;1693931;2025-12-26;"sexta-feira";"06:10:00";"MG";262;188;"SAO DOMINGOS DO PRATA";"Sim";"Velocidade Incompat�vel";1;"Colis�o lateral sentido oposto";"Com V�timas Feridas";"Pleno dia";"Crescente";"C�u Claro";"Simples";"Curva";"N�o";1348500;"Autom�vel";"FIAT/PALIO ED/PALIO ED";1997;"Passageiro";"Les�es Leves";69;"Masculino";0;1;0;0;-19,88251684;-43,04803848;"SPRF-MG";"DEL03-MG";"UOP01-DEL03-MG"
754448;1693930;2025-12-26;"sexta-feira";"06:10:00";"MG";262;188;"SAO DOMINGOS DO PRATA";"Sim";"Velocidade Incompat�vel";1;"Colis�o lateral sentido oposto";"Com V�timas Feridas";"Pleno dia";"Crescente";"C�u Claro";"Simples";"Curva";"N�o";1348500;"Autom�vel";"FIAT/PALIO ED/PALIO ED";1997;"Passageiro";"Les�es Leves";59;"Feminino";0;1;0;0;-19,88251684;-43,04803848;"SPRF-MG";"DEL03-MG";"UOP01-DEL03-MG"
754448;1693928;2025-12-26;"sexta-feira";"06:10:00";"MG";262;188;"SAO DOMINGOS DO PRATA";"Sim";"Velocidade Incompat�vel";1;"Colis�o lateral sentido oposto";"Com V�timas Feridas";"Pleno dia";"Crescente";"C�u Claro";"Simples";"Curva";"N�o";1348500;"Autom�vel";"FIAT/PALIO ED/PALIO ED";1997;"Condutor";"Ileso";41;"Masculino";1;0;0;0;-19,88251684;-43,04803848;"SPRF-MG";"DEL03-MG";"UOP01-DEL03-MG"
754448;1693933;2025-12-26;"sexta-feira";"06:10:00";"MG";262;188;"SAO DOMINGOS DO PRATA";"Sim";"Velocidade Incompat�vel";1;"Colis�o lateral sentido oposto";"Com V�timas Feridas";"Pleno dia";"Crescente";"C�u Claro";"Simples";"Curva";"N�o";1348499;"Autom�vel";"VW/NOVO FOX CL MB/NOVO FOX CL MB";2014;"Passageiro";"Ileso";11;"Masculino";1;0;0;0;-19,88251684;-43,04803848;"SPRF-MG";"DEL03-MG";"UOP01-DEL03-MG"
754448;1693932;2025-12-26;"sexta-feira";"06:10:00";"MG";262;188;"SAO DOMINGOS DO PRATA";"Sim";"Velocidade Incompat�vel";1;"Colis�o lateral sentido oposto";"Com V�timas Feridas";"Pleno dia";"Crescente";"C�u Claro";"Simples";"Curva";"N�o";1348499;"Autom�vel";"VW/NOVO FOX CL MB/NOVO FOX CL MB";2014;"Passageiro";"Ileso";23;"Feminino";1;0;0;0;-19,88251684;-43,04803848;"SPRF-MG";"DEL03-MG";"UOP01-DEL03-MG"
754448;1693927;2025-12-26;"sexta-feira";"06:10:00";"MG";262;188;"SAO DOMINGOS DO PRATA";"Sim";"Velocidade Incompat�vel";1;"Colis�o lateral sentido oposto";"Com V�timas Feridas";"Pleno dia";"Crescente";"C�u Claro";"Simples";"Curva";"N�o";1348499;"Autom�vel";"VW/NOVO FOX CL MB/NOVO FOX CL MB";2014;"Condutor";"Ileso";50;"Masculino";1;0;0;0;-19,88251684;-43,04803848;"SPRF-MG";"DEL03-MG";"UOP01-DEL03-MG"
754448;1693926;2025-12-26;"sexta-feira";"06:10:00";"MG";262;188;"SAO DOMINGOS DO PRATA";"Sim";"Velocidade Incompat�vel";1;"Colis�o lateral sentido oposto";"Com V�timas Feridas";"Pleno dia";"Crescente";"C�u Claro";"Simples";"Curva";"N�o";1348498;"Caminhonete";"I/TOYOTA HILUX CD4X4 SRV/TOYOTA HILUX CD4X4 SRV";2013;"Condutor";"Les�es Graves";58;"Masculino";0;0;1;0;-19,88251684;-43,04803848;"SPRF-MG";"DEL03-MG";"UOP01-DEL03-MG"