"id";"pesid";"data_inversa";"dia_semana";"horario";"uf";"br";"km";"municipio";"causa_principal";"causa_acidente";"ordem_tipo_acidente";"tipo_acidente";"classificacao_acidente";"fase_dia";"sentido_via";"condicao_metereologica";"tipo_pista";"tracado_via";"uso_solo";"id_veiculo";"tipo_veiculo";"marca";"ano_fabricacao_veiculo";"tipo_envolvido";"estado_fisico";"idade";"sexo";"ilesos";"feridos_leves";"feridos_graves";"mortos";"latitude";"longitude";"regional";"delegacia";"uop"
754591;1694308;2025-12-15;"segunda-feira";"13:20:00";"PR";116;182;"CAMPO DO TENENTE";"Sim";"Acessar a via sem observar a presen�a dos outros ve�culos";2;"Colis�o com objeto";"Com V�timas Feridas";"Pleno dia";"Crescente";"Sol";"Simples";"Reta";"N�o";1348806;"Autom�vel";"FIAT/UNO MILLE FIRE FLEX/UNO MILLE FIRE FLEX";2007;"Condutor";"Les�es Leves";36;"Feminino";0;1;0;0;-25,927872;-49,625973;"SPRF-PR";"DEL01-PR";"UOP03-DEL01-PR"
754591;1694307;2025-12-15;"segunda-feira";"13:20:00";"PR";116;182;"CAMPO DO TENENTE";"Sim";"Acessar a via sem observar a presen�a dos outros ve�culos";2;"Colis�o com objeto";"Com V�timas Feridas";"Pleno dia";"Crescente";"Sol";"Simples";"Reta";"N�o";1348805;"Utilit�rio";"I/SSANGYONG KORANDO C AT/SSANGYONG KORANDO C AT";2011;"Condutor";"Ileso";45;"Masculino";1;0;0;0;-25,927872;-49,625973;"SPRF-PR";"DEL01-PR";"UOP03-DEL01-PR"
754591;1694308;2025-12-15;"segunda-feira";"13:20:00";"PR";116;182;"CAMPO DO TENENTE";"Sim";"Acessar a via sem observar a presen�a dos outros ve�culos";1;"Colis�o transversal";"Com V�timas Feridas";"Pleno dia";"Crescente";"Sol";"Simples";"Reta";"N�o";1348806;"Autom�vel";"FIAT/UNO MILLE FIRE FLEX/UNO MILLE FIRE FLEX";2007;"Condutor";"Les�es Leves";36;"Feminino";0;1;0;0;-25,927872;-49,625973;"SPRF-PR";"DEL01-PR";"UOP03-DEL01-PR"
754591;1694307;2025-12-15;"segunda-feira";"13:20:00";"PR";116;182;"CAMPO DO TENENTE";"Sim";"Acessar a via sem observar a presen�a dos outros ve�culos";1;"Colis�o transversal";"Com V�timas Feridas";"Pleno dia";"Crescente";"Sol";"Simples";"Reta";"N�o";1348805;"Utilit�rio";"I/SSANGYONG KORANDO C AT/SSANGYONG KORANDO C AT";2011;"Condutor";"Ileso";45;"Masculino";1;0;0;0;-25,927872;-49,625973;"SPRF-PR";"DEL01-PR";"UOP03-DEL01-PR"
754612;1694365;2025-12-09;"ter�a-feira";"17:00:00";"PR";376;495;"PONTA GROSSA";"Sim";"Acessar a via sem observar a presen�a dos outros ve�culos";2;"Queda de ocupante de ve�culo";"Com V�timas Feridas";"Pleno dia";"Crescente";"C�u Claro";"Simples";"Reta";"N�o";1348878;"Autom�vel";"CHEVROLET/ONIX 1.0MT LT/ONIX 1.0MT LT";2014;"Condutor";"Ileso";29;"Feminino";1;0;0;0;-25,17102867;-50,1090211;"SPRF-PR";"DEL03-PR";"UOP04-DEL03-PR"
754612;1694364;2025-12-09;"ter�a-feira";"17:00:00";"PR";376;495;"PONTA GROSSA";"Sim";"Acessar a via sem observar a presen�a dos outros ve�culos";2;"Queda de ocupante de ve�culo";"Com V�timas Feridas";"Pleno dia";"Crescente";"C�u Claro";"Simples";"Reta";"N�o";1348877;"Motocicleta";"SHINERAY/SHI 175/SHI 175";2025;"Condutor";"Les�es Leves";28;"Masculino";0;1;0;0;-25,17102867;-50,1090211;"SPRF-PR";"DEL03-PR";"UOP04-DEL03-PR"
754612;1694365;2025-12-09;"ter�a-feira";"17:00:00";"PR";376;495;"PONTA GROSSA";"Sim";"Acessar a via sem observar a presen�a dos outros ve�culos";1;"Tombamento";"Com V�timas Feridas";"Pleno dia";"Crescente";"C�u Claro";"Simples";"Reta";"N�o";1348878;"Autom�vel";"CHEVROLET/ONIX 1.0MT LT/ONIX 1.0MT LT";2014;"Condutor";"Ileso";29;"Feminino";1;0;0;0;-25,17102867;-50,1090211;"SPRF-PR";"DEL03-PR";"UOP04-DEL03-PR"
754612;1694364;2025-12-09;"ter�a-feira";"17:00:00";"PR";376;495;"PONTA GROSSA";"Sim";"Acessar a via sem observar a presen�a dos outros ve�culos";1;"Tombamento";"Com V�timas Feridas";"Pleno dia";"Crescente";"C�u Claro";"Simples";"Reta";"N�o";1348877;"Motocicleta";"SHINERAY/SHI 175/SHI 175";2025;"Condutor";"Les�es Leves";28;"Masculino";0;1;0;0;-25,17102867;-50,1090211;"SPRF-PR";"DEL03-PR";"UOP04-DEL03-PR"
754663;NA;2025-11-03;"segunda-feira";"07:40:00";"MG";365;613;"UBERLANDIA";"Sim";"Frear bruscamente";2;"Sa�da de leito carro��vel";"Com V�timas Feridas";"Pleno dia";"Decrescente";"C�u Claro";"Simples";"Declive;Reta";"N�o";1349001;"Semireboque";"SR/NOMA SR3E27 BL/NOMA SR3E27 BL";2010;NA;NA;NA;NA;NA;NA;NA;NA;-18,91210512;-48,21998766;"SPRF-MG";"DEL15-MG";"UOP01-DEL15-MG"
754663;1694504;2025-11-03;"segunda-feira";"07:40:00";"MG";365;613;"UBERLANDIA";"Sim";"Frear bruscamente";2;"Sa�da de leito carro��vel";"Com V�timas Feridas";"Pleno dia";"Decrescente";"C�u Claro";"Simples";"Declive;Reta";"N�o";1349000;"Caminh�o-trator";"SCANIA/R124 GA4X2NZ 420/R124 GA4X2NZ 420";2005;"Condutor";"Les�es Leves";35;"Masculino";0;1;0;0;-18,91210512;-48,21998766;"SPRF-MG";"DEL15-MG";"UOP01-DEL15-MG"
754663;NA;2025-11-03;"segunda-feira";"07:40:00";"MG";365;613;"UBERLANDIA";"Sim";"Frear bruscamente";1;"Colis�o com objeto";"Com V�timas Feridas";"Pleno dia";"Decrescente";"C�u Claro";"Simples";"Declive;Reta";"N�o";1349001;"Semireboque";"SR/NOMA SR3E27 BL/NOMA SR3E27 BL";2010;NA;NA;NA;NA;NA;NA;NA;NA;-18,91210512;-48,21998766;"SPRF-MG";"DEL15-MG";"UOP01-DEL15-MG"
754663;1694504;2025-11-03;"segunda-feira";"07:40:00";"MG";365;613;"UBERLANDIA";"Sim";"Frear bruscamente";1;"Colis�o com objeto";"Com V�timas Feridas";"Pleno dia";"Decrescente";"C�u Claro";"Simples";"Declive;Reta";"N�o";1349000;"Caminh�o-trator";"SCANIA/R124 GA4X2NZ 420/R124 GA4X2NZ 420";2005;"Condutor";"Les�es Leves";35;"Masculino";0;1;0;0;-18,91210512;-48,21998766;"SPRF-MG";"DEL15-MG";"UOP01-DEL15-MG"
754768;1694713;2025-10-20;"segunda-feira";"12:30:00";"GO";70;2;"AGUAS LINDAS DE GOIAS";"N�o";"Rea��o tardia ou ineficiente do condutor";2;"Sa�da de leito carro��vel";"Com V�timas Feridas";"Pleno dia";"Crescente";"C�u Claro";"Dupla";"Aclive;Reta;Rotat�ria";"Sim";1349181;"Autom�vel";"VW/VIRTUS AF/VIRTUS AF";2021;"Passageiro";"Les�es Leves";28;"Masculino";0;1;0;0;-15,76107775;-48,23955981;"SPRF-DF";"DEL03-DF";"UOP02-DEL03-DF"
754768;1694712;2025-10-20;"segunda-feira";"12:30:00";"GO";70;2;"AGUAS LINDAS DE GOIAS";"N�o";"Rea��o tardia ou ineficiente do condutor";2;"Sa�da de leito carro��vel";"Com V�timas Feridas";"Pleno dia";"Crescente";"C�u Claro";"Dupla";"Aclive;Reta;Rotat�ria";"Sim";1349181;"Autom�vel";"VW/VIRTUS AF/VIRTUS AF";2021;"Passageiro";"Les�es Leves";38;"Feminino";0;1;0;0;-15,76107775;-48,23955981;"SPRF-DF";"DEL03-DF";"UOP02-DEL03-DF"
754768;1694711;2025-10-20;"segunda-feira";"12:30:00";"GO";70;2;"AGUAS LINDAS DE GOIAS";"N�o";"Rea��o tardia ou ineficiente do condutor";2;"Sa�da de leito carro��vel";"Com V�timas Feridas";"Pleno dia";"Crescente";"C�u Claro";"Dupla";"Aclive;Reta;Rotat�ria";"Sim";1349181;"Autom�vel";"VW/VIRTUS AF/VIRTUS AF";2021;"Condutor";"Les�es Leves";54;"Feminino";0;1;0;0;-15,76107775;-48,23955981;"SPRF-DF";"DEL03-DF";"UOP02-DEL03-DF"
754768;1694715;2025-10-20;"segunda-feira";"12:30:00";"GO";70;2;"AGUAS LINDAS DE GOIAS";"N�o";"Rea��o tardia ou ineficiente do condutor";2;"Sa�da de leito carro��vel";"Com V�timas Feridas";"Pleno dia";"Crescente";"C�u Claro";"Dupla";"Aclive;Reta;Rotat�ria";"Sim";1349182;"Utilit�rio";"I/TOYOTA HILUXSW4 SRV4X4/TOYOTA HILUXSW4 SRV4X4";2011;"Passageiro";"Les�es Leves";2;"Feminino";0;1;0;0;-15,76107775;-48,23955981;"SPRF-DF";"DEL03-DF";"UOP02-DEL03-DF"
754768;1694714;2025-10-20;"segunda-feira";"12:30:00";"GO";70;2;"AGUAS LINDAS DE GOIAS";"N�o";"Rea��o tardia ou ineficiente do condutor";2;"Sa�da de leito carro��vel";"Com V�timas Feridas";"Pleno dia";"Crescente";"C�u Claro";"Dupla";"Aclive;Reta;Rotat�ria";"Sim";1349182;"Utilit�rio";"I/TOYOTA HILUXSW4 SRV4X4/TOYOTA HILUXSW4 SRV4X4";2011;"Condutor";"Ileso";32;"Masculino";1;0;0;0;-15,76107775;-48,23955981;"SPRF-DF";"DEL03-DF";"UOP02-DEL03-DF"
754768;1694713;2025-10-20;"segunda-feira";"12:30:00";"GO";70;2;"AGUAS LINDAS DE GOIAS";"N�o";"Rea��o tardia ou ineficiente do condutor";1;"Colis�o transversal";"Com V�timas Feridas";"Pleno dia";"Crescente";"C�u Claro";"Dupla";"Aclive;Reta;Rotat�ria";"Sim";1349181;"Autom�vel";"VW/VIRTUS AF/VIRTUS AF";2021;"Passageiro";"Les�es Leves";28;"Masculino";0;1;0;0;-15,76107775;-48,23955981;"SPRF-DF";"DEL03-DF";"UOP02-DEL03-DF"
754768;1694712;2025-10-20;"segunda-feira";"12:30:00";"GO";70;2;"AGUAS LINDAS DE GOIAS";"N�o";"Rea��o tardia ou ineficiente do condutor";1;"Colis�o transversal";"Com V�timas Feridas";"Pleno dia";"Crescente";"C�u Claro";"Dupla";"Aclive;Reta;Rotat�ria";"Sim";1349181;"Autom�vel";"VW/VIRTUS AF/VIRTUS AF";2021;"Passageiro";"Les�es Leves";38;"Feminino";0;1;0;0;-15,76107775;-48,23955981;"SPRF-DF";"DEL03-DF";"UOP02-DEL03-DF"
754768;1694711;2025-10-20;"segunda-feira";"12:30:00";"GO";70;2;"AGUAS LINDAS DE GOIAS";"N�o";"Rea��o tardia ou ineficiente do condutor";1;"Colis�o transversal";"Com V�timas Feridas";"Pleno dia";"Crescente";"C�u Claro";"Dupla";"Aclive;Reta;Rotat�ria";"Sim";1349181;"Autom�vel";"VW/VIRTUS AF/VIRTUS AF";2021;"Condutor";"Les�es Leves";54;"Feminino";0;1;0;0;-15,76107775;-48,23955981;"SPRF-DF";"DEL03-DF";"UOP02-DEL03-DF"
754768;1694715;2025-10-20;"segunda-feira";"12:30:00";"GO";70;2;"AGUAS LINDAS DE GOIAS";"N�o";"Rea��o tardia ou ineficiente do condutor";1;"Colis�o transversal";"Com V�timas Feridas";"Pleno dia";"Crescente";"C�u Claro";"Dupla";"Aclive;Reta;Rotat�ria";"Sim";1349182;"Utilit�rio";"I/TOYOTA HILUXSW4 SRV4X4/TOYOTA HILUXSW4 SRV4X4";2011;"Passageiro";"Les�es Leves";2;"Feminino";0;1;0;0;-15,76107775;-48,23955981;"SPRF-DF";"DEL03-DF";"UOP02-DEL03-DF"
754768;1694714;2025-10-20;"segunda-feira";"12:30:00";"GO";70;2;"AGUAS LINDAS DE GOIAS";"N�o";"Rea��o tardia ou ineficiente do condutor";1;"Colis�o transversal";"Com V�timas Feridas";"Pleno dia";"Crescente";"C�u Claro";"Dupla";"Aclive;Reta;Rotat�ria";"Sim";1349182;"Utilit�rio";"I/TOYOTA HILUXSW4 SRV4X4/TOYOTA HILUXSW4 SRV4X4";2011;"Condutor";"Ileso";32;"Masculino";1;0;0;0;-15,76107775;-48,23955981;"SPRF-DF";"DEL03-DF";"UOP02-DEL03-DF"
754768;1694713;2025-10-20;"segunda-feira";"12:30:00";"GO";70;2;"AGUAS LINDAS DE GOIAS";"Sim";"Manobra de mudan�a de faixa";2;"Sa�da de leito carro��vel";"Com V�timas Feridas";"Pleno dia";"Crescente";"C�u Claro";"Dupla";"Aclive;Reta;Rotat�ria";"Sim";1349181;"Autom�vel";"VW/VIRTUS AF/VIRTUS AF";2021;"Passageiro";"Les�es Leves";28;"Masculino";0;1;0;0;-15,76107775;-48,23955981;"SPRF-DF";"DEL03-DF";"UOP02-DEL03-DF"
754768;1694712;2025-10-20;"segunda-feira";"12:30:00";"GO";70;2;"AGUAS LINDAS DE GOIAS";"Sim";"Manobra de mudan�a de faixa";2;"Sa�da de leito carro��vel";"Com V�timas Feridas";"Pleno dia";"Crescente";"C�u Claro";"Dupla";"Aclive;Reta;Rotat�ria";"Sim";1349181;"Autom�vel";"VW/VIRTUS AF/VIRTUS AF";2021;"Passageiro";"Les�es Leves";38;"Feminino";0;1;0;0;-15,76107775;-48,23955981;"SPRF-DF";"DEL03-DF";"UOP02-DEL03-DF"
754768;1694711;2025-10-20;"segunda-feira";"12:30:00";"GO";70;2;"AGUAS LINDAS DE GOIAS";"Sim";"Manobra de mudan�a de faixa";2;"Sa�da de leito carro��vel";"Com V�timas Feridas";"Pleno dia";"Crescente";"C�u Claro";"Dupla";"Aclive;Reta;Rotat�ria";"Sim";1349181;"Autom�vel";"VW/VIRTUS AF/VIRTUS AF";2021;"Condutor";"Les�es Leves";54;"Feminino";0;1;0;0;-15,76107775;-48,23955981;"SPRF-DF";"DEL03-DF";"UOP02-DEL03-DF"
754768;1694715;2025-10-20;"segunda-feira";"12:30:00";"GO";70;2;"AGUAS LINDAS DE GOIAS";"Sim";"Manobra de mudan�a de faixa";2;"Sa�da de leito carro��vel";"Com V�timas Feridas";"Pleno dia";"Crescente";"C�u Claro";"Dupla";"Aclive;Reta;Rotat�ria";"Sim";1349182;"Utilit�rio";"I/TOYOTA HILUXSW4 SRV4X4/TOYOTA HILUXSW4 SRV4X4";2011;"Passageiro";"Les�es Leves";2;"Feminino";0;1;0;0;-15,76107775;-48,23955981;"SPRF-DF";"DEL03-DF";"UOP02-DEL03-DF"
754768;1694714;2025-10-20;"segunda-feira";"12:30:00";"GO";70;2;"AGUAS LINDAS DE GOIAS";"Sim";"Manobra de mudan�a de faixa";2;"Sa�da de leito carro��vel";"Com V�timas Feridas";"Pleno dia";"Crescente";"C�u Claro";"Dupla";"Aclive;Reta;Rotat�ria";"Sim";1349182;"Utilit�rio";"I/TOYOTA HILUXSW4 SRV4X4/TOYOTA HILUXSW4 SRV4X4";2011;"Condutor";"Ileso";32;"Masculino";1;0;0;0;-15,76107775;-48,23955981;"SPRF-DF";"DEL03-DF";"UOP02-DEL03-DF"
754768;1694713;2025-10-20;"segunda-feira";"12:30:00";"GO";70;2;"AGUAS LINDAS DE GOIAS";"Sim";"Manobra de mudan�a de faixa";1;"Colis�o transversal";"Com V�timas Feridas";"Pleno dia";"Crescente";"C�u Claro";"Dupla";"Aclive;Reta;Rotat�ria";"Sim";1349181;"Autom�vel";"VW/VIRTUS AF/VIRTUS AF";2021;"Passageiro";"Les�es Leves";28;"Masculino";0;1;0;0;-15,76107775;-48,23955981;"SPRF-DF";"DEL03-DF";"UOP02-DEL03-DF"
754768;1694712;2025-10-20;"segunda-feira";"12:30:00";"GO";70;2;"AGUAS LINDAS DE GOIAS";"Sim";"Manobra de mudan�a de faixa";1;"Colis�o transversal";"Com V�timas Feridas";"Pleno dia";"Crescente";"C�u Claro";"Dupla";"Aclive;Reta;Rotat�ria";"Sim";1349181;"Autom�vel";"VW/VIRTUS AF/VIRTUS AF";2021;"Passageiro";"Les�es Leves";38;"Feminino";0;1;0;0;-15,76107775;-48,23955981;"SPRF-DF";"DEL03-DF";"UOP02-DEL03-DF"
754768;1694711;2025-10-20;"segunda-feira";"12:30:00";"GO";70;2;"AGUAS LINDAS DE GOIAS";"Sim";"Manobra de mudan�a de faixa";1;"Colis�o transversal";"Com V�timas Feridas";"Pleno dia";"Crescente";"C�u Claro";"Dupla";"Aclive;Reta;Rotat�ria";"Sim";1349181;"Autom�vel";"VW/VIRTUS AF/VIRTUS AF";2021;"Condutor";"Les�es Leves";54;"Feminino";0;1;0;0;-15,76107775;-48,23955981;"SPRF-DF";"DEL03-DF";"UOP02-DEL03-DF"
754768;1694715;2025-10-20;"segunda-feira";"12:30:00";"GO";70;2;"AGUAS LINDAS DE GOIAS";"Sim";"Manobra de mudan�a de faixa";1;"Colis�o transversal";"Com V�timas Feridas";"Pleno dia";"Crescente";"C�u Claro";"Dupla";"Aclive;Reta;Rotat�ria";"Sim";1349182;"Utilit�rio";"I/TOYOTA HILUXSW4 SRV4X4/TOYOTA HILUXSW4 SRV4X4";2011;"Passageiro";"Les�es Leves";2;"Feminino";0;1;0;0;-15,76107775;-48,23955981;"SPRF-DF";"DEL03-DF";"UOP02-DEL03-DF"
754768;1694714;2025-10-20;"segunda-feira";"12:30:00";"GO";70;2;"AGUAS LINDAS DE GOIAS";"Sim";"Manobra de mudan�a de faixa";1;"Colis�o transversal";"Com V�timas Feridas";"Pleno dia";"Crescente";"C�u Claro";"Dupla";"Aclive;Reta;Rotat�ria";"Sim";1349182;"Utilit�rio";"I/TOYOTA HILUXSW4 SRV4X4/TOYOTA HILUXSW4 SRV4X4";2011;"Condutor";"Ileso";32;"Masculino";1;0;0;0;-15,76107775;-48,23955981;"SPRF-DF";"DEL03-DF";"UOP02-DEL03-DF"
754772;1694724;2025-12-13;"s�bado";"09:30:00";"RJ";101;265;"RIO BONITO";"Sim";"Ultrapassagem Indevida";2;"Queda de ocupante de ve�culo";"Com V�timas Feridas";"Pleno dia";"Decrescente";"C�u Claro";"Dupla";"Curva";"Sim";1349192;"Autom�vel";"CHEV/ONIX 10MT HB/ONIX 10MT HB";0;"Condutor";"N�o Informado";NA;"N�o Informado";0;0;0;0;-22,70775965;-42,65392224;"SPRF-RJ";"DEL02-RJ";"UOP03-DEL02-RJ"
754772;1694726;2025-12-13;"s�bado";"09:30:00";"RJ";101;265;"RIO BONITO";"Sim";"Ultrapassagem Indevida";2;"Queda de ocupante de ve�culo";"Com V�timas Feridas";"Pleno dia";"Decrescente";"C�u Claro";"Dupla";"Curva";"Sim";1349193;"Motocicleta";"JTA/SUZUKI BOULEV C1500/SUZUKI BOULEV C1500";2006;"Passageiro";"Les�es Leves";NA;"Feminino";0;1;0;0;-22,70775965;-42,65392224;"SPRF-RJ";"DEL02-RJ";"UOP03-DEL02-RJ"
754772;1694725;2025-12-13;"s�bado";"09:30:00";"RJ";101;265;"RIO BONITO";"Sim";"Ultrapassagem Indevida";2;"Queda de ocupante de ve�culo";"Com V�timas Feridas";"Pleno dia";"Decrescente";"C�u Claro";"Dupla";"Curva";"Sim";1349193;"Motocicleta";"JTA/SUZUKI BOULEV C1500/SUZUKI BOULEV C1500";2006;"Condutor";"Les�es Leves";NA;"Masculino";0;1;0;0;-22,70775965;-42,65392224;"SPRF-RJ";"DEL02-RJ";"UOP03-DEL02-RJ"
754772;1694724;2025-12-13;"s�bado";"09:30:00";"RJ";101;265;"RIO BONITO";"Sim";"Ultrapassagem Indevida";1;"Colis�o lateral mesmo sentido";"Com V�timas Feridas";"Pleno dia";"Decrescente";"C�u Claro";"Dupla";"Curva";"Sim";1349192;"Autom�vel";"CHEV/ONIX 10MT HB/ONIX 10MT HB";0;"Condutor";"N�o Informado";NA;"N�o Informado";0;0;0;0;-22,70775965;-42,65392224;"SPRF-RJ";"DEL02-RJ";"UOP03-DEL02-RJ"
754772;1694726;2025-12-13;"s�bado";"09:30:00";"RJ";101;265;"RIO BONITO";"Sim";"Ultrapassagem Indevida";1;"Colis�o lateral mesmo sentido";"Com V�timas Feridas";"Pleno dia";"Decrescente";"C�u Claro";"Dupla";"Curva";"Sim";1349193;"Motocicleta";"JTA/SUZUKI BOULEV C1500/SUZUKI BOULEV C1500";2006;"Passageiro";"Les�es Leves";NA;"Feminino";0;1;0;0;-22,70775965;-42,65392224;"SPRF-RJ";"DEL02-RJ";"UOP03-DEL02-RJ"
754772;1694725;2025-12-13;"s�bado";"09:30:00";"RJ";101;265;"RIO BONITO";"Sim";"Ultrapassagem Indevida";1;"Colis�o lateral mesmo sentido";"Com V�timas Feridas";"Pleno dia";"Decrescente";"C�u Claro";"Dupla";"Curva";"Sim";1349193;"Motocicleta";"JTA/SUZUKI BOULEV C1500/SUZUKI BOULEV C1500";2006;"Condutor";"Les�es Leves";NA;"Masculino";0;1;0;0;-22,70775965;-42,65392224;"SPRF-RJ";"DEL02-RJ";"UOP03-DEL02-RJ"
754864;1694939;2025-12-12;"sexta-feira";"22:58:00";"PB";104;118;"LAGOA SECA";"Sim";"Aus�ncia de sinaliza��o";2;"Queda de ocupante de ve�culo";"Com V�timas Feridas";"Plena Noite";"Crescente";"C�u Claro";"Simples";"Declive;Reta";"N�o";1349361;"Bicicleta";"CALOI/MONDO/MONDO";0;"Condutor";"Les�es Leves";24;"Masculino";0;1;0;0;-7,184132;-35,865765;"SPRF-PB";"DEL02-PB";"UOP04-DEL02-PB"
754864;1694939;2025-12-12;"sexta-feira";"22:58:00";"PB";104;118;"LAGOA SECA";"Sim";"Aus�ncia de sinaliza��o";1;"Tombamento";"Com V�timas Feridas";"Plena Noite";"Crescente";"C�u Claro";"Simples";"Declive;Reta";"N�o";1349361;"Bicicleta";"CALOI/MONDO/MONDO";0;"Condutor";"Les�es Leves";24;"Masculino";0;1;0;0;-7,184132;-35,865765;"SPRF-PB";"DEL02-PB";"UOP04-DEL02-PB"
754925;1695098;2025-10-30;"quinta-feira";"13:40:00";"PA";NA;NA;"ANANINDEUA";"Sim";"Rea��o tardia ou ineficiente do condutor";3;"Tombamento";"Com V�timas Feridas";"Pleno dia";"N�o Informado";"C�u Claro";"Simples";"Reta";"Sim";1349497;"Motocicleta";"TRIUMPH/TIGER 900 RALLYP/TIGER 900 RALLYP";2024;"Condutor";"Les�es Leves";29;"Masculino";0;1;0;0;-1,377841;-48,4051;"SPRF-GO";"DEL02-GO";"UOP01-DEL02-GO"
754925;1695099;2025-10-30;"quinta-feira";"13:40:00";"PA";NA;NA;"ANANINDEUA";"Sim";"Rea��o tardia ou ineficiente do condutor";3;"Tombamento";"Com V�timas Feridas";"Pleno dia";"N�o Informado";"C�u Claro";"Simples";"Reta";"Sim";1349498;"Bicicleta";"CALOI/MONDO/MONDO";0;"Condutor";"Les�es Leves";16;"Feminino";0;1;0;0;-1,377841;-48,4051;"SPRF-GO";"DEL02-GO";"UOP01-DEL02-GO"
754925;1695100;2025-10-30;"quinta-feira";"13:40:00";"PA";NA;NA;"ANANINDEUA";"Sim";"Rea��o tardia ou ineficiente do condutor";3;"Tombamento";"Com V�timas Feridas";"Pleno dia";"N�o Informado";"C�u Claro";"Simples";"Reta";"Sim";NA;NA;"NA/NA/NA";NA;"Testemunha";"N�o Informado";NA;"N�o Informado";0;0;0;0;-1,377841;-48,4051;"SPRF-GO";"DEL02-GO";"UOP01-DEL02-GO"
754925;1695098;2025-10-30;"quinta-feira";"13:40:00";"PA";NA;NA;"ANANINDEUA";"Sim";"Rea��o tardia ou ineficiente do condutor";2;"Queda de ocupante de ve�culo";"Com V�timas Feridas";"Pleno dia";"N�o Informado";"C�u Claro";"Simples";"Reta";"Sim";1349497;"Motocicleta";"TRIUMPH/TIGER 900 RALLYP/TIGER 900 RALLYP";2024;"Condutor";"Les�es Leves";29;"Masculino";0;1;0;0;-1,377841;-48,4051;"SPRF-GO";"DEL02-GO";"UOP01-DEL02-GO"
754925;1695099;2025-10-30;"quinta-feira";"13:40:00";"PA";NA;NA;"ANANINDEUA";"Sim";"Rea��o tardia ou ineficiente do condutor";2;"Queda de ocupante de ve�culo";"Com V�timas Feridas";"Pleno dia";"N�o Informado";"C�u Claro";"Simples";"Reta";"Sim";1349498;"Bicicleta";"CALOI/MONDO/MONDO";0;"Condutor";"Les�es Leves";16;"Feminino";0;1;0;0;-1,377841;-48,4051;"SPRF-GO";"DEL02-GO";"UOP01-DEL02-GO"
754925;1695100;2025-10-30;"quinta-feira";"13:40:00";"PA";NA;NA;"ANANINDEUA";"Sim";"Rea��o tardia ou ineficiente do condutor";2;"Queda de ocupante de ve�culo";"Com V�timas Feridas";"Pleno dia";"N�o Informado";"C�u Claro";"Simples";"Reta";"Sim";NA;NA;"NA/NA/NA";NA;"Testemunha";"N�o Informado";NA;"N�o Informado";0;0;0;0;-1,377841;-48,4051;"SPRF-GO";"DEL02-GO";"UOP01-DEL02-GO"
754925;1695098;2025-10-30;"quinta-feira";"13:40:00";"PA";NA;NA;"ANANINDEUA";"Sim";"Rea��o tardia ou ineficiente do condutor";1;"Colis�o transversal";"Com V�timas Feridas";"Pleno dia";"N�o Informado";"C�u Claro";"Simples";"Reta";"Sim";1349497;"Motocicleta";"TRIUMPH/TIGER 900 RALLYP/TIGER 900 RALLYP";2024;"Condutor";"Les�es Leves";29;"Masculino";0;1;0;0;-1,377841;-48,4051;"SPRF-GO";"DEL02-GO";"UOP01-DEL02-GO"
754925;1695099;2025-10-30;"quinta-feira";"13:40:00";"PA";NA;NA;"ANANINDEUA";"Sim";"Rea��o tardia ou ineficiente do condutor";1;"Colis�o transversal";"Com V�timas Feridas";"Pleno dia";"N�o Informado";"C�u Claro";"Simples";"Reta";"Sim";1349498;"Bicicleta";"CALOI/MONDO/MONDO";0;"Condutor";"Les�es Leves";16;"Feminino";0;1;0;0;-1,377841;-48,4051;"SPRF-GO";"DEL02-GO";"UOP01-DEL02-GO"
754925;1695100;2025-10-30;"quinta-feira";"13:40:00";"PA";NA;NA;"ANANINDEUA";"Sim";"Rea��o tardia ou ineficiente do condutor";1;"Colis�o transversal";"Com V�timas Feridas";"Pleno dia";"N�o Informado";"C�u Claro";"Simples";"Reta";"Sim";NA;NA;"NA/NA/NA";NA;"Testemunha";"N�o Informado";NA;"N�o Informado";0;0;0;0;-1,377841;-48,4051;"SPRF-GO";"DEL02-GO";"UOP01-DEL02-GO"
754987;1695226;2025-10-24;"sexta-feira";"18:30:00";"RJ";493;73;"NOVA IGUACU";"Sim";"Problema com o freio";1;"Inc�ndio";"Sem V�timas";"Plena Noite";"Decrescente";"C�u Claro";"Dupla";"Reta";"N�o";1349600;"Caminh�o";"VW/8.120 EURO3/8.120 EURO3";2011;"Condutor";"Ileso";27;"Masculino";1;0;0;0;-22,6878507;-43,5120167;"SPRF-RJ";"DEL01-RJ";"UOP03-DEL01-RJ"
754987;1695225;2025-10-24;"sexta-feira";"18:30:00";"RJ";493;73;"NOVA IGUACU";"Sim";"Problema com o freio";1;"Inc�ndio";"Sem V�timas";"Plena Noite";"Decrescente";"C�u Claro";"Dupla";"Reta";"N�o";1349600;"Caminh�o";"VW/8.120 EURO3/8.120 EURO3";2011;"Passageiro";"Ileso";52;"Masculino";1;0;0;0;-22,6878507;-43,5120167;"SPRF-RJ";"DEL01-RJ";"UOP03-DEL01-RJ"
755001;NA;2025-09-03;"quarta-feira";"09:50:00";"MA";316;268;"SANTA INES";"Sim";"Ultrapassagem Indevida";1;"Colis�o transversal";"Com V�timas Feridas";"Pleno dia";"Decrescente";"C�u Claro";"Simples";"Reta";"N�o";1349624;"Semireboque";"SR/RANDON SR FG/RANDON SR FG";2007;NA;NA;NA;NA;NA;NA;NA;NA;-3,693745;-45,327817;"SPRF-MA";"DEL02-MA";"UOP01-DEL02-MA"
755001;1695250;2025-09-03;"quarta-feira";"09:50:00";"MA";316;268;"SANTA INES";"Sim";"Ultrapassagem Indevida";1;"Colis�o transversal";"Com V�timas Feridas";"Pleno dia";"Decrescente";"C�u Claro";"Simples";"Reta";"N�o";1349623;"Autom�vel";"FIAT/SIENA ELX FLEX/SIENA ELX FLEX";2010;"Condutor";"Les�es Leves";48;"Feminino";0;1;0;0;-3,693745;-45,327817;"SPRF-MA";"DEL02-MA";"UOP01-DEL02-MA"