"id";"pesid";"data_inversa";"dia_semana";"horario";"uf";"br";"km";"municipio";"causa_principal";"causa_acidente";"ordem_tipo_acidente";"tipo_acidente";"classificacao_acidente";"fase_dia";"sentido_via";"condicao_metereologica";"tipo_pista";"tracado_via";"uso_solo";"id_veiculo";"tipo_veiculo";"marca";"ano_fabricacao_veiculo";"tipo_envolvido";"estado_fisico";"idade";"sexo";"ilesos";"feridos_leves";"feridos_graves";"mortos";"latitude";"longitude";"regional";"delegacia";"uop"
755001;1695249;2025-09-03;"quarta-feira";"09:50:00";"MA";316;268;"SANTA INES";"Sim";"Ultrapassagem Indevida";1;"Colis�o transversal";"Com V�timas Feridas";"Pleno dia";"Decrescente";"C�u Claro";"Simples";"Reta";"N�o";1349622;"Caminh�o-trator";"VW/25.420 CTC 6X2/25.420 CTC 6X2";2015;"Condutor";"Ileso";45;"Masculino";1;0;0;0;-3,693745;-45,327817;"SPRF-MA";"DEL02-MA";"UOP01-DEL02-MA"
755021;1695291;2025-12-31;"quarta-feira";"21:30:00";"ES";259;39;"COLATINA";"Sim";"Pedestre andava na pista";1;"Atropelamento de Pedestre";"Com V�timas Fatais";"Plena Noite";"Decrescente";"C�u Claro";"Simples";"Reta";"N�o";1349660;"Autom�vel";"N�o Informado/N�o Informado/N�o Informado";0;"Condutor";"N�o Informado";NA;"N�o Informado";0;0;0;0;-19,55231101;-40,56331637;"SPRF-ES";"DEL02-ES";"UOP01-DEL02-ES"
755021;1695292;2025-12-31;"quarta-feira";"21:30:00";"ES";259;39;"COLATINA";"Sim";"Pedestre andava na pista";1;"Atropelamento de Pedestre";"Com V�timas Fatais";"Plena Noite";"Decrescente";"C�u Claro";"Simples";"Reta";"N�o";NA;NA;"NA/NA/NA";NA;"Pedestre";"�bito";43;"Masculino";0;0;0;1;-19,55231101;-40,56331637;"SPRF-ES";"DEL02-ES";"UOP01-DEL02-ES"
755045;1695334;2025-11-15;"s�bado";"22:50:00";"MG";459;93;"CONGONHAL";"Sim";"Aus�ncia de rea��o do condutor";4;"Sa�da de leito carro��vel";"Com V�timas Fatais";"Plena Noite";"Crescente";"Garoa/Chuvisco";"Simples";"Curva;Declive";"N�o";1349701;"Autom�vel";"GM/CELTA 2P SPIRIT/CELTA 2P SPIRIT";2005;"Passageiro";"Les�es Leves";40;"Feminino";0;1;0;0;-22,174878;-46,000213;"SPRF-MG";"DEL09-MG";"UOP01-DEL09-MG"
755045;1695332;2025-11-15;"s�bado";"22:50:00";"MG";459;93;"CONGONHAL";"Sim";"Aus�ncia de rea��o do condutor";4;"Sa�da de leito carro��vel";"Com V�timas Fatais";"Plena Noite";"Crescente";"Garoa/Chuvisco";"Simples";"Curva;Declive";"N�o";1349701;"Autom�vel";"GM/CELTA 2P SPIRIT/CELTA 2P SPIRIT";2005;"Passageiro";"Les�es Leves";12;"Masculino";0;1;0;0;-22,174878;-46,000213;"SPRF-MG";"DEL09-MG";"UOP01-DEL09-MG"
755045;1695330;2025-11-15;"s�bado";"22:50:00";"MG";459;93;"CONGONHAL";"Sim";"Aus�ncia de rea��o do condutor";4;"Sa�da de leito carro��vel";"Com V�timas Fatais";"Plena Noite";"Crescente";"Garoa/Chuvisco";"Simples";"Curva;Declive";"N�o";1349701;"Autom�vel";"GM/CELTA 2P SPIRIT/CELTA 2P SPIRIT";2005;"Condutor";"Les�es Leves";53;"Masculino";0;1;0;0;-22,174878;-46,000213;"SPRF-MG";"DEL09-MG";"UOP01-DEL09-MG"
755045;1695329;2025-11-15;"s�bado";"22:50:00";"MG";459;93;"CONGONHAL";"Sim";"Aus�ncia de rea��o do condutor";4;"Sa�da de leito carro��vel";"Com V�timas Fatais";"Plena Noite";"Crescente";"Garoa/Chuvisco";"Simples";"Curva;Declive";"N�o";1349700;"Autom�vel";"VW/FOX 1.6 PRIME GII/FOX 1.6 PRIME GII";2011;"Condutor";"�bito";24;"Masculino";0;0;0;1;-22,174878;-46,000213;"SPRF-MG";"DEL09-MG";"UOP01-DEL09-MG"
755045;1695334;2025-11-15;"s�bado";"22:50:00";"MG";459;93;"CONGONHAL";"Sim";"Aus�ncia de rea��o do condutor";3;"Capotamento";"Com V�timas Fatais";"Plena Noite";"Crescente";"Garoa/Chuvisco";"Simples";"Curva;Declive";"N�o";1349701;"Autom�vel";"GM/CELTA 2P SPIRIT/CELTA 2P SPIRIT";2005;"Passageiro";"Les�es Leves";40;"Feminino";0;1;0;0;-22,174878;-46,000213;"SPRF-MG";"DEL09-MG";"UOP01-DEL09-MG"
755045;1695332;2025-11-15;"s�bado";"22:50:00";"MG";459;93;"CONGONHAL";"Sim";"Aus�ncia de rea��o do condutor";3;"Capotamento";"Com V�timas Fatais";"Plena Noite";"Crescente";"Garoa/Chuvisco";"Simples";"Curva;Declive";"N�o";1349701;"Autom�vel";"GM/CELTA 2P SPIRIT/CELTA 2P SPIRIT";2005;"Passageiro";"Les�es Leves";12;"Masculino";0;1;0;0;-22,174878;-46,000213;"SPRF-MG";"DEL09-MG";"UOP01-DEL09-MG"
755045;1695330;2025-11-15;"s�bado";"22:50:00";"MG";459;93;"CONGONHAL";"Sim";"Aus�ncia de rea��o do condutor";3;"Capotamento";"Com V�timas Fatais";"Plena Noite";"Crescente";"Garoa/Chuvisco";"Simples";"Curva;Declive";"N�o";1349701;"Autom�vel";"GM/CELTA 2P SPIRIT/CELTA 2P SPIRIT";2005;"Condutor";"Les�es Leves";53;"Masculino";0;1;0;0;-22,174878;-46,000213;"SPRF-MG";"DEL09-MG";"UOP01-DEL09-MG"
755045;1695329;2025-11-15;"s�bado";"22:50:00";"MG";459;93;"CONGONHAL";"Sim";"Aus�ncia de rea��o do condutor";3;"Capotamento";"Com V�timas Fatais";"Plena Noite";"Crescente";"Garoa/Chuvisco";"Simples";"Curva;Declive";"N�o";1349700;"Autom�vel";"VW/FOX 1.6 PRIME GII/FOX 1.6 PRIME GII";2011;"Condutor";"�bito";24;"Masculino";0;0;0;1;-22,174878;-46,000213;"SPRF-MG";"DEL09-MG";"UOP01-DEL09-MG"
755045;1695334;2025-11-15;"s�bado";"22:50:00";"MG";459;93;"CONGONHAL";"Sim";"Aus�ncia de rea��o do condutor";2;"Colis�o com objeto";"Com V�timas Fatais";"Plena Noite";"Crescente";"Garoa/Chuvisco";"Simples";"Curva;Declive";"N�o";1349701;"Autom�vel";"GM/CELTA 2P SPIRIT/CELTA 2P SPIRIT";2005;"Passageiro";"Les�es Leves";40;"Feminino";0;1;0;0;-22,174878;-46,000213;"SPRF-MG";"DEL09-MG";"UOP01-DEL09-MG"
755045;1695332;2025-11-15;"s�bado";"22:50:00";"MG";459;93;"CONGONHAL";"Sim";"Aus�ncia de rea��o do condutor";2;"Colis�o com objeto";"Com V�timas Fatais";"Plena Noite";"Crescente";"Garoa/Chuvisco";"Simples";"Curva;Declive";"N�o";1349701;"Autom�vel";"GM/CELTA 2P SPIRIT/CELTA 2P SPIRIT";2005;"Passageiro";"Les�es Leves";12;"Masculino";0;1;0;0;-22,174878;-46,000213;"SPRF-MG";"DEL09-MG";"UOP01-DEL09-MG"
755045;1695330;2025-11-15;"s�bado";"22:50:00";"MG";459;93;"CONGONHAL";"Sim";"Aus�ncia de rea��o do condutor";2;"Colis�o com objeto";"Com V�timas Fatais";"Plena Noite";"Crescente";"Garoa/Chuvisco";"Simples";"Curva;Declive";"N�o";1349701;"Autom�vel";"GM/CELTA 2P SPIRIT/CELTA 2P SPIRIT";2005;"Condutor";"Les�es Leves";53;"Masculino";0;1;0;0;-22,174878;-46,000213;"SPRF-MG";"DEL09-MG";"UOP01-DEL09-MG"
755045;1695329;2025-11-15;"s�bado";"22:50:00";"MG";459;93;"CONGONHAL";"Sim";"Aus�ncia de rea��o do condutor";2;"Colis�o com objeto";"Com V�timas Fatais";"Plena Noite";"Crescente";"Garoa/Chuvisco";"Simples";"Curva;Declive";"N�o";1349700;"Autom�vel";"VW/FOX 1.6 PRIME GII/FOX 1.6 PRIME GII";2011;"Condutor";"�bito";24;"Masculino";0;0;0;1;-22,174878;-46,000213;"SPRF-MG";"DEL09-MG";"UOP01-DEL09-MG"
755045;1695334;2025-11-15;"s�bado";"22:50:00";"MG";459;93;"CONGONHAL";"Sim";"Aus�ncia de rea��o do condutor";1;"Colis�o frontal";"Com V�timas Fatais";"Plena Noite";"Crescente";"Garoa/Chuvisco";"Simples";"Curva;Declive";"N�o";1349701;"Autom�vel";"GM/CELTA 2P SPIRIT/CELTA 2P SPIRIT";2005;"Passageiro";"Les�es Leves";40;"Feminino";0;1;0;0;-22,174878;-46,000213;"SPRF-MG";"DEL09-MG";"UOP01-DEL09-MG"
755045;1695332;2025-11-15;"s�bado";"22:50:00";"MG";459;93;"CONGONHAL";"Sim";"Aus�ncia de rea��o do condutor";1;"Colis�o frontal";"Com V�timas Fatais";"Plena Noite";"Crescente";"Garoa/Chuvisco";"Simples";"Curva;Declive";"N�o";1349701;"Autom�vel";"GM/CELTA 2P SPIRIT/CELTA 2P SPIRIT";2005;"Passageiro";"Les�es Leves";12;"Masculino";0;1;0;0;-22,174878;-46,000213;"SPRF-MG";"DEL09-MG";"UOP01-DEL09-MG"
755045;1695330;2025-11-15;"s�bado";"22:50:00";"MG";459;93;"CONGONHAL";"Sim";"Aus�ncia de rea��o do condutor";1;"Colis�o frontal";"Com V�timas Fatais";"Plena Noite";"Crescente";"Garoa/Chuvisco";"Simples";"Curva;Declive";"N�o";1349701;"Autom�vel";"GM/CELTA 2P SPIRIT/CELTA 2P SPIRIT";2005;"Condutor";"Les�es Leves";53;"Masculino";0;1;0;0;-22,174878;-46,000213;"SPRF-MG";"DEL09-MG";"UOP01-DEL09-MG"
755045;1695329;2025-11-15;"s�bado";"22:50:00";"MG";459;93;"CONGONHAL";"Sim";"Aus�ncia de rea��o do condutor";1;"Colis�o frontal";"Com V�timas Fatais";"Plena Noite";"Crescente";"Garoa/Chuvisco";"Simples";"Curva;Declive";"N�o";1349700;"Autom�vel";"VW/FOX 1.6 PRIME GII/FOX 1.6 PRIME GII";2011;"Condutor";"�bito";24;"Masculino";0;0;0;1;-22,174878;-46,000213;"SPRF-MG";"DEL09-MG";"UOP01-DEL09-MG"
755045;1695334;2025-11-15;"s�bado";"22:50:00";"MG";459;93;"CONGONHAL";"N�o";"Pista Escorregadia";4;"Sa�da de leito carro��vel";"Com V�timas Fatais";"Plena Noite";"Crescente";"Garoa/Chuvisco";"Simples";"Curva;Declive";"N�o";1349701;"Autom�vel";"GM/CELTA 2P SPIRIT/CELTA 2P SPIRIT";2005;"Passageiro";"Les�es Leves";40;"Feminino";0;1;0;0;-22,174878;-46,000213;"SPRF-MG";"DEL09-MG";"UOP01-DEL09-MG"
755045;1695332;2025-11-15;"s�bado";"22:50:00";"MG";459;93;"CONGONHAL";"N�o";"Pista Escorregadia";4;"Sa�da de leito carro��vel";"Com V�timas Fatais";"Plena Noite";"Crescente";"Garoa/Chuvisco";"Simples";"Curva;Declive";"N�o";1349701;"Autom�vel";"GM/CELTA 2P SPIRIT/CELTA 2P SPIRIT";2005;"Passageiro";"Les�es Leves";12;"Masculino";0;1;0;0;-22,174878;-46,000213;"SPRF-MG";"DEL09-MG";"UOP01-DEL09-MG"
755045;1695330;2025-11-15;"s�bado";"22:50:00";"MG";459;93;"CONGONHAL";"N�o";"Pista Escorregadia";4;"Sa�da de leito carro��vel";"Com V�timas Fatais";"Plena Noite";"Crescente";"Garoa/Chuvisco";"Simples";"Curva;Declive";"N�o";1349701;"Autom�vel";"GM/CELTA 2P SPIRIT/CELTA 2P SPIRIT";2005;"Condutor";"Les�es Leves";53;"Masculino";0;1;0;0;-22,174878;-46,000213;"SPRF-MG";"DEL09-MG";"UOP01-DEL09-MG"
755045;1695329;2025-11-15;"s�bado";"22:50:00";"MG";459;93;"CONGONHAL";"N�o";"Pista Escorregadia";4;"Sa�da de leito carro��vel";"Com V�timas Fatais";"Plena Noite";"Crescente";"Garoa/Chuvisco";"Simples";"Curva;Declive";"N�o";1349700;"Autom�vel";"VW/FOX 1.6 PRIME GII/FOX 1.6 PRIME GII";2011;"Condutor";"�bito";24;"Masculino";0;0;0;1;-22,174878;-46,000213;"SPRF-MG";"DEL09-MG";"UOP01-DEL09-MG"
755045;1695334;2025-11-15;"s�bado";"22:50:00";"MG";459;93;"CONGONHAL";"N�o";"Pista Escorregadia";3;"Capotamento";"Com V�timas Fatais";"Plena Noite";"Crescente";"Garoa/Chuvisco";"Simples";"Curva;Declive";"N�o";1349701;"Autom�vel";"GM/CELTA 2P SPIRIT/CELTA 2P SPIRIT";2005;"Passageiro";"Les�es Leves";40;"Feminino";0;1;0;0;-22,174878;-46,000213;"SPRF-MG";"DEL09-MG";"UOP01-DEL09-MG"
755045;1695332;2025-11-15;"s�bado";"22:50:00";"MG";459;93;"CONGONHAL";"N�o";"Pista Escorregadia";3;"Capotamento";"Com V�timas Fatais";"Plena Noite";"Crescente";"Garoa/Chuvisco";"Simples";"Curva;Declive";"N�o";1349701;"Autom�vel";"GM/CELTA 2P SPIRIT/CELTA 2P SPIRIT";2005;"Passageiro";"Les�es Leves";12;"Masculino";0;1;0;0;-22,174878;-46,000213;"SPRF-MG";"DEL09-MG";"UOP01-DEL09-MG"
755045;1695330;2025-11-15;"s�bado";"22:50:00";"MG";459;93;"CONGONHAL";"N�o";"Pista Escorregadia";3;"Capotamento";"Com V�timas Fatais";"Plena Noite";"Crescente";"Garoa/Chuvisco";"Simples";"Curva;Declive";"N�o";1349701;"Autom�vel";"GM/CELTA 2P SPIRIT/CELTA 2P SPIRIT";2005;"Condutor";"Les�es Leves";53;"Masculino";0;1;0;0;-22,174878;-46,000213;"SPRF-MG";"DEL09-MG";"UOP01-DEL09-MG"
755045;1695329;2025-11-15;"s�bado";"22:50:00";"MG";459;93;"CONGONHAL";"N�o";"Pista Escorregadia";3;"Capotamento";"Com V�timas Fatais";"Plena Noite";"Crescente";"Garoa/Chuvisco";"Simples";"Curva;Declive";"N�o";1349700;"Autom�vel";"VW/FOX 1.6 PRIME GII/FOX 1.6 PRIME GII";2011;"Condutor";"�bito";24;"Masculino";0;0;0;1;-22,174878;-46,000213;"SPRF-MG";"DEL09-MG";"UOP01-DEL09-MG"
755045;1695334;2025-11-15;"s�bado";"22:50:00";"MG";459;93;"CONGONHAL";"N�o";"Pista Escorregadia";2;"Colis�o com objeto";"Com V�timas Fatais";"Plena Noite";"Crescente";"Garoa/Chuvisco";"Simples";"Curva;Declive";"N�o";1349701;"Autom�vel";"GM/CELTA 2P SPIRIT/CELTA 2P SPIRIT";2005;"Passageiro";"Les�es Leves";40;"Feminino";0;1;0;0;-22,174878;-46,000213;"SPRF-MG";"DEL09-MG";"UOP01-DEL09-MG"
755045;1695332;2025-11-15;"s�bado";"22:50:00";"MG";459;93;"CONGONHAL";"N�o";"Pista Escorregadia";2;"Colis�o com objeto";"Com V�timas Fatais";"Plena Noite";"Crescente";"Garoa/Chuvisco";"Simples";"Curva;Declive";"N�o";1349701;"Autom�vel";"GM/CELTA 2P SPIRIT/CELTA 2P SPIRIT";2005;"Passageiro";"Les�es Leves";12;"Masculino";0;1;0;0;-22,174878;-46,000213;"SPRF-MG";"DEL09-MG";"UOP01-DEL09-MG"
755045;1695330;2025-11-15;"s�bado";"22:50:00";"MG";459;93;"CONGONHAL";"N�o";"Pista Escorregadia";2;"Colis�o com objeto";"Com V�timas Fatais";"Plena Noite";"Crescente";"Garoa/Chuvisco";"Simples";"Curva;Declive";"N�o";1349701;"Autom�vel";"GM/CELTA 2P SPIRIT/CELTA 2P SPIRIT";2005;"Condutor";"Les�es Leves";53;"Masculino";0;1;0;0;-22,174878;-46,000213;"SPRF-MG";"DEL09-MG";"UOP01-DEL09-MG"
755045;1695329;2025-11-15;"s�bado";"22:50:00";"MG";459;93;"CONGONHAL";"N�o";"Pista Escorregadia";2;"Colis�o com objeto";"Com V�timas Fatais";"Plena Noite";"Crescente";"Garoa/Chuvisco";"Simples";"Curva;Declive";"N�o";1349700;"Autom�vel";"VW/FOX 1.6 PRIME GII/FOX 1.6 PRIME GII";2011;"Condutor";"�bito";24;"Masculino";0;0;0;1;-22,174878;-46,000213;"SPRF-MG";"DEL09-MG";"UOP01-DEL09-MG"
755045;1695334;2025-11-15;"s�bado";"22:50:00";"MG";459;93;"CONGONHAL";"N�o";"Pista Escorregadia";1;"Colis�o frontal";"Com V�timas Fatais";"Plena Noite";"Crescente";"Garoa/Chuvisco";"Simples";"Curva;Declive";"N�o";1349701;"Autom�vel";"GM/CELTA 2P SPIRIT/CELTA 2P SPIRIT";2005;"Passageiro";"Les�es Leves";40;"Feminino";0;1;0;0;-22,174878;-46,000213;"SPRF-MG";"DEL09-MG";"UOP01-DEL09-MG"
755045;1695332;2025-11-15;"s�bado";"22:50:00";"MG";459;93;"CONGONHAL";"N�o";"Pista Escorregadia";1;"Colis�o frontal";"Com V�timas Fatais";"Plena Noite";"Crescente";"Garoa/Chuvisco";"Simples";"Curva;Declive";"N�o";1349701;"Autom�vel";"GM/CELTA 2P SPIRIT/CELTA 2P SPIRIT";2005;"Passageiro";"Les�es Leves";12;"Masculino";0;1;0;0;-22,174878;-46,000213;"SPRF-MG";"DEL09-MG";"UOP01-DEL09-MG"
755045;1695330;2025-11-15;"s�bado";"22:50:00";"MG";459;93;"CONGONHAL";"N�o";"Pista Escorregadia";1;"Colis�o frontal";"Com V�timas Fatais";"Plena Noite";"Crescente";"Garoa/Chuvisco";"Simples";"Curva;Declive";"N�o";1349701;"Autom�vel";"GM/CELTA 2P SPIRIT/CELTA 2P SPIRIT";2005;"Condutor";"Les�es Leves";53;"Masculino";0;1;0;0;-22,174878;-46,000213;"SPRF-MG";"DEL09-MG";"UOP01-DEL09-MG"
755045;1695329;2025-11-15;"s�bado";"22:50:00";"MG";459;93;"CONGONHAL";"N�o";"Pista Escorregadia";1;"Colis�o frontal";"Com V�timas Fatais";"Plena Noite";"Crescente";"Garoa/Chuvisco";"Simples";"Curva;Declive";"N�o";1349700;"Autom�vel";"VW/FOX 1.6 PRIME GII/FOX 1.6 PRIME GII";2011;"Condutor";"�bito";24;"Masculino";0;0;0;1;-22,174878;-46,000213;"SPRF-MG";"DEL09-MG";"UOP01-DEL09-MG"
755105;1695520;2025-09-23;"ter�a-feira";"01:45:00";"MG";262;48,5;"MANHUACU";"N�o";"Rea��o tardia ou ineficiente do condutor";3;"Capotamento";"Com V�timas Feridas";"Plena Noite";"Decrescente";"Chuva";"Simples";"Curva";"N�o";1349812;"�nibus";"VOLVO/MPOLO PARADISO R/MPOLO PARADISO R";2011;"Passageiro";"Les�es Graves";57;"Feminino";0;0;1;0;-20,24426377;-42,13615895;"SPRF-MG";"DEL06-MG";"UOP03-DEL06-MG"
755105;1695519;2025-09-23;"ter�a-feira";"01:45:00";"MG";262;48,5;"MANHUACU";"N�o";"Rea��o tardia ou ineficiente do condutor";3;"Capotamento";"Com V�timas Feridas";"Plena Noite";"Decrescente";"Chuva";"Simples";"Curva";"N�o";1349812;"�nibus";"VOLVO/MPOLO PARADISO R/MPOLO PARADISO R";2011;"Passageiro";"Les�es Graves";41;"Masculino";0;0;1;0;-20,24426377;-42,13615895;"SPRF-MG";"DEL06-MG";"UOP03-DEL06-MG"
755105;1695518;2025-09-23;"ter�a-feira";"01:45:00";"MG";262;48,5;"MANHUACU";"N�o";"Rea��o tardia ou ineficiente do condutor";3;"Capotamento";"Com V�timas Feridas";"Plena Noite";"Decrescente";"Chuva";"Simples";"Curva";"N�o";1349812;"�nibus";"VOLVO/MPOLO PARADISO R/MPOLO PARADISO R";2011;"Passageiro";"Les�es Graves";42;"Feminino";0;0;1;0;-20,24426377;-42,13615895;"SPRF-MG";"DEL06-MG";"UOP03-DEL06-MG"
755105;1695517;2025-09-23;"ter�a-feira";"01:45:00";"MG";262;48,5;"MANHUACU";"N�o";"Rea��o tardia ou ineficiente do condutor";3;"Capotamento";"Com V�timas Feridas";"Plena Noite";"Decrescente";"Chuva";"Simples";"Curva";"N�o";1349812;"�nibus";"VOLVO/MPOLO PARADISO R/MPOLO PARADISO R";2011;"Passageiro";"Les�es Leves";43;"Feminino";0;1;0;0;-20,24426377;-42,13615895;"SPRF-MG";"DEL06-MG";"UOP03-DEL06-MG"
755105;1695516;2025-09-23;"ter�a-feira";"01:45:00";"MG";262;48,5;"MANHUACU";"N�o";"Rea��o tardia ou ineficiente do condutor";3;"Capotamento";"Com V�timas Feridas";"Plena Noite";"Decrescente";"Chuva";"Simples";"Curva";"N�o";1349812;"�nibus";"VOLVO/MPOLO PARADISO R/MPOLO PARADISO R";2011;"Passageiro";"Les�es Leves";39;"Feminino";0;1;0;0;-20,24426377;-42,13615895;"SPRF-MG";"DEL06-MG";"UOP03-DEL06-MG"
755105;1695515;2025-09-23;"ter�a-feira";"01:45:00";"MG";262;48,5;"MANHUACU";"N�o";"Rea��o tardia ou ineficiente do condutor";3;"Capotamento";"Com V�timas Feridas";"Plena Noite";"Decrescente";"Chuva";"Simples";"Curva";"N�o";1349812;"�nibus";"VOLVO/MPOLO PARADISO R/MPOLO PARADISO R";2011;"Passageiro";"Les�es Graves";47;"Feminino";0;0;1;0;-20,24426377;-42,13615895;"SPRF-MG";"DEL06-MG";"UOP03-DEL06-MG"
755105;1695514;2025-09-23;"ter�a-feira";"01:45:00";"MG";262;48,5;"MANHUACU";"N�o";"Rea��o tardia ou ineficiente do condutor";3;"Capotamento";"Com V�timas Feridas";"Plena Noite";"Decrescente";"Chuva";"Simples";"Curva";"N�o";1349812;"�nibus";"VOLVO/MPOLO PARADISO R/MPOLO PARADISO R";2011;"Passageiro";"Les�es Leves";49;"Feminino";0;1;0;0;-20,24426377;-42,13615895;"SPRF-MG";"DEL06-MG";"UOP03-DEL06-MG"
755105;1695513;2025-09-23;"ter�a-feira";"01:45:00";"MG";262;48,5;"MANHUACU";"N�o";"Rea��o tardia ou ineficiente do condutor";3;"Capotamento";"Com V�timas Feridas";"Plena Noite";"Decrescente";"Chuva";"Simples";"Curva";"N�o";1349812;"�nibus";"VOLVO/MPOLO PARADISO R/MPOLO PARADISO R";2011;"Passageiro";"Les�es Leves";21;"Masculino";0;1;0;0;-20,24426377;-42,13615895;"SPRF-MG";"DEL06-MG";"UOP03-DEL06-MG"
755105;1695512;2025-09-23;"ter�a-feira";"01:45:00";"MG";262;48,5;"MANHUACU";"N�o";"Rea��o tardia ou ineficiente do condutor";3;"Capotamento";"Com V�timas Feridas";"Plena Noite";"Decrescente";"Chuva";"Simples";"Curva";"N�o";1349812;"�nibus";"VOLVO/MPOLO PARADISO R/MPOLO PARADISO R";2011;"Passageiro";"Les�es Leves";17;"Feminino";0;1;0;0;-20,24426377;-42,13615895;"SPRF-MG";"DEL06-MG";"UOP03-DEL06-MG"
755105;1695511;2025-09-23;"ter�a-feira";"01:45:00";"MG";262;48,5;"MANHUACU";"N�o";"Rea��o tardia ou ineficiente do condutor";3;"Capotamento";"Com V�timas Feridas";"Plena Noite";"Decrescente";"Chuva";"Simples";"Curva";"N�o";1349812;"�nibus";"VOLVO/MPOLO PARADISO R/MPOLO PARADISO R";2011;"Passageiro";"Les�es Leves";73;"Feminino";0;1;0;0;-20,24426377;-42,13615895;"SPRF-MG";"DEL06-MG";"UOP03-DEL06-MG"
755105;1695510;2025-09-23;"ter�a-feira";"01:45:00";"MG";262;48,5;"MANHUACU";"N�o";"Rea��o tardia ou ineficiente do condutor";3;"Capotamento";"Com V�timas Feridas";"Plena Noite";"Decrescente";"Chuva";"Simples";"Curva";"N�o";1349812;"�nibus";"VOLVO/MPOLO PARADISO R/MPOLO PARADISO R";2011;"Passageiro";"Les�es Leves";58;"Feminino";0;1;0;0;-20,24426377;-42,13615895;"SPRF-MG";"DEL06-MG";"UOP03-DEL06-MG"
755105;1695509;2025-09-23;"ter�a-feira";"01:45:00";"MG";262;48,5;"MANHUACU";"N�o";"Rea��o tardia ou ineficiente do condutor";3;"Capotamento";"Com V�timas Feridas";"Plena Noite";"Decrescente";"Chuva";"Simples";"Curva";"N�o";1349812;"�nibus";"VOLVO/MPOLO PARADISO R/MPOLO PARADISO R";2011;"Condutor";"Ileso";56;"Masculino";1;0;0;0;-20,24426377;-42,13615895;"SPRF-MG";"DEL06-MG";"UOP03-DEL06-MG"
755105;1695508;2025-09-23;"ter�a-feira";"01:45:00";"MG";262;48,5;"MANHUACU";"N�o";"Rea��o tardia ou ineficiente do condutor";3;"Capotamento";"Com V�timas Feridas";"Plena Noite";"Decrescente";"Chuva";"Simples";"Curva";"N�o";1349812;"�nibus";"VOLVO/MPOLO PARADISO R/MPOLO PARADISO R";2011;"Passageiro";"Ileso";22;"Masculino";1;0;0;0;-20,24426377;-42,13615895;"SPRF-MG";"DEL06-MG";"UOP03-DEL06-MG"
755105;1695507;2025-09-23;"ter�a-feira";"01:45:00";"MG";262;48,5;"MANHUACU";"N�o";"Rea��o tardia ou ineficiente do condutor";3;"Capotamento";"Com V�timas Feridas";"Plena Noite";"Decrescente";"Chuva";"Simples";"Curva";"N�o";1349812;"�nibus";"VOLVO/MPOLO PARADISO R/MPOLO PARADISO R";2011;"Passageiro";"Les�es Leves";48;"Masculino";0;1;0;0;-20,24426377;-42,13615895;"SPRF-MG";"DEL06-MG";"UOP03-DEL06-MG"
755105;1695506;2025-09-23;"ter�a-feira";"01:45:00";"MG";262;48,5;"MANHUACU";"N�o";"Rea��o tardia ou ineficiente do condutor";3;"Capotamento";"Com V�timas Feridas";"Plena Noite";"Decrescente";"Chuva";"Simples";"Curva";"N�o";1349812;"�nibus";"VOLVO/MPOLO PARADISO R/MPOLO PARADISO R";2011;"Passageiro";"Les�es Leves";65;"Masculino";0;1;0;0;-20,24426377;-42,13615895;"SPRF-MG";"DEL06-MG";"UOP03-DEL06-MG"
755105;1695505;2025-09-23;"ter�a-feira";"01:45:00";"MG";262;48,5;"MANHUACU";"N�o";"Rea��o tardia ou ineficiente do condutor";3;"Capotamento";"Com V�timas Feridas";"Plena Noite";"Decrescente";"Chuva";"Simples";"Curva";"N�o";1349812;"�nibus";"VOLVO/MPOLO PARADISO R/MPOLO PARADISO R";2011;"Passageiro";"Les�es Leves";50;"Feminino";0;1;0;0;-20,24426377;-42,13615895;"SPRF-MG";"DEL06-MG";"UOP03-DEL06-MG"
755105;1695504;2025-09-23;"ter�a-feira";"01:45:00";"MG";262;48,5;"MANHUACU";"N�o";"Rea��o tardia ou ineficiente do condutor";3;"Capotamento";"Com V�timas Feridas";"Plena Noite";"Decrescente";"Chuva";"Simples";"Curva";"N�o";1349812;"�nibus";"VOLVO/MPOLO PARADISO R/MPOLO PARADISO R";2011;"Passageiro";"Ileso";18;"Feminino";1;0;0;0;-20,24426377;-42,13615895;"SPRF-MG";"DEL06-MG";"UOP03-DEL06-MG"
755105;1695503;2025-09-23;"ter�a-feira";"01:45:00";"MG";262;48,5;"MANHUACU";"N�o";"Rea��o tardia ou ineficiente do condutor";3;"Capotamento";"Com V�timas Feridas";"Plena Noite";"Decrescente";"Chuva";"Simples";"Curva";"N�o";1349812;"�nibus";"VOLVO/MPOLO PARADISO R/MPOLO PARADISO R";2011;"Passageiro";"Ileso";22;"Feminino";1;0;0;0;-20,24426377;-42,13615895;"SPRF-MG";"DEL06-MG";"UOP03-DEL06-MG"