"id";"pesid";"data_inversa";"dia_semana";"horario";"uf";"br";"km";"municipio";"causa_principal";"causa_acidente";"ordem_tipo_acidente";"tipo_acidente";"classificacao_acidente";"fase_dia";"sentido_via";"condicao_metereologica";"tipo_pista";"tracado_via";"uso_solo";"id_veiculo";"tipo_veiculo";"marca";"ano_fabricacao_veiculo";"tipo_envolvido";"estado_fisico";"idade";"sexo";"ilesos";"feridos_leves";"feridos_graves";"mortos";"latitude";"longitude";"regional";"delegacia";"uop"
755105;1695493;2025-09-23;"ter�a-feira";"01:45:00";"MG";262;48,5;"MANHUACU";"N�o";"Acumulo de �gua sobre o pavimento";2;"Colis�o com objeto";"Com V�timas Feridas";"Plena Noite";"Decrescente";"Chuva";"Simples";"Curva";"N�o";1349812;"�nibus";"VOLVO/MPOLO PARADISO R/MPOLO PARADISO R";2011;"Passageiro";"Les�es Graves";22;"Masculino";0;0;1;0;-20,24426377;-42,13615895;"SPRF-MG";"DEL06-MG";"UOP03-DEL06-MG"
755105;1695492;2025-09-23;"ter�a-feira";"01:45:00";"MG";262;48,5;"MANHUACU";"N�o";"Acumulo de �gua sobre o pavimento";2;"Colis�o com objeto";"Com V�timas Feridas";"Plena Noite";"Decrescente";"Chuva";"Simples";"Curva";"N�o";1349812;"�nibus";"VOLVO/MPOLO PARADISO R/MPOLO PARADISO R";2011;"Passageiro";"Les�es Graves";0;"Masculino";0;0;1;0;-20,24426377;-42,13615895;"SPRF-MG";"DEL06-MG";"UOP03-DEL06-MG"
755105;1695491;2025-09-23;"ter�a-feira";"01:45:00";"MG";262;48,5;"MANHUACU";"N�o";"Acumulo de �gua sobre o pavimento";2;"Colis�o com objeto";"Com V�timas Feridas";"Plena Noite";"Decrescente";"Chuva";"Simples";"Curva";"N�o";1349812;"�nibus";"VOLVO/MPOLO PARADISO R/MPOLO PARADISO R";2011;"Passageiro";"Les�es Graves";58;"Feminino";0;0;1;0;-20,24426377;-42,13615895;"SPRF-MG";"DEL06-MG";"UOP03-DEL06-MG"
755105;1695490;2025-09-23;"ter�a-feira";"01:45:00";"MG";262;48,5;"MANHUACU";"N�o";"Acumulo de �gua sobre o pavimento";2;"Colis�o com objeto";"Com V�timas Feridas";"Plena Noite";"Decrescente";"Chuva";"Simples";"Curva";"N�o";1349812;"�nibus";"VOLVO/MPOLO PARADISO R/MPOLO PARADISO R";2011;"Passageiro";"Ileso";25;"Masculino";1;0;0;0;-20,24426377;-42,13615895;"SPRF-MG";"DEL06-MG";"UOP03-DEL06-MG"
755105;1695489;2025-09-23;"ter�a-feira";"01:45:00";"MG";262;48,5;"MANHUACU";"N�o";"Acumulo de �gua sobre o pavimento";2;"Colis�o com objeto";"Com V�timas Feridas";"Plena Noite";"Decrescente";"Chuva";"Simples";"Curva";"N�o";1349812;"�nibus";"VOLVO/MPOLO PARADISO R/MPOLO PARADISO R";2011;"Passageiro";"Les�es Graves";56;"Feminino";0;0;1;0;-20,24426377;-42,13615895;"SPRF-MG";"DEL06-MG";"UOP03-DEL06-MG"
755105;1695488;2025-09-23;"ter�a-feira";"01:45:00";"MG";262;48,5;"MANHUACU";"N�o";"Acumulo de �gua sobre o pavimento";2;"Colis�o com objeto";"Com V�timas Feridas";"Plena Noite";"Decrescente";"Chuva";"Simples";"Curva";"N�o";1349812;"�nibus";"VOLVO/MPOLO PARADISO R/MPOLO PARADISO R";2011;"Passageiro";"Les�es Leves";53;"Feminino";0;1;0;0;-20,24426377;-42,13615895;"SPRF-MG";"DEL06-MG";"UOP03-DEL06-MG"
755105;1695487;2025-09-23;"ter�a-feira";"01:45:00";"MG";262;48,5;"MANHUACU";"N�o";"Acumulo de �gua sobre o pavimento";2;"Colis�o com objeto";"Com V�timas Feridas";"Plena Noite";"Decrescente";"Chuva";"Simples";"Curva";"N�o";1349812;"�nibus";"VOLVO/MPOLO PARADISO R/MPOLO PARADISO R";2011;"Passageiro";"Les�es Graves";77;"Feminino";0;0;1;0;-20,24426377;-42,13615895;"SPRF-MG";"DEL06-MG";"UOP03-DEL06-MG"
755105;1695486;2025-09-23;"ter�a-feira";"01:45:00";"MG";262;48,5;"MANHUACU";"N�o";"Acumulo de �gua sobre o pavimento";2;"Colis�o com objeto";"Com V�timas Feridas";"Plena Noite";"Decrescente";"Chuva";"Simples";"Curva";"N�o";1349812;"�nibus";"VOLVO/MPOLO PARADISO R/MPOLO PARADISO R";2011;"Passageiro";"Ileso";31;"Feminino";1;0;0;0;-20,24426377;-42,13615895;"SPRF-MG";"DEL06-MG";"UOP03-DEL06-MG"
755105;1695485;2025-09-23;"ter�a-feira";"01:45:00";"MG";262;48,5;"MANHUACU";"N�o";"Acumulo de �gua sobre o pavimento";2;"Colis�o com objeto";"Com V�timas Feridas";"Plena Noite";"Decrescente";"Chuva";"Simples";"Curva";"N�o";1349812;"�nibus";"VOLVO/MPOLO PARADISO R/MPOLO PARADISO R";2011;"Passageiro";"Ileso";25;"Masculino";1;0;0;0;-20,24426377;-42,13615895;"SPRF-MG";"DEL06-MG";"UOP03-DEL06-MG"
755105;1695484;2025-09-23;"ter�a-feira";"01:45:00";"MG";262;48,5;"MANHUACU";"N�o";"Acumulo de �gua sobre o pavimento";2;"Colis�o com objeto";"Com V�timas Feridas";"Plena Noite";"Decrescente";"Chuva";"Simples";"Curva";"N�o";1349812;"�nibus";"VOLVO/MPOLO PARADISO R/MPOLO PARADISO R";2011;"Passageiro";"Ileso";14;"Feminino";1;0;0;0;-20,24426377;-42,13615895;"SPRF-MG";"DEL06-MG";"UOP03-DEL06-MG"
755105;1695483;2025-09-23;"ter�a-feira";"01:45:00";"MG";262;48,5;"MANHUACU";"N�o";"Acumulo de �gua sobre o pavimento";2;"Colis�o com objeto";"Com V�timas Feridas";"Plena Noite";"Decrescente";"Chuva";"Simples";"Curva";"N�o";1349812;"�nibus";"VOLVO/MPOLO PARADISO R/MPOLO PARADISO R";2011;"Passageiro";"Ileso";32;"Masculino";1;0;0;0;-20,24426377;-42,13615895;"SPRF-MG";"DEL06-MG";"UOP03-DEL06-MG"
755105;1695482;2025-09-23;"ter�a-feira";"01:45:00";"MG";262;48,5;"MANHUACU";"N�o";"Acumulo de �gua sobre o pavimento";2;"Colis�o com objeto";"Com V�timas Feridas";"Plena Noite";"Decrescente";"Chuva";"Simples";"Curva";"N�o";1349812;"�nibus";"VOLVO/MPOLO PARADISO R/MPOLO PARADISO R";2011;"Passageiro";"Ileso";29;"Feminino";1;0;0;0;-20,24426377;-42,13615895;"SPRF-MG";"DEL06-MG";"UOP03-DEL06-MG"
755105;1695481;2025-09-23;"ter�a-feira";"01:45:00";"MG";262;48,5;"MANHUACU";"N�o";"Acumulo de �gua sobre o pavimento";2;"Colis�o com objeto";"Com V�timas Feridas";"Plena Noite";"Decrescente";"Chuva";"Simples";"Curva";"N�o";1349812;"�nibus";"VOLVO/MPOLO PARADISO R/MPOLO PARADISO R";2011;"Passageiro";"Les�es Leves";65;"Masculino";0;1;0;0;-20,24426377;-42,13615895;"SPRF-MG";"DEL06-MG";"UOP03-DEL06-MG"
755105;1695480;2025-09-23;"ter�a-feira";"01:45:00";"MG";262;48,5;"MANHUACU";"N�o";"Acumulo de �gua sobre o pavimento";2;"Colis�o com objeto";"Com V�timas Feridas";"Plena Noite";"Decrescente";"Chuva";"Simples";"Curva";"N�o";1349812;"�nibus";"VOLVO/MPOLO PARADISO R/MPOLO PARADISO R";2011;"Passageiro";"Les�es Leves";27;"Feminino";0;1;0;0;-20,24426377;-42,13615895;"SPRF-MG";"DEL06-MG";"UOP03-DEL06-MG"
755105;1695479;2025-09-23;"ter�a-feira";"01:45:00";"MG";262;48,5;"MANHUACU";"N�o";"Acumulo de �gua sobre o pavimento";2;"Colis�o com objeto";"Com V�timas Feridas";"Plena Noite";"Decrescente";"Chuva";"Simples";"Curva";"N�o";1349812;"�nibus";"VOLVO/MPOLO PARADISO R/MPOLO PARADISO R";2011;"Passageiro";"Les�es Leves";22;"Feminino";0;1;0;0;-20,24426377;-42,13615895;"SPRF-MG";"DEL06-MG";"UOP03-DEL06-MG"
755105;1695478;2025-09-23;"ter�a-feira";"01:45:00";"MG";262;48,5;"MANHUACU";"N�o";"Acumulo de �gua sobre o pavimento";2;"Colis�o com objeto";"Com V�timas Feridas";"Plena Noite";"Decrescente";"Chuva";"Simples";"Curva";"N�o";1349812;"�nibus";"VOLVO/MPOLO PARADISO R/MPOLO PARADISO R";2011;"Passageiro";"Les�es Leves";28;"Masculino";0;1;0;0;-20,24426377;-42,13615895;"SPRF-MG";"DEL06-MG";"UOP03-DEL06-MG"
755105;1695520;2025-09-23;"ter�a-feira";"01:45:00";"MG";262;48,5;"MANHUACU";"N�o";"Acumulo de �gua sobre o pavimento";1;"Sa�da de leito carro��vel";"Com V�timas Feridas";"Plena Noite";"Decrescente";"Chuva";"Simples";"Curva";"N�o";1349812;"�nibus";"VOLVO/MPOLO PARADISO R/MPOLO PARADISO R";2011;"Passageiro";"Les�es Graves";57;"Feminino";0;0;1;0;-20,24426377;-42,13615895;"SPRF-MG";"DEL06-MG";"UOP03-DEL06-MG"
755105;1695519;2025-09-23;"ter�a-feira";"01:45:00";"MG";262;48,5;"MANHUACU";"N�o";"Acumulo de �gua sobre o pavimento";1;"Sa�da de leito carro��vel";"Com V�timas Feridas";"Plena Noite";"Decrescente";"Chuva";"Simples";"Curva";"N�o";1349812;"�nibus";"VOLVO/MPOLO PARADISO R/MPOLO PARADISO R";2011;"Passageiro";"Les�es Graves";41;"Masculino";0;0;1;0;-20,24426377;-42,13615895;"SPRF-MG";"DEL06-MG";"UOP03-DEL06-MG"
755105;1695518;2025-09-23;"ter�a-feira";"01:45:00";"MG";262;48,5;"MANHUACU";"N�o";"Acumulo de �gua sobre o pavimento";1;"Sa�da de leito carro��vel";"Com V�timas Feridas";"Plena Noite";"Decrescente";"Chuva";"Simples";"Curva";"N�o";1349812;"�nibus";"VOLVO/MPOLO PARADISO R/MPOLO PARADISO R";2011;"Passageiro";"Les�es Graves";42;"Feminino";0;0;1;0;-20,24426377;-42,13615895;"SPRF-MG";"DEL06-MG";"UOP03-DEL06-MG"
755105;1695517;2025-09-23;"ter�a-feira";"01:45:00";"MG";262;48,5;"MANHUACU";"N�o";"Acumulo de �gua sobre o pavimento";1;"Sa�da de leito carro��vel";"Com V�timas Feridas";"Plena Noite";"Decrescente";"Chuva";"Simples";"Curva";"N�o";1349812;"�nibus";"VOLVO/MPOLO PARADISO R/MPOLO PARADISO R";2011;"Passageiro";"Les�es Leves";43;"Feminino";0;1;0;0;-20,24426377;-42,13615895;"SPRF-MG";"DEL06-MG";"UOP03-DEL06-MG"
755105;1695516;2025-09-23;"ter�a-feira";"01:45:00";"MG";262;48,5;"MANHUACU";"N�o";"Acumulo de �gua sobre o pavimento";1;"Sa�da de leito carro��vel";"Com V�timas Feridas";"Plena Noite";"Decrescente";"Chuva";"Simples";"Curva";"N�o";1349812;"�nibus";"VOLVO/MPOLO PARADISO R/MPOLO PARADISO R";2011;"Passageiro";"Les�es Leves";39;"Feminino";0;1;0;0;-20,24426377;-42,13615895;"SPRF-MG";"DEL06-MG";"UOP03-DEL06-MG"
755105;1695515;2025-09-23;"ter�a-feira";"01:45:00";"MG";262;48,5;"MANHUACU";"N�o";"Acumulo de �gua sobre o pavimento";1;"Sa�da de leito carro��vel";"Com V�timas Feridas";"Plena Noite";"Decrescente";"Chuva";"Simples";"Curva";"N�o";1349812;"�nibus";"VOLVO/MPOLO PARADISO R/MPOLO PARADISO R";2011;"Passageiro";"Les�es Graves";47;"Feminino";0;0;1;0;-20,24426377;-42,13615895;"SPRF-MG";"DEL06-MG";"UOP03-DEL06-MG"
755105;1695514;2025-09-23;"ter�a-feira";"01:45:00";"MG";262;48,5;"MANHUACU";"N�o";"Acumulo de �gua sobre o pavimento";1;"Sa�da de leito carro��vel";"Com V�timas Feridas";"Plena Noite";"Decrescente";"Chuva";"Simples";"Curva";"N�o";1349812;"�nibus";"VOLVO/MPOLO PARADISO R/MPOLO PARADISO R";2011;"Passageiro";"Les�es Leves";49;"Feminino";0;1;0;0;-20,24426377;-42,13615895;"SPRF-MG";"DEL06-MG";"UOP03-DEL06-MG"
755105;1695513;2025-09-23;"ter�a-feira";"01:45:00";"MG";262;48,5;"MANHUACU";"N�o";"Acumulo de �gua sobre o pavimento";1;"Sa�da de leito carro��vel";"Com V�timas Feridas";"Plena Noite";"Decrescente";"Chuva";"Simples";"Curva";"N�o";1349812;"�nibus";"VOLVO/MPOLO PARADISO R/MPOLO PARADISO R";2011;"Passageiro";"Les�es Leves";21;"Masculino";0;1;0;0;-20,24426377;-42,13615895;"SPRF-MG";"DEL06-MG";"UOP03-DEL06-MG"
755105;1695512;2025-09-23;"ter�a-feira";"01:45:00";"MG";262;48,5;"MANHUACU";"N�o";"Acumulo de �gua sobre o pavimento";1;"Sa�da de leito carro��vel";"Com V�timas Feridas";"Plena Noite";"Decrescente";"Chuva";"Simples";"Curva";"N�o";1349812;"�nibus";"VOLVO/MPOLO PARADISO R/MPOLO PARADISO R";2011;"Passageiro";"Les�es Leves";17;"Feminino";0;1;0;0;-20,24426377;-42,13615895;"SPRF-MG";"DEL06-MG";"UOP03-DEL06-MG"
755105;1695511;2025-09-23;"ter�a-feira";"01:45:00";"MG";262;48,5;"MANHUACU";"N�o";"Acumulo de �gua sobre o pavimento";1;"Sa�da de leito carro��vel";"Com V�timas Feridas";"Plena Noite";"Decrescente";"Chuva";"Simples";"Curva";"N�o";1349812;"�nibus";"VOLVO/MPOLO PARADISO R/MPOLO PARADISO R";2011;"Passageiro";"Les�es Leves";73;"Feminino";0;1;0;0;-20,24426377;-42,13615895;"SPRF-MG";"DEL06-MG";"UOP03-DEL06-MG"
755105;1695510;2025-09-23;"ter�a-feira";"01:45:00";"MG";262;48,5;"MANHUACU";"N�o";"Acumulo de �gua sobre o pavimento";1;"Sa�da de leito carro��vel";"Com V�timas Feridas";"Plena Noite";"Decrescente";"Chuva";"Simples";"Curva";"N�o";1349812;"�nibus";"VOLVO/MPOLO PARADISO R/MPOLO PARADISO R";2011;"Passageiro";"Les�es Leves";58;"Feminino";0;1;0;0;-20,24426377;-42,13615895;"SPRF-MG";"DEL06-MG";"UOP03-DEL06-MG"
755105;1695509;2025-09-23;"ter�a-feira";"01:45:00";"MG";262;48,5;"MANHUACU";"N�o";"Acumulo de �gua sobre o pavimento";1;"Sa�da de leito carro��vel";"Com V�timas Feridas";"Plena Noite";"Decrescente";"Chuva";"Simples";"Curva";"N�o";1349812;"�nibus";"VOLVO/MPOLO PARADISO R/MPOLO PARADISO R";2011;"Condutor";"Ileso";56;"Masculino";1;0;0;0;-20,24426377;-42,13615895;"SPRF-MG";"DEL06-MG";"UOP03-DEL06-MG"
755105;1695508;2025-09-23;"ter�a-feira";"01:45:00";"MG";262;48,5;"MANHUACU";"N�o";"Acumulo de �gua sobre o pavimento";1;"Sa�da de leito carro��vel";"Com V�timas Feridas";"Plena Noite";"Decrescente";"Chuva";"Simples";"Curva";"N�o";1349812;"�nibus";"VOLVO/MPOLO PARADISO R/MPOLO PARADISO R";2011;"Passageiro";"Ileso";22;"Masculino";1;0;0;0;-20,24426377;-42,13615895;"SPRF-MG";"DEL06-MG";"UOP03-DEL06-MG"
755105;1695507;2025-09-23;"ter�a-feira";"01:45:00";"MG";262;48,5;"MANHUACU";"N�o";"Acumulo de �gua sobre o pavimento";1;"Sa�da de leito carro��vel";"Com V�timas Feridas";"Plena Noite";"Decrescente";"Chuva";"Simples";"Curva";"N�o";1349812;"�nibus";"VOLVO/MPOLO PARADISO R/MPOLO PARADISO R";2011;"Passageiro";"Les�es Leves";48;"Masculino";0;1;0;0;-20,24426377;-42,13615895;"SPRF-MG";"DEL06-MG";"UOP03-DEL06-MG"
755105;1695506;2025-09-23;"ter�a-feira";"01:45:00";"MG";262;48,5;"MANHUACU";"N�o";"Acumulo de �gua sobre o pavimento";1;"Sa�da de leito carro��vel";"Com V�timas Feridas";"Plena Noite";"Decrescente";"Chuva";"Simples";"Curva";"N�o";1349812;"�nibus";"VOLVO/MPOLO PARADISO R/MPOLO PARADISO R";2011;"Passageiro";"Les�es Leves";65;"Masculino";0;1;0;0;-20,24426377;-42,13615895;"SPRF-MG";"DEL06-MG";"UOP03-DEL06-MG"
755105;1695505;2025-09-23;"ter�a-feira";"01:45:00";"MG";262;48,5;"MANHUACU";"N�o";"Acumulo de �gua sobre o pavimento";1;"Sa�da de leito carro��vel";"Com V�timas Feridas";"Plena Noite";"Decrescente";"Chuva";"Simples";"Curva";"N�o";1349812;"�nibus";"VOLVO/MPOLO PARADISO R/MPOLO PARADISO R";2011;"Passageiro";"Les�es Leves";50;"Feminino";0;1;0;0;-20,24426377;-42,13615895;"SPRF-MG";"DEL06-MG";"UOP03-DEL06-MG"
755105;1695504;2025-09-23;"ter�a-feira";"01:45:00";"MG";262;48,5;"MANHUACU";"N�o";"Acumulo de �gua sobre o pavimento";1;"Sa�da de leito carro��vel";"Com V�timas Feridas";"Plena Noite";"Decrescente";"Chuva";"Simples";"Curva";"N�o";1349812;"�nibus";"VOLVO/MPOLO PARADISO R/MPOLO PARADISO R";2011;"Passageiro";"Ileso";18;"Feminino";1;0;0;0;-20,24426377;-42,13615895;"SPRF-MG";"DEL06-MG";"UOP03-DEL06-MG"
755105;1695503;2025-09-23;"ter�a-feira";"01:45:00";"MG";262;48,5;"MANHUACU";"N�o";"Acumulo de �gua sobre o pavimento";1;"Sa�da de leito carro��vel";"Com V�timas Feridas";"Plena Noite";"Decrescente";"Chuva";"Simples";"Curva";"N�o";1349812;"�nibus";"VOLVO/MPOLO PARADISO R/MPOLO PARADISO R";2011;"Passageiro";"Ileso";22;"Feminino";1;0;0;0;-20,24426377;-42,13615895;"SPRF-MG";"DEL06-MG";"UOP03-DEL06-MG"
755105;1695502;2025-09-23;"ter�a-feira";"01:45:00";"MG";262;48,5;"MANHUACU";"N�o";"Acumulo de �gua sobre o pavimento";1;"Sa�da de leito carro��vel";"Com V�timas Feridas";"Plena Noite";"Decrescente";"Chuva";"Simples";"Curva";"N�o";1349812;"�nibus";"VOLVO/MPOLO PARADISO R/MPOLO PARADISO R";2011;"Passageiro";"Ileso";27;"Masculino";1;0;0;0;-20,24426377;-42,13615895;"SPRF-MG";"DEL06-MG";"UOP03-DEL06-MG"
755105;1695501;2025-09-23;"ter�a-feira";"01:45:00";"MG";262;48,5;"MANHUACU";"N�o";"Acumulo de �gua sobre o pavimento";1;"Sa�da de leito carro��vel";"Com V�timas Feridas";"Plena Noite";"Decrescente";"Chuva";"Simples";"Curva";"N�o";1349812;"�nibus";"VOLVO/MPOLO PARADISO R/MPOLO PARADISO R";2011;"Passageiro";"Les�es Graves";30;"Masculino";0;0;1;0;-20,24426377;-42,13615895;"SPRF-MG";"DEL06-MG";"UOP03-DEL06-MG"
755105;1695500;2025-09-23;"ter�a-feira";"01:45:00";"MG";262;48,5;"MANHUACU";"N�o";"Acumulo de �gua sobre o pavimento";1;"Sa�da de leito carro��vel";"Com V�timas Feridas";"Plena Noite";"Decrescente";"Chuva";"Simples";"Curva";"N�o";1349812;"�nibus";"VOLVO/MPOLO PARADISO R/MPOLO PARADISO R";2011;"Passageiro";"Ileso";36;"Masculino";1;0;0;0;-20,24426377;-42,13615895;"SPRF-MG";"DEL06-MG";"UOP03-DEL06-MG"
755105;1695499;2025-09-23;"ter�a-feira";"01:45:00";"MG";262;48,5;"MANHUACU";"N�o";"Acumulo de �gua sobre o pavimento";1;"Sa�da de leito carro��vel";"Com V�timas Feridas";"Plena Noite";"Decrescente";"Chuva";"Simples";"Curva";"N�o";1349812;"�nibus";"VOLVO/MPOLO PARADISO R/MPOLO PARADISO R";2011;"Passageiro";"Ileso";48;"Masculino";1;0;0;0;-20,24426377;-42,13615895;"SPRF-MG";"DEL06-MG";"UOP03-DEL06-MG"
755105;1695498;2025-09-23;"ter�a-feira";"01:45:00";"MG";262;48,5;"MANHUACU";"N�o";"Acumulo de �gua sobre o pavimento";1;"Sa�da de leito carro��vel";"Com V�timas Feridas";"Plena Noite";"Decrescente";"Chuva";"Simples";"Curva";"N�o";1349812;"�nibus";"VOLVO/MPOLO PARADISO R/MPOLO PARADISO R";2011;"Passageiro";"Ileso";33;"Masculino";1;0;0;0;-20,24426377;-42,13615895;"SPRF-MG";"DEL06-MG";"UOP03-DEL06-MG"
755105;1695497;2025-09-23;"ter�a-feira";"01:45:00";"MG";262;48,5;"MANHUACU";"N�o";"Acumulo de �gua sobre o pavimento";1;"Sa�da de leito carro��vel";"Com V�timas Feridas";"Plena Noite";"Decrescente";"Chuva";"Simples";"Curva";"N�o";1349812;"�nibus";"VOLVO/MPOLO PARADISO R/MPOLO PARADISO R";2011;"Passageiro";"Les�es Graves";58;"Feminino";0;0;1;0;-20,24426377;-42,13615895;"SPRF-MG";"DEL06-MG";"UOP03-DEL06-MG"
755105;1695496;2025-09-23;"ter�a-feira";"01:45:00";"MG";262;48,5;"MANHUACU";"N�o";"Acumulo de �gua sobre o pavimento";1;"Sa�da de leito carro��vel";"Com V�timas Feridas";"Plena Noite";"Decrescente";"Chuva";"Simples";"Curva";"N�o";1349812;"�nibus";"VOLVO/MPOLO PARADISO R/MPOLO PARADISO R";2011;"Passageiro";"Les�es Graves";20;"Masculino";0;0;1;0;-20,24426377;-42,13615895;"SPRF-MG";"DEL06-MG";"UOP03-DEL06-MG"
755105;1695495;2025-09-23;"ter�a-feira";"01:45:00";"MG";262;48,5;"MANHUACU";"N�o";"Acumulo de �gua sobre o pavimento";1;"Sa�da de leito carro��vel";"Com V�timas Feridas";"Plena Noite";"Decrescente";"Chuva";"Simples";"Curva";"N�o";1349812;"�nibus";"VOLVO/MPOLO PARADISO R/MPOLO PARADISO R";2011;"Passageiro";"Les�es Graves";35;"Masculino";0;0;1;0;-20,24426377;-42,13615895;"SPRF-MG";"DEL06-MG";"UOP03-DEL06-MG"
755105;1695494;2025-09-23;"ter�a-feira";"01:45:00";"MG";262;48,5;"MANHUACU";"N�o";"Acumulo de �gua sobre o pavimento";1;"Sa�da de leito carro��vel";"Com V�timas Feridas";"Plena Noite";"Decrescente";"Chuva";"Simples";"Curva";"N�o";1349812;"�nibus";"VOLVO/MPOLO PARADISO R/MPOLO PARADISO R";2011;"Passageiro";"Les�es Leves";61;"Feminino";0;1;0;0;-20,24426377;-42,13615895;"SPRF-MG";"DEL06-MG";"UOP03-DEL06-MG"
755105;1695493;2025-09-23;"ter�a-feira";"01:45:00";"MG";262;48,5;"MANHUACU";"N�o";"Acumulo de �gua sobre o pavimento";1;"Sa�da de leito carro��vel";"Com V�timas Feridas";"Plena Noite";"Decrescente";"Chuva";"Simples";"Curva";"N�o";1349812;"�nibus";"VOLVO/MPOLO PARADISO R/MPOLO PARADISO R";2011;"Passageiro";"Les�es Graves";22;"Masculino";0;0;1;0;-20,24426377;-42,13615895;"SPRF-MG";"DEL06-MG";"UOP03-DEL06-MG"
755105;1695492;2025-09-23;"ter�a-feira";"01:45:00";"MG";262;48,5;"MANHUACU";"N�o";"Acumulo de �gua sobre o pavimento";1;"Sa�da de leito carro��vel";"Com V�timas Feridas";"Plena Noite";"Decrescente";"Chuva";"Simples";"Curva";"N�o";1349812;"�nibus";"VOLVO/MPOLO PARADISO R/MPOLO PARADISO R";2011;"Passageiro";"Les�es Graves";0;"Masculino";0;0;1;0;-20,24426377;-42,13615895;"SPRF-MG";"DEL06-MG";"UOP03-DEL06-MG"
755105;1695491;2025-09-23;"ter�a-feira";"01:45:00";"MG";262;48,5;"MANHUACU";"N�o";"Acumulo de �gua sobre o pavimento";1;"Sa�da de leito carro��vel";"Com V�timas Feridas";"Plena Noite";"Decrescente";"Chuva";"Simples";"Curva";"N�o";1349812;"�nibus";"VOLVO/MPOLO PARADISO R/MPOLO PARADISO R";2011;"Passageiro";"Les�es Graves";58;"Feminino";0;0;1;0;-20,24426377;-42,13615895;"SPRF-MG";"DEL06-MG";"UOP03-DEL06-MG"
755105;1695490;2025-09-23;"ter�a-feira";"01:45:00";"MG";262;48,5;"MANHUACU";"N�o";"Acumulo de �gua sobre o pavimento";1;"Sa�da de leito carro��vel";"Com V�timas Feridas";"Plena Noite";"Decrescente";"Chuva";"Simples";"Curva";"N�o";1349812;"�nibus";"VOLVO/MPOLO PARADISO R/MPOLO PARADISO R";2011;"Passageiro";"Ileso";25;"Masculino";1;0;0;0;-20,24426377;-42,13615895;"SPRF-MG";"DEL06-MG";"UOP03-DEL06-MG"
755105;1695489;2025-09-23;"ter�a-feira";"01:45:00";"MG";262;48,5;"MANHUACU";"N�o";"Acumulo de �gua sobre o pavimento";1;"Sa�da de leito carro��vel";"Com V�timas Feridas";"Plena Noite";"Decrescente";"Chuva";"Simples";"Curva";"N�o";1349812;"�nibus";"VOLVO/MPOLO PARADISO R/MPOLO PARADISO R";2011;"Passageiro";"Les�es Graves";56;"Feminino";0;0;1;0;-20,24426377;-42,13615895;"SPRF-MG";"DEL06-MG";"UOP03-DEL06-MG"
755105;1695488;2025-09-23;"ter�a-feira";"01:45:00";"MG";262;48,5;"MANHUACU";"N�o";"Acumulo de �gua sobre o pavimento";1;"Sa�da de leito carro��vel";"Com V�timas Feridas";"Plena Noite";"Decrescente";"Chuva";"Simples";"Curva";"N�o";1349812;"�nibus";"VOLVO/MPOLO PARADISO R/MPOLO PARADISO R";2011;"Passageiro";"Les�es Leves";53;"Feminino";0;1;0;0;-20,24426377;-42,13615895;"SPRF-MG";"DEL06-MG";"UOP03-DEL06-MG"
755105;1695487;2025-09-23;"ter�a-feira";"01:45:00";"MG";262;48,5;"MANHUACU";"N�o";"Acumulo de �gua sobre o pavimento";1;"Sa�da de leito carro��vel";"Com V�timas Feridas";"Plena Noite";"Decrescente";"Chuva";"Simples";"Curva";"N�o";1349812;"�nibus";"VOLVO/MPOLO PARADISO R/MPOLO PARADISO R";2011;"Passageiro";"Les�es Graves";77;"Feminino";0;0;1;0;-20,24426377;-42,13615895;"SPRF-MG";"DEL06-MG";"UOP03-DEL06-MG"
755105;1695486;2025-09-23;"ter�a-feira";"01:45:00";"MG";262;48,5;"MANHUACU";"N�o";"Acumulo de �gua sobre o pavimento";1;"Sa�da de leito carro��vel";"Com V�timas Feridas";"Plena Noite";"Decrescente";"Chuva";"Simples";"Curva";"N�o";1349812;"�nibus";"VOLVO/MPOLO PARADISO R/MPOLO PARADISO R";2011;"Passageiro";"Ileso";31;"Feminino";1;0;0;0;-20,24426377;-42,13615895;"SPRF-MG";"DEL06-MG";"UOP03-DEL06-MG"
755105;1695485;2025-09-23;"ter�a-feira";"01:45:00";"MG";262;48,5;"MANHUACU";"N�o";"Acumulo de �gua sobre o pavimento";1;"Sa�da de leito carro��vel";"Com V�timas Feridas";"Plena Noite";"Decrescente";"Chuva";"Simples";"Curva";"N�o";1349812;"�nibus";"VOLVO/MPOLO PARADISO R/MPOLO PARADISO R";2011;"Passageiro";"Ileso";25;"Masculino";1;0;0;0;-20,24426377;-42,13615895;"SPRF-MG";"DEL06-MG";"UOP03-DEL06-MG"
755105;1695484;2025-09-23;"ter�a-feira";"01:45:00";"MG";262;48,5;"MANHUACU";"N�o";"Acumulo de �gua sobre o pavimento";1;"Sa�da de leito carro��vel";"Com V�timas Feridas";"Plena Noite";"Decrescente";"Chuva";"Simples";"Curva";"N�o";1349812;"�nibus";"VOLVO/MPOLO PARADISO R/MPOLO PARADISO R";2011;"Passageiro";"Ileso";14;"Feminino";1;0;0;0;-20,24426377;-42,13615895;"SPRF-MG";"DEL06-MG";"UOP03-DEL06-MG"